tree_size,count,reads,avg_reads,writes,avg_writes,visited,avg_visited,skipped,avg_skipped,gc_pruned,avg_gc_pruned,exposures,avg_exposures
1,10072124,12162500,1.21,12291131,1.22,191228,0.02,15998,0.00,1081,0.00,896,0.00
2,1806769,4036840,2.23,4156400,2.30,2433012,1.35,328182,0.18,7753,0.00,267,0.00
3,3077919,5724542,1.86,4590248,1.49,40929192,13.30,3575363,1.16,52101,0.02,26168,0.01
4,1498825,3675155,2.45,3262586,2.18,26610729,17.75,2734126,1.82,57532,0.04,80884,0.05
5,1099143,2847572,2.59,2473313,2.25,30527275,27.77,2260304,2.06,0,0.00,23059,0.02
6,665785,2033615,3.05,1786744,2.68,21232932,31.89,857779,1.29,0,0.00,6229,0.01
7,416757,1458767,3.50,1163952,2.79,14755468,35.41,1512074,3.63,0,0.00,7848,0.02
8,339744,1356073,3.99,1038783,3.06,22304639,65.65,1142475,3.36,0,0.00,4211,0.01
9,476570,1598917,3.36,1116509,2.34,27942679,58.63,6162916,12.93,0,0.00,59454,0.12
10,316838,1014952,3.20,749742,2.37,22939764,72.40,2031197,6.41,0,0.00,18418,0.06
11,269002,1001383,3.72,772994,2.87,27548268,102.41,1923865,7.15,0,0.00,4167,0.02
12,277893,1119311,4.03,822366,2.96,53181795,191.38,10742879,38.66,245073,0.88,113767,0.41
13,149034,607260,4.07,415214,2.79,17569145,117.89,1332681,8.94,0,0.00,46549,0.31
14,112372,343151,3.05,284393,2.53,15358756,136.68,1464743,13.03,21646,0.19,130942,1.17
15,130605,503785,3.86,279666,2.14,16912799,129.50,1055234,8.08,0,0.00,56535,0.43
16,99927,569872,5.70,355126,3.55,20534018,205.49,2067767,20.69,0,0.00,136608,1.37
17,44629,263764,5.91,183641,4.11,8786738,196.88,873707,19.58,0,0.00,52980,1.19
18,25703,149045,5.80,99221,3.86,4309976,167.68,383951,14.94,0,0.00,15717,0.61
19,47350,213313,4.51,115057,2.43,12196639,257.58,486009,10.26,0,0.00,17692,0.37
20,48086,165939,3.45,116554,2.42,9037557,187.95,595935,12.39,0,0.00,9425,0.20
21,26144,183440,7.02,131335,5.02,6515829,249.23,1226616,46.92,0,0.00,7959,0.30
22,51339,141249,2.75,101830,1.98,10201835,198.72,884105,17.22,0,0.00,5176,0.10
23,117420,643960,5.48,240403,2.05,29000308,246.98,5823645,49.60,0,0.00,4660,0.04
24,65004,283770,4.37,142078,2.19,17216377,264.85,3578489,55.05,0,0.00,4636,0.07
25,21028,99743,4.74,64531,3.07,5397753,256.69,940206,44.71,0,0.00,4038,0.19
26,25391,227049,8.94,131117,5.16,9116109,359.03,2469252,97.25,0,0.00,3090,0.12
27,63969,429523,6.71,178590,2.79,29693564,464.19,5446034,85.14,0,0.00,255934,4.00
28,32393,254854,7.87,120222,3.71,14024776,432.96,2523895,77.91,0,0.00,92117,2.84
29,11479,98941,8.62,54658,4.76,4530406,394.67,872275,75.99,0,0.00,19119,1.67
30,24168,222085,9.19,63913,2.64,10850886,448.98,2259568,93.49,0,0.00,37154,1.54
31,30761,424924,13.81,263339,8.56,16994184,552.46,7041223,228.90,0,0.00,19412,0.63
32,41886,456542,10.90,236323,5.64,27127217,647.64,7155541,170.83,0,0.00,11192,0.27
33,15756,175190,11.12,89774,5.70,9487452,602.15,2274829,144.38,0,0.00,8450,0.54
34,9716,112321,11.56,51927,5.34,5478459,563.86,1414665,145.60,0,0.00,5160,0.53
35,11375,117189,10.30,51517,4.53,5906675,519.27,1795098,157.81,0,0.00,8240,0.72
36,22317,356829,15.99,251029,11.25,10498132,470.41,3986738,178.64,0,0.00,7414,0.33
37,10274,146751,14.28,66693,6.49,6366324,619.65,2353489,229.07,0,0.00,4611,0.45
38,30298,127211,4.20,53139,1.75,27456700,906.22,1455254,48.03,0,0.00,4020,0.13
39,11825,87203,7.37,43134,3.65,9928817,839.65,1054148,89.15,0,0.00,5135,0.43
40,5868,68385,11.65,26841,4.57,4429867,754.92,865231,147.45,0,0.00,2957,0.50
41,9602,155558,16.20,94374,9.83,8118370,845.49,3422905,356.48,0,0.00,2047,0.21
42,5721,82959,14.50,39594,6.92,4740895,828.68,1461464,255.46,0,0.00,2501,0.44
43,3293,42931,13.04,18006,5.47,2617531,794.88,624614,189.68,0,0.00,1545,0.47
44,3321,48203,14.51,18740,5.64,2770117,834.12,742377,223.54,0,0.00,1154,0.35
45,2337,36312,15.54,13048,5.58,1791164,766.44,575895,246.42,0,0.00,683,0.29
46,6597,131545,19.94,71600,10.85,5873211,890.29,3305155,501.01,0,0.00,1008,0.15
47,3297,60493,18.35,28353,8.60,2812643,853.09,1313931,398.52,0,0.00,744,0.23
48,2124,38766,18.25,14905,7.02,1780127,838.10,529160,249.13,0,0.00,717,0.34
49,26068,108922,4.18,36901,1.42,25873898,992.55,1397861,53.62,0,0.00,714,0.03
50,8553,55238,6.46,24150,2.82,8438972,986.67,660675,77.24,0,0.00,1400,0.16
51,4425,86385,19.52,48921,11.06,4506031,1018.31,2428023,548.71,0,0.00,847,0.19
52,27935,312208,11.18,47795,1.71,18253613,653.43,3182877,113.94,0,0.00,522,0.02
53,9244,115752,12.52,25622,2.77,6288851,680.32,1189170,128.64,0,0.00,425,0.05
54,2760,37900,13.73,14111,5.11,2303520,834.61,543553,196.94,0,0.00,1807,0.65
55,4059,59948,14.77,17180,4.23,3076448,757.93,884728,217.97,0,0.00,921,0.23
56,2901,61199,21.10,31233,10.77,2683512,925.03,1607739,554.20,0,0.00,278,0.10
57,1804,33508,18.57,14935,8.28,1592653,882.85,687992,381.37,0,0.00,877,0.49
58,1199,17943,14.96,7241,6.04,1104202,920.94,294612,245.71,0,0.00,589,0.49
59,906,15847,17.49,6679,7.37,845868,933.63,296566,327.34,0,0.00,527,0.58
60,34415,134622,3.91,58398,1.70,31228890,907.42,6212392,180.51,0,0.00,310,0.01
61,10956,58543,5.34,29887,2.73,10156567,927.03,2141455,195.46,0,0.00,913,0.08
62,37876,303821,8.02,45773,1.21,34651316,914.86,6351175,167.68,0,0.00,71845,1.90
63,17951,154474,8.61,43807,2.44,16455993,916.72,3072753,171.17,0,0.00,28929,1.61
64,5442,58046,10.67,23638,4.34,5073186,932.23,1219333,224.06,0,0.00,6162,1.13
65,31522,177456,5.63,48841,1.55,22283802,706.93,3888116,123.35,788,0.02,12363,0.39
66,11177,85282,7.63,32768,2.93,8295960,742.23,1478061,132.24,240,0.02,6613,0.59
67,3569,36761,10.30,14632,4.10,2994543,839.04,588580,164.91,0,0.00,3614,1.01
68,4052,37956,9.37,15033,3.71,3180766,784.99,576645,142.31,44,0.01,2701,0.67
69,2372,26470,11.16,11010,4.64,1965515,828.63,416807,175.72,322,0.14,1791,0.76
70,1771,18052,10.19,7641,4.31,1510121,852.69,293279,165.60,122,0.07,1144,0.65
71,1573,17067,10.85,6731,4.28,1411411,897.27,272583,173.29,0,0.00,1567,1.00
72,1230,14355,11.67,6361,5.17,1164827,947.01,240488,195.52,68,0.06,1318,1.07
73,1324,20616,15.57,8218,6.21,1342280,1013.81,493835,372.99,90,0.07,947,0.72
74,1307,16759,12.82,6311,4.83,1244419,952.12,323257,247.33,0,0.00,2094,1.60
75,837,11219,13.40,4020,4.80,791333,945.44,204515,244.34,0,0.00,1039,1.24
76,7997,126553,15.83,18245,2.28,14052320,1757.20,3614433,451.97,237,0.03,37600,4.70
77,2654,42936,16.18,9439,3.56,4329417,1631.28,1122930,423.11,121,0.05,11224,4.23
78,1273,16855,13.24,7636,6.00,2320482,1822.85,531556,417.56,15644,12.29,4846,3.81
79,1206,18453,15.30,5886,4.88,2075606,1721.07,525302,435.57,8455,7.01,4950,4.10
80,639,10310,16.13,3481,5.45,969178,1516.71,251388,393.41,2231,3.49,2134,3.34
81,800,10343,12.93,4651,5.81,1267385,1584.23,263501,329.38,5007,6.26,3198,4.00
82,1366,29943,21.92,11667,8.54,1871382,1369.97,1021793,748.02,3330,2.44,1698,1.24
83,668,14114,21.13,5741,8.59,906902,1357.64,458759,686.76,1526,2.28,832,1.25
84,767,24116,31.44,9571,12.48,802868,1046.76,244372,318.61,2289,2.98,949,1.24
85,728,11298,15.52,4752,6.53,1102696,1514.69,339568,466.44,1995,2.74,2501,3.44
86,387,6306,16.29,2711,7.01,574853,1485.41,167079,431.73,906,2.34,1279,3.30
87,385,7219,18.75,2405,6.25,672619,1747.06,203286,528.02,834,2.17,966,2.51
88,343,5768,16.82,2350,6.85,479638,1398.36,140829,410.58,698,2.03,876,2.55
89,429,7383,17.21,2264,5.28,595397,1387.87,179801,419.12,431,1.00,2140,4.99
90,339,6056,17.86,1861,5.49,531933,1569.12,169775,500.81,390,1.15,1581,4.66
91,488,12457,25.53,4635,9.50,710361,1455.66,479745,983.08,864,1.77,664,1.36
92,336,7453,22.18,2924,8.70,483232,1438.19,198820,591.73,168,0.50,962,2.86
93,206,4816,23.38,1725,8.37,295069,1432.37,148646,721.58,776,3.77,636,3.09
94,176,3904,22.18,1411,8.02,274281,1558.41,125504,713.09,510,2.90,406,2.31
95,158,3720,23.54,1287,8.15,237955,1506.04,137051,867.41,422,2.67,353,2.23
96,137,4005,29.23,2179,15.91,169735,1238.94,79470,580.07,603,4.40,318,2.32
97,2706,62063,22.94,3272,1.21,5526154,2042.19,2602158,961.63,15299,5.65,153,0.06
98,868,20690,23.84,2475,2.85,1740133,2004.76,822276,947.32,4113,4.74,182,0.21
99,204,4955,24.29,1106,5.42,367051,1799.27,188152,922.31,732,3.59,230,1.13
100,1216,95627,78.64,131259,107.94,741690,609.94,462469,380.32,1665,1.37,344,0.28
101,701,107732,153.68,55295,78.88,426252,608.06,497210,709.29,1392,1.99,174,0.25
102,269,32824,122.02,14794,55.00,300898,1118.58,264200,982.16,647,2.41,235,0.87
103,236,14784,62.64,12055,51.08,280272,1187.59,289550,1226.91,728,3.08,198,0.84
104,206,15092,73.26,9155,44.44,274048,1330.33,208134,1010.36,376,1.83,461,2.24
105,144,8152,56.61,4050,28.12,172341,1196.81,332849,2311.45,774,5.38,179,1.24
106,135,8426,62.41,4295,31.81,184230,1364.67,245201,1816.30,222,1.64,74,0.55
107,173,6767,39.12,2004,11.58,279772,1617.18,361687,2090.68,1594,9.21,116,0.67
108,319,15895,49.83,7355,23.06,320145,1003.59,250262,784.52,877,2.75,140,0.44
109,137,5698,41.59,1825,13.32,195535,1427.26,300769,2195.39,569,4.15,99,0.72
110,95,4745,49.95,2883,30.35,138250,1455.26,200022,2105.49,482,5.07,101,1.06
111,139,5968,42.94,2435,17.52,184732,1329.01,326567,2349.40,813,5.85,111,0.80
112,118,5574,47.24,2114,17.92,162606,1378.02,201332,1706.20,443,3.75,121,1.03
113,81,4128,50.96,852,10.52,117471,1450.26,256050,3161.11,631,7.79,69,0.85
114,107,3674,34.34,1416,13.23,153160,1431.40,160702,1501.89,229,2.14,143,1.34
115,105,5312,50.59,2172,20.69,135709,1292.47,332284,3164.61,576,5.49,124,1.18
116,74,4333,58.55,1032,13.95,171450,2316.89,210693,2847.20,292,3.95,71,0.96
117,98,4159,42.44,422,4.31,132516,1352.20,404316,4125.67,509,5.19,140,1.43
118,70,3469,49.56,831,11.87,125243,1789.19,172153,2459.33,173,2.47,297,4.24
119,69,3800,55.07,534,7.74,85992,1246.26,324136,4697.62,352,5.10,83,1.20
120,101,4270,42.28,1648,16.32,151919,1504.15,211069,2089.79,304,3.01,94,0.93
121,87,4638,53.31,684,7.86,120060,1380.00,395288,4543.54,840,9.66,113,1.30
122,79,2420,30.63,536,6.78,122573,1551.56,184199,2331.63,772,9.77,138,1.75
123,82,3667,44.72,970,11.83,107744,1313.95,325143,3965.16,344,4.20,68,0.83
124,177,4937,27.89,902,5.10,290854,1643.24,240471,1358.59,717,4.05,563,3.18
125,157,4892,31.16,935,5.96,262152,1669.76,393996,2509.53,740,4.71,336,2.14
126,143,3277,22.92,877,6.13,133854,936.04,299362,2093.44,371,2.59,64,0.45
127,139,5102,36.71,658,4.73,240286,1728.68,411920,2963.45,1665,11.98,172,1.24
128,74,3004,40.59,1385,18.72,129484,1749.78,223681,3022.72,766,10.35,171,2.31
129,156,35390,226.86,11381,72.96,93929,602.11,384202,2462.83,804,5.15,63,0.40
130,135,30181,223.56,9830,72.81,112073,830.17,247706,1834.86,463,3.43,89,0.66
131,348,24975,71.77,5481,15.75,904501,2599.14,870928,2502.67,1709,4.91,56,0.16
132,381,32559,85.46,18610,48.85,634109,1664.33,362664,951.87,396,1.04,170,0.45
133,95,14711,154.85,4184,44.04,111480,1173.47,363628,3827.66,658,6.93,70,0.74
134,82,13532,165.02,4895,59.70,103688,1264.49,251820,3070.98,262,3.20,48,0.59
135,112,12990,115.98,3301,29.47,156866,1400.59,469237,4189.62,1327,11.85,59,0.53
136,78,9053,116.06,2560,32.82,116050,1487.82,303742,3894.13,702,9.00,100,1.28
137,78,8217,105.35,1820,23.33,94460,1211.03,440028,5641.38,861,11.04,22,0.28
138,56,6364,113.64,1675,29.91,85643,1529.34,201876,3604.93,779,13.91,99,1.77
139,67,5512,82.27,1184,17.67,78014,1164.39,449856,6714.27,726,10.84,26,0.39
140,65,4995,76.85,1203,18.51,118030,1815.85,301312,4635.57,888,13.66,104,1.60
141,85,7197,84.67,1333,15.68,134341,1580.48,521910,6140.12,1013,11.92,114,1.34
142,50,3976,79.52,792,15.84,92703,1854.06,244889,4897.78,385,7.70,33,0.66
143,73,5594,76.63,729,9.99,114034,1562.11,489310,6702.88,999,13.68,25,0.34
144,53,5262,99.28,2260,42.64,51490,971.51,277123,5228.74,350,6.60,2,0.04
145,70,4575,65.36,743,10.61,135709,1938.70,440367,6290.96,885,12.64,77,1.10
146,38,2527,66.50,380,10.00,75227,1979.66,248604,6542.21,172,4.53,110,2.89
147,70,6115,87.36,877,12.53,102059,1457.99,498778,7125.40,1585,22.64,185,2.64
148,41,3462,84.44,594,14.49,49474,1206.68,313258,7640.44,194,4.73,9,0.22
149,61,4590,75.25,1106,18.13,83501,1368.87,443095,7263.85,1320,21.64,55,0.90
150,48,3065,63.85,537,11.19,107261,2234.60,285126,5940.12,1031,21.48,74,1.54
151,80,5703,71.29,748,9.35,159830,1997.88,637247,7965.59,601,7.51,41,0.51
152,5220,12872,2.47,10678,2.05,15015270,2876.49,1849730,354.35,161929,31.02,67448,12.92
153,1404,8882,6.33,4691,3.34,3955775,2817.50,1011868,720.70,42231,30.08,17467,12.44
154,237,3402,14.35,1247,5.26,636823,2687.02,333532,1407.31,6981,29.46,2668,11.26
155,458,5959,13.01,2403,5.25,1262497,2756.54,613637,1339.82,12554,27.41,5168,11.28
156,259,6714,25.92,2783,10.75,643405,2484.19,459913,1775.73,6698,25.86,2371,9.15
157,223,5270,23.63,1036,4.65,566230,2539.15,606331,2718.97,4887,21.91,2194,9.84
158,913,6176,6.76,2405,2.63,2603258,2851.32,730554,800.17,25200,27.60,11082,12.14
159,231,5253,22.74,901,3.90,599137,2593.67,643019,2783.63,6369,27.57,2136,9.25
160,114,3356,29.44,955,8.38,311840,2735.44,435312,3818.53,2295,20.13,915,8.03
161,170,7265,42.74,1992,11.72,383439,2255.52,773252,4548.54,3673,21.61,1335,7.85
162,97,3953,40.75,670,6.91,214486,2211.20,431072,4444.04,2123,21.89,691,7.12
163,95,4803,50.56,489,5.15,185725,1955.00,623207,6560.07,2605,27.42,497,5.23
164,641,4074,6.36,1711,2.67,1815590,2832.43,493496,769.88,20624,32.17,7973,12.44
165,191,5360,28.06,1121,5.87,472273,2472.63,744021,3895.40,5334,27.93,1624,8.50
166,69,2898,42.00,649,9.41,178856,2592.12,359232,5206.26,1136,16.46,460,6.67
167,110,4893,44.48,328,2.98,222635,2023.95,715220,6502.00,2797,25.43,706,6.42
168,112,5130,45.80,2107,18.81,159141,1420.90,438127,3911.85,2285,20.40,351,3.13
169,79,5583,70.67,595,7.53,153517,1943.25,639671,8097.10,2322,29.39,240,3.04
170,153,2749,17.97,694,4.54,417845,2731.01,377814,2469.37,4898,32.01,1563,10.22
171,110,6619,60.17,912,8.29,210007,1909.15,926842,8425.84,2889,26.26,396,3.60
172,53,2937,55.42,448,8.45,122865,2318.21,295701,5579.26,1593,30.06,242,4.57
173,82,6100,74.39,264,3.22,116875,1425.30,951167,11599.60,2424,29.56,128,1.56
174,140,2857,20.41,915,6.54,716537,5118.12,353478,2524.84,10838,77.41,324,2.31
175,117,4832,41.30,940,8.03,423150,3616.67,707239,6044.78,4520,38.63,323,2.76
176,89,3310,37.19,590,6.63,242800,2728.09,454378,5105.37,2523,28.35,627,7.04
177,78,5827,74.71,262,3.36,130513,1673.24,850279,10901.01,2965,38.01,111,1.42
178,39,2792,71.59,217,5.56,73578,1886.62,390373,10009.56,961,24.64,76,1.95
179,64,4675,73.05,145,2.27,105897,1654.64,717732,11214.56,1337,20.89,186,2.91
180,71,5573,78.49,2674,37.66,151361,2131.85,346172,4875.66,1461,20.58,157,2.21
181,57,4512,79.16,349,6.12,110238,1934.00,731533,12833.91,1031,18.09,74,1.30
182,67,2508,37.43,266,3.97,161421,2409.27,378935,5655.75,2595,38.73,523,7.81
183,75,5747,76.63,945,12.60,148972,1986.29,738700,9849.33,3203,42.71,195,2.60
184,37,2646,71.51,225,6.08,73933,1998.19,405561,10961.11,998,26.97,85,2.30
185,70,5091,72.73,611,8.73,174197,2488.53,751830,10740.43,1979,28.27,182,2.60
186,31,1970,63.55,337,10.87,80377,2592.81,330714,10668.19,615,19.84,92,2.97
187,54,4821,89.28,130,2.41,80303,1487.09,794555,14713.98,892,16.52,34,0.63
188,43,2414,56.14,245,5.70,96298,2239.49,353001,8209.33,1277,29.70,200,4.65
189,57,5090,89.30,289,5.07,113898,1998.21,797124,13984.63,1747,30.65,39,0.68
190,23824,145520,6.11,143256,6.01,112129293,4706.57,58457689,2453.73,3261799,136.91,166531,6.99
191,7305,61276,8.39,52765,7.22,34288823,4693.88,18894242,2586.48,972210,133.09,50602,6.93
192,25157,205267,8.16,131570,5.23,124794878,4960.64,28388546,1128.46,1222101,48.58,247685,9.85
193,9383,90330,9.63,60951,6.50,45780599,4879.10,13861497,1477.30,610263,65.04,86675,9.24
194,2199,23675,10.77,16810,7.64,10694783,4863.48,4246582,1931.14,179365,81.57,18687,8.50
195,3058,37422,12.24,21190,6.93,14835254,4851.29,5454036,1783.53,197292,64.52,27680,9.05
196,1512,22977,15.20,14178,9.38,7446945,4925.23,3342755,2210.82,101564,67.17,13116,8.67
197,1148,25023,21.80,10582,9.22,5401492,4705.13,3340343,2909.71,74160,64.60,9628,8.39
198,731,10338,14.14,6450,8.82,3644841,4986.10,1397889,1912.30,51027,69.80,6421,8.78
199,708,13528,19.11,6434,9.09,3376235,4768.69,2070054,2923.81,61883,87.41,5534,7.82
200,595,50523,84.91,21972,36.93,2456839,4129.14,1445604,2429.59,42425,71.30,4076,6.85
201,628,19589,31.19,9671,15.40,2954750,4705.02,1242489,1978.49,44957,71.59,5236,8.34
202,446,8411,18.86,4741,10.63,2201683,4936.51,1113284,2496.15,35444,79.47,3743,8.39
203,320,6568,20.52,3846,12.02,1567631,4898.85,565062,1765.82,22376,69.92,2790,8.72
204,422,9535,22.59,5585,13.23,1798926,4262.86,678756,1608.43,22748,53.91,3902,9.25
205,242,3716,15.36,2646,10.93,1218319,5034.38,495783,2048.69,20030,82.77,2005,8.29
206,193,4587,23.77,2573,13.33,968918,5020.30,547830,2838.50,15506,80.34,1563,8.10
207,164,3184,19.41,2113,12.88,821568,5009.56,347951,2121.65,9490,57.87,1498,9.13
208,124,2164,17.45,1456,11.74,617651,4981.06,247163,1993.25,8393,67.69,1152,9.29
209,99,2521,25.46,1444,14.59,498616,5036.53,284044,2869.13,8064,81.45,820,8.28
210,78,1203,15.42,1115,14.29,422338,5414.59,213352,2735.28,6478,83.05,619,7.94
211,72,1153,16.01,953,13.24,386263,5364.76,160962,2235.58,4400,61.11,592,8.22
212,118,2505,21.23,1445,12.25,578534,4902.83,308201,2611.87,10527,89.21,945,8.01
213,123,2092,17.01,1434,11.66,628035,5105.98,333447,2710.95,13889,112.92,873,7.10
214,100,1115,11.15,846,8.46,510513,5105.13,194912,1949.12,8177,81.77,886,8.86
215,113,1524,13.49,1253,11.09,615011,5442.58,174808,1546.97,5565,49.25,1003,8.88
216,61,1478,24.23,1013,16.61,336522,5516.75,99848,1636.85,3279,53.75,518,8.49
217,71,1109,15.62,776,10.93,379222,5341.15,189758,2672.65,6714,94.56,730,10.28
218,47,1169,24.87,660,14.04,233537,4968.87,129573,2756.87,3229,68.70,408,8.68
219,65,1580,24.31,783,12.05,341854,5259.29,139676,2148.86,3543,54.51,800,12.31
220,51,720,14.12,853,16.73,286805,5623.63,126208,2474.67,3973,77.90,453,8.88
221,44,1053,23.93,896,20.36,261477,5942.66,124669,2833.39,3783,85.98,343,7.80
222,50,1186,23.72,546,10.92,277973,5559.46,130730,2614.60,3965,79.30,342,6.84
223,55,1909,34.71,1094,19.89,297871,5415.84,129928,2362.33,3798,69.05,388,7.05
224,38,1075,28.29,701,18.45,200413,5274.03,86443,2274.82,2537,66.76,348,9.16
225,52,1225,23.56,923,17.75,349938,6729.58,145556,2799.15,2786,53.58,406,7.81
226,45,1840,40.89,853,18.96,330859,7352.42,97010,2155.78,1508,33.51,163,3.62
227,24,1212,50.50,596,24.83,127156,5298.17,72991,3041.29,914,38.08,158,6.58
228,82,4422,53.93,2700,32.93,354829,4327.18,120026,1463.73,3266,39.83,402,4.90
229,31,822,26.52,529,17.06,178637,5762.48,72038,2323.81,1759,56.74,214,6.90
230,39,498,12.77,653,16.74,254113,6515.72,98918,2536.36,2103,53.92,332,8.51
231,28,689,24.61,681,24.32,191372,6834.71,91095,3253.39,1675,59.82,214,7.64
232,10,194,19.40,191,19.10,58378,5837.80,27824,2782.40,1036,103.60,75,7.50
233,20,829,41.45,509,25.45,119388,5969.40,82261,4113.05,1224,61.20,179,8.95
234,36,756,21.00,667,18.53,227619,6322.75,63469,1763.03,3891,108.08,124,3.44
235,28,1341,47.89,918,32.79,205932,7354.71,122621,4379.32,475,16.96,86,3.07
236,19,250,13.16,341,17.95,135986,7157.16,49717,2616.68,1293,68.05,157,8.26
237,15,664,44.27,470,31.33,91696,6113.07,85029,5668.60,1187,79.13,93,6.20
238,26,957,36.81,551,21.19,169561,6521.58,109433,4208.96,748,28.77,119,4.58
239,33,569,17.24,275,8.33,190571,5774.88,90943,2755.85,3879,117.55,231,7.00
240,37,943,25.49,1213,32.78,271047,7325.59,147695,3991.76,1607,43.43,191,5.16
241,38,605,15.92,488,12.84,251122,6608.47,78382,2062.68,1855,48.82,303,7.97
242,31,697,22.48,280,9.03,147690,4764.19,95054,3066.26,2333,75.26,341,11.00
243,17,327,19.24,170,10.00,85166,5009.76,35437,2084.53,1808,106.35,159,9.35
244,21,540,25.71,536,25.52,121487,5785.10,41884,1994.48,1244,59.24,165,7.86
245,21,158,7.52,691,32.90,199180,9484.76,99768,4750.86,479,22.81,142,6.76
246,15,399,26.60,307,20.47,92294,6152.93,51143,3409.53,826,55.07,67,4.47
247,15,301,20.07,252,16.80,116765,7784.33,31258,2083.87,1052,70.13,59,3.93
248,8,171,21.38,227,28.38,49128,6141.00,34186,4273.25,669,83.62,75,9.38
249,4,217,54.25,111,27.75,20287,5071.75,11456,2864.00,203,50.75,18,4.50
250,37,252,6.81,735,19.86,295112,7976.00,143235,3871.22,3109,84.03,223,6.03
251,17,435,25.59,472,27.76,127212,7483.06,63374,3727.88,982,57.76,97,5.71
252,72,3091,42.93,1505,20.90,369218,5128.03,143364,1991.17,3975,55.21,487,6.76
253,29,916,31.59,654,22.55,187418,6462.69,106179,3661.34,2112,72.83,205,7.07
254,34,785,23.09,344,10.12,217941,6410.03,72551,2133.85,1461,42.97,303,8.91
255,51,1282,25.14,885,17.35,333161,6532.57,185749,3642.14,4398,86.24,287,5.63
256,25,1026,41.04,2647,105.88,157579,6303.16,117136,4685.44,2006,80.24,145,5.80
257,75,37274,496.99,12438,165.84,153282,2043.76,79511,1060.15,1389,18.52,228,3.04
258,59,32579,552.19,11901,201.71,98954,1677.19,75585,1281.10,516,8.75,71,1.20
259,22,10298,468.09,3586,163.00,71078,3230.82,52133,2369.68,389,17.68,43,1.95
260,75,23129,308.39,9868,131.57,262812,3504.16,236039,3147.19,2226,29.68,751,10.01
261,46,14070,305.87,5118,111.26,189435,4118.15,78915,1715.54,996,21.65,480,10.43
262,26,8770,337.31,3035,116.73,81438,3132.23,37614,1446.69,1094,42.08,219,8.42
263,26,7324,281.69,2620,100.77,107035,4116.73,55645,2140.19,365,14.04,240,9.23
264,36,9490,263.61,4361,121.14,111597,3099.92,74039,2056.64,775,21.53,366,10.17
265,27,4417,163.59,2994,110.89,174043,6446.04,93137,3449.52,1263,46.78,196,7.26
266,23,2804,121.91,1233,53.61,145468,6324.70,95039,4132.13,1499,65.17,253,11.00
267,14,1440,102.86,1409,100.64,62893,4492.36,44422,3173.00,474,33.86,176,12.57
268,17,2696,158.59,740,43.53,95204,5600.24,83933,4937.24,920,54.12,125,7.35
269,9,2449,272.11,902,100.22,36225,4025.00,16680,1853.33,49,5.44,108,12.00
270,20,552,27.60,485,24.25,158666,7933.30,91024,4551.20,768,38.40,137,6.85
271,18,1526,84.78,729,40.50,154068,8559.33,102951,5719.50,751,41.72,127,7.06
272,21,2663,126.81,1050,50.00,109136,5196.95,48106,2290.76,537,25.57,191,9.10
273,10,1302,130.20,266,26.60,65041,6504.10,92501,9250.10,725,72.50,86,8.60
274,9,367,40.78,314,34.89,80666,8962.89,56859,6317.67,138,15.33,45,5.00
275,52,708,13.62,2436,46.85,645266,12408.96,360140,6925.77,1520,29.23,245,4.71
276,67,8562,127.79,6703,100.04,393609,5874.76,218100,3255.22,1177,17.57,133,1.99
277,6,793,132.17,479,79.83,47175,7862.50,25698,4283.00,370,61.67,45,7.50
278,43,2148,49.95,885,20.58,231686,5388.05,112289,2611.37,1520,35.35,922,21.44
279,21,77,3.67,270,12.86,128273,6108.24,53530,2549.05,867,41.29,479,22.81
280,35,55,1.57,1629,46.54,445250,12721.43,245846,7024.17,1553,44.37,263,7.51
281,45,1178,26.18,1655,36.78,394623,8769.40,203934,4531.87,2212,49.16,576,12.80
282,18,98,5.44,432,24.00,159797,8877.61,75285,4182.50,610,33.89,313,17.39
283,7,224,32.00,282,40.29,68335,9762.14,35130,5018.57,0,0.00,69,9.86
284,16,122,7.62,313,19.56,121700,7606.25,52336,3271.00,462,28.88,264,16.50
285,48,87,1.81,2306,48.04,642828,13392.25,352386,7341.38,1827,38.06,348,7.25
286,34,618,18.18,1348,39.65,393247,11566.09,223043,6560.09,1370,40.29,160,4.71
287,21,631,30.05,466,22.19,174786,8323.14,103873,4946.33,1000,47.62,171,8.14
288,37,2095,56.62,1030,27.84,222326,6008.81,74384,2010.38,437,11.81,49,1.32
289,10,1155,115.50,454,45.40,68794,6879.40,34029,3402.90,465,46.50,61,6.10
290,45,938,20.84,2270,50.44,567383,12608.51,311539,6923.09,2310,51.33,362,8.04
291,18,446,24.78,852,47.33,226113,12561.83,168996,9388.67,916,50.89,104,5.78
292,21,1982,94.38,834,39.71,155967,7427.00,102380,4875.24,635,30.24,48,2.29
293,10,55,5.50,421,42.10,128142,12814.20,66273,6627.30,397,39.70,88,8.80
294,7,24,3.43,341,48.71,92300,13185.71,49804,7114.86,476,68.00,31,4.43
295,45,655,14.56,2254,50.09,642653,14281.18,366979,8155.09,2039,45.31,229,5.09
296,61,155,2.54,1331,21.82,509780,8357.05,251843,4128.57,2603,42.67,1207,19.79
297,19,66,3.47,337,17.74,128680,6772.63,60177,3167.21,1012,53.26,373,19.63
298,16,348,21.75,513,32.06,122523,7657.69,95955,5997.19,1071,66.94,209,13.06
299,19,454,23.89,458,24.11,107445,5655.00,39006,2052.95,332,17.47,469,24.68
300,68,2935,43.16,3913,57.54,819361,12049.43,454962,6690.62,3027,44.51,306,4.50
301,24,106,4.42,1006,41.92,395983,16499.29,155465,6477.71,2235,93.12,88,3.67
302,19,565,29.74,647,34.05,211251,11118.47,123236,6486.11,1667,87.74,49,2.58
303,12,724,60.33,474,39.50,124991,10415.92,96914,8076.17,0,0.00,44,3.67
304,1,4,4.00,58,58.00,18140,18140.00,9801,9801.00,0,0.00,5,5.00
305,47,410,8.72,2464,52.43,741865,15784.36,414944,8828.60,1534,32.64,266,5.66
306,21,172,8.19,1152,54.86,305380,14541.90,185213,8819.67,1275,60.71,124,5.90
307,14,153,10.93,380,27.14,154087,11006.21,54764,3911.71,1411,100.79,69,4.93
308,10,115,11.50,361,36.10,112395,11239.50,55340,5534.00,644,64.40,85,8.50
309,6,329,54.83,253,42.17,62351,10391.83,52014,8669.00,120,20.00,15,2.50
310,117,1129,9.65,2887,24.68,1576045,13470.47,491359,4199.65,18867,161.26,301,2.57
311,56,1087,19.41,1804,32.21,746301,13326.80,295817,5282.45,7469,133.38,164,2.93
312,24,884,36.83,800,33.33,281216,11717.33,107324,4471.83,1613,67.21,115,4.79
313,21,423,20.14,686,32.67,276334,13158.76,102411,4876.71,2801,133.38,51,2.43
314,52,229,4.40,269,5.17,277880,5343.85,114342,2198.88,3223,61.98,1355,26.06
315,94,1313,13.97,3492,37.15,1104877,11754.01,622735,6624.84,5177,55.07,1282,13.64
316,23,98,4.26,1012,44.00,318103,13830.57,165320,7187.83,1436,62.43,233,10.13
317,24,1300,54.17,758,31.58,159409,6642.04,106990,4457.92,377,15.71,547,22.79
318,28,853,30.46,608,21.71,249166,8898.79,155691,5560.39,1015,36.25,298,10.64
319,11,1144,104.00,555,50.45,109484,9953.09,62192,5653.82,267,24.27,79,7.18
320,50,975,19.50,2955,59.10,768790,15375.80,439510,8790.20,2955,59.10,313,6.26
321,27,79,2.93,1316,48.74,427639,15838.48,229638,8505.11,1011,37.44,261,9.67
322,8,80,10.00,210,26.25,90778,11347.25,31938,3992.25,899,112.38,79,9.88
323,11,479,43.55,474,43.09,119464,10860.36,52429,4766.27,1481,134.64,93,8.45
324,52,3990,76.73,2153,41.40,381293,7332.56,116967,2249.37,913,17.56,142,2.73
325,61,955,15.66,3408,55.87,1024463,16794.48,553166,9068.30,2503,41.03,348,5.70
326,25,328,13.12,1155,46.20,395293,15811.72,213373,8534.92,739,29.56,198,7.92
327,2,17,8.50,73,36.50,26025,13012.50,13035,6517.50,0,0.00,39,19.50
328,11,531,48.27,630,57.27,149861,13623.73,98957,8996.09,480,43.64,50,4.55
329,9,143,15.89,492,54.67,147588,16398.67,85492,9499.11,285,31.67,64,7.11
330,51,329,6.45,2876,56.39,932072,18275.92,521671,10228.84,2532,49.65,253,4.96
331,17,69,4.06,985,57.94,289172,17010.12,156421,9201.24,1507,88.65,77,4.53
332,67,691,10.31,972,14.51,491141,7330.46,236197,3525.33,6696,99.94,1702,25.40
333,50,168,3.36,648,12.96,360834,7216.68,184554,3691.08,4908,98.16,1424,28.48
334,19,571,30.05,399,21.00,181950,9576.32,110377,5809.32,1768,93.05,247,13.00
335,57,1641,28.79,2834,49.72,789338,13848.04,492404,8638.67,4559,79.98,388,6.81
336,39,807,20.69,1696,43.49,544633,13964.95,258824,6636.51,2423,62.13,377,9.67
337,31,640,20.65,876,28.26,370070,11937.74,148067,4776.35,3575,115.32,180,5.81
338,16,153,9.56,487,30.44,199180,12448.75,91449,5715.56,924,57.75,236,14.75
339,57,4743,83.21,1592,27.93,697046,12228.88,184254,3232.53,998,17.51,108,1.89
340,48,865,18.02,2840,59.17,811769,16911.85,446780,9307.92,3712,77.33,396,8.25
341,31,486,15.68,1648,53.16,504930,16288.06,281747,9088.61,1673,53.97,283,9.13
342,16,97,6.06,486,30.38,194601,12162.56,94294,5893.38,1511,94.44,235,14.69
343,12,412,34.33,590,49.17,152531,12710.92,87805,7317.08,483,40.25,106,8.83
344,14,186,13.29,401,28.64,167854,11989.57,82686,5906.14,635,45.36,246,17.57
345,56,951,16.98,3090,55.18,943555,16849.20,602214,10753.82,4274,76.32,363,6.48
346,23,134,5.83,1447,62.91,428199,18617.35,246938,10736.43,1715,74.57,135,5.87
347,13,413,31.77,789,60.69,208108,16008.31,150992,11614.77,509,39.15,139,10.69
348,38,4677,123.08,1781,46.87,609717,16045.18,203211,5347.66,2032,53.47,73,1.92
349,10,796,79.60,357,35.70,117890,11789.00,83875,8387.50,226,22.60,65,6.50
350,115,5540,48.17,6934,60.30,1326263,11532.72,706897,6146.93,5751,50.01,1578,13.72
351,69,4630,67.10,4074,59.04,646537,9370.10,427344,6193.39,2260,32.75,1020,14.78
352,31,729,23.52,1123,36.23,321282,10363.94,105216,3394.06,5303,171.06,189,6.10
353,20,1374,68.70,1269,63.45,267885,13394.25,220832,11041.60,815,40.75,177,8.85
354,14,337,24.07,611,43.64,169510,12107.86,93692,6692.29,1086,77.57,227,16.21
355,45,160,3.56,2623,58.29,938362,20852.49,519463,11543.62,1581,35.13,364,8.09
356,22,301,13.68,1143,51.95,334065,15184.77,217333,9878.77,2125,96.59,220,10.00
357,13,72,5.54,599,46.08,150626,11586.62,91384,7029.54,2166,166.62,184,14.15
358,8,35,4.38,423,52.88,135129,16891.12,73644,9205.50,300,37.50,100,12.50
359,5,36,7.20,175,35.00,71613,14322.60,34803,6960.60,608,121.60,81,16.20
360,56,492,8.79,3370,60.18,1027440,18347.14,601643,10743.62,5495,98.12,317,5.66
361,24,79,3.29,1490,62.08,506093,21087.21,282271,11761.29,1372,57.17,176,7.33
362,12,172,14.33,362,30.17,168668,14055.67,92504,7708.67,1042,86.83,173,14.42
363,9,28,3.11,491,54.56,167916,18657.33,92117,10235.22,250,27.78,105,11.67
364,5,52,10.40,158,31.60,69354,13870.80,35434,7086.80,324,64.80,80,16.00
365,32,605,18.91,2032,63.50,657901,20559.41,387309,12103.41,1918,59.94,170,5.31
366,40,1402,35.05,2132,53.30,734023,18350.58,481935,12048.38,1187,29.68,156,3.90
367,25,828,33.12,1301,52.04,385593,15423.72,225567,9022.68,2512,100.48,64,2.56
368,42,267,6.36,681,16.21,395331,9412.64,213711,5088.36,2750,65.48,1148,27.33
369,46,696,15.13,665,14.46,624846,13583.61,241546,5251.00,3928,85.39,887,19.28
370,63,359,5.70,3430,54.44,1343069,21318.56,693348,11005.52,5152,81.78,465,7.38
371,28,390,13.93,1101,39.32,413913,14782.61,238330,8511.79,1576,56.29,509,18.18
372,37,3574,96.59,1328,35.89,416154,11247.41,218583,5907.65,1700,45.95,157,4.24
373,12,664,55.33,559,46.58,161643,13470.25,90996,7583.00,1325,110.42,63,5.25
374,12,230,19.17,516,43.00,234201,19516.75,94269,7855.75,1705,142.08,35,2.92
375,51,535,10.49,3114,61.06,1047573,20540.65,618121,12120.02,4548,89.18,348,6.82
376,21,102,4.86,1143,54.43,435707,20747.95,230090,10956.67,1165,55.48,211,10.05
377,11,539,49.00,755,68.64,214275,19479.55,165825,15075.00,367,33.36,109,9.91
378,5,19,3.80,295,59.00,112256,22451.20,62602,12520.40,308,61.60,57,11.40
379,9,722,80.22,340,37.78,101889,11321.00,60976,6775.11,712,79.11,121,13.44
380,53,218,4.11,2911,54.92,1122149,21172.62,625963,11810.62,5648,106.57,423,7.98
381,29,351,12.10,1620,55.86,580549,20018.93,323033,11139.07,2301,79.34,277,9.55
382,35,920,26.29,781,22.31,425652,12161.49,217016,6200.46,4265,121.86,380,10.86
383,19,453,23.84,595,31.32,222858,11729.37,136442,7181.16,2560,134.74,200,10.53
384,20,552,27.60,334,16.70,233076,11653.80,74580,3729.00,1780,89.00,232,11.60
385,55,604,10.98,3453,62.78,1182023,21491.33,670695,12194.45,3843,69.87,302,5.49
386,54,165,3.06,1515,28.06,637453,11804.69,367179,6799.61,5530,102.41,1397,25.87
387,37,235,6.35,937,25.32,424669,11477.54,242886,6564.49,2856,77.19,976,26.38
388,76,16070,211.45,8463,111.36,551014,7250.18,3489574,45915.45,14121,185.80,304,4.00
389,82,16485,201.04,8764,106.88,583935,7121.16,3657334,44601.63,14640,178.54,477,5.82
390,89,7753,87.11,7380,82.92,1392761,15649.00,2200711,24727.09,11899,133.70,478,5.37
391,77,13614,176.81,8422,109.38,791726,10282.16,3375206,43833.84,12844,166.81,134,1.74
392,47,9413,200.28,5188,110.38,374638,7971.02,2086768,44399.32,7853,167.09,189,4.02
393,28,5026,179.50,2882,102.93,198892,7103.29,1149064,41038.00,5442,194.36,153,5.46
394,22,5252,238.73,2752,125.09,135217,6146.23,1230529,55933.14,4222,191.91,6,0.27
395,57,3386,59.40,4792,84.07,1257334,22058.49,1291422,22656.53,4559,79.98,288,5.05
396,49,4724,96.41,3900,79.59,768558,15684.86,899297,18353.00,5165,105.41,154,3.14
397,21,3014,143.52,1904,90.67,240277,11441.76,725674,34555.90,2477,117.95,137,6.52
398,18,2591,143.94,1394,77.44,191344,10630.22,519616,28867.56,2268,126.00,35,1.94
399,23,1663,72.30,1009,43.87,257918,11213.83,348614,15157.13,2594,112.78,143,6.22
400,58,1825,31.47,4393,75.74,1351708,23305.31,1104410,19041.55,5371,92.60,346,5.97
401,30,2656,88.53,2558,85.27,502013,16733.77,838107,27936.90,2979,99.30,123,4.10
402,11,1251,113.73,900,81.82,166761,15160.09,325252,29568.36,1024,93.09,24,2.18
403,14,920,65.71,905,64.64,248667,17761.93,249842,17845.86,1222,87.29,38,2.71
404,43,878,20.42,854,19.86,369321,8588.86,353997,8232.49,2836,65.95,1460,33.95
405,70,1259,17.99,4123,58.90,1348285,19261.21,952991,13614.16,7113,101.61,854,12.20
406,32,1580,49.38,2150,67.19,611823,19119.47,601495,18796.72,3209,100.28,291,9.09
407,17,325,19.12,795,46.76,298732,17572.47,198266,11662.71,377,22.18,360,21.18
408,19,1116,58.74,999,52.58,318502,16763.26,281114,14795.47,2082,109.58,87,4.58
409,11,820,74.55,587,53.36,160629,14602.64,225728,20520.73,699,63.55,180,16.36
410,47,616,13.11,3284,69.87,1131823,24081.34,771718,16419.53,4224,89.87,431,9.17
411,25,581,23.24,2087,83.48,615509,24620.36,417160,16686.40,2580,103.20,115,4.60
412,18,974,54.11,892,49.56,271335,15074.17,217280,12071.11,2075,115.28,125,6.94
413,15,783,52.20,1175,78.33,324232,21615.47,290634,19375.60,1231,82.07,130,8.67
414,22,1112,50.55,842,38.27,330127,15005.77,274871,12494.14,2576,117.09,104,4.73
415,50,436,8.72,3769,75.38,1321940,26438.80,800694,16013.88,4902,98.04,276,5.52
416,30,262,8.73,2008,66.93,751465,25048.83,449765,14992.17,1640,54.67,282,9.40
417,12,424,35.33,452,37.67,203665,16972.08,108438,9036.50,1757,146.42,20,1.67
418,12,456,38.00,838,69.83,245875,20489.58,190620,15885.00,1259,104.92,86,7.17
419,7,142,20.29,431,61.57,170839,24405.57,104423,14917.57,604,86.29,33,4.71
420,52,1508,29.00,3786,72.81,1332675,25628.37,808598,15549.96,3604,69.31,255,4.90
421,24,191,7.96,1760,73.33,601522,25063.42,362460,15102.50,3207,133.62,107,4.46
422,17,479,28.18,961,56.53,371282,21840.12,266302,15664.82,1419,83.47,171,10.06
423,22,816,37.09,1362,61.91,412665,18757.50,281057,12775.32,2685,122.05,230,10.45
424,8,158,19.75,334,41.75,158174,19771.75,71273,8909.12,1424,178.00,57,7.12
425,60,1403,23.38,4682,78.03,1667844,27797.40,959290,15988.17,4576,76.27,317,5.28
426,17,336,19.76,1397,82.18,446433,26260.76,335516,19736.24,1875,110.29,76,4.47
427,11,129,11.73,450,40.91,223689,20335.36,99528,9048.00,1455,132.27,109,9.91
428,11,459,41.73,674,61.27,230148,20922.55,131325,11938.64,642,58.36,74,6.73
429,17,222,13.06,775,45.59,385183,22657.82,150535,8855.00,2733,160.76,41,2.41
430,60,1155,19.25,4012,66.87,1563006,26050.10,981877,16364.62,4008,66.80,263,4.38
431,31,547,17.65,2183,70.42,815472,26305.55,495247,15975.71,2906,93.74,167,5.39
432,18,1037,57.61,772,42.89,292871,16270.61,79005,4389.17,2521,140.06,103,5.72
433,19,342,18.00,1102,58.00,507590,26715.26,239598,12610.42,1608,84.63,62,3.26
434,8,131,16.38,376,47.00,170346,21293.25,99597,12449.62,540,67.50,110,13.75
435,61,511,8.38,3823,62.67,1523131,24969.36,822799,13488.51,7961,130.51,277,4.54
436,26,56,2.15,2189,84.19,807810,31069.62,471458,18133.00,2153,82.81,130,5.00
437,2,6,3.00,169,84.50,62857,31428.50,35423,17711.50,110,55.00,10,5.00
438,11,124,11.27,560,50.91,240858,21896.18,101574,9234.00,2076,188.73,31,2.82
439,11,697,63.36,644,58.55,257200,23381.82,131748,11977.09,759,69.00,28,2.55
440,46,61,1.33,3784,82.26,1331881,28953.93,809367,17594.93,5636,122.52,266,5.78
441,26,121,4.65,1932,74.31,686775,26414.42,407269,15664.19,3909,150.35,154,5.92
442,7,39,5.57,533,76.14,231995,33142.14,123343,17620.43,472,67.43,31,4.43
443,4,13,3.25,343,85.75,108666,27166.50,69087,17271.75,685,171.25,20,5.00
444,21,2419,115.19,1997,95.10,394096,18766.48,265332,12634.86,1761,83.86,54,2.57
445,54,115,2.13,4412,81.70,1773258,32838.11,1014135,18780.28,4441,82.24,258,4.78
446,29,1062,36.62,1795,61.90,705242,24318.69,493475,17016.38,2730,94.14,95,3.28
447,13,606,46.62,449,34.54,200299,15407.62,126707,9746.69,2720,209.23,15,1.15
448,14,304,21.71,1248,89.14,430991,30785.07,307180,21941.43,1533,109.50,65,4.64
449,7,59,8.43,387,55.29,162212,23173.14,87920,12560.00,914,130.57,112,16.00
450,64,814,12.72,4435,69.30,1929235,30144.30,1096147,17127.30,5617,87.77,247,3.86
451,37,704,19.03,2437,65.86,1018467,27526.14,589785,15940.14,5968,161.30,170,4.59
452,38,3687,97.03,1742,45.84,689588,18147.05,261223,6874.29,1812,47.68,45,1.18
453,20,240,12.00,1453,72.65,585744,29287.20,320332,16016.60,1520,76.00,122,6.10
454,3,36,12.00,199,66.33,65614,21871.33,35151,11717.00,591,197.00,11,3.67
455,54,1036,19.19,4369,80.91,1672526,30972.70,1005870,18627.22,5456,101.04,237,4.39
456,33,475,14.39,2138,64.79,890245,26977.12,461225,13976.52,3834,116.18,147,4.45
457,7,320,45.71,529,75.57,163088,23298.29,146536,20933.71,1549,221.29,22,3.14
458,11,47,4.27,820,74.55,263281,23934.64,157666,14333.27,1829,166.27,93,8.45
459,14,203,14.50,503,35.93,249655,17832.50,75223,5373.07,3375,241.07,22,1.57
460,66,3859,58.47,4708,71.33,1599478,24234.52,1065873,16149.59,12846,194.64,245,3.71
461,37,2905,78.51,2492,67.35,679975,18377.70,443640,11990.27,10043,271.43,82,2.22
462,31,1492,48.13,1296,41.81,604720,19507.10,359686,11602.77,3920,126.45,48,1.55
463,17,1338,78.71,1213,71.35,341009,20059.35,272697,16041.00,1948,114.59,37,2.18
464,14,489,34.93,648,46.29,302106,21579.00,138425,9887.50,2200,157.14,27,1.93
465,42,128,3.05,3529,84.02,1482451,35296.45,851864,20282.48,3749,89.26,204,4.86
466,18,558,31.00,1364,75.78,511969,28442.72,323838,17991.00,2588,143.78,66,3.67
467,10,271,27.10,819,81.90,304764,30476.40,194082,19408.20,1258,125.80,40,4.00
468,20,1687,84.35,997,49.85,291069,14553.45,115677,5783.85,2192,109.60,18,0.90
469,17,1571,92.41,929,54.65,322048,18944.00,174164,10244.94,2458,144.59,30,1.76
470,36,598,16.61,3331,92.53,1296881,36024.47,920394,25566.50,3432,95.33,175,4.86
471,29,907,31.28,1924,66.34,730528,25190.62,404012,13931.45,5145,177.41,87,3.00
472,15,357,23.80,692,46.13,343816,22921.07,140798,9386.53,2487,165.80,56,3.73
473,4,14,3.50,366,91.50,159045,39761.25,88867,22216.75,103,25.75,20,5.00
474,10,166,16.60,328,32.80,216304,21630.40,59140,5914.00,2014,201.40,14,1.40
475,38,142,3.74,3122,82.16,1240011,32631.87,711221,18716.34,4995,131.45,170,4.47
476,18,139,7.72,1355,75.28,580526,32251.44,338422,18801.22,1651,91.72,169,9.39
477,11,123,11.18,680,61.82,339909,30900.82,158852,14441.09,1468,133.45,35,3.18
478,8,547,68.38,365,45.62,117965,14745.62,133617,16702.12,868,108.50,10,1.25
479,12,549,45.75,614,51.17,250016,20834.67,178122,14843.50,1649,137.42,23,1.92
480,46,845,18.37,3415,74.24,1455830,31648.48,833499,18119.54,4278,93.00,181,3.93
481,24,491,20.46,1790,74.58,688822,28700.92,439833,18326.38,3457,144.04,88,3.67
482,7,139,19.86,529,75.57,230236,32890.86,139927,19989.57,691,98.71,31,4.43
483,49,836,17.06,1702,34.73,1007736,20566.04,294755,6015.41,10774,219.88,68,1.39
484,21,399,19.00,870,41.43,454798,21657.05,170642,8125.81,4695,223.57,36,1.71
485,41,1103,26.90,3550,86.59,1478767,36067.49,886436,21620.39,2453,59.83,175,4.27
486,37,385,10.41,2281,61.65,1097544,29663.35,523085,14137.43,5979,161.59,117,3.16
487,7,117,16.71,252,36.00,169103,24157.57,49154,7022.00,1475,210.71,11,1.57
488,8,218,27.25,585,73.12,254357,31794.62,135463,16932.88,1034,129.25,32,4.00
489,13,144,11.08,813,62.54,380067,29235.92,179053,13773.31,1906,146.62,41,3.15
490,36,104,2.89,3161,87.81,1343429,37317.47,777775,21604.86,3985,110.69,168,4.67
491,12,260,21.67,961,80.08,399332,33277.67,220050,18337.50,942,78.50,54,4.50
492,23,2076,90.26,1002,43.57,360668,15681.22,137390,5973.48,3731,162.22,15,0.65
493,14,292,20.86,980,70.00,443779,31698.50,226914,16208.14,1495,106.79,45,3.21
494,13,863,66.38,593,45.62,291803,22446.38,244627,18817.46,265,20.38,16,1.23
495,56,760,13.57,4305,76.88,1814522,32402.18,1111453,19847.38,7925,141.52,318,5.68
496,18,145,8.06,1423,79.06,685471,38081.72,368999,20499.94,2512,139.56,74,4.11
497,8,241,30.12,507,63.38,253925,31740.62,147698,18462.25,624,78.00,23,2.88
498,26,396,15.23,1384,53.23,677243,26047.81,296625,11408.65,5901,226.96,61,2.35
499,18,1497,83.17,837,46.50,347086,19282.56,156431,8690.61,2617,145.39,27,1.50
500,34,266,7.82,2998,88.18,1354962,39851.82,801871,23584.44,3345,98.38,159,4.68
501,26,254,9.77,1703,65.50,851136,32736.00,423045,16270.96,2846,109.46,136,5.23
502,8,202,25.25,367,45.88,162055,20256.88,70416,8802.00,2403,300.38,15,1.88
503,8,590,73.75,721,90.12,232529,29066.12,183470,22933.75,1379,172.38,23,2.88
504,269,23376,86.90,23602,87.74,1666463,6195.03,1180869,4389.85,105503,392.20,1608,5.98
505,102,6719,65.87,10172,99.73,1740914,17067.78,1130365,11082.01,36817,360.95,642,6.29
506,20,951,47.55,1998,99.90,480172,24008.60,306996,15349.80,5953,297.65,118,5.90
507,32,2453,76.66,2789,87.16,363314,11353.56,188296,5884.25,12933,404.16,182,5.69
508,15,1135,75.67,1328,88.53,263113,17540.87,150494,10032.93,4632,308.80,83,5.53
509,14,965,68.93,1133,80.93,247957,17711.21,127721,9122.93,4261,304.36,67,4.79
510,29,1413,48.72,2139,73.76,807902,27858.69,587117,20245.41,4344,149.79,99,3.41
511,12,531,44.25,853,71.08,342328,28527.33,237038,19753.17,1081,90.08,38,3.17
512,7,729,104.14,2649,378.43,131556,18793.71,81649,11664.14,1685,240.71,34,4.86
513,39,2973,76.23,6299,161.51,678427,17395.56,331154,8491.13,8986,230.41,202,5.18
514,14,2155,153.93,1234,88.14,175258,12518.43,86704,6193.14,3894,278.14,144,10.29
515,9,1046,116.22,2665,296.11,172613,19179.22,121437,13493.00,2010,223.33,32,3.56
516,47,6109,129.98,3160,67.23,605801,12889.38,248102,5278.77,3834,81.57,96,2.04
517,8,1286,160.75,4563,570.38,131381,16422.62,60121,7515.12,1614,201.75,26,3.25
518,7,53,7.57,559,79.86,257979,36854.14,131322,18760.29,1010,144.29,27,3.86
519,9,466,51.78,355,39.44,136939,15215.44,75429,8381.00,2043,227.00,64,7.11
520,7,280,40.00,333,47.57,161753,23107.57,60693,8670.43,1366,195.14,21,3.00
521,3,750,250.00,394,131.33,71881,23960.33,87353,29117.67,709,236.33,10,3.33
522,5,204,40.80,171,34.20,112973,22594.60,28157,5631.40,1344,268.80,11,2.20
523,6,648,108.00,1003,167.17,121649,20274.83,80883,13480.50,1391,231.83,27,4.50
524,5,3097,619.40,23,4.60,58872,11774.40,390701,78140.20,2157,431.40,21,4.20
525,6,2048,341.33,2112,352.00,63802,10633.67,303393,50565.50,1938,323.00,17,2.83
526,17,1458,85.76,534,31.41,274112,16124.24,294089,17299.35,2135,125.59,3,0.18
527,231,69375,300.32,22918,99.21,2125812,9202.65,5296671,22929.31,99610,431.21,7,0.03
528,86,23893,277.83,8358,97.19,868055,10093.66,1801721,20950.24,34726,403.79,13,0.15
529,11,2611,237.36,940,85.45,122369,11124.45,228878,20807.09,4383,398.45,2,0.18
530,22,4994,227.00,1786,81.18,246591,11208.68,431294,19604.27,7713,350.59,172,7.82
531,19,3623,190.68,1346,70.84,243534,12817.58,350540,18449.47,7011,369.00,61,3.21
532,12,2116,176.33,896,74.67,201062,16755.17,212799,17733.25,3670,305.83,9,0.75
533,5,1255,251.00,426,85.20,41004,8200.80,84520,16904.00,1948,389.60,55,11.00
534,4,641,160.25,246,61.50,42001,10500.25,56925,14231.25,1324,331.00,54,13.50
535,5,978,195.60,360,72.00,83126,16625.20,93020,18604.00,1756,351.20,2,0.40
536,5,1631,326.20,547,109.40,41473,8294.60,107768,21553.60,2228,445.60,0,0.00
537,4,656,164.00,235,58.75,52462,13115.50,60110,15027.50,994,248.50,13,3.25
538,5,386,77.20,240,48.00,99263,19852.60,80261,16052.20,1388,277.60,11,2.20
539,3,648,216.00,240,80.00,38272,12757.33,58221,19407.00,1160,386.67,1,0.33
540,13,3230,248.46,1430,110.00,127840,9833.85,154088,11852.92,1266,97.38,36,2.77
541,3,429,143.00,163,54.33,49572,16524.00,43953,14651.00,941,313.67,6,2.00
542,15,1444,96.27,495,33.00,221886,14792.40,305575,20371.67,1762,117.47,55,3.67
543,6,209,34.83,174,29.00,127376,21229.33,47579,7929.83,1934,322.33,5,0.83
544,2,121,60.50,73,36.50,32865,16432.50,26360,13180.00,475,237.50,1,0.50
545,5,650,130.00,230,46.00,84741,16948.20,112350,22470.00,471,94.20,1,0.20
546,5,140,28.00,65,13.00,149614,29922.80,30567,6113.40,1422,284.40,5,1.00
547,2,58,29.00,28,14.00,52665,26332.50,12045,6022.50,472,236.00,2,1.00
548,7,628,89.71,224,32.00,62691,8955.86,68595,9799.29,81,11.57,130,18.57
550,3,56,18.67,59,19.67,52207,17402.33,20987,6995.67,387,129.00,61,20.33
551,2,353,176.50,202,101.00,38958,19479.00,58951,29475.50,567,283.50,5,2.50
552,8,464,58.00,121,15.12,188385,23548.12,57017,7127.12,1220,152.50,60,7.50
553,1,29,29.00,18,18.00,26320,26320.00,8284,8284.00,245,245.00,1,1.00
554,2,340,170.00,142,71.00,30490,15245.00,22166,11083.00,679,339.50,1,0.50
555,3,407,135.67,288,96.00,35588,11862.67,30849,10283.00,468,156.00,58,19.33
558,16,1144,71.50,524,32.75,276624,17289.00,261770,16360.62,2413,150.81,62,3.88
559,5,532,106.40,180,36.00,79818,15963.60,108718,21743.60,352,70.40,0,0.00
560,4,272,68.00,103,25.75,79864,19966.00,45320,11330.00,893,223.25,3,0.75
561,4,73,18.25,82,20.50,86638,21659.50,25272,6318.00,650,162.50,60,15.00
562,2,348,174.00,115,57.50,35527,17763.50,51053,25526.50,658,329.00,1,0.50
564,17,3373,198.41,1357,79.82,207092,12181.88,69213,4071.35,171,10.06,1,0.06
566,4,118,29.50,45,11.25,34033,8508.25,44130,11032.50,579,144.75,177,44.25
567,10,312,31.20,148,14.80,134675,13467.50,96323,9632.30,1450,145.00,298,29.80
569,1,35,35.00,21,21.00,28480,28480.00,8823,8823.00,96,96.00,1,1.00
570,5,145,29.00,65,13.00,149257,29851.40,29447,5889.40,1377,275.40,5,1.00
572,2,282,141.00,100,50.00,28111,14055.50,34309,17154.50,0,0.00,0,0.00
573,3,73,24.33,84,28.00,77290,25763.33,20845,6948.33,588,196.00,3,1.00
574,14,1427,101.93,500,35.71,233227,16659.07,314477,22462.64,1957,139.79,1,0.07
575,3,327,109.00,111,37.00,49536,16512.00,74997,24999.00,0,0.00,0,0.00
576,8,694,86.75,132,16.50,176129,22016.12,52360,6545.00,1317,164.62,37,4.62
577,2,137,68.50,56,28.00,46592,23296.00,32464,16232.00,126,63.00,1,0.50
578,2,127,63.50,69,34.50,36382,18191.00,27287,13643.50,246,123.00,1,0.50
579,2,219,109.50,76,38.00,31968,15984.00,44618,22309.00,573,286.50,0,0.00
580,4,420,105.00,267,66.75,79891,19972.75,74957,18739.25,841,210.25,26,6.50
581,2,380,190.00,176,88.00,29373,14686.50,51084,25542.00,280,140.00,10,5.00
582,2,139,69.50,76,38.00,43173,21586.50,29948,14974.00,378,189.00,1,0.50
584,3,396,132.00,50,16.67,41116,13705.33,109910,36636.67,188,62.67,122,40.67
585,3,11,3.67,11,3.67,15330,5110.00,26476,8825.33,163,54.33,183,61.00
587,1,195,195.00,70,70.00,9369,9369.00,28016,28016.00,212,212.00,0,0.00
588,16,2836,177.25,1055,65.94,182843,11427.69,165027,10314.19,966,60.38,75,4.69
590,10,1035,103.50,372,37.20,210043,21004.30,224408,22440.80,1514,151.40,2,0.20
591,6,758,126.33,260,43.33,93823,15637.17,151347,25224.50,731,121.83,0,0.00
592,2,227,113.50,77,38.50,33978,16989.00,53020,26510.00,0,0.00,0,0.00
593,7,966,138.00,334,47.71,103148,14735.43,204557,29222.43,1073,153.29,0,0.00
594,7,943,134.71,726,103.71,158021,22574.43,77609,11087.00,663,94.71,4,0.57
595,1,111,111.00,38,38.00,16512,16512.00,24999,24999.00,0,0.00,0,0.00
596,2,33,16.50,21,10.50,40732,20366.00,16346,8173.00,240,120.00,62,31.00
597,1,113,113.00,39,39.00,16554,16554.00,25530,25530.00,463,463.00,0,0.00
600,4,521,130.25,141,35.25,65738,16434.50,55750,13937.50,998,249.50,2,0.50
601,2,59,29.50,51,25.50,55688,27844.00,16039,8019.50,357,178.50,2,1.00
602,3,43,14.33,24,8.00,40819,13606.33,28234,9411.33,219,73.00,127,42.33
603,1,3,3.00,6,6.00,6344,6344.00,8707,8707.00,162,162.00,63,63.00
604,1,73,73.00,13,13.00,24237,24237.00,3964,3964.00,210,210.00,0,0.00
605,1,115,115.00,38,38.00,16915,16915.00,20705,20705.00,154,154.00,0,0.00
606,17,1529,89.94,609,35.82,305040,17943.53,412105,24241.47,1018,59.88,137,8.06
607,4,448,112.00,155,38.75,61412,15353.00,91074,22768.50,1272,318.00,25,6.25
608,2,235,117.50,80,40.00,34384,17192.00,55273,27636.50,543,271.50,0,0.00
609,2,33,16.50,18,9.00,34652,17326.00,15591,7795.50,423,211.50,64,32.00
610,6,347,57.83,147,24.50,142403,23733.83,76604,12767.33,2176,362.67,4,0.67
611,2,33,16.50,38,19.00,31226,15613.00,16004,8002.00,267,133.50,64,32.00
612,7,1757,251.00,1073,153.29,151279,21611.29,69637,9948.14,387,55.29,2,0.29
613,4,193,48.25,108,27.00,103085,25771.25,30329,7582.25,1355,338.75,3,0.75
618,3,97,32.33,37,12.33,92972,30990.67,18894,6298.00,726,242.00,3,1.00
620,5,41,8.20,12,2.40,22912,4582.40,37508,7501.60,520,104.00,264,52.80
621,4,91,22.75,60,15.00,95799,23949.75,29047,7261.75,1103,275.75,68,17.00
622,12,1320,110.00,441,36.75,230693,19224.42,328733,27394.42,399,33.25,1,0.08
623,8,948,118.50,329,41.12,142829,17853.62,228418,28552.25,693,86.62,0,0.00
624,6,977,162.83,317,52.83,88774,14795.67,67195,11199.17,186,31.00,28,4.67
625,2,45,22.50,68,34.00,61238,30619.00,13267,6633.50,589,294.50,2,1.00
626,3,150,50.00,162,54.00,66027,22009.00,40903,13634.33,710,236.67,13,4.33
627,3,179,59.67,89,29.67,71070,23690.00,41610,13870.00,811,270.33,12,4.00
628,5,980,196.00,340,68.00,65400,13080.00,65100,13020.00,0,0.00,0,0.00
633,1,37,37.00,34,34.00,27629,27629.00,8565,8565.00,186,186.00,1,1.00
634,1,120,120.00,44,44.00,18061,18061.00,29667,29667.00,0,0.00,0,0.00
636,4,1049,262.25,517,129.25,69017,17254.25,43685,10921.25,313,78.25,1,0.25
637,1,4,4.00,4,4.00,6443,6443.00,9194,9194.00,176,176.00,65,65.00
638,14,1562,111.57,522,37.29,244609,17472.07,403081,28791.50,1621,115.79,67,4.79
639,5,608,121.60,206,41.20,91935,18387.00,145549,29109.80,150,30.00,0,0.00
640,4,468,117.00,195,48.75,80705,20176.25,106869,26717.25,764,191.00,3,0.75
641,4,295,73.75,131,32.75,101105,25276.25,60414,15103.50,953,238.25,2,0.50
642,1,31,31.00,20,20.00,33207,33207.00,8537,8537.00,176,176.00,1,1.00
644,1,2,2.00,2,2.00,5094,5094.00,11245,11245.00,31,31.00,67,67.00
645,2,59,29.50,51,25.50,58653,29326.50,13606,6803.00,342,171.00,12,6.00
646,1,123,123.00,43,43.00,18472,18472.00,31324,31324.00,0,0.00,0,0.00
648,2,204,102.00,96,48.00,17208,8604.00,5292,2646.00,0,0.00,12,6.00
650,1,127,127.00,44,44.00,18037,18037.00,29699,29699.00,0,0.00,0,0.00
652,1,200,200.00,72,72.00,13628,13628.00,14044,14044.00,0,0.00,0,0.00
653,2,46,23.00,118,59.00,85651,42825.50,38577,19288.50,454,227.00,19,9.50
654,11,1353,123.00,451,41.00,207774,18888.55,362764,32978.55,79,7.18,0,0.00
655,6,744,124.00,252,42.00,113204,18867.33,185844,30974.00,170,28.33,0,0.00
657,4,501,125.25,173,43.25,75107,18776.75,124298,31074.50,511,127.75,0,0.00
658,1,125,125.00,43,43.00,18914,18914.00,33004,33004.00,0,0.00,0,0.00
660,5,948,189.60,168,33.60,86472,17294.40,15720,3144.00,0,0.00,12,2.40
661,2,166,83.00,65,32.50,47924,23962.00,33699,16849.50,491,245.50,1,0.50
664,1,27,27.00,38,38.00,32443,32443.00,6145,6145.00,328,328.00,1,1.00
665,1,38,38.00,14,14.00,32662,32662.00,8281,8281.00,468,468.00,1,1.00
670,13,1638,126.00,546,42.00,250153,19242.54,407739,31364.54,1674,128.77,0,0.00
671,4,506,126.50,172,43.00,76715,19178.75,122093,30523.25,300,75.00,0,0.00
672,3,846,282.00,739,246.33,25148,8382.67,35112,11704.00,0,0.00,12,4.00
673,2,254,127.00,86,43.00,38770,19385.00,69480,34740.00,0,0.00,0,0.00
674,2,259,129.50,89,44.50,38812,19406.00,69482,34741.00,0,0.00,0,0.00
675,1,8,8.00,7,7.00,8211,8211.00,2035,2035.00,0,0.00,38,38.00
676,27,12393,459.00,1377,51.00,943895,34959.07,3112471,115276.70,3324,123.11,0,0.00
677,12,5096,424.67,603,50.25,421132,35094.33,1200457,100038.08,1511,125.92,1,0.08
678,2,922,461.00,105,52.50,68518,34259.00,208645,104322.50,481,240.50,0,0.00
679,4,1843,460.75,208,52.00,139959,34989.75,475339,118834.75,480,120.00,0,0.00
680,1,463,463.00,54,54.00,35714,35714.00,129762,129762.00,0,0.00,0,0.00
681,3,733,244.33,133,44.33,93015,31005.00,132298,44099.33,975,325.00,26,8.67
683,1,133,133.00,43,43.00,17001,17001.00,26511,26511.00,0,0.00,0,0.00
684,11,3667,333.36,1878,170.73,187896,17081.45,356530,32411.82,843,76.64,13,1.18
685,3,599,199.67,99,33.00,62329,20776.33,172036,57345.33,218,72.67,65,21.67
686,13,1677,129.00,559,43.00,256906,19762.00,471297,36253.62,1152,88.62,0,0.00
687,4,398,99.50,231,57.75,112571,28142.75,121890,30472.50,448,112.00,15,3.75
688,3,187,62.33,117,39.00,81752,27250.67,50639,16879.67,860,286.67,2,0.67
689,2,262,131.00,89,44.50,39729,19864.50,73044,36522.00,0,0.00,0,0.00
690,3,257,85.67,185,61.67,75206,25068.67,53355,17785.00,512,170.67,14,4.67
692,1,133,133.00,49,49.00,19886,19886.00,36521,36521.00,0,0.00,0,0.00
695,1,133,133.00,45,45.00,19919,19919.00,36533,36533.00,0,0.00,0,0.00
696,4,112,28.00,132,33.00,129019,32254.75,34792,8698.00,939,234.75,4,1.00
698,1,123,123.00,41,41.00,19341,19341.00,31495,31495.00,0,0.00,0,0.00
700,9,3302,366.89,2438,270.89,77685,8631.67,28234,3137.11,142,15.78,7,0.78
701,8,2102,262.75,1581,197.62,145868,18233.50,35062,4382.75,700,87.50,3,0.38
702,13,1885,145.00,815,62.69,259111,19931.62,379059,29158.38,2126,163.54,1,0.08
703,9,1741,193.44,917,101.89,156227,17358.56,250189,27798.78,670,74.44,0,0.00
704,1,403,403.00,301,301.00,7327,7327.00,802,802.00,0,0.00,0,0.00
705,1,135,135.00,46,46.00,19891,19891.00,23228,23228.00,448,448.00,0,0.00
706,1,401,401.00,301,301.00,7336,7336.00,800,800.00,0,0.00,0,0.00
708,2,266,133.00,70,35.00,36196,18098.00,41000,20500.00,0,0.00,0,0.00
709,1,136,136.00,47,47.00,20401,20401.00,38355,38355.00,0,0.00,0,0.00
710,1,5,5.00,3,3.00,5967,5967.00,10324,10324.00,92,92.00,67,67.00
711,3,84,28.00,105,35.00,96041,32013.67,25372,8457.33,843,281.00,3,1.00
712,2,58,29.00,72,36.00,66253,33126.50,19710,9855.00,477,238.50,2,1.00
715,1,31,31.00,37,37.00,29388,29388.00,7123,7123.00,460,460.00,1,1.00
717,22,2497,113.50,191,8.68,350084,15912.91,224364,10198.36,14957,679.86,7,0.32
718,22,2474,112.45,449,20.41,399807,18173.05,425872,19357.82,11306,513.91,1,0.05
719,10,1169,116.90,422,42.20,240824,24082.40,341554,34155.40,867,86.70,2,0.20
720,11,502,45.64,138,12.55,123607,11237.00,28080,2552.73,662,60.18,12,1.09
721,4,515,128.75,144,36.00,78491,19622.75,129975,32493.75,683,170.75,0,0.00
722,3,279,93.00,93,31.00,68626,22875.33,56936,18978.67,1604,534.67,1,0.33
723,1,30,30.00,36,36.00,32662,32662.00,9853,9853.00,231,231.00,1,1.00
724,2,172,86.00,86,43.00,52868,26434.00,47486,23743.00,276,138.00,1,0.50
725,2,210,105.00,13,6.50,32130,16065.00,15231,7615.50,1338,669.00,0,0.00
726,4,278,69.50,63,15.75,104370,26092.50,38154,9538.50,1876,469.00,2,0.50
727,3,240,80.00,48,16.00,64966,21655.33,25574,8524.67,1626,542.00,1,0.33
728,1,48,48.00,24,24.00,15640,15640.00,5048,5048.00,492,492.00,8,8.00
731,1,130,130.00,44,44.00,20295,20295.00,34922,34922.00,0,0.00,0,0.00
732,2,780,390.00,756,378.00,5952,2976.00,372,186.00,0,0.00,12,6.00
733,1,39,39.00,25,25.00,32800,32800.00,16746,16746.00,454,454.00,1,1.00
734,12,1656,138.00,552,46.00,253679,21139.92,485688,40474.00,1680,140.00,0,0.00
735,7,974,139.14,332,47.43,148957,21279.57,294919,42131.29,0,0.00,0,0.00
736,2,251,125.50,56,28.00,37331,18665.50,50245,25122.50,704,352.00,0,0.00
737,1,105,105.00,5,5.00,16221,16221.00,10681,10681.00,654,654.00,0,0.00
738,1,110,110.00,9,9.00,16156,16156.00,8034,8034.00,705,705.00,0,0.00
740,1,142,142.00,49,49.00,21324,21324.00,42136,42136.00,0,0.00,0,0.00
743,1,142,142.00,48,48.00,21338,21338.00,42164,42164.00,0,0.00,0,0.00
747,1,38,38.00,11,11.00,33097,33097.00,7200,7200.00,466,466.00,1,1.00
748,3,117,39.00,36,12.00,103540,34513.33,20015,6671.67,1637,545.67,3,1.00
750,7,987,141.00,329,47.00,150864,21552.00,308516,44073.71,1406,200.86,0,0.00
751,10,1421,142.10,482,48.20,216006,21600.60,414426,41442.60,1555,155.50,0,0.00
753,3,316,105.33,124,41.33,82977,27659.00,97050,32350.00,510,170.00,1,0.33
755,2,222,111.00,48,24.00,38288,19144.00,33725,16862.50,758,379.00,10,5.00
756,7,1585,226.43,627,89.57,113731,16247.29,80532,11504.57,0,0.00,0,0.00
757,1,40,40.00,25,25.00,42128,42128.00,27539,27539.00,211,211.00,1,1.00
758,3,336,112.00,117,39.00,79374,26458.00,94758,31586.00,540,180.00,1,0.33
760,3,97,32.33,98,32.67,87153,29051.00,31537,10512.33,930,310.00,30,10.00
761,1,143,143.00,49,49.00,21798,21798.00,44092,44092.00,58,58.00,0,0.00
763,3,488,162.67,347,115.67,81767,27255.67,34486,11495.33,779,259.67,2,0.67
766,11,1481,134.64,503,45.73,265586,24144.18,446059,40550.82,1649,149.91,1,0.09
767,5,725,145.00,248,49.60,110478,22095.60,224939,44987.80,699,139.80,0,0.00
768,4,485,121.25,169,42.25,104387,26096.75,147123,36780.75,305,76.25,1,0.25
769,3,436,145.33,146,48.67,65686,21895.33,105311,35103.67,1026,342.00,0,0.00
771,1,39,39.00,12,12.00,37375,37375.00,8248,8248.00,458,458.00,1,1.00
772,30,14471,482.37,7264,242.13,377268,12575.60,2609196,86973.20,19642,654.73,2,0.07
773,39,20089,515.10,10110,259.23,415109,10643.82,3847079,98643.05,25291,648.49,0,0.00
774,14,6403,457.36,3194,228.14,187040,13360.00,1286257,91875.50,8466,604.71,1,0.07
775,37,17855,482.57,8953,241.97,447280,12088.65,3206246,86655.30,22538,609.14,1,0.03
776,16,8268,516.75,4164,260.25,170503,10656.44,1532499,95781.19,10414,650.88,0,0.00
777,5,2117,423.40,1055,211.00,82399,16479.80,393475,78695.00,3085,617.00,1,0.20
778,10,5165,516.50,2604,260.40,107042,10704.20,1212321,121232.10,6101,610.10,0,0.00
779,9,4664,518.22,2352,261.33,95979,10664.33,819694,91077.11,5880,653.33,0,0.00
780,9,2890,321.11,1422,158.00,86679,9631.00,458733,50970.33,3940,437.78,26,2.89
781,11,5694,517.64,2870,260.91,117127,10647.91,1072315,97483.18,7401,672.82,0,0.00
782,13,2656,204.31,1061,81.62,270261,20789.31,871531,67040.85,1880,144.62,3,0.23
783,11,4189,380.82,1989,180.82,159577,14507.00,902554,82050.36,5827,529.73,2,0.18
784,7,3253,464.71,1614,230.57,86527,12361.00,791054,113007.71,4131,590.14,0,0.00
785,5,1848,369.60,881,176.20,77486,15497.20,304642,60928.40,2006,401.20,0,0.00
786,1,148,148.00,51,51.00,22724,22724.00,48152,48152.00,0,0.00,0,0.00
787,4,1706,426.50,838,209.50,54954,13738.50,352419,88104.75,1797,449.25,0,0.00
788,3,1187,395.67,573,191.00,43956,14652.00,199757,66585.67,1461,487.00,0,0.00
790,1,517,517.00,264,264.00,10797,10797.00,188879,188879.00,623,623.00,5,5.00
791,1,521,521.00,262,262.00,10914,10914.00,148940,148940.00,396,396.00,0,0.00
792,1,522,522.00,264,264.00,10649,10649.00,176804,176804.00,669,669.00,0,0.00
793,3,669,223.00,305,101.67,72545,24181.67,164520,54840.00,1587,529.00,6,2.00
794,1,154,154.00,55,55.00,22385,22385.00,30586,30586.00,528,528.00,0,0.00
795,2,1034,517.00,519,259.50,21328,10664.00,230259,115129.50,1417,708.50,0,0.00
796,2,1045,522.50,525,262.50,21730,10865.00,122764,61382.00,1402,701.00,0,0.00
797,1,523,523.00,264,264.00,10771,10771.00,165280,165280.00,549,549.00,0,0.00
798,10,1364,136.40,469,46.90,216189,21618.90,439687,43968.70,712,71.20,18,1.80
799,5,1125,225.00,465,93.00,103859,20771.80,325500,65100.00,662,132.40,5,1.00
800,2,181,90.50,92,46.00,63217,31608.50,56602,28301.00,1272,636.00,1,0.50
801,153,30753,201.00,153,1.00,709727,4638.74,931953,6091.20,116626,762.26,0,0.00
802,50,9962,199.24,267,5.34,287013,5740.26,437918,8758.36,36435,728.70,0,0.00
803,12,2437,203.08,46,3.83,55707,4642.25,73841,6153.42,9113,759.42,0,0.00
804,23,4488,195.13,222,9.65,137036,5958.09,146595,6373.70,14414,626.70,30,1.30
805,8,1465,183.12,42,5.25,76739,9592.38,64437,8054.62,5764,720.50,1,0.12
806,8,1735,216.88,353,44.12,98128,12266.00,257217,32152.12,4664,583.00,1,0.12
807,7,1647,235.29,390,55.71,76148,10878.29,192655,27522.14,4078,582.57,0,0.00
808,1,31,31.00,36,36.00,41001,41001.00,8376,8376.00,358,358.00,1,1.00
809,2,706,353.00,117,58.50,65985,32992.50,235014,117507.00,0,0.00,0,0.00
810,9,1821,202.33,330,36.67,110765,12307.22,146218,16246.44,5655,628.33,2,0.22
811,2,230,115.00,48,24.00,39832,19916.00,16142,8071.00,1333,666.50,1,0.50
812,3,612,204.00,11,3.67,14352,4784.00,18475,6158.33,2195,731.67,0,0.00
813,6,1010,168.33,71,11.83,80671,13445.17,76548,12758.00,3606,601.00,6,1.00
814,10,1903,190.30,721,72.10,223437,22343.70,704302,70430.20,1263,126.30,0,0.00
815,9,1443,160.33,424,47.11,192944,21438.22,420796,46755.11,1569,174.33,0,0.00
816,2,348,174.00,138,69.00,42126,21063.00,56259,28129.50,766,383.00,0,0.00
817,2,72,36.00,56,28.00,51288,25644.00,9547,4773.50,123,61.50,48,24.00
818,1,156,156.00,54,54.00,22897,22897.00,52339,52339.00,772,772.00,0,0.00
819,1,48,48.00,25,25.00,42527,42527.00,20778,20778.00,457,457.00,1,1.00
820,2,360,180.00,58,29.00,28331,14165.50,58494,29247.00,765,382.50,0,0.00
822,1,560,560.00,66,66.00,41861,41861.00,129524,129524.00,247,247.00,0,0.00
823,4,247,61.75,166,41.50,155344,38836.00,77952,19488.00,1134,283.50,3,0.75
824,5,478,95.60,119,23.80,151920,30384.00,89020,17804.00,2090,418.00,3,0.60
826,1,32,32.00,39,39.00,41588,41588.00,10466,10466.00,410,410.00,1,1.00
827,1,155,155.00,55,55.00,23573,23573.00,50251,50251.00,0,0.00,0,0.00
828,2,586,293.00,593,296.50,38840,19420.00,13811,6905.50,261,130.50,1,0.50
829,5,648,129.60,148,29.60,170332,34066.40,128930,25786.00,2099,419.80,26,5.20
830,9,1283,142.56,455,50.56,232863,25873.67,428217,47579.67,2366,262.89,1,0.11
831,8,1261,157.62,424,53.00,190596,23824.50,376383,47047.88,2306,288.25,0,0.00
833,5,1433,286.60,1085,217.00,89366,17873.20,147921,29584.20,2022,404.40,1,0.20
834,4,633,158.25,216,54.00,96643,24160.75,218303,54575.75,0,0.00,0,0.00
837,1,33,33.00,36,36.00,36977,36977.00,9017,9017.00,494,494.00,1,1.00
838,3,135,45.00,72,24.00,130450,43483.33,51352,17117.33,1309,436.33,3,1.00
839,2,97,48.50,41,20.50,87941,43970.50,27917,13958.50,1037,518.50,2,1.00
843,2,86,43.00,46,23.00,97776,48888.00,50566,25283.00,255,127.50,2,1.00
844,3,232,77.33,108,36.00,113116,37705.33,61586,20528.67,711,237.00,5,1.67
846,12,1795,149.58,608,50.67,315859,26321.58,613773,51147.75,3029,252.42,1,0.08
847,3,354,118.00,148,49.33,92661,30887.00,122546,40848.67,943,314.33,1,0.33
848,1,162,162.00,55,55.00,24621,24621.00,56806,56806.00,0,0.00,0,0.00
849,4,641,160.25,217,54.25,98534,24633.50,227224,56806.00,0,0.00,0,0.00
850,1,161,161.00,57,57.00,24490,24490.00,54601,54601.00,0,0.00,0,0.00
851,1,92,92.00,7,7.00,34777,34777.00,5795,5795.00,280,280.00,0,0.00
852,4,437,109.25,158,39.50,123648,30912.00,67832,16958.00,1168,292.00,14,3.50
853,4,294,73.50,130,32.50,161892,40473.00,108885,27221.25,1080,270.00,3,0.75
854,2,218,109.00,75,37.50,76652,38326.00,80312,40156.00,216,108.00,1,0.50
855,1,163,163.00,55,55.00,24677,24677.00,56836,56836.00,0,0.00,0,0.00
860,1,53,53.00,16,16.00,48470,48470.00,23066,23066.00,375,375.00,1,1.00
861,2,89,44.50,54,27.00,85248,42624.00,31223,15611.50,983,491.50,2,1.00
862,39,6318,162.00,2106,54.00,973474,24960.87,2200140,56413.85,5220,133.85,0,0.00
863,15,2446,163.07,825,55.00,374659,24977.27,819307,54620.47,1783,118.87,0,0.00
864,2,260,130.00,68,34.00,37674,18837.00,61758,30879.00,0,0.00,0,0.00
865,6,982,163.67,332,55.33,149449,24908.17,313553,52258.83,1188,198.00,0,0.00
866,5,713,142.60,247,49.40,150300,30060.00,234514,46902.80,725,145.00,1,0.20
867,4,320,80.00,119,29.75,172203,43050.75,118918,29729.50,1384,346.00,3,0.75
868,3,227,75.67,145,48.33,114873,38291.00,80361,26787.00,791,263.67,2,0.67
869,4,313,78.25,139,34.75,152738,38184.50,129649,32412.25,1307,326.75,3,0.75
870,1,168,168.00,57,57.00,25140,25140.00,59097,59097.00,0,0.00,0,0.00
871,2,333,166.50,114,57.00,50210,25105.00,116213,58106.50,66,33.00,0,0.00
872,2,82,41.00,74,37.00,77416,38708.00,33110,16555.00,782,391.00,2,1.00
873,2,87,43.50,38,19.00,86233,43116.50,39140,19570.00,877,438.50,2,1.00
874,3,264,88.00,85,28.33,115947,38649.00,94414,31471.33,840,280.00,2,0.67
876,12,3468,289.00,1200,100.00,202272,16856.00,120240,10020.00,0,0.00,0,0.00
877,1,167,167.00,56,56.00,25212,25212.00,59084,59084.00,0,0.00,0,0.00
878,40,6600,165.00,2200,55.00,1015818,25395.45,2385015,59625.38,7089,177.22,0,0.00
879,16,2656,166.00,896,56.00,405213,25325.81,962014,60125.88,3952,247.00,0,0.00
880,7,944,134.86,319,45.57,213531,30504.43,315011,45001.57,2175,310.71,2,0.29
881,6,1004,167.33,340,56.67,152693,25448.83,349595,58265.83,828,138.00,0,0.00
882,5,207,41.40,173,34.60,228420,45684.00,106095,21219.00,1247,249.40,5,1.00
883,3,252,84.00,120,40.00,123790,41263.33,92887,30962.33,619,206.33,2,0.67
884,1,35,35.00,43,43.00,37972,37972.00,10642,10642.00,461,461.00,1,1.00
885,3,254,84.67,110,36.67,115130,38376.67,70355,23451.67,1105,368.33,2,0.67
886,2,346,173.00,123,61.50,51161,25580.50,120629,60314.50,0,0.00,0,0.00
887,1,169,169.00,57,57.00,25564,25564.00,61429,61429.00,67,67.00,0,0.00
888,3,394,131.33,133,44.33,94880,31626.67,109343,36447.67,1476,492.00,1,0.33
889,1,44,44.00,30,30.00,48116,48116.00,31478,31478.00,446,446.00,1,1.00
894,33,5545,168.03,1848,56.00,854026,25879.58,1996351,60495.48,5397,163.55,5,0.15
895,14,2370,169.29,804,57.43,359685,25691.79,848335,60595.36,5012,358.00,0,0.00
896,3,511,170.33,175,58.33,78156,26052.00,191307,63769.00,0,0.00,0,0.00
897,12,1507,125.58,634,52.83,379674,31639.50,570716,47559.67,1777,148.08,4,0.33
898,4,682,170.50,230,57.50,104087,26021.75,246852,61713.00,186,46.50,0,0.00
899,5,742,148.40,254,50.80,154296,30859.20,276763,55352.60,1022,204.40,4,0.80
900,70,21734,310.49,7187,102.67,486707,6952.96,190285,2718.36,0,0.00,0,0.00
901,11,3052,277.45,1027,93.36,101698,9245.27,129349,11759.00,0,0.00,0,0.00
902,4,1076,269.00,365,91.25,42086,10521.50,62003,15500.75,0,0.00,0,0.00
903,4,1212,303.00,408,102.00,22039,5509.75,803,200.75,0,0.00,0,0.00
904,3,911,303.67,308,102.67,16536,5512.00,606,202.00,0,0.00,0,0.00
905,2,603,301.50,204,102.00,11063,5531.50,405,202.50,0,0.00,0,0.00
906,1,303,303.00,103,103.00,5528,5528.00,205,205.00,0,0.00,0,0.00
908,2,601,300.50,202,101.00,11061,5530.50,400,200.00,0,0.00,0,0.00
909,5,1113,222.60,398,79.60,96921,19384.20,49272,9854.40,736,147.20,1,0.20
910,262,74819,285.57,25245,96.35,4099577,15647.24,6227116,23767.62,194749,743.32,1,0.00
911,84,22712,270.38,7715,91.85,1438264,17122.19,2378460,28315.00,56085,667.68,0,0.00
912,14,3600,257.14,1205,86.07,277149,19796.36,304621,21758.64,7707,550.50,1,0.07
913,33,8972,271.88,3045,92.27,561441,17013.36,818827,24812.94,23409,709.36,0,0.00
914,12,3652,304.33,1249,104.08,168664,14055.33,193178,16098.17,10293,857.75,0,0.00
915,6,1568,261.33,538,89.67,108728,18121.33,189820,31636.67,4041,673.50,0,0.00
916,7,1741,248.71,629,89.86,138241,19748.71,142053,20293.29,4881,697.29,1,0.14
917,6,1564,260.67,536,89.33,108146,18024.33,181850,30308.33,4284,714.00,3,0.50
918,8,2039,254.88,742,92.75,148497,18562.12,144348,18043.50,6202,775.25,1,0.12
919,9,1727,191.89,603,67.00,214853,23872.56,305186,33909.56,4531,503.44,12,1.33
920,4,1085,271.25,371,92.75,68801,17200.25,121567,30391.75,2577,644.25,0,0.00
921,5,993,198.60,387,77.40,143016,28603.20,123951,24790.20,3127,625.40,2,0.40
922,3,790,263.33,268,89.33,45803,15267.67,56491,18830.33,1520,506.67,3,1.00
923,1,305,305.00,106,106.00,14029,14029.00,14110,14110.00,880,880.00,0,0.00
924,7,1966,280.86,848,121.14,199789,28541.29,131419,18774.14,2156,308.00,13,1.86
925,2,487,243.50,163,81.50,32498,16249.00,66489,33244.50,0,0.00,3,1.50
926,42,7577,180.40,2531,60.26,1099292,26173.62,2648856,63068.00,10534,250.81,5,0.12
927,13,2408,185.23,816,62.77,337808,25985.23,836652,64357.85,1159,89.15,0,0.00
928,5,884,176.80,301,60.20,133361,26672.20,329734,65946.80,1650,330.00,0,0.00
929,4,568,142.00,229,57.25,123733,30933.25,225703,56425.75,291,72.75,1,0.25
930,2,352,176.00,122,61.00,53551,26775.50,137244,68622.00,490,245.00,0,0.00
931,1,176,176.00,60,60.00,26954,26954.00,68636,68636.00,80,80.00,0,0.00
932,2,495,247.50,172,86.00,33170,16585.00,69177,34588.50,0,0.00,0,0.00
933,2,618,309.00,216,108.00,28304,14152.00,25692,12846.00,1724,862.00,0,0.00
934,5,893,178.60,290,58.00,94086,18817.20,225282,45056.40,1619,323.80,6,1.20
935,2,488,244.00,163,81.50,41103,20551.50,82282,41141.00,862,431.00,0,0.00
936,2,92,46.00,40,20.00,87070,43535.00,39368,19684.00,1075,537.50,2,1.00
937,3,534,178.00,197,65.67,96035,32011.67,118507,39502.33,1017,339.00,6,2.00
938,1,178,178.00,60,60.00,27181,27181.00,68650,68650.00,0,0.00,3,3.00
939,1,48,48.00,12,12.00,47075,47075.00,12811,12811.00,553,553.00,1,1.00
940,2,106,53.00,44,22.00,112348,56174.00,41402,20701.00,742,371.00,2,1.00
941,3,559,186.33,192,64.00,95239,31746.33,100532,33510.67,1206,402.00,1,0.33
942,41,7387,180.17,2465,60.12,1105942,26974.20,2621855,63947.68,8306,202.59,0,0.00
943,18,3088,171.56,1044,58.00,507469,28192.72,1160097,64449.83,3019,167.72,1,0.06
944,2,359,179.50,122,61.00,53535,26767.50,101457,50728.50,1102,551.00,0,0.00
945,6,1838,306.33,1246,207.67,137282,22880.33,334182,55697.00,192,32.00,0,0.00
946,2,240,120.00,79,39.50,81477,40738.50,88501,44250.50,1222,611.00,1,0.50
947,2,359,179.50,122,61.00,54953,27476.50,142128,71064.00,0,0.00,1,0.50
948,2,485,242.50,165,82.50,42269,21134.50,59874,29937.00,1113,556.50,0,0.00
949,1,305,305.00,106,106.00,15031,15031.00,11678,11678.00,824,824.00,0,0.00
950,2,494,247.00,163,81.50,41105,20552.50,62761,31380.50,1566,783.00,0,0.00
953,1,179,179.00,61,61.00,27376,27376.00,71105,71105.00,208,208.00,0,0.00
956,1,178,178.00,60,60.00,27635,27635.00,71137,71137.00,0,0.00,0,0.00
957,1,181,181.00,61,61.00,27029,27029.00,40512,40512.00,576,576.00,0,0.00
958,33,5940,180.00,1980,60.00,920189,27884.52,2275988,68969.33,2393,72.52,0,0.00
959,14,2536,181.14,856,61.14,386750,27625.00,945888,67563.43,4442,317.29,0,0.00
960,6,1068,178.00,399,66.50,171149,28524.83,309410,51568.33,474,79.00,1,0.17
961,5,906,181.20,305,61.00,139859,27971.80,368416,73683.20,0,0.00,0,0.00
962,29,9506,327.79,1888,65.10,1003786,34613.31,2818182,97178.69,19453,670.79,506,17.45
963,17,5944,349.65,1169,68.76,587861,34580.06,1592210,93659.41,9732,572.47,322,18.94
964,2,753,376.50,141,70.50,73918,36959.00,197129,98564.50,1321,660.50,46,23.00
965,4,1432,358.00,302,75.50,116193,29048.25,339462,84865.50,2778,694.50,70,17.50
967,2,754,377.00,137,68.50,73333,36666.50,225969,112984.50,1852,926.00,46,23.00
968,4,1117,279.25,260,65.00,129630,32407.50,328315,82078.75,1317,329.25,46,11.50
972,1,300,300.00,12,12.00,8460,8460.00,15840,15840.00,0,0.00,0,0.00
973,1,382,382.00,70,70.00,36743,36743.00,113063,113063.00,926,926.00,23,23.00
974,39,7137,183.00,2379,61.00,1102383,28266.23,2713149,69567.92,6528,167.38,0,0.00
975,15,2760,184.00,931,62.07,424312,28287.47,1121156,74743.73,2215,147.67,0,0.00
976,2,498,249.00,168,84.00,43388,21694.00,89048,44524.00,842,421.00,2,1.00
977,7,1296,185.14,437,62.43,198738,28391.14,521868,74552.57,401,57.29,0,0.00
978,1,184,184.00,62,62.00,28068,28068.00,41015,41015.00,378,378.00,0,0.00
980,1,184,184.00,62,62.00,28335,28335.00,62026,62026.00,138,138.00,0,0.00
981,2,240,120.00,78,39.00,81394,40697.00,92676,46338.00,440,220.00,1,0.50
982,1,186,186.00,64,64.00,25785,25785.00,37223,37223.00,732,732.00,0,0.00
983,1,187,187.00,63,63.00,28493,28493.00,76304,76304.00,0,0.00,0,0.00
984,3,426,142.00,140,46.67,106163,35387.67,140424,46808.00,865,288.33,1,0.33
987,1,39,39.00,47,47.00,55887,55887.00,15408,15408.00,498,498.00,1,1.00
990,36,6696,186.00,2232,62.00,1037191,28810.86,2659777,73882.69,3621,100.58,0,0.00
991,19,3567,187.74,1206,63.47,546112,28742.74,1364190,71799.47,3222,169.58,0,0.00
992,3,566,188.67,196,65.33,85155,28385.00,197714,65904.67,1569,523.00,0,0.00
993,7,1337,191.00,387,55.29,181281,25897.29,437539,62505.57,1957,279.57,10,1.43
994,1,190,190.00,64,64.00,28925,28925.00,78910,78910.00,0,0.00,0,0.00
995,1,186,186.00,64,64.00,27494,27494.00,71137,71137.00,0,0.00,0,0.00
996,7,1936,276.57,728,104.00,158552,22650.29,162693,23241.86,514,73.43,5,0.71
997,1,189,189.00,65,65.00,28691,28691.00,76284,76284.00,0,0.00,0,0.00
998,4,757,189.25,259,64.75,114518,28629.50,284115,71028.75,703,175.75,3,0.75
1000,4,805,201.25,227,56.75,149809,37452.25,277534,69383.50,793,198.25,24,6.00
1001,1,191,191.00,63,63.00,28961,28961.00,78931,78931.00,0,0.00,0,0.00
1003,1,189,189.00,64,64.00,29029,29029.00,78910,78910.00,0,0.00,0,0.00
1005,1,193,193.00,66,66.00,28870,28870.00,78894,78894.00,218,218.00,3,3.00
1006,43,8127,189.00,2709,63.00,1252613,29130.53,3238589,75316.02,11028,256.47,0,0.00
1007,12,2281,190.08,769,64.08,352061,29338.42,944826,78735.50,608,50.67,0,0.00
1008,8,1394,174.25,621,77.62,238225,29778.12,452679,56584.88,2057,257.12,15,1.88
1009,5,952,190.40,320,64.00,146774,29354.80,398099,79619.80,224,44.80,0,0.00
1010,5,951,190.20,319,63.80,145756,29151.20,363057,72611.40,414,82.80,0,0.00
1011,2,385,192.50,132,66.00,58504,29252.00,158627,79313.50,323,161.50,0,0.00
1013,2,385,192.50,128,64.00,58442,29221.00,163160,81580.00,355,177.50,0,0.00
1014,1,693,693.00,77,77.00,52994,52994.00,234251,234251.00,129,129.00,0,0.00
1015,3,1080,360.00,210,70.00,109363,36454.33,315863,105287.67,543,181.00,0,0.00
1017,2,259,129.50,84,42.00,77313,38656.50,100027,50013.50,815,407.50,1,0.50
1018,2,383,191.50,131,65.50,57501,28750.50,78137,39068.50,896,448.00,0,0.00
1020,1,0,0.00,12,12.00,48,48.00,0,0.00,984,984.00,12,12.00
1021,1,338,338.00,118,118.00,15615,15615.00,12570,12570.00,909,909.00,0,0.00
1022,46,8832,192.00,2944,64.00,1364999,29673.89,3574321,77702.63,8817,191.67,0,0.00
1023,14,2709,193.50,913,65.21,416151,29725.07,1107738,79124.14,1988,142.00,0,0.00
1024,2,377,188.50,127,63.50,58465,29232.50,158104,79052.00,0,0.00,0,0.00
1025,5,1158,231.60,330,66.00,157096,31419.20,385654,77130.80,882,176.40,25,5.00
1026,7,1360,194.29,466,66.57,190857,27265.29,523077,74725.29,1459,208.43,0,0.00
1027,2,572,286.00,133,66.50,68069,34034.50,175241,87620.50,713,356.50,23,11.50
1028,3,584,194.67,202,67.33,79372,26457.33,173235,57745.00,1373,457.67,2,0.67
1029,2,403,201.50,145,72.50,59771,29885.50,168636,84318.00,0,0.00,0,0.00
1030,2,395,197.50,140,70.00,51426,25713.00,136267,68133.50,368,184.00,0,0.00
1031,1,196,196.00,66,66.00,29578,29578.00,65657,65657.00,346,346.00,0,0.00
1032,1,480,480.00,12,12.00,39684,39684.00,9576,9576.00,0,0.00,0,0.00
1033,3,663,221.00,408,136.00,108710,36236.67,128670,42890.00,1127,375.67,1,0.33
1034,2,911,455.50,287,143.50,59607,29803.50,271849,135924.50,1886,943.00,28,14.00
1035,4,794,198.50,280,70.00,93661,23415.25,290209,72552.25,2121,530.25,3,0.75
1037,2,393,196.50,137,68.50,50812,25406.00,116608,58304.00,1147,573.50,0,0.00
1038,54,10383,192.28,3478,64.41,1651547,30584.20,4386912,81239.11,14217,263.28,1,0.02
1039,14,3056,218.29,1116,79.71,407125,29080.36,1270346,90739.00,1778,127.00,25,1.79
1040,5,988,197.60,341,68.20,150120,30024.00,402533,80506.60,595,119.00,0,0.00
1041,6,1042,173.67,346,57.67,207819,34636.50,397159,66193.17,1443,240.50,1,0.17
1042,3,593,197.67,201,67.00,90078,30026.00,261205,87068.33,988,329.33,0,0.00
1043,2,394,197.00,135,67.50,59091,29545.50,150034,75017.00,1136,568.00,0,0.00
1044,3,254,84.67,90,30.00,102155,34051.67,22318,7439.33,515,171.67,13,4.33
1045,1,197,197.00,67,67.00,30366,30366.00,87088,87088.00,0,0.00,0,0.00
1046,3,443,147.67,177,59.00,121563,40521.00,191574,63858.00,738,246.00,1,0.33
1047,1,66,66.00,20,20.00,59882,59882.00,31894,31894.00,338,338.00,1,1.00
1048,1,197,197.00,66,66.00,30067,30067.00,48346,48346.00,360,360.00,0,0.00
1049,1,197,197.00,67,67.00,29855,29855.00,52700,52700.00,594,594.00,0,0.00
1052,3,454,151.33,151,50.33,118649,39549.67,136565,45521.67,794,264.67,8,2.67
1053,2,1440,720.00,160,80.00,107524,53762.00,358555,179277.50,697,348.50,0,0.00
1054,35,6932,198.06,2311,66.03,1069534,30558.11,2769085,79116.71,8682,248.06,0,0.00
1055,21,4187,199.38,1408,67.05,643183,30627.76,1749692,83318.67,4018,191.33,0,0.00
1056,6,1010,168.33,359,59.83,163332,27222.00,384229,64038.17,1226,204.33,24,4.00
1057,9,1801,200.11,605,67.22,276002,30666.89,717330,79703.33,1445,160.56,0,0.00
1058,1,200,200.00,68,68.00,30833,30833.00,89904,89904.00,0,0.00,0,0.00
1059,2,402,201.00,137,68.50,61039,30519.50,171966,85983.00,640,320.00,0,0.00
1060,1,202,202.00,69,69.00,30849,30849.00,89906,89906.00,0,0.00,0,0.00
1061,2,403,201.50,139,69.50,61206,30603.00,114780,57390.00,512,256.00,0,0.00
1065,3,305,101.67,124,41.33,132219,44073.00,132185,44061.67,760,253.33,7,2.33
1067,1,56,56.00,14,14.00,49310,49310.00,13996,13996.00,553,553.00,1,1.00
1068,2,727,363.50,79,39.50,37814,18907.00,134796,67398.00,0,0.00,0,0.00
1070,32,6256,195.50,2086,65.19,1037004,32406.38,2614004,81687.62,6617,206.78,1,0.03
1071,23,4648,202.09,1566,68.09,715608,31113.39,2005986,87216.78,4193,182.30,0,0.00
1072,3,615,205.00,210,70.00,91668,30556.00,169965,56655.00,2204,734.67,0,0.00
1073,6,1215,202.50,411,68.50,187530,31255.00,521095,86849.17,316,52.67,1,0.17
1074,6,1223,203.83,418,69.67,186734,31122.33,556506,92751.00,1129,188.17,0,0.00
1075,1,204,204.00,69,69.00,31336,31336.00,92767,92767.00,0,0.00,0,0.00
1076,2,266,133.00,87,43.50,93598,46799.00,120065,60032.50,250,125.00,1,0.50
1077,1,204,204.00,69,69.00,31341,31341.00,92780,92780.00,0,0.00,0,0.00
1078,2,228,114.00,71,35.50,71206,35603.00,80453,40226.50,626,313.00,14,7.00
1079,1,738,738.00,82,82.00,57243,57243.00,331849,331849.00,0,0.00,0,0.00
1080,3,767,255.67,162,54.00,82086,27362.00,216957,72319.00,831,277.00,0,0.00
1084,1,72,72.00,22,22.00,53096,53096.00,21003,21003.00,708,708.00,1,1.00
1085,2,408,204.00,136,68.00,62889,31444.50,185546,92773.00,0,0.00,0,0.00
1086,40,8164,204.10,2720,68.00,1263372,31584.30,3674591,91864.77,7332,183.30,0,0.00
1087,15,3075,205.00,1037,69.13,470947,31396.47,1193523,79568.20,5575,371.67,0,0.00
1088,2,411,205.50,140,70.00,63192,31596.00,191320,95660.00,360,180.00,0,0.00
1089,4,822,205.50,276,69.00,125940,31485.00,293076,73269.00,1187,296.75,0,0.00
1090,4,823,205.75,281,70.25,125964,31491.00,277164,69291.00,1173,293.25,0,0.00
1091,5,1033,206.60,351,70.20,157103,31420.60,452971,90594.20,1899,379.80,0,0.00
1092,3,1350,450.00,637,212.33,114971,38323.67,221067,73689.00,1543,514.33,1,0.33
1093,2,955,477.50,155,77.50,86316,43158.00,273143,136571.50,572,286.00,0,0.00
1094,4,1412,353.00,479,119.75,173878,43469.50,132522,33130.50,2680,670.00,1,0.25
1095,1,46,46.00,47,47.00,57952,57952.00,30407,30407.00,276,276.00,1,1.00
1096,1,209,209.00,71,71.00,31832,31832.00,95701,95701.00,0,0.00,0,0.00
1098,2,418,209.00,143,71.50,62642,31321.00,191310,95655.00,1036,518.00,0,0.00
1099,1,208,208.00,72,72.00,30993,30993.00,72901,72901.00,886,886.00,0,0.00
1101,1,206,206.00,69,69.00,31904,31904.00,95685,95685.00,0,0.00,0,0.00
1102,31,6417,207.00,2139,69.00,993961,32063.26,2844901,91771.00,5729,184.81,0,0.00
1103,21,4365,207.86,1482,70.57,674297,32109.38,1884380,89732.38,2957,140.81,2,0.10
1104,1,208,208.00,72,72.00,31673,31673.00,52071,52071.00,575,575.00,0,0.00
1105,6,1254,209.00,423,70.50,193482,32247.00,578319,96386.50,95,15.83,0,0.00
1106,8,2080,260.00,541,67.62,315076,39384.50,959961,119995.12,1718,214.75,1,0.12
1107,5,1048,209.60,358,71.60,160099,32019.80,463994,92798.80,1271,254.20,0,0.00
1108,2,412,206.00,140,70.00,63636,31818.00,191345,95672.50,930,465.00,0,0.00
1109,1,212,212.00,74,74.00,32283,32283.00,98624,98624.00,0,0.00,0,0.00
1110,1,46,46.00,49,49.00,57803,57803.00,35559,35559.00,261,261.00,1,1.00
1111,3,477,159.00,174,58.00,125357,41785.67,193430,64476.67,1087,362.33,1,0.33
1113,2,419,209.50,142,71.00,64714,32357.00,197244,98622.00,0,0.00,0,0.00
1114,1,209,209.00,70,70.00,32253,32253.00,98622,98622.00,0,0.00,0,0.00
1116,3,1044,348.00,396,132.00,68976,22992.00,40464,13488.00,0,0.00,0,0.00
1118,33,6930,210.00,2310,70.00,1070872,32450.67,3096474,93832.55,8977,272.03,0,0.00
1119,16,3951,246.94,1173,73.31,544510,34031.88,1628898,101806.12,4421,276.31,0,0.00
1120,5,1064,212.80,362,72.40,161591,32318.20,404954,80990.80,2019,403.80,0,0.00
1121,7,1481,211.57,503,71.86,228145,32592.14,635111,90730.14,1008,144.00,1,0.14
1122,7,1887,269.57,495,70.71,272449,38921.29,736048,105149.71,3142,448.86,1,0.14
1123,1,214,214.00,72,72.00,32714,32714.00,101617,101617.00,16,16.00,0,0.00
1124,2,426,213.00,145,72.50,64576,32288.00,203125,101562.50,924,462.00,0,0.00
1125,1,214,214.00,71,71.00,32745,32745.00,101618,101618.00,0,0.00,0,0.00
1126,1,213,213.00,73,73.00,32777,32777.00,101619,101619.00,0,0.00,0,0.00
1127,2,273,136.50,110,55.00,95675,47837.50,152252,76126.00,234,117.00,1,0.50
1128,2,423,211.50,142,71.00,65647,32823.50,203236,101618.00,0,0.00,0,0.00
1129,2,444,222.00,164,82.00,65550,32775.00,203236,101618.00,0,0.00,0,0.00
1131,2,789,394.50,104,52.00,77781,38890.50,367737,183868.50,1114,557.00,2,1.00
1132,1,183,183.00,65,65.00,32164,32164.00,73566,73566.00,142,142.00,7,7.00
1133,1,214,214.00,71,71.00,32893,32893.00,101620,101620.00,0,0.00,0,0.00
1134,41,8733,213.00,2911,71.00,1351353,32959.83,3971662,96869.80,9917,241.88,0,0.00
1135,18,3852,214.00,1295,71.94,593888,32993.78,1691417,93967.61,3789,210.50,0,0.00
1136,4,857,214.25,290,72.50,130668,32667.00,395375,98843.75,1726,431.50,0,0.00
1137,2,261,130.50,115,57.50,97295,48647.50,126940,63470.00,459,229.50,1,0.50
1138,5,1298,259.60,366,73.20,171335,34267.00,449377,89875.40,3329,665.80,26,5.20
1139,1,218,218.00,75,75.00,32475,32475.00,61145,61145.00,746,746.00,0,0.00
1140,1,214,214.00,72,72.00,32423,32423.00,67258,67258.00,815,815.00,0,0.00
1142,3,480,160.00,182,60.67,132373,44124.33,225542,75180.67,615,205.00,1,0.33
1143,2,53,26.50,53,26.50,67659,33829.50,24555,12277.50,435,217.50,12,6.00
1144,4,2003,500.75,321,80.25,185443,46360.75,789785,197446.25,415,103.75,0,0.00
1146,1,216,216.00,76,76.00,33349,33349.00,104668,104668.00,0,0.00,0,0.00
1147,1,64,64.00,25,25.00,54182,54182.00,34094,34094.00,937,937.00,1,1.00
1148,2,216,108.00,72,36.00,35014,17507.00,96538,48269.00,806,403.00,13,6.50
1149,2,850,425.00,114,57.00,126620,63310.00,281635,140817.50,841,420.50,1,0.50
1150,36,7776,216.00,2592,72.00,1204768,33465.78,3559488,98874.67,7662,212.83,0,0.00
1151,13,2827,217.46,952,73.23,434929,33456.08,1335461,102727.77,2947,226.69,0,0.00
1152,7,1587,226.71,630,90.00,272073,38867.57,571051,81578.71,636,90.86,1,0.14
1153,8,1745,218.12,588,73.50,268285,33535.62,780683,97585.38,1286,160.75,0,0.00
1154,4,1276,319.00,299,74.75,147677,36919.25,455103,113775.75,3200,800.00,56,14.00
1155,3,665,221.67,231,77.00,100530,33510.00,269550,89850.00,518,172.67,0,0.00
1156,4,554,138.50,226,56.50,186353,46588.25,280502,70125.50,1030,257.50,2,0.50
1157,4,1863,465.75,288,72.00,221491,55372.75,890112,222528.00,892,223.00,1,0.25
1158,1,792,792.00,89,89.00,60867,60867.00,328726,328726.00,91,91.00,0,0.00
1160,1,227,227.00,83,83.00,33015,33015.00,77588,77588.00,706,706.00,0,0.00
1162,2,606,303.00,204,102.00,51790,25895.00,186746,93373.00,1122,561.00,3,1.50
1163,2,605,302.50,204,102.00,51678,25839.00,227388,113694.00,585,292.50,0,0.00
1164,2,760,380.00,264,132.00,42564,21282.00,136147,68073.50,396,198.00,0,0.00
1165,5,1434,286.80,488,97.60,137253,27450.60,426212,85242.40,2504,500.80,0,0.00
1166,38,8492,223.47,2837,74.66,1276183,33583.76,3869449,101827.61,5310,139.74,0,0.00
1167,13,2870,220.77,965,74.23,442077,34005.92,1355122,104240.15,1975,151.92,0,0.00
1168,7,1715,245.00,587,83.86,223115,31873.57,767099,109585.57,899,128.43,0,0.00
1169,9,1770,196.67,597,66.33,274377,30486.33,755009,83889.89,1972,219.11,11,1.22
1170,1,221,221.00,75,75.00,34161,34161.00,110792,110792.00,0,0.00,0,0.00
1171,4,574,143.50,200,50.00,211746,52936.50,316226,79056.50,840,210.00,2,0.50
1172,1,12,12.00,8,8.00,9777,9777.00,1693,1693.00,841,841.00,21,21.00
1173,1,803,803.00,90,90.00,58946,58946.00,207240,207240.00,529,529.00,0,0.00
1174,1,60,60.00,35,35.00,63435,63435.00,47422,47422.00,345,345.00,1,1.00
1175,4,894,223.50,316,79.00,150519,37629.75,391880,97970.00,1019,254.75,1,0.25
1176,1,132,132.00,12,12.00,37884,37884.00,3624,3624.00,840,840.00,0,0.00
1177,1,220,220.00,75,75.00,34258,34258.00,110876,110876.00,0,0.00,0,0.00
1178,1,213,213.00,71,71.00,33346,33346.00,60689,60689.00,298,298.00,0,0.00
1179,1,69,69.00,41,41.00,62306,62306.00,55546,55546.00,517,517.00,6,6.00
1180,2,274,137.00,117,58.50,108371,54185.50,131297,65648.50,501,250.50,1,0.50
1181,1,224,224.00,77,77.00,33292,33292.00,110825,110825.00,897,897.00,0,0.00
1182,31,6882,222.00,2294,74.00,1069439,34498.03,3285376,105979.87,4274,137.87,0,0.00
1183,22,5924,269.27,1639,74.50,842601,38300.05,2494799,113399.95,4698,213.55,1,0.05
1184,4,1330,332.50,446,111.50,124234,31058.50,417617,104404.25,1022,255.50,0,0.00
1185,4,894,223.50,303,75.75,137012,34253.00,452582,113145.50,1595,398.75,0,0.00
1186,7,2169,309.86,558,79.71,265339,37905.57,858807,122686.71,2524,360.57,0,0.00
1187,1,223,223.00,75,75.00,34662,34662.00,114055,114055.00,0,0.00,0,0.00
1188,7,910,130.00,273,39.00,305352,43621.71,391616,55945.14,2730,390.00,4,0.57
1189,1,60,60.00,12,12.00,47539,47539.00,10889,10889.00,679,679.00,1,1.00
1190,4,892,223.00,304,76.00,134363,33590.75,311727,77931.75,3578,894.50,0,0.00
1191,3,349,116.33,113,37.67,150617,50205.67,144171,48057.00,1501,500.33,2,0.67
1192,1,54,54.00,27,27.00,70193,70193.00,88856,88856.00,384,384.00,1,1.00
1196,1,819,819.00,91,91.00,62562,62562.00,316468,316468.00,156,156.00,0,0.00
1197,2,1639,819.50,183,91.50,123437,61718.50,615530,307765.00,592,296.00,0,0.00
1198,32,7036,219.88,2366,73.94,1146474,35827.31,3488590,109018.44,5591,174.72,1,0.03
1199,17,3684,216.71,1242,73.06,629302,37017.76,1752608,103094.59,2732,160.71,1,0.06
1200,5,1124,224.80,321,64.20,199934,39986.80,476744,95348.80,0,0.00,0,0.00
1201,8,1655,206.88,552,69.00,307016,38377.00,737138,92142.25,2866,358.25,1,0.12
1202,3,512,170.67,165,55.00,119354,39784.67,246414,82138.00,845,281.67,1,0.33
1203,5,1726,345.20,403,80.60,197430,39486.00,712912,142582.40,1989,397.80,0,0.00
1204,4,576,144.00,231,57.75,198257,49564.25,288975,72243.75,1356,339.00,2,0.50
1205,1,63,63.00,25,25.00,71868,71868.00,42235,42235.00,412,412.00,1,1.00
1206,1,229,229.00,80,80.00,35153,35153.00,117273,117273.00,0,0.00,0,0.00
1207,2,293,146.50,117,58.50,95685,47842.50,172525,86262.50,380,190.00,1,0.50
1208,1,230,230.00,78,78.00,34415,34415.00,66334,66334.00,751,751.00,0,0.00
1209,5,2939,587.80,431,86.20,257131,51426.20,1093835,218767.00,969,193.80,5,1.00
1210,3,1115,371.67,212,70.67,170381,56793.67,607802,202600.67,141,47.00,1,0.33
1211,1,227,227.00,77,77.00,35212,35212.00,117273,117273.00,0,0.00,0,0.00
1212,1,830,830.00,93,93.00,64205,64205.00,416925,416925.00,0,0.00,0,0.00
1213,3,940,313.33,180,60.00,190367,63455.67,508176,169392.00,759,253.00,2,0.67
1214,37,8436,228.00,2812,76.00,1307613,35340.89,4111348,111117.51,9049,244.57,0,0.00
1215,21,4639,220.90,1593,75.86,772503,36785.86,1955381,93113.38,10396,495.05,1,0.05
1216,4,921,230.25,314,78.50,141925,35481.25,427240,106810.00,438,109.50,0,0.00
1217,7,1606,229.43,541,77.29,247731,35390.14,787920,112560.00,1462,208.86,0,0.00
1218,1,231,231.00,78,78.00,35423,35423.00,108229,108229.00,166,166.00,0,0.00
1219,3,691,230.33,234,78.00,105803,35267.67,342383,114127.67,1055,351.67,0,0.00
1220,1,231,231.00,79,79.00,34645,34645.00,66575,66575.00,1027,1027.00,0,0.00
1222,3,1904,634.67,263,87.67,162077,54025.67,725319,241773.00,1123,374.33,0,0.00
1223,1,840,840.00,94,94.00,64888,64888.00,425965,425965.00,0,0.00,0,0.00
1225,2,280,140.00,124,62.00,111417,55708.50,146607,73303.50,749,374.50,1,0.50
1226,1,229,229.00,77,77.00,35574,35574.00,113133,113133.00,115,115.00,0,0.00
1228,2,290,145.00,116,58.00,104218,52109.00,176514,88257.00,445,222.50,1,0.50
1230,38,8943,235.34,2988,78.63,1341110,35292.37,4010411,105537.13,12628,332.32,0,0.00
1231,26,6459,248.42,2024,77.85,988340,38013.08,2965573,114060.50,8227,316.42,1,0.04
1232,4,931,232.75,316,79.00,141922,35480.50,352005,88001.25,2315,578.75,0,0.00
1233,4,567,141.75,268,67.00,183805,45951.25,274246,68561.50,1654,413.50,2,0.50
1234,1,232,232.00,78,78.00,35669,35669.00,81652,81652.00,417,417.00,0,0.00
1235,5,3444,688.80,403,80.60,326701,65340.20,1521949,304389.80,1175,235.00,1,0.20
1236,4,1764,441.00,444,111.00,84576,21144.00,110424,27606.00,0,0.00,0,0.00
1237,1,238,238.00,84,84.00,35200,35200.00,80651,80651.00,892,892.00,0,0.00
1238,1,68,68.00,27,27.00,77046,77046.00,50923,50923.00,450,450.00,1,1.00
1239,1,231,231.00,78,78.00,36103,36103.00,123867,123867.00,0,0.00,0,0.00
1242,1,230,230.00,79,79.00,35816,35816.00,120550,120550.00,0,0.00,0,0.00
1243,2,470,235.00,158,79.00,70824,35412.00,173431,86715.50,1435,717.50,0,0.00
1244,1,204,204.00,72,72.00,35497,35497.00,92143,92143.00,142,142.00,7,7.00
1245,2,285,142.50,131,65.50,109593,54796.50,144932,72466.00,1673,836.50,1,0.50
1246,42,9304,221.52,3184,75.81,1609160,38313.33,4670703,111207.21,7367,175.40,3,0.07
1247,17,4001,235.35,1347,79.24,614794,36164.35,1891811,111283.00,6174,363.18,5,0.29
1248,5,3036,607.20,444,88.80,269292,53858.40,1434300,286860.00,1248,249.60,0,0.00
1249,8,2510,313.75,655,81.88,313578,39197.25,1252329,156541.12,2422,302.75,0,0.00
1250,5,997,199.40,376,75.20,206612,41322.40,531706,106341.20,726,145.20,1,0.20
1251,6,1517,252.83,291,48.50,284921,47486.83,553808,92301.33,4043,673.83,3,0.50
1252,5,655,131.00,237,47.40,236150,47230.00,335883,67176.60,1642,328.40,3,0.60
1253,3,537,179.00,225,75.00,134710,44903.33,297695,99231.67,525,175.00,1,0.33
1255,3,974,324.67,141,47.00,174771,58257.00,319102,106367.33,2146,715.33,2,0.67
1256,3,355,118.33,124,41.33,198087,66029.00,177052,59017.33,1292,430.67,9,3.00
1257,2,304,152.00,88,44.00,37269,18634.50,127230,63615.00,0,0.00,8,4.00
1258,3,541,180.33,174,58.00,115330,38443.33,213371,71123.67,1729,576.33,1,0.33
1260,3,1550,516.67,739,246.33,143087,47695.67,309333,103111.00,471,157.00,3,1.00
1261,12,10368,864.00,1152,96.00,782540,65211.67,4114799,342899.92,3518,293.17,0,0.00
1262,43,11450,266.28,3441,80.02,1628057,37861.79,5477051,127373.28,13580,315.81,0,0.00
1263,16,3630,226.88,1251,78.19,618348,38646.75,1943661,121478.81,4963,310.19,1,0.06
1264,7,2109,301.29,550,78.57,328980,46997.14,1008856,144122.29,2617,373.86,1,0.14
1265,6,1433,238.83,482,80.33,219675,36612.50,650682,108447.00,2529,421.50,0,0.00
1266,2,306,153.00,107,53.50,113237,56618.50,133891,66945.50,1318,659.00,1,0.50
1267,2,312,156.00,100,50.00,108102,54051.00,152545,76272.50,581,290.50,1,0.50
1268,2,1106,553.00,180,90.00,104101,52050.50,584278,292139.00,0,0.00,0,0.00
1269,2,483,241.50,170,85.00,72166,36083.00,254400,127200.00,938,469.00,0,0.00
1270,2,288,144.00,133,66.50,97610,48805.00,92806,46403.00,1458,729.00,1,0.50
1271,2,479,239.50,161,80.50,74102,37051.00,261244,130622.00,0,0.00,0,0.00
1272,4,968,242.00,327,81.75,148317,37079.25,522431,130607.75,0,0.00,0,0.00
1274,20,16828,841.40,1928,96.40,1290982,64549.10,7600847,380042.35,5308,265.40,0,0.00
1275,8,6178,772.25,740,92.50,517404,64675.50,2630754,328844.25,4036,504.50,1,0.12
1276,1,244,244.00,79,79.00,36991,36991.00,127309,127309.00,0,0.00,0,0.00
1278,35,8400,240.00,2800,80.00,1302722,37220.63,4062304,116065.83,9610,274.57,0,0.00
1279,19,5213,274.37,1561,82.16,736284,38751.79,2453023,129106.47,3848,202.53,0,0.00
1280,2,485,242.50,163,81.50,75006,37503.00,268106,134053.00,0,0.00,0,0.00
1281,5,1209,241.80,406,81.20,187126,37425.20,612210,122442.00,431,86.20,0,0.00
1282,3,725,241.67,247,82.33,111343,37114.33,339740,113246.67,1183,394.33,0,0.00
1283,3,550,183.33,194,64.67,154399,51466.33,336462,112154.00,390,130.00,1,0.33
1284,6,1710,285.00,608,101.33,154539,25756.50,278672,46445.33,1177,196.17,12,2.00
1286,1,243,243.00,84,84.00,36752,36752.00,76127,76127.00,796,796.00,0,0.00
1287,28,23413,836.18,2709,96.75,1799736,64276.29,9772596,349021.29,8701,310.75,0,0.00
1288,8,6052,756.50,952,119.00,446860,55857.50,2038144,254768.00,4700,587.50,0,0.00
1289,2,876,438.00,102,51.00,74846,37423.00,458709,229354.50,664,332.00,2,1.00
1290,1,244,244.00,80,80.00,37500,37500.00,134053,134053.00,0,0.00,0,0.00
1291,2,1128,564.00,183,91.50,104850,52425.00,493094,246547.00,234,117.00,0,0.00
1293,1,51,51.00,64,64.00,54323,54323.00,39798,39798.00,812,812.00,1,1.00
1294,42,10206,243.00,3402,81.00,1587612,37800.29,5431526,129322.05,7216,171.81,0,0.00
1295,14,3416,244.00,1155,82.50,526688,37620.57,1711738,122267.00,4850,346.43,0,0.00
1296,3,367,122.33,166,55.33,174653,58217.67,240297,80099.00,1233,411.00,2,0.67
1297,6,1104,184.00,413,68.83,289641,48273.50,574007,95667.83,3547,591.17,2,0.33
1298,4,978,244.50,330,82.50,150165,37541.25,431658,107914.50,1785,446.25,0,0.00
1299,1,245,245.00,83,83.00,36718,36718.00,137453,137453.00,1255,1255.00,0,0.00
1300,35,28613,817.51,3411,97.46,2227624,63646.40,12128078,346516.51,12536,358.17,0,0.00
1301,9,8016,890.67,900,100.00,599742,66638.00,2998808,333200.89,3478,386.44,5,0.56
1302,3,1377,459.00,263,87.67,138795,46265.00,494936,164978.67,1845,615.00,0,0.00
1303,2,1784,892.00,200,100.00,134114,67057.00,727448,363724.00,670,335.00,0,0.00
1305,1,63,63.00,39,39.00,63193,63193.00,55594,55594.00,752,752.00,1,1.00
1306,2,491,245.50,168,84.00,74797,37398.50,272996,136498.00,1261,630.50,0,0.00
1307,1,63,63.00,28,28.00,81713,81713.00,91830,91830.00,307,307.00,1,1.00
1308,2,463,231.50,105,52.50,64994,32497.00,142139,71069.50,756,378.00,0,0.00
1309,17,867,51.00,17,1.00,356664,20980.24,501332,29490.12,19584,1152.00,2669,157.00
1310,61,12487,204.70,3963,64.97,2104786,34504.69,6517217,106839.62,28289,463.75,2046,33.54
1311,24,5349,222.88,1758,73.25,862958,35956.58,2714179,113090.79,10746,447.75,476,19.83
1312,8,810,101.25,184,23.00,201401,25175.12,333996,41749.50,8453,1056.62,942,117.75
1313,27,20844,772.00,2534,93.85,1656561,61354.11,8857785,328066.11,9962,368.96,157,5.81
1314,7,4139,591.29,574,82.00,369859,52837.00,1816684,259526.29,3033,433.29,157,22.43
1315,5,854,170.80,257,51.40,157550,31510.00,482215,96443.00,2304,460.80,314,62.80
1316,4,2303,575.75,374,93.50,212815,53203.75,1015657,253914.25,711,177.75,0,0.00
1317,1,246,246.00,83,83.00,37072,37072.00,52065,52065.00,895,895.00,0,0.00
1318,3,191,63.67,42,14.00,169868,56622.67,105569,35189.67,2515,838.33,159,53.00
1319,4,1660,415.00,353,88.25,183488,45872.00,906783,226695.75,1320,330.00,0,0.00
1320,1,54,54.00,3,3.00,21037,21037.00,29482,29482.00,1152,1152.00,157,157.00
1322,4,630,157.50,190,47.50,158376,39594.00,269431,67357.75,4107,1026.75,158,39.50
1324,1,70,70.00,25,25.00,79989,79989.00,55570,55570.00,395,395.00,1,1.00
1325,1,250,250.00,83,83.00,38552,38552.00,141076,141076.00,0,0.00,0,0.00
1326,46,11454,249.00,3818,83.00,1774251,38570.67,6093925,132476.63,16332,355.04,0,0.00
1327,19,4571,240.58,1529,80.47,767350,40386.84,2245363,118177.00,4850,255.26,1,0.05
1328,5,1059,211.80,344,68.80,175301,35060.20,604471,120894.20,2367,473.40,162,32.40
1329,7,1357,193.86,424,60.57,236415,33773.57,771682,110240.29,2704,386.29,314,44.86
1330,2,504,252.00,171,85.50,77885,38942.50,289323,144661.50,0,0.00,0,0.00
1331,2,316,158.00,97,48.50,90347,45173.50,155196,77598.00,992,496.00,1,0.50
1332,3,1409,469.67,274,91.33,144965,48321.67,562058,187352.67,452,150.67,5,1.67
1333,2,1583,791.50,1418,709.00,38994,19497.00,144672,72336.00,0,0.00,0,0.00
1334,2,499,249.50,167,83.50,77561,38780.50,267541,133770.50,178,89.00,0,0.00
1335,2,520,260.00,183,91.50,77234,38617.00,190486,95243.00,635,317.50,0,0.00
1336,2,503,251.50,171,85.50,77858,38929.00,263081,131540.50,107,53.50,0,0.00
1337,2,311,155.50,94,47.00,59086,29543.00,157143,78571.50,2006,1003.00,162,81.00
1338,1,895,895.00,103,103.00,67654,67654.00,340624,340624.00,234,234.00,0,0.00
1339,1,893,893.00,99,99.00,68963,68963.00,472718,472718.00,0,0.00,0,0.00
1341,1,271,271.00,103,103.00,38488,38488.00,75604,75604.00,496,496.00,0,0.00
1342,42,10584,252.00,3528,84.00,1638318,39007.57,5487083,130644.83,16682,397.19,0,0.00
1343,15,3795,253.00,1279,85.27,584593,38972.87,1957845,130523.00,4563,304.20,0,0.00
1344,7,1785,255.00,608,86.86,272841,38977.29,944498,134928.29,1878,268.29,0,0.00
1345,2,509,254.50,172,86.00,78145,39072.50,251344,125672.00,704,352.00,0,0.00
1346,5,1268,253.60,432,86.40,193859,38771.80,680087,136017.40,843,168.60,0,0.00
1348,3,762,254.00,261,87.00,117256,39085.33,353899,117966.33,1033,344.33,0,0.00
1351,1,254,254.00,86,86.00,38544,38544.00,75683,75683.00,608,608.00,0,0.00
1352,1,257,257.00,87,87.00,39473,39473.00,148290,148290.00,0,0.00,0,0.00
1353,4,1017,254.25,343,85.75,156878,39219.50,585074,146268.50,1071,267.75,5,1.25
1354,1,255,255.00,86,86.00,38289,38289.00,144675,144675.00,1120,1120.00,5,5.00
1356,29,11277,388.86,3137,108.17,1342106,46279.52,593648,20470.62,838,28.90,3,0.10
1357,1,74,74.00,27,27.00,77999,77999.00,61526,61526.00,868,868.00,1,1.00
1358,43,11981,278.63,4139,96.26,1679727,39063.42,5791816,134693.40,13260,308.37,0,0.00
1359,14,3581,255.79,1209,86.36,554098,39578.43,2079024,148501.71,3930,280.71,0,0.00
1360,7,1796,256.57,610,87.14,277402,39628.86,945583,135083.29,1777,253.86,0,0.00
1361,6,1538,256.33,517,86.17,238031,39671.83,783027,130504.50,1324,220.67,0,0.00
1362,3,769,256.33,264,88.00,119051,39683.67,411887,137295.67,270,90.00,0,0.00
1363,2,516,258.00,174,87.00,78926,39463.00,250491,125245.50,900,450.00,0,0.00
1364,1,258,258.00,87,87.00,39899,39899.00,151825,151825.00,0,0.00,0,0.00
1365,4,1671,417.75,361,90.25,185162,46290.50,710771,177692.75,1818,454.50,0,0.00
1367,1,259,259.00,87,87.00,38944,38944.00,96539,96539.00,982,982.00,0,0.00
1368,2,515,257.50,175,87.50,79562,39781.00,300298,150149.00,3,1.50,0,0.00
1370,1,258,258.00,87,87.00,39988,39988.00,151958,151958.00,0,0.00,0,0.00
1371,2,293,146.50,95,47.50,46614,23307.00,78143,39071.50,1847,923.50,15,7.50
1372,1,256,256.00,86,86.00,40037,40037.00,151958,151958.00,0,0.00,0,0.00
1373,1,62,62.00,5,5.00,21791,21791.00,29670,29670.00,1152,1152.00,159,159.00
1374,45,11612,258.04,3869,85.98,1803266,40072.58,6346150,141025.56,12461,276.91,0,0.00
1375,23,5958,259.04,2008,87.30,916017,39826.83,3118516,135587.65,12249,532.57,0,0.00
1376,3,776,258.67,266,88.67,120283,40094.33,393816,131272.00,790,263.33,0,0.00
1377,10,1355,135.50,418,41.80,402726,40272.60,645737,64573.70,6187,618.70,30,3.00
1378,3,789,263.00,271,90.33,120105,40035.00,420696,140232.00,1008,336.00,0,0.00
1379,3,785,261.67,266,88.67,120158,40052.67,409326,136442.00,984,328.00,0,0.00
1380,3,2736,912.00,720,240.00,49428,16476.00,316872,105624.00,0,0.00,0,0.00
1381,1,67,67.00,11,11.00,54529,54529.00,13752,13752.00,807,807.00,1,1.00
1382,1,60,60.00,9,9.00,21521,21521.00,29540,29540.00,1152,1152.00,181,181.00
1383,1,259,259.00,87,87.00,40425,40425.00,155674,155674.00,0,0.00,0,0.00
1384,2,517,258.50,174,87.00,80537,40268.50,307643,153821.50,0,0.00,0,0.00
1386,1,252,252.00,84,84.00,39852,39852.00,144843,144843.00,0,0.00,0,0.00
1387,3,584,194.67,204,68.00,175551,58517.00,384589,128196.33,517,172.33,1,0.33
1388,1,433,433.00,219,219.00,23667,23667.00,14419,14419.00,1130,1130.00,0,0.00
1389,3,418,139.33,149,49.67,207612,69204.00,258201,86067.00,1578,526.00,2,0.67
1390,43,11223,261.00,3741,87.00,1742780,40529.77,5848646,136015.02,13140,305.58,0,0.00
1391,18,4717,262.06,1591,88.39,727220,40401.11,2687476,149304.22,7752,430.67,0,0.00
1392,2,525,262.50,178,89.00,80731,40365.50,308427,154213.50,947,473.50,0,0.00
1393,12,3159,263.25,1062,88.50,484524,40377.00,1623599,135299.92,5633,469.42,1,0.08
1394,2,334,167.00,121,60.50,125043,62521.50,220238,110119.00,832,416.00,1,0.50
1395,1,268,268.00,89,89.00,40702,40702.00,129655,129655.00,159,159.00,0,0.00
1396,3,612,204.00,208,69.33,155967,51989.00,330717,110239.00,1549,516.33,1,0.33
1397,2,329,164.50,113,56.50,132564,66282.00,221970,110985.00,1289,644.50,1,0.50
1399,1,265,265.00,89,89.00,40890,40890.00,159428,159428.00,0,0.00,0,0.00
1400,1,262,262.00,96,96.00,40551,40551.00,155685,155685.00,0,0.00,0,0.00
1403,1,75,75.00,25,25.00,86504,86504.00,74715,74715.00,409,409.00,1,1.00
1404,7,4992,713.14,2052,293.14,257329,36761.29,440441,62920.14,88,12.57,0,0.00
1405,1,264,264.00,90,90.00,39850,39850.00,117855,117855.00,1126,1126.00,0,0.00
1406,40,10560,264.00,3520,88.00,1635214,40880.35,5765241,144131.02,17222,430.55,0,0.00
1407,27,6974,258.30,2358,87.33,1151297,42640.63,3748068,138817.33,8597,318.41,1,0.04
1408,8,1662,207.75,579,72.38,326687,40835.88,926538,115817.25,3020,377.50,12,1.50
1409,3,800,266.67,279,93.00,121927,40642.33,459841,153280.33,2025,675.00,0,0.00
1410,5,1333,266.60,450,90.00,205591,41118.20,742563,148512.60,1036,207.20,0,0.00
1411,2,531,265.50,179,89.50,82532,41266.00,312053,156026.50,163,81.50,0,0.00
1412,1,10,10.00,6,6.00,2354,2354.00,2038,2038.00,175,175.00,11,11.00
1413,4,624,156.00,214,53.50,162293,40573.25,387441,96860.25,2184,546.00,12,3.00
1415,1,269,269.00,89,89.00,40091,40091.00,104275,104275.00,1024,1024.00,0,0.00
1417,8,1694,211.75,118,14.75,263096,32887.00,284817,35602.12,9721,1215.12,0,0.00
1418,4,755,188.75,126,31.50,184291,46072.75,239094,59773.50,3686,921.50,1,0.25
1419,1,206,206.00,6,6.00,31680,31680.00,18146,18146.00,1382,1382.00,0,0.00
1420,6,1266,211.00,110,18.33,200126,33354.33,213475,35579.17,6927,1154.50,7,1.17
1421,3,448,149.33,95,31.67,75964,25321.33,145326,48442.00,1518,506.00,18,6.00
1422,46,12284,267.04,4095,89.02,1910352,41529.39,6967185,151460.54,11597,252.11,0,0.00
1423,15,4023,268.20,1349,89.93,621914,41460.93,2098163,139877.53,4913,327.53,0,0.00
1424,4,1077,269.25,362,90.50,165281,41320.25,593926,148481.50,1864,466.00,0,0.00
1425,4,1075,268.75,361,90.25,165836,41459.00,668286,167071.50,1373,343.25,0,0.00
1426,6,1488,248.00,373,62.17,227400,37900.00,616516,102752.67,6019,1003.17,3,0.50
1427,3,780,260.00,268,89.33,125892,41964.00,392765,130921.67,1269,423.00,10,3.33
1431,2,540,270.00,182,91.00,83692,41846.00,333934,166967.00,0,0.00,0,0.00
1432,2,540,270.00,182,91.00,83432,41716.00,315871,157935.50,282,141.00,0,0.00
1433,2,352,176.00,120,60.00,114243,57121.50,233710,116855.00,1065,532.50,1,0.50
1435,1,270,270.00,91,91.00,41894,41894.00,167092,167092.00,0,0.00,0,0.00
1438,38,10260,270.00,3420,90.00,1597294,42034.05,6021101,158450.03,8882,233.74,0,0.00
1439,17,4610,271.18,1549,91.12,711179,41834.06,2564729,150866.41,7284,428.47,0,0.00
1440,8,972,121.50,249,31.12,445352,55669.00,435016,54377.00,4910,613.75,6,0.75
1441,7,1701,243.00,559,79.86,311345,44477.86,720341,102905.86,4152,593.14,1,0.14
1442,3,817,272.33,276,92.00,125270,41756.67,465964,155321.33,1565,521.67,0,0.00
1443,4,631,157.75,199,49.75,139293,34823.25,265518,66379.50,2919,729.75,12,3.00
1444,4,1389,347.25,373,93.25,178105,44526.25,584010,146002.50,3220,805.00,23,5.75
1445,1,213,213.00,5,5.00,32070,32070.00,16647,16647.00,1390,1390.00,0,0.00
1446,2,344,172.00,104,52.00,99063,49531.50,186020,93010.00,829,414.50,1,0.50
1447,3,614,204.67,225,75.00,181345,60448.33,342731,114243.67,1160,386.67,1,0.33
1448,2,647,323.50,145,72.50,127443,63721.50,266159,133079.50,1951,975.50,24,12.00
1449,2,544,272.00,184,92.00,84117,42058.50,319891,159945.50,592,296.00,0,0.00
1450,1,271,271.00,91,91.00,42037,42037.00,170968,170968.00,330,330.00,0,0.00
1451,2,564,282.00,210,105.00,83380,41690.00,332610,166305.00,1344,672.00,3,1.50
1454,47,12560,267.23,4188,89.11,1952822,41549.40,7261821,154506.83,16428,349.53,13,0.28
1455,14,3842,274.43,1295,92.50,590314,42165.29,2172673,155190.93,8044,574.57,0,0.00
1456,3,825,275.00,278,92.67,127164,42388.00,418106,139368.67,1068,356.00,0,0.00
1457,10,2361,236.10,839,83.90,510197,51019.70,1413470,141347.00,4095,409.50,7,0.70
1458,4,1102,275.50,371,92.75,169847,42461.75,699608,174902.00,1170,292.50,0,0.00
1459,2,545,272.50,184,92.00,82629,41314.50,308605,154302.50,1028,514.00,0,0.00
1463,2,553,276.50,187,93.50,83087,41543.50,295635,147817.50,2489,1244.50,0,0.00
1464,2,552,276.00,188,94.00,85040,42520.00,265958,132979.00,618,309.00,0,0.00
1466,2,351,175.50,125,62.50,145174,72587.00,290695,145347.50,111,55.50,4,2.00
1469,1,74,74.00,42,42.00,88592,88592.00,93489,93489.00,321,321.00,1,1.00
1470,35,9660,276.00,3220,92.00,1502151,42918.60,5604615,160131.86,10549,301.40,0,0.00
1471,14,3681,262.93,1238,88.43,638115,45579.64,2176870,155490.71,2189,156.36,1,0.07
1472,3,607,202.33,192,64.00,110571,36857.00,387551,129183.67,1152,384.00,170,56.67
1473,3,832,277.33,280,93.33,128914,42971.33,495028,165009.33,782,260.67,1,0.33
1474,1,277,277.00,93,93.00,43241,43241.00,178915,178915.00,0,0.00,0,0.00
1475,2,558,279.00,189,94.50,86491,43245.50,357807,178903.50,0,0.00,0,0.00
1476,7,3233,461.86,804,114.86,236636,33805.14,664196,94885.14,2800,400.00,23,3.29
1477,2,559,279.50,190,95.00,85783,42891.50,313919,156959.50,736,368.00,0,0.00
1480,1,277,277.00,93,93.00,43321,43321.00,178915,178915.00,0,0.00,0,0.00
1482,1,64,64.00,53,53.00,90389,90389.00,52855,52855.00,435,435.00,1,1.00
1483,1,272,272.00,91,91.00,42714,42714.00,167274,167274.00,0,0.00,0,0.00
1485,2,564,282.00,186,93.00,113115,56557.50,139620,69810.00,1522,761.00,1,0.50
1486,34,9483,278.91,3171,93.26,1467679,43167.03,5876217,172829.91,12702,373.59,0,0.00
1487,10,2799,279.90,946,94.60,434089,43408.90,1662782,166278.20,2562,256.20,3,0.30
1488,1,264,264.00,12,12.00,73290,73290.00,9777,9777.00,863,863.00,0,0.00
1489,4,1122,280.50,376,94.00,174853,43713.25,731786,182946.50,0,0.00,0,0.00
1490,3,842,280.67,285,95.00,130269,43423.00,439741,146580.33,795,265.00,0,0.00
1491,2,563,281.50,194,97.00,85329,42664.50,242574,121287.00,2097,1048.50,0,0.00
1492,1,282,282.00,95,95.00,43725,43725.00,182949,182949.00,0,0.00,0,0.00
1493,2,564,282.00,189,94.50,84986,42493.00,282771,141385.50,2443,1221.50,0,0.00
1495,3,1463,487.67,289,96.33,152983,50994.33,715819,238606.33,3160,1053.33,46,15.33
1497,3,641,213.67,226,75.33,169789,56596.33,389973,129991.00,787,262.33,1,0.33
1498,1,70,70.00,33,33.00,83593,83593.00,153412,153412.00,385,385.00,1,1.00
1499,2,999,499.50,360,180.00,56209,28104.50,194396,97198.00,1154,577.00,0,0.00
1500,3,1771,590.33,864,288.00,78681,26227.00,329271,109757.00,1194,398.00,12,4.00
1502,32,9024,282.00,3008,94.00,1405157,43911.16,5492322,171635.06,8410,262.81,0,0.00
1503,20,4615,230.75,1481,74.05,964112,48205.60,2475177,123758.85,11304,565.20,5,0.25
1504,6,1501,250.17,499,83.17,273286,45547.67,809894,134982.33,4474,745.67,3,0.50
1505,6,1288,214.67,440,73.33,327456,54576.00,635126,105854.33,4683,780.50,2,0.33
1506,1,287,287.00,101,101.00,44178,44178.00,187022,187022.00,0,0.00,0,0.00
1507,4,494,123.50,174,43.50,265030,66257.50,220286,55071.50,3193,798.25,3,0.75
1508,2,566,283.00,190,95.00,87874,43937.00,302474,151237.00,554,277.00,0,0.00
1510,2,143,71.50,105,52.50,176490,88245.00,155678,77839.00,784,392.00,2,1.00
1511,2,361,180.50,130,65.00,136363,68181.50,287912,143956.00,1167,583.50,1,0.50
1513,1,285,285.00,95,95.00,44179,44179.00,183030,183030.00,0,0.00,5,5.00
1514,2,352,176.00,130,65.00,149870,74935.00,272804,136402.00,111,55.50,1,0.50
1516,1,73,73.00,48,48.00,98129,98129.00,92359,92359.00,186,186.00,1,1.00
1517,1,282,282.00,93,93.00,43660,43660.00,175094,175094.00,0,0.00,2,2.00
1518,38,10830,285.00,3610,95.00,1684128,44319.16,6460515,170013.55,12616,332.00,0,0.00
1519,14,3592,256.57,1223,87.36,718136,51295.43,2223531,158823.64,4249,303.50,2,0.14
1520,4,1147,286.75,389,97.25,177889,44472.25,671017,167754.25,726,181.50,0,0.00
1521,4,936,234.00,318,79.50,224294,56073.50,450413,112603.25,2315,578.75,1,0.25
1522,1,288,288.00,97,97.00,44617,44617.00,190956,190956.00,0,0.00,0,0.00
1524,3,996,332.00,192,64.00,117760,39253.33,28594,9531.33,2784,928.00,72,24.00
1526,1,288,288.00,98,98.00,44688,44688.00,191110,191110.00,0,0.00,0,0.00
1527,1,287,287.00,97,97.00,43393,43393.00,162675,162675.00,1343,1343.00,0,0.00
1528,1,76,76.00,40,40.00,106400,106400.00,88491,88491.00,156,156.00,1,1.00
1529,2,891,445.50,196,98.00,99352,49676.00,389478,194739.00,1495,747.50,23,11.50
1530,2,1825,912.50,1629,814.50,43608,21804.00,191117,95558.50,1208,604.00,0,0.00
1532,1,79,79.00,51,51.00,84623,84623.00,104559,104559.00,387,387.00,1,1.00
1533,1,68,68.00,60,60.00,77229,77229.00,87797,87797.00,246,246.00,1,1.00
1534,44,12672,288.00,4224,96.00,1978901,44975.02,8039468,182715.18,6775,153.98,0,0.00
1535,8,2311,288.88,777,97.12,358200,44775.00,1506274,188284.25,2716,339.50,0,0.00
1536,3,871,290.33,294,98.00,132876,44292.00,487777,162592.33,2510,836.67,0,0.00
1537,1,290,290.00,97,97.00,44532,44532.00,104363,104363.00,607,607.00,0,0.00
1541,2,485,242.50,149,74.50,112633,56316.50,189407,94703.50,2066,1033.00,0,0.00
1543,6,886,147.67,355,59.17,480500,80083.33,743315,123885.83,2408,401.33,4,0.67
1545,1,66,66.00,55,55.00,97854,97854.00,60049,60049.00,468,468.00,1,1.00
1546,1,611,611.00,100,100.00,55936,55936.00,200261,200261.00,1512,1512.00,23,23.00
1548,1,0,0.00,12,12.00,792,792.00,0,0.00,768,768.00,12,12.00
1549,2,155,77.50,95,47.50,184950,92475.00,176000,88000.00,529,264.50,2,1.00
1550,33,10345,313.48,3623,109.79,1466535,44440.45,6027446,182649.88,15406,466.85,0,0.00
1551,10,2920,292.00,981,98.10,453487,45348.70,1707328,170732.80,2556,255.60,0,0.00
1552,1,77,77.00,40,40.00,101772,101772.00,82923,82923.00,292,292.00,1,1.00
1553,9,2638,293.11,887,98.56,408822,45424.67,1725807,191756.33,1739,193.22,0,0.00
1557,2,362,181.00,159,79.50,118413,59206.50,277407,138703.50,723,361.50,1,0.50
1559,1,6,6.00,4,4.00,2337,2337.00,2358,2358.00,110,110.00,11,11.00
1560,2,92,46.00,79,39.50,88460,44230.00,86092,43046.00,573,286.50,1,0.50
1561,3,449,149.67,175,58.33,253978,84659.33,343365,114455.00,925,308.33,2,0.67
1564,1,290,290.00,95,95.00,43635,43635.00,187097,187097.00,1452,1452.00,2,2.00
1565,1,82,82.00,34,34.00,107211,107211.00,155328,155328.00,434,434.00,1,1.00
1566,40,11330,283.25,3749,93.72,1866349,46658.72,6827066,170676.65,15385,384.62,2,0.05
1567,15,4213,280.87,1431,95.40,746347,49756.47,2593548,172903.20,4540,302.67,1,0.07
1568,7,2178,311.14,647,92.43,376421,53774.43,1043974,149139.14,4456,636.57,24,3.43
1569,4,1181,295.25,396,99.00,182750,45687.50,774116,193529.00,1634,408.50,0,0.00
1570,4,965,241.25,342,85.50,242575,60643.75,699178,174794.50,256,64.00,1,0.25
1571,3,900,300.00,310,103.33,134457,44819.00,487261,162420.33,3628,1209.33,0,0.00
1572,1,298,298.00,102,102.00,44939,44939.00,137547,137547.00,1195,1195.00,0,0.00
1573,5,836,167.20,323,64.60,385991,77198.20,663386,132677.20,1559,311.80,3,0.60
1575,2,592,296.00,201,100.50,90696,45348.00,407439,203719.50,1532,766.00,0,0.00
1576,3,467,155.67,205,68.33,252264,84088.00,371196,123732.00,795,265.00,2,0.67
1577,1,297,297.00,99,99.00,46087,46087.00,199604,199604.00,0,0.00,5,5.00
1580,2,703,351.50,142,71.00,161777,80888.50,379497,189748.50,1717,858.50,24,12.00
1581,2,699,349.50,149,74.50,154309,77154.50,406862,203431.00,1792,896.00,24,12.00
1582,45,12702,282.27,4295,95.44,2243664,49859.20,8351687,185593.04,14567,323.71,3,0.07
1583,12,3577,298.08,1200,100.00,554748,46229.00,2117772,176481.00,3960,330.00,0,0.00
1584,2,596,298.00,201,100.50,92384,46192.00,325764,162882.00,744,372.00,0,0.00
1585,7,1431,204.43,514,73.43,487814,69687.71,936724,133817.71,3676,525.14,3,0.43
1586,1,300,300.00,101,101.00,46575,46575.00,208078,208078.00,0,0.00,0,0.00
1587,2,614,307.00,215,107.50,92963,46481.50,408075,204037.50,0,0.00,0,0.00
1591,3,249,83.00,111,37.00,315075,105025.00,248300,82766.67,1060,353.33,3,1.00
1592,2,161,80.50,89,44.50,204027,102013.50,162299,81149.50,618,309.00,2,1.00
1596,3,832,277.33,336,112.00,160162,53387.33,270744,90248.00,731,243.67,8,2.67
1598,35,10612,303.20,3452,98.63,1702039,48629.69,6368154,181947.26,16725,477.86,24,0.69
1599,8,2407,300.88,810,101.25,372631,46578.88,1544593,193074.12,3665,458.12,0,0.00
1600,6,1391,231.83,488,81.33,385719,64286.50,719471,119911.83,3062,510.33,2,0.33
1601,212,63812,301.00,21832,102.98,6943498,32752.35,6435709,30357.12,326630,1540.71,0,0.00
1602,72,21464,298.11,7429,103.18,2475478,34381.64,2215492,30770.72,106713,1482.12,1,0.01
1603,12,3642,303.50,1259,104.92,420329,35027.42,580212,48351.00,15534,1294.50,0,0.00
1604,25,7348,293.92,2539,101.56,886542,35461.68,620377,24815.08,37409,1496.36,1,0.04
1605,10,3033,303.30,1047,104.70,326369,32636.90,161933,16193.30,15454,1545.40,0,0.00
1606,16,3515,219.69,1329,83.06,947299,59206.19,766805,47925.31,17135,1070.94,6,0.38
1607,9,2071,230.11,769,85.44,519978,57775.33,381248,42360.89,9864,1096.00,3,0.33
1608,4,988,247.00,368,92.00,194051,48512.75,169019,42254.75,4955,1238.75,1,0.25
1609,3,461,153.67,187,62.33,242846,80948.67,190991,63663.67,2206,735.33,2,0.67
1610,5,1516,303.20,522,104.40,163288,32657.60,81836,16367.20,7716,1543.20,0,0.00
1611,3,674,224.67,260,86.67,176223,58741.00,78214,26071.33,3888,1296.00,1,0.33
1612,1,80,80.00,41,41.00,105495,105495.00,81714,81714.00,171,171.00,1,1.00
1613,3,917,305.67,316,105.33,98156,32718.67,50261,16753.67,4612,1537.33,0,0.00
1614,17,5155,303.24,1734,102.00,758789,44634.65,2664191,156717.12,9047,532.18,0,0.00
1615,15,4444,296.27,1253,83.53,976765,65117.67,1946417,129761.13,12547,836.47,79,5.27
1616,6,1829,304.83,626,104.33,225941,37656.83,497432,82905.33,6106,1017.67,0,0.00
1617,2,608,304.00,204,102.00,95059,47529.50,433628,216814.00,0,0.00,0,0.00
1618,1,81,81.00,36,36.00,108303,108303.00,75742,75742.00,375,375.00,1,1.00
1619,2,610,305.00,207,103.50,80040,40020.00,201410,100705.00,1696,848.00,0,0.00
1620,2,168,84.00,92,46.00,177687,88843.50,155407,77703.50,1105,552.50,2,1.00
1621,2,156,78.00,92,46.00,213575,106787.50,180654,90327.00,608,304.00,2,1.00
1622,1,78,78.00,47,47.00,106430,106430.00,62890,62890.00,355,355.00,1,1.00
1623,2,611,305.50,205,102.50,93572,46786.00,258306,129153.00,1542,771.00,7,3.50
1624,2,160,80.00,80,40.00,217108,108554.00,162612,81306.00,486,243.00,2,1.00
1625,1,6,6.00,4,4.00,2602,2602.00,637,637.00,1483,1483.00,11,11.00
1626,2,386,193.00,144,72.00,154857,77428.50,304998,152499.00,1903,951.50,1,0.50
1629,2,160,80.00,22,11.00,128977,64488.50,47391,23695.50,1953,976.50,2,1.00
1630,12,2243,186.92,774,64.50,741729,61810.75,1450319,120859.92,3533,294.42,16,1.33
1631,6,2064,344.00,509,84.83,400098,66683.00,752225,125370.83,6531,1088.50,53,8.83
1632,2,401,200.50,127,63.50,96559,48279.50,32946,16473.00,2536,1268.00,1,0.50
1633,6,1508,251.33,400,66.67,426833,71138.83,784402,130733.67,3415,569.17,26,4.33
1634,1,82,82.00,39,39.00,107889,107889.00,89984,89984.00,320,320.00,1,1.00
1635,3,1333,444.33,244,81.33,330315,110105.00,107654,35884.67,3461,1153.67,1,0.33
1639,11,1103,100.27,524,47.64,1119446,101767.82,887047,80640.64,3954,359.45,10,0.91
1640,1,81,81.00,43,43.00,111716,111716.00,88169,88169.00,171,171.00,1,1.00
1642,2,154,77.00,104,52.00,201728,100864.00,158334,79167.00,976,488.00,2,1.00
1644,4,1622,405.50,610,152.50,179941,44985.25,178851,44712.75,432,108.00,1,0.25
1645,3,237,79.00,138,46.00,324335,108111.67,280604,93534.67,802,267.33,3,1.00
1646,2,171,85.50,76,38.00,203889,101944.50,151991,75995.50,1066,533.00,2,1.00
1648,6,481,80.17,299,49.83,589047,98174.50,557610,92935.00,2352,392.00,6,1.00
1649,1,86,86.00,47,47.00,106041,106041.00,81654,81654.00,215,215.00,1,1.00
1650,1,82,82.00,41,41.00,103351,103351.00,77484,77484.00,509,509.00,1,1.00
1651,2,164,82.00,97,48.50,193751,96875.50,133498,66749.00,1282,641.00,2,1.00
1654,10,810,81.00,416,41.60,1072485,107248.50,825461,82546.10,3059,305.90,10,1.00
1655,1,81,81.00,45,45.00,112245,112245.00,92724,92724.00,171,171.00,1,1.00
1656,1,84,84.00,51,51.00,102698,102698.00,89176,89176.00,481,481.00,1,1.00
1657,4,329,82.25,147,36.75,451975,112993.75,403698,100924.50,977,244.25,4,1.00
1658,4,253,63.25,120,30.00,344583,86145.75,282127,70531.75,378,94.50,14,3.50
1659,1,92,92.00,21,21.00,90268,90268.00,40603,40603.00,650,650.00,1,1.00
1660,3,440,146.67,194,64.67,260340,86780.00,339387,113129.00,699,233.00,9,3.00
1661,1,81,81.00,49,49.00,100433,100433.00,73735,73735.00,602,602.00,1,1.00
1663,7,567,81.00,294,42.00,762274,108896.29,608647,86949.57,2097,299.57,7,1.00
1664,3,248,82.67,130,43.33,328954,109651.33,264336,88112.00,1110,370.00,3,1.00
1665,2,731,365.50,175,87.50,142418,71209.00,436880,218440.00,2102,1051.00,24,12.00
1666,1,661,661.00,108,108.00,59587,59587.00,329408,329408.00,1631,1631.00,23,23.00
1668,2,1323,661.50,219,109.50,116465,58232.50,467711,233855.50,3242,1621.00,46,23.00
1669,2,160,80.00,92,46.00,222480,111240.00,171483,85741.50,511,255.50,2,1.00
1672,9,738,82.00,368,40.89,970549,107838.78,754784,83864.89,3534,392.67,9,1.00
1673,2,166,83.00,84,42.00,209741,104870.50,145043,72521.50,1007,503.50,2,1.00
1675,3,241,80.33,141,47.00,317536,105845.33,228569,76189.67,1206,402.00,3,1.00
1676,2,750,375.00,145,72.50,168694,84347.00,269387,134693.50,2060,1030.00,24,12.00
1677,1,86,86.00,42,42.00,115730,115730.00,84862,84862.00,171,171.00,1,1.00
1678,9,729,81.00,399,44.33,1005015,111668.33,797832,88648.00,2320,257.78,9,1.00
1679,2,164,82.00,90,45.00,227413,113706.50,178864,89432.00,372,186.00,2,1.00
1681,7,804,114.86,345,49.29,711968,101709.71,555278,79325.43,2920,417.14,6,0.86
1682,7,1758,251.14,422,60.29,679167,97023.86,999032,142718.86,4512,644.57,51,7.29
1684,6,1934,322.33,800,133.33,515146,85857.67,566865,94477.50,2817,469.50,27,4.50
1685,2,169,84.50,86,43.00,221264,110632.00,155830,77915.00,876,438.00,2,1.00
1686,1,84,84.00,40,40.00,111271,111271.00,87760,87760.00,179,179.00,1,1.00
1687,16,1303,81.44,695,43.44,1759038,109939.88,1326223,82888.94,5132,320.75,16,1.00
1688,5,410,82.00,233,46.60,543531,108706.20,440721,88144.20,1675,335.00,5,1.00
1689,3,1034,344.67,618,206.00,116719,38906.33,104656,34885.33,2368,789.33,4,1.33
1690,1,88,88.00,42,42.00,113382,113382.00,88955,88955.00,348,348.00,1,1.00
1691,55,4644,84.44,905,16.45,4872762,88595.67,1839867,33452.13,33907,616.49,65,1.18
1692,15,1304,86.93,316,21.07,1408299,93886.60,593763,39584.20,7859,523.93,15,1.00
1693,6,509,84.83,160,26.67,545386,90897.67,275304,45884.00,3777,629.50,6,1.00
1694,1,88,88.00,17,17.00,83925,83925.00,22641,22641.00,969,969.00,1,1.00
1695,4,266,66.50,129,32.25,251556,62889.00,149713,37428.25,4490,1122.50,6,1.50
1696,18,1507,83.72,681,37.83,1970159,109453.28,1408809,78267.17,5804,322.44,18,1.00
1697,3,266,88.67,100,33.33,303308,101102.67,197384,65794.67,1797,599.00,3,1.00
1698,1,89,89.00,18,18.00,95962,95962.00,38405,38405.00,216,216.00,1,1.00
1699,10,4381,438.10,837,83.70,796885,79688.50,1805544,180554.40,10344,1034.40,142,14.20
1700,66,26084,395.21,26043,394.59,2280740,34556.67,249052,3773.52,549,8.32,1,0.02
1701,16,6420,401.25,6422,401.38,536000,33500.00,41600,2600.00,0,0.00,0,0.00
1702,4,623,155.75,513,128.25,340855,85213.75,191303,47825.75,1741,435.25,4,1.00
1703,12,3222,268.50,3033,252.75,790774,65897.83,403636,33636.33,1844,153.67,5,0.42
1704,3,1204,401.33,1204,401.33,100532,33510.67,7800,2600.00,0,0.00,0,0.00
1705,12,1961,163.42,1548,129.00,1132121,94343.42,779553,64962.75,2508,209.00,9,0.75
1706,4,668,167.00,502,125.50,356076,89019.00,223780,55945.00,1039,259.75,3,0.75
1707,1,810,810.00,12,12.00,41707,41707.00,16169,16169.00,1061,1061.00,12,12.00
1708,4,262,65.50,111,27.75,300649,75162.25,208029,52007.25,1678,419.50,14,3.50
1709,2,483,241.50,450,225.00,143743,71871.50,93252,46626.00,396,198.00,1,0.50
1710,1,82,82.00,11,11.00,63726,63726.00,14967,14967.00,1060,1060.00,1,1.00
1711,16,1339,83.69,697,43.56,1771795,110737.19,1409777,88111.06,4517,282.31,16,1.00
1712,4,336,84.00,143,35.75,401017,100254.25,274231,68557.75,1908,477.00,4,1.00
1713,3,570,190.00,508,169.33,236750,78916.67,117370,39123.33,1271,423.67,2,0.67
1714,5,747,149.40,391,78.20,481558,96311.60,370692,74138.40,2620,524.00,4,0.80
1715,2,175,87.50,101,50.50,225677,112838.50,198553,99276.50,596,298.00,2,1.00
1716,5,2160,432.00,469,93.80,353757,70751.40,629501,125900.20,5055,1011.00,83,16.60
1717,13,1684,129.54,647,49.77,1375993,105845.62,1258876,96836.62,6795,522.69,35,2.69
1718,1,88,88.00,40,40.00,115586,115586.00,83953,83953.00,156,156.00,1,1.00
1719,3,872,290.67,155,51.67,247815,82605.00,432472,144157.33,3090,1030.00,25,8.33
1720,17,1427,83.94,655,38.53,1880689,110628.76,1326110,78006.47,6433,378.41,17,1.00
1721,5,421,84.20,212,42.40,565770,113154.00,403562,80712.40,1457,291.40,5,1.00
1722,5,349,69.80,174,34.80,455568,91113.60,304215,60843.00,1351,270.20,15,3.00
1723,5,743,148.60,585,117.00,479479,95895.80,325590,65118.00,1355,271.00,4,0.80
1724,2,383,191.50,119,59.50,145566,72783.00,230863,115431.50,740,370.00,8,4.00
1726,12,1000,83.33,519,43.25,1370615,114217.92,984409,82034.08,3043,253.58,12,1.00
1727,3,254,84.67,139,46.33,314646,104882.00,217719,72573.00,1933,644.33,3,1.00
1728,1,88,88.00,36,36.00,114376,114376.00,85031,85031.00,352,352.00,1,1.00
1729,13,1182,90.92,614,47.23,1374782,105752.46,1017132,78240.92,5705,438.85,17,1.31
1730,2,173,86.50,79,39.50,227262,113631.00,124700,62350.00,848,424.00,2,1.00
1731,2,182,91.00,61,30.50,200425,100212.50,121372,60686.00,1100,550.00,2,1.00
1732,4,336,84.00,173,43.25,451886,112971.50,324473,81118.25,1427,356.75,4,1.00
1733,3,2064,688.00,333,111.00,184733,61577.67,956538,318846.00,5057,1685.67,69,23.00
1734,1,90,90.00,52,52.00,107911,107911.00,97296,97296.00,427,427.00,1,1.00
1735,20,1675,83.75,856,42.80,2265342,113267.10,1674349,83717.45,6578,328.90,20,1.00
1736,11,1460,132.73,521,47.36,1091725,99247.73,1067210,97019.09,6322,574.73,44,4.00
1738,3,271,90.33,110,36.67,339024,113008.00,275344,91781.33,1364,454.67,3,1.00
1739,2,172,86.00,81,40.50,219155,109577.50,166561,83280.50,978,489.00,2,1.00
1740,2,89,44.50,57,28.50,112169,56084.50,91118,45559.00,1418,709.00,13,6.50
1741,11,916,83.27,502,45.64,1243217,113019.73,926397,84217.91,3427,311.55,11,1.00
1742,3,251,83.67,141,47.00,334328,111442.67,222106,74035.33,1284,428.00,3,1.00
1743,4,351,87.75,177,44.25,434242,108560.50,364438,91109.50,2344,586.00,9,2.25
1744,18,1540,85.56,727,40.39,2026690,112593.89,1434934,79718.56,7264,403.56,18,1.00
1745,11,1288,117.09,839,76.27,1168258,106205.27,840926,76447.82,3505,318.64,10,0.91
1747,9,770,85.56,389,43.22,1032013,114668.11,801550,89061.11,2911,323.44,9,1.00
1748,2,175,87.50,91,45.50,229183,114591.50,186793,93396.50,707,353.50,2,1.00
1749,2,172,86.00,89,44.50,227770,113885.00,141272,70636.00,760,380.00,2,1.00
1750,17,4483,263.71,1088,64.00,1673341,98431.82,2572898,151346.94,12285,722.65,127,7.47
1751,6,516,86.00,270,45.00,694787,115797.83,515128,85854.67,1882,313.67,6,1.00
1752,2,174,87.00,90,45.00,227940,113970.00,188639,94319.50,715,357.50,2,1.00
1753,13,1111,85.46,524,40.31,1518975,116844.23,1147786,88291.23,3504,269.54,13,1.00
1754,3,177,59.00,81,27.00,240409,80136.33,174951,58317.00,1149,383.00,13,4.33
1755,6,1136,189.33,257,42.83,543927,90654.50,596690,99448.33,4738,789.67,28,4.67
1756,7,584,83.43,337,48.14,786462,112351.71,591664,84523.43,2510,358.57,7,1.00
1757,2,172,86.00,89,44.50,226302,113151.00,176334,88167.00,630,315.00,2,1.00
1759,26,2221,85.42,1090,41.92,3001328,115435.69,2232013,85846.65,8707,334.88,26,1.00
1760,9,773,85.89,389,43.22,1051896,116877.33,796209,88467.67,2321,257.89,9,1.00
1761,1,697,697.00,116,116.00,62180,62180.00,278749,278749.00,1708,1708.00,23,23.00
1762,8,679,84.88,350,43.75,915624,114453.00,631030,78878.75,3143,392.88,8,1.00
1763,7,618,88.29,293,41.86,800528,114361.14,562722,80388.86,2562,366.00,7,1.00
1764,8,2938,367.25,1051,131.38,417479,52184.88,317337,39667.12,677,84.62,14,1.75
1765,16,1347,84.19,703,43.94,1770307,110644.19,1178185,73636.56,6418,401.12,16,1.00
1766,4,347,86.75,152,38.00,399066,99766.50,269836,67459.00,2524,631.00,4,1.00
1767,18,8950,497.22,1626,90.33,1421332,78962.89,4124483,229137.94,21864,1214.67,282,15.67
1768,12,2266,188.83,638,53.17,1265997,105499.75,1339341,111611.75,6898,574.83,56,4.67
1769,7,616,88.00,298,42.57,816317,116616.71,557013,79573.29,2136,305.14,7,1.00
1770,5,1677,335.40,356,71.20,461016,92203.20,742830,148566.00,4785,957.00,49,9.80
1771,5,438,87.60,219,43.80,584854,116970.80,410211,82042.20,1338,267.60,5,1.00
1772,2,176,88.00,93,46.50,238457,119228.50,174107,87053.50,402,201.00,2,1.00
1773,3,881,293.67,203,67.67,289665,96555.00,436001,145333.67,2653,884.33,25,8.33
1774,23,1960,85.22,1006,43.74,2658861,115602.65,1933248,84054.26,7779,338.22,23,1.00
1775,9,776,86.22,409,45.44,1006909,111878.78,765345,85038.33,3818,424.22,9,1.00
1776,2,181,90.50,75,37.50,204838,102419.00,155071,77535.50,1483,741.50,2,1.00
1777,24,2086,86.92,932,38.83,2799058,116627.42,1995066,83127.75,7793,324.71,24,1.00
1778,6,532,88.67,235,39.17,717421,119570.17,457135,76189.17,1469,244.83,6,1.00
1779,1,89,89.00,40,40.00,113124,113124.00,91163,91163.00,441,441.00,1,1.00
1780,10,854,85.40,462,46.20,1166762,116676.20,847626,84762.60,2949,294.90,10,1.00
1781,7,623,89.00,292,41.71,794280,113468.57,564249,80607.00,2652,378.86,7,1.00
1782,8,764,95.50,282,35.25,845719,105714.88,557475,69684.38,4111,513.88,8,1.00
1783,31,2684,86.58,1290,41.61,3585343,115656.23,2605182,84038.13,10631,342.94,31,1.00
1784,27,12222,452.67,2260,83.70,2141655,79320.56,5515553,204279.74,31662,1172.67,389,14.41
1785,7,3732,533.14,665,95.00,553704,79100.57,1752081,250297.29,8677,1239.57,117,16.71
1786,3,881,293.67,212,70.67,293283,97761.00,435287,145095.67,2460,820.00,25,8.33
1787,4,1594,398.50,323,80.75,364438,91109.50,711512,177878.00,3755,938.75,48,12.00
1788,2,1085,542.50,588,294.00,129005,64502.50,85345,42672.50,171,85.50,1,0.50
1789,28,3013,107.61,1353,48.32,3166234,113079.79,2550920,91104.29,12662,452.21,50,1.79
1790,10,865,86.50,480,48.00,1150654,115065.40,818042,81804.20,3853,385.30,10,1.00
1791,2,174,87.00,95,47.50,221873,110936.50,166806,83403.00,1112,556.00,2,1.00
1792,39,3395,87.05,1603,41.10,4591284,117725.23,3332242,85442.10,12284,314.97,39,1.00
1793,16,2032,127.00,759,47.44,1785888,111618.00,1401326,87582.88,7971,498.19,38,2.38
1795,8,680,85.00,381,47.62,950109,118763.62,629595,78699.38,3395,424.38,8,1.00
1796,4,350,87.50,175,43.75,465981,116495.25,332595,83148.75,1516,379.00,4,1.00
1797,1,89,89.00,49,49.00,113431,113431.00,85343,85343.00,353,353.00,1,1.00
1798,28,2425,86.61,1222,43.64,3222128,115076.00,2310426,82515.21,11142,397.93,28,1.00
1799,8,696,87.00,366,45.75,927748,115968.50,642104,80263.00,3222,402.75,8,1.00
1800,2,178,89.00,64,32.00,178207,89103.50,80314,40157.00,1859,929.50,2,1.00
1801,31,18440,594.84,3172,102.32,2270539,73243.19,8046299,259558.03,40838,1317.35,581,18.74
1802,9,4570,507.78,830,92.22,726592,80732.44,2021029,224558.78,9832,1092.44,141,15.67
1803,1,717,717.00,116,116.00,63478,63478.00,385113,385113.00,1765,1765.00,23,23.00
1804,7,1229,175.57,405,57.86,758111,108301.57,746768,106681.14,3903,557.57,29,4.14
1805,3,893,297.67,217,72.33,285209,95069.67,554256,184752.00,2992,997.33,25,8.33
1806,2,805,402.50,151,75.50,179322,89661.00,333929,166964.50,2087,1043.50,24,12.00
1807,47,4091,87.04,1981,42.15,5534254,117750.09,3927115,83555.64,16333,347.51,47,1.00
1808,13,2057,158.23,1073,82.54,1419058,109158.31,1040322,80024.77,3865,297.31,12,0.92
1809,1,87,87.00,51,51.00,115079,115079.00,90982,90982.00,429,429.00,1,1.00
1810,8,691,86.38,382,47.75,925929,115741.12,653236,81654.50,3196,399.50,8,1.00
1811,4,351,87.75,183,45.75,468640,117160.00,348149,87037.25,1658,414.50,4,1.00
1812,1,456,456.00,156,156.00,44460,44460.00,43872,43872.00,0,0.00,0,0.00
1813,32,2760,86.25,1469,45.91,3727419,116481.84,2681157,83786.16,12832,401.00,32,1.00
1814,9,785,87.22,427,47.44,1010554,112283.78,716004,79556.00,4991,554.56,9,1.00
1815,2,179,89.50,93,46.50,231543,115771.50,163367,81683.50,910,455.00,2,1.00
1816,4,277,69.25,143,35.75,363127,90781.75,268362,67090.50,799,199.75,14,3.50
1817,2,174,87.00,96,48.00,233543,116771.50,164929,82464.50,854,427.00,2,1.00
1818,33,21964,665.58,3558,107.82,2174819,65903.61,9902236,300067.76,51075,1547.73,693,21.00
1819,22,7004,318.36,1615,73.41,2117661,96257.32,3631458,165066.27,19642,892.82,198,9.00
1820,5,381,76.20,201,40.20,476389,95277.80,333864,66772.80,3476,695.20,24,4.80
1821,4,2265,566.25,407,101.75,310401,77600.25,991058,247764.50,5912,1478.00,70,17.50
1822,48,4176,87.00,2112,44.00,5700372,118757.75,4138915,86227.40,15505,323.02,48,1.00
1823,17,2137,125.71,839,49.35,1975577,116210.41,1647763,96927.24,6319,371.71,39,2.29
1824,1,88,88.00,47,47.00,119628,119628.00,67698,67698.00,325,325.00,1,1.00
1825,5,446,89.20,230,46.00,587672,117534.40,420251,84050.20,2397,479.40,5,1.00
1826,3,272,90.67,97,32.33,352047,117349.00,217845,72615.00,891,297.00,3,1.00
1827,1,88,88.00,52,52.00,119487,119487.00,89670,89670.00,231,231.00,1,1.00
1828,11,951,86.45,521,47.36,1316072,119642.91,991392,90126.55,3491,317.36,11,1.00
1829,5,356,71.20,204,40.80,484651,96930.20,368099,73619.80,1366,273.20,15,3.00
1830,4,355,88.75,194,48.50,470285,117571.25,351682,87920.50,1377,344.25,17,4.25
1831,1,87,87.00,49,49.00,118681,118681.00,88038,88038.00,306,306.00,1,1.00
1832,1,89,89.00,45,45.00,121953,121953.00,85245,85245.00,201,201.00,1,1.00
1833,1,98,98.00,49,49.00,118606,118606.00,68258,68258.00,325,325.00,1,1.00
1834,4,357,89.25,184,46.00,480885,120221.25,353922,88480.50,1368,342.00,4,1.00
1835,18,13140,730.00,2106,117.00,1159080,64393.33,5913196,328510.89,28359,1575.50,414,23.00
1836,9,5873,652.56,1042,115.78,574523,63835.89,2284112,253790.22,12352,1372.44,161,17.89
1837,60,5218,86.97,2780,46.33,7020545,117009.08,4726671,78777.85,25825,430.42,60,1.00
1838,20,2409,120.45,1018,50.90,2307643,115382.15,1810087,90504.35,8880,444.00,42,2.10
1839,2,820,410.00,167,83.50,188241,94120.50,485004,242502.00,2015,1007.50,24,12.00
1840,8,1358,169.75,442,55.25,902684,112835.50,1016461,127057.62,4509,563.62,30,3.75
1841,1,95,95.00,41,41.00,123622,123622.00,112827,112827.00,184,184.00,1,1.00
1842,3,284,94.67,122,40.67,333095,111031.67,223313,74437.67,1550,516.67,3,1.00
1843,8,688,86.00,400,50.00,922640,115330.00,663117,82889.62,3733,466.62,8,1.00
1844,6,527,87.83,304,50.67,715576,119262.67,561140,93523.33,2100,350.00,6,1.00
1845,4,1269,317.25,277,69.25,365176,91294.00,533112,133278.00,3663,915.75,25,6.25
1846,4,355,88.75,192,48.00,482554,120638.50,371891,92972.75,1391,347.75,4,1.00
1847,1,91,91.00,47,47.00,119845,119845.00,80887,80887.00,330,330.00,1,1.00
1848,1,87,87.00,45,45.00,125679,125679.00,70530,70530.00,472,472.00,1,1.00
1849,1,91,91.00,47,47.00,122704,122704.00,94462,94462.00,186,186.00,1,1.00
1850,5,266,53.20,175,35.00,342475,68495.00,255722,51144.40,2046,409.20,25,5.00
1851,2,99,49.50,55,27.50,119427,59713.50,80092,40046.00,584,292.00,12,6.00
1852,33,2903,87.97,1424,43.15,3805895,115330.15,2573619,77988.45,14598,442.36,33,1.00
1853,11,1000,90.91,418,38.00,1220943,110994.82,765254,69568.55,5581,507.36,11,1.00
1854,1,102,102.00,49,49.00,116361,116361.00,80125,80125.00,445,445.00,1,1.00
1855,2,176,88.00,98,49.00,240567,120283.50,166441,83220.50,678,339.00,2,1.00
1856,2,1117,558.50,614,307.00,131355,65677.50,85548,42774.00,231,115.50,1,0.50
1857,1,89,89.00,49,49.00,113024,113024.00,85323,85323.00,600,600.00,1,1.00
1858,8,697,87.12,413,51.62,903191,112898.88,663463,82932.88,4542,567.75,8,1.00
1859,1,89,89.00,52,52.00,117698,117698.00,72314,72314.00,487,487.00,1,1.00
1860,4,290,72.50,114,28.50,322379,80594.75,189510,47377.50,2031,507.75,18,4.50
1862,1,4,4.00,3,3.00,3497,3497.00,2907,2907.00,0,0.00,11,11.00
1863,2,185,92.50,88,44.00,257181,128590.50,190614,95307.00,842,421.00,2,1.00
1864,2,185,92.50,85,42.50,246082,123041.00,164523,82261.50,1059,529.50,2,1.00
1865,1,94,94.00,49,49.00,121541,121541.00,84970,84970.00,216,216.00,1,1.00
1867,18,2206,122.56,969,53.83,2088351,116019.50,1717765,95431.39,8592,477.33,42,2.33
1868,8,705,88.12,410,51.25,950403,118800.38,690268,86283.50,3186,398.25,8,1.00
1870,4,1004,251.00,273,68.25,426083,106520.75,549145,137286.25,2675,668.75,26,6.50
1871,1,97,97.00,47,47.00,112885,112885.00,63742,63742.00,628,628.00,1,1.00
1872,1,92,92.00,54,54.00,112816,112816.00,64019,64019.00,535,535.00,1,1.00
1873,3,269,89.67,143,47.67,362002,120667.33,264305,88101.67,1276,425.33,3,1.00
1874,1,85,85.00,55,55.00,121066,121066.00,88417,88417.00,612,612.00,1,1.00
1875,3,181,60.33,120,40.00,219974,73324.67,225311,75103.67,1223,407.67,13,4.33
1876,6,1499,249.83,679,113.17,523723,87287.17,225311,37551.83,3180,530.00,5,0.83
1877,2,184,92.00,95,47.50,254459,127229.50,175337,87668.50,623,311.50,2,1.00
1878,1,6,6.00,5,5.00,2886,2886.00,930,930.00,1807,1807.00,11,11.00
1879,2,189,94.50,58,29.00,217294,108647.00,146345,73172.50,1309,654.50,2,1.00
1881,2,184,92.00,22,11.00,129630,64815.00,42281,21140.50,2492,1246.00,2,1.00
1882,9,793,88.11,443,49.22,1060222,117802.44,788016,87557.33,4461,495.67,9,1.00
1883,5,360,72.00,218,43.60,485783,97156.60,357263,71452.60,1650,330.00,15,3.00
1884,5,2940,588.00,1020,204.00,196200,39240.00,195300,39060.00,0,0.00,0,0.00
1885,1,95,95.00,17,17.00,96321,96321.00,42475,42475.00,807,807.00,1,1.00
1886,4,276,69.00,114,28.50,316825,79206.25,186844,46711.00,2234,558.50,14,3.50
1887,1,89,89.00,53,53.00,117327,117327.00,95020,95020.00,480,480.00,1,1.00
1888,2,179,89.50,70,35.00,176986,88493.00,93280,46640.00,2381,1190.50,2,1.00
1889,3,266,88.67,167,55.67,352432,117477.33,274257,91419.00,1974,658.00,3,1.00
1890,1,96,96.00,17,17.00,112610,112610.00,50348,50348.00,377,377.00,1,1.00
1892,2,180,90.00,109,54.50,243424,121712.00,197432,98716.00,802,401.00,2,1.00
1893,4,221,55.25,96,24.00,253442,63360.50,223835,55958.75,921,230.25,24,6.00
1894,1,89,89.00,53,53.00,123226,123226.00,94716,94716.00,231,231.00,1,1.00
1895,4,394,98.50,187,46.75,470036,117509.00,428750,107187.50,2150,537.50,4,1.00
1896,1,87,87.00,53,53.00,118025,118025.00,72145,72145.00,512,512.00,6,6.00
1897,6,528,88.00,327,54.50,702338,117056.33,498600,83100.00,3040,506.67,6,1.00
1898,7,454,64.86,282,40.29,613414,87630.57,435487,62212.43,1710,244.29,27,3.86
1899,2,12,6.00,10,5.00,6994,3497.00,5922,2961.00,0,0.00,22,11.00
1900,63,31500,500.00,18900,300.00,1638000,26000.00,264600,4200.00,0,0.00,0,0.00
1901,15,7519,501.27,4516,301.07,390000,26000.00,63000,4200.00,0,0.00,0,0.00
1902,1,86,86.00,70,70.00,101977,101977.00,140884,140884.00,418,418.00,1,1.00
1903,8,4013,501.62,2407,300.88,208071,26008.88,33604,4200.50,0,0.00,0,0.00
1904,8,2388,298.50,1366,170.75,612162,76520.25,377319,47164.88,1694,211.75,4,0.50
1905,6,1611,268.50,957,159.50,214551,35758.50,79006,13167.67,437,72.83,23,3.83
1906,2,113,56.50,42,21.00,124867,62433.50,101189,50594.50,2310,1155.00,12,6.00
1907,4,783,195.75,445,111.25,398633,99658.25,283033,70758.25,1362,340.50,3,0.75
1909,5,1692,338.40,963,192.60,274839,54967.80,144696,28939.20,1473,294.60,2,0.40
1910,3,267,89.00,141,47.00,356597,118865.67,252919,84306.33,2161,720.33,3,1.00
1912,3,1648,549.33,768,256.00,182902,60967.33,112974,37658.00,1791,597.00,1,0.33
1913,1,90,90.00,57,57.00,124200,124200.00,94908,94908.00,261,261.00,1,1.00
1914,2,594,297.00,384,192.00,120370,60185.00,128930,64465.00,565,282.50,1,0.50
1916,3,299,99.67,124,41.33,366351,122117.00,275105,91701.67,1303,434.33,3,1.00
1917,3,177,59.00,148,49.33,195999,65333.00,297187,99062.33,817,272.33,13,4.33
1918,2,1023,511.50,626,313.00,52116,26058.00,8410,4205.00,0,0.00,0,0.00
1919,8,729,91.12,351,43.88,1020217,127527.12,696539,87067.38,3837,479.62,8,1.00
1920,1,91,91.00,46,46.00,134492,134492.00,94362,94362.00,283,283.00,1,1.00
1921,1,90,90.00,45,45.00,127465,127465.00,86828,86828.00,369,369.00,1,1.00
1922,2,102,51.00,41,20.50,132783,66391.50,108105,54052.50,2090,1045.00,12,6.00
1923,2,109,54.50,58,29.00,125626,62813.00,99488,49744.00,2300,1150.00,12,6.00
1924,1,1062,1062.00,581,581.00,9458,9458.00,481,481.00,0,0.00,0,0.00
1926,2,174,87.00,140,70.00,194941,97470.50,277127,138563.50,1067,533.50,2,1.00
1927,4,357,89.25,227,56.75,471430,117857.50,432731,108182.75,1393,348.25,4,1.00
1930,1,98,98.00,43,43.00,125132,125132.00,112848,112848.00,529,529.00,1,1.00
1931,2,176,88.00,106,53.00,243754,121877.00,188077,94038.50,1001,500.50,2,1.00
1935,1,91,91.00,48,48.00,133591,133591.00,86187,86187.00,313,313.00,1,1.00
1936,1,87,87.00,59,59.00,113774,113774.00,83571,83571.00,802,802.00,1,1.00
1937,1,1070,1070.00,586,586.00,9512,9512.00,484,484.00,0,0.00,0,0.00
1938,1,1938,1938.00,1938,1938.00,0,0.00,0,0.00,0,0.00,0,0.00
1939,2,187,93.50,99,49.50,245786,122893.00,178107,89053.50,865,432.50,5,2.50
1940,1,87,87.00,63,63.00,134553,134553.00,88603,88603.00,618,618.00,1,1.00
1942,4,385,96.25,186,46.50,516726,129181.50,497042,124260.50,1689,422.25,4,1.00
1944,2,190,95.00,22,11.00,141522,70761.00,54695,27347.50,2433,1216.50,2,1.00
1945,2,1166,583.00,597,298.50,85612,42806.00,32327,16163.50,1120,560.00,1,0.50
1946,2,99,49.50,14,7.00,72366,36183.00,20408,10204.00,1437,718.50,12,6.00
1947,4,297,74.25,122,30.50,299344,74836.00,286887,71721.75,2439,609.75,14,3.50
1948,2,101,50.50,20,10.00,72834,36417.00,24205,12102.50,1626,813.00,12,6.00
1949,4,364,91.00,157,39.25,471042,117760.50,288349,72087.25,2432,608.00,4,1.00
1950,3,271,90.33,150,50.00,391139,130379.67,265184,88394.67,1535,511.67,3,1.00
1953,2,178,89.00,142,71.00,208300,104150.00,277236,138618.00,927,463.50,2,1.00
1956,2,609,304.50,221,110.50,44394,22197.00,45176,22588.00,0,0.00,11,5.50
1957,2,199,99.50,85,42.50,260811,130405.50,213890,106945.00,778,389.00,2,1.00
1958,1,105,105.00,31,31.00,132035,132035.00,118431,118431.00,483,483.00,1,1.00
1959,1,98,98.00,50,50.00,122765,122765.00,91062,91062.00,491,491.00,1,1.00
1962,1,86,86.00,78,78.00,100930,100930.00,142086,142086.00,570,570.00,1,1.00
1964,5,2325,465.00,2167,433.40,515892,103178.40,339360,67872.00,1740,348.00,11,2.20
1965,4,281,70.25,163,40.75,397613,99403.25,245376,61344.00,1570,392.50,14,3.50
1966,1,97,97.00,43,43.00,124126,124126.00,116526,116526.00,563,563.00,1,1.00
1967,1,91,91.00,51,51.00,123350,123350.00,65686,65686.00,587,587.00,1,1.00
1968,2,191,95.50,97,48.50,265369,132684.50,187241,93620.50,764,382.00,2,1.00
1970,1,89,89.00,55,55.00,129118,129118.00,92963,92963.00,671,671.00,1,1.00
1971,3,282,94.00,183,61.00,326595,108865.00,422177,140725.67,1552,517.33,3,1.00
1974,1,1953,1953.00,1949,1949.00,478,478.00,84,84.00,0,0.00,5,5.00
1976,1,4,4.00,3,3.00,3497,3497.00,3078,3078.00,0,0.00,11,11.00
1977,1,4,4.00,4,4.00,3497,3497.00,3078,3078.00,0,0.00,11,11.00
1978,1,98,98.00,48,48.00,126842,126842.00,127296,127296.00,296,296.00,1,1.00
1979,3,2152,717.33,2078,692.67,266421,88807.00,186148,62049.33,1098,366.00,2,0.67
1980,2,0,0.00,24,12.00,3024,1512.00,0,0.00,960,480.00,24,12.00
1981,4,384,96.00,222,55.50,514776,128694.00,365690,91422.50,1832,458.00,4,1.00
1983,2,205,102.50,84,42.00,263495,131747.50,211905,105952.50,674,337.00,2,1.00
1986,2,188,94.00,119,59.50,225136,112568.00,213439,106719.50,1526,763.00,2,1.00
1987,1,101,101.00,33,33.00,138044,138044.00,101405,101405.00,111,111.00,1,1.00
1989,1,89,89.00,79,79.00,104701,104701.00,165486,165486.00,276,276.00,1,1.00
1993,1,865,865.00,293,293.00,114472,114472.00,63738,63738.00,338,338.00,1,1.00
1994,2,94,47.00,58,29.00,139548,69774.00,93704,46852.00,545,272.50,12,6.00
1995,4,271,67.75,232,58.00,323444,80861.00,489598,122399.50,1078,269.50,14,3.50
1996,1,97,97.00,47,47.00,131515,131515.00,109347,109347.00,261,261.00,1,1.00
1997,1,116,116.00,43,43.00,128546,128546.00,165675,165675.00,811,811.00,1,1.00
1999,1,99,99.00,41,41.00,135576,135576.00,83273,83273.00,295,295.00,1,1.00
2000,1,4,4.00,3,3.00,3497,3497.00,3113,3113.00,0,0.00,11,11.00
2001,1,109,109.00,40,40.00,104483,104483.00,142689,142689.00,1161,1161.00,1,1.00
2003,1,109,109.00,31,31.00,120690,120690.00,101873,101873.00,850,850.00,1,1.00
2005,2,203,101.50,105,52.50,215943,107971.50,200299,100149.50,1313,656.50,2,1.00
2006,2,196,98.00,108,54.00,258565,129282.50,264675,132337.50,952,476.00,2,1.00
2008,3,937,312.33,210,70.00,320660,106886.67,487313,162437.67,2504,834.67,32,10.67
2011,1,97,97.00,11,11.00,70651,70651.00,16182,16182.00,1568,1568.00,1,1.00
2012,1,96,96.00,50,50.00,139623,139623.00,109775,109775.00,327,327.00,1,1.00
2013,1,98,98.00,13,13.00,71446,71446.00,14117,14117.00,1674,1674.00,1,1.00
2015,2,199,99.50,87,43.50,262552,131276.00,216664,108332.00,682,341.00,2,1.00
2018,1,101,101.00,58,58.00,121573,121573.00,86467,86467.00,851,851.00,1,1.00
2019,1,89,89.00,76,76.00,109012,109012.00,148069,148069.00,291,291.00,1,1.00
2020,3,286,95.33,177,59.00,356049,118683.00,346927,115642.33,1724,574.67,3,1.00
2021,4,402,100.50,188,47.00,538174,134543.50,403901,100975.25,2038,509.50,4,1.00
2023,1,100,100.00,41,41.00,135737,135737.00,115876,115876.00,302,302.00,1,1.00
2024,2,1209,604.50,659,329.50,153383,76691.50,154313,77156.50,299,149.50,1,0.50
2026,1,102,102.00,35,35.00,131889,131889.00,104114,104114.00,547,547.00,1,1.00
2027,1,1972,1972.00,1965,1965.00,930,930.00,165,165.00,0,0.00,2,2.00
2028,1,6,6.00,5,5.00,3508,3508.00,3149,3149.00,0,0.00,11,11.00
2029,1,97,97.00,58,58.00,140502,140502.00,162539,162539.00,411,411.00,1,1.00
2031,1,87,87.00,84,84.00,105731,105731.00,164830,164830.00,688,688.00,1,1.00
2034,2,190,95.00,125,62.50,245834,122917.00,325828,162914.00,759,379.50,2,1.00
2036,2,104,52.00,54,27.00,133869,66934.50,88212,44106.00,460,230.00,12,6.00
2038,3,207,69.00,38,12.67,222637,74212.33,94220,31406.67,1167,389.00,13,4.33
2040,1,1117,1117.00,607,607.00,9956,9956.00,510,510.00,0,0.00,0,0.00
2041,1,103,103.00,18,18.00,117580,117580.00,48086,48086.00,401,401.00,1,1.00
2042,1,4,4.00,3,3.00,2875,2875.00,986,986.00,1975,1975.00,11,11.00
2043,1,99,99.00,58,58.00,134039,134039.00,88721,88721.00,482,482.00,1,1.00
2045,2,107,53.50,54,27.00,144638,72319.00,122184,61092.00,269,134.50,12,6.00
2046,2,112,56.00,64,32.00,138345,69172.50,76991,38495.50,2355,1177.50,12,6.00
2048,1,100,100.00,55,55.00,135187,135187.00,103819,103819.00,261,261.00,1,1.00
2049,3,499,166.33,183,61.00,179739,59913.00,279750,93250.00,1744,581.33,12,4.00
2050,1,105,105.00,47,47.00,140852,140852.00,186384,186384.00,483,483.00,1,1.00
2052,3,1902,634.00,885,295.00,94836,31612.00,393165,131055.00,2754,918.00,0,0.00
2053,5,1078,215.60,432,86.40,450787,90157.40,783150,156630.00,5133,1026.60,4,0.80
2055,1,100,100.00,60,60.00,122264,122264.00,109201,109201.00,695,695.00,1,1.00
2058,1,99,99.00,57,57.00,135442,135442.00,101381,101381.00,547,547.00,1,1.00
2059,1,99,99.00,49,49.00,139754,139754.00,118741,118741.00,186,186.00,1,1.00
2061,2,98,49.00,78,39.00,129480,64740.00,139160,69580.00,636,318.00,12,6.00
2062,3,878,292.67,285,95.00,203356,67785.33,370593,123531.00,3337,1112.33,1,0.33
2063,1,102,102.00,60,60.00,129523,129523.00,141174,141174.00,445,445.00,1,1.00
2064,1,360,360.00,12,12.00,113520,113520.00,24696,24696.00,0,0.00,0,0.00
2065,3,215,71.67,80,26.67,281657,93885.67,211049,70349.67,566,188.67,13,4.33
2068,1,100,100.00,47,47.00,139967,139967.00,108177,108177.00,201,201.00,1,1.00
2069,2,204,102.00,87,43.50,278868,139434.00,216880,108440.00,929,464.50,2,1.00
2070,1,101,101.00,11,11.00,80742,80742.00,30967,30967.00,1246,1246.00,1,1.00
2071,1,104,104.00,53,53.00,128811,128811.00,162646,162646.00,603,603.00,1,1.00
2073,2,176,88.00,73,36.50,245800,122900.00,132708,66354.00,1064,532.00,4,2.00
2074,1,102,102.00,15,15.00,66424,66424.00,11772,11772.00,1711,1711.00,1,1.00
2076,2,222,111.00,97,48.50,260910,130455.00,221579,110789.50,1805,902.50,2,1.00
2077,2,184,92.00,69,34.50,237402,118701.00,118411,59205.50,1821,910.50,9,4.50
2078,2,8,4.00,6,3.00,6994,3497.00,6461,3230.50,0,0.00,22,11.00
2080,5,511,102.20,208,41.60,692395,138479.00,508116,101623.20,1969,393.80,5,1.00
2081,2,207,103.50,80,40.00,277979,138989.50,192050,96025.00,621,310.50,2,1.00
2082,1,102,102.00,44,44.00,133809,133809.00,108119,108119.00,470,470.00,1,1.00
2084,1,106,106.00,42,42.00,133501,133501.00,103010,103010.00,490,490.00,1,1.00
2085,1,15,15.00,16,16.00,3497,3497.00,3231,3231.00,0,0.00,11,11.00
2087,1,102,102.00,44,44.00,136625,136625.00,117878,117878.00,390,390.00,1,1.00
2090,1,110,110.00,43,43.00,142402,142402.00,103073,103073.00,183,183.00,1,1.00
2092,1,101,101.00,47,47.00,136750,136750.00,108328,108328.00,393,393.00,1,1.00
2093,1,5,5.00,4,4.00,3508,3508.00,3249,3249.00,0,0.00,11,11.00
2094,1,102,102.00,49,49.00,142693,142693.00,114582,114582.00,487,487.00,1,1.00
2095,9,1968,218.67,958,106.44,1117314,124146.00,837710,93078.89,2797,310.78,8,0.89
2096,2,501,250.50,180,90.00,179370,89685.00,288700,144350.00,2277,1138.50,1,0.50
2098,2,211,105.50,78,39.00,257146,128573.00,254481,127240.50,1087,543.50,2,1.00
2099,3,312,104.00,114,38.00,387477,129159.00,271808,90602.67,1771,590.33,3,1.00
2100,4,405,101.25,218,54.50,514649,128662.25,480576,120144.00,1750,437.50,4,1.00
2101,2,207,103.50,87,43.50,284737,142368.50,260298,130149.00,746,373.00,2,1.00
2103,1,5,5.00,4,4.00,3497,3497.00,3267,3267.00,0,0.00,11,11.00
2104,2,211,105.50,81,40.50,271483,135741.50,260437,130218.50,1193,596.50,2,1.00
2105,1,5,5.00,4,4.00,3508,3508.00,3267,3267.00,0,0.00,11,11.00
2106,1,108,108.00,57,57.00,135408,135408.00,149632,149632.00,397,397.00,1,1.00
2107,3,219,73.00,91,30.33,280168,93389.33,323403,107801.00,1101,367.00,13,4.33
2108,2,211,105.50,99,49.50,279760,139880.00,230878,115439.00,763,381.50,2,1.00
2109,2,116,58.00,27,13.50,118763,59381.50,45648,22824.00,515,257.50,12,6.00
2110,16,1554,97.12,652,40.75,2101526,131345.38,1597192,99824.50,4695,293.44,26,1.62
2111,7,730,104.29,326,46.57,969236,138462.29,729377,104196.71,2830,404.29,7,1.00
2112,1,298,298.00,12,12.00,47338,47338.00,44239,44239.00,976,976.00,12,12.00
2113,1,104,104.00,43,43.00,143435,143435.00,108261,108261.00,200,200.00,1,1.00
2114,1,105,105.00,44,44.00,140935,140935.00,114148,114148.00,294,294.00,1,1.00
2116,1,115,115.00,29,29.00,127794,127794.00,106573,106573.00,751,751.00,1,1.00
2117,1,106,106.00,56,56.00,138281,138281.00,104421,104421.00,261,261.00,1,1.00
2118,1,105,105.00,46,46.00,142656,142656.00,86279,86279.00,493,493.00,1,1.00
2119,1,8,8.00,6,6.00,2956,2956.00,1011,1011.00,2016,2016.00,11,11.00
2120,1,329,329.00,80,80.00,91499,91499.00,31431,31431.00,1944,1944.00,0,0.00
2122,2,217,108.50,100,50.00,266033,133016.50,252302,126151.00,1070,535.00,2,1.00
2123,3,205,68.33,108,36.00,279445,93148.33,237538,79179.33,1293,431.00,13,4.33
2124,2,211,105.50,93,46.50,275717,137858.50,221704,110852.00,1125,562.50,2,1.00
2125,13,1339,103.00,593,45.62,1823112,140239.38,1425838,109679.85,4374,336.46,13,1.00
2126,3,314,104.67,138,46.00,418648,139549.33,333008,111002.67,1143,381.00,3,1.00
2127,1,103,103.00,47,47.00,140432,140432.00,109257,109257.00,603,603.00,1,1.00
2128,2,1267,633.50,677,338.50,147964,73982.00,107729,53864.50,392,196.00,1,0.50
2131,1,102,102.00,49,49.00,137856,137856.00,114035,114035.00,419,419.00,1,1.00
2132,2,212,106.00,94,47.00,278254,139127.00,186450,93225.00,649,324.50,2,1.00
2133,1,105,105.00,54,54.00,139653,139653.00,123708,123708.00,571,571.00,1,1.00
2136,1,15,15.00,9,9.00,4237,4237.00,3439,3439.00,0,0.00,11,11.00
2137,3,309,103.00,74,24.67,284832,94944.00,148447,49482.33,3765,1255.00,3,1.00
2139,1,103,103.00,11,11.00,72646,72646.00,16622,16622.00,1606,1606.00,1,1.00
2140,13,2317,178.23,1154,88.77,1703405,131031.15,1293067,99466.69,4217,324.38,22,1.69
2141,4,315,78.75,149,37.25,424927,106231.75,344799,86199.75,1191,297.75,14,3.50
2142,1,106,106.00,50,50.00,140648,140648.00,113753,113753.00,358,358.00,1,1.00
2143,1,106,106.00,48,48.00,132048,132048.00,99286,99286.00,769,769.00,1,1.00
2144,1,103,103.00,61,61.00,139773,139773.00,158431,158431.00,412,412.00,1,1.00
2145,1,106,106.00,54,54.00,127656,127656.00,185167,185167.00,462,462.00,1,1.00
2146,1,7,7.00,8,8.00,3497,3497.00,3331,3331.00,0,0.00,11,11.00
2147,3,316,105.33,148,49.33,437297,145765.67,435370,145123.33,1349,449.67,3,1.00
2148,1,105,105.00,50,50.00,148520,148520.00,111662,111662.00,283,283.00,1,1.00
2150,1,103,103.00,46,46.00,149185,149185.00,104639,104639.00,526,526.00,1,1.00
2151,1,104,104.00,47,47.00,142607,142607.00,77136,77136.00,665,665.00,1,1.00
2152,2,1280,640.00,690,345.00,161485,80742.50,164558,82279.00,399,199.50,1,0.50
2153,2,207,103.50,108,54.00,288411,144205.50,316264,158132.00,1274,637.00,2,1.00
2155,12,1241,103.42,588,49.00,1686258,140521.50,1317920,109826.67,4862,405.17,12,1.00
2156,3,312,104.00,150,50.00,437621,145873.67,332402,110800.67,881,293.67,3,1.00
2158,1,103,103.00,56,56.00,153193,153193.00,157788,157788.00,216,216.00,1,1.00
2159,4,316,79.00,157,39.25,427879,106969.75,378202,94550.50,3827,956.75,14,3.50
2161,3,315,105.00,150,50.00,446143,148714.33,391738,130579.33,1147,382.33,3,1.00
2162,3,109,36.33,60,20.00,145666,48555.33,124080,41360.00,2839,946.33,23,7.67
2167,2,210,105.00,114,57.00,278356,139178.00,239501,119750.50,1570,785.00,9,4.50
2168,1,118,118.00,42,42.00,135595,135595.00,135337,135337.00,998,998.00,1,1.00
2169,3,1397,465.67,744,248.00,294141,98047.00,223052,74350.67,701,233.67,2,0.67
2170,12,1239,103.25,618,51.50,1677653,139804.42,1296751,108062.58,5600,466.67,12,1.00
2171,6,632,105.33,316,52.67,865635,144272.50,706981,117830.17,2488,414.67,11,1.83
2172,2,206,103.00,106,53.00,283292,141646.00,199136,99568.00,1329,664.50,2,1.00
2173,2,113,56.50,58,29.00,143456,71728.00,112713,56356.50,483,241.50,12,6.00
2174,1,104,104.00,52,52.00,141411,141411.00,118297,118297.00,328,328.00,1,1.00
2175,2,210,105.00,101,50.50,286813,143406.50,206770,103385.00,696,348.00,2,1.00
2176,2,203,101.50,122,61.00,288615,144307.50,292923,146461.50,1110,555.00,2,1.00
2177,2,213,106.50,106,53.00,298484,149242.00,283296,141648.00,920,460.00,2,1.00
2179,2,216,108.00,99,49.50,285740,142870.00,239806,119903.00,951,475.50,2,1.00
2180,6,425,70.83,209,34.83,598805,99800.83,479187,79864.50,1898,316.33,26,4.33
2182,2,219,109.50,108,54.00,298662,149331.00,347201,173600.50,805,402.50,2,1.00
2185,10,1040,104.00,527,52.70,1425533,142553.30,1147049,114704.90,3775,377.50,10,1.00
2186,5,516,103.20,270,54.00,721982,144396.40,557782,111556.40,1729,345.80,5,1.00
2189,1,5,5.00,4,4.00,3508,3508.00,3393,3393.00,0,0.00,11,11.00
2191,4,424,106.00,215,53.75,601232,150308.00,643854,160963.50,1612,403.00,4,1.00
2194,3,218,72.67,106,35.33,293472,97824.00,247479,82493.00,939,313.00,13,4.33
2195,3,313,104.33,161,53.67,434911,144970.33,312092,104030.67,1493,497.67,3,1.00
2196,2,214,107.00,22,11.00,154110,77055.00,45401,22700.50,2899,1449.50,2,1.00
2197,1,104,104.00,55,55.00,145519,145519.00,113628,113628.00,231,231.00,1,1.00
2198,1,102,102.00,61,61.00,143796,143796.00,107917,107917.00,548,548.00,1,1.00
2200,60,22817,380.28,5775,96.25,1330166,22169.43,491652,8194.20,2740,45.67,4,0.07
2201,17,6817,401.00,1719,101.12,249900,14700.00,39100,2300.00,0,0.00,0,0.00
2202,4,1314,328.50,317,79.25,119007,29751.75,20399,5099.75,1752,438.00,1,0.25
2203,5,1422,284.40,374,74.80,260425,52085.00,149682,29936.40,1966,393.20,2,0.40
2204,9,2745,305.00,737,81.89,252282,28031.33,127969,14218.78,2183,242.56,12,1.33
2205,2,807,403.50,204,102.00,29468,14734.00,4605,2302.50,0,0.00,0,0.00
2206,2,803,401.50,204,102.00,29471,14735.50,4600,2300.00,0,0.00,0,0.00
2207,6,2484,414.00,836,139.33,376380,62730.00,365752,60958.67,2725,454.17,2,0.33
2208,1,400,400.00,101,101.00,14700,14700.00,2300,2300.00,0,0.00,0,0.00
2209,1,401,401.00,101,101.00,14700,14700.00,2300,2300.00,0,0.00,0,0.00
2210,3,912,304.00,249,83.00,178733,59577.67,109408,36469.33,522,174.00,1,0.33
2211,2,110,55.00,59,29.50,146624,73312.00,111729,55864.50,683,341.50,12,6.00
2212,1,1206,1206.00,653,653.00,10754,10754.00,553,553.00,0,0.00,0,0.00
2213,2,211,105.50,104,52.00,287935,143967.50,217581,108790.50,1246,623.00,2,1.00
2214,3,328,109.33,165,55.00,402962,134320.67,355516,118505.33,2180,726.67,3,1.00
2216,1,1208,1208.00,654,654.00,10772,10772.00,554,554.00,0,0.00,0,0.00
2218,2,521,260.50,162,81.00,153973,76986.50,105238,52619.00,538,269.00,1,0.50
2220,1,114,114.00,60,60.00,143422,143422.00,90059,90059.00,385,385.00,1,1.00
2221,2,210,105.00,116,58.00,301430,150715.00,293518,146759.00,923,461.50,2,1.00
2222,5,535,107.00,202,40.40,719408,143881.60,439255,87851.00,2783,556.60,5,1.00
2223,1,6,6.00,4,4.00,3497,3497.00,3447,3447.00,0,0.00,11,11.00
2224,2,216,108.00,103,51.50,311417,155708.50,312895,156447.50,936,468.00,2,1.00
2225,2,224,112.00,103,51.50,283701,141850.50,222274,111137.00,1336,668.00,5,2.50
2226,1,105,105.00,55,55.00,140467,140467.00,98380,98380.00,516,516.00,1,1.00
2227,2,214,107.00,101,50.50,294725,147362.50,212212,106106.00,935,467.50,2,1.00
2229,1,5,5.00,4,4.00,3497,3497.00,3456,3456.00,0,0.00,11,11.00
2230,2,512,256.00,165,82.50,159947,79973.50,121911,60955.50,325,162.50,1,0.50
2231,1,114,114.00,49,49.00,157007,157007.00,190633,190633.00,231,231.00,1,1.00
2232,1,110,110.00,55,55.00,153466,153466.00,105106,105106.00,435,435.00,1,1.00
2233,2,516,258.00,166,83.00,162014,81007.00,127254,63627.00,246,123.00,1,0.50
2237,1,106,106.00,48,48.00,152986,152986.00,114765,114765.00,340,340.00,1,1.00
2239,1,13,13.00,5,5.00,3249,3249.00,813,813.00,1868,1868.00,13,13.00
2240,2,215,107.50,106,53.00,298444,149222.00,227545,113772.50,1129,564.50,2,1.00
2243,2,210,105.00,119,59.50,306923,153461.50,279768,139884.00,811,405.50,2,1.00
2244,3,138,46.00,84,28.00,192979,64326.33,125767,41922.33,2541,847.00,16,5.33
2245,1,103,103.00,61,61.00,141116,141116.00,115826,115826.00,528,528.00,1,1.00
2249,3,1430,476.67,772,257.33,307130,102376.67,221951,73983.67,1189,396.33,2,0.67
2251,1,110,110.00,85,85.00,112587,112587.00,191384,191384.00,525,525.00,1,1.00
2252,7,648,92.57,316,45.14,1055236,150748.00,767380,109625.71,6306,900.86,347,49.57
2253,2,214,107.00,104,52.00,304559,152279.50,228800,114400.00,899,449.50,2,1.00
2255,1,110,110.00,18,18.00,83486,83486.00,38163,38163.00,1124,1124.00,1,1.00
2256,1,112,112.00,55,55.00,158159,158159.00,197283,197283.00,274,274.00,1,1.00
2257,2,219,109.50,63,31.50,233905,116952.50,142370,71185.00,2017,1008.50,2,1.00
2258,3,315,105.00,162,54.00,439057,146352.33,308849,102949.67,2162,720.67,3,1.00
2259,3,702,234.00,171,57.00,330138,110046.00,198058,66019.33,2470,823.33,2,0.67
2260,1,110,110.00,55,55.00,158754,158754.00,120416,120416.00,603,603.00,1,1.00
2261,2,115,57.50,54,27.00,159225,79612.50,118047,59023.50,462,231.00,12,6.00
2263,3,230,76.67,75,25.00,227483,75827.67,149251,49750.33,2565,855.00,13,4.33
2265,3,328,109.33,86,28.67,304668,101556.00,113872,37957.33,4238,1412.67,3,1.00
2267,6,639,106.50,271,45.17,847613,141268.83,579579,96596.50,3734,622.33,6,1.00
2268,3,326,108.67,120,40.00,376914,125638.00,250153,83384.33,2661,887.00,3,1.00
2269,1,110,110.00,13,13.00,73277,73277.00,16980,16980.00,1709,1709.00,1,1.00
2270,2,113,56.50,69,34.50,160979,80489.50,174731,87365.50,246,123.00,12,6.00
2271,1,113,113.00,53,53.00,138932,138932.00,117233,117233.00,803,803.00,1,1.00
2272,2,214,107.00,113,56.50,281020,140510.00,194715,97357.50,1908,954.00,2,1.00
2273,4,429,107.25,181,45.25,536698,134174.50,401419,100354.75,3824,956.00,4,1.00
2274,1,111,111.00,70,70.00,134556,134556.00,115122,115122.00,803,803.00,1,1.00
2275,1,112,112.00,13,13.00,79883,79883.00,17134,17134.00,1754,1754.00,1,1.00
2276,3,112,37.33,69,23.00,148819,49606.33,118227,39409.00,3271,1090.33,23,7.67
2277,1,5,5.00,4,4.00,3497,3497.00,3528,3528.00,0,0.00,11,11.00
2279,2,110,55.00,65,32.50,154964,77482.00,118185,59092.50,539,269.50,12,6.00
2280,3,1379,459.67,756,252.00,191126,63708.67,152080,50693.33,2119,706.33,342,114.00
2281,2,216,108.00,100,50.00,298664,149332.00,191175,95587.50,1355,677.50,2,1.00
2282,13,1276,98.15,651,50.08,1815013,139616.38,1247040,95926.15,6520,501.54,23,1.77
2283,3,320,106.67,164,54.67,452077,150692.33,349014,116338.00,1509,503.00,3,1.00
2284,2,118,59.00,60,30.00,167280,83640.00,125511,62755.50,661,330.50,12,6.00
2285,2,1158,579.00,631,315.50,19674,9837.00,5230,2615.00,85,42.50,21,10.50
2286,1,11,11.00,7,7.00,3497,3497.00,3537,3537.00,0,0.00,11,11.00
2287,2,216,108.00,110,55.00,283364,141682.00,185988,92994.00,1625,812.50,2,1.00
2289,1,107,107.00,56,56.00,138602,138602.00,83437,83437.00,741,741.00,1,1.00
2290,2,1354,677.00,722,361.00,164917,82458.50,121824,60912.00,604,302.00,1,0.50
2291,1,1247,1247.00,673,673.00,11111,11111.00,572,572.00,0,0.00,0,0.00
2292,1,34,34.00,27,27.00,27577,27577.00,25296,25296.00,1788,1788.00,341,341.00
2293,1,398,398.00,82,82.00,64225,64225.00,13666,13666.00,1446,1446.00,0,0.00
2294,1,5,5.00,4,4.00,3533,3533.00,3546,3546.00,0,0.00,11,11.00
2295,1,111,111.00,50,50.00,150864,150864.00,115026,115026.00,608,608.00,1,1.00
2296,1,37,37.00,29,29.00,25021,25021.00,25326,25326.00,1804,1804.00,341,341.00
2297,6,862,143.67,348,58.00,606869,101144.83,464456,77409.33,2808,468.00,15,2.50
2298,2,214,107.00,114,57.00,298427,149213.50,235034,117517.00,1024,512.00,2,1.00
2300,1,111,111.00,50,50.00,153838,153838.00,115595,115595.00,477,477.00,1,1.00
2303,3,221,73.67,121,40.33,296662,98887.33,250954,83651.33,1732,577.33,13,4.33
2304,1,115,115.00,60,60.00,157549,157549.00,186731,186731.00,627,627.00,1,1.00
2305,4,442,110.50,199,49.75,618857,154714.25,522465,130616.25,1850,462.50,4,1.00
2306,3,221,73.67,111,37.00,304959,101653.00,180017,60005.67,1393,464.33,13,4.33
2307,1,1249,1249.00,673,673.00,11170,11170.00,586,586.00,0,0.00,0,0.00
2308,1,110,110.00,59,59.00,160998,160998.00,114036,114036.00,933,933.00,1,1.00
2309,1,5,5.00,4,4.00,2686,2686.00,750,750.00,2168,2168.00,11,11.00
2310,1,9,9.00,6,6.00,3534,3534.00,3566,3566.00,0,0.00,11,11.00
2311,2,216,108.00,108,54.00,312043,156021.50,184197,92098.50,1470,735.00,2,1.00
2312,7,589,84.14,294,42.00,779774,111396.29,597594,85370.57,4956,708.00,357,51.00
2314,2,880,440.00,306,153.00,186933,93466.50,354932,177466.00,2349,1174.50,1,0.50
2315,2,782,391.00,264,132.00,39583,19791.50,218613,109306.50,1926,963.00,11,5.50
2316,1,773,773.00,260,260.00,36208,36208.00,199563,199563.00,1789,1789.00,0,0.00
2317,1,772,772.00,259,259.00,36305,36305.00,233078,233078.00,1699,1699.00,0,0.00
2318,4,784,196.00,268,67.00,45632,11408.00,212824,53206.00,4242,1060.50,33,8.25
2320,5,554,110.80,263,52.60,784452,156890.40,687390,137478.00,2217,443.40,5,1.00
2321,2,116,58.00,66,33.00,165049,82524.50,155048,77524.00,2852,1426.00,12,6.00
2322,2,226,113.00,22,11.00,157247,78623.50,49565,24782.50,3357,1678.50,2,1.00
2323,4,1056,264.00,400,100.00,605692,151423.00,567886,141971.50,6654,1663.50,3,0.75
2324,4,16,4.00,12,3.00,13988,3497.00,14398,3599.50,0,0.00,44,11.00
2325,1,115,115.00,14,14.00,82092,82092.00,21902,21902.00,1626,1626.00,1,1.00
2326,3,997,332.33,286,95.33,196294,65431.33,289690,96563.33,5422,1807.33,2,0.67
2327,2,121,60.50,53,26.50,171647,85823.50,125682,62841.00,378,189.00,12,6.00
2328,3,231,77.00,66,22.00,246893,82297.67,115637,38545.67,2260,753.33,13,4.33
2329,5,554,110.80,262,52.40,794520,158904.00,695296,139059.20,2861,572.20,5,1.00
2330,1,113,113.00,51,51.00,161243,161243.00,105246,105246.00,564,564.00,1,1.00
2331,1,120,120.00,67,67.00,151353,151353.00,203280,203280.00,340,340.00,1,1.00
2332,3,999,333.00,287,95.67,205497,68499.00,375495,125165.00,5198,1732.67,2,0.67
2333,2,231,115.50,25,12.50,161073,80536.50,47208,23604.00,3061,1530.50,2,1.00
2335,4,432,108.00,248,62.00,592675,148168.75,534602,133650.50,2318,579.50,4,1.00
2336,4,1378,344.50,777,194.25,155923,38980.75,215365,53841.25,4046,1011.50,23,5.75
2338,2,228,114.00,103,51.50,310112,155056.00,286171,143085.50,1204,602.00,2,1.00
2340,2,231,115.50,69,34.50,231644,115822.00,172324,86162.00,2235,1117.50,2,1.00
2341,1,108,108.00,58,58.00,145211,145211.00,118240,118240.00,730,730.00,1,1.00
2342,2,223,111.50,74,37.00,229919,114959.50,145565,72782.50,2327,1163.50,2,1.00
2344,3,738,246.00,225,75.00,370248,123416.00,422576,140858.67,2488,829.33,2,0.67
2345,1,5,5.00,4,4.00,3508,3508.00,3627,3627.00,0,0.00,11,11.00
2348,2,1360,680.00,729,364.50,174732,87366.00,90480,45240.00,2244,1122.00,1,0.50
2350,5,463,92.60,239,47.80,636872,127374.40,865797,173159.40,2188,437.60,15,3.00
2351,1,110,110.00,57,57.00,154669,154669.00,112221,112221.00,681,681.00,1,1.00
2352,2,416,208.00,17,8.50,135042,67521.00,36337,18168.50,0,0.00,11,5.50
2353,3,327,109.00,195,65.00,431616,143872.00,476266,158755.33,1732,577.33,3,1.00
2354,1,114,114.00,51,51.00,162774,162774.00,131154,131154.00,571,571.00,1,1.00
2355,1,117,117.00,43,43.00,152810,152810.00,138063,138063.00,407,407.00,1,1.00
2356,1,7,7.00,5,5.00,3497,3497.00,3645,3645.00,0,0.00,11,11.00
2357,2,111,55.50,68,34.00,162663,81331.50,129858,64929.00,373,186.50,12,6.00
2359,5,554,110.80,282,56.40,811486,162297.20,747962,149592.40,2326,465.20,5,1.00
2360,2,129,64.50,66,33.00,148428,74214.00,255809,127904.50,2995,1497.50,12,6.00
2364,1,106,106.00,86,86.00,128821,128821.00,237403,237403.00,320,320.00,1,1.00
2365,3,327,109.00,174,58.00,456684,152228.00,378869,126289.67,1607,535.67,3,1.00
2368,2,222,111.00,104,52.00,316057,158028.50,223478,111739.00,1167,583.50,2,1.00
2370,2,123,61.50,67,33.50,186963,93481.50,334678,167339.00,1379,689.50,3,1.50
2371,1,112,112.00,55,55.00,157794,157794.00,116126,116126.00,721,721.00,1,1.00
2372,1,110,110.00,60,60.00,146105,146105.00,153480,153480.00,681,681.00,1,1.00
2374,1,110,110.00,56,56.00,165352,165352.00,131998,131998.00,552,552.00,1,1.00
2378,1,6,6.00,5,5.00,3519,3519.00,3672,3672.00,0,0.00,11,11.00
2379,1,116,116.00,59,59.00,157827,157827.00,121906,121906.00,514,514.00,6,6.00
2380,5,1734,346.80,909,181.80,640710,128142.00,540323,108064.60,1997,399.40,4,0.80
2381,1,8,8.00,4,4.00,12075,12075.00,42941,42941.00,1132,1132.00,2,2.00
2382,2,231,115.50,99,49.50,322505,161252.50,257453,128726.50,1233,616.50,2,1.00
2383,2,211,105.50,119,59.50,351750,175875.00,219602,109801.00,1655,827.50,2,1.00
2385,2,232,116.00,22,11.00,175156,87578.00,73212,36606.00,2870,1435.00,2,1.00
2386,1,113,113.00,48,48.00,164782,164782.00,118944,118944.00,685,685.00,1,1.00
2387,1,116,116.00,11,11.00,78880,78880.00,25185,25185.00,1563,1563.00,1,1.00
2388,5,600,120.00,135,27.00,436731,87346.20,197979,39595.80,4989,997.80,50,10.00
2389,2,220,110.00,116,58.00,328023,164011.50,231241,115620.50,1181,590.50,2,1.00
2390,1,4,4.00,3,3.00,3497,3497.00,3698,3698.00,0,0.00,11,11.00
2392,1,120,120.00,63,63.00,168624,168624.00,279573,279573.00,409,409.00,1,1.00
2393,1,117,117.00,13,13.00,84852,84852.00,23685,23685.00,1739,1739.00,1,1.00
2395,1,120,120.00,70,70.00,181398,181398.00,366641,366641.00,157,157.00,1,1.00
2396,1,6,6.00,5,5.00,3519,3519.00,3699,3699.00,0,0.00,11,11.00
2397,1,118,118.00,52,52.00,156111,156111.00,249946,249946.00,428,428.00,1,1.00
2398,3,333,111.00,168,56.00,465278,155092.67,366147,122049.00,1910,636.67,3,1.00
2399,3,350,116.67,83,27.67,328031,109343.67,161193,53731.00,4124,1374.67,3,1.00
2400,1,118,118.00,15,15.00,84868,84868.00,23425,23425.00,1626,1626.00,1,1.00
2401,2,227,113.50,68,34.00,232710,116355.00,159507,79753.50,2036,1018.00,2,1.00
2403,1,1300,1300.00,700,700.00,11603,11603.00,600,600.00,0,0.00,0,0.00
2405,1,110,110.00,62,62.00,168309,168309.00,126347,126347.00,444,444.00,1,1.00
2409,2,129,64.50,19,9.50,89157,44578.50,43878,21939.00,1396,698.00,14,7.00
2412,2,1009,504.50,366,183.00,194993,97496.50,335679,167839.50,439,219.50,1,0.50
2413,1,111,111.00,58,58.00,166052,166052.00,100013,100013.00,592,592.00,1,1.00
2414,1,112,112.00,59,59.00,153737,153737.00,135554,135554.00,571,571.00,1,1.00
2416,2,1399,699.50,749,374.50,295438,147719.00,165706,82853.00,2292,1146.00,1,0.50
2417,1,112,112.00,53,53.00,174298,174298.00,95377,95377.00,735,735.00,1,1.00
2418,1,111,111.00,50,50.00,163573,163573.00,112904,112904.00,736,736.00,1,1.00
2419,4,460,115.00,213,53.25,657128,164282.00,519580,129895.00,2167,541.75,4,1.00
2420,1,111,111.00,63,63.00,168768,168768.00,131984,131984.00,444,444.00,1,1.00
2421,1,126,126.00,38,38.00,134600,134600.00,133947,133947.00,1413,1413.00,1,1.00
2423,1,118,118.00,70,70.00,166135,166135.00,258616,258616.00,373,373.00,1,1.00
2425,2,132,66.00,67,33.50,151093,75546.50,234676,117338.00,3013,1506.50,12,6.00
2426,1,113,113.00,51,51.00,156759,156759.00,99434,99434.00,929,929.00,1,1.00
2427,1,119,119.00,65,65.00,169752,169752.00,258009,258009.00,156,156.00,1,1.00
2428,1,115,115.00,72,72.00,165171,165171.00,216985,216985.00,599,599.00,1,1.00
2429,1,5,5.00,4,4.00,3508,3508.00,3753,3753.00,0,0.00,11,11.00
2430,1,15,15.00,11,11.00,3057,3057.00,3879,3879.00,44,44.00,11,11.00
2433,1,111,111.00,52,52.00,156704,156704.00,115001,115001.00,968,968.00,1,1.00
2434,4,498,124.50,176,44.00,671746,167936.50,669207,167301.75,2072,518.00,4,1.00
2435,1,5,5.00,4,4.00,3508,3508.00,3762,3762.00,0,0.00,11,11.00
2436,2,1323,661.50,713,356.50,15260,7630.00,4371,2185.50,0,0.00,11,5.50
2438,1,4,4.00,3,3.00,3497,3497.00,3771,3771.00,0,0.00,11,11.00
2440,1,118,118.00,64,64.00,160061,160061.00,227759,227759.00,335,335.00,1,1.00
2441,2,121,60.50,58,29.00,168094,84047.00,150181,75090.50,496,248.00,12,6.00
2442,1,114,114.00,54,54.00,161477,161477.00,147637,147637.00,680,680.00,1,1.00
2446,1,113,113.00,56,56.00,168271,168271.00,114273,114273.00,530,530.00,1,1.00
2448,2,232,116.00,69,34.50,257581,128790.50,146697,73348.50,2277,1138.50,2,1.00
2450,4,440,110.00,161,40.25,671018,167754.50,445886,111471.50,4676,1169.00,4,1.00
2451,1,117,117.00,64,64.00,176090,176090.00,226189,226189.00,857,857.00,1,1.00
2454,1,119,119.00,11,11.00,82387,82387.00,20524,20524.00,1817,1817.00,1,1.00
2455,2,131,65.50,71,35.50,180057,90028.50,231515,115757.50,310,155.00,14,7.00
2456,2,234,117.00,109,54.50,321757,160878.50,281137,140568.50,1021,510.50,2,1.00
2458,1,118,118.00,11,11.00,86036,86036.00,22085,22085.00,1949,1949.00,1,1.00
2459,4,480,120.00,138,34.50,523163,130790.75,426560,106640.00,4754,1188.50,4,1.00
2460,1,119,119.00,13,13.00,82250,82250.00,18821,18821.00,1880,1880.00,1,1.00
2461,2,246,123.00,116,58.00,319666,159833.00,475784,237892.00,908,454.00,2,1.00
2463,2,11,5.50,9,4.50,6994,3497.00,7612,3806.00,0,0.00,22,11.00
2464,3,354,118.00,159,53.00,505392,168464.00,478922,159640.67,1713,571.00,3,1.00
2465,2,215,107.50,58,29.00,377529,188764.50,216371,108185.50,3554,1777.00,2,1.00
2467,2,213,106.50,91,45.50,376872,188436.00,204780,102390.00,3028,1514.00,2,1.00
2470,4,1390,347.50,694,173.50,549109,137277.25,908598,227149.50,3570,892.50,3,0.75
2471,1,5,5.00,4,4.00,3508,3508.00,3816,3816.00,0,0.00,11,11.00
2477,1,129,129.00,59,59.00,161333,161333.00,244274,244274.00,711,711.00,1,1.00
2479,1,121,121.00,53,53.00,174608,174608.00,188751,188751.00,324,324.00,1,1.00
2480,2,127,63.50,57,28.50,168930,84465.00,170634,85317.00,765,382.50,12,6.00
2482,3,368,122.67,179,59.67,499546,166515.33,829483,276494.33,2036,678.67,3,1.00
2483,1,111,111.00,65,65.00,147259,147259.00,120950,120950.00,1015,1015.00,1,1.00
2484,1,0,0.00,12,12.00,2496,2496.00,0,0.00,0,0.00,12,12.00
2485,1,124,124.00,55,55.00,155551,155551.00,253399,253399.00,785,785.00,1,1.00
2486,1,113,113.00,59,59.00,166153,166153.00,120779,120779.00,767,767.00,1,1.00
2488,4,469,117.25,279,69.75,649046,162261.50,930056,232514.00,1833,458.25,4,1.00
2489,1,157,157.00,79,79.00,163162,163162.00,367960,367960.00,592,592.00,1,1.00
2490,1,132,132.00,62,62.00,168909,168909.00,236894,236894.00,322,322.00,1,1.00
2491,2,186,93.00,86,43.00,430679,215339.50,271365,135682.50,4776,2388.00,2,1.00
2492,3,340,113.33,149,49.67,635492,211830.67,470384,156794.67,4077,1359.00,3,1.00
2494,4,484,121.00,220,55.00,688505,172126.25,735540,183885.00,1781,445.25,4,1.00
2495,2,193,96.50,94,47.00,439425,219712.50,248128,124064.00,4775,2387.50,2,1.00
2496,2,233,116.50,105,52.50,324475,162237.50,422995,211497.50,1222,611.00,2,1.00
2497,2,232,116.00,118,59.00,345709,172854.50,312063,156031.50,1260,630.00,2,1.00
2498,4,358,89.50,182,45.50,520390,130097.50,474575,118643.75,2187,546.75,14,3.50
2499,1,7,7.00,4,4.00,3497,3497.00,3860,3860.00,0,0.00,11,11.00
2501,1,111,111.00,59,59.00,173237,173237.00,140069,140069.00,511,511.00,1,1.00
2502,1,6,6.00,5,5.00,2886,2886.00,1138,1138.00,2431,2431.00,11,11.00
2503,2,135,67.50,65,32.50,174942,87471.00,203651,101825.50,326,163.00,14,7.00
2504,4,128,32.00,72,18.00,179881,44970.25,140756,35189.00,2932,733.00,34,8.50
2505,1,121,121.00,53,53.00,173347,173347.00,147257,147257.00,768,768.00,1,1.00
2508,4,372,93.00,176,44.00,493256,123314.00,706491,176622.75,3569,892.25,15,3.75
2510,3,242,80.67,120,40.00,330228,110076.00,357320,119106.67,1304,434.67,13,4.33
2512,3,1606,535.33,854,284.67,365732,121910.67,535436,178478.67,1079,359.67,2,0.67
2513,1,118,118.00,53,53.00,169623,169623.00,150960,150960.00,633,633.00,1,1.00
2514,3,258,86.00,76,25.33,264098,88032.67,308245,102748.33,1818,606.00,13,4.33
2515,5,499,99.80,230,46.00,788255,157651.00,611796,122359.20,9952,1990.40,5,1.00
2516,5,444,88.80,120,24.00,661024,132204.80,297522,59504.40,8411,1682.20,15,3.00
2517,2,239,119.50,129,64.50,337613,168806.50,389860,194930.00,1323,661.50,2,1.00
2518,1,124,124.00,67,67.00,186387,186387.00,317241,317241.00,277,277.00,1,1.00
2519,2,243,121.50,84,42.00,258250,129125.00,264414,132207.00,2726,1363.00,2,1.00
2520,1,138,138.00,42,42.00,138164,138164.00,146062,146062.00,1620,1620.00,1,1.00
2521,2,243,121.50,82,41.00,252942,126471.00,200921,100460.50,2826,1413.00,2,1.00
2522,3,250,83.33,69,23.00,263224,87741.33,177000,59000.00,2584,861.33,21,7.00
2524,5,603,120.60,308,61.60,854226,170845.20,1015534,203106.80,2884,576.80,5,1.00
2525,2,236,118.00,121,60.50,365111,182555.50,335208,167604.00,791,395.50,2,1.00
2526,2,226,113.00,97,48.50,317034,158517.00,340955,170477.50,2769,1384.50,2,1.00
2527,2,219,109.50,104,52.00,464160,232080.00,350725,175362.50,2857,1428.50,2,1.00
2528,1,129,129.00,45,45.00,167152,167152.00,140500,140500.00,702,702.00,1,1.00
2530,2,245,122.50,121,60.50,356970,178485.00,440919,220459.50,903,451.50,2,1.00
2532,1,123,123.00,54,54.00,169007,169007.00,281250,281250.00,509,509.00,1,1.00
2533,2,129,64.50,76,38.00,173270,86635.00,216652,108326.00,3280,1640.00,12,6.00
2535,3,342,114.00,162,54.00,489325,163108.33,520399,173466.33,3447,1149.00,3,1.00
2536,1,126,126.00,63,63.00,180693,180693.00,262893,262893.00,419,419.00,1,1.00
2537,1,127,127.00,64,64.00,179783,179783.00,299548,299548.00,441,441.00,1,1.00
2539,6,621,103.50,289,48.17,1226565,204427.50,810604,135100.67,10672,1778.67,6,1.00
2540,4,344,86.00,171,42.75,496238,124059.50,498427,124606.75,5715,1428.75,14,3.50
2541,3,362,120.67,154,51.33,499589,166529.67,720504,240168.00,3243,1081.00,3,1.00
2543,3,332,110.67,162,54.00,524986,174995.33,372353,124117.67,3661,1220.33,3,1.00
2546,2,243,121.50,129,64.50,350357,175178.50,424293,212146.50,1019,509.50,2,1.00
2547,1,123,123.00,56,56.00,171508,171508.00,252167,252167.00,325,325.00,1,1.00
2548,1,129,129.00,55,55.00,173573,173573.00,250831,250831.00,266,266.00,1,1.00
2549,2,234,117.00,122,61.00,335987,167993.50,323661,161830.50,1138,569.00,2,1.00
2550,3,1621,540.33,870,290.00,336022,112007.33,436520,145506.67,1137,379.00,2,0.67
2553,2,124,62.00,60,30.00,175972,87986.00,146728,73364.00,777,388.50,12,6.00
2554,3,379,126.33,173,57.67,520562,173520.67,687765,229255.00,1107,369.00,3,1.00
2555,1,127,127.00,73,73.00,187540,187540.00,369720,369720.00,499,499.00,1,1.00
2556,3,362,120.67,174,58.00,523752,174584.00,698436,232812.00,1642,547.33,3,1.00
2557,1,121,121.00,70,70.00,160092,160092.00,226492,226492.00,666,666.00,1,1.00
2558,2,120,60.00,62,31.00,192419,96209.50,134877,67438.50,710,355.00,12,6.00
2559,1,134,134.00,57,57.00,170406,170406.00,261086,261086.00,443,443.00,1,1.00
2560,2,250,125.00,127,63.50,372413,186206.50,558945,279472.50,511,255.50,2,1.00
2561,4,393,98.25,181,45.25,512533,128133.25,549488,137372.00,1847,461.75,14,3.50
2563,13,1294,99.54,598,46.00,2538812,195293.23,1752923,134840.23,28054,2158.00,13,1.00
2564,2,249,124.50,113,56.50,352110,176055.00,424813,212406.50,1074,537.00,2,1.00
2566,2,226,113.00,107,53.50,333673,166836.50,335219,167609.50,3347,1673.50,2,1.00
2567,3,370,123.33,186,62.00,180255,60085.00,188470,62823.33,2628,876.00,23,7.67
2568,1,1384,1384.00,742,742.00,12356,12356.00,642,642.00,0,0.00,0,0.00
2569,2,240,120.00,120,60.00,338824,169412.00,305996,152998.00,1363,681.50,2,1.00
2570,1,132,132.00,76,76.00,185043,185043.00,373035,373035.00,403,403.00,1,1.00
2571,1,93,93.00,47,47.00,160435,160435.00,159686,159686.00,2467,2467.00,1,1.00
2572,1,1385,1385.00,742,742.00,12366,12366.00,643,643.00,0,0.00,0,0.00
2573,1,7,7.00,4,4.00,3510,3510.00,3970,3970.00,0,0.00,11,11.00
2574,4,500,125.00,44,11.00,400946,100236.50,183190,45797.50,6118,1529.50,4,1.00
2575,1,123,123.00,66,66.00,176162,176162.00,251438,251438.00,749,749.00,1,1.00
2576,2,1512,756.00,754,377.00,102760,51380.00,29787,14893.50,1726,863.00,1,0.50
2577,1,133,133.00,67,67.00,187118,187118.00,260683,260683.00,229,229.00,1,1.00
2578,4,497,124.25,264,66.00,720376,180094.00,1069220,267305.00,1780,445.00,4,1.00
2580,2,251,125.50,67,33.50,256445,128222.50,311206,155603.00,2315,1157.50,2,1.00
2582,2,250,125.00,88,44.00,247897,123948.50,230249,115124.50,3021,1510.50,2,1.00
2583,1,118,118.00,60,60.00,161606,161606.00,129142,129142.00,655,655.00,1,1.00
2584,5,1886,377.20,1017,203.40,739607,147921.40,1009901,201980.20,1566,313.20,4,0.80
2585,1,97,97.00,44,44.00,149672,149672.00,83142,83142.00,2460,2460.00,1,1.00
2586,1,120,120.00,54,54.00,188317,188317.00,154229,154229.00,627,627.00,1,1.00
2587,2,641,320.50,198,99.00,245554,122777.00,306319,153159.50,2622,1311.00,1,0.50
2588,5,466,93.20,136,27.20,525964,105192.80,275144,55028.80,9459,1891.80,15,3.00
2589,1,136,136.00,53,53.00,173586,173586.00,300758,300758.00,496,496.00,1,1.00
2590,2,235,117.50,87,43.50,265173,132586.50,154125,77062.50,2785,1392.50,2,1.00
2591,3,368,122.67,197,65.67,549244,183081.33,660157,220052.33,1364,454.67,3,1.00
2592,1,121,121.00,58,58.00,162705,162705.00,121078,121078.00,664,664.00,1,1.00
2593,4,492,123.00,194,48.50,602092,150523.00,639007,159751.75,3471,867.75,4,1.00
2594,1,4,4.00,3,3.00,3497,3497.00,4004,4004.00,0,0.00,11,11.00
2595,1,121,121.00,52,52.00,188705,188705.00,154904,154904.00,701,701.00,1,1.00
2596,1,1397,1397.00,748,748.00,12474,12474.00,649,649.00,0,0.00,0,0.00
2597,2,1518,759.00,806,403.00,187908,93954.00,154168,77084.00,614,307.00,1,0.50
2598,1,6,6.00,6,6.00,2898,2898.00,1169,1169.00,2526,2526.00,11,11.00
2599,1,131,131.00,51,51.00,176345,176345.00,287914,287914.00,462,462.00,1,1.00
2600,1,2600,2600.00,2600,2600.00,0,0.00,0,0.00,0,0.00,0,0.00
2601,1,120,120.00,68,68.00,161132,161132.00,186357,186357.00,876,876.00,1,1.00
2602,1,121,121.00,76,76.00,183160,183160.00,285531,285531.00,406,406.00,1,1.00
2604,2,252,126.00,108,54.00,335711,167855.50,501275,250637.50,1223,611.50,2,1.00
2605,1,141,141.00,59,59.00,170049,170049.00,249101,249101.00,745,745.00,1,1.00
2606,1,130,130.00,52,52.00,170663,170663.00,240991,240991.00,509,509.00,1,1.00
2607,1,125,125.00,59,59.00,184919,184919.00,188691,188691.00,608,608.00,1,1.00
2608,3,369,123.00,185,61.67,554392,184797.33,564385,188128.33,1887,629.00,3,1.00
2609,7,707,101.00,7,1.00,294016,42002.29,814872,116410.29,16114,2302.00,2149,307.00
2610,4,413,103.25,9,2.25,168053,42013.25,465628,116407.00,9208,2302.00,1228,307.00
2611,1,126,126.00,59,59.00,173195,173195.00,305516,305516.00,465,465.00,1,1.00
2612,6,559,93.17,85,14.17,345205,57534.17,682048,113674.67,9618,1603.00,1240,206.67
2613,2,254,127.00,104,52.00,344844,172422.00,543398,271699.00,983,491.50,2,1.00
2614,2,205,102.50,6,3.00,84092,42046.00,232819,116409.50,4604,2302.00,614,307.00
2615,1,122,122.00,54,54.00,185369,185369.00,169839,169839.00,788,788.00,1,1.00
2616,2,238,119.00,109,54.50,344018,172009.00,354696,177348.00,3040,1520.00,2,1.00
2617,1,130,130.00,61,61.00,194311,194311.00,311589,311589.00,149,149.00,1,1.00
2618,2,225,112.50,82,41.00,219491,109745.50,398241,199120.50,2905,1452.50,315,157.50
2619,1,132,132.00,58,58.00,175175,175175.00,258041,258041.00,332,332.00,1,1.00
2620,1,131,131.00,64,64.00,171171,171171.00,257385,257385.00,821,821.00,1,1.00
2621,1,131,131.00,58,58.00,165449,165449.00,250371,250371.00,718,718.00,1,1.00
2622,3,378,126.00,179,59.67,515396,171798.67,556390,185463.33,1442,480.67,3,1.00
2623,2,259,129.50,103,51.50,348248,174124.00,545431,272715.50,923,461.50,2,1.00
2624,1,4,4.00,3,3.00,3497,3497.00,4049,4049.00,0,0.00,11,11.00
2626,1,129,129.00,72,72.00,190089,190089.00,332046,332046.00,546,546.00,1,1.00
2628,2,257,128.50,108,54.00,342677,171338.50,568716,284358.00,1272,636.00,2,1.00
2630,1,122,122.00,56,56.00,190600,190600.00,162250,162250.00,665,665.00,1,1.00
2631,1,132,132.00,48,48.00,173565,173565.00,281173,281173.00,637,637.00,1,1.00
2632,1,130,130.00,63,63.00,184371,184371.00,302803,302803.00,605,605.00,1,1.00
2633,2,243,121.50,60,30.00,233068,116534.00,396748,198374.00,2826,1413.00,308,154.00
2634,2,252,126.00,116,58.00,350398,175199.00,596768,298384.00,707,353.50,2,1.00
2635,2,260,130.00,117,58.50,351960,175980.00,557578,278789.00,1400,700.00,2,1.00
2636,1,129,129.00,61,61.00,172019,172019.00,260980,260980.00,537,537.00,1,1.00
2637,2,256,128.00,63,31.50,274492,137246.00,324128,162064.00,2038,1019.00,2,1.00
2638,2,262,131.00,64,32.00,272894,136447.00,380484,190242.00,2287,1143.50,2,1.00
2639,1,124,124.00,56,56.00,190303,190303.00,150092,150092.00,747,747.00,1,1.00
2640,2,588,294.00,26,13.00,239871,119935.50,71533,35766.50,1816,908.00,1,0.50
2641,1,132,132.00,55,55.00,174913,174913.00,254439,254439.00,414,414.00,1,1.00
2642,2,256,128.00,77,38.50,279306,139653.00,278209,139104.50,2374,1187.00,2,1.00
2643,3,386,128.67,173,57.67,519607,173202.33,668579,222859.67,2041,680.33,3,1.00
2644,3,389,129.67,169,56.33,541708,180569.33,835200,278400.00,1069,356.33,3,1.00
2645,2,252,126.00,29,14.50,134360,67180.00,143706,71853.00,4354,2177.00,308,154.00
2646,3,1681,560.33,863,287.67,366581,122193.67,552790,184263.33,671,223.67,2,0.67
2648,1,141,141.00,62,62.00,169425,169425.00,247300,247300.00,794,794.00,1,1.00
2649,3,392,130.67,82,27.33,363366,121122.00,343787,114595.67,4183,1394.33,3,1.00
2650,3,266,88.67,93,31.00,264035,88011.67,224333,74777.67,3014,1004.67,13,4.33
2651,2,260,130.00,71,35.50,289023,144511.50,356342,178171.00,1743,871.50,2,1.00
2652,3,375,125.00,174,58.00,496332,165444.00,673668,224556.00,2455,818.33,3,1.00
2653,1,139,139.00,67,67.00,179242,179242.00,311811,311811.00,526,526.00,1,1.00
2655,2,1545,772.50,818,409.00,187692,93846.00,156872,78436.00,645,322.50,1,0.50
2656,1,131,131.00,63,63.00,189164,189164.00,287542,287542.00,390,390.00,1,1.00
2658,1,127,127.00,58,58.00,176158,176158.00,314070,314070.00,235,235.00,1,1.00
2659,1,134,134.00,61,61.00,164438,164438.00,285207,285207.00,854,854.00,1,1.00
2660,2,259,129.50,121,60.50,345051,172525.50,564586,282293.00,1040,520.00,2,1.00
2661,1,132,132.00,52,52.00,181014,181014.00,297993,297993.00,301,301.00,1,1.00
2662,2,140,70.00,57,28.50,180111,90055.50,288953,144476.50,576,288.00,12,6.00
2663,1,6,6.00,5,5.00,3514,3514.00,4104,4104.00,0,0.00,11,11.00
2664,2,1310,655.00,352,176.00,268467,134233.50,473415,236707.50,489,244.50,1,0.50
2666,4,266,66.50,138,34.50,373772,93443.00,534050,133512.50,1465,366.25,24,6.00
2667,1,128,128.00,56,56.00,171276,171276.00,300561,300561.00,681,681.00,1,1.00
2668,2,260,130.00,113,56.50,362622,181311.00,418644,209322.00,1292,646.00,2,1.00
2669,1,138,138.00,60,60.00,184812,184812.00,282842,282842.00,186,186.00,1,1.00
2670,1,130,130.00,50,50.00,166267,166267.00,252609,252609.00,825,825.00,1,1.00
2671,1,130,130.00,51,51.00,174911,174911.00,291940,291940.00,527,527.00,1,1.00
2672,2,261,130.50,133,66.50,367275,183637.50,574046,287023.00,1242,621.00,2,1.00
2676,1,138,138.00,56,56.00,175686,175686.00,280279,280279.00,611,611.00,1,1.00
2678,1,129,129.00,14,14.00,94821,94821.00,61568,61568.00,1230,1230.00,1,1.00
2679,1,4,4.00,4,4.00,3497,3497.00,4131,4131.00,0,0.00,11,11.00
2680,2,264,132.00,130,65.00,355463,177731.50,569517,284758.50,1183,591.50,2,1.00
2681,1,137,137.00,58,58.00,179561,179561.00,265874,265874.00,548,548.00,1,1.00
2682,2,256,128.00,116,58.00,359317,179658.50,547476,273738.00,863,431.50,2,1.00
2684,1,134,134.00,72,72.00,199535,199535.00,360076,360076.00,461,461.00,1,1.00
2685,3,269,89.67,108,36.00,365260,121753.33,524703,174901.00,665,221.67,13,4.33
2686,2,148,74.00,63,31.50,174281,87140.50,253244,126622.00,2979,1489.50,12,6.00
2687,2,259,129.50,110,55.00,376341,188170.50,450863,225431.50,1338,669.00,2,1.00
2688,4,398,99.50,193,48.25,550890,137722.50,861677,215419.25,1078,269.50,14,3.50
2689,2,264,132.00,135,67.50,377456,188728.00,690929,345464.50,832,416.00,2,1.00
2690,1,10,10.00,8,8.00,3832,3832.00,4148,4148.00,0,0.00,11,11.00
2691,5,1961,392.20,996,199.20,716012,143202.40,1097331,219466.20,2137,427.40,4,0.80
2693,1,135,135.00,59,59.00,178934,178934.00,287735,287735.00,383,383.00,1,1.00
2694,4,397,99.25,178,44.50,552554,138138.50,873089,218272.25,895,223.75,14,3.50
2695,1,130,130.00,78,78.00,202712,202712.00,383966,383966.00,201,201.00,1,1.00
2696,1,131,131.00,58,58.00,183981,183981.00,304654,304654.00,497,497.00,1,1.00
2697,2,268,134.00,112,56.00,358169,179084.50,606924,303462.00,822,411.00,2,1.00
2699,2,144,72.00,65,32.50,183376,91688.00,246811,123405.50,325,162.50,12,6.00
2700,7,785,112.14,250,35.71,921120,131588.57,1252179,178882.71,6613,944.71,18,2.57
2701,3,404,134.67,133,44.33,470957,156985.67,588381,196127.00,2549,849.67,3,1.00
2702,4,527,131.75,155,38.75,570809,142702.25,606326,151581.50,4972,1243.00,4,1.00
2703,2,247,123.50,169,84.50,350452,175226.00,399320,199660.00,886,443.00,7,3.50
2704,4,1848,462.00,916,229.00,477417,119354.25,641929,160482.25,2965,741.25,3,0.75
2705,1,132,132.00,56,56.00,192598,192598.00,289222,289222.00,310,310.00,1,1.00
2706,2,268,134.00,107,53.50,353264,176632.00,541685,270842.50,987,493.50,2,1.00
2707,1,134,134.00,15,15.00,92724,92724.00,24342,24342.00,1939,1939.00,1,1.00
2710,2,263,131.50,120,60.00,359523,179761.50,585502,292751.00,1196,598.00,2,1.00
2712,1,128,128.00,62,62.00,175653,175653.00,304608,304608.00,546,546.00,1,1.00
2714,2,120,60.00,90,45.00,176915,88457.50,111296,55648.00,1168,584.00,12,6.00
2715,1,131,131.00,12,12.00,91604,91604.00,46900,46900.00,1870,1870.00,1,1.00
2716,3,400,133.33,140,46.67,472022,157340.67,746985,248995.00,2955,985.00,3,1.00
2718,2,267,133.50,108,54.00,369176,184588.00,593000,296500.00,521,260.50,2,1.00
2719,2,260,130.00,137,68.50,382716,191358.00,426762,213381.00,1542,771.00,2,1.00
2720,3,143,47.67,64,21.33,187451,62483.67,305385,101795.00,3026,1008.67,23,7.67
2721,2,135,67.50,64,32.00,184406,92203.00,295180,147590.00,386,193.00,12,6.00
2724,3,396,132.00,166,55.33,546558,182186.00,889043,296347.67,1034,344.67,3,1.00
2725,1,144,144.00,61,61.00,186918,186918.00,337632,337632.00,302,302.00,1,1.00
2726,2,140,70.00,59,29.50,173669,86834.50,251896,125948.00,825,412.50,12,6.00
2727,1,128,128.00,64,64.00,172021,172021.00,278443,278443.00,511,511.00,1,1.00
2731,2,267,133.50,123,61.50,372877,186438.50,594972,297486.00,750,375.00,2,1.00
2732,1,139,139.00,70,70.00,182757,182757.00,370197,370197.00,844,844.00,1,1.00
2733,2,267,133.50,104,52.00,361699,180849.50,560583,280291.50,922,461.00,2,1.00
2734,1,135,135.00,60,60.00,179401,179401.00,298842,298842.00,415,415.00,1,1.00
2735,1,5,5.00,4,4.00,2886,2886.00,1215,1215.00,2665,2665.00,11,11.00
2738,1,138,138.00,53,53.00,192233,192233.00,322363,322363.00,280,280.00,1,1.00
2739,6,672,112.00,307,51.17,902336,150389.33,1498575,249762.50,2386,397.67,16,2.67
2740,2,268,134.00,114,57.00,368636,184318.00,575958,287979.00,555,277.50,2,1.00
2741,1,131,131.00,72,72.00,194544,194544.00,261707,261707.00,695,695.00,1,1.00
2742,1,133,133.00,57,57.00,186419,186419.00,291625,291625.00,201,201.00,1,1.00
2744,2,137,68.50,61,30.50,192987,96493.50,289789,144894.50,3009,1504.50,12,6.00
2745,1,133,133.00,59,59.00,185303,185303.00,310209,310209.00,545,545.00,1,1.00
2746,1,8,8.00,7,7.00,3542,3542.00,4226,4226.00,0,0.00,11,11.00
2747,2,269,134.50,114,57.00,356829,178414.50,535316,267658.00,1078,539.00,2,1.00
2748,2,272,136.00,121,60.50,376148,188074.00,574107,287053.50,648,324.00,2,1.00
2749,1,129,129.00,72,72.00,170139,170139.00,231733,231733.00,597,597.00,1,1.00
2752,1,129,129.00,64,64.00,204550,204550.00,211458,211458.00,423,423.00,1,1.00
2754,2,262,131.00,116,58.00,364987,182493.50,607623,303811.50,971,485.50,2,1.00
2756,2,284,142.00,88,44.00,347078,173539.00,405937,202968.50,904,452.00,2,1.00
2759,1,128,128.00,49,49.00,175552,175552.00,134391,134391.00,1052,1052.00,1,1.00
2760,3,393,131.00,186,62.00,532289,177429.67,801646,267215.33,1506,502.00,3,1.00
2761,1,130,130.00,62,62.00,191734,191734.00,201166,201166.00,447,447.00,1,1.00
2762,1,127,127.00,63,63.00,176059,176059.00,158555,158555.00,819,819.00,1,1.00
2763,4,533,133.25,179,44.75,643577,160894.25,827056,206764.00,3304,826.00,4,1.00
2764,1,140,140.00,67,67.00,179695,179695.00,342495,342495.00,740,740.00,1,1.00
2765,1,133,133.00,57,57.00,189236,189236.00,235652,235652.00,687,687.00,1,1.00
2766,2,268,134.00,117,58.50,356141,178070.50,545441,272720.50,1000,500.00,5,2.50
2767,4,547,136.75,160,40.00,571328,142832.00,755446,188861.50,4283,1070.75,4,1.00
2769,3,271,90.33,123,41.00,368067,122689.00,603599,201199.67,1130,376.67,13,4.33
2770,2,271,135.50,26,13.00,192359,96179.50,65093,32546.50,3834,1917.00,2,1.00
2772,1,0,0.00,12,12.00,792,792.00,0,0.00,1992,1992.00,12,12.00
2774,4,281,70.25,126,31.50,374006,93501.50,597349,149337.25,1068,267.00,24,6.00
2775,1,6,6.00,7,7.00,3497,3497.00,4275,4275.00,0,0.00,11,11.00
2776,3,402,134.00,217,72.33,587830,195943.33,1036012,345337.33,1224,408.00,3,1.00
2778,7,930,132.86,317,45.29,1126687,160955.29,1300856,185836.57,7036,1005.14,7,1.00
2779,2,272,136.00,70,35.00,296700,148350.00,311055,155527.50,2457,1228.50,2,1.00
2780,1,136,136.00,13,13.00,92792,92792.00,32826,32826.00,1808,1808.00,1,1.00
2781,1,5,5.00,4,4.00,3497,3497.00,4284,4284.00,0,0.00,11,11.00
2783,1,146,146.00,64,64.00,190358,190358.00,274993,274993.00,412,412.00,1,1.00
2784,1,131,131.00,62,62.00,181376,181376.00,272522,272522.00,447,447.00,1,1.00
2785,2,278,139.00,146,73.00,410147,205073.50,854601,427300.50,800,400.00,2,1.00
2786,2,269,134.50,132,66.00,374470,187235.00,589182,294591.00,1063,531.50,2,1.00
2787,2,259,129.50,129,64.50,396645,198322.50,374418,187209.00,1444,722.00,2,1.00
2788,1,136,136.00,75,75.00,200338,200338.00,355529,355529.00,693,693.00,1,1.00
2789,3,268,89.33,123,41.00,389299,129766.33,525674,175224.67,1189,396.33,13,4.33
2791,1,138,138.00,69,69.00,200115,200115.00,339055,339055.00,812,812.00,1,1.00
2792,3,412,137.33,175,58.33,558692,186230.67,794172,264724.00,2267,755.67,3,1.00
2794,1,138,138.00,61,61.00,174248,174248.00,307307,307307.00,564,564.00,1,1.00
2795,1,8,8.00,11,11.00,2875,2875.00,1236,1236.00,2725,2725.00,11,11.00
2797,2,271,135.50,163,81.50,406177,203088.50,734531,367265.50,1046,523.00,2,1.00
2798,1,138,138.00,61,61.00,179480,179480.00,198376,198376.00,724,724.00,1,1.00
2799,2,262,131.00,128,64.00,355502,177751.00,546057,273028.50,1155,577.50,2,1.00
2800,2,1627,813.50,862,431.00,194380,97190.00,166489,83244.50,690,345.00,1,0.50
2801,1,130,130.00,65,65.00,190006,190006.00,167232,167232.00,1033,1033.00,1,1.00
2802,1,146,146.00,71,71.00,174188,174188.00,334675,334675.00,477,477.00,1,1.00
2803,1,141,141.00,69,69.00,199927,199927.00,392903,392903.00,396,396.00,1,1.00
2804,3,1787,595.67,949,316.33,403263,134421.00,679644,226548.00,1143,381.00,2,0.67
2806,1,141,141.00,41,41.00,173890,173890.00,183419,183419.00,1039,1039.00,1,1.00
2807,2,268,134.00,114,57.00,370041,185020.50,438797,219398.50,1201,600.50,2,1.00
2808,2,267,133.50,124,62.00,370269,185134.50,557803,278901.50,708,354.00,2,1.00
2810,2,280,140.00,121,60.50,385890,192945.00,500571,250285.50,1077,538.50,2,1.00
2811,1,142,142.00,55,55.00,194756,194756.00,315847,315847.00,288,288.00,1,1.00
2812,3,425,141.67,219,73.00,595402,198467.33,1110353,370117.67,986,328.67,3,1.00
2813,1,137,137.00,83,83.00,199650,199650.00,358848,358848.00,625,625.00,6,6.00
2814,1,137,137.00,65,65.00,174290,174290.00,278615,278615.00,1058,1058.00,1,1.00
2815,3,405,135.00,234,78.00,589863,196621.00,964950,321650.00,1860,620.00,3,1.00
2816,4,547,136.75,261,65.25,780570,195142.50,1273029,318257.25,1959,489.75,4,1.00
2818,2,272,136.00,113,56.50,411592,205796.00,503805,251902.50,1093,546.50,2,1.00
2821,1,143,143.00,65,65.00,200830,200830.00,392530,392530.00,517,517.00,1,1.00
2823,3,414,138.00,192,64.00,545399,181799.67,933629,311209.67,1685,561.67,3,1.00
2824,1,35,35.00,23,23.00,30303,30303.00,33456,33456.00,2242,2242.00,437,437.00
2826,1,138,138.00,60,60.00,186187,186187.00,306851,306851.00,671,671.00,1,1.00
2827,1,138,138.00,70,70.00,198733,198733.00,339093,339093.00,791,791.00,1,1.00
2828,3,412,137.33,35,11.67,289420,96473.33,94951,31650.33,5768,1922.67,3,1.00
2829,4,572,143.00,246,61.50,768661,192165.25,1132435,283108.75,2710,677.50,4,1.00
2830,4,554,138.50,100,25.00,473909,118477.25,359436,89859.00,6069,1517.25,4,1.00
2831,1,137,137.00,12,12.00,98129,98129.00,35803,35803.00,1687,1687.00,1,1.00
2832,2,147,73.50,66,33.00,177515,88757.50,247316,123658.00,2556,1278.00,12,6.00
2833,1,141,141.00,73,73.00,211269,211269.00,424744,424744.00,369,369.00,1,1.00
2835,2,283,141.50,110,55.00,387250,193625.00,658841,329420.50,692,346.00,2,1.00
2836,1,139,139.00,69,69.00,174006,174006.00,316443,316443.00,751,751.00,1,1.00
2837,1,140,140.00,69,69.00,207260,207260.00,361792,361792.00,596,596.00,1,1.00
2838,1,141,141.00,13,13.00,95529,95529.00,29890,29890.00,1980,1980.00,1,1.00
2839,1,130,130.00,60,60.00,202913,202913.00,163534,163534.00,1031,1031.00,1,1.00
2840,3,283,94.33,98,32.67,307681,102560.33,411086,137028.67,2139,713.00,13,4.33
2841,2,280,140.00,138,69.00,407277,203638.50,534909,267454.50,1165,582.50,2,1.00
2842,2,258,129.00,180,90.00,395377,197688.50,617490,308745.00,1254,627.00,2,1.00
2843,3,422,140.67,81,27.00,406052,135350.67,466953,155651.00,4013,1337.67,3,1.00
2844,1,9,9.00,11,11.00,3497,3497.00,4375,4375.00,0,0.00,11,11.00
2845,2,279,139.50,157,78.50,395251,197625.50,767672,383836.00,1205,602.50,2,1.00
2846,3,287,95.67,125,41.67,384199,128066.33,707069,235689.67,1613,537.67,13,4.33
2847,1,136,136.00,62,62.00,215577,215577.00,174843,174843.00,892,892.00,1,1.00
2848,2,281,140.50,141,70.50,383411,191705.50,655928,327964.00,1005,502.50,4,2.00
2849,4,565,141.25,220,55.00,689835,172458.75,882585,220646.25,3801,950.25,4,1.00
2850,2,281,140.50,114,57.00,392843,196421.50,639700,319850.00,1023,511.50,2,1.00
2851,2,278,139.00,140,70.00,401891,200945.50,739027,369513.50,932,466.00,2,1.00
2852,4,422,105.50,198,49.50,553407,138351.75,996208,249052.00,5048,1262.00,14,3.50
2854,1,136,136.00,87,87.00,197829,197829.00,374642,374642.00,641,641.00,1,1.00
2856,1,6,6.00,6,6.00,3514,3514.00,4391,4391.00,0,0.00,11,11.00
2857,1,142,142.00,73,73.00,209266,209266.00,375568,375568.00,614,614.00,1,1.00
2858,3,421,140.33,190,63.33,566628,188876.00,870882,290294.00,1729,576.33,3,1.00
2860,1,137,137.00,57,57.00,186628,186628.00,308034,308034.00,352,352.00,1,1.00
2861,1,136,136.00,64,64.00,189521,189521.00,289468,289468.00,479,479.00,1,1.00
2862,1,144,144.00,77,77.00,216823,216823.00,423747,423747.00,171,171.00,1,1.00
2863,1,137,137.00,78,78.00,206007,206007.00,377038,377038.00,710,710.00,1,1.00
2864,4,443,110.75,200,50.00,585773,146443.25,1017913,254478.25,1259,314.75,14,3.50
2865,5,443,88.60,200,40.00,591466,118293.20,1097337,219467.40,1495,299.00,25,5.00
2866,1,139,139.00,72,72.00,199258,199258.00,345546,345546.00,741,741.00,1,1.00
2867,2,284,142.00,129,64.50,378142,189071.00,565350,282675.00,1046,523.00,2,1.00
2868,3,311,103.67,153,51.00,425370,141790.00,651778,217259.33,3742,1247.33,439,146.33
2870,3,281,93.67,127,42.33,399417,133139.00,617037,205679.00,814,271.33,13,4.33
2871,1,133,133.00,73,73.00,196889,196889.00,251550,251550.00,640,640.00,1,1.00
2873,2,278,139.00,112,56.00,394243,197121.50,603268,301634.00,1116,558.00,2,1.00
2874,1,5,5.00,4,4.00,3514,3514.00,4418,4418.00,0,0.00,11,11.00
2876,1,34,34.00,26,26.00,33872,33872.00,33734,33734.00,2279,2279.00,437,437.00
2877,1,691,691.00,272,272.00,23772,23772.00,8970,8970.00,446,446.00,0,0.00
2878,1,141,141.00,61,61.00,183979,183979.00,291400,291400.00,530,530.00,1,1.00
2879,1,141,141.00,60,60.00,200922,200922.00,298551,298551.00,444,444.00,1,1.00
2881,4,559,139.75,275,68.75,788924,197231.00,1354646,338661.50,2533,633.25,4,1.00
2882,4,287,71.75,181,45.25,425311,106327.75,873531,218382.75,1283,320.75,24,6.00
2883,3,16,5.33,12,4.00,10491,3497.00,13309,4436.33,0,0.00,33,11.00
2884,1,143,143.00,80,80.00,200806,200806.00,441061,441061.00,715,715.00,1,1.00
2886,2,294,147.00,143,71.50,414165,207082.50,731836,365918.00,882,441.00,2,1.00
2887,1,138,138.00,78,78.00,200347,200347.00,320358,320358.00,529,529.00,1,1.00
2888,1,157,157.00,72,72.00,180807,180807.00,278193,278193.00,1160,1160.00,1,1.00
2889,1,140,140.00,11,11.00,102025,102025.00,35222,35222.00,1876,1876.00,1,1.00
2890,3,424,141.33,154,51.33,519566,173188.67,679896,226632.00,2851,950.33,3,1.00
2891,4,553,138.25,225,56.25,690235,172558.75,946361,236590.25,4266,1066.50,4,1.00
2893,4,558,139.50,166,41.50,589917,147479.25,700919,175229.75,4883,1220.75,4,1.00
2894,1,152,152.00,55,55.00,205899,205899.00,345236,345236.00,546,546.00,1,1.00
2895,3,1703,567.67,898,299.33,220756,73585.33,405002,135000.67,3237,1079.00,12,4.00
2896,2,281,140.50,90,45.00,310063,155031.50,412184,206092.00,2430,1215.00,2,1.00
2897,2,284,142.00,143,71.50,388910,194455.00,623177,311588.50,1230,615.00,2,1.00
2898,1,144,144.00,91,91.00,198304,198304.00,370582,370582.00,949,949.00,1,1.00
2899,4,549,137.25,303,75.75,838568,209642.00,1318398,329599.50,2269,567.25,4,1.00
2900,2,144,72.00,69,34.50,197052,98526.00,273526,136763.00,622,311.00,12,6.00
2902,1,147,147.00,63,63.00,213471,213471.00,364758,364758.00,558,558.00,1,1.00
2903,1,133,133.00,63,63.00,219213,219213.00,176323,176323.00,854,854.00,1,1.00
2905,5,714,142.80,355,71.00,1040011,208002.20,1891554,378310.80,2661,532.20,5,1.00
2908,2,268,134.00,150,75.00,426134,213067.00,558724,279362.00,1314,657.00,2,1.00
2909,1,145,145.00,74,74.00,200716,200716.00,404195,404195.00,883,883.00,1,1.00
2911,3,396,132.00,205,68.33,598124,199374.67,756698,252232.67,4125,1375.00,3,1.00
2912,2,289,144.50,127,63.50,374267,187133.50,620505,310252.50,1815,907.50,2,1.00
2913,1,7,7.00,6,6.00,3600,3600.00,4464,4464.00,0,0.00,11,11.00
2915,1,142,142.00,73,73.00,213713,213713.00,378254,378254.00,292,292.00,1,1.00
2917,1,143,143.00,76,76.00,206892,206892.00,371530,371530.00,684,684.00,1,1.00
2920,2,280,140.00,152,76.00,409847,204923.50,700388,350194.00,1426,713.00,2,1.00
2921,1,150,150.00,67,67.00,197352,197352.00,389789,389789.00,579,579.00,1,1.00
2923,2,290,145.00,151,75.50,400312,200156.00,725453,362726.50,1469,734.50,2,1.00
2924,4,1984,496.00,1023,255.75,572870,143217.50,854633,213658.25,2026,506.50,3,0.75
2925,4,586,146.50,269,67.25,829371,207342.75,1177929,294482.25,2887,721.75,4,1.00
2928,1,141,141.00,61,61.00,193854,193854.00,270696,270696.00,447,447.00,1,1.00
2929,3,435,145.00,219,73.00,642817,214272.33,1270728,423576.00,879,293.00,3,1.00
2930,1,147,147.00,76,76.00,218820,218820.00,414238,414238.00,442,442.00,1,1.00
2932,1,146,146.00,74,74.00,208850,208850.00,421245,421245.00,594,594.00,1,1.00
2934,5,721,144.20,330,66.00,1002102,200420.40,1726569,345313.80,2591,518.20,5,1.00
2935,2,257,128.50,115,57.50,363322,181661.00,326640,163320.00,3207,1603.50,2,1.00
2936,1,141,141.00,58,58.00,196299,196299.00,250145,250145.00,511,511.00,1,1.00
2938,1,144,144.00,84,84.00,221463,221463.00,500218,500218.00,492,492.00,1,1.00
2940,2,0,0.00,24,12.00,3720,1860.00,0,0.00,2184,1092.00,24,12.00
2941,1,140,140.00,89,89.00,210874,210874.00,387565,387565.00,475,475.00,1,1.00
2942,1,142,142.00,95,95.00,209721,209721.00,416858,416858.00,1177,1177.00,1,1.00
2946,1,146,146.00,57,57.00,199351,199351.00,253471,253471.00,562,562.00,1,1.00
2947,2,285,142.50,155,77.50,420460,210230.00,829930,414965.00,895,447.50,2,1.00
2948,1,148,148.00,70,70.00,220907,220907.00,415066,415066.00,259,259.00,1,1.00
2950,1,8,8.00,8,8.00,3497,3497.00,4536,4536.00,0,0.00,11,11.00
2951,1,10,10.00,5,5.00,3975,3975.00,4583,4583.00,0,0.00,16,16.00
2952,2,286,143.00,22,11.00,199321,99660.50,72370,36185.00,3967,1983.50,2,1.00
2953,3,436,145.33,158,52.67,526328,175442.67,896203,298734.33,2967,989.00,3,1.00
2954,3,439,146.33,162,54.00,518556,172852.00,808734,269578.00,3306,1102.00,3,1.00
2955,2,149,74.50,91,45.50,222363,111181.50,441424,220712.00,473,236.50,12,6.00
2956,6,855,142.50,117,19.50,717158,119526.33,461523,76920.50,10272,1712.00,6,1.00
2957,1,148,148.00,75,75.00,208347,208347.00,362308,362308.00,815,815.00,1,1.00
2958,4,573,143.25,50,12.50,408211,102052.75,152936,38234.00,7738,1934.50,4,1.00
2959,2,292,146.00,144,72.00,403775,201887.50,615105,307552.50,1119,559.50,2,1.00
2960,3,285,95.00,128,42.67,413110,137703.33,546627,182209.00,1550,516.67,13,4.33
2961,2,288,144.00,129,64.50,417037,208518.50,581600,290800.00,797,398.50,2,1.00
2963,2,293,146.50,143,71.50,395666,197833.00,621331,310665.50,1530,765.00,2,1.00
2964,2,1729,864.50,906,453.00,235354,117677.00,501187,250593.50,156,78.00,1,0.50
2965,1,9,9.00,9,9.00,3514,3514.00,4553,4553.00,0,0.00,11,11.00
2966,2,151,75.50,21,10.50,115618,57809.00,51882,25941.00,4685,2342.50,12,6.00
2967,1,147,147.00,15,15.00,105251,105251.00,40522,40522.00,1913,1913.00,1,1.00
2969,1,151,151.00,76,76.00,196758,196758.00,318576,318576.00,734,734.00,1,1.00
2970,2,293,146.50,146,73.00,380888,190444.00,613043,306521.50,1598,799.00,2,1.00
2974,1,141,141.00,80,80.00,213017,213017.00,384629,384629.00,590,590.00,1,1.00
2975,2,154,77.00,70,35.00,188086,94043.00,339741,169870.50,752,376.00,15,7.50
2976,1,145,145.00,14,14.00,99916,99916.00,29413,29413.00,2130,2130.00,1,1.00
2977,2,294,147.00,146,73.00,417543,208771.50,791051,395525.50,1222,611.00,2,1.00
2978,3,289,96.33,167,55.67,431278,143759.33,845441,281813.67,1152,384.00,15,5.00
2979,1,149,149.00,78,78.00,210641,210641.00,409349,409349.00,802,802.00,1,1.00
2980,1,147,147.00,80,80.00,219454,219454.00,509851,509851.00,412,412.00,1,1.00
2981,1,151,151.00,78,78.00,206353,206353.00,411781,411781.00,788,788.00,1,1.00
2984,1,148,148.00,58,58.00,199507,199507.00,277039,277039.00,686,686.00,1,1.00
2986,1,148,148.00,71,71.00,196907,196907.00,404759,404759.00,662,662.00,1,1.00
2988,1,6,6.00,5,5.00,3508,3508.00,4589,4589.00,0,0.00,11,11.00
2989,1,160,160.00,64,64.00,212062,212062.00,261039,261039.00,244,244.00,1,1.00
2990,1,151,151.00,79,79.00,215892,215892.00,419800,419800.00,829,829.00,1,1.00
2991,1,154,154.00,86,86.00,193573,193573.00,244525,244525.00,938,938.00,1,1.00
2992,2,249,124.50,120,60.00,546110,273055.00,458946,229473.00,3528,1764.00,2,1.00
2994,2,256,128.00,121,60.50,394932,197466.00,446443,223221.50,3588,1794.00,2,1.00
2996,1,4,4.00,3,3.00,2675,2675.00,865,865.00,2858,2858.00,11,11.00
2998,1,142,142.00,86,86.00,213807,213807.00,346386,346386.00,626,626.00,1,1.00
3001,4,590,147.50,287,71.75,825647,206411.75,1449711,362427.75,2463,615.75,4,1.00
3002,1,148,148.00,74,74.00,219630,219630.00,427752,427752.00,518,518.00,1,1.00
3003,1,142,142.00,66,66.00,191980,191980.00,295290,295290.00,622,622.00,1,1.00
3004,4,596,149.00,278,69.50,859035,214758.75,1617589,404397.25,2029,507.25,4,1.00
3005,1,5,5.00,4,4.00,3508,3508.00,4617,4617.00,0,0.00,11,11.00
3010,3,440,146.67,221,73.67,644583,214861.00,1227918,409306.00,1628,542.67,3,1.00
3011,1,151,151.00,73,73.00,217152,217152.00,415655,415655.00,440,440.00,1,1.00
3014,2,289,144.50,180,90.00,410600,205300.00,793233,396616.50,1289,644.50,9,4.50
3015,1,4,4.00,4,4.00,3497,3497.00,4635,4635.00,0,0.00,11,11.00
3017,3,440,146.67,37,12.33,320580,106860.00,127332,42444.00,6258,2086.00,3,1.00
3019,7,1035,147.86,309,44.14,1184301,169185.86,1755802,250828.86,8150,1164.29,7,1.00
3020,4,524,131.00,189,47.25,531763,132940.75,764197,191049.25,3550,887.50,14,3.50
3024,2,160,80.00,21,10.50,109698,54849.00,45784,22892.00,1878,939.00,17,8.50
3025,1,147,147.00,13,13.00,105119,105119.00,42780,42780.00,1915,1915.00,1,1.00
3026,1,120,120.00,54,54.00,330398,330398.00,218380,218380.00,2731,2731.00,1,1.00
3027,2,297,148.50,29,14.50,209261,104630.50,75824,37912.00,4134,2067.00,2,1.00
3031,1,164,164.00,59,59.00,208261,208261.00,298884,298884.00,726,726.00,1,1.00
3032,2,160,80.00,75,37.50,200622,100311.00,307718,153859.00,883,441.50,12,6.00
3033,2,148,74.00,63,31.50,217153,108576.50,287836,143918.00,3659,1829.50,12,6.00
3034,1,150,150.00,71,71.00,225404,225404.00,403181,403181.00,435,435.00,1,1.00
3037,1,151,151.00,72,72.00,228838,228838.00,419060,419060.00,157,157.00,1,1.00
3039,2,158,79.00,77,38.50,223792,111896.00,418841,209420.50,616,308.00,12,6.00
3040,1,152,152.00,60,60.00,194494,194494.00,293201,293201.00,693,693.00,1,1.00
3041,2,122,61.00,57,28.50,206303,103151.50,104329,52164.50,5726,2863.00,12,6.00
3042,2,121,60.50,54,27.00,197056,98528.00,102253,51126.50,2766,1383.00,12,6.00
3043,1,116,116.00,50,50.00,182704,182704.00,104404,104404.00,2938,2938.00,1,1.00
3044,1,145,145.00,86,86.00,222818,222818.00,429977,429977.00,544,544.00,1,1.00
3045,1,163,163.00,69,69.00,224488,224488.00,450742,450742.00,440,440.00,1,1.00
3049,3,448,149.33,232,77.33,664371,221457.00,1319649,439883.00,1902,634.00,3,1.00
3051,1,151,151.00,60,60.00,209448,209448.00,314250,314250.00,578,578.00,1,1.00
3053,2,298,149.00,159,79.50,428363,214181.50,836491,418245.50,1760,880.00,2,1.00
3056,1,1627,1627.00,863,863.00,14544,14544.00,764,764.00,0,0.00,0,0.00
3058,1,149,149.00,84,84.00,225384,225384.00,501179,501179.00,725,725.00,1,1.00
3059,3,446,148.67,246,82.00,660363,220121.00,1482084,494028.00,1411,470.33,3,1.00
3061,1,139,139.00,61,61.00,214666,214666.00,207601,207601.00,847,847.00,1,1.00
3062,3,310,103.33,142,47.33,456086,152028.67,895100,298366.67,532,177.33,13,4.33
3064,1,154,154.00,76,76.00,225075,225075.00,494865,494865.00,635,635.00,1,1.00
3066,1,150,150.00,62,62.00,206466,206466.00,254134,254134.00,681,681.00,1,1.00
3067,3,452,150.67,236,78.67,660373,220124.33,1299630,433210.00,2349,783.00,3,1.00
3068,1,4,4.00,3,3.00,3497,3497.00,4715,4715.00,0,0.00,11,11.00
3069,1,151,151.00,64,64.00,216829,216829.00,430671,430671.00,331,331.00,1,1.00
3070,1,154,154.00,63,63.00,228865,228865.00,338429,338429.00,647,647.00,1,1.00
3073,4,584,146.00,296,74.00,888402,222100.50,1649084,412271.00,2343,585.75,4,1.00
3074,2,154,77.00,90,45.00,223008,111504.00,461908,230954.00,972,486.00,12,6.00
3076,1,151,151.00,80,80.00,230175,230175.00,504351,504351.00,541,541.00,1,1.00
3077,2,157,78.50,85,42.50,236902,118451.00,489317,244658.50,3468,1734.00,12,6.00
3079,2,298,149.00,167,83.50,444513,222256.50,937897,468948.50,1491,745.50,2,1.00
3080,1,150,150.00,13,13.00,108014,108014.00,43985,43985.00,2108,2108.00,1,1.00
3082,2,298,149.00,95,47.50,342538,171269.00,574486,287243.00,2112,1056.00,2,1.00
3083,2,307,153.50,169,84.50,473506,236753.00,1091897,545948.50,493,246.50,2,1.00
3086,2,303,151.50,91,45.50,337646,168823.00,555818,277909.00,2417,1208.50,2,1.00
3087,2,292,146.00,75,37.50,292531,146265.50,256918,128459.00,3124,1562.00,2,1.00
3088,1,149,149.00,88,88.00,228416,228416.00,525213,525213.00,636,636.00,1,1.00
3091,2,305,152.50,27,13.50,209062,104531.00,79648,39824.00,4181,2090.50,2,1.00
3095,3,449,149.67,227,75.67,634961,211653.67,1119508,373169.33,2058,686.00,3,1.00
3097,2,300,150.00,172,86.00,464596,232298.00,977500,488750.00,873,436.50,2,1.00
3098,2,155,77.50,77,38.50,209722,104861.00,350895,175447.50,4132,2066.00,12,6.00
3100,3,462,154.00,221,73.67,658260,219420.00,1352559,450853.00,1629,543.00,3,1.00
3101,2,309,154.50,147,73.50,419091,209545.50,751317,375658.50,1526,763.00,2,1.00
3102,1,150,150.00,63,63.00,209510,209510.00,331713,331713.00,979,979.00,1,1.00
3104,1,4,4.00,3,3.00,2945,2945.00,1340,1340.00,3006,3006.00,11,11.00
3106,1,155,155.00,83,83.00,232187,232187.00,571762,571762.00,438,438.00,1,1.00
3108,1,120,120.00,12,12.00,33363,33363.00,5136,5136.00,2735,2735.00,12,12.00
3109,1,153,153.00,78,78.00,231141,231141.00,443200,443200.00,575,575.00,1,1.00
3115,1,152,152.00,82,82.00,237985,237985.00,498425,498425.00,295,295.00,1,1.00
3116,2,156,78.00,86,43.00,234128,117064.00,505565,252782.50,485,242.50,12,6.00
3117,2,281,140.50,146,73.00,467413,233706.50,506836,253418.00,2838,1419.00,2,1.00
3118,2,303,151.50,157,78.50,436393,218196.50,897162,448581.00,1151,575.50,2,1.00
3120,3,1960,653.33,1046,348.67,457890,152630.00,834535,278178.33,997,332.33,2,0.67
3122,3,312,104.00,154,51.33,459959,153319.67,814650,271550.00,1195,398.33,13,4.33
3123,4,472,118.00,198,49.50,246327,61581.75,505952,126488.00,6138,1534.50,23,5.75
3124,1,10,10.00,8,8.00,3739,3739.00,4762,4762.00,0,0.00,11,11.00
3125,1,6,6.00,8,8.00,2875,2875.00,1346,1346.00,3055,3055.00,11,11.00
3131,1,6,6.00,5,5.00,3514,3514.00,4806,4806.00,0,0.00,11,11.00
3132,1,10,10.00,6,6.00,3975,3975.00,4854,4854.00,0,0.00,16,16.00
3133,1,139,139.00,98,98.00,185518,185518.00,225873,225873.00,2030,2030.00,1,1.00
3135,2,12,6.00,10,5.00,6994,3497.00,9630,4815.00,0,0.00,22,11.00
3136,1,151,151.00,88,88.00,236832,236832.00,509344,509344.00,315,315.00,1,1.00
3138,1,155,155.00,86,86.00,224975,224975.00,492268,492268.00,631,631.00,1,1.00
3139,1,153,153.00,82,82.00,240701,240701.00,516820,516820.00,171,171.00,1,1.00
3140,1,4,4.00,3,3.00,3497,3497.00,4823,4823.00,0,0.00,11,11.00
3142,1,144,144.00,74,74.00,244341,244341.00,267647,267647.00,1071,1071.00,1,1.00
3143,1,162,162.00,79,79.00,206200,206200.00,425601,425601.00,867,867.00,1,1.00
3145,3,457,152.33,185,61.67,580796,193598.67,1017555,339185.00,2909,969.67,3,1.00
3147,1,156,156.00,90,90.00,227621,227621.00,440184,440184.00,833,833.00,1,1.00
3149,3,465,155.00,165,55.00,561629,187209.67,903210,301070.00,3365,1121.67,3,1.00
3150,2,310,155.00,96,48.00,343370,171685.00,541059,270529.50,2610,1305.00,2,1.00
3151,1,152,152.00,11,11.00,101840,101840.00,43826,43826.00,2148,2148.00,1,1.00
3153,1,153,153.00,64,64.00,215210,215210.00,220819,220819.00,622,622.00,1,1.00
3154,3,459,153.00,252,84.00,695883,231961.00,1425261,475087.00,1943,647.67,3,1.00
3155,3,308,102.67,26,8.67,221343,73781.00,102782,34260.67,4130,1376.67,13,4.33
3158,3,463,154.33,40,13.33,332883,110961.00,159869,53289.67,5375,1791.67,3,1.00
3159,2,344,172.00,99,49.50,324111,162055.50,550325,275162.50,3309,1654.50,3,1.50
3160,3,472,157.33,244,81.33,681348,227116.00,1365340,455113.33,1273,424.33,3,1.00
3164,2,159,79.50,86,43.00,232574,116287.00,508740,254370.00,859,429.50,12,6.00
3169,4,624,156.00,338,84.50,937212,234303.00,2076235,519058.75,1931,482.75,4,1.00
3170,1,4,4.00,3,3.00,2325,2325.00,4715,4715.00,152,152.00,11,11.00
3171,2,298,149.00,83,41.50,353533,176766.50,310004,155002.00,3066,1533.00,2,1.00
3173,1,6,6.00,5,5.00,3514,3514.00,4868,4868.00,0,0.00,11,11.00
3175,1,152,152.00,90,90.00,232702,232702.00,489378,489378.00,649,649.00,1,1.00
3176,3,12,4.00,9,3.00,10491,3497.00,14634,4878.00,0,0.00,33,11.00
3177,1,5,5.00,6,6.00,3497,3497.00,4878,4878.00,0,0.00,11,11.00
3178,5,793,158.60,376,75.20,1154737,230947.40,2218734,443746.80,2831,566.20,5,1.00
3181,1,190,190.00,86,86.00,226277,226277.00,561204,561204.00,444,444.00,1,1.00
3182,1,161,161.00,67,67.00,220614,220614.00,421918,421918.00,650,650.00,1,1.00
3184,1,170,170.00,95,95.00,217889,217889.00,541794,541794.00,386,386.00,1,1.00
3185,2,154,77.00,109,54.50,228262,114131.00,403369,201684.50,1157,578.50,12,6.00
3187,5,778,155.60,408,81.60,1137459,227491.80,2244450,448890.00,3004,600.80,5,1.00
3188,1,4,4.00,3,3.00,3497,3497.00,4896,4896.00,0,0.00,11,11.00
3190,2,163,81.50,95,47.50,246533,123266.50,532876,266438.00,235,117.50,12,6.00
3191,1,153,153.00,93,93.00,231989,231989.00,461283,461283.00,682,682.00,1,1.00
3193,2,308,154.00,172,86.00,473160,236580.00,988935,494467.50,1136,568.00,2,1.00
3194,1,157,157.00,90,90.00,214219,214219.00,489461,489461.00,647,647.00,1,1.00
3196,2,311,155.50,167,83.50,476511,238255.50,1000174,500087.00,1132,566.00,2,1.00
3197,1,153,153.00,69,69.00,234269,234269.00,350885,350885.00,676,676.00,1,1.00
3199,1,153,153.00,90,90.00,231830,231830.00,532947,532947.00,564,564.00,1,1.00
3200,61,59296,972.07,11965,196.15,4761474,78056.95,1772290,29053.93,1251,20.51,2,0.03
3201,18,18030,1001.67,3627,201.50,1317600,73200.00,309600,17200.00,0,0.00,0,0.00
3202,6,2632,438.67,738,123.00,1084300,180716.67,2130538,355089.67,1930,321.67,4,0.67
3203,5,3014,602.80,609,121.80,226628,45325.60,61428,12285.60,0,0.00,22,4.40
3204,9,6330,703.33,1389,154.33,908316,100924.00,1050020,116668.89,3225,358.33,14,1.56
3205,1,1002,1002.00,201,201.00,73228,73228.00,17201,17201.00,0,0.00,0,0.00
3206,4,2320,580.00,571,142.75,597044,149261.00,914521,228630.25,1298,324.50,2,0.50
3207,3,1334,444.67,381,127.00,518333,172777.67,722824,240941.33,1557,519.00,2,0.67
3208,3,1308,436.00,377,125.67,533069,177689.67,1017622,339207.33,1456,485.33,2,0.67
3209,2,2001,1000.50,402,201.00,146434,73217.00,34417,17208.50,0,0.00,0,0.00
3210,1,158,158.00,80,80.00,237243,237243.00,446749,446749.00,701,701.00,1,1.00
3211,5,1629,325.80,551,110.20,1004771,200954.20,2037204,407440.80,2551,510.20,5,1.00
3212,3,1307,435.67,289,96.33,413794,137931.33,421975,140658.33,2594,864.67,2,0.67
3213,3,1297,432.33,341,113.67,580718,193572.67,502529,167509.67,2622,874.00,2,0.67
3216,3,872,290.67,103,34.33,508080,169360.00,595320,198440.00,2641,880.33,2,0.67
3217,7,1088,155.43,516,73.71,1543904,220557.71,3074300,439185.71,4577,653.86,7,1.00
3218,7,1078,154.00,77,11.00,775100,110728.57,368780,52682.86,13936,1990.86,7,1.00
3219,1,154,154.00,12,12.00,105046,105046.00,41529,41529.00,2494,2494.00,1,1.00
3220,4,619,154.75,120,30.00,582008,145502.00,704687,176171.75,6034,1508.50,4,1.00
3222,2,312,156.00,100,50.00,331354,165677.00,443510,221755.00,2741,1370.50,2,1.00
3223,1,154,154.00,90,90.00,231767,231767.00,470901,470901.00,412,412.00,1,1.00
3224,2,160,80.00,15,7.50,111031,55515.50,48480,24240.00,5286,2643.00,12,6.00
3225,1,1019,1019.00,219,219.00,73368,73368.00,17218,17218.00,0,0.00,0,0.00
3226,2,316,158.00,167,83.50,461440,230720.00,1001624,500812.00,1078,539.00,2,1.00
3227,3,319,106.33,189,63.00,475128,158376.00,1112308,370769.33,1179,393.00,13,4.33
3228,1,160,160.00,89,89.00,233255,233255.00,490283,490283.00,216,216.00,1,1.00
3231,1,5,5.00,6,6.00,3497,3497.00,4958,4958.00,0,0.00,11,11.00
3232,6,933,155.50,447,74.50,1294149,215691.50,2511731,418621.83,5125,854.17,6,1.00
3233,1,167,167.00,75,75.00,220398,220398.00,506706,506706.00,246,246.00,1,1.00
3235,2,327,163.50,128,64.00,433424,216712.00,708693,354346.50,2433,1216.50,2,1.00
3236,3,328,109.33,182,60.67,462455,154151.67,1024919,341639.67,1379,459.67,13,4.33
3237,1,6,6.00,4,4.00,3497,3497.00,4968,4968.00,0,0.00,11,11.00
3238,1,158,158.00,94,94.00,235438,235438.00,514153,514153.00,668,668.00,1,1.00
3239,1,143,143.00,76,76.00,239688,239688.00,234175,234175.00,1399,1399.00,1,1.00
3240,1,305,305.00,88,88.00,19863,19863.00,2023,2023.00,2508,2508.00,0,0.00
3241,1,156,156.00,86,86.00,226342,226342.00,477949,477949.00,753,753.00,1,1.00
3242,2,161,80.50,16,8.00,112703,56351.50,61676,30838.00,1995,997.50,12,6.00
3244,1,7,7.00,7,7.00,2945,2945.00,1385,1385.00,3144,3144.00,11,11.00
3247,2,310,155.00,180,90.00,473270,236635.00,1008569,504284.50,1257,628.50,2,1.00
3248,5,326,65.20,197,39.40,473057,94611.40,994943,198988.60,973,194.60,35,7.00
3250,5,792,158.40,425,85.00,1183741,236748.20,2627362,525472.40,3328,665.60,5,1.00
3251,1,147,147.00,76,76.00,243086,243086.00,321854,321854.00,1217,1217.00,1,1.00
3252,1,0,0.00,12,12.00,1032,1032.00,0,0.00,2232,2232.00,12,12.00
3253,1,162,162.00,84,84.00,244218,244218.00,574549,574549.00,461,461.00,1,1.00
3254,2,310,155.00,190,95.00,466493,233246.50,1006230,503115.00,1586,793.00,2,1.00
3255,1,6,6.00,7,7.00,3497,3497.00,4995,4995.00,0,0.00,11,11.00
3257,3,474,158.00,245,81.67,706580,235526.67,1485327,495109.00,1872,624.00,3,1.00
3259,1,14,14.00,6,6.00,4427,4427.00,5070,5070.00,0,0.00,13,13.00
3260,1,4,4.00,3,3.00,3497,3497.00,5004,5004.00,0,0.00,11,11.00
3262,1,157,157.00,79,79.00,231730,231730.00,399913,399913.00,599,599.00,1,1.00
3264,1,160,160.00,81,81.00,213801,213801.00,397891,397891.00,564,564.00,1,1.00
3265,1,157,157.00,86,86.00,250391,250391.00,541573,541573.00,194,194.00,1,1.00
3268,2,165,82.50,85,42.50,252540,126270.00,461494,230747.00,295,147.50,12,6.00
3271,1,1735,1735.00,917,917.00,15506,15506.00,817,817.00,0,0.00,0,0.00
3273,1,158,158.00,91,91.00,234186,234186.00,450827,450827.00,967,967.00,1,1.00
3274,2,324,162.00,166,83.00,486866,243433.00,1104315,552157.50,890,445.00,2,1.00
3275,4,491,122.75,188,47.00,599963,149990.75,1132911,283227.75,3239,809.75,14,3.50
3277,4,630,157.50,211,52.75,701782,175445.50,1124786,281196.50,5229,1307.25,4,1.00
3278,1,171,171.00,80,80.00,211178,211178.00,479914,479914.00,962,962.00,1,1.00
3279,5,787,157.40,57,11.40,565696,113139.20,260755,52151.00,10101,2020.20,5,1.00
3280,8,1262,157.75,695,86.88,1871516,233939.50,3644143,455517.88,6509,813.62,10,1.25
3281,19,2990,157.37,295,15.53,2334927,122890.89,1631701,85879.00,33780,1777.89,21,1.11
3282,4,483,120.75,43,10.75,346759,86689.75,173267,43316.75,6022,1505.50,14,3.50
3283,6,950,158.33,289,48.17,1067395,177899.17,1718444,286407.33,7953,1325.50,6,1.00
3284,2,317,158.50,24,12.00,236567,118283.50,125748,62874.00,3828,1914.00,2,1.00
3285,2,314,157.00,22,11.00,229513,114756.50,138444,69222.00,3412,1706.00,2,1.00
3286,1,156,156.00,92,92.00,232826,232826.00,424186,424186.00,1068,1068.00,1,1.00
3287,1,168,168.00,79,79.00,228130,228130.00,514466,514466.00,405,405.00,1,1.00
3289,2,316,158.00,172,86.00,459463,229731.50,876357,438178.50,1421,710.50,2,1.00
3290,1,158,158.00,12,12.00,117825,117825.00,62498,62498.00,1743,1743.00,1,1.00
3292,3,475,158.33,188,62.67,565803,188601.00,1020820,340273.33,4196,1398.67,3,1.00
3293,1,159,159.00,88,88.00,238892,238892.00,456790,456790.00,681,681.00,1,1.00
3295,1,161,161.00,83,83.00,244504,244504.00,527514,527514.00,505,505.00,1,1.00
3298,2,310,155.00,150,75.00,501797,250898.50,749110,374555.00,2014,1007.00,2,1.00
3299,2,324,162.00,97,48.50,358322,179161.00,609166,304583.00,2523,1261.50,2,1.00
3301,2,331,165.50,92,46.00,339934,169967.00,688306,344153.00,2848,1424.00,2,1.00
3302,1,157,157.00,82,82.00,244332,244332.00,422422,422422.00,514,514.00,1,1.00
3304,4,632,158.00,352,88.00,967107,241776.75,2079724,519931.00,2273,568.25,4,1.00
3305,2,331,165.50,165,82.50,476643,238321.50,1081597,540798.50,1217,608.50,2,1.00
3306,1,159,159.00,90,90.00,235958,235958.00,506609,506609.00,1024,1024.00,1,1.00
3310,1,157,157.00,100,100.00,229540,229540.00,452090,452090.00,849,849.00,1,1.00
3311,4,1052,263.00,499,124.75,547789,136947.25,991040,247760.00,4341,1085.25,13,3.25
3312,1,816,816.00,414,414.00,42776,42776.00,14317,14317.00,1558,1558.00,0,0.00
3314,1,4,4.00,3,3.00,3497,3497.00,5084,5084.00,0,0.00,11,11.00
3317,1,156,156.00,96,96.00,244458,244458.00,513195,513195.00,540,540.00,1,1.00
3319,4,639,159.75,345,86.25,969789,242447.25,2093647,523411.75,1526,381.50,4,1.00
3320,1,4,4.00,3,3.00,2622,2622.00,1433,1433.00,3228,3228.00,11,11.00
3321,1,158,158.00,99,99.00,236845,236845.00,485980,485980.00,659,659.00,1,1.00
3323,1,159,159.00,91,91.00,241932,241932.00,480770,480770.00,583,583.00,1,1.00
3326,1,4,4.00,3,3.00,3497,3497.00,5103,5103.00,0,0.00,11,11.00
3328,2,1922,961.00,1019,509.50,261475,130737.50,523330,261665.00,201,100.50,1,0.50
3329,4,661,165.25,305,76.25,936045,234011.25,1696958,424239.50,3142,785.50,4,1.00
3332,1,4,4.00,3,3.00,3497,3497.00,5112,5112.00,0,0.00,11,11.00
3333,1,144,144.00,83,83.00,210333,210333.00,177605,177605.00,1836,1836.00,1,1.00
3334,1,161,161.00,94,94.00,234750,234750.00,497342,497342.00,944,944.00,1,1.00
3336,2,309,154.50,134,67.00,479705,239852.50,641259,320629.50,1908,954.00,2,1.00
3339,2,327,163.50,147,73.50,489450,244725.00,674033,337016.50,1509,754.50,2,1.00
3341,1,8,8.00,8,8.00,3497,3497.00,5120,5120.00,0,0.00,11,11.00
3342,1,160,160.00,11,11.00,112360,112360.00,52824,52824.00,2212,2212.00,1,1.00
3344,14,2240,160.00,154,11.00,1602289,114449.21,743500,53107.14,29396,2099.71,14,1.00
3345,5,806,161.20,60,12.00,571181,114236.20,265080,53016.00,10521,2104.20,5,1.00
3346,6,968,161.33,216,36.00,926634,154439.00,1006690,167781.67,9757,1626.17,6,1.00
3347,6,961,160.17,160,26.67,787341,131223.50,766328,127721.33,11524,1920.67,6,1.00
3348,1,163,163.00,98,98.00,245181,245181.00,517396,517396.00,434,434.00,1,1.00
3349,1,161,161.00,12,12.00,127278,127278.00,80195,80195.00,1563,1563.00,1,1.00
3350,4,463,115.75,248,62.00,747237,186809.25,1033225,258306.25,3181,795.25,14,3.50
3352,2,320,160.00,179,89.50,486161,243080.50,1042142,521071.00,1040,520.00,2,1.00
3355,1,161,161.00,12,12.00,111770,111770.00,50910,50910.00,2283,2283.00,8,8.00
3356,3,490,163.33,107,35.67,452785,150928.33,527942,175980.67,5171,1723.67,3,1.00
3357,1,182,182.00,78,78.00,233094,233094.00,478266,478266.00,952,952.00,1,1.00
3359,1,162,162.00,12,12.00,114541,114541.00,48687,48687.00,2077,2077.00,1,1.00
3360,2,316,158.00,163,81.50,491143,245571.50,759557,379778.50,1718,859.00,2,1.00
3361,1,163,163.00,98,98.00,257717,257717.00,676281,676281.00,423,423.00,1,1.00
3363,3,172,57.33,97,32.33,251728,83909.33,459665,153221.67,3961,1320.33,23,7.67
3365,3,491,163.67,257,85.67,750875,250291.67,1546164,515388.00,1579,526.33,3,1.00
3367,1,9,9.00,8,8.00,2887,2887.00,1427,1427.00,3295,3295.00,11,11.00
3368,1,921,921.00,217,217.00,39618,39618.00,32542,32542.00,3020,3020.00,0,0.00
3369,2,320,160.00,171,85.50,474197,237098.50,941223,470611.50,1411,705.50,2,1.00
3372,2,349,174.50,147,73.50,495372,247686.00,1142545,571272.50,1011,505.50,2,1.00
3376,1,165,165.00,87,87.00,224199,224199.00,573369,573369.00,799,799.00,1,1.00
3377,1,169,169.00,67,67.00,242205,242205.00,401464,401464.00,590,590.00,1,1.00
3380,1,4,4.00,3,3.00,3497,3497.00,5184,5184.00,0,0.00,11,11.00
3381,1,167,167.00,75,75.00,233396,233396.00,550240,550240.00,634,634.00,1,1.00
3383,1,162,162.00,14,14.00,111962,111962.00,45588,45588.00,2328,2328.00,1,1.00
3386,1,4,4.00,3,3.00,2875,2875.00,1434,1434.00,3319,3319.00,11,11.00
3390,1,164,164.00,60,60.00,228074,228074.00,614124,614124.00,453,453.00,1,1.00
3392,1,4,4.00,3,3.00,3497,3497.00,5201,5201.00,0,0.00,11,11.00
3393,1,4,4.00,4,4.00,3497,3497.00,5202,5202.00,0,0.00,11,11.00
3394,2,334,167.00,166,83.00,499730,249865.00,1131135,565567.50,1185,592.50,2,1.00
3395,2,172,86.00,89,44.50,236589,118294.50,564123,282061.50,679,339.50,12,6.00
3397,1,167,167.00,77,77.00,234197,234197.00,435047,435047.00,736,736.00,1,1.00
3404,1,4,4.00,3,3.00,3497,3497.00,5220,5220.00,0,0.00,11,11.00
3406,1,6,6.00,5,5.00,3497,3497.00,5220,5220.00,0,0.00,11,11.00
3407,3,489,163.00,33,11.00,352133,117377.67,175688,58562.67,5835,1945.00,3,1.00
3409,1,163,163.00,11,11.00,120760,120760.00,59752,59752.00,1880,1880.00,1,1.00
3411,1,6,6.00,6,6.00,3497,3497.00,5229,5229.00,0,0.00,11,11.00
3414,2,1952,976.00,1018,509.00,275268,137634.00,243944,121972.00,1493,746.50,1,0.50
3418,3,496,165.33,191,63.67,608159,202719.67,1152221,384073.67,3839,1279.67,3,1.00
3420,1,0,0.00,12,12.00,288,288.00,0,0.00,3144,3144.00,12,12.00
3422,1,171,171.00,81,81.00,246603,246603.00,455293,455293.00,798,798.00,1,1.00
3430,1,168,168.00,81,81.00,250794,250794.00,459996,459996.00,806,806.00,1,1.00
3431,1,174,174.00,75,75.00,228238,228238.00,314098,314098.00,1338,1338.00,1,1.00
3439,2,308,154.00,140,70.00,456811,228405.50,548775,274387.50,3079,1539.50,2,1.00
3442,3,508,169.33,277,92.33,764308,254769.33,1770678,590226.00,1519,506.33,3,1.00
3444,1,0,0.00,12,12.00,3456,3456.00,0,0.00,0,0.00,12,12.00
3446,1,182,182.00,81,81.00,249169,249169.00,728238,728238.00,392,392.00,1,1.00
3451,1,5,5.00,5,5.00,3510,3510.00,5283,5283.00,0,0.00,11,11.00
3457,1,167,167.00,98,98.00,258746,258746.00,662215,662215.00,505,505.00,1,1.00
3458,2,165,82.50,85,42.50,223826,111913.00,375892,187946.00,1151,575.50,12,6.00
3461,1,164,164.00,81,81.00,264341,264341.00,445606,445606.00,836,836.00,1,1.00
3464,2,182,91.00,92,46.00,247298,123649.00,687014,343507.00,568,284.00,12,6.00
3466,2,325,162.50,160,80.00,555511,277755.50,921526,460763.00,2030,1015.00,2,1.00
3468,1,166,166.00,78,78.00,238754,238754.00,548610,548610.00,693,693.00,1,1.00
3470,2,349,174.50,92,46.00,376365,188182.50,806161,403080.50,2602,1301.00,2,1.00
3471,1,12,12.00,7,7.00,3587,3587.00,5300,5300.00,0,0.00,11,11.00
3484,1,182,182.00,84,84.00,239935,239935.00,520764,520764.00,1109,1109.00,1,1.00
3485,1,171,171.00,93,93.00,263641,263641.00,601469,601469.00,565,565.00,1,1.00
3488,1,168,168.00,82,82.00,246025,246025.00,594788,594788.00,603,603.00,1,1.00
3490,1,171,171.00,86,86.00,240103,240103.00,429264,429264.00,980,980.00,1,1.00
3491,1,183,183.00,77,77.00,238139,238139.00,507559,507559.00,873,873.00,1,1.00
3498,1,173,173.00,74,74.00,245575,245575.00,352892,352892.00,859,859.00,1,1.00
3499,2,371,185.50,147,73.50,498577,249288.50,1144222,572111.00,1777,888.50,4,2.00
3502,3,349,116.33,167,55.67,518702,172900.67,1026877,342292.33,1639,546.33,13,4.33
3504,1,600,600.00,12,12.00,194004,194004.00,51480,51480.00,2292,2292.00,0,0.00
3505,1,178,178.00,86,86.00,247801,247801.00,574302,574302.00,556,556.00,1,1.00
3506,1,11,11.00,9,9.00,3697,3697.00,5378,5378.00,0,0.00,11,11.00
3508,1,5,5.00,4,4.00,3505,3505.00,5372,5372.00,0,0.00,11,11.00
3509,1,5,5.00,4,4.00,3508,3508.00,5373,5373.00,0,0.00,11,11.00
3511,1,150,150.00,95,95.00,253613,253613.00,236646,236646.00,2203,2203.00,1,1.00
3513,1,5,5.00,4,4.00,3497,3497.00,5381,5381.00,0,0.00,11,11.00
3514,1,170,170.00,96,96.00,257411,257411.00,651934,651934.00,749,749.00,1,1.00
3517,1,164,164.00,88,88.00,239134,239134.00,389858,389858.00,812,812.00,1,1.00
3519,1,5,5.00,6,6.00,2945,2945.00,1478,1478.00,3420,3420.00,11,11.00
3525,2,344,172.00,163,81.50,494551,247275.50,1314824,657412.00,1500,750.00,2,1.00
3527,1,170,170.00,77,77.00,271294,271294.00,504675,504675.00,339,339.00,1,1.00
3528,1,183,183.00,77,77.00,242315,242315.00,582134,582134.00,878,878.00,1,1.00
3531,1,168,168.00,80,80.00,250716,250716.00,557660,557660.00,447,447.00,1,1.00
3535,1,165,165.00,90,90.00,249086,249086.00,379733,379733.00,1288,1288.00,1,1.00
3536,1,10,10.00,6,6.00,3564,3564.00,5429,5429.00,0,0.00,11,11.00
3539,2,349,174.50,178,89.00,480749,240374.50,1099567,549783.50,2351,1175.50,2,1.00
3540,2,1776,888.00,600,300.00,172152,86076.00,246732,123366.00,1728,864.00,0,0.00
3541,1,175,175.00,77,77.00,265954,265954.00,560136,560136.00,365,365.00,1,1.00
3543,2,354,177.00,153,76.50,500656,250328.00,1094273,547136.50,1524,762.00,2,1.00
3546,1,168,168.00,11,11.00,113005,113005.00,53442,53442.00,2168,2168.00,6,6.00
3549,1,185,185.00,86,86.00,272652,272652.00,828047,828047.00,417,417.00,1,1.00
3552,1,828,828.00,144,144.00,119916,119916.00,150612,150612.00,3228,3228.00,0,0.00
3555,1,174,174.00,92,92.00,261641,261641.00,707258,707258.00,407,407.00,1,1.00
3556,2,348,174.00,171,85.50,536164,268082.00,1182625,591312.50,1065,532.50,2,1.00
3558,2,342,171.00,156,78.00,581482,290741.00,803419,401709.50,2890,1445.00,2,1.00
3560,1,4,4.00,3,3.00,3497,3497.00,5454,5454.00,0,0.00,11,11.00
3563,1,6,6.00,4,4.00,3509,3509.00,5454,5454.00,0,0.00,11,11.00
3565,2,341,170.50,185,92.50,504679,252339.50,1039885,519942.50,2623,1311.50,2,1.00
3571,3,498,166.00,251,83.67,802869,267623.00,1659375,553125.00,4063,1354.33,3,1.00
3572,1,176,176.00,82,82.00,260765,260765.00,556305,556305.00,615,615.00,1,1.00
3574,1,176,176.00,82,82.00,263491,263491.00,550210,550210.00,645,645.00,1,1.00
3575,2,180,90.00,90,45.00,240785,120392.50,513284,256642.00,1170,585.00,12,6.00
3577,2,357,178.50,146,73.00,529253,264626.50,974248,487124.00,1627,813.50,2,1.00
3585,1,185,185.00,92,92.00,254993,254993.00,682884,682884.00,459,459.00,1,1.00
3586,5,716,143.20,360,72.00,1044123,208824.60,2024594,404918.80,3327,665.40,15,3.00
3588,1,177,177.00,77,77.00,244569,244569.00,487188,487188.00,904,904.00,1,1.00
3589,1,193,193.00,91,91.00,260437,260437.00,693168,693168.00,615,615.00,1,1.00
3593,1,9,9.00,6,6.00,3586,3586.00,5497,5497.00,0,0.00,11,11.00
3595,4,1759,439.75,654,163.50,864076,216019.00,2051036,512759.00,2317,579.25,3,0.75
3597,1,180,180.00,98,98.00,250425,250425.00,683129,683129.00,1210,1210.00,1,1.00
3598,1,180,180.00,84,84.00,275389,275389.00,573532,573532.00,142,142.00,1,1.00
3601,3,533,177.67,255,85.00,785620,261873.33,1828765,609588.33,2000,666.67,3,1.00
3602,3,365,121.67,174,58.00,515737,171912.33,1207118,402372.67,1520,506.67,13,4.33
3605,1,170,170.00,92,92.00,245173,245173.00,444399,444399.00,1197,1197.00,1,1.00
3606,1,189,189.00,79,79.00,258882,258882.00,503269,503269.00,572,572.00,1,1.00
3609,2,12,6.00,11,5.50,7029,3514.50,11042,5521.00,0,0.00,22,11.00
3610,1,178,178.00,95,95.00,272788,272788.00,745484,745484.00,546,546.00,1,1.00
3614,1,4,4.00,3,3.00,2899,2899.00,1509,1509.00,3542,3542.00,11,11.00
3615,1,179,179.00,84,84.00,260763,260763.00,670464,670464.00,497,497.00,1,1.00
3616,2,350,175.00,174,87.00,508681,254340.50,1034935,517467.50,1955,977.50,2,1.00
3617,1,191,191.00,80,80.00,254740,254740.00,664545,664545.00,1010,1010.00,1,1.00
3619,2,370,185.00,176,88.00,507416,253708.00,1427914,713957.00,1706,853.00,2,1.00
3620,2,351,175.50,176,88.00,522233,261116.50,1213599,606799.50,1584,792.00,2,1.00
3622,1,182,182.00,91,91.00,254885,254885.00,661228,661228.00,1013,1013.00,1,1.00
3624,1,1911,1911.00,1005,1005.00,17100,17100.00,906,906.00,0,0.00,0,0.00
3625,1,6,6.00,4,4.00,3525,3525.00,5544,5544.00,0,0.00,11,11.00
3626,2,194,97.00,86,43.00,253043,126521.50,587917,293958.50,712,356.00,12,6.00
3628,1,184,184.00,104,104.00,263187,263187.00,650373,650373.00,494,494.00,1,1.00
3631,3,545,181.67,198,66.00,730410,243470.00,1360201,453400.33,1835,611.67,3,1.00
3632,3,2286,762.00,1186,395.33,511470,170490.00,1319533,439844.33,1127,375.67,2,0.67
3633,1,6,6.00,5,5.00,2875,2875.00,1516,1516.00,3565,3565.00,11,11.00
3635,4,544,136.00,253,63.25,790547,197636.75,1707451,426862.75,2446,611.50,14,3.50
3637,2,365,182.50,156,78.00,506378,253189.00,1282391,641195.50,1422,711.00,2,1.00
3638,1,4,4.00,3,3.00,2945,2945.00,1518,1518.00,3540,3540.00,11,11.00
3640,2,348,174.00,200,100.00,535840,267920.00,1405118,702559.00,1171,585.50,2,1.00
3643,1,198,198.00,85,85.00,260495,260495.00,712459,712459.00,427,427.00,1,1.00
3644,2,8,4.00,6,3.00,5550,2775.00,2493,1246.50,7083,3541.50,22,11.00
3645,2,11,5.50,8,4.00,4650,2325.00,6281,3140.50,3351,1675.50,22,11.00
3646,2,355,177.50,180,90.00,532511,266255.50,1318743,659371.50,1047,523.50,2,1.00
3647,2,195,97.50,96,48.00,271927,135963.50,825354,412677.00,585,292.50,12,6.00
3650,2,181,90.50,102,51.00,269493,134746.50,611254,305627.00,943,471.50,12,6.00
3651,1,174,174.00,85,85.00,235961,235961.00,500629,500629.00,1078,1078.00,1,1.00
3659,2,352,176.00,197,98.50,528196,264098.00,1217793,608896.50,1408,704.00,2,1.00
3661,1,194,194.00,79,79.00,259777,259777.00,759681,759681.00,497,497.00,1,1.00
3666,1,6,6.00,5,5.00,3512,3512.00,5609,5609.00,0,0.00,11,11.00
3667,2,368,184.00,174,87.00,539415,269707.50,1430242,715121.00,1254,627.00,2,1.00
3671,1,176,176.00,99,99.00,267153,267153.00,587562,587562.00,708,708.00,1,1.00
3673,1,159,159.00,89,89.00,238302,238302.00,202935,202935.00,1719,1719.00,1,1.00
3674,1,4,4.00,3,3.00,2325,2325.00,5453,5453.00,164,164.00,11,11.00
3676,1,12,12.00,4,4.00,4410,4410.00,5699,5699.00,0,0.00,13,13.00
3677,1,174,174.00,96,96.00,275104,275104.00,570240,570240.00,662,662.00,1,1.00
3680,2,169,84.50,74,37.00,226801,113400.50,295317,147658.50,1604,802.00,12,6.00
3681,1,6,6.00,4,4.00,3497,3497.00,5634,5634.00,0,0.00,11,11.00
3682,2,186,93.00,103,51.50,276366,138183.00,661156,330578.00,793,396.50,12,6.00
3683,1,178,178.00,97,97.00,274388,274388.00,648200,648200.00,756,756.00,1,1.00
3684,1,0,0.00,12,12.00,528,528.00,0,0.00,3168,3168.00,12,12.00
3687,1,5,5.00,4,4.00,3497,3497.00,5643,5643.00,0,0.00,11,11.00
3688,1,180,180.00,99,99.00,273055,273055.00,733885,733885.00,706,706.00,1,1.00
3689,1,9,9.00,6,6.00,3497,3497.00,5643,5643.00,0,0.00,11,11.00
3691,4,758,189.50,326,81.50,1044543,261135.75,2842529,710632.25,2795,698.75,4,1.00
3692,6,238,39.67,164,27.33,236327,39387.83,647065,107844.17,3917,652.83,56,9.33
3694,1,181,181.00,89,89.00,270197,270197.00,764546,764546.00,400,400.00,1,1.00
3695,1,176,176.00,95,95.00,270425,270425.00,562438,562438.00,931,931.00,1,1.00
3697,2,189,94.50,87,43.50,257919,128959.50,671830,335915.00,936,468.00,12,6.00
3698,1,4,4.00,3,3.00,2639,2639.00,982,982.00,3570,3570.00,11,11.00
3699,1,7,7.00,4,4.00,3497,3497.00,5661,5661.00,0,0.00,11,11.00
3700,1,186,186.00,95,95.00,278416,278416.00,751636,751636.00,440,440.00,1,1.00
3701,1,186,186.00,83,83.00,258650,258650.00,597768,597768.00,824,824.00,1,1.00
3702,2,202,101.00,84,42.00,272718,136359.00,570268,285134.00,280,140.00,12,6.00
3708,2,0,0.00,24,12.00,6480,3240.00,0,0.00,960,480.00,24,12.00
3712,1,6,6.00,5,5.00,3497,3497.00,5678,5678.00,0,0.00,11,11.00
3713,1,180,180.00,100,100.00,278090,278090.00,638655,638655.00,869,869.00,1,1.00
3716,2,195,97.50,85,42.50,264958,132479.00,782541,391270.50,522,261.00,12,6.00
3717,1,184,184.00,95,95.00,250737,250737.00,557943,557943.00,1223,1223.00,1,1.00
3722,1,4,4.00,3,3.00,3497,3497.00,5696,5696.00,0,0.00,11,11.00
3724,1,179,179.00,93,93.00,255558,255558.00,686031,686031.00,983,983.00,1,1.00
3725,2,188,94.00,88,44.00,258648,129324.00,589948,294974.00,1336,668.00,12,6.00
3726,1,187,187.00,85,85.00,270211,270211.00,830276,830276.00,375,375.00,1,1.00
3738,1,5,5.00,4,4.00,3510,3510.00,5715,5715.00,0,0.00,11,11.00
3741,1,5,5.00,5,5.00,2612,2612.00,1551,1551.00,3659,3659.00,11,11.00
3742,4,402,100.50,176,44.00,517689,129422.25,1256660,314165.00,1269,317.25,32,8.00
3743,2,393,196.50,161,80.50,520543,260271.50,1243061,621530.50,1089,544.50,2,1.00
3744,1,204,204.00,87,87.00,268885,268885.00,730825,730825.00,340,340.00,1,1.00
3749,1,8,8.00,7,7.00,3565,3565.00,5725,5725.00,0,0.00,11,11.00
3754,1,204,204.00,99,99.00,261862,261862.00,779212,779212.00,815,815.00,1,1.00
3755,1,5,5.00,4,4.00,3508,3508.00,5741,5741.00,0,0.00,11,11.00
3758,1,200,200.00,81,81.00,267084,267084.00,767008,767008.00,452,452.00,1,1.00
3759,1,185,185.00,84,84.00,269007,269007.00,688182,688182.00,680,680.00,1,1.00
3764,2,8,4.00,6,3.00,5822,2911.00,7632,3816.00,2642,1321.00,22,11.00
3767,1,6,6.00,4,4.00,2957,2957.00,1561,1561.00,3666,3666.00,11,11.00
3768,1,165,165.00,87,87.00,240994,240994.00,325768,325768.00,1290,1290.00,1,1.00
3769,2,388,194.00,161,80.50,521979,260989.50,1295160,647580.00,1732,866.00,2,1.00
3770,1,182,182.00,89,89.00,293885,293885.00,587672,587672.00,528,528.00,1,1.00
3771,1,5,5.00,4,4.00,2945,2945.00,1561,1561.00,3672,3672.00,11,11.00
3772,2,376,188.00,170,85.00,553189,276594.50,1340582,670291.00,1387,693.50,2,1.00
3774,1,204,204.00,88,88.00,266936,266936.00,669287,669287.00,785,785.00,1,1.00
3780,1,1990,1990.00,1045,1045.00,17810,17810.00,945,945.00,0,0.00,0,0.00
3781,1,183,183.00,102,102.00,274561,274561.00,674916,674916.00,1122,1122.00,1,1.00
3783,1,169,169.00,88,88.00,247240,247240.00,386297,386297.00,1423,1423.00,1,1.00
3787,3,572,190.67,267,89.00,810259,270086.33,2351157,783719.00,1783,594.33,3,1.00
3788,1,193,193.00,85,85.00,265814,265814.00,663353,663353.00,649,649.00,1,1.00
3792,3,1042,347.33,180,60.00,761769,253923.00,1438010,479336.67,1261,420.33,2,0.67
3793,2,352,176.00,153,76.50,498363,249181.50,764915,382457.50,4481,2240.50,2,1.00
3795,1,187,187.00,94,94.00,269664,269664.00,644121,644121.00,746,746.00,1,1.00
3798,1,190,190.00,85,85.00,274165,274165.00,780143,780143.00,836,836.00,1,1.00
3799,1,188,188.00,86,86.00,276085,276085.00,772007,772007.00,617,617.00,1,1.00
3801,1,192,192.00,88,88.00,288176,288176.00,715680,715680.00,700,700.00,1,1.00
3803,2,419,209.50,163,81.50,556152,278076.00,1287634,643817.00,1195,597.50,2,1.00
3808,1,176,176.00,116,116.00,277038,277038.00,662706,662706.00,579,579.00,1,1.00
3809,1,180,180.00,101,101.00,273893,273893.00,553940,553940.00,1392,1392.00,1,1.00
3810,1,184,184.00,94,94.00,256885,256885.00,651580,651580.00,1135,1135.00,1,1.00
3812,2,395,197.50,166,83.00,535964,267982.00,1458112,729056.00,1207,603.50,2,1.00
3813,1,186,186.00,88,88.00,277195,277195.00,722706,722706.00,442,442.00,1,1.00
3816,1,204,204.00,84,84.00,269063,269063.00,656700,656700.00,563,563.00,1,1.00
3817,1,196,196.00,84,84.00,273265,273265.00,750888,750888.00,758,758.00,1,1.00
3819,3,369,123.00,192,64.00,559653,186551.00,1286651,428883.67,1675,558.33,13,4.33
3820,3,592,197.33,252,84.00,803072,267690.67,1703823,567941.00,2575,858.33,3,1.00
3824,1,4,4.00,3,3.00,3497,3497.00,5850,5850.00,0,0.00,11,11.00
3827,1,194,194.00,78,78.00,288123,288123.00,674852,674852.00,751,751.00,1,1.00
3835,2,391,195.50,162,81.00,529116,264558.00,1545338,772669.00,1336,668.00,2,1.00
3836,1,192,192.00,83,83.00,275119,275119.00,671162,671162.00,423,423.00,1,1.00
3837,2,196,98.00,88,44.00,274219,137109.50,755191,377595.50,281,140.50,12,6.00
3838,1,199,199.00,75,75.00,269261,269261.00,744387,744387.00,1028,1028.00,1,1.00
3840,1,196,196.00,83,83.00,268597,268597.00,731321,731321.00,750,750.00,1,1.00
3844,1,5,5.00,5,5.00,3497,3497.00,5876,5876.00,0,0.00,11,11.00
3845,1,201,201.00,85,85.00,269295,269295.00,642407,642407.00,557,557.00,1,1.00
3846,3,413,137.67,191,63.67,546545,182181.67,1679426,559808.67,1603,534.33,13,4.33
3848,1,4,4.00,3,3.00,2325,2325.00,5732,5732.00,152,152.00,11,11.00
3853,1,199,199.00,97,97.00,284038,284038.00,872824,872824.00,671,671.00,1,1.00
3854,1,4,4.00,3,3.00,3497,3497.00,5895,5895.00,0,0.00,11,11.00
3855,1,5,5.00,4,4.00,2875,2875.00,1590,1590.00,3787,3787.00,11,11.00
3857,5,925,185.00,420,84.00,1405003,281000.60,2728489,545697.80,5257,1051.40,5,1.00
3861,2,12,6.00,10,5.00,7169,3584.50,11804,5902.00,0,0.00,25,12.50
3864,2,2229,1114.50,1149,574.50,301852,150926.00,803025,401512.50,233,116.50,1,0.50
3865,1,211,211.00,88,88.00,273447,273447.00,690799,690799.00,724,724.00,1,1.00
3868,2,11,5.50,8,4.00,7004,3502.00,11827,5913.50,0,0.00,22,11.00
3869,1,201,201.00,81,81.00,270363,270363.00,802192,802192.00,317,317.00,1,1.00
3870,1,205,205.00,86,86.00,268338,268338.00,812990,812990.00,541,541.00,1,1.00
3871,1,191,191.00,86,86.00,282257,282257.00,850400,850400.00,800,800.00,1,1.00
3872,6,406,67.67,185,30.83,574960,95826.67,1418473,236412.17,8231,1371.83,46,7.67
3873,1,192,192.00,90,90.00,272956,272956.00,571920,571920.00,1188,1188.00,1,1.00
3874,2,388,194.00,161,80.50,567007,283503.50,1504204,752102.00,1673,836.50,2,1.00
3875,1,204,204.00,91,91.00,278663,278663.00,765320,765320.00,533,533.00,1,1.00
3878,1,5,5.00,6,6.00,2980,2980.00,1595,1595.00,3773,3773.00,11,11.00
3880,1,184,184.00,101,101.00,275725,275725.00,802044,802044.00,624,624.00,1,1.00
3882,1,202,202.00,79,79.00,281955,281955.00,704826,704826.00,553,553.00,1,1.00
3883,2,205,102.50,87,43.50,281057,140528.50,795907,397953.50,705,352.50,12,6.00
3884,2,386,193.00,179,89.50,581246,290623.00,1313860,656930.00,1396,698.00,2,1.00
3886,1,187,187.00,103,103.00,290064,290064.00,743268,743268.00,660,660.00,1,1.00
3887,2,367,183.50,194,97.00,573294,286647.00,1155691,577845.50,1802,901.00,2,1.00
3888,1,196,196.00,83,83.00,261297,261297.00,673102,673102.00,865,865.00,1,1.00
3890,2,195,97.50,93,46.50,274544,137272.00,626256,313128.00,967,483.50,12,6.00
3891,2,10,5.00,8,4.00,6994,3497.00,11897,5948.50,0,0.00,22,11.00
3895,1,7,7.00,6,6.00,3649,3649.00,5933,5933.00,0,0.00,11,11.00
3896,2,383,191.50,190,95.00,561259,280629.50,1443655,721827.50,1526,763.00,2,1.00
3897,2,194,97.00,98,49.00,273977,136988.50,691196,345598.00,924,462.00,12,6.00
3899,2,209,104.50,93,46.50,301638,150819.00,790722,395361.00,312,156.00,12,6.00
3902,1,4,4.00,3,3.00,3497,3497.00,5966,5966.00,0,0.00,11,11.00
3904,2,13,6.50,10,5.00,6994,3497.00,11933,5966.50,0,0.00,22,11.00
3905,1,189,189.00,85,85.00,274557,274557.00,615028,615028.00,965,965.00,1,1.00
3907,1,197,197.00,81,81.00,265051,265051.00,759934,759934.00,476,476.00,1,1.00
3909,1,189,189.00,100,100.00,279693,279693.00,884889,884889.00,924,924.00,1,1.00
3913,1,204,204.00,84,84.00,259214,259214.00,677365,677365.00,1091,1091.00,1,1.00
3914,2,8,4.00,6,3.00,6994,3497.00,11970,5985.00,0,0.00,22,11.00
3916,2,411,205.50,179,89.50,547713,273856.50,1635658,817829.00,1635,817.50,2,1.00
3917,1,173,173.00,83,83.00,349016,349016.00,438931,438931.00,1570,1570.00,1,1.00
3919,1,197,197.00,101,101.00,285365,285365.00,806546,806546.00,829,829.00,1,1.00
3921,1,195,195.00,92,92.00,295868,295868.00,930371,930371.00,506,506.00,1,1.00
3922,1,183,183.00,90,90.00,252790,252790.00,482329,482329.00,1259,1259.00,1,1.00
3925,1,210,210.00,95,95.00,277359,277359.00,810238,810238.00,1064,1064.00,1,1.00
3926,2,214,107.00,100,50.00,290787,145393.50,924145,462072.50,4149,2074.50,12,6.00
3927,1,149,149.00,66,66.00,270472,270472.00,188806,188806.00,3277,3277.00,1,1.00
3932,1,201,201.00,84,84.00,277394,277394.00,595678,595678.00,656,656.00,1,1.00
3933,2,195,97.50,104,52.00,287388,143694.00,881866,440933.00,816,408.00,12,6.00
3936,2,546,273.00,207,103.50,331468,165734.00,565474,282737.00,4587,2293.50,1,0.50
3937,2,397,198.50,192,96.00,550315,275157.50,1686895,843447.50,1368,684.00,2,1.00
3940,1,207,207.00,93,93.00,276835,276835.00,919799,919799.00,1160,1160.00,1,1.00
3942,2,395,197.50,179,89.50,583588,291794.00,1428393,714196.50,1230,615.00,2,1.00
3943,2,406,203.00,179,89.50,578780,289390.00,1562072,781036.00,1182,591.00,2,1.00
3944,1,198,198.00,96,96.00,297315,297315.00,745398,745398.00,216,216.00,1,1.00
3947,1,152,152.00,68,68.00,212697,212697.00,166132,166132.00,3448,3448.00,1,1.00
3950,1,4,4.00,3,3.00,2325,2325.00,2969,2969.00,2096,2096.00,11,11.00
3951,1,189,189.00,100,100.00,272512,272512.00,641290,641290.00,1093,1093.00,1,1.00
3952,1,183,183.00,94,94.00,259622,259622.00,451911,451911.00,1910,1910.00,1,1.00
3956,2,399,199.50,197,98.50,591690,295845.00,1820529,910264.50,1087,543.50,2,1.00
3958,1,209,209.00,89,89.00,254141,254141.00,657789,657789.00,1567,1567.00,1,1.00
3960,1,198,198.00,99,99.00,285371,285371.00,710319,710319.00,632,632.00,1,1.00
3964,1,214,214.00,95,95.00,270926,270926.00,850411,850411.00,1109,1109.00,1,1.00
3968,2,206,103.00,98,49.00,290412,145206.00,707667,353833.50,4886,2443.00,12,6.00
3969,2,197,98.50,99,49.50,284382,142191.00,630011,315005.50,783,391.50,12,6.00
3972,1,0,0.00,12,12.00,1560,1560.00,0,0.00,2424,2424.00,12,12.00
3974,1,189,189.00,92,92.00,276502,276502.00,824329,824329.00,790,790.00,1,1.00
3977,1,195,195.00,91,91.00,290568,290568.00,740785,740785.00,929,929.00,1,1.00
3980,1,4,4.00,3,3.00,2325,2325.00,5912,5912.00,164,164.00,11,11.00
3983,1,177,177.00,87,87.00,253548,253548.00,300156,300156.00,1625,1625.00,1,1.00
3984,1,202,202.00,83,83.00,260791,260791.00,698717,698717.00,1223,1223.00,1,1.00
3989,2,394,197.00,178,89.00,582503,291251.50,1192542,596271.00,1732,866.00,2,1.00
3990,1,212,212.00,81,81.00,267633,267633.00,656417,656417.00,963,963.00,1,1.00
3993,1,1326,1326.00,529,529.00,68299,68299.00,34431,34431.00,3413,3413.00,0,0.00
3994,1,209,209.00,87,87.00,269318,269318.00,531507,531507.00,1175,1175.00,1,1.00
3997,1,151,151.00,65,65.00,253658,253658.00,190704,190704.00,3421,3421.00,1,1.00
3998,1,4,4.00,3,3.00,3497,3497.00,6110,6110.00,0,0.00,11,11.00
4001,1,202,202.00,89,89.00,287484,287484.00,759687,759687.00,850,850.00,1,1.00
4002,1,204,204.00,79,79.00,285791,285791.00,735182,735182.00,366,366.00,1,1.00
4005,1,197,197.00,87,87.00,288242,288242.00,797984,797984.00,896,896.00,1,1.00
4008,1,193,193.00,90,90.00,293076,293076.00,580023,580023.00,604,604.00,1,1.00
4010,1,4,4.00,3,3.00,3497,3497.00,6128,6128.00,0,0.00,11,11.00
4012,2,397,198.50,196,98.00,567815,283907.50,1718464,859232.00,1829,914.50,2,1.00
4013,1,190,190.00,100,100.00,285944,285944.00,708717,708717.00,676,676.00,1,1.00
4015,1,194,194.00,98,98.00,274329,274329.00,667080,667080.00,1182,1182.00,1,1.00
4017,2,11,5.50,10,5.00,6994,3497.00,12275,6137.50,0,0.00,22,11.00
4018,3,579,193.00,299,99.67,868383,289461.00,2202248,734082.67,3070,1023.33,3,1.00
4020,1,199,199.00,104,104.00,295559,295559.00,921235,921235.00,616,616.00,1,1.00
4022,1,4,4.00,3,3.00,3497,3497.00,6147,6147.00,0,0.00,11,11.00
4024,2,373,186.50,159,79.50,540525,270262.50,829800,414900.00,4108,2054.00,2,1.00
4028,2,397,198.50,173,86.50,550684,275342.00,1304239,652119.50,2551,1275.50,2,1.00
4029,1,206,206.00,87,87.00,274838,274838.00,689815,689815.00,942,942.00,1,1.00
4030,2,356,178.00,162,81.00,523148,261574.00,1004670,502335.00,4610,2305.00,2,1.00
4032,4,562,140.50,231,57.75,777081,194270.25,1383609,345902.25,4834,1208.50,17,4.25
4040,3,418,139.33,182,60.67,569765,189921.67,1520003,506667.67,5483,1827.67,13,4.33
4042,1,208,208.00,87,87.00,293326,293326.00,732495,732495.00,588,588.00,1,1.00
4046,2,213,106.50,96,48.00,289155,144577.50,885344,442672.00,206,103.00,12,6.00
4048,1,8,8.00,6,6.00,3616,3616.00,6174,6174.00,0,0.00,11,11.00
4050,1,198,198.00,101,101.00,291711,291711.00,660634,660634.00,1049,1049.00,1,1.00
4053,1,5,5.00,4,4.00,3497,3497.00,6192,6192.00,0,0.00,11,11.00
4055,1,174,174.00,90,90.00,268399,268399.00,256951,256951.00,2432,2432.00,1,1.00
4056,4,829,207.25,334,83.50,1142309,285577.25,3002003,750500.75,2632,658.00,4,1.00
4058,2,217,108.50,90,45.00,291658,145829.00,727716,363858.00,515,257.50,12,6.00
4061,1,201,201.00,83,83.00,294917,294917.00,822682,822682.00,501,501.00,1,1.00
4063,2,407,203.50,172,86.00,553711,276855.50,1678441,839220.50,2007,1003.50,2,1.00
4064,2,8,4.00,6,3.00,6442,3221.00,7870,3935.00,3966,1983.00,22,11.00
4066,1,177,177.00,86,86.00,368634,368634.00,380107,380107.00,1736,1736.00,1,1.00
4070,2,206,103.00,84,42.00,290331,145165.50,711902,355951.00,1179,589.50,12,6.00
4074,1,183,183.00,88,88.00,252568,252568.00,354199,354199.00,2004,2004.00,1,1.00
4075,2,215,107.50,121,60.50,316264,158132.00,672761,336380.50,1446,723.00,12,6.00
4076,2,202,101.00,109,54.50,276837,138418.50,627744,313872.00,1136,568.00,12,6.00
4080,3,1108,369.33,178,59.33,777561,259187.00,1568349,522783.00,4368,1456.00,2,0.67
4082,2,216,108.00,90,45.00,297019,148509.50,769059,384529.50,759,379.50,12,6.00
4084,1,196,196.00,105,105.00,288146,288146.00,796548,796548.00,1044,1044.00,1,1.00
4086,1,216,216.00,89,89.00,268534,268534.00,632015,632015.00,1140,1140.00,1,1.00
4088,1,4,4.00,3,3.00,3497,3497.00,6246,6246.00,0,0.00,11,11.00
4089,1,198,198.00,100,100.00,288820,288820.00,727005,727005.00,937,937.00,1,1.00
4091,1,15,15.00,5,5.00,4479,4479.00,6317,6317.00,0,0.00,13,13.00
4094,1,8,8.00,5,5.00,3951,3951.00,6281,6281.00,0,0.00,14,14.00
4095,2,366,183.00,168,84.00,547584,273792.00,899838,449919.00,4418,2209.00,2,1.00
4096,1,191,191.00,83,83.00,286613,286613.00,517612,517612.00,1029,1029.00,1,1.00
4097,1,769,769.00,259,259.00,84490,84490.00,411199,411199.00,3024,3024.00,0,0.00
4100,1,4,4.00,3,3.00,2875,2875.00,1672,1672.00,4033,4033.00,11,11.00
4101,1,771,771.00,261,261.00,84591,84591.00,459004,459004.00,2963,2963.00,0,0.00
4103,1,207,207.00,79,79.00,296046,296046.00,778743,778743.00,982,982.00,1,1.00
4104,1,772,772.00,263,263.00,83963,83963.00,608179,608179.00,3568,3568.00,0,0.00
4106,2,13,6.50,9,4.50,7007,3503.50,12535,6267.50,0,0.00,22,11.00
4108,1,150,150.00,76,76.00,302520,302520.00,244676,244676.00,3986,3986.00,1,1.00
4109,2,776,388.00,264,132.00,86569,43284.50,490822,245411.00,3776,1888.00,11,5.50
4111,1,199,199.00,99,99.00,292283,292283.00,876672,876672.00,777,777.00,1,1.00
4112,2,221,110.50,91,45.50,293487,146743.50,935906,467953.00,864,432.00,12,6.00
4113,1,200,200.00,92,92.00,283361,283361.00,868701,868701.00,996,996.00,1,1.00
4118,2,1544,772.00,523,261.50,167984,83992.00,694209,347104.50,7097,3548.50,0,0.00
4122,1,8,8.00,6,6.00,3513,3513.00,6292,6292.00,0,0.00,11,11.00
4124,1,4,4.00,3,3.00,3497,3497.00,6299,6299.00,0,0.00,11,11.00
4125,1,5,5.00,4,4.00,3497,3497.00,6300,6300.00,0,0.00,11,11.00
4126,1,203,203.00,98,98.00,288935,288935.00,985004,985004.00,1133,1133.00,1,1.00
4128,1,7,7.00,6,6.00,3514,3514.00,6299,6299.00,0,0.00,11,11.00
4130,1,215,215.00,92,92.00,274327,274327.00,637629,637629.00,1387,1387.00,1,1.00
4131,1,6,6.00,4,4.00,2945,2945.00,1681,1681.00,4032,4032.00,11,11.00
4132,1,209,209.00,91,91.00,299172,299172.00,962439,962439.00,657,657.00,1,1.00
4133,2,781,390.50,269,134.50,86403,43201.50,382148,191074.00,5954,2977.00,11,5.50
4137,1,7,7.00,6,6.00,3497,3497.00,6317,6317.00,0,0.00,11,11.00
4138,1,9,9.00,6,6.00,3626,3626.00,6327,6327.00,0,0.00,11,11.00
4139,1,4,4.00,5,5.00,3499,3499.00,6317,6317.00,0,0.00,11,11.00
4140,1,0,0.00,12,12.00,4152,4152.00,0,0.00,0,0.00,12,12.00
4142,2,8,4.00,6,3.00,6994,3497.00,12653,6326.50,0,0.00,22,11.00
4143,1,204,204.00,95,95.00,300494,300494.00,982757,982757.00,934,934.00,1,1.00
4144,1,203,203.00,102,102.00,308082,308082.00,923785,923785.00,621,621.00,1,1.00
4148,2,350,175.00,201,100.50,573480,286740.00,689503,344751.50,5812,2906.00,2,1.00
4150,1,6,6.00,5,5.00,3497,3497.00,6337,6337.00,0,0.00,11,11.00
4151,2,200,100.00,87,43.50,284488,142244.00,453085,226542.50,1323,661.50,12,6.00
4154,3,12,4.00,9,3.00,10491,3497.00,19035,6345.00,0,0.00,33,11.00
4155,3,409,136.33,203,67.67,607387,202462.33,1839403,613134.33,1693,564.33,13,4.33
4156,2,225,112.50,102,51.00,304899,152449.50,1215671,607835.50,4661,2330.50,12,6.00
4157,2,361,180.50,170,85.00,569281,284640.50,1114380,557190.00,4507,2253.50,2,1.00
4158,1,200,200.00,98,98.00,299404,299404.00,915493,915493.00,822,822.00,1,1.00
4160,2,388,194.00,185,92.50,665611,332805.50,1132790,566395.00,2619,1309.50,2,1.00
4164,1,0,0.00,12,12.00,1008,1008.00,0,0.00,3168,3168.00,12,12.00
4166,1,201,201.00,97,97.00,308668,308668.00,758883,758883.00,461,461.00,1,1.00
4167,1,206,206.00,82,82.00,293865,293865.00,606935,606935.00,1038,1038.00,1,1.00
4169,2,372,186.00,181,90.50,557779,278889.50,1111876,555938.00,4539,2269.50,2,1.00
4172,1,206,206.00,93,93.00,284099,284099.00,930816,930816.00,1138,1138.00,1,1.00
4173,1,163,163.00,69,69.00,260631,260631.00,190128,190128.00,3394,3394.00,1,1.00
4174,3,429,143.00,179,59.67,590821,196940.33,1842564,614188.00,4845,1615.00,13,4.33
4175,1,208,208.00,89,89.00,283477,283477.00,874722,874722.00,951,951.00,1,1.00
4176,1,205,205.00,94,94.00,302722,302722.00,915523,915523.00,794,794.00,1,1.00
4178,1,155,155.00,74,74.00,271259,271259.00,171319,171319.00,4042,4042.00,1,1.00
4179,2,205,102.50,109,54.50,308012,154006.00,902478,451239.00,634,317.00,12,6.00
4180,1,177,177.00,93,93.00,287933,287933.00,411556,411556.00,2176,2176.00,1,1.00
4181,1,6,6.00,6,6.00,2877,2877.00,1697,1697.00,4111,4111.00,11,11.00
4182,1,207,207.00,100,100.00,306577,306577.00,838976,838976.00,580,580.00,1,1.00
4183,2,372,186.00,163,81.50,601459,300729.50,1162792,581396.00,4683,2341.50,2,1.00
4184,2,8,4.00,6,3.00,6994,3497.00,12779,6389.50,0,0.00,22,11.00
4185,2,225,112.50,93,46.50,309773,154886.50,783099,391549.50,742,371.00,12,6.00
4186,1,216,216.00,97,97.00,285003,285003.00,953041,953041.00,687,687.00,1,1.00
4188,2,362,181.00,181,90.50,554378,277189.00,824917,412458.50,5522,2761.00,2,1.00
4190,3,1006,335.33,381,127.00,383160,127720.00,1303306,434435.33,4593,1531.00,17,5.67
4191,1,208,208.00,95,95.00,316425,316425.00,1008860,1008860.00,506,506.00,1,1.00
4192,1,187,187.00,90,90.00,344232,344232.00,370531,370531.00,1995,1995.00,1,1.00
4194,1,227,227.00,108,108.00,321508,321508.00,1032353,1032353.00,525,525.00,1,1.00
4196,1,4,4.00,3,3.00,3497,3497.00,6408,6408.00,0,0.00,11,11.00
4197,1,5,5.00,4,4.00,3497,3497.00,6407,6407.00,0,0.00,11,11.00
4198,1,153,153.00,70,70.00,275710,275710.00,239807,239807.00,4087,4087.00,1,1.00
4199,1,201,201.00,108,108.00,310094,310094.00,992607,992607.00,805,805.00,1,1.00
4202,3,12,4.00,9,3.00,9616,3205.33,14561,4853.67,4111,1370.33,33,11.00
4203,3,406,135.33,198,66.00,586932,195644.00,1439748,479916.00,1954,651.33,13,4.33
4204,2,417,208.50,196,98.00,587496,293748.00,1806175,903087.50,1971,985.50,2,1.00
4205,1,207,207.00,102,102.00,305570,305570.00,890633,890633.00,537,537.00,1,1.00
4206,2,208,104.00,103,51.50,311743,155871.50,903408,451704.00,590,295.00,12,6.00
4208,2,165,82.50,84,42.00,276239,138119.50,186708,93354.00,8136,4068.00,12,6.00
4209,1,223,223.00,95,95.00,308190,308190.00,945374,945374.00,361,361.00,1,1.00
4210,1,218,218.00,94,94.00,302595,302595.00,857940,857940.00,606,606.00,1,1.00
4212,2,401,200.50,213,106.50,600731,300365.50,1801617,900808.50,1580,790.00,2,1.00
4213,1,5,5.00,5,5.00,3510,3510.00,6425,6425.00,0,0.00,11,11.00
4214,1,161,161.00,77,77.00,262278,262278.00,176009,176009.00,4019,4019.00,1,1.00
4218,1,197,197.00,99,99.00,331570,331570.00,667920,667920.00,1152,1152.00,1,1.00
4222,1,6,6.00,5,5.00,3497,3497.00,6443,6443.00,0,0.00,11,11.00
4224,2,411,205.50,195,97.50,606702,303351.00,1649862,824931.00,1987,993.50,2,1.00
4225,1,218,218.00,90,90.00,303457,303457.00,758392,758392.00,952,952.00,1,1.00
4227,3,621,207.00,297,99.00,906833,302277.67,2863785,954595.00,2405,801.67,3,1.00
4228,1,213,213.00,91,91.00,299128,299128.00,1014051,1014051.00,835,835.00,1,1.00
4229,1,207,207.00,107,107.00,298593,298593.00,1012898,1012898.00,740,740.00,1,1.00
4231,1,207,207.00,97,97.00,301022,301022.00,885422,885422.00,919,919.00,6,6.00
4233,1,215,215.00,93,93.00,307439,307439.00,984197,984197.00,432,432.00,1,1.00
4234,3,587,195.67,289,96.33,878846,292948.67,2158636,719545.33,5899,1966.33,3,1.00
4235,1,216,216.00,96,96.00,295874,295874.00,964650,964650.00,507,507.00,1,1.00
4237,1,216,216.00,96,96.00,294583,294583.00,815517,815517.00,787,787.00,1,1.00
4238,1,207,207.00,94,94.00,321711,321711.00,938266,938266.00,423,423.00,1,1.00
4239,2,214,107.00,99,49.50,326670,163335.00,1004728,502364.00,295,147.50,12,6.00
4240,1,2219,2219.00,1159,1159.00,19872,19872.00,1060,1060.00,0,0.00,0,0.00
4244,2,370,185.00,173,86.50,574680,287340.00,1056845,528422.50,4901,2450.50,2,1.00
4246,1,157,157.00,72,72.00,271576,271576.00,175097,175097.00,3861,3861.00,1,1.00
4249,1,200,200.00,118,118.00,297089,297089.00,928787,928787.00,876,876.00,1,1.00
4250,1,4,4.00,3,3.00,2325,2325.00,397,397.00,4111,4111.00,11,11.00
4253,1,222,222.00,91,91.00,285731,285731.00,944098,944098.00,791,791.00,1,1.00
4257,3,437,145.67,190,63.33,616946,205648.67,1792918,597639.33,1420,473.33,13,4.33
4258,2,387,193.50,175,87.50,553064,276532.00,1066720,533360.00,4428,2214.00,2,1.00
4262,1,162,162.00,85,85.00,412781,412781.00,325758,325758.00,3946,3946.00,1,1.00
4268,1,4,4.00,3,3.00,2945,2945.00,1728,1728.00,4170,4170.00,11,11.00
4271,1,6,6.00,4,4.00,3509,3509.00,6516,6516.00,0,0.00,11,11.00
4275,1,7,7.00,4,4.00,2899,2899.00,1730,1730.00,4199,4199.00,11,11.00
4276,1,219,219.00,90,90.00,311437,311437.00,805759,805759.00,919,919.00,1,1.00
4277,1,197,197.00,85,85.00,365280,365280.00,618345,618345.00,1252,1252.00,1,1.00
4280,1,209,209.00,92,92.00,289036,289036.00,746072,746072.00,986,986.00,1,1.00
4281,4,891,222.75,370,92.50,1212754,303188.50,3308752,827188.00,3743,935.75,4,1.00
4283,2,370,185.00,180,90.00,571462,285731.00,1068877,534438.50,4619,2309.50,2,1.00
4287,1,10,10.00,7,7.00,3564,3564.00,6554,6554.00,0,0.00,11,11.00
4291,2,375,187.50,172,86.00,577500,288750.00,1182577,591288.50,4684,2342.00,2,1.00
4293,1,212,212.00,94,94.00,304477,304477.00,1011694,1011694.00,875,875.00,1,1.00
4294,1,159,159.00,72,72.00,279656,279656.00,169953,169953.00,4161,4161.00,1,1.00
4298,1,4,4.00,3,3.00,3497,3497.00,6561,6561.00,0,0.00,11,11.00
4301,1,219,219.00,99,99.00,320022,320022.00,806181,806181.00,1031,1031.00,1,1.00
4302,3,615,205.00,302,100.67,972300,324100.00,2368405,789468.33,3118,1039.33,3,1.00
4304,2,330,165.00,162,81.00,528514,264257.00,351768,175884.00,8006,4003.00,2,1.00
4305,4,884,221.00,374,93.50,1233088,308272.00,3702872,925718.00,2943,735.75,4,1.00
4306,3,613,204.33,271,90.33,872747,290915.67,1688039,562679.67,5715,1905.00,3,1.00
4307,1,165,165.00,82,82.00,285163,285163.00,185603,185603.00,4034,4034.00,1,1.00
4308,2,446,223.00,176,88.00,601486,300743.00,1757668,878834.00,1642,821.00,2,1.00
4310,1,219,219.00,78,78.00,323904,323904.00,1231418,1231418.00,562,562.00,1,1.00
4311,1,165,165.00,79,79.00,255079,255079.00,186918,186918.00,4033,4033.00,1,1.00
4312,1,163,163.00,80,80.00,270528,270528.00,273731,273731.00,4024,4024.00,1,1.00
4314,2,449,224.50,214,107.00,619275,309637.50,1971739,985869.50,1808,904.00,2,1.00
4318,1,158,158.00,70,70.00,308642,308642.00,247031,247031.00,4199,4199.00,1,1.00
4321,1,224,224.00,101,101.00,337591,337591.00,928825,928825.00,280,280.00,1,1.00
4322,1,226,226.00,108,108.00,311399,311399.00,747197,747197.00,1007,1007.00,1,1.00
4323,1,5,5.00,4,4.00,3497,3497.00,6597,6597.00,0,0.00,11,11.00
4324,1,165,165.00,75,75.00,268552,268552.00,182734,182734.00,4007,4007.00,1,1.00
4325,1,6,6.00,5,5.00,3514,3514.00,6597,6597.00,0,0.00,11,11.00
4330,3,395,131.67,178,59.33,602275,200758.33,918841,306280.33,4970,1656.67,13,4.33
4334,4,381,95.25,203,50.75,600601,150150.25,1159054,289763.50,4774,1193.50,24,6.00
4344,1,214,214.00,106,106.00,313448,313448.00,1110584,1110584.00,961,961.00,1,1.00
4346,1,209,209.00,102,102.00,305800,305800.00,844534,844534.00,1342,1342.00,1,1.00
4350,1,211,211.00,98,98.00,320937,320937.00,921514,921514.00,817,817.00,1,1.00
4352,1,162,162.00,79,79.00,246214,246214.00,169616,169616.00,4292,4292.00,1,1.00
4354,3,499,166.33,236,78.67,961317,320439.00,711717,237239.00,12235,4078.33,3,1.00
4356,2,424,212.00,204,102.00,632180,316090.00,1659971,829985.50,2137,1068.50,2,1.00
4357,1,229,229.00,97,97.00,314434,314434.00,974276,974276.00,512,512.00,1,1.00
4358,1,4,4.00,3,3.00,3497,3497.00,6650,6650.00,0,0.00,11,11.00
4359,3,444,148.00,188,62.67,627670,209223.33,1868506,622835.33,1524,508.00,13,4.33
4360,1,212,212.00,102,102.00,335664,335664.00,978538,978538.00,292,292.00,1,1.00
4361,1,5,5.00,4,4.00,3508,3508.00,6651,6651.00,0,0.00,11,11.00
4364,1,209,209.00,108,108.00,320736,320736.00,1028084,1028084.00,618,618.00,1,1.00
4366,1,160,160.00,70,70.00,265910,265910.00,169735,169735.00,4200,4200.00,1,1.00
4367,1,5,5.00,4,4.00,3508,3508.00,6660,6660.00,0,0.00,11,11.00
4368,2,910,455.00,88,44.00,531670,265835.00,308346,154173.00,4200,2100.00,1,0.50
4370,2,9,4.50,7,3.50,7030,3515.00,13328,6664.00,0,0.00,22,11.00
4372,1,167,167.00,75,75.00,268821,268821.00,215437,215437.00,4094,4094.00,1,1.00
4373,1,218,218.00,92,92.00,301146,301146.00,881711,881711.00,1277,1277.00,1,1.00
4375,1,169,169.00,76,76.00,391087,391087.00,258939,258939.00,4090,4090.00,1,1.00
4379,1,7,7.00,5,5.00,3513,3513.00,6680,6680.00,0,0.00,11,11.00
4380,1,0,0.00,12,12.00,4392,4392.00,0,0.00,0,0.00,12,12.00
4382,1,4,4.00,3,3.00,3497,3497.00,6686,6686.00,0,0.00,11,11.00
4384,4,665,166.25,326,81.50,1103478,275869.50,822743,205685.75,16871,4217.75,4,1.00
4385,1,169,169.00,79,79.00,264493,264493.00,177438,177438.00,4202,4202.00,1,1.00
4386,1,6,6.00,5,5.00,2886,2886.00,1766,1766.00,4315,4315.00,11,11.00
4387,2,223,111.50,97,48.50,313455,156727.50,866196,433098.00,5219,2609.50,12,6.00
4390,1,7,7.00,4,4.00,2875,2875.00,1768,1768.00,4321,4321.00,11,11.00
4391,1,5,5.00,4,4.00,3508,3508.00,6695,6695.00,0,0.00,11,11.00
4394,1,172,172.00,80,80.00,262825,262825.00,185040,185040.00,4142,4142.00,1,1.00
4396,2,336,168.00,150,75.00,538822,269411.00,383256,191628.00,8447,4223.50,2,1.00
4397,1,10,10.00,5,5.00,3975,3975.00,6753,6753.00,0,0.00,16,16.00
4400,1,210,210.00,106,106.00,318981,318981.00,981825,981825.00,1051,1051.00,1,1.00
4401,2,389,194.50,166,83.00,588054,294027.00,1181013,590506.50,4322,2161.00,2,1.00
4402,5,883,176.60,399,79.80,1370940,274188.00,1397447,279489.40,17959,3591.80,5,1.00
4403,1,212,212.00,100,100.00,309133,309133.00,819080,819080.00,1397,1397.00,1,1.00
4406,2,439,219.50,201,100.50,623422,311711.00,1691997,845998.50,2173,1086.50,2,1.00
4407,1,213,213.00,112,112.00,319143,319143.00,888518,888518.00,1108,1108.00,1,1.00
4408,1,6,6.00,5,5.00,3497,3497.00,6722,6722.00,0,0.00,11,11.00
4411,1,6,6.00,5,5.00,3514,3514.00,6722,6722.00,0,0.00,11,11.00
4412,1,197,197.00,94,94.00,342713,342713.00,531580,531580.00,1931,1931.00,1,1.00
4413,1,5,5.00,4,4.00,2325,2325.00,2069,2069.00,3157,3157.00,11,11.00
4421,1,6,6.00,4,4.00,3509,3509.00,6742,6742.00,0,0.00,11,11.00
4424,2,174,87.00,84,42.00,286297,143148.50,230467,115233.50,4298,2149.00,17,8.50
4426,1,163,163.00,77,77.00,303821,303821.00,199304,199304.00,4305,4305.00,1,1.00
4428,1,0,0.00,12,12.00,528,528.00,0,0.00,3912,3912.00,12,12.00
4430,1,4,4.00,3,3.00,3497,3497.00,6758,6758.00,0,0.00,11,11.00
4435,2,403,201.50,183,91.50,564649,282324.50,1105085,552542.50,5746,2873.00,2,1.00
4438,1,214,214.00,106,106.00,334778,334778.00,885057,885057.00,355,355.00,1,1.00
4440,1,72,72.00,185,185.00,10669,10669.00,419,419.00,3292,3292.00,12,12.00
4442,1,4,4.00,3,3.00,2325,2325.00,6741,6741.00,74,74.00,11,11.00
4445,1,2323,2323.00,1212,1212.00,20798,20798.00,1111,1111.00,0,0.00,0,0.00
4446,1,171,171.00,73,73.00,251074,251074.00,221306,221306.00,3842,3842.00,1,1.00
4449,2,444,222.00,201,100.50,650206,325103.00,1743275,871637.50,1104,552.00,2,1.00
4450,1,222,222.00,103,103.00,330438,330438.00,1061358,1061358.00,683,683.00,1,1.00
4454,1,232,232.00,97,97.00,303317,303317.00,794409,794409.00,863,863.00,1,1.00
4455,1,166,166.00,79,79.00,291810,291810.00,225526,225526.00,4329,4329.00,1,1.00
4456,2,328,164.00,159,79.50,617985,308992.50,438411,219205.50,8695,4347.50,2,1.00
4459,1,221,221.00,90,90.00,297131,297131.00,913240,913240.00,1333,1333.00,1,1.00
4460,1,4,4.00,3,3.00,3497,3497.00,6804,6804.00,0,0.00,11,11.00
4472,1,4,4.00,3,3.00,3497,3497.00,6821,6821.00,0,0.00,11,11.00
4474,2,175,87.50,84,42.00,278369,139184.50,198477,99238.50,4340,2170.00,12,6.00
4478,1,4,4.00,3,3.00,3497,3497.00,6830,6830.00,0,0.00,11,11.00
4484,1,7,7.00,6,6.00,3581,3581.00,6832,6832.00,0,0.00,11,11.00
4486,1,8,8.00,5,5.00,3497,3497.00,6840,6840.00,0,0.00,11,11.00
4487,1,219,219.00,112,112.00,322798,322798.00,829451,829451.00,1211,1211.00,1,1.00
4495,1,11,11.00,6,6.00,3975,3975.00,6896,6896.00,0,0.00,16,16.00
4498,1,19,19.00,20,20.00,3497,3497.00,6849,6849.00,0,0.00,11,11.00
4499,1,5,5.00,7,7.00,3499,3499.00,6858,6858.00,0,0.00,11,11.00
4501,1,233,233.00,103,103.00,301448,301448.00,997271,997271.00,967,967.00,1,1.00
4502,1,170,170.00,83,83.00,336706,336706.00,222811,222811.00,4186,4186.00,1,1.00
4505,1,226,226.00,99,99.00,307079,307079.00,869297,869297.00,1124,1124.00,1,1.00
4507,1,172,172.00,77,77.00,286586,286586.00,187340,187340.00,4152,4152.00,1,1.00
4508,2,230,115.00,110,55.00,333804,166902.00,852957,426478.50,1165,582.50,12,6.00
4511,1,7,7.00,5,5.00,3513,3513.00,6877,6877.00,0,0.00,11,11.00
4520,1,213,213.00,116,116.00,323028,323028.00,941082,941082.00,742,742.00,1,1.00
4521,1,177,177.00,77,77.00,389363,389363.00,273271,273271.00,4050,4050.00,1,1.00
4522,1,167,167.00,77,77.00,283181,283181.00,215995,215995.00,4398,4398.00,1,1.00
4524,1,165,165.00,75,75.00,285934,285934.00,204021,204021.00,4458,4458.00,1,1.00
4525,2,239,119.50,110,55.00,290739,145369.50,870580,435290.00,1561,780.50,12,6.00
4526,1,8,8.00,5,5.00,2850,2850.00,1132,1132.00,4375,4375.00,14,14.00
4528,1,230,230.00,95,95.00,319302,319302.00,1150311,1150311.00,592,592.00,1,1.00
4532,3,12,4.00,9,3.00,9939,3313.00,15640,5213.33,4434,1478.00,33,11.00
4535,1,6,6.00,5,5.00,3514,3514.00,6912,6912.00,0,0.00,11,11.00
4538,1,4,4.00,3,3.00,3497,3497.00,6921,6921.00,0,0.00,11,11.00
4539,1,5,5.00,4,4.00,3497,3497.00,6921,6921.00,0,0.00,11,11.00
4541,1,221,221.00,108,108.00,328635,328635.00,1080685,1080685.00,1117,1117.00,1,1.00
4544,1,4,4.00,3,3.00,2675,2675.00,1123,1123.00,4406,4406.00,11,11.00
4550,1,173,173.00,82,82.00,266549,266549.00,181267,181267.00,4290,4290.00,1,1.00
4555,1,234,234.00,107,107.00,308796,308796.00,1061018,1061018.00,970,970.00,1,1.00
4556,3,186,62.00,96,32.00,292898,97632.67,239564,79854.67,4235,1411.67,23,7.67
4557,1,178,178.00,89,89.00,274512,274512.00,229729,229729.00,4228,4228.00,1,1.00
4562,1,4,4.00,3,3.00,3497,3497.00,6957,6957.00,0,0.00,11,11.00
4573,1,208,208.00,123,123.00,333017,333017.00,786825,786825.00,1885,1885.00,1,1.00
4574,1,4,4.00,3,3.00,2945,2945.00,1830,1830.00,4476,4476.00,11,11.00
4579,1,209,209.00,117,117.00,328871,328871.00,754494,754494.00,1573,1573.00,1,1.00
4583,2,402,201.00,188,94.00,626217,313108.50,1172953,586476.50,5406,2703.00,2,1.00
4584,1,225,225.00,105,105.00,352829,352829.00,1258398,1258398.00,557,557.00,1,1.00
4592,1,235,235.00,98,98.00,325285,325285.00,969518,969518.00,971,971.00,1,1.00
4593,2,12,6.00,11,5.50,6994,3497.00,14003,7001.50,0,0.00,22,11.00
4597,1,201,201.00,102,102.00,297472,297472.00,423050,423050.00,2353,2353.00,1,1.00
4600,1,5,5.00,4,4.00,2715,2715.00,1838,1838.00,4523,4523.00,11,11.00
4603,1,5,5.00,4,4.00,3521,3521.00,7014,7014.00,0,0.00,11,11.00
4604,3,361,120.33,182,60.67,555889,185296.33,479708,159902.67,8534,2844.67,13,4.33
4605,1,5,5.00,4,4.00,3497,3497.00,7020,7020.00,0,0.00,11,11.00
4608,1,229,229.00,105,105.00,343828,343828.00,1171177,1171177.00,917,917.00,1,1.00
4611,1,174,174.00,86,86.00,266697,266697.00,188863,188863.00,4388,4388.00,1,1.00
4613,1,177,177.00,84,84.00,271162,271162.00,215559,215559.00,4439,4439.00,1,1.00
4616,3,240,80.00,101,33.67,336422,112140.67,1189404,396468.00,1443,481.00,23,7.67
4618,1,1538,1538.00,514,514.00,72277,72277.00,1204074,1204074.00,3605,3605.00,0,0.00
4619,1,1539,1539.00,518,518.00,72134,72134.00,614790,614790.00,3742,3742.00,0,0.00
4621,2,1557,778.50,519,259.50,91973,45986.50,990881,495440.50,5931,2965.50,2,1.00
4626,1,8,8.00,6,6.00,3511,3511.00,7047,7047.00,0,0.00,11,11.00
4629,2,189,94.50,93,46.50,279140,139570.00,205883,102941.50,4510,2255.00,12,6.00
4630,4,445,111.25,201,50.25,778488,194622.00,1696355,424088.75,4357,1089.25,24,6.00
4634,1,4,4.00,3,3.00,2945,2945.00,1851,1851.00,4536,4536.00,11,11.00
4639,1,1543,1543.00,520,520.00,73055,73055.00,1240491,1240491.00,2844,2844.00,0,0.00
4640,1,1540,1540.00,517,517.00,72500,72500.00,973887,973887.00,3446,3446.00,0,0.00
4642,1,1542,1542.00,516,516.00,71548,71548.00,1005380,1005380.00,4334,4334.00,0,0.00
4643,1,225,225.00,99,99.00,350614,350614.00,832013,832013.00,1200,1200.00,1,1.00
4644,1,0,0.00,12,12.00,312,312.00,0,0.00,4344,4344.00,12,12.00
4645,1,181,181.00,76,76.00,297846,297846.00,272118,272118.00,4216,4216.00,1,1.00
4646,1,180,180.00,86,86.00,284725,284725.00,240225,240225.00,4168,4168.00,1,1.00
4650,1,227,227.00,110,110.00,335203,335203.00,776762,776762.00,1103,1103.00,1,1.00
4651,1,174,174.00,79,79.00,295659,295659.00,248282,248282.00,4416,4416.00,2,2.00
4652,1,4,4.00,3,3.00,3497,3497.00,7092,7092.00,0,0.00,11,11.00
4653,1,226,226.00,104,104.00,343404,343404.00,886158,886158.00,625,625.00,1,1.00
4656,2,1584,792.00,24,12.00,546204,273102.00,227483,113741.50,1152,576.00,0,0.00
4660,1,219,219.00,120,120.00,336954,336954.00,741533,741533.00,2206,2206.00,1,1.00
4664,2,12,6.00,9,4.50,7022,3511.00,14214,7107.00,0,0.00,22,11.00
4668,1,0,0.00,12,12.00,1008,1008.00,0,0.00,3672,3672.00,12,12.00
4669,1,1547,1547.00,519,519.00,71692,71692.00,858367,858367.00,4291,4291.00,0,0.00
4670,1,4,4.00,3,3.00,3497,3497.00,7118,7118.00,0,0.00,11,11.00
4678,1,175,175.00,84,84.00,266825,266825.00,204855,204855.00,4310,4310.00,1,1.00
4679,1,184,184.00,87,87.00,335697,335697.00,222282,222282.00,4330,4330.00,1,1.00
4682,1,182,182.00,89,89.00,278420,278420.00,233868,233868.00,4225,4225.00,1,1.00
4683,1,6,6.00,5,5.00,3497,3497.00,7137,7137.00,0,0.00,11,11.00
4684,2,360,180.00,174,87.00,570594,285297.00,413771,206885.50,8414,4207.00,2,1.00
4689,2,431,215.50,230,115.00,691962,345981.00,1570077,785038.50,2981,1490.50,2,1.00
4694,1,226,226.00,111,111.00,352634,352634.00,702010,702010.00,1831,1831.00,1,1.00
4700,1,6,6.00,7,7.00,3525,3525.00,7160,7160.00,0,0.00,11,11.00
4706,3,370,123.33,181,60.33,689443,229814.33,591819,197273.00,13240,4413.33,13,4.33
4709,1,184,184.00,88,88.00,274535,274535.00,241374,241374.00,4433,4433.00,1,1.00
4712,2,8,4.00,6,3.00,6994,3497.00,14363,7181.50,0,0.00,22,11.00
4713,1,237,237.00,99,99.00,352586,352586.00,987603,987603.00,507,507.00,1,1.00
4714,1,5,5.00,4,4.00,3497,3497.00,7182,7182.00,0,0.00,11,11.00
4716,1,0,0.00,12,12.00,528,528.00,0,0.00,4200,4200.00,12,12.00
4717,1,182,182.00,85,85.00,278002,278002.00,214938,214938.00,4312,4312.00,1,1.00
4718,1,4,4.00,3,3.00,3497,3497.00,7190,7190.00,0,0.00,11,11.00
4720,1,8,8.00,5,5.00,3497,3497.00,7190,7190.00,0,0.00,11,11.00
4724,1,4,4.00,3,3.00,3497,3497.00,7200,7200.00,0,0.00,11,11.00
4726,2,189,94.50,88,44.00,304071,152035.50,211877,105938.50,4271,2135.50,12,6.00
4728,1,184,184.00,88,88.00,289152,289152.00,229061,229061.00,4351,4351.00,1,1.00
4729,1,12,12.00,7,7.00,3001,3001.00,1907,1907.00,4619,4619.00,11,11.00
4730,2,377,188.50,183,91.50,581706,290853.00,607277,303638.50,7130,3565.00,2,1.00
4733,2,371,185.50,179,89.50,719689,359844.50,513289,256644.50,8575,4287.50,2,1.00
4734,1,221,221.00,103,103.00,388034,388034.00,714233,714233.00,1537,1537.00,1,1.00
4735,1,185,185.00,89,89.00,286190,286190.00,238502,238502.00,4231,4231.00,1,1.00
4741,2,366,183.00,170,85.00,583447,291723.50,439714,219857.00,8859,4429.50,2,1.00
4747,1,177,177.00,80,80.00,284317,284317.00,277869,277869.00,4399,4399.00,1,1.00
4750,1,184,184.00,83,83.00,323579,323579.00,257920,257920.00,4288,4288.00,1,1.00
4751,1,247,247.00,107,107.00,355754,355754.00,1136918,1136918.00,387,387.00,1,1.00
4752,1,236,236.00,99,99.00,337253,337253.00,899809,899809.00,824,824.00,1,1.00
4754,2,370,185.00,173,86.50,581383,290691.50,527084,263542.00,8614,4307.00,2,1.00
4756,3,549,183.00,261,87.00,855138,285046.00,602890,200963.33,13289,4429.67,3,1.00
4761,1,5,5.00,4,4.00,2899,2899.00,1891,1891.00,4688,4688.00,11,11.00
4763,1,199,199.00,84,84.00,312455,312455.00,242454,242454.00,3908,3908.00,1,1.00
4766,1,4,4.00,3,3.00,3497,3497.00,7263,7263.00,0,0.00,11,11.00
4768,1,6,6.00,5,5.00,3497,3497.00,7262,7262.00,0,0.00,11,11.00
4771,1,185,185.00,89,89.00,341033,341033.00,281630,281630.00,4384,4384.00,1,1.00
4772,1,4,4.00,3,3.00,2325,2325.00,1709,1709.00,3758,3758.00,11,11.00
4774,1,185,185.00,83,83.00,308715,308715.00,267163,267163.00,4490,4490.00,1,1.00
4775,1,186,186.00,84,84.00,351787,351787.00,257488,257488.00,4440,4440.00,1,1.00
4778,1,186,186.00,89,89.00,299426,299426.00,219264,219264.00,4477,4477.00,1,1.00
4780,8,1524,190.50,712,89.00,2362373,295296.62,2589697,323712.12,32800,4100.00,8,1.00
4783,1,186,186.00,89,89.00,318019,318019.00,255490,255490.00,4303,4303.00,1,1.00
4786,1,183,183.00,91,91.00,323354,323354.00,232176,232176.00,4493,4493.00,1,1.00
4787,1,5,5.00,4,4.00,2598,2598.00,1163,1163.00,4678,4678.00,11,11.00
4798,1,184,184.00,81,81.00,433483,433483.00,345498,345498.00,4360,4360.00,1,1.00
4801,1,185,185.00,93,93.00,308252,308252.00,263736,263736.00,4143,4143.00,1,1.00
4802,2,191,95.50,92,46.00,308753,154376.50,205376,102688.00,8985,4492.50,12,6.00
4803,1,187,187.00,89,89.00,293906,293906.00,211677,211677.00,4362,4362.00,1,1.00
4804,1,185,185.00,87,87.00,315544,315544.00,256728,256728.00,4327,4327.00,1,1.00
4805,2,372,186.00,178,89.00,607309,303654.50,458360,229180.00,8799,4399.50,2,1.00
4807,1,186,186.00,88,88.00,296275,296275.00,228603,228603.00,4358,4358.00,1,1.00
4808,2,8,4.00,6,3.00,6109,3054.50,9234,4617.00,4727,2363.50,22,11.00
4809,1,4,4.00,4,4.00,3497,3497.00,7325,7325.00,0,0.00,11,11.00
4810,1,184,184.00,91,91.00,296587,296587.00,285397,285397.00,4318,4318.00,1,1.00
4816,1,188,188.00,88,88.00,300266,300266.00,267826,267826.00,4320,4320.00,1,1.00
4817,1,187,187.00,89,89.00,332773,332773.00,224016,224016.00,4294,4294.00,1,1.00
4818,1,214,214.00,122,122.00,314934,314934.00,685386,685386.00,1862,1862.00,1,1.00
4819,1,187,187.00,89,89.00,306925,306925.00,261895,261895.00,4326,4326.00,1,1.00
4820,1,4,4.00,3,3.00,3497,3497.00,7344,7344.00,0,0.00,11,11.00
4821,1,5,5.00,4,4.00,2945,2945.00,1912,1912.00,4722,4722.00,11,11.00
4823,2,438,219.00,177,88.50,603978,301989.00,1375930,687965.00,6370,3185.00,2,1.00
4828,7,1128,161.14,528,75.43,2003019,286145.57,1582792,226113.14,26340,3762.86,17,2.43
4829,2,377,188.50,179,89.50,591864,295932.00,451848,225924.00,8731,4365.50,2,1.00
4839,1,8,8.00,8,8.00,3534,3534.00,7364,7364.00,0,0.00,11,11.00
4843,2,436,218.00,195,97.50,654549,327274.50,1202361,601180.50,5746,2873.00,2,1.00
4849,1,236,236.00,99,99.00,343528,343528.00,876793,876793.00,843,843.00,1,1.00
4851,1,187,187.00,88,88.00,451365,451365.00,382406,382406.00,4351,4351.00,1,1.00
4852,3,561,187.00,261,87.00,927207,309069.00,639469,213156.33,12939,4313.00,3,1.00
4855,2,189,94.50,92,46.00,330896,165448.00,288536,144268.00,9168,4584.00,12,6.00
4859,1,189,189.00,89,89.00,439810,439810.00,350276,350276.00,4375,4375.00,1,1.00
4860,1,0,0.00,12,12.00,528,528.00,0,0.00,4344,4344.00,12,12.00
4861,1,188,188.00,85,85.00,294317,294317.00,216011,216011.00,4484,4484.00,1,1.00
4862,1,201,201.00,90,90.00,296494,296494.00,227554,227554.00,4436,4436.00,1,1.00
4868,1,4,4.00,3,3.00,3497,3497.00,7416,7416.00,0,0.00,11,11.00
4869,1,5,5.00,4,4.00,3497,3497.00,7415,7415.00,0,0.00,11,11.00
4876,1,188,188.00,87,87.00,455594,455594.00,378259,378259.00,4399,4399.00,1,1.00
4877,2,199,99.50,93,46.50,321816,160908.00,238144,119072.00,9137,4568.50,17,8.50
4881,1,191,191.00,86,86.00,300448,300448.00,243993,243993.00,4658,4658.00,1,1.00
4885,4,810,202.50,347,86.75,1347227,336806.75,1364055,341013.75,14102,3525.50,4,1.00
4894,1,206,206.00,108,108.00,532280,532280.00,659972,659972.00,2459,2459.00,1,1.00
4895,1,5,5.00,4,4.00,3508,3508.00,7452,7452.00,0,0.00,11,11.00
4900,3,573,191.00,265,88.33,995441,331813.67,660004,220001.33,13793,4597.67,3,1.00
4901,1,6,6.00,5,5.00,3514,3514.00,7461,7461.00,0,0.00,11,11.00
4903,2,377,188.50,182,91.00,694300,347150.00,588006,294003.00,9057,4528.50,3,1.50
4904,1,4,4.00,3,3.00,3497,3497.00,7470,7470.00,0,0.00,11,11.00
4905,2,225,112.50,111,55.50,342034,171017.00,765088,382544.00,1813,906.50,12,6.00
4908,1,0,0.00,12,12.00,4920,4920.00,0,0.00,0,0.00,12,12.00
4909,1,190,190.00,85,85.00,309082,309082.00,287059,287059.00,4628,4628.00,1,1.00
4910,1,4,4.00,3,3.00,3497,3497.00,7478,7478.00,0,0.00,11,11.00
4915,1,197,197.00,93,93.00,292467,292467.00,228582,228582.00,4428,4428.00,1,1.00
4917,1,5,5.00,4,4.00,3497,3497.00,7488,7488.00,0,0.00,11,11.00
4918,1,191,191.00,83,83.00,316836,316836.00,240669,240669.00,4608,4608.00,1,1.00
4919,1,6,6.00,4,4.00,3509,3509.00,7488,7488.00,0,0.00,11,11.00
4922,1,198,198.00,93,93.00,350069,350069.00,273892,273892.00,4314,4314.00,1,1.00
4923,1,191,191.00,88,88.00,282853,282853.00,221730,221730.00,4497,4497.00,1,1.00
4926,1,5,5.00,5,5.00,3518,3518.00,7497,7497.00,0,0.00,11,11.00
4928,1,4,4.00,3,3.00,3497,3497.00,7506,7506.00,0,0.00,11,11.00
4931,1,227,227.00,113,113.00,360981,360981.00,950593,950593.00,1481,1481.00,1,1.00
4934,1,4,4.00,3,3.00,3497,3497.00,7515,7515.00,0,0.00,11,11.00
4935,1,7,7.00,4,4.00,3497,3497.00,7515,7515.00,0,0.00,11,11.00
4940,1,4,4.00,3,3.00,3497,3497.00,7524,7524.00,0,0.00,11,11.00
4941,1,7,7.00,4,4.00,3497,3497.00,7524,7524.00,0,0.00,11,11.00
4944,1,840,840.00,12,12.00,282336,282336.00,93828,93828.00,2868,2868.00,0,0.00
4947,1,5,5.00,4,4.00,2325,2325.00,1754,1754.00,3901,3901.00,11,11.00
4949,1,6,6.00,4,4.00,2337,2337.00,5130,5130.00,1651,1651.00,11,11.00
4950,1,193,193.00,89,89.00,317746,317746.00,245439,245439.00,4593,4593.00,1,1.00
4952,2,8,4.00,6,3.00,6172,3086.00,8732,4366.00,4813,2406.50,22,11.00
4953,2,2760,1380.00,1422,711.00,355259,177629.50,358686,179343.00,4636,2318.00,1,0.50
4959,1,5,5.00,6,6.00,3497,3497.00,7551,7551.00,0,0.00,11,11.00
4964,1,193,193.00,84,84.00,348499,348499.00,230611,230611.00,4458,4458.00,1,1.00
4967,1,198,198.00,81,81.00,438428,438428.00,352936,352936.00,4536,4536.00,1,1.00
4968,1,7,7.00,6,6.00,2892,2892.00,1960,1960.00,4897,4897.00,11,11.00
4974,1,5,5.00,4,4.00,2496,2496.00,4834,4834.00,1862,1862.00,11,11.00
4976,1,196,196.00,97,97.00,276907,276907.00,226447,226447.00,4255,4255.00,1,1.00
4980,1,9,9.00,9,9.00,3499,3499.00,7577,7577.00,0,0.00,11,11.00
4987,1,199,199.00,86,86.00,326349,326349.00,237010,237010.00,4378,4378.00,1,1.00
4992,1,7,7.00,5,5.00,3509,3509.00,7596,7596.00,0,0.00,11,11.00
4994,1,4,4.00,3,3.00,3497,3497.00,7604,7604.00,0,0.00,11,11.00
4996,1,221,221.00,116,116.00,356327,356327.00,581099,581099.00,2769,2769.00,1,1.00
4997,1,197,197.00,91,91.00,303658,303658.00,265600,265600.00,4517,4517.00,1,1.00
5000,1,4,4.00,3,3.00,3497,3497.00,7613,7613.00,0,0.00,11,11.00
5004,1,8,8.00,6,6.00,2891,2891.00,1973,1973.00,4933,4933.00,11,11.00
5009,1,213,213.00,99,99.00,477452,477452.00,485319,485319.00,2853,2853.00,1,1.00
5013,1,197,197.00,86,86.00,299323,299323.00,203308,203308.00,4336,4336.00,6,6.00
5015,1,200,200.00,81,81.00,396942,396942.00,351705,351705.00,4608,4608.00,1,1.00
5016,1,7,7.00,5,5.00,3545,3545.00,7632,7632.00,0,0.00,11,11.00
5024,1,2,2.00,2,2.00,4773,4773.00,13147,13147.00,387,387.00,37,37.00
5028,1,200,200.00,100,100.00,328942,328942.00,290128,290128.00,4266,4266.00,1,1.00
5031,1,253,253.00,89,89.00,383680,383680.00,1102500,1102500.00,608,608.00,1,1.00
5037,1,247,247.00,104,104.00,422941,422941.00,843275,843275.00,2053,2053.00,1,1.00
5041,1,194,194.00,90,90.00,348447,348447.00,258139,258139.00,4305,4305.00,1,1.00
5042,1,4,4.00,3,3.00,3497,3497.00,7677,7677.00,0,0.00,11,11.00
5043,2,205,102.50,89,44.50,454393,227196.50,372716,186358.00,4506,2253.00,12,6.00
5052,1,5,5.00,4,4.00,3510,3510.00,7685,7685.00,0,0.00,11,11.00
5054,2,8,4.00,6,3.00,6172,3086.00,8903,4451.50,4916,2458.00,22,11.00
5056,2,398,199.00,211,105.50,737892,368946.00,598249,299124.50,8073,4036.50,2,1.00
5059,1,189,189.00,86,86.00,326784,326784.00,222615,222615.00,4692,4692.00,1,1.00
5060,2,219,109.50,92,46.00,316702,158351.00,294656,147328.00,3845,1922.50,12,6.00
5061,1,7,7.00,4,4.00,3794,3794.00,7677,7677.00,0,0.00,11,11.00
5063,1,2529,2529.00,1267,1267.00,22863,22863.00,1274,1274.00,0,0.00,3,3.00
5066,1,224,224.00,103,103.00,442977,442977.00,732282,732282.00,1952,1952.00,1,1.00
5072,1,195,195.00,95,95.00,317927,317927.00,233325,233325.00,4550,4550.00,1,1.00
5073,2,14,7.00,11,5.50,7082,3541.00,15436,7718.00,0,0.00,22,11.00
5079,1,276,276.00,95,95.00,45642,45642.00,151270,151270.00,128,128.00,11,11.00
5085,1,5,5.00,4,4.00,2945,2945.00,2000,2000.00,4986,4986.00,11,11.00
5088,2,213,106.50,88,44.00,316725,158362.50,251199,125599.50,9497,4748.50,12,6.00
5089,1,264,264.00,103,103.00,384856,384856.00,1244152,1244152.00,592,592.00,1,1.00
5096,3,234,78.00,115,38.33,445072,148357.33,852265,284088.33,2062,687.33,23,7.67
5105,1,7,7.00,6,6.00,2945,2945.00,2006,2006.00,5004,5004.00,11,11.00
5114,1,4,4.00,3,3.00,3497,3497.00,7784,7784.00,0,0.00,11,11.00
5115,1,209,209.00,97,97.00,313302,313302.00,235023,235023.00,4719,4719.00,1,1.00
5123,1,218,218.00,107,107.00,361566,361566.00,531194,531194.00,2731,2731.00,1,1.00
5124,2,215,107.50,127,63.50,381386,190693.00,551668,275834.00,8306,4153.00,13,6.50
5125,1,201,201.00,97,97.00,467683,467683.00,417770,417770.00,4302,4302.00,1,1.00
5130,1,199,199.00,89,89.00,331460,331460.00,366054,366054.00,4468,4468.00,1,1.00
5131,1,6,6.00,5,5.00,3525,3525.00,7808,7808.00,0,0.00,11,11.00
5144,1,4,4.00,3,3.00,3497,3497.00,7829,7829.00,0,0.00,11,11.00
5146,1,6,6.00,5,5.00,3497,3497.00,7830,7830.00,0,0.00,11,11.00
5147,1,204,204.00,99,99.00,349526,349526.00,262898,262898.00,4528,4528.00,1,1.00
5148,1,0,0.00,12,12.00,3716,3716.00,0,0.00,1444,1444.00,12,12.00
5149,3,606,202.00,291,97.00,960848,320282.67,805751,268583.67,13458,4486.00,3,1.00
5152,1,6,6.00,5,5.00,2875,2875.00,2022,2022.00,5083,5083.00,11,11.00
5162,1,4,4.00,3,3.00,2675,2675.00,1226,1226.00,5024,5024.00,11,11.00
5163,1,222,222.00,105,105.00,340603,340603.00,431161,431161.00,3555,3555.00,1,1.00
5170,1,214,214.00,106,106.00,320537,320537.00,258894,258894.00,4319,4319.00,1,1.00
5173,3,414,138.00,199,66.33,656455,218818.33,555308,185102.67,12004,4001.33,13,4.33
5174,1,206,206.00,98,98.00,322735,322735.00,236607,236607.00,4905,4905.00,1,1.00
5177,1,211,211.00,99,99.00,380890,380890.00,345567,345567.00,4598,4598.00,1,1.00
5181,1,7,7.00,4,4.00,3497,3497.00,7883,7883.00,0,0.00,11,11.00
5182,1,202,202.00,95,95.00,333439,333439.00,254258,254258.00,4633,4633.00,1,1.00
5185,1,204,204.00,96,96.00,325010,325010.00,407213,407213.00,4512,4512.00,1,1.00
5190,1,8,8.00,5,5.00,4437,4437.00,7984,7984.00,0,0.00,11,11.00
5192,1,4,4.00,3,3.00,3497,3497.00,7901,7901.00,0,0.00,11,11.00
5197,2,408,204.00,194,97.00,630723,315361.50,611946,305973.00,8935,4467.50,2,1.00
5198,2,76,38.00,53,26.50,64625,32312.50,95618,47809.00,4099,2049.50,880,440.00
5200,1,204,204.00,91,91.00,320543,320543.00,238513,238513.00,4510,4510.00,1,1.00
5203,1,202,202.00,91,91.00,317260,317260.00,252898,252898.00,4685,4685.00,1,1.00
5204,2,8,4.00,6,3.00,6994,3497.00,15840,7920.00,0,0.00,22,11.00
5205,2,10,5.00,8,4.00,6994,3497.00,15840,7920.00,0,0.00,22,11.00
5206,1,6,6.00,6,6.00,3497,3497.00,7920,7920.00,0,0.00,11,11.00
5208,1,6,6.00,4,4.00,3516,3516.00,7920,7920.00,0,0.00,11,11.00
5210,2,8,4.00,6,3.00,5822,2911.00,15794,7897.00,91,45.50,22,11.00
5211,1,5,5.00,4,4.00,2325,2325.00,1404,1404.00,4400,4400.00,11,11.00
5215,1,206,206.00,93,93.00,365504,365504.00,306685,306685.00,4760,4760.00,1,1.00
5216,1,9,9.00,6,6.00,3539,3539.00,7931,7931.00,0,0.00,11,11.00
5217,1,5,5.00,4,4.00,2875,2875.00,2043,2043.00,5149,5149.00,11,11.00
5218,1,254,254.00,108,108.00,360691,360691.00,1131703,1131703.00,1274,1274.00,1,1.00
5219,1,8,8.00,6,6.00,2639,2639.00,1235,1235.00,5088,5088.00,11,11.00
5221,1,205,205.00,97,97.00,286695,286695.00,222845,222845.00,4616,4616.00,1,1.00
5222,1,4,4.00,3,3.00,3497,3497.00,7947,7947.00,0,0.00,11,11.00
5223,2,9,4.50,9,4.50,6994,3497.00,15892,7946.00,0,0.00,22,11.00
5225,2,207,103.50,97,48.50,325203,162601.50,330472,165236.00,7710,3855.00,12,6.00
5230,5,625,125.00,295,59.00,1128406,225681.20,955824,191164.80,13830,2766.00,25,5.00
5231,2,210,105.00,97,48.50,367926,183963.00,303814,151907.00,4745,2372.50,12,6.00
5232,1,888,888.00,12,12.00,311652,311652.00,176760,176760.00,0,0.00,0,0.00
5233,1,6,6.00,4,4.00,3522,3522.00,7957,7957.00,0,0.00,11,11.00
5236,1,5,5.00,4,4.00,3560,3560.00,7955,7955.00,0,0.00,11,11.00
5238,1,266,266.00,103,103.00,401686,401686.00,1270255,1270255.00,721,721.00,1,1.00
5239,1,6,6.00,5,5.00,3569,3569.00,7956,7956.00,0,0.00,11,11.00
5240,1,239,239.00,129,129.00,369014,369014.00,705167,705167.00,2838,2838.00,1,1.00
5241,1,12,12.00,7,7.00,3986,3986.00,8013,8013.00,0,0.00,16,16.00
5243,2,280,140.00,92,46.00,395598,197799.00,1308119,654059.50,724,362.00,12,6.00
5245,2,412,206.00,194,97.00,689522,344761.00,630513,315256.50,9034,4517.00,2,1.00
5247,2,10,5.00,9,4.50,6994,3497.00,15966,7983.00,0,0.00,22,11.00
5249,1,206,206.00,92,92.00,440454,440454.00,401334,401334.00,4582,4582.00,1,1.00
5254,3,426,142.00,202,67.33,647753,215917.67,532869,177623.00,9729,3243.00,23,7.67
5258,2,8,4.00,6,3.00,5822,2911.00,9494,4747.00,4387,2193.50,22,11.00
5259,1,207,207.00,98,98.00,321684,321684.00,253472,253472.00,4602,4602.00,1,1.00
5270,1,4,4.00,3,3.00,2875,2875.00,2061,2061.00,5203,5203.00,11,11.00
5271,1,6,6.00,4,4.00,3497,3497.00,8019,8019.00,0,0.00,11,11.00
5272,2,414,207.00,182,91.00,683152,341576.00,474689,237344.50,9677,4838.50,2,1.00
5274,1,209,209.00,99,99.00,309443,309443.00,277416,277416.00,4763,4763.00,1,1.00
5278,1,206,206.00,95,95.00,316109,316109.00,312963,312963.00,4731,4731.00,1,1.00
5282,1,4,4.00,3,3.00,3497,3497.00,8037,8037.00,0,0.00,11,11.00
5286,1,206,206.00,95,95.00,331796,331796.00,298933,298933.00,4989,4989.00,1,1.00
5290,1,8,8.00,6,6.00,2756,2756.00,2067,2067.00,5204,5204.00,11,11.00
5294,1,210,210.00,99,99.00,312287,312287.00,243631,243631.00,4832,4832.00,1,1.00
5295,1,217,217.00,109,109.00,326588,326588.00,318355,318355.00,4478,4478.00,1,1.00
5297,1,215,215.00,107,107.00,330809,330809.00,331444,331444.00,4770,4770.00,1,1.00
5298,1,208,208.00,97,97.00,360633,360633.00,279651,279651.00,4933,4933.00,1,1.00
5299,1,207,207.00,101,101.00,322274,322274.00,272708,272708.00,4369,4369.00,1,1.00
5300,1,4,4.00,3,3.00,3497,3497.00,8064,8064.00,0,0.00,11,11.00
5303,1,273,273.00,106,106.00,397498,397498.00,1124913,1124913.00,700,700.00,6,6.00
5306,1,4,4.00,3,3.00,2945,2945.00,2074,2074.00,5208,5208.00,11,11.00
5308,1,8,8.00,7,7.00,3497,3497.00,8073,8073.00,0,0.00,11,11.00
5311,1,10,10.00,7,7.00,3744,3744.00,8059,8059.00,0,0.00,14,14.00
5322,1,6,6.00,5,5.00,3508,3508.00,8091,8091.00,0,0.00,11,11.00
5323,1,7,7.00,6,6.00,2890,2890.00,2079,2079.00,5251,5251.00,11,11.00
5326,1,208,208.00,95,95.00,342414,342414.00,285108,285108.00,4914,4914.00,1,1.00
5327,1,209,209.00,96,96.00,313998,313998.00,257681,257681.00,4640,4640.00,1,1.00
5328,1,206,206.00,93,93.00,322738,322738.00,236477,236477.00,4631,4631.00,1,1.00
5329,1,209,209.00,96,96.00,362085,362085.00,330236,330236.00,4958,4958.00,1,1.00
5330,1,4,4.00,3,3.00,3497,3497.00,8109,8109.00,0,0.00,11,11.00
5331,1,210,210.00,96,96.00,325082,325082.00,267273,267273.00,4771,4771.00,1,1.00
5333,1,5,5.00,4,4.00,2336,2336.00,7533,7533.00,434,434.00,11,11.00
5336,1,4,4.00,3,3.00,3497,3497.00,8117,8117.00,0,0.00,11,11.00
5349,1,5,5.00,4,4.00,3497,3497.00,8136,8136.00,0,0.00,11,11.00
5355,2,10,5.00,8,4.00,5822,2911.00,10178,5089.00,4123,2061.50,22,11.00
5357,1,7,7.00,5,5.00,3513,3513.00,8147,8147.00,0,0.00,11,11.00
5362,1,278,278.00,122,122.00,397242,397242.00,1503551,1503551.00,1291,1291.00,1,1.00
5364,1,0,0.00,12,12.00,1992,1992.00,0,0.00,3384,3384.00,12,12.00
5367,1,7,7.00,5,5.00,3594,3594.00,8144,8144.00,0,0.00,11,11.00
5371,1,209,209.00,98,98.00,324504,324504.00,314370,314370.00,4772,4772.00,1,1.00
5372,1,4,4.00,3,3.00,3497,3497.00,8172,8172.00,0,0.00,11,11.00
5373,1,5,5.00,4,4.00,3497,3497.00,8172,8172.00,0,0.00,11,11.00
5378,1,4,4.00,3,3.00,3497,3497.00,8180,8180.00,0,0.00,11,11.00
5379,1,5,5.00,4,4.00,3497,3497.00,8181,8181.00,0,0.00,11,11.00
5383,1,5,5.00,5,5.00,3532,3532.00,8181,8181.00,0,0.00,11,11.00
5388,1,0,0.00,12,12.00,528,528.00,0,0.00,4872,4872.00,12,12.00
5390,1,4,4.00,3,3.00,3497,3497.00,8199,8199.00,0,0.00,11,11.00
5391,1,251,251.00,134,134.00,378043,378043.00,1035249,1035249.00,2245,2245.00,1,1.00
5392,1,210,210.00,104,104.00,337772,337772.00,303082,303082.00,4679,4679.00,1,1.00
5396,1,4,4.00,3,3.00,3497,3497.00,8208,8208.00,0,0.00,11,11.00
5403,1,224,224.00,101,101.00,495792,495792.00,532909,532909.00,3290,3290.00,1,1.00
5409,1,6,6.00,5,5.00,2675,2675.00,1267,1267.00,5269,5269.00,11,11.00
5410,1,5,5.00,5,5.00,3497,3497.00,8225,8225.00,0,0.00,11,11.00
5414,1,1516,1516.00,0,0.00,204962,204962.00,168200,168200.00,5308,5308.00,144,144.00
5416,1,238,238.00,136,136.00,369872,369872.00,763160,763160.00,2501,2501.00,1,1.00
5426,1,216,216.00,97,97.00,390232,390232.00,311136,311136.00,4899,4899.00,1,1.00
5429,1,259,259.00,111,111.00,458285,458285.00,1131489,1131489.00,2069,2069.00,1,1.00
5438,1,218,218.00,138,138.00,538165,538165.00,634698,634698.00,3530,3530.00,1,1.00
5444,1,4,4.00,3,3.00,3497,3497.00,8280,8280.00,0,0.00,11,11.00
5448,1,6,6.00,5,5.00,2679,2679.00,1274,1274.00,5306,5306.00,11,11.00
5450,1,4,4.00,3,3.00,3497,3497.00,8288,8288.00,0,0.00,11,11.00
5453,1,7,7.00,8,8.00,3497,3497.00,8289,8289.00,0,0.00,11,11.00
5456,1,4,4.00,3,3.00,2945,2945.00,2123,2123.00,5358,5358.00,11,11.00
5460,2,330,165.00,110,55.00,355856,177928.00,365723,182861.50,9460,4730.00,61,30.50
5463,1,230,230.00,111,111.00,335641,335641.00,400289,400289.00,4188,4188.00,1,1.00
5471,1,6,6.00,5,5.00,3514,3514.00,8316,8316.00,0,0.00,11,11.00
5482,1,242,242.00,132,132.00,393526,393526.00,798567,798567.00,2474,2474.00,1,1.00
5485,1,220,220.00,109,109.00,364371,364371.00,338783,338783.00,4816,4816.00,1,1.00
5486,1,4,4.00,3,3.00,3497,3497.00,8343,8343.00,0,0.00,11,11.00
5487,1,7,7.00,7,7.00,2910,2910.00,2132,2132.00,5413,5413.00,11,11.00
5499,1,5,5.00,4,4.00,2875,2875.00,2138,2138.00,5431,5431.00,11,11.00
5506,1,229,229.00,109,109.00,595449,595449.00,706494,706494.00,2987,2987.00,1,1.00
5508,1,221,221.00,99,99.00,338599,338599.00,317100,317100.00,4664,4664.00,1,1.00
5513,1,224,224.00,107,107.00,355277,355277.00,320760,320760.00,4658,4658.00,1,1.00
5518,2,436,218.00,202,101.00,653176,326588.00,559305,279652.50,9536,4768.00,2,1.00
5520,1,936,936.00,12,12.00,325488,325488.00,146244,146244.00,864,864.00,0,0.00
5522,1,2,2.00,2,2.00,4996,4996.00,14227,14227.00,571,571.00,39,39.00
5523,1,226,226.00,132,132.00,696016,696016.00,889022,889022.00,3533,3533.00,1,1.00
5529,1,6,6.00,5,5.00,2325,2325.00,8100,8100.00,254,254.00,11,11.00
5537,1,9,9.00,5,5.00,4147,4147.00,8420,8420.00,0,0.00,11,11.00
5540,1,4,4.00,3,3.00,3497,3497.00,8424,8424.00,0,0.00,11,11.00
5542,1,221,221.00,107,107.00,371025,371025.00,381731,381731.00,4417,4417.00,1,1.00
5543,1,223,223.00,88,88.00,337335,337335.00,354776,354776.00,4652,4652.00,1,1.00
5544,1,6,6.00,6,6.00,2342,2342.00,4788,4788.00,2474,2474.00,11,11.00
5545,1,10,10.00,6,6.00,3557,3557.00,8447,8447.00,0,0.00,11,11.00
5546,1,4,4.00,3,3.00,3497,3497.00,8433,8433.00,0,0.00,11,11.00
5552,2,8,4.00,6,3.00,6070,3035.00,9732,4866.00,5414,2707.00,22,11.00
5553,1,7,7.00,4,4.00,3497,3497.00,8442,8442.00,0,0.00,11,11.00
5557,1,8,8.00,7,7.00,3508,3508.00,8442,8442.00,0,0.00,11,11.00
5558,1,4,4.00,3,3.00,3497,3497.00,8450,8450.00,0,0.00,11,11.00
5559,1,6,6.00,6,6.00,3497,3497.00,8451,8451.00,0,0.00,11,11.00
5565,1,6,6.00,4,4.00,3497,3497.00,8460,8460.00,0,0.00,11,11.00
5567,1,5,5.00,4,4.00,3508,3508.00,8460,8460.00,0,0.00,11,11.00
5570,6,239,39.83,118,19.67,363570,60595.00,356279,59379.83,4535,755.83,56,9.33
5575,1,7,7.00,6,6.00,3505,3505.00,8469,8469.00,0,0.00,14,14.00
5576,3,12,4.00,9,3.00,10491,3497.00,25432,8477.33,0,0.00,33,11.00
5579,1,226,226.00,107,107.00,340404,340404.00,292915,292915.00,4671,4671.00,1,1.00
5580,1,0,0.00,12,12.00,528,528.00,0,0.00,5064,5064.00,12,12.00
5582,2,8,4.00,6,3.00,6994,3497.00,16973,8486.50,0,0.00,22,11.00
5583,1,5,5.00,4,4.00,2945,2945.00,2165,2165.00,5484,5484.00,11,11.00
5588,1,4,4.00,3,3.00,2622,2622.00,2189,2189.00,5497,5497.00,11,11.00
5589,2,10,5.00,8,4.00,6994,3497.00,16992,8496.00,0,0.00,22,11.00
5594,1,223,223.00,105,105.00,356517,356517.00,299889,299889.00,4703,4703.00,1,1.00
5595,2,229,114.50,110,55.00,382513,191256.50,355789,177894.50,4676,2338.00,12,6.00
5598,1,4,4.00,4,4.00,3510,3510.00,8505,8505.00,0,0.00,11,11.00
5604,1,0,0.00,12,12.00,5616,5616.00,0,0.00,0,0.00,12,12.00
5606,1,4,4.00,3,3.00,3497,3497.00,8522,8522.00,0,0.00,11,11.00
5613,1,8,8.00,10,10.00,2376,2376.00,5508,5508.00,2060,2060.00,11,11.00
5615,2,4,2.00,202,101.00,74069,37034.50,465683,232841.50,8851,4425.50,228,114.00
5618,1,224,224.00,105,105.00,353527,353527.00,357732,357732.00,4809,4809.00,1,1.00
5621,8,1953,244.12,1239,154.88,368855,46106.88,1680021,210002.62,33117,4139.62,799,99.88
5622,1,3,3.00,102,102.00,37291,37291.00,232456,232456.00,4417,4417.00,114,114.00
5627,7,234,33.43,706,100.86,642782,91826.00,1903323,271903.29,31268,4466.86,685,97.86
5628,3,9,3.00,306,102.00,111903,37301.00,691673,230557.67,13350,4450.00,342,114.00
5629,1,217,217.00,100,100.00,368167,368167.00,502440,502440.00,4589,4589.00,1,1.00
5633,15,38,2.53,1420,94.67,523955,34930.33,3254565,216971.00,61983,4132.20,1609,107.27
5639,15,36,2.40,1517,101.13,556456,37097.07,3472227,231481.80,66819,4454.60,1714,114.27
5640,2,4,2.00,204,102.00,74632,37316.00,466894,233447.00,8889,4444.50,230,115.00
5642,1,4,4.00,103,103.00,37638,37638.00,234671,234671.00,4481,4481.00,114,114.00
5644,1,5,5.00,103,103.00,37619,37619.00,230599,230599.00,4458,4458.00,114,114.00
5645,6,12,2.00,606,101.00,223726,37287.67,1386722,231120.33,26715,4452.50,684,114.00
5646,1,3,3.00,102,102.00,36805,36805.00,228924,228924.00,4487,4487.00,114,114.00
5648,2,7,3.50,205,102.50,75249,37624.50,461901,230950.50,8887,4443.50,230,115.00
5651,7,20,2.86,712,101.71,260244,37177.71,1617390,231055.71,31111,4444.43,800,114.29
5654,4,15,3.75,309,77.25,114390,28597.50,704885,176221.25,13401,3350.25,353,88.25
5655,2,9,4.50,205,102.50,75021,37510.50,462096,231048.00,8904,4452.00,230,115.00
5656,1,3,3.00,103,103.00,37026,37026.00,232454,232454.00,4435,4435.00,114,114.00
5657,6,19,3.17,610,101.67,221840,36973.33,1384826,230804.33,26880,4480.00,686,114.33
5658,1,3,3.00,102,102.00,37539,37539.00,228806,228806.00,4499,4499.00,114,114.00
5660,1,3,3.00,102,102.00,36938,36938.00,233648,233648.00,4478,4478.00,116,116.00
5663,3,10,3.33,305,101.67,111746,37248.67,692396,230798.67,13400,4466.67,344,114.67
5666,4,14,3.50,309,77.25,114809,28702.25,702054,175513.50,13458,3364.50,353,88.25
5667,1,12,12.00,104,104.00,37274,37274.00,231701,231701.00,4403,4403.00,114,114.00
5669,1,2,2.00,101,101.00,36852,36852.00,233272,233272.00,4488,4488.00,114,114.00
5670,1,13,13.00,4,4.00,3592,3592.00,8627,8627.00,0,0.00,11,11.00
5672,3,12,4.00,9,3.00,9247,3082.33,13012,4337.33,11210,3736.67,33,11.00
5673,2,12,6.00,207,103.50,73865,36932.50,469473,234736.50,9010,4505.00,234,117.00
5675,2,4,2.00,202,101.00,74368,37184.00,468859,234429.50,8905,4452.50,232,116.00
5676,1,3,3.00,102,102.00,37580,37580.00,230149,230149.00,4471,4471.00,114,114.00
5678,1,3,3.00,102,102.00,37112,37112.00,234528,234528.00,4501,4501.00,118,118.00
5681,1,19,19.00,112,112.00,37746,37746.00,230871,230871.00,4464,4464.00,114,114.00
5687,1,2,2.00,101,101.00,37870,37870.00,241021,241021.00,4513,4513.00,122,122.00
5688,1,3,3.00,102,102.00,37267,37267.00,230201,230201.00,4506,4506.00,114,114.00
5693,1,2,2.00,101,101.00,37022,37022.00,229708,229708.00,4479,4479.00,114,114.00
5699,2,9,4.50,205,102.50,74537,37268.50,465202,232601.00,8981,4490.50,230,115.00
5700,2,8,4.00,204,102.00,75863,37931.50,465626,232813.00,8904,4452.00,228,114.00
5702,1,4,4.00,3,3.00,3497,3497.00,8667,8667.00,0,0.00,11,11.00
5703,1,4,4.00,5,5.00,3497,3497.00,8667,8667.00,0,0.00,11,11.00
5705,3,12,4.00,109,36.33,43793,14597.67,246649,82216.33,4547,1515.67,136,45.33
5709,1,293,293.00,119,119.00,433867,433867.00,1419239,1419239.00,816,816.00,1,1.00
5712,1,3,3.00,102,102.00,37088,37088.00,231638,231638.00,4553,4553.00,114,114.00
5717,1,2,2.00,101,101.00,37181,37181.00,230749,230749.00,4536,4536.00,114,114.00
5720,1,4,4.00,3,3.00,3497,3497.00,8693,8693.00,0,0.00,11,11.00
5727,1,7,7.00,6,6.00,3525,3525.00,8698,8698.00,0,0.00,11,11.00
5735,2,4,2.00,202,101.00,74399,37199.50,464531,232265.50,9137,4568.50,228,114.00
5741,2,238,119.00,97,48.50,387991,193995.50,425980,212990.00,9545,4772.50,17,8.50
5743,1,292,292.00,94,94.00,454998,454998.00,1895967,1895967.00,1094,1094.00,1,1.00
5744,1,4,4.00,3,3.00,2875,2875.00,2220,2220.00,5677,5677.00,11,11.00
5746,1,228,228.00,99,99.00,549579,549579.00,507266,507266.00,4852,4852.00,1,1.00
5747,2,4,2.00,202,101.00,74465,37232.50,463732,231866.00,8994,4497.00,228,114.00
5750,1,4,4.00,3,3.00,3497,3497.00,8738,8738.00,0,0.00,11,11.00
5751,1,6,6.00,5,5.00,2875,2875.00,2221,2221.00,5683,5683.00,11,11.00
5752,1,6,6.00,5,5.00,3497,3497.00,8738,8738.00,0,0.00,11,11.00
5753,2,4,2.00,202,101.00,73883,36941.50,460932,230466.00,9075,4537.50,228,114.00
5757,1,4,4.00,103,103.00,36962,36962.00,228248,228248.00,4569,4569.00,114,114.00
5765,2,7,3.50,105,52.50,40679,20339.50,240273,120136.50,4567,2283.50,125,62.50
5771,1,2,2.00,101,101.00,37374,37374.00,231329,231329.00,4504,4504.00,114,114.00
5776,1,228,228.00,103,103.00,368582,368582.00,452071,452071.00,5140,5140.00,1,1.00
5780,1,4,4.00,3,3.00,2675,2675.00,1329,1329.00,5641,5641.00,11,11.00
5781,1,8,8.00,5,5.00,3497,3497.00,8785,8785.00,0,0.00,11,11.00
5786,2,9,4.50,108,54.00,40797,20398.50,238511,119255.50,4548,2274.00,125,62.50
5788,1,9,9.00,7,7.00,3541,3541.00,8791,8791.00,0,0.00,11,11.00
5789,1,2,2.00,101,101.00,38003,38003.00,232556,232556.00,4614,4614.00,114,114.00
5800,1,3,3.00,103,103.00,37015,37015.00,230949,230949.00,4579,4579.00,114,114.00
5801,1,2,2.00,101,101.00,36915,36915.00,230507,230507.00,4574,4574.00,114,114.00
5813,2,7,3.50,105,52.50,40072,20036.00,242205,121102.50,4632,2316.00,125,62.50
5817,1,7,7.00,4,4.00,3497,3497.00,8838,8838.00,0,0.00,11,11.00
5818,1,9,9.00,108,108.00,41770,41770.00,234355,234355.00,4611,4611.00,121,121.00
5838,1,5,5.00,4,4.00,2635,2635.00,2271,2271.00,5742,5742.00,11,11.00
5841,1,5,5.00,4,4.00,3497,3497.00,8874,8874.00,0,0.00,11,11.00
5844,2,1003,501.50,17,8.50,333700,166850.00,207515,103757.50,10977,5488.50,11,5.50
5847,1,4,4.00,103,103.00,36559,36559.00,228286,228286.00,4645,4645.00,114,114.00
5848,1,7,7.00,5,5.00,3497,3497.00,8882,8882.00,0,0.00,11,11.00
5849,1,230,230.00,102,102.00,346699,346699.00,340681,340681.00,5125,5125.00,1,1.00
5851,1,6,6.00,5,5.00,3525,3525.00,8887,8887.00,0,0.00,11,11.00
5854,1,230,230.00,107,107.00,524934,524934.00,444568,444568.00,4930,4930.00,1,1.00
5856,1,7,7.00,5,5.00,3509,3509.00,8892,8892.00,0,0.00,11,11.00
5858,2,8,4.00,6,3.00,6994,3497.00,17800,8900.00,0,0.00,22,11.00
5863,1,6,6.00,5,5.00,3525,3525.00,8906,8906.00,0,0.00,11,11.00
5869,1,243,243.00,109,109.00,348051,348051.00,284375,284375.00,4879,4879.00,1,1.00
5882,1,4,4.00,3,3.00,3497,3497.00,8936,8936.00,0,0.00,11,11.00
5883,1,14,14.00,5,5.00,3562,3562.00,2376,2376.00,5779,5779.00,11,11.00
5891,1,265,265.00,123,123.00,552056,552056.00,795194,795194.00,2921,2921.00,1,1.00
5894,1,4,4.00,3,3.00,2945,2945.00,2270,2270.00,5796,5796.00,11,11.00
5895,1,5,5.00,4,4.00,3497,3497.00,8954,8954.00,0,0.00,11,11.00
5896,3,245,81.67,211,70.33,380502,126834.00,515778,171926.00,9616,3205.33,126,42.00
5908,1,236,236.00,104,104.00,349227,349227.00,340171,340171.00,4942,4942.00,1,1.00
5912,1,4,4.00,3,3.00,3497,3497.00,8982,8982.00,0,0.00,11,11.00
5914,1,5,5.00,6,6.00,3497,3497.00,8982,8982.00,0,0.00,11,11.00
5915,1,7,7.00,5,5.00,3513,3513.00,8984,8984.00,0,0.00,11,11.00
5921,1,6,6.00,4,4.00,3509,3509.00,8992,8992.00,0,0.00,11,11.00
5924,1,4,4.00,3,3.00,3497,3497.00,9000,9000.00,0,0.00,11,11.00
5927,1,2,2.00,101,101.00,36940,36940.00,232577,232577.00,4746,4746.00,114,114.00
5943,1,5,5.00,4,4.00,3497,3497.00,9027,9027.00,0,0.00,11,11.00
5947,1,244,244.00,114,114.00,639048,639048.00,816428,816428.00,3369,3369.00,1,1.00
5948,1,4,4.00,3,3.00,3497,3497.00,9016,9016.00,0,0.00,11,11.00
5949,1,4,4.00,3,3.00,2875,2875.00,2288,2288.00,5881,5881.00,11,11.00
5952,1,8,8.00,5,5.00,3508,3508.00,9036,9036.00,0,0.00,11,11.00
5957,1,2,2.00,101,101.00,37339,37339.00,234583,234583.00,4707,4707.00,114,114.00
5958,1,271,271.00,132,132.00,518665,518665.00,1231296,1231296.00,2277,2277.00,1,1.00
5961,1,5,5.00,4,4.00,2325,2325.00,9008,9008.00,80,80.00,11,11.00
5963,2,7,3.50,105,52.50,40793,20396.50,238906,119453.00,4782,2391.00,125,62.50
5976,1,3,3.00,102,102.00,38183,38183.00,243680,243680.00,4781,4781.00,132,132.00
5984,1,4,4.00,3,3.00,3497,3497.00,9090,9090.00,0,0.00,11,11.00
5985,1,5,5.00,4,4.00,3497,3497.00,9090,9090.00,0,0.00,11,11.00
5991,1,4,4.00,3,3.00,2875,2875.00,2301,2301.00,5923,5923.00,11,11.00
5996,1,4,4.00,3,3.00,3497,3497.00,9107,9107.00,0,0.00,11,11.00
6001,1,8,8.00,4,4.00,4134,4134.00,9122,9122.00,0,0.00,11,11.00
6003,1,4,4.00,4,4.00,2945,2945.00,2306,2306.00,5904,5904.00,11,11.00
6008,2,6,3.00,5,2.50,8545,4272.50,23827,11913.50,485,242.50,50,25.00
6011,1,237,237.00,113,113.00,373881,373881.00,418650,418650.00,5031,5031.00,1,1.00
6014,1,4,4.00,3,3.00,2587,2587.00,1368,1368.00,5908,5908.00,11,11.00
6026,1,4,4.00,3,3.00,3497,3497.00,9152,9152.00,0,0.00,11,11.00
6027,1,4,4.00,4,4.00,3497,3497.00,9152,9152.00,0,0.00,11,11.00
6032,3,12,4.00,9,3.00,10491,3497.00,27483,9161.00,0,0.00,33,11.00
6033,1,285,285.00,121,121.00,464029,464029.00,1372179,1372179.00,1578,1578.00,1,1.00
6038,1,2,2.00,101,101.00,36968,36968.00,231361,231361.00,4844,4844.00,116,116.00
6040,1,9,9.00,7,7.00,3497,3497.00,9170,9170.00,0,0.00,11,11.00
6044,1,4,4.00,3,3.00,3497,3497.00,9179,9179.00,0,0.00,11,11.00
6045,1,264,264.00,107,107.00,460590,460590.00,660502,660502.00,3626,3626.00,1,1.00
6050,2,10,5.00,7,3.50,6214,3107.00,10554,5277.00,5912,2956.00,22,11.00
6063,2,11,5.50,108,54.00,40474,20237.00,239128,119564.00,4901,2450.50,125,62.50
6065,1,2,2.00,101,101.00,37110,37110.00,233456,233456.00,4859,4859.00,116,116.00
6071,1,9,9.00,7,7.00,3616,3616.00,9207,9207.00,0,0.00,11,11.00
6075,1,6,6.00,4,4.00,3497,3497.00,9224,9224.00,0,0.00,11,11.00
6077,1,5,5.00,4,4.00,3508,3508.00,9224,9224.00,0,0.00,11,11.00
6109,1,8,8.00,5,5.00,2702,2702.00,1385,1385.00,5965,5965.00,11,11.00
6112,1,14,14.00,5,5.00,4410,4410.00,9336,9336.00,0,0.00,13,13.00
6132,1,1044,1044.00,12,12.00,366636,366636.00,247812,247812.00,0,0.00,0,0.00
6144,1,756,756.00,156,156.00,272316,272316.00,93732,93732.00,5832,5832.00,0,0.00
6149,1,2,2.00,101,101.00,37315,37315.00,231412,231412.00,4968,4968.00,114,114.00
6153,1,6,6.00,4,4.00,3497,3497.00,9342,9342.00,0,0.00,11,11.00
6156,1,0,0.00,12,12.00,528,528.00,0,0.00,5640,5640.00,12,12.00
6159,2,10,5.00,8,4.00,6994,3497.00,18702,9351.00,0,0.00,22,11.00
6165,3,282,94.00,140,46.67,457082,152360.67,763732,254577.33,3143,1047.67,23,7.67
6167,1,2,2.00,101,101.00,37091,37091.00,229847,229847.00,4940,4940.00,114,114.00
6176,2,8,4.00,6,3.00,6994,3497.00,18756,9378.00,0,0.00,22,11.00
6188,1,4,4.00,3,3.00,3497,3497.00,9397,9397.00,0,0.00,11,11.00
6189,1,7,7.00,4,4.00,3566,3566.00,9393,9393.00,0,0.00,11,11.00
6191,1,2,2.00,101,101.00,37144,37144.00,229061,229061.00,5012,5012.00,114,114.00
6201,1,4,4.00,4,4.00,3497,3497.00,9413,9413.00,0,0.00,11,11.00
6203,1,251,251.00,130,130.00,756286,756286.00,1082327,1082327.00,4278,4278.00,1,1.00
6207,2,12,6.00,8,4.00,6442,3221.00,11796,5898.00,6108,3054.00,22,11.00
6208,1,8,8.00,5,5.00,3497,3497.00,9423,9423.00,0,0.00,11,11.00
6212,1,4,4.00,3,3.00,2875,2875.00,2376,2376.00,6145,6145.00,11,11.00
6231,1,5,5.00,4,4.00,3497,3497.00,9459,9459.00,0,0.00,11,11.00
6236,3,12,4.00,9,3.00,10491,3497.00,28403,9467.67,0,0.00,33,11.00
6242,2,8,4.00,6,3.00,6372,3186.00,11862,5931.00,6175,3087.50,22,11.00
6243,2,8,4.00,7,3.50,8545,4272.50,24229,12114.50,695,347.50,50,25.00
6245,1,6,6.00,4,4.00,3509,3509.00,9477,9477.00,0,0.00,11,11.00
6252,1,5,5.00,4,4.00,2958,2958.00,2387,2387.00,6150,6150.00,11,11.00
6254,1,11,11.00,4,4.00,3003,3003.00,1447,1447.00,6092,6092.00,11,11.00
6263,1,290,290.00,119,119.00,402298,402298.00,590305,590305.00,4335,4335.00,1,1.00
6264,1,6,6.00,5,5.00,3508,3508.00,9504,9504.00,0,0.00,11,11.00
6269,1,2,2.00,101,101.00,37300,37300.00,230806,230806.00,5021,5021.00,114,114.00
6272,1,4,4.00,3,3.00,3497,3497.00,9522,9522.00,0,0.00,11,11.00
6276,2,1086,543.00,161,80.50,433061,216530.50,121734,60867.00,4728,2364.00,47,23.50
6285,1,83,83.00,57,57.00,72132,72132.00,109328,109328.00,4947,4947.00,1061,1061.00
6290,3,12,4.00,9,3.00,10491,3497.00,28646,9548.67,0,0.00,33,11.00
6298,1,8,8.00,6,6.00,2664,2664.00,2413,2413.00,6209,6209.00,11,11.00
6309,1,5,5.00,4,4.00,3497,3497.00,9575,9575.00,0,0.00,11,11.00
6314,1,4,4.00,3,3.00,3497,3497.00,9585,9585.00,0,0.00,11,11.00
6315,1,5,5.00,6,6.00,3497,3497.00,9584,9584.00,0,0.00,11,11.00
6322,1,275,275.00,136,136.00,480574,480574.00,902069,902069.00,2841,2841.00,1,1.00
6328,1,4,4.00,6,6.00,3497,3497.00,9603,9603.00,0,0.00,11,11.00
6332,1,7,7.00,6,6.00,3525,3525.00,9608,9608.00,0,0.00,11,11.00
6345,1,5,5.00,4,4.00,2830,2830.00,2419,2419.00,6272,6272.00,11,11.00
6353,1,6,6.00,5,5.00,2962,2962.00,2422,2422.00,6251,6251.00,11,11.00
6357,1,4,4.00,3,3.00,3497,3497.00,9648,9648.00,0,0.00,11,11.00
6364,1,5,5.00,4,4.00,3500,3500.00,9657,9657.00,0,0.00,11,11.00
6368,2,8,4.00,6,3.00,6994,3497.00,19332,9666.00,0,0.00,22,11.00
6380,1,6,6.00,4,4.00,2987,2987.00,2429,2429.00,6276,6276.00,11,11.00
6382,1,7,7.00,6,6.00,3536,3536.00,9680,9680.00,0,0.00,11,11.00
6396,1,10,10.00,6,6.00,3975,3975.00,9750,9750.00,0,0.00,16,16.00
6404,2,10,5.00,8,4.00,7037,3518.50,19431,9715.50,0,0.00,22,11.00
6409,1,8,8.00,5,5.00,3539,3539.00,9722,9722.00,0,0.00,11,11.00
6410,1,4,4.00,3,3.00,2325,2325.00,8640,8640.00,776,776.00,11,11.00
6420,1,1092,1092.00,12,12.00,377094,377094.00,184615,184615.00,1693,1693.00,0,0.00
6433,1,5,5.00,5,5.00,3532,3532.00,9756,9756.00,0,0.00,11,11.00
6437,1,6,6.00,5,5.00,2892,2892.00,2450,2450.00,6367,6367.00,11,11.00
6441,1,5,5.00,4,4.00,3497,3497.00,9774,9774.00,0,0.00,11,11.00
6446,2,8,4.00,6,3.00,5822,2911.00,11546,5773.00,5396,2698.00,22,11.00
6473,1,285,285.00,116,116.00,584007,584007.00,643795,643795.00,3895,3895.00,1,1.00
6476,1,4,4.00,3,3.00,3497,3497.00,9828,9828.00,0,0.00,11,11.00
6482,1,4,4.00,3,3.00,3497,3497.00,9837,9837.00,0,0.00,11,11.00
6483,1,5,5.00,4,4.00,3497,3497.00,9837,9837.00,0,0.00,11,11.00
6485,1,7,7.00,5,5.00,3513,3513.00,9840,9840.00,0,0.00,11,11.00
6504,1,2436,2436.00,372,372.00,446448,446448.00,86436,86436.00,6276,6276.00,0,0.00
6507,1,6,6.00,4,4.00,3497,3497.00,9873,9873.00,0,0.00,11,11.00
6512,2,8,4.00,6,3.00,6372,3186.00,12357,6178.50,6445,3222.50,22,11.00
6513,1,3250,3250.00,1627,1627.00,29240,29240.00,1624,1624.00,0,0.00,0,0.00
6514,1,6,6.00,5,5.00,3497,3497.00,9881,9881.00,0,0.00,11,11.00
6517,1,268,268.00,134,134.00,770624,770624.00,959554,959554.00,4485,4485.00,1,1.00
6521,1,5,5.00,4,4.00,3508,3508.00,9891,9891.00,0,0.00,11,11.00
6542,2,8,4.00,6,3.00,6119,3059.50,12433,6216.50,6451,3225.50,22,11.00
6543,1,5,5.00,4,4.00,2945,2945.00,2485,2485.00,6444,6444.00,11,11.00
6548,1,4,4.00,3,3.00,3497,3497.00,9935,9935.00,0,0.00,11,11.00
6549,2,11,5.50,9,4.50,6994,3497.00,19871,9935.50,0,0.00,22,11.00
6558,1,3,3.00,102,102.00,37143,37143.00,233148,233148.00,5399,5399.00,114,114.00
6572,2,8,4.00,6,3.00,6994,3497.00,19944,9972.00,0,0.00,22,11.00
6573,1,18,18.00,17,17.00,3497,3497.00,9962,9962.00,0,0.00,11,11.00
6584,2,8,4.00,6,3.00,6994,3497.00,19980,9990.00,0,0.00,22,11.00
6592,1,4,4.00,6,6.00,3499,3499.00,9998,9998.00,0,0.00,11,11.00
6595,1,6,6.00,5,5.00,3525,3525.00,10003,10003.00,0,0.00,11,11.00
6596,1,4,4.00,3,3.00,3497,3497.00,10008,10008.00,0,0.00,11,11.00
6598,1,290,290.00,123,123.00,601136,601136.00,671525,671525.00,4167,4167.00,1,1.00
6607,1,8,8.00,5,5.00,2681,2681.00,1468,1468.00,6474,6474.00,11,11.00
6616,1,6,6.00,5,5.00,3497,3497.00,10035,10035.00,0,0.00,11,11.00
6621,1,5,5.00,4,4.00,2875,2875.00,2512,2512.00,6553,6553.00,11,11.00
6630,1,8,8.00,6,6.00,3513,3513.00,10054,10054.00,0,0.00,11,11.00
6650,1,4,4.00,3,3.00,3497,3497.00,10089,10089.00,0,0.00,11,11.00
6669,1,5,5.00,4,4.00,3497,3497.00,10116,10116.00,0,0.00,11,11.00
6675,1,7,7.00,4,4.00,3497,3497.00,10125,10125.00,0,0.00,11,11.00
6682,1,7,7.00,5,5.00,3582,3582.00,10131,10131.00,0,0.00,11,11.00
6684,2,1309,654.50,556,278.00,1882885,941442.50,1012146,506073.00,6205,3102.50,1,0.50
6702,1,8,8.00,6,6.00,3513,3513.00,10163,10163.00,0,0.00,11,11.00
6708,2,1147,573.50,17,8.50,392466,196233.00,182716,91358.00,4032,2016.00,11,5.50
6710,1,4,4.00,3,3.00,3497,3497.00,10179,10179.00,0,0.00,11,11.00
6716,1,4,4.00,3,3.00,2945,2945.00,2544,2544.00,6618,6618.00,11,11.00
6717,1,4,4.00,5,5.00,3497,3497.00,10188,10188.00,0,0.00,11,11.00
6719,1,5,5.00,4,4.00,3508,3508.00,10188,10188.00,0,0.00,11,11.00
6723,1,5,5.00,4,4.00,2675,2675.00,1486,1486.00,6584,6584.00,11,11.00
6729,1,5,5.00,4,4.00,3497,3497.00,10206,10206.00,0,0.00,11,11.00
6732,1,72,72.00,72,72.00,106296,106296.00,18132,18132.00,6684,6684.00,12,12.00
6735,3,18,6.00,12,4.00,10506,3502.00,30637,10212.33,0,0.00,33,11.00
6736,1,5,5.00,6,6.00,3497,3497.00,10215,10215.00,0,0.00,11,11.00
6737,1,9,9.00,9,9.00,3497,3497.00,10214,10214.00,0,0.00,11,11.00
6747,1,5,5.00,4,4.00,3497,3497.00,10233,10233.00,0,0.00,11,11.00
6753,1,4,4.00,3,3.00,3497,3497.00,10241,10241.00,0,0.00,11,11.00
6754,1,283,283.00,118,118.00,693768,693768.00,777477,777477.00,4549,4549.00,1,1.00
6756,1,5,5.00,6,6.00,3103,3103.00,3639,3639.00,6662,6662.00,11,11.00
6758,1,5,5.00,4,4.00,3533,3533.00,10242,10242.00,0,0.00,11,11.00
6764,2,10,5.00,8,4.00,7016,3508.00,20510,10255.00,0,0.00,22,11.00
6774,1,7,7.00,5,5.00,2887,2887.00,2563,2563.00,6703,6703.00,11,11.00
6776,1,4,4.00,3,3.00,3497,3497.00,10277,10277.00,0,0.00,11,11.00
6782,1,4,4.00,3,3.00,3497,3497.00,10287,10287.00,0,0.00,11,11.00
6784,1,7,7.00,6,6.00,3497,3497.00,10286,10286.00,0,0.00,11,11.00
6789,1,5,5.00,4,4.00,3497,3497.00,10295,10295.00,0,0.00,11,11.00
6806,1,4,4.00,3,3.00,3497,3497.00,10323,10323.00,0,0.00,11,11.00
6815,1,5,5.00,4,4.00,3511,3511.00,10331,10331.00,0,0.00,11,11.00
6818,1,4,4.00,3,3.00,3497,3497.00,10340,10340.00,0,0.00,11,11.00
6823,1,9,9.00,5,5.00,3756,3756.00,10324,10324.00,0,0.00,16,16.00
6828,1,8,8.00,6,6.00,3513,3513.00,10351,10351.00,0,0.00,11,11.00
6837,1,5,5.00,4,4.00,3497,3497.00,10368,10368.00,0,0.00,11,11.00
6839,1,5,5.00,4,4.00,2886,2886.00,2583,2583.00,6769,6769.00,11,11.00
6854,1,4,4.00,3,3.00,3497,3497.00,10394,10394.00,0,0.00,11,11.00
6857,1,8,8.00,5,5.00,3542,3542.00,10389,10389.00,0,0.00,11,11.00
6866,1,4,4.00,3,3.00,3497,3497.00,10412,10412.00,0,0.00,11,11.00
6872,1,4,4.00,3,3.00,3497,3497.00,10422,10422.00,0,0.00,11,11.00
6894,1,24,24.00,11,11.00,3875,3875.00,3159,3159.00,6763,6763.00,11,11.00
6896,1,4,4.00,3,3.00,3497,3497.00,10458,10458.00,0,0.00,11,11.00
6902,1,4,4.00,3,3.00,2325,2325.00,1727,1727.00,5875,5875.00,11,11.00
6913,1,5,5.00,4,4.00,3521,3521.00,10479,10479.00,0,0.00,11,11.00
6922,1,8,8.00,8,8.00,3530,3530.00,10486,10486.00,0,0.00,11,11.00
6926,1,4,4.00,3,3.00,3497,3497.00,10503,10503.00,0,0.00,11,11.00
6927,2,11,5.50,8,4.00,6994,3497.00,21006,10503.00,0,0.00,22,11.00
6931,1,10,10.00,7,7.00,3631,3631.00,10496,10496.00,0,0.00,11,11.00
6932,1,4,4.00,3,3.00,3497,3497.00,10511,10511.00,0,0.00,11,11.00
6933,1,7,7.00,4,4.00,2875,2875.00,2616,2616.00,6865,6865.00,11,11.00
6945,2,9,4.50,9,4.50,6442,3221.00,13149,6574.50,6846,3423.00,22,11.00
6959,1,5,5.00,4,4.00,3508,3508.00,10547,10547.00,0,0.00,11,11.00
6977,1,2,2.00,101,101.00,37200,37200.00,234469,234469.00,5727,5727.00,114,114.00
6980,2,8,4.00,6,3.00,6994,3497.00,21167,10583.50,0,0.00,22,11.00
6981,1,6,6.00,5,5.00,3497,3497.00,10584,10584.00,0,0.00,11,11.00
6996,1,1188,1188.00,12,12.00,420672,420672.00,327696,327696.00,0,0.00,0,0.00
7004,1,4,4.00,3,3.00,3497,3497.00,10620,10620.00,0,0.00,11,11.00
7007,1,5,5.00,4,4.00,3508,3508.00,10619,10619.00,0,0.00,11,11.00
7016,1,4,4.00,3,3.00,2876,2876.00,2644,2644.00,6944,6944.00,11,11.00
7035,1,6,6.00,5,5.00,3497,3497.00,10664,10664.00,0,0.00,11,11.00
7041,1,65,65.00,53,53.00,70821,70821.00,107949,107949.00,5740,5740.00,1066,1066.00
7046,1,6,6.00,6,6.00,2910,2910.00,2651,2651.00,6973,6973.00,11,11.00
7053,1,7,7.00,6,6.00,3497,3497.00,10692,10692.00,0,0.00,11,11.00
7055,1,6,6.00,5,5.00,3514,3514.00,10692,10692.00,0,0.00,11,11.00
7059,1,5,5.00,4,4.00,3497,3497.00,10701,10701.00,0,0.00,11,11.00
7061,1,6,6.00,4,4.00,3509,3509.00,10702,10702.00,0,0.00,11,11.00
7065,1,6,6.00,5,5.00,3518,3518.00,10701,10701.00,0,0.00,11,11.00
7076,2,8,4.00,6,3.00,6372,3186.00,13391,6695.50,7009,3504.50,22,11.00
7088,2,8,4.00,6,3.00,6994,3497.00,21491,10745.50,0,0.00,22,11.00
7089,1,7,7.00,4,4.00,3497,3497.00,10746,10746.00,0,0.00,11,11.00
7090,1,6,6.00,5,5.00,3497,3497.00,10746,10746.00,0,0.00,11,11.00
7106,1,4,4.00,3,3.00,3497,3497.00,10772,10772.00,0,0.00,11,11.00
7107,1,305,305.00,144,144.00,641810,641810.00,1228841,1228841.00,3291,3291.00,1,1.00
7108,1,5,5.00,6,6.00,3497,3497.00,10772,10772.00,0,0.00,11,11.00
7116,1,7,7.00,4,4.00,2972,2972.00,2678,2678.00,7014,7014.00,11,11.00
7119,1,4,4.00,3,3.00,3497,3497.00,10791,10791.00,0,0.00,11,11.00
7136,1,4,4.00,3,3.00,3497,3497.00,10817,10817.00,0,0.00,11,11.00
7137,1,812,812.00,614,614.00,195584,195584.00,360773,360773.00,6777,6777.00,5,5.00
7149,1,5,5.00,4,4.00,3497,3497.00,10836,10836.00,0,0.00,11,11.00
7154,1,4,4.00,3,3.00,3497,3497.00,10845,10845.00,0,0.00,11,11.00
7157,2,11,5.50,10,5.00,7013,3506.50,21689,10844.50,0,0.00,22,11.00
7158,1,329,329.00,143,143.00,596901,596901.00,1054946,1054946.00,3479,3479.00,1,1.00
7160,1,5,5.00,4,4.00,3533,3533.00,10845,10845.00,0,0.00,11,11.00
7161,1,5,5.00,4,4.00,3497,3497.00,10854,10854.00,0,0.00,11,11.00
7162,1,7,7.00,7,7.00,3497,3497.00,10854,10854.00,0,0.00,11,11.00
7163,1,6,6.00,5,5.00,3514,3514.00,10854,10854.00,0,0.00,11,11.00
7173,1,8,8.00,6,6.00,3519,3519.00,10862,10862.00,0,0.00,11,11.00
7181,1,8,8.00,5,5.00,2381,2381.00,7203,7203.00,2516,2516.00,11,11.00
7196,1,4,4.00,3,3.00,3497,3497.00,10907,10907.00,0,0.00,11,11.00
7209,1,4,4.00,3,3.00,3497,3497.00,10926,10926.00,0,0.00,11,11.00
7214,1,4,4.00,3,3.00,2875,2875.00,2710,2710.00,7147,7147.00,11,11.00
7220,1,4,4.00,3,3.00,2899,2899.00,2711,2711.00,7148,7148.00,11,11.00
7226,1,4,4.00,3,3.00,3497,3497.00,10952,10952.00,0,0.00,11,11.00
7230,1,6,6.00,4,4.00,2965,2965.00,2711,2711.00,7153,7153.00,11,11.00
7244,1,5,5.00,4,4.00,3533,3533.00,10971,10971.00,0,0.00,11,11.00
7245,1,5,5.00,4,4.00,3497,3497.00,10980,10980.00,0,0.00,11,11.00
7257,1,7,7.00,4,4.00,3497,3497.00,10998,10998.00,0,0.00,11,11.00
7274,3,12,4.00,9,3.00,10491,3497.00,33075,11025.00,0,0.00,33,11.00
7286,1,9,9.00,9,9.00,3540,3540.00,11034,11034.00,0,0.00,11,11.00
7322,1,4,4.00,3,3.00,2325,2325.00,6345,6345.00,3218,3218.00,11,11.00
7325,1,70,70.00,46,46.00,83135,83135.00,135229,135229.00,5829,5829.00,1253,1253.00
7340,1,2,2.00,2,2.00,5202,5202.00,19264,19264.00,387,387.00,41,41.00
7357,1,60,60.00,43,43.00,77520,77520.00,131699,131699.00,5916,5916.00,1253,1253.00
7385,1,65,65.00,46,46.00,78866,78866.00,132404,132404.00,5925,5925.00,1253,1253.00
7390,1,69,69.00,51,51.00,80814,80814.00,133172,133172.00,5881,5881.00,1253,1253.00
7407,1,331,331.00,129,129.00,489184,489184.00,871527,871527.00,5094,5094.00,1,1.00
7431,1,7,7.00,4,4.00,3497,3497.00,11259,11259.00,0,0.00,11,11.00
7449,2,13,6.50,8,4.00,6994,3497.00,22571,11285.50,0,0.00,22,11.00
7454,1,322,322.00,177,177.00,472853,472853.00,1117384,1117384.00,4604,4604.00,1,1.00
7472,2,8,4.00,6,3.00,5822,2911.00,22292,11146.00,284,142.00,22,11.00
7490,1,4,4.00,3,3.00,2325,2325.00,7199,7199.00,2816,2816.00,11,11.00
7499,1,308,308.00,144,144.00,912019,912019.00,1420625,1420625.00,5003,5003.00,1,1.00
7527,1,5,5.00,4,4.00,3497,3497.00,11403,11403.00,0,0.00,11,11.00
7536,1,302,302.00,164,164.00,705559,705559.00,1046785,1046785.00,5576,5576.00,1,1.00
7556,1,4,4.00,3,3.00,3497,3497.00,11447,11447.00,0,0.00,11,11.00
7571,1,313,313.00,156,156.00,794046,794046.00,1200248,1200248.00,5475,5475.00,1,1.00
7575,1,342,342.00,130,130.00,501162,501162.00,882034,882034.00,4583,4583.00,1,1.00
7596,1,342,342.00,133,133.00,525369,525369.00,890261,890261.00,4724,4724.00,1,1.00
7646,1,333,333.00,133,133.00,484331,484331.00,713065,713065.00,4969,4969.00,1,1.00
7648,1,305,305.00,186,186.00,613225,613225.00,1266608,1266608.00,5344,5344.00,1,1.00
7653,1,344,344.00,139,139.00,522765,522765.00,1054503,1054503.00,4639,4639.00,1,1.00
7665,1,4,4.00,4,4.00,3497,3497.00,11610,11610.00,0,0.00,11,11.00
7682,1,331,331.00,188,188.00,531237,531237.00,1036451,1036451.00,4766,4766.00,1,1.00
7701,1,7,7.00,4,4.00,2325,2325.00,11421,11421.00,212,212.00,11,11.00
7706,1,338,338.00,134,134.00,508085,508085.00,936978,936978.00,4513,4513.00,1,1.00
7720,1,346,346.00,136,136.00,511313,511313.00,900345,900345.00,4686,4686.00,1,1.00
7752,1,350,350.00,142,142.00,518794,518794.00,969405,969405.00,4521,4521.00,1,1.00
7772,1,349,349.00,158,158.00,551705,551705.00,1088332,1088332.00,4242,4242.00,1,1.00
7821,1,352,352.00,131,131.00,670034,670034.00,1269239,1269239.00,3705,3705.00,1,1.00
7846,1,62,62.00,46,46.00,78426,78426.00,130611,130611.00,6384,6384.00,1253,1253.00
7852,1,353,353.00,139,139.00,579315,579315.00,1156559,1156559.00,4882,4882.00,1,1.00
7876,1,6,6.00,5,5.00,3497,3497.00,11925,11925.00,0,0.00,11,11.00
7881,1,347,347.00,139,139.00,527740,527740.00,1153320,1153320.00,4638,4638.00,1,1.00
7887,1,5,5.00,4,4.00,2325,2325.00,11052,11052.00,644,644.00,11,11.00
7897,1,354,354.00,139,139.00,507034,507034.00,996341,996341.00,4807,4807.00,1,1.00
7917,1,347,347.00,144,144.00,520943,520943.00,1233498,1233498.00,4325,4325.00,1,1.00
7925,1,353,353.00,143,143.00,517252,517252.00,1056342,1056342.00,4751,4751.00,1,1.00
7945,1,356,356.00,139,139.00,544133,544133.00,1022035,1022035.00,4798,4798.00,1,1.00
7979,1,352,352.00,149,149.00,703298,703298.00,1430938,1430938.00,4088,4088.00,1,1.00
7993,1,353,353.00,143,143.00,533913,533913.00,968163,968163.00,5228,5228.00,1,1.00
8017,2,706,353.00,274,137.00,1059318,529659.00,2146817,1073408.50,9436,4718.00,2,1.00
8022,1,355,355.00,139,139.00,578618,578618.00,1095595,1095595.00,4509,4509.00,1,1.00
8045,1,5,5.00,4,4.00,3508,3508.00,12177,12177.00,0,0.00,11,11.00
8046,1,359,359.00,139,139.00,534997,534997.00,1052760,1052760.00,4863,4863.00,1,1.00
8056,1,363,363.00,141,141.00,618178,618178.00,1352291,1352291.00,4424,4424.00,1,1.00
8057,1,379,379.00,159,159.00,675567,675567.00,1461015,1461015.00,4021,4021.00,1,1.00
8061,1,367,367.00,166,166.00,685530,685530.00,1437196,1437196.00,4011,4011.00,1,1.00
8079,1,361,361.00,142,142.00,535472,535472.00,1104873,1104873.00,5004,5004.00,1,1.00
8080,1,356,356.00,144,144.00,588660,588660.00,1078089,1078089.00,4781,4781.00,1,1.00
8085,1,352,352.00,141,141.00,506828,506828.00,823449,823449.00,5036,5036.00,1,1.00
8096,1,351,351.00,140,140.00,555108,555108.00,1160103,1160103.00,4904,4904.00,1,1.00
8121,2,4548,2274.00,0,0.00,614886,307443.00,504600,252300.00,15924,7962.00,432,216.00
8138,1,358,358.00,137,137.00,554048,554048.00,1039573,1039573.00,4630,4630.00,1,1.00
8185,1,351,351.00,135,135.00,791896,791896.00,959011,959011.00,5791,5791.00,1,1.00
8194,1,1538,1538.00,516,516.00,168673,168673.00,2247665,2247665.00,6406,6406.00,0,0.00
8197,1,1540,1540.00,516,516.00,168540,168540.00,1514620,1514620.00,6534,6534.00,0,0.00
8212,1,338,338.00,151,151.00,625419,625419.00,1254088,1254088.00,5206,5206.00,1,1.00
8213,1,1539,1539.00,517,517.00,167369,167369.00,1844247,1844247.00,7702,7702.00,0,0.00
8221,1,1543,1543.00,520,520.00,168441,168441.00,1154157,1154157.00,6640,6640.00,0,0.00
8222,1,1542,1542.00,517,517.00,168952,168952.00,2427903,2427903.00,6128,6128.00,0,0.00
8225,1,366,366.00,141,141.00,551930,551930.00,1104870,1104870.00,4736,4736.00,1,1.00
8228,1,368,368.00,146,146.00,568970,568970.00,1057279,1057279.00,5208,5208.00,1,1.00
8230,1,366,366.00,148,148.00,573775,573775.00,1304310,1304310.00,4571,4571.00,1,1.00
8232,1,8,8.00,6,6.00,2341,2341.00,6734,6734.00,3866,3866.00,11,11.00
8239,1,1550,1550.00,522,522.00,170061,170061.00,2450381,2450381.00,5056,5056.00,0,0.00
8262,1,365,365.00,139,139.00,572790,572790.00,992838,992838.00,4910,4910.00,1,1.00
8272,1,1555,1555.00,523,523.00,167459,167459.00,1652662,1652662.00,7629,7629.00,0,0.00
8292,1,365,365.00,140,140.00,562940,562940.00,1106475,1106475.00,4495,4495.00,1,1.00
8330,1,393,393.00,157,157.00,563808,563808.00,1436150,1436150.00,4840,4840.00,1,1.00
8339,1,370,370.00,138,138.00,542211,542211.00,979539,979539.00,4549,4549.00,1,1.00
8391,1,5,5.00,6,6.00,2325,2325.00,6876,6876.00,3932,3932.00,11,11.00
8440,1,376,376.00,150,150.00,590484,590484.00,1284325,1284325.00,4570,4570.00,1,1.00
8487,1,378,378.00,147,147.00,558804,558804.00,1501017,1501017.00,4793,4793.00,1,1.00
8490,1,376,376.00,142,142.00,567374,567374.00,1034951,1034951.00,4969,4969.00,1,1.00
8558,1,392,392.00,159,159.00,577839,577839.00,1549667,1549667.00,4422,4422.00,1,1.00
8607,1,375,375.00,143,143.00,740030,740030.00,1057855,1057855.00,5174,5174.00,1,1.00
8644,1,391,391.00,151,151.00,642844,642844.00,1585251,1585251.00,4386,4386.00,1,1.00
8659,1,381,381.00,143,143.00,579984,579984.00,1229851,1229851.00,5004,5004.00,1,1.00
8660,1,4,4.00,3,3.00,2325,2325.00,12032,12032.00,764,764.00,11,11.00
8666,1,376,376.00,149,149.00,618443,618443.00,1408387,1408387.00,4794,4794.00,1,1.00
8683,1,386,386.00,157,157.00,568806,568806.00,1429752,1429752.00,4597,4597.00,1,1.00
8746,1,4,4.00,103,103.00,36928,36928.00,237077,237077.00,7560,7560.00,114,114.00
8803,1,397,397.00,159,159.00,589549,589549.00,1413178,1413178.00,4782,4782.00,1,1.00
8804,1,4,4.00,3,3.00,2325,2325.00,13094,13094.00,200,200.00,11,11.00
9018,1,404,404.00,161,161.00,595739,595739.00,1277855,1277855.00,5547,5547.00,1,1.00
9038,1,4,4.00,3,3.00,3497,3497.00,13671,13671.00,0,0.00,11,11.00
9056,1,397,397.00,149,149.00,686317,686317.00,1418491,1418491.00,5543,5543.00,1,1.00
9070,1,403,403.00,160,160.00,612250,612250.00,1570154,1570154.00,5418,5418.00,1,1.00
9089,1,407,407.00,165,165.00,740264,740264.00,1858473,1858473.00,4821,4821.00,1,1.00
9117,1,403,403.00,171,171.00,610016,610016.00,1480740,1480740.00,5209,5209.00,1,1.00
9121,1,402,402.00,151,151.00,595624,595624.00,1117665,1117665.00,5493,5493.00,1,1.00
9191,1,1640,1640.00,676,676.00,415600,415600.00,111728,111728.00,8424,8424.00,0,0.00
9380,1,494,494.00,86,86.00,508827,508827.00,591218,591218.00,4446,4446.00,1,1.00
9507,1,5,5.00,4,4.00,2325,2325.00,13680,13680.00,512,512.00,11,11.00
9852,1,1260,1260.00,12,12.00,351504,351504.00,399024,399024.00,8928,8928.00,0,0.00
9892,1,6,6.00,5,5.00,2325,2325.00,8955,8955.00,4046,4046.00,11,11.00
9913,1,415,415.00,165,165.00,942477,942477.00,1293268,1293268.00,7110,7110.00,1,1.00
10046,1,4,4.00,3,3.00,2325,2325.00,8198,8198.00,4706,4706.00,11,11.00
10440,1,5221,5221.00,2611,2611.00,46988,46988.00,2610,2610.00,0,0.00,0,0.00
10454,1,16,16.00,8,8.00,2456,2456.00,15320,15320.00,356,356.00,11,11.00
10743,1,5,5.00,4,4.00,2325,2325.00,16226,16226.00,32,32.00,11,11.00
10828,1,3032,3032.00,0,0.00,409924,409924.00,336400,336400.00,10616,10616.00,288,288.00
10848,1,6,6.00,6,6.00,2337,2337.00,15472,15472.00,656,656.00,11,11.00
10862,1,4,4.00,3,3.00,2325,2325.00,15929,15929.00,368,368.00,11,11.00
11134,1,7,7.00,6,6.00,2372,2372.00,15876,15876.00,668,668.00,11,11.00
11202,1,7,7.00,6,6.00,2336,2336.00,9260,9260.00,5150,5150.00,11,11.00
11247,1,5622,5622.00,2809,2809.00,50552,50552.00,2808,2808.00,0,0.00,0,0.00
11612,1,5,5.00,4,4.00,2361,2361.00,17361,17361.00,158,158.00,11,11.00
11778,1,5,5.00,5,5.00,2336,2336.00,9576,9576.00,5516,5516.00,11,11.00
11808,1,1092,1092.00,336,336.00,60000,60000.00,3756,3756.00,11100,11100.00,0,0.00
11832,1,5963,5963.00,3008,3008.00,53607,53607.00,2955,2955.00,0,0.00,0,0.00
11847,1,4,4.00,3,3.00,2325,2325.00,9234,9234.00,5816,5816.00,11,11.00
11914,1,6,6.00,5,5.00,2325,2325.00,17856,17856.00,134,134.00,11,11.00
12066,1,464,464.00,282,282.00,810083,810083.00,2927560,2927560.00,9880,9880.00,1,1.00
12262,1,6221,6221.00,3158,3158.00,55922,55922.00,3063,3063.00,0,0.00,0,0.00
12272,1,4,4.00,3,3.00,2376,2376.00,8216,8216.00,6921,6921.00,11,11.00
12320,1,4,4.00,3,3.00,2325,2325.00,18504,18504.00,110,110.00,11,11.00
12341,1,6213,6213.00,3130,3130.00,55862,55862.00,3083,3083.00,0,0.00,0,0.00
12572,1,6,6.00,6,6.00,2360,2360.00,18495,18495.00,362,362.00,11,11.00
12683,1,473,473.00,210,210.00,1203143,1203143.00,2716204,2716204.00,12050,12050.00,1,1.00
12800,1,4,4.00,3,3.00,2325,2325.00,18629,18629.00,506,506.00,11,11.00
13203,1,4,4.00,102,102.00,65779,65779.00,1851519,1851519.00,10303,10303.00,952,952.00
13228,1,10,10.00,105,105.00,66528,66528.00,1913678,1913678.00,10266,10266.00,954,954.00
13263,1,5,5.00,4,4.00,2325,2325.00,18900,18900.00,788,788.00,11,11.00
13523,1,517,517.00,279,279.00,1194519,1194519.00,3209083,3209083.00,11535,11535.00,1,1.00
13592,1,533,533.00,235,235.00,1248651,1248651.00,3050361,3050361.00,11208,11208.00,1,1.00
13667,1,509,509.00,212,212.00,995337,995337.00,2403491,2403491.00,13005,13005.00,1,1.00
13712,1,3,3.00,102,102.00,67637,67637.00,2019341,2019341.00,10738,10738.00,1004,1004.00
13739,1,107,107.00,155,155.00,54597,54597.00,503661,503661.00,12334,12334.00,212,212.00
13745,1,2,2.00,101,101.00,67721,67721.00,2059556,2059556.00,10737,10737.00,1014,1014.00
13820,1,4,4.00,3,3.00,2325,2325.00,20574,20574.00,230,230.00,11,11.00
13826,1,4,4.00,3,3.00,2325,2325.00,20673,20673.00,170,170.00,11,11.00
13836,1,548,548.00,310,310.00,1534157,1534157.00,4138981,4138981.00,10843,10843.00,1,1.00
13922,1,9,9.00,9,9.00,2411,2411.00,11045,11045.00,6674,6674.00,11,11.00
14052,1,5,5.00,102,102.00,69083,69083.00,2121095,2121095.00,10979,10979.00,1038,1038.00
14089,1,515,515.00,220,220.00,875749,875749.00,1249413,1249413.00,12424,12424.00,1,1.00
14110,1,532,532.00,350,350.00,727795,727795.00,1818859,1818859.00,11937,11937.00,1,1.00
14122,1,107,107.00,154,154.00,54156,54156.00,500105,500105.00,12570,12570.00,212,212.00
14124,1,527,527.00,243,243.00,1319711,1319711.00,2482612,2482612.00,13127,13127.00,1,1.00
14131,1,10,10.00,102,102.00,70357,70357.00,2130366,2130366.00,11022,11022.00,1050,1050.00
14140,1,534,534.00,223,223.00,952316,952316.00,2712967,2712967.00,12978,12978.00,1,1.00
14234,1,2,2.00,2,2.00,2150,2150.00,19057,19057.00,14152,14152.00,13,13.00
14252,1,542,542.00,338,338.00,1313436,1313436.00,3588877,3588877.00,12447,12447.00,1,1.00
14261,1,2,2.00,101,101.00,70043,70043.00,2322353,2322353.00,11140,11140.00,1072,1072.00
14322,1,3,3.00,102,102.00,69650,69650.00,2341811,2341811.00,11202,11202.00,1078,1078.00
14385,1,112,112.00,156,156.00,53716,53716.00,500642,500642.00,12716,12716.00,212,212.00
14393,1,6,6.00,102,102.00,69987,69987.00,2322958,2322958.00,11211,11211.00,1084,1084.00
14401,1,544,544.00,229,229.00,993567,993567.00,1575216,1575216.00,13256,13256.00,1,1.00
14465,1,2,2.00,101,101.00,70129,70129.00,2296336,2296336.00,11305,11305.00,1082,1082.00
14506,1,551,551.00,346,346.00,1307929,1307929.00,4184047,4184047.00,12384,12384.00,1,1.00
14510,1,103,103.00,152,152.00,53698,53698.00,498249,498249.00,12936,12936.00,212,212.00
14723,1,102,102.00,151,151.00,53642,53642.00,499992,499992.00,13158,13158.00,212,212.00
14743,1,106,106.00,153,153.00,54143,54143.00,502150,502150.00,13244,13244.00,212,212.00
14753,1,2,2.00,101,101.00,71840,71840.00,2493824,2493824.00,11539,11539.00,1122,1122.00
14777,1,2,2.00,101,101.00,71904,71904.00,2460505,2460505.00,11500,11500.00,1130,1130.00
14792,1,113,113.00,159,159.00,53735,53735.00,498009,498009.00,13014,13014.00,212,212.00
14910,1,103,103.00,152,152.00,54616,54616.00,500652,500652.00,13459,13459.00,212,212.00
14925,1,4,4.00,102,102.00,72049,72049.00,2554153,2554153.00,11707,11707.00,1132,1132.00
15029,1,2,2.00,101,101.00,72607,72607.00,2632646,2632646.00,11766,11766.00,1156,1156.00
15046,1,105,105.00,154,154.00,53737,53737.00,500665,500665.00,13269,13269.00,212,212.00
15095,1,102,102.00,151,151.00,54386,54386.00,499763,499763.00,13415,13415.00,212,212.00
15100,1,564,564.00,237,237.00,826170,826170.00,1336206,1336206.00,14731,14731.00,1,1.00
15123,1,110,110.00,159,159.00,54196,54196.00,501795,501795.00,13546,13546.00,212,212.00
15125,1,102,102.00,151,151.00,53708,53708.00,497864,497864.00,13491,13491.00,212,212.00
15198,1,105,105.00,152,152.00,53840,53840.00,499260,499260.00,13517,13517.00,212,212.00
15284,1,6,6.00,103,103.00,74301,74301.00,2709344,2709344.00,11940,11940.00,1186,1186.00
15294,1,582,582.00,348,348.00,1442230,1442230.00,5136497,5136497.00,13411,13411.00,1,1.00
15331,1,111,111.00,155,155.00,53938,53938.00,496989,496989.00,13481,13481.00,212,212.00
15346,1,581,581.00,240,240.00,960666,960666.00,2239534,2239534.00,14492,14492.00,1,1.00
15366,1,3,3.00,102,102.00,74151,74151.00,2719410,2719410.00,11981,11981.00,1194,1194.00
15395,1,579,579.00,229,229.00,969482,969482.00,3244174,3244174.00,14574,14574.00,1,1.00
15506,1,592,592.00,262,262.00,1107430,1107430.00,3869399,3869399.00,14456,14456.00,1,1.00
15526,1,108,108.00,155,155.00,53950,53950.00,501132,501132.00,13892,13892.00,212,212.00
15572,1,4,4.00,102,102.00,74889,74889.00,2935334,2935334.00,12174,12174.00,1216,1216.00
15586,1,9,9.00,102,102.00,74894,74894.00,3078170,3078170.00,12197,12197.00,1218,1218.00
15635,1,106,106.00,153,153.00,54928,54928.00,501282,501282.00,13966,13966.00,212,212.00
15834,1,4,4.00,102,102.00,73401,73401.00,2624262,2624262.00,12489,12489.00,1174,1174.00
15896,1,7,7.00,105,105.00,76524,76524.00,2971579,2971579.00,12420,12420.00,1252,1252.00
15898,1,104,104.00,153,153.00,54741,54741.00,501199,501199.00,14204,14204.00,212,212.00
15938,1,103,103.00,151,151.00,55367,55367.00,497429,497429.00,13718,13718.00,212,212.00
15942,1,103,103.00,152,152.00,55631,55631.00,501308,501308.00,14192,14192.00,212,212.00
15950,1,103,103.00,152,152.00,55837,55837.00,500658,500658.00,14129,14129.00,212,212.00
15960,2,108,54.00,257,128.50,130123,65061.50,3493450,1746725.00,26720,13360.00,1462,731.00
15965,1,102,102.00,151,151.00,55215,55215.00,500281,500281.00,13965,13965.00,212,212.00
15977,1,8,8.00,106,106.00,76040,76040.00,3003650,3003650.00,12438,12438.00,1254,1254.00
15983,1,102,102.00,151,151.00,55224,55224.00,501431,501431.00,14234,14234.00,212,212.00
15987,1,22,22.00,121,121.00,76482,76482.00,2948500,2948500.00,12505,12505.00,1260,1260.00
15993,1,113,113.00,152,152.00,54899,54899.00,501012,501012.00,14119,14119.00,212,212.00
16007,1,102,102.00,151,151.00,54622,54622.00,501668,501668.00,14352,14352.00,212,212.00
16127,1,102,102.00,151,151.00,54752,54752.00,500399,500399.00,14459,14459.00,212,212.00
16152,1,3,3.00,102,102.00,76617,76617.00,3244886,3244886.00,12632,12632.00,1278,1278.00
16181,1,102,102.00,151,151.00,53448,53448.00,500261,500261.00,14365,14365.00,212,212.00
16199,1,2,2.00,101,101.00,77294,77294.00,3140139,3140139.00,12635,12635.00,1284,1284.00
16217,1,102,102.00,151,151.00,54577,54577.00,500905,500905.00,14399,14399.00,212,212.00
16218,1,104,104.00,153,153.00,54975,54975.00,500761,500761.00,14537,14537.00,212,212.00
16223,1,102,102.00,151,151.00,54355,54355.00,500220,500220.00,14420,14420.00,212,212.00
16265,1,102,102.00,151,151.00,55148,55148.00,502083,502083.00,14493,14493.00,212,212.00
16326,1,103,103.00,152,152.00,54983,54983.00,500145,500145.00,14545,14545.00,212,212.00
16344,1,102,102.00,152,152.00,54645,54645.00,501842,501842.00,14617,14617.00,212,212.00
16361,1,102,102.00,151,151.00,54289,54289.00,501053,501053.00,14589,14589.00,212,212.00
16375,1,3,3.00,103,103.00,77422,77422.00,3166980,3166980.00,12777,12777.00,1300,1300.00
16421,1,2,2.00,101,101.00,78106,78106.00,3292182,3292182.00,12815,12815.00,1310,1310.00
16475,1,102,102.00,151,151.00,54228,54228.00,500556,500556.00,14818,14818.00,212,212.00
16478,1,3,3.00,102,102.00,78424,78424.00,3449720,3449720.00,12868,12868.00,1318,1318.00
16511,1,102,102.00,151,151.00,54128,54128.00,502007,502007.00,14739,14739.00,212,212.00
16523,2,204,102.00,302,151.00,108974,54487.00,1003479,501739.50,29387,14693.50,424,212.00
16571,1,2,2.00,101,101.00,78110,78110.00,3310207,3310207.00,12985,12985.00,1328,1328.00
16596,1,6,6.00,102,102.00,72946,72946.00,2573884,2573884.00,13200,13200.00,1154,1154.00
16679,2,204,102.00,302,151.00,109579,54789.50,1002090,501045.00,29630,14815.00,424,212.00
16700,1,103,103.00,152,152.00,53800,53800.00,500720,500720.00,14873,14873.00,212,212.00
16722,1,12,12.00,9,9.00,2432,2432.00,16769,16769.00,5654,5654.00,11,11.00
16782,1,103,103.00,152,152.00,54435,54435.00,501055,501055.00,15032,15032.00,212,212.00
16843,1,106,106.00,154,154.00,54561,54561.00,501325,501325.00,15040,15040.00,212,212.00
16931,1,102,102.00,151,151.00,54720,54720.00,501764,501764.00,15136,15136.00,212,212.00
16952,1,3,3.00,101,101.00,79743,79743.00,3566859,3566859.00,13247,13247.00,1366,1366.00
17027,1,102,102.00,151,151.00,54922,54922.00,501944,501944.00,15232,15232.00,212,212.00
17064,1,103,103.00,152,152.00,54315,54315.00,500798,500798.00,15343,15343.00,212,212.00
17133,1,643,643.00,272,272.00,1139179,1139179.00,3219453,3219453.00,16242,16242.00,1,1.00
17144,1,3,3.00,101,101.00,80553,80553.00,3763113,3763113.00,13379,13379.00,1394,1394.00
17147,1,8665,8665.00,4381,4381.00,77880,77880.00,4284,4284.00,0,0.00,0,0.00
17273,1,2,2.00,101,101.00,80905,80905.00,3740208,3740208.00,13461,13461.00,1408,1408.00
17279,1,2,2.00,101,101.00,82109,82109.00,3537538,3537538.00,13391,13391.00,1396,1396.00
17298,1,4,4.00,103,103.00,81579,81579.00,3622050,3622050.00,13509,13509.00,1404,1404.00
17396,1,662,662.00,266,266.00,1387804,1387804.00,3987085,3987085.00,16567,16567.00,1,1.00
17456,1,5,5.00,103,103.00,81757,81757.00,3820561,3820561.00,13653,13653.00,1426,1426.00
17474,1,662,662.00,275,275.00,1245923,1245923.00,3293645,3293645.00,16374,16374.00,1,1.00
17543,2,4,2.00,202,101.00,157188,78594.00,6627377,3313688.50,27918,13959.00,2632,1316.00
17666,1,5,5.00,102,102.00,81930,81930.00,3804078,3804078.00,13857,13857.00,1432,1432.00
17693,1,4,4.00,101,101.00,82801,82801.00,3942866,3942866.00,13760,13760.00,1454,1454.00
17766,1,2,2.00,102,102.00,82753,82753.00,3985294,3985294.00,13845,13845.00,1462,1462.00
17852,1,676,676.00,281,281.00,1003063,1003063.00,1898301,1898301.00,16753,16753.00,1,1.00
17878,1,6731,6731.00,927,927.00,1214570,1214570.00,414228,414228.00,676,676.00,0,0.00
17890,1,7,7.00,104,104.00,80031,80031.00,3620056,3620056.00,14181,14181.00,1384,1384.00
17993,1,689,689.00,286,286.00,1294905,1294905.00,3310928,3310928.00,16838,16838.00,1,1.00
18191,1,2,2.00,101,101.00,85645,85645.00,4200027,4200027.00,14133,14133.00,1510,1510.00
18221,1,2,2.00,101,101.00,84669,84669.00,4479142,4479142.00,14192,14192.00,1512,1512.00
18259,1,693,693.00,285,285.00,1066345,1066345.00,2101935,2101935.00,17425,17425.00,1,1.00
18503,1,104,104.00,153,153.00,53606,53606.00,504605,504605.00,16920,16920.00,212,212.00
18513,1,688,688.00,278,278.00,1213755,1213755.00,3011936,3011936.00,17978,17978.00,1,1.00
18548,1,723,723.00,281,281.00,1386952,1386952.00,3938102,3938102.00,15394,15394.00,1,1.00
18568,1,697,697.00,286,286.00,1010710,1010710.00,2042340,2042340.00,17553,17553.00,1,1.00
18588,1,103,103.00,152,152.00,53901,53901.00,500027,500027.00,16769,16769.00,212,212.00
18628,1,697,697.00,275,275.00,1057057,1057057.00,2099558,2099558.00,18098,18098.00,1,1.00
18631,1,732,732.00,287,287.00,1792046,1792046.00,4021070,4021070.00,15559,15559.00,1,1.00
18648,1,2,2.00,102,102.00,85581,85581.00,4423896,4423896.00,14588,14588.00,1556,1556.00
18734,1,694,694.00,305,305.00,1131354,1131354.00,2220958,2220958.00,17892,17892.00,1,1.00
18826,1,701,701.00,303,303.00,1516998,1516998.00,3868641,3868641.00,17939,17939.00,1,1.00
18850,1,710,710.00,293,293.00,1293155,1293155.00,3162528,3162528.00,18120,18120.00,1,1.00
18859,1,2,2.00,102,102.00,86987,86987.00,4599426,4599426.00,14777,14777.00,1572,1572.00
19004,1,715,715.00,290,290.00,1084575,1084575.00,2053739,2053739.00,18550,18550.00,1,1.00
19010,1,711,711.00,300,300.00,1209732,1209732.00,2600792,2600792.00,18116,18116.00,1,1.00
19097,1,2,2.00,101,101.00,87195,87195.00,4611233,4611233.00,14939,14939.00,1592,1592.00
19215,1,731,731.00,292,292.00,1070146,1070146.00,2101122,2101122.00,18273,18273.00,1,1.00
19225,1,719,719.00,305,305.00,1305868,1305868.00,6823236,6823236.00,18330,18330.00,1,1.00
19318,1,711,711.00,339,339.00,1922990,1922990.00,6596395,6596395.00,18734,18734.00,1,1.00
19383,1,726,726.00,339,339.00,1593188,1593188.00,5215329,5215329.00,18576,18576.00,1,1.00
19407,1,8,8.00,103,103.00,89126,89126.00,4918468,4918468.00,15179,15179.00,1638,1638.00
19420,2,7183,3591.50,2503,1251.50,1518316,759158.00,4055930,2027965.00,37735,18867.50,1,0.50
19458,1,733,733.00,321,321.00,1353579,1353579.00,3504292,3504292.00,18298,18298.00,1,1.00
19493,1,2,2.00,101,101.00,81030,81030.00,3805853,3805853.00,15719,15719.00,1402,1402.00
19555,1,724,724.00,334,334.00,1994535,1994535.00,5898438,5898438.00,18601,18601.00,1,1.00
19566,1,750,750.00,310,310.00,1090221,1090221.00,2146185,2146185.00,18534,18534.00,1,1.00
19601,1,747,747.00,303,303.00,1493689,1493689.00,4739118,4739118.00,18718,18718.00,1,1.00
19635,1,770,770.00,329,329.00,1181927,1181927.00,2502811,2502811.00,17151,17151.00,1,1.00
19655,1,2,2.00,101,101.00,89743,89743.00,5283950,5283950.00,15345,15345.00,1670,1670.00
19701,2,1486,743.00,616,308.00,2562505,1281252.50,8036086,4018043.00,37343,18671.50,2,1.00
19715,1,724,724.00,301,301.00,1116549,1116549.00,2358021,2358021.00,19427,19427.00,1,1.00
19752,1,743,743.00,313,313.00,1123887,1123887.00,2211294,2211294.00,18668,18668.00,1,1.00
19800,1,729,729.00,349,349.00,1626774,1626774.00,6589290,6589290.00,18939,18939.00,1,1.00
19806,2,1478,739.00,680,340.00,2746445,1373222.50,8270308,4135154.00,37618,18809.00,2,1.00
19840,1,732,732.00,339,339.00,1268844,1268844.00,5227058,5227058.00,18999,18999.00,1,1.00
19874,1,729,729.00,313,313.00,1641736,1641736.00,4432047,4432047.00,19475,19475.00,1,1.00
19968,1,755,755.00,308,308.00,1276258,1276258.00,4617542,4617542.00,18776,18776.00,1,1.00
19983,1,757,757.00,318,318.00,1146800,1146800.00,2525740,2525740.00,19515,19515.00,1,1.00
20044,1,741,741.00,304,304.00,1122120,1122120.00,2285715,2285715.00,19763,19763.00,1,1.00
20048,1,746,746.00,315,315.00,1146430,1146430.00,2329015,2329015.00,19475,19475.00,1,1.00
20080,1,742,742.00,337,337.00,1610763,1610763.00,4746795,4746795.00,19475,19475.00,1,1.00
20212,1,759,759.00,297,297.00,1656471,1656471.00,4315953,4315953.00,19108,19108.00,1,1.00
20217,1,768,768.00,311,311.00,1437190,1437190.00,3930850,3930850.00,19129,19129.00,1,1.00
20240,1,757,757.00,311,311.00,1296292,1296292.00,3907063,3907063.00,19709,19709.00,1,1.00
20244,1,1027,1027.00,147,147.00,1223595,1223595.00,2469124,2469124.00,12664,12664.00,1,1.00
20252,1,759,759.00,314,314.00,1141721,1141721.00,2388017,2388017.00,19619,19619.00,1,1.00
20373,1,6,6.00,103,103.00,92419,92419.00,5723232,5723232.00,15939,15939.00,1744,1744.00
20393,2,1525,762.50,636,318.00,2340054,1170027.00,5000591,2500295.50,39387,19693.50,2,1.00
20461,1,764,764.00,352,352.00,1330461,1330461.00,4136820,4136820.00,19264,19264.00,1,1.00
20512,1,758,758.00,307,307.00,1218678,1218678.00,3277201,3277201.00,20094,20094.00,1,1.00
20565,1,776,776.00,310,310.00,1565455,1565455.00,3999887,3999887.00,19357,19357.00,1,1.00
20576,1,767,767.00,349,349.00,1315937,1315937.00,4320778,4320778.00,19621,19621.00,1,1.00
20585,1,2,2.00,101,101.00,93707,93707.00,5702714,5702714.00,16074,16074.00,1774,1774.00
20591,1,768,768.00,304,304.00,1155545,1155545.00,2319089,2319089.00,20281,20281.00,6,6.00
20618,1,750,750.00,349,349.00,1409813,1409813.00,4206004,4206004.00,20180,20180.00,1,1.00
20648,1,806,806.00,321,321.00,1379465,1379465.00,4241814,4241814.00,17771,17771.00,1,1.00
20689,1,767,767.00,311,311.00,1433636,1433636.00,3284413,3284413.00,19853,19853.00,1,1.00
20735,1,778,778.00,324,324.00,1338496,1338496.00,4368442,4368442.00,19717,19717.00,1,1.00
20751,1,776,776.00,321,321.00,1177635,1177635.00,2586114,2586114.00,19523,19523.00,1,1.00
20823,1,783,783.00,323,323.00,1198880,1198880.00,2580224,2580224.00,20225,20225.00,1,1.00
20903,1,811,811.00,350,350.00,1569712,1569712.00,4710724,4710724.00,18350,18350.00,1,1.00
20993,1,1073,1073.00,166,166.00,1251869,1251869.00,2916812,2916812.00,12982,12982.00,1,1.00
20995,1,805,805.00,340,340.00,1383106,1383106.00,3885161,3885161.00,17963,17963.00,1,1.00
21000,1,786,786.00,330,330.00,1227466,1227466.00,3109337,3109337.00,20110,20110.00,1,1.00
21129,1,790,790.00,334,334.00,1498563,1498563.00,3853660,3853660.00,20379,20379.00,1,1.00
21200,1,15,15.00,102,102.00,95112,95112.00,6182913,6182913.00,16356,16356.00,1819,1819.00
21214,1,799,799.00,346,346.00,1244892,1244892.00,2694796,2694796.00,20173,20173.00,1,1.00
21259,1,103,103.00,153,153.00,54486,54486.00,502490,502490.00,19705,19705.00,212,212.00
21358,1,1072,1072.00,159,159.00,1276469,1276469.00,3180542,3180542.00,13420,13420.00,1,1.00
21376,1,822,822.00,379,379.00,1564320,1564320.00,4412718,4412718.00,19063,19063.00,1,1.00
21408,1,800,800.00,344,344.00,1722622,1722622.00,5042526,5042526.00,20782,20782.00,1,1.00
21414,1,797,797.00,325,325.00,1258046,1258046.00,2829693,2829693.00,20762,20762.00,1,1.00
21446,1,795,795.00,344,344.00,1219048,1219048.00,2732889,2732889.00,20882,20882.00,1,1.00
21458,1,836,836.00,338,338.00,1947611,1947611.00,6253268,6253268.00,18869,18869.00,1,1.00
21481,1,811,811.00,337,337.00,1203817,1203817.00,2594971,2594971.00,20921,20921.00,1,1.00
21482,1,793,793.00,343,343.00,1341932,1341932.00,3803495,3803495.00,20878,20878.00,1,1.00
21500,1,806,806.00,329,329.00,1257905,1257905.00,2740773,2740773.00,20601,20601.00,1,1.00
21522,1,798,798.00,341,341.00,1609934,1609934.00,4425104,4425104.00,21000,21000.00,1,1.00
21528,1,797,797.00,345,345.00,1175843,1175843.00,2652242,2652242.00,20903,20903.00,1,1.00
21588,1,798,798.00,327,327.00,1225984,1225984.00,2773322,2773322.00,20920,20920.00,1,1.00
21597,1,805,805.00,343,343.00,1332395,1332395.00,3621564,3621564.00,20422,20422.00,1,1.00
21604,1,800,800.00,343,343.00,1238143,1238143.00,2768806,2768806.00,21003,21003.00,1,1.00
21606,1,816,816.00,334,334.00,1762994,1762994.00,5175616,5175616.00,20463,20463.00,1,1.00
21609,1,1065,1065.00,146,146.00,1279006,1279006.00,2829734,2829734.00,13068,13068.00,1,1.00
21611,1,845,845.00,344,344.00,1407303,1407303.00,4012710,4012710.00,19023,19023.00,1,1.00
21648,1,1788,1788.00,324,324.00,914616,914616.00,277764,277764.00,15804,15804.00,36,36.00
21669,1,811,811.00,349,349.00,1232922,1232922.00,2798635,2798635.00,21170,21170.00,1,1.00
21703,1,804,804.00,350,350.00,1231353,1231353.00,2834894,2834894.00,21227,21227.00,1,1.00
21710,1,829,829.00,337,337.00,1319844,1319844.00,3009399,3009399.00,20617,20617.00,1,1.00
21730,1,861,861.00,351,351.00,1297598,1297598.00,3300434,3300434.00,18522,18522.00,1,1.00
21736,1,808,808.00,342,342.00,1219964,1219964.00,2699291,2699291.00,21405,21405.00,1,1.00
21737,1,814,814.00,347,347.00,1556137,1556137.00,4623748,4623748.00,20472,20472.00,1,1.00
21771,1,814,814.00,328,328.00,1190212,1190212.00,2515498,2515498.00,21315,21315.00,1,1.00
21786,2,1663,831.50,682,341.00,2814684,1407342.00,6744879,3372439.50,40406,20203.00,2,1.00
21793,1,810,810.00,344,344.00,1268903,1268903.00,2831635,2831635.00,21230,21230.00,1,1.00
21794,1,2,2.00,2,2.00,2165,2165.00,50554,50554.00,156,156.00,13,13.00
21799,1,817,817.00,347,347.00,1287499,1287499.00,2800720,2800720.00,21294,21294.00,1,1.00
21804,1,848,848.00,370,370.00,1311574,1311574.00,3293290,3293290.00,18591,18591.00,4,4.00
21824,1,822,822.00,336,336.00,1631343,1631343.00,5771360,5771360.00,20853,20853.00,1,1.00
21859,1,804,804.00,343,343.00,1397893,1397893.00,4095372,4095372.00,21246,21246.00,1,1.00
21864,1,827,827.00,352,352.00,1285370,1285370.00,2901886,2901886.00,20775,20775.00,1,1.00
21890,1,805,805.00,351,351.00,1246816,1246816.00,2615240,2615240.00,21268,21268.00,14,14.00
21891,1,813,813.00,346,346.00,1227567,1227567.00,2705082,2705082.00,21298,21298.00,2,2.00
21895,1,824,824.00,335,335.00,1260495,1260495.00,2792620,2792620.00,20846,20846.00,1,1.00
21897,1,816,816.00,340,340.00,1248965,1248965.00,2796575,2796575.00,21440,21440.00,1,1.00
21907,1,834,834.00,339,339.00,1270742,1270742.00,2842752,2842752.00,20765,20765.00,6,6.00
21911,1,808,808.00,341,341.00,1266700,1266700.00,2659525,2659525.00,21433,21433.00,1,1.00
21925,1,827,827.00,348,348.00,1418763,1418763.00,4481218,4481218.00,20811,20811.00,1,1.00
21929,1,825,825.00,341,341.00,1285644,1285644.00,2883989,2883989.00,20830,20830.00,1,1.00
21939,1,814,814.00,349,349.00,1264376,1264376.00,2920990,2920990.00,21321,21321.00,1,1.00
21963,1,6,6.00,103,103.00,98421,98421.00,6720705,6720705.00,17112,17112.00,1926,1926.00
21968,1,824,824.00,335,335.00,1254901,1254901.00,2813947,2813947.00,21455,21455.00,1,1.00
21995,1,821,821.00,360,360.00,1181765,1181765.00,2586283,2586283.00,21334,21334.00,1,1.00
22014,1,819,819.00,348,348.00,1242139,1242139.00,2704907,2704907.00,21364,21364.00,1,1.00
22022,2,1639,819.50,703,351.50,2472242,1236121.00,5330609,2665304.50,42595,21297.50,2,1.00
22023,1,818,818.00,351,351.00,1250969,1250969.00,2727488,2727488.00,21477,21477.00,1,1.00
22031,1,825,825.00,347,347.00,1315810,1315810.00,3018774,3018774.00,21344,21344.00,1,1.00
22055,1,820,820.00,348,348.00,1412144,1412144.00,4774568,4774568.00,21420,21420.00,1,1.00
22056,1,815,815.00,345,345.00,1262368,1262368.00,2890915,2890915.00,21585,21585.00,1,1.00
22068,1,5,5.00,102,102.00,98534,98534.00,6873377,6873377.00,17260,17260.00,1922,1922.00
22076,1,821,821.00,351,351.00,1212372,1212372.00,2666554,2666554.00,21569,21569.00,1,1.00
22096,1,827,827.00,359,359.00,1254941,1254941.00,2792170,2792170.00,21686,21686.00,1,1.00
22098,1,822,822.00,353,353.00,1263956,1263956.00,2729237,2729237.00,21391,21391.00,1,1.00
22114,1,841,841.00,342,342.00,1249715,1249715.00,2778580,2778580.00,20976,20976.00,1,1.00
22126,1,824,824.00,359,359.00,1206066,1206066.00,2666014,2666014.00,21245,21245.00,1,1.00
22129,1,829,829.00,355,355.00,1250214,1250214.00,2761813,2761813.00,21444,21444.00,1,1.00
22144,1,825,825.00,347,347.00,1321755,1321755.00,2816072,2816072.00,21508,21508.00,1,1.00
22145,1,823,823.00,350,350.00,1358379,1358379.00,3148673,3148673.00,21555,21555.00,1,1.00
22148,1,826,826.00,353,353.00,1221130,1221130.00,2713161,2713161.00,21509,21509.00,1,1.00
22151,1,819,819.00,346,346.00,1884808,1884808.00,6198327,6198327.00,21360,21360.00,1,1.00
22154,1,830,830.00,356,356.00,1240576,1240576.00,2761633,2761633.00,21362,21362.00,1,1.00
22183,2,1650,825.00,714,357.00,2484891,1242445.50,5589404,2794702.00,42849,21424.50,2,1.00
22198,1,834,834.00,355,355.00,1216360,1216360.00,2688740,2688740.00,21432,21432.00,1,1.00
22207,2,1645,822.50,709,354.50,2534111,1267055.50,5672864,2836432.00,43067,21533.50,2,1.00
22210,2,1673,836.50,676,338.00,2559539,1279769.50,5725091,2862545.50,42731,21365.50,2,1.00
22215,1,17,17.00,9,9.00,77449,77449.00,5113710,5113710.00,11109,11109.00,2,2.00
22223,1,832,832.00,347,347.00,1409733,1409733.00,4025646,4025646.00,21057,21057.00,1,1.00
22231,1,827,827.00,357,357.00,1259957,1259957.00,3034055,3034055.00,21426,21426.00,1,1.00
22232,1,828,828.00,358,358.00,1233524,1233524.00,2799443,2799443.00,21441,21441.00,1,1.00
22242,1,831,831.00,343,343.00,1273632,1273632.00,2910552,2910552.00,21473,21473.00,1,1.00
22243,1,150,150.00,95,95.00,229680,229680.00,800623,800623.00,17758,17758.00,4037,4037.00
22260,1,830,830.00,349,349.00,1264562,1264562.00,2842053,2842053.00,21487,21487.00,1,1.00
22264,1,840,840.00,352,352.00,1472000,1472000.00,4408414,4408414.00,21636,21636.00,1,1.00
22272,1,833,833.00,354,354.00,1531343,1531343.00,4808490,4808490.00,21686,21686.00,1,1.00
22279,2,1658,829.00,714,357.00,2560251,1280125.50,5809223,2904611.50,43342,21671.00,2,1.00
22281,1,833,833.00,359,359.00,1301839,1301839.00,2981286,2981286.00,21628,21628.00,1,1.00
22282,2,1661,830.50,708,354.00,2573150,1286575.00,5927940,2963970.00,43171,21585.50,2,1.00
22292,1,833,833.00,359,359.00,1220821,1220821.00,2672582,2672582.00,21634,21634.00,1,1.00
22298,1,832,832.00,352,352.00,1315280,1315280.00,3048249,3048249.00,21449,21449.00,1,1.00
22303,1,830,830.00,357,357.00,1247989,1247989.00,2745420,2745420.00,21776,21776.00,1,1.00
22314,2,1679,839.50,711,355.50,2534650,1267325.00,5603506,2801753.00,42607,21303.50,2,1.00
22328,1,834,834.00,358,358.00,1264163,1264163.00,2823338,2823338.00,21589,21589.00,1,1.00
22329,1,1100,1100.00,154,154.00,1313531,1313531.00,2859796,2859796.00,13899,13899.00,1,1.00
22334,1,826,826.00,352,352.00,1279543,1279543.00,2963543,2963543.00,21825,21825.00,1,1.00
22351,1,832,832.00,357,357.00,1286520,1286520.00,3111327,3111327.00,21909,21909.00,1,1.00
22361,1,843,843.00,363,363.00,1272318,1272318.00,2977091,2977091.00,21668,21668.00,1,1.00
22376,1,834,834.00,358,358.00,1264640,1264640.00,2932930,2932930.00,21734,21734.00,1,1.00
22377,1,835,835.00,366,366.00,1252715,1252715.00,2844370,2844370.00,21586,21586.00,1,1.00
22382,1,834,834.00,357,357.00,1245703,1245703.00,2832562,2832562.00,21891,21891.00,1,1.00
22386,1,830,830.00,355,355.00,1243339,1243339.00,2671586,2671586.00,21635,21635.00,1,1.00
22398,1,840,840.00,362,362.00,1264993,1264993.00,2919217,2919217.00,21603,21603.00,1,1.00
22405,1,836,836.00,365,365.00,1245170,1245170.00,2733676,2733676.00,21723,21723.00,1,1.00
22414,1,838,838.00,367,367.00,1224940,1224940.00,2754494,2754494.00,21650,21650.00,1,1.00
22423,1,835,835.00,357,357.00,1281352,1281352.00,2976312,2976312.00,21783,21783.00,1,1.00
22431,1,838,838.00,363,363.00,1321620,1321620.00,3083263,3083263.00,21593,21593.00,1,1.00
22432,1,839,839.00,366,366.00,1280245,1280245.00,2883799,2883799.00,21650,21650.00,1,1.00
22436,1,841,841.00,363,363.00,1298643,1298643.00,3089050,3089050.00,21721,21721.00,1,1.00
22449,1,838,838.00,367,367.00,1268919,1268919.00,2821906,2821906.00,21485,21485.00,1,1.00
22451,1,2626,2626.00,469,469.00,311700,311700.00,83796,83796.00,6318,6318.00,366,366.00
22454,1,841,841.00,367,367.00,1249850,1249850.00,2733559,2733559.00,21857,21857.00,1,1.00
22456,1,839,839.00,366,366.00,1277374,1277374.00,2969237,2969237.00,21571,21571.00,1,1.00
22457,1,837,837.00,358,358.00,1251432,1251432.00,2759301,2759301.00,21717,21717.00,1,1.00
22458,1,895,895.00,358,358.00,1387587,1387587.00,3528247,3528247.00,19510,19510.00,1,1.00
22476,1,839,839.00,361,361.00,1272381,1272381.00,3014322,3014322.00,21558,21558.00,1,1.00
22477,3,2523,841.00,1095,365.00,3793665,1264555.00,8545873,2848624.33,65044,21681.33,3,1.00
22478,1,839,839.00,365,365.00,1286696,1286696.00,2920964,2920964.00,21595,21595.00,1,1.00
22479,1,881,881.00,367,367.00,1500574,1500574.00,5750622,5750622.00,19649,19649.00,1,1.00
22482,2,1676,838.00,730,365.00,2557038,1278519.00,5767765,2883882.50,43497,21748.50,2,1.00
22490,1,836,836.00,336,336.00,1293936,1293936.00,2891743,2891743.00,21912,21912.00,1,1.00
22497,1,839,839.00,359,359.00,1242528,1242528.00,2772454,2772454.00,21733,21733.00,1,1.00
22499,1,841,841.00,360,360.00,1295112,1295112.00,2937993,2937993.00,21507,21507.00,1,1.00
22504,1,844,844.00,358,358.00,1305832,1305832.00,3037548,3037548.00,21796,21796.00,1,1.00
22507,1,839,839.00,366,366.00,1240544,1240544.00,2798271,2798271.00,21769,21769.00,1,1.00
22513,1,840,840.00,370,370.00,1260620,1260620.00,2878415,2878415.00,21628,21628.00,1,1.00
22518,1,845,845.00,344,344.00,1280601,1280601.00,3111389,3111389.00,21308,21308.00,1,1.00
22526,1,843,843.00,361,361.00,1272495,1272495.00,2784584,2784584.00,21789,21789.00,1,1.00
22536,1,848,848.00,362,362.00,1252992,1252992.00,2892098,2892098.00,22016,22016.00,1,1.00
22551,1,841,841.00,358,358.00,1713969,1713969.00,6139145,6139145.00,21916,21916.00,1,1.00
22552,1,843,843.00,367,367.00,1245884,1245884.00,2817691,2817691.00,21717,21717.00,1,1.00
22555,1,842,842.00,366,366.00,1335395,1335395.00,2849687,2849687.00,21720,21720.00,1,1.00
22556,1,843,843.00,365,365.00,1255228,1255228.00,2784841,2784841.00,21774,21774.00,1,1.00
22557,1,843,843.00,367,367.00,1255644,1255644.00,2771798,2771798.00,21728,21728.00,1,1.00
22558,1,842,842.00,355,355.00,1290591,1290591.00,3002859,3002859.00,22000,22000.00,1,1.00
22576,1,843,843.00,357,357.00,1405337,1405337.00,4818648,4818648.00,21566,21566.00,1,1.00
22578,1,837,837.00,355,355.00,1290089,1290089.00,2851057,2851057.00,21637,21637.00,1,1.00
22580,1,840,840.00,363,363.00,1318307,1318307.00,3069832,3069832.00,21688,21688.00,1,1.00
22585,1,837,837.00,360,360.00,1275813,1275813.00,2733830,2733830.00,21988,21988.00,1,1.00
22590,1,863,863.00,376,376.00,2004400,2004400.00,7090685,7090685.00,19940,19940.00,1,1.00
22596,1,892,892.00,372,372.00,1329748,1329748.00,3320148,3320148.00,19523,19523.00,1,1.00
22598,1,842,842.00,365,365.00,1224175,1224175.00,2758108,2758108.00,21787,21787.00,1,1.00
22600,1,848,848.00,362,362.00,1993760,1993760.00,5715421,5715421.00,21594,21594.00,1,1.00
22602,4,3368,842.00,1448,362.00,5194663,1298665.75,12300692,3075173.00,87053,21763.25,4,1.00
22603,1,847,847.00,361,361.00,1294209,1294209.00,2877938,2877938.00,21943,21943.00,1,1.00
22614,1,845,845.00,365,365.00,1275645,1275645.00,2802627,2802627.00,21764,21764.00,1,1.00
22624,1,846,846.00,367,367.00,1302117,1302117.00,2928987,2928987.00,21515,21515.00,1,1.00
22625,1,847,847.00,368,368.00,1284279,1284279.00,2776596,2776596.00,21513,21513.00,1,1.00
22626,2,1688,844.00,730,365.00,2537916,1268958.00,5674330,2837165.00,44056,22028.00,2,1.00
22634,1,3,3.00,102,102.00,101455,101455.00,7007151,7007151.00,17662,17662.00,2000,2000.00
22647,1,1134,1134.00,166,166.00,1319618,1319618.00,3445003,3445003.00,14324,14324.00,3,3.00
22651,1,846,846.00,366,366.00,1263423,1263423.00,2763951,2763951.00,21861,21861.00,1,1.00
22652,1,843,843.00,363,363.00,1304641,1304641.00,2891168,2891168.00,21778,21778.00,1,1.00
22657,2,1692,846.00,730,365.00,2549287,1274643.50,5776938,2888469.00,43608,21804.00,2,1.00
22658,1,848,848.00,366,366.00,1238988,1238988.00,2753681,2753681.00,21789,21789.00,1,1.00
22663,1,848,848.00,365,365.00,1264457,1264457.00,2822985,2822985.00,21806,21806.00,1,1.00
22674,1,846,846.00,365,365.00,1327881,1327881.00,2836747,2836747.00,21971,21971.00,1,1.00
22681,1,847,847.00,365,365.00,1246758,1246758.00,2822317,2822317.00,21830,21830.00,1,1.00
22684,1,851,851.00,367,367.00,1260780,1260780.00,2863375,2863375.00,21972,21972.00,1,1.00
22693,1,850,850.00,359,359.00,1238404,1238404.00,2758032,2758032.00,21632,21632.00,6,6.00
22694,1,850,850.00,361,361.00,1254388,1254388.00,2763166,2763166.00,21916,21916.00,1,1.00
22700,1,849,849.00,365,365.00,1284866,1284866.00,2859958,2859958.00,21843,21843.00,1,1.00
22702,1,847,847.00,363,363.00,1309588,1309588.00,3073601,3073601.00,21986,21986.00,1,1.00
22708,1,850,850.00,362,362.00,1247285,1247285.00,2792959,2792959.00,22030,22030.00,1,1.00
22729,3,2550,850.00,1097,365.67,3873022,1291007.33,8790423,2930141.00,65388,21796.00,3,1.00
22730,1,860,860.00,374,374.00,1333957,1333957.00,2927879,2927879.00,21867,21867.00,1,1.00
22746,1,849,849.00,365,365.00,1280736,1280736.00,2946114,2946114.00,21905,21905.00,1,1.00
22747,1,850,850.00,368,368.00,1270233,1270233.00,2850885,2850885.00,22039,22039.00,1,1.00
22770,1,850,850.00,365,365.00,1260225,1260225.00,2850616,2850616.00,22107,22107.00,1,1.00
22771,1,854,854.00,368,368.00,1262634,1262634.00,2861224,2861224.00,22140,22140.00,1,1.00
22777,1,851,851.00,365,365.00,1259747,1259747.00,2827289,2827289.00,21980,21980.00,1,1.00
22781,1,857,857.00,358,358.00,1805832,1805832.00,4826851,4826851.00,21734,21734.00,1,1.00
22790,1,861,861.00,358,358.00,1297293,1297293.00,3087461,3087461.00,21853,21853.00,1,1.00
22797,1,848,848.00,362,362.00,1278752,1278752.00,2974590,2974590.00,22071,22071.00,1,1.00
22805,2,1711,855.50,716,358.00,2634749,1317374.50,6378682,3189341.00,43726,21863.00,2,1.00
22809,1,849,849.00,345,345.00,1283879,1283879.00,2889550,2889550.00,22181,22181.00,1,1.00
22813,1,856,856.00,357,357.00,1322433,1322433.00,3089164,3089164.00,21822,21822.00,1,1.00
22816,1,858,858.00,378,378.00,1267613,1267613.00,2967452,2967452.00,22076,22076.00,1,1.00
22819,1,863,863.00,376,376.00,1274928,1274928.00,2951731,2951731.00,21801,21801.00,1,1.00
22831,1,6,6.00,6,6.00,61710,61710.00,10103848,10103848.00,17258,17258.00,2531,2531.00
22838,1,883,883.00,342,342.00,1442277,1442277.00,3444283,3444283.00,19926,19926.00,1,1.00
22842,1,853,853.00,358,358.00,1437124,1437124.00,4634777,4634777.00,22042,22042.00,1,1.00
22845,1,859,859.00,372,372.00,1245798,1245798.00,2826755,2826755.00,21939,21939.00,1,1.00
22857,1,893,893.00,392,392.00,1363099,1363099.00,3830262,3830262.00,20119,20119.00,1,1.00
22885,1,1122,1122.00,153,153.00,1350890,1350890.00,3255086,3255086.00,13768,13768.00,1,1.00
22911,1,865,865.00,368,368.00,1331938,1331938.00,3140045,3140045.00,22038,22038.00,1,1.00
22928,1,863,863.00,374,374.00,1269275,1269275.00,2920314,2920314.00,22226,22226.00,1,1.00
22937,1,865,865.00,378,378.00,1351078,1351078.00,3196992,3196992.00,21969,21969.00,1,1.00
22940,1,878,878.00,384,384.00,1598858,1598858.00,10126383,10126383.00,20356,20356.00,1,1.00
22942,1,864,864.00,375,375.00,1309137,1309137.00,3017527,3017527.00,21996,21996.00,1,1.00
22947,2,1716,858.00,738,369.00,2581439,1290719.50,5817645,2908822.50,43957,21978.50,2,1.00
22949,1,863,863.00,370,370.00,1628886,1628886.00,4802743,4802743.00,21931,21931.00,1,1.00
22953,1,880,880.00,391,391.00,1400035,1400035.00,3454248,3454248.00,20211,20211.00,1,1.00
22978,1,860,860.00,372,372.00,1349027,1349027.00,3085836,3085836.00,21993,21993.00,1,1.00
22993,1,1162,1162.00,170,170.00,1402041,1402041.00,3372887,3372887.00,12051,12051.00,1,1.00
22999,1,902,902.00,357,357.00,1370359,1370359.00,3592559,3592559.00,19610,19610.00,1,1.00
23001,1,860,860.00,371,371.00,1313172,1313172.00,3153547,3153547.00,21977,21977.00,1,1.00
23006,1,859,859.00,371,371.00,1317370,1317370.00,3108467,3108467.00,21905,21905.00,1,1.00
23009,1,137,137.00,107,107.00,230248,230248.00,798995,798995.00,18514,18514.00,4037,4037.00
23019,1,890,890.00,400,400.00,1347939,1347939.00,3473474,3473474.00,20388,20388.00,1,1.00
23022,1,863,863.00,369,369.00,1278785,1278785.00,2909605,2909605.00,22282,22282.00,1,1.00
23024,1,861,861.00,367,367.00,1270548,1270548.00,2794521,2794521.00,22117,22117.00,1,1.00
23028,1,862,862.00,373,373.00,1288571,1288571.00,2986669,2986669.00,22254,22254.00,1,1.00
23032,1,24,24.00,118,118.00,103764,103764.00,7317128,7317128.00,17932,17932.00,2042,2042.00
23043,1,865,865.00,374,374.00,1298152,1298152.00,3003842,3003842.00,22022,22022.00,1,1.00
23052,2,1726,863.00,746,373.00,2547018,1273509.00,5896603,2948301.50,44372,22186.00,2,1.00
23057,1,865,865.00,375,375.00,1310613,1310613.00,2943449,2943449.00,21946,21946.00,1,1.00
23069,1,868,868.00,370,370.00,1304460,1304460.00,2963376,2963376.00,21954,21954.00,1,1.00
23070,1,869,869.00,371,371.00,1302753,1302753.00,3018571,3018571.00,22318,22318.00,1,1.00
23076,1,864,864.00,373,373.00,1304374,1304374.00,2897466,2897466.00,21904,21904.00,1,1.00
23079,2,1730,865.00,746,373.00,2626906,1313453.00,6118343,3059171.50,43953,21976.50,2,1.00
23092,1,868,868.00,377,377.00,1292322,1292322.00,2981048,2981048.00,21923,21923.00,1,1.00
23098,1,867,867.00,369,369.00,1314077,1314077.00,3007380,3007380.00,22096,22096.00,1,1.00
23100,1,865,865.00,373,373.00,1321352,1321352.00,3190618,3190618.00,21832,21832.00,1,1.00
23124,1,866,866.00,373,373.00,1327141,1327141.00,2911109,2911109.00,22113,22113.00,1,1.00
23129,2,1741,870.50,736,368.00,2660615,1330307.50,6181682,3090841.00,43998,21999.00,2,1.00
23136,1,871,871.00,376,376.00,1264161,1264161.00,2892244,2892244.00,22285,22285.00,1,1.00
23147,1,869,869.00,368,368.00,1328107,1328107.00,3023080,3023080.00,22224,22224.00,1,1.00
23148,1,867,867.00,373,373.00,1272347,1272347.00,2850105,2850105.00,22530,22530.00,1,1.00
23165,1,1140,1140.00,160,160.00,1359042,1359042.00,3478618,3478618.00,14050,14050.00,1,1.00
23166,1,903,903.00,369,369.00,1524700,1524700.00,4671069,4671069.00,20419,20419.00,1,1.00
23172,1,868,868.00,373,373.00,1279622,1279622.00,2904550,2904550.00,22168,22168.00,1,1.00
23201,1,911,911.00,361,361.00,1788531,1788531.00,5010142,5010142.00,20369,20369.00,1,1.00
23250,1,202,202.00,202,202.00,72583,72583.00,897821,897821.00,21050,21050.00,310,310.00
23291,1,911,911.00,369,369.00,1552801,1552801.00,4536640,4536640.00,20143,20143.00,1,1.00
23297,1,893,893.00,361,361.00,1391179,1391179.00,4658473,4658473.00,20229,20229.00,1,1.00
23299,1,894,894.00,374,374.00,1947920,1947920.00,6063970,6063970.00,20589,20589.00,1,1.00
23325,1,875,875.00,364,364.00,1383918,1383918.00,3474737,3474737.00,22110,22110.00,1,1.00
23357,1,202,202.00,201,201.00,71534,71534.00,897568,897568.00,21572,21572.00,310,310.00
23397,1,880,880.00,383,383.00,1372572,1372572.00,3053217,3053217.00,21993,21993.00,1,1.00
23399,1,897,897.00,383,383.00,1342555,1342555.00,3225045,3225045.00,21621,21621.00,1,1.00
23403,1,207,207.00,204,204.00,72429,72429.00,895869,895869.00,21407,21407.00,310,310.00
23495,1,880,880.00,372,372.00,1389197,1389197.00,3443145,3443145.00,22394,22394.00,1,1.00
23564,1,913,913.00,368,368.00,1818719,1818719.00,5382379,5382379.00,20868,20868.00,1,1.00
23604,1,204,204.00,203,203.00,72280,72280.00,897949,897949.00,21243,21243.00,310,310.00
23645,1,202,202.00,201,201.00,72347,72347.00,895829,895829.00,21492,21492.00,310,310.00
23648,1,877,877.00,374,374.00,1337195,1337195.00,3147828,3147828.00,23311,23311.00,1,1.00
23649,1,927,927.00,363,363.00,1387646,1387646.00,3224837,3224837.00,21249,21249.00,1,1.00
23684,1,204,204.00,202,202.00,72620,72620.00,897128,897128.00,21505,21505.00,310,310.00
23720,1,921,921.00,381,381.00,1373403,1373403.00,3210694,3210694.00,21664,21664.00,1,1.00
23733,1,919,919.00,381,381.00,1419156,1419156.00,3636946,3636946.00,21349,21349.00,1,1.00
23784,1,916,916.00,365,365.00,1618473,1618473.00,7332964,7332964.00,21260,21260.00,1,1.00
23863,1,1183,1183.00,170,170.00,1421509,1421509.00,3317863,3317863.00,14467,14467.00,1,1.00
23869,1,934,934.00,389,389.00,1380054,1380054.00,3333249,3333249.00,21648,21648.00,11,11.00
23960,1,930,930.00,376,376.00,1439440,1439440.00,3722472,3722472.00,21588,21588.00,1,1.00
24067,1,211,211.00,205,205.00,73935,73935.00,899115,899115.00,21405,21405.00,315,315.00
24076,1,205,205.00,203,203.00,71158,71158.00,898384,898384.00,22378,22378.00,310,310.00
24101,1,932,932.00,403,403.00,1392496,1392496.00,3477145,3477145.00,22146,22146.00,1,1.00
24119,1,202,202.00,201,201.00,73415,73415.00,899330,899330.00,21746,21746.00,310,310.00
24133,1,1225,1225.00,188,188.00,1486107,1486107.00,4361938,4361938.00,14296,14296.00,1,1.00
24149,1,1178,1178.00,154,154.00,1454030,1454030.00,3420781,3420781.00,14165,14165.00,1,1.00
24164,1,1220,1220.00,183,183.00,1469933,1469933.00,3411225,3411225.00,13715,13715.00,1,1.00
24186,1,203,203.00,202,202.00,71794,71794.00,898186,898186.00,21701,21701.00,310,310.00
24210,1,206,206.00,205,205.00,72057,72057.00,898112,898112.00,21981,21981.00,310,310.00
24247,1,946,946.00,395,395.00,1468493,1468493.00,4062937,4062937.00,22001,22001.00,1,1.00
24255,1,937,937.00,379,379.00,1429050,1429050.00,3467486,3467486.00,21706,21706.00,1,1.00
24295,1,907,907.00,394,394.00,1627319,1627319.00,5616885,5616885.00,23075,23075.00,1,1.00
24353,1,910,910.00,388,388.00,1402740,1402740.00,3348582,3348582.00,23700,23700.00,1,1.00
24368,1,962,962.00,394,394.00,1430431,1430431.00,3807923,3807923.00,21546,21546.00,1,1.00
24387,1,954,954.00,370,370.00,1695343,1695343.00,5823826,5823826.00,21534,21534.00,1,1.00
24389,1,944,944.00,379,379.00,1410093,1410093.00,3617109,3617109.00,21868,21868.00,1,1.00
24455,1,941,941.00,393,393.00,1449635,1449635.00,3821615,3821615.00,21949,21949.00,1,1.00
24489,1,971,971.00,404,404.00,1446188,1446188.00,3685257,3685257.00,21513,21513.00,1,1.00
24496,1,1187,1187.00,160,160.00,1511756,1511756.00,2771504,2771504.00,11540,11540.00,1,1.00
24500,1,1224,1224.00,177,177.00,1429932,1429932.00,3622609,3622609.00,15924,15924.00,1,1.00
24539,1,202,202.00,201,201.00,71232,71232.00,898481,898481.00,22432,22432.00,310,310.00
24554,1,951,951.00,406,406.00,1427454,1427454.00,3619371,3619371.00,22145,22145.00,1,1.00
24561,1,1226,1226.00,189,189.00,1515330,1515330.00,4090421,4090421.00,14015,14015.00,1,1.00
24586,1,204,204.00,202,202.00,71955,71955.00,898480,898480.00,22198,22198.00,310,310.00
24591,1,1257,1257.00,198,198.00,1561031,1561031.00,3474577,3474577.00,12039,12039.00,1,1.00
24617,1,202,202.00,201,201.00,72435,72435.00,895105,895105.00,22303,22303.00,310,310.00
24658,1,960,960.00,398,398.00,1462848,1462848.00,3728642,3728642.00,22058,22058.00,1,1.00
24667,1,954,954.00,402,402.00,1436623,1436623.00,3539466,3539466.00,22142,22142.00,1,1.00
24671,1,4,4.00,101,101.00,109249,109249.00,8608644,8608644.00,19227,19227.00,2230,2230.00
24751,1,957,957.00,395,395.00,1461650,1461650.00,3615977,3615977.00,21866,21866.00,1,1.00
24761,1,1223,1223.00,167,167.00,1480110,1480110.00,3562357,3562357.00,15188,15188.00,3,3.00
24773,1,1215,1215.00,166,166.00,1474757,1474757.00,3479390,3479390.00,13416,13416.00,1,1.00
24811,1,115,115.00,112,112.00,39308,39308.00,237834,237834.00,22964,22964.00,160,160.00
24872,1,1214,1214.00,162,162.00,1587525,1587525.00,3152175,3152175.00,11190,11190.00,1,1.00
24920,1,964,964.00,417,417.00,1450724,1450724.00,3844902,3844902.00,21875,21875.00,1,1.00
24932,1,1229,1229.00,174,174.00,1508375,1508375.00,3980967,3980967.00,14883,14883.00,1,1.00
24947,1,969,969.00,423,423.00,1438829,1438829.00,3974265,3974265.00,22156,22156.00,1,1.00
24967,1,967,967.00,425,425.00,1442043,1442043.00,4100804,4100804.00,21910,21910.00,1,1.00
25004,1,979,979.00,397,397.00,1482534,1482534.00,3990811,3990811.00,21712,21712.00,1,1.00
25040,1,1258,1258.00,192,192.00,1515775,1515775.00,4480635,4480635.00,15262,15262.00,1,1.00
25043,1,202,202.00,201,201.00,72605,72605.00,900451,900451.00,22936,22936.00,310,310.00
25062,1,991,991.00,399,399.00,1505046,1505046.00,4285874,4285874.00,21816,21816.00,1,1.00
25079,1,202,202.00,201,201.00,72911,72911.00,898875,898875.00,22903,22903.00,310,310.00
25094,1,982,982.00,413,413.00,1495815,1495815.00,4157347,4157347.00,21501,21501.00,1,1.00
25113,1,977,977.00,413,413.00,1531262,1531262.00,4040567,4040567.00,22859,22859.00,6,6.00
25193,1,202,202.00,201,201.00,72033,72033.00,899355,899355.00,23132,23132.00,310,310.00
25195,1,981,981.00,424,424.00,1457581,1457581.00,3978436,3978436.00,22225,22225.00,1,1.00
25212,1,1237,1237.00,146,146.00,1643202,1643202.00,4342100,4342100.00,12462,12462.00,1,1.00
25218,2,2211,1105.50,572,286.00,2993808,1496904.00,7197780,3598890.00,36922,18461.00,2,1.00
25243,1,1222,1222.00,139,139.00,1657421,1657421.00,4133039,4133039.00,12705,12705.00,1,1.00
25274,1,1228,1228.00,166,166.00,1658794,1658794.00,4209293,4209293.00,13952,13952.00,1,1.00
25325,1,202,202.00,201,201.00,71866,71866.00,898024,898024.00,23232,23232.00,310,310.00
25348,1,2697,2697.00,302,302.00,207800,207800.00,55864,55864.00,4212,4212.00,488,488.00
25386,1,988,988.00,423,423.00,1451912,1451912.00,4087836,4087836.00,22394,22394.00,1,1.00
25411,1,1002,1002.00,420,420.00,1520349,1520349.00,4257273,4257273.00,21957,21957.00,1,1.00
25412,1,1249,1249.00,177,177.00,1530724,1530724.00,3851823,3851823.00,15765,15765.00,1,1.00
25413,1,996,996.00,414,414.00,1529730,1529730.00,4797884,4797884.00,21506,21506.00,1,1.00
25445,1,989,989.00,426,426.00,1455699,1455699.00,3921525,3921525.00,22526,22526.00,1,1.00
25462,2,2532,1266.00,365,182.50,3030704,1515352.00,7681403,3840701.50,29249,14624.50,2,1.00
25468,1,1249,1249.00,178,178.00,1522323,1522323.00,3304202,3304202.00,15617,15617.00,1,1.00
25469,1,997,997.00,418,418.00,1490891,1490891.00,4257154,4257154.00,22013,22013.00,1,1.00
25519,1,992,992.00,429,429.00,1492242,1492242.00,4200066,4200066.00,22683,22683.00,1,1.00
25535,1,1004,1004.00,424,424.00,1479265,1479265.00,4162718,4162718.00,22126,22126.00,1,1.00
25554,1,1294,1294.00,204,204.00,1597255,1597255.00,4748069,4748069.00,15247,15247.00,1,1.00
25578,1,3,3.00,102,102.00,113117,113117.00,10057029,10057029.00,19950,19950.00,2332,2332.00
25606,1,996,996.00,424,424.00,1529650,1529650.00,4311647,4311647.00,23066,23066.00,1,1.00
25607,1,1008,1008.00,428,428.00,1560485,1560485.00,4474007,4474007.00,22174,22174.00,1,1.00
25626,1,1254,1254.00,176,176.00,1594264,1594264.00,4317841,4317841.00,14001,14001.00,1,1.00
25665,1,1292,1292.00,201,201.00,1503310,1503310.00,4343788,4343788.00,15654,15654.00,1,1.00
25754,1,1280,1280.00,177,177.00,1561516,1561516.00,4013030,4013030.00,16047,16047.00,1,1.00
25770,1,1287,1287.00,193,193.00,1591478,1591478.00,4651048,4651048.00,14987,14987.00,1,1.00
25787,1,1010,1010.00,423,423.00,1491927,1491927.00,4273452,4273452.00,22382,22382.00,1,1.00
25823,1,1011,1011.00,433,433.00,1519088,1519088.00,4516385,4516385.00,22209,22209.00,1,1.00
25873,1,1025,1025.00,424,424.00,1568718,1568718.00,4663942,4663942.00,21445,21445.00,1,1.00
25884,1,1291,1291.00,192,192.00,1576157,1576157.00,4341613,4341613.00,15813,15813.00,1,1.00
25894,1,1008,1008.00,433,433.00,1515688,1515688.00,4273305,4273305.00,22469,22469.00,1,1.00
25937,1,202,202.00,201,201.00,72935,72935.00,898757,898757.00,23324,23324.00,310,310.00
25953,1,1013,1013.00,435,435.00,1563123,1563123.00,4416045,4416045.00,22822,22822.00,6,6.00
25961,1,1009,1009.00,431,431.00,1543690,1543690.00,4341645,4341645.00,22898,22898.00,1,1.00
25985,1,1255,1255.00,163,163.00,1499032,1499032.00,3049650,3049650.00,16556,16556.00,1,1.00
25997,1,1243,1243.00,155,155.00,1482335,1482335.00,3269195,3269195.00,16787,16787.00,1,1.00
26014,1,1018,1018.00,439,439.00,1593232,1593232.00,5002036,5002036.00,22200,22200.00,1,1.00
26040,1,1276,1276.00,172,172.00,1603247,1603247.00,4230560,4230560.00,15226,15226.00,1,1.00
26055,1,1022,1022.00,433,433.00,1536100,1536100.00,4533646,4533646.00,22489,22489.00,1,1.00
26062,1,1016,1016.00,443,443.00,1598822,1598822.00,4349981,4349981.00,22612,22612.00,1,1.00
26067,1,1240,1240.00,153,153.00,1777691,1777691.00,4284641,4284641.00,14208,14208.00,1,1.00
26073,1,1307,1307.00,199,199.00,1591009,1591009.00,4599833,4599833.00,15857,15857.00,1,1.00
26077,1,1306,1306.00,195,195.00,1647346,1647346.00,4439951,4439951.00,14687,14687.00,1,1.00
26092,1,1336,1336.00,210,210.00,1598195,1598195.00,5160927,5160927.00,15588,15588.00,1,1.00
26122,1,1242,1242.00,146,146.00,1695415,1695415.00,4057338,4057338.00,14572,14572.00,1,1.00
26131,1,1018,1018.00,441,441.00,1581101,1581101.00,4591087,4591087.00,22517,22517.00,1,1.00
26138,1,1243,1243.00,153,153.00,1857419,1857419.00,4391345,4391345.00,14306,14306.00,1,1.00
26162,1,1020,1020.00,447,447.00,1549325,1549325.00,4530135,4530135.00,22324,22324.00,1,1.00
26164,1,1301,1301.00,190,190.00,1517226,1517226.00,4189323,4189323.00,16071,16071.00,1,1.00
26168,1,1279,1279.00,173,173.00,1559346,1559346.00,4026149,4026149.00,15698,15698.00,1,1.00
26197,2,2350,1175.00,634,317.00,3232774,1616387.00,9911788,4955894.00,38925,19462.50,2,1.00
26209,1,1020,1020.00,445,445.00,1527518,1527518.00,4516442,4516442.00,22840,22840.00,1,1.00
26225,1,1296,1296.00,177,177.00,1642875,1642875.00,4807542,4807542.00,14383,14383.00,1,1.00
26231,1,1034,1034.00,440,440.00,1548417,1548417.00,4898487,4898487.00,22745,22745.00,1,1.00
26245,1,1284,1284.00,163,163.00,1587282,1587282.00,3890945,3890945.00,15524,15524.00,1,1.00
26259,1,1316,1316.00,194,194.00,1634041,1634041.00,5048837,5048837.00,15052,15052.00,1,1.00
26261,1,1279,1279.00,176,176.00,1564343,1564343.00,3349293,3349293.00,16132,16132.00,1,1.00
26315,1,1255,1255.00,156,156.00,1822704,1822704.00,4532779,4532779.00,14262,14262.00,1,1.00
26335,1,1291,1291.00,181,181.00,1813919,1813919.00,5243382,5243382.00,14173,14173.00,1,1.00
26338,1,1036,1036.00,446,446.00,1612613,1612613.00,4728771,4728771.00,22779,22779.00,1,1.00
26376,1,1281,1281.00,169,169.00,1603482,1603482.00,4102762,4102762.00,15137,15137.00,1,1.00
26385,1,1272,1272.00,169,169.00,1537973,1537973.00,3219474,3219474.00,17235,17235.00,1,1.00
26386,1,1306,1306.00,188,188.00,1676169,1676169.00,4517110,4517110.00,14176,14176.00,1,1.00
26400,1,1289,1289.00,176,176.00,1585760,1585760.00,3752508,3752508.00,15935,15935.00,1,1.00
26426,1,1306,1306.00,159,159.00,1774567,1774567.00,5282349,5282349.00,13367,13367.00,1,1.00
26428,1,1269,1269.00,166,166.00,1748476,1748476.00,4381793,4381793.00,14202,14202.00,1,1.00
26436,1,1289,1289.00,177,177.00,1611838,1611838.00,3888795,3888795.00,15418,15418.00,1,1.00
26441,1,1285,1285.00,175,175.00,1553499,1553499.00,3551204,3551204.00,16916,16916.00,1,1.00
26460,1,122,122.00,85,85.00,260824,260824.00,984612,984612.00,21252,21252.00,4805,4805.00
26480,1,1278,1278.00,170,170.00,1750010,1750010.00,4392024,4392024.00,14369,14369.00,1,1.00
26481,1,1311,1311.00,204,204.00,1530492,1530492.00,3468171,3468171.00,17417,17417.00,1,1.00
26488,1,1271,1271.00,164,164.00,1638240,1638240.00,3718089,3718089.00,14810,14810.00,1,1.00
26495,1,1275,1275.00,176,176.00,1556435,1556435.00,3617043,3617043.00,16930,16930.00,1,1.00
26496,1,1331,1331.00,201,201.00,1633207,1633207.00,4596104,4596104.00,16100,16100.00,1,1.00
26501,1,1294,1294.00,179,179.00,1595588,1595588.00,4370745,4370745.00,15648,15648.00,1,1.00
26536,1,1283,1283.00,170,170.00,1682025,1682025.00,4146264,4146264.00,13722,13722.00,1,1.00
26541,1,1284,1284.00,173,173.00,1555298,1555298.00,3078790,3078790.00,16781,16781.00,1,1.00
26543,1,1276,1276.00,176,176.00,1541400,1541400.00,3590033,3590033.00,17366,17366.00,1,1.00
26545,2,2585,1292.50,360,180.00,3385127,1692563.50,8918875,4459437.50,29455,14727.50,2,1.00
26569,1,1301,1301.00,180,180.00,1870776,1870776.00,5034991,5034991.00,13705,13705.00,1,1.00
26574,1,1306,1306.00,186,186.00,1608099,1608099.00,4318463,4318463.00,15655,15655.00,1,1.00
26577,1,1041,1041.00,437,437.00,1603029,1603029.00,5009546,5009546.00,22809,22809.00,1,1.00
26586,1,1040,1040.00,450,450.00,1570361,1570361.00,4697871,4697871.00,22917,22917.00,1,1.00
26602,1,1305,1305.00,185,185.00,1672628,1672628.00,4692918,4692918.00,14691,14691.00,1,1.00
26616,1,1318,1318.00,188,188.00,1632821,1632821.00,4224736,4224736.00,15706,15706.00,1,1.00
26618,1,1322,1322.00,195,195.00,1677193,1677193.00,4687692,4687692.00,14593,14593.00,1,1.00
26644,1,1298,1298.00,177,177.00,1749044,1749044.00,4952113,4952113.00,15363,15363.00,1,1.00
26647,1,1301,1301.00,178,178.00,1704226,1704226.00,4062480,4062480.00,14529,14529.00,1,1.00
26663,1,1043,1043.00,445,445.00,1579945,1579945.00,4945371,4945371.00,22615,22615.00,1,1.00
26665,2,2582,1291.00,340,170.00,3294758,1647379.00,8220162,4110081.00,29713,14856.50,2,1.00
26668,2,2600,1300.00,358,179.00,3109434,1554717.00,7254803,3627401.50,33767,16883.50,2,1.00
26671,1,1297,1297.00,178,178.00,1618539,1618539.00,4078004,4078004.00,15609,15609.00,1,1.00
26672,1,1296,1296.00,177,177.00,1629608,1629608.00,3955126,3955126.00,15861,15861.00,1,1.00
26676,1,1308,1308.00,188,188.00,1660462,1660462.00,4367025,4367025.00,14564,14564.00,1,1.00
26684,1,1301,1301.00,179,179.00,1551810,1551810.00,3931046,3931046.00,16683,16683.00,1,1.00
26695,2,2644,1322.00,388,194.00,3223178,1611589.00,8167582,4083791.00,32339,16169.50,2,1.00
26696,1,1331,1331.00,197,197.00,1590603,1590603.00,4620194,4620194.00,16135,16135.00,1,1.00
26697,1,1291,1291.00,171,171.00,1749644,1749644.00,4703813,4703813.00,14490,14490.00,1,1.00
26701,1,1289,1289.00,169,169.00,1661634,1661634.00,3885699,3885699.00,14335,14335.00,1,1.00
26711,1,1051,1051.00,447,447.00,1706272,1706272.00,5480499,5480499.00,22306,22306.00,1,1.00
26718,1,1306,1306.00,180,180.00,1686233,1686233.00,4470210,4470210.00,14178,14178.00,1,1.00
26720,1,1302,1302.00,200,200.00,1567061,1567061.00,4832787,4832787.00,16816,16816.00,1,1.00
26726,1,1304,1304.00,175,175.00,1566424,1566424.00,3808826,3808826.00,16762,16762.00,1,1.00
26731,1,1318,1318.00,193,193.00,1579323,1579323.00,4213511,4213511.00,15757,15757.00,1,1.00
26748,1,1047,1047.00,449,449.00,1575742,1575742.00,5016471,5016471.00,22836,22836.00,1,1.00
26751,1,1297,1297.00,172,172.00,1635060,1635060.00,3883156,3883156.00,15771,15771.00,1,1.00
26760,1,1341,1341.00,208,208.00,1636108,1636108.00,4176841,4176841.00,14751,14751.00,1,1.00
26768,1,1313,1313.00,185,185.00,1585154,1585154.00,3721009,3721009.00,16558,16558.00,1,1.00
26780,1,1050,1050.00,450,450.00,1655496,1655496.00,5368469,5368469.00,22211,22211.00,1,1.00
26781,1,1319,1319.00,190,190.00,1648806,1648806.00,4393169,4393169.00,15419,15419.00,1,1.00
26782,1,1313,1313.00,187,187.00,1557842,1557842.00,3416050,3416050.00,17212,17212.00,1,1.00
26787,1,1303,1303.00,179,179.00,1764319,1764319.00,4361898,4361898.00,14586,14586.00,1,1.00
26790,1,1326,1326.00,192,192.00,1642035,1642035.00,4440977,4440977.00,15717,15717.00,1,1.00
26807,1,1318,1318.00,187,187.00,1517705,1517705.00,3581065,3581065.00,18260,18260.00,1,1.00
26818,1,1304,1304.00,143,143.00,1821614,1821614.00,4507825,4507825.00,14316,14316.00,1,1.00
26832,1,1362,1362.00,217,217.00,1691650,1691650.00,5226211,5226211.00,15236,15236.00,1,1.00
26835,1,1331,1331.00,196,196.00,1627702,1627702.00,4364701,4364701.00,16109,16109.00,1,1.00
26837,1,1331,1331.00,190,190.00,1642374,1642374.00,4628188,4628188.00,15836,15836.00,1,1.00
26842,1,1320,1320.00,198,198.00,1754905,1754905.00,4530851,4530851.00,14829,14829.00,1,1.00
26844,1,1318,1318.00,188,188.00,1626041,1626041.00,3840184,3840184.00,15747,15747.00,1,1.00
26848,1,1301,1301.00,176,176.00,1670224,1670224.00,3870684,3870684.00,14856,14856.00,1,1.00
26855,1,1313,1313.00,186,186.00,1633587,1633587.00,3926619,3926619.00,16097,16097.00,1,1.00
26858,1,1302,1302.00,187,187.00,1533342,1533342.00,3786858,3786858.00,18131,18131.00,1,1.00
26871,1,1309,1309.00,182,182.00,1563287,1563287.00,3966770,3966770.00,17270,17270.00,1,1.00
26880,2,2628,1314.00,349,174.50,3258351,1629175.50,8681022,4340511.00,30449,15224.50,2,1.00
26882,1,1298,1298.00,176,176.00,1636548,1636548.00,3730911,3730911.00,15665,15665.00,1,1.00
26883,1,1305,1305.00,179,179.00,2009320,2009320.00,6064737,6064737.00,15017,15017.00,1,1.00
26884,1,1303,1303.00,176,176.00,1674341,1674341.00,3933601,3933601.00,14946,14946.00,1,1.00
26888,1,1303,1303.00,175,175.00,1684742,1684742.00,3949805,3949805.00,14617,14617.00,1,1.00
26895,1,1306,1306.00,178,178.00,1685517,1685517.00,4332557,4332557.00,14771,14771.00,1,1.00
26896,1,1303,1303.00,169,169.00,1587886,1587886.00,3736540,3736540.00,16629,16629.00,1,1.00
26899,1,1342,1342.00,197,197.00,1676605,1676605.00,4869728,4869728.00,15582,15582.00,1,1.00
26900,1,1303,1303.00,175,175.00,1742873,1742873.00,4172056,4172056.00,13621,13621.00,1,1.00
26903,1,1305,1305.00,177,177.00,1648318,1648318.00,4123571,4123571.00,15603,15603.00,1,1.00
26905,1,1330,1330.00,191,191.00,1675438,1675438.00,4769728,4769728.00,15569,15569.00,1,1.00
26931,1,1297,1297.00,171,171.00,1687161,1687161.00,4194259,4194259.00,14457,14457.00,1,1.00
26932,1,1293,1293.00,166,166.00,1653037,1653037.00,3364908,3364908.00,15363,15363.00,1,1.00
26937,1,1324,1324.00,190,190.00,1660374,1660374.00,4336825,4336825.00,15262,15262.00,1,1.00
26941,1,1338,1338.00,199,199.00,1703045,1703045.00,4768153,4768153.00,15002,15002.00,1,1.00
26949,2,2615,1307.50,359,179.50,3344455,1672227.50,8663303,4331651.50,29279,14639.50,2,1.00
26950,1,1309,1309.00,160,160.00,1799991,1799991.00,4993664,4993664.00,14508,14508.00,1,1.00
26955,1,1347,1347.00,202,202.00,1685475,1685475.00,4963282,4963282.00,14917,14917.00,1,1.00
26959,2,2650,1325.00,378,189.00,3531129,1765564.50,9922246,4961123.00,28471,14235.50,2,1.00
26960,1,10101,10101.00,1407,1407.00,1823028,1823028.00,621342,621342.00,1014,1014.00,0,0.00
26962,1,1321,1321.00,179,179.00,1640363,1640363.00,4566888,4566888.00,15044,15044.00,1,1.00
26965,1,1340,1340.00,197,197.00,1644595,1644595.00,4693936,4693936.00,15735,15735.00,1,1.00
26968,1,1330,1330.00,187,187.00,1713239,1713239.00,4612798,4612798.00,14812,14812.00,1,1.00
26980,1,1339,1339.00,199,199.00,1666304,1666304.00,4652542,4652542.00,16003,16003.00,1,1.00
26981,1,1288,1288.00,171,171.00,1775091,1775091.00,4866062,4866062.00,14703,14703.00,1,1.00
26982,1,1315,1315.00,181,181.00,1783160,1783160.00,4848722,4848722.00,14980,14980.00,1,1.00
26985,1,1312,1312.00,181,181.00,1796243,1796243.00,4919890,4919890.00,13852,13852.00,1,1.00
26989,1,1334,1334.00,184,184.00,1917238,1917238.00,6838176,6838176.00,14021,14021.00,1,1.00
26995,1,1308,1308.00,176,176.00,1861696,1861696.00,5142554,5142554.00,14003,14003.00,1,1.00
27001,1,1309,1309.00,179,179.00,1581642,1581642.00,3540654,3540654.00,17419,17419.00,1,1.00
27012,1,3816,3816.00,924,924.00,1246800,1246800.00,335184,335184.00,25272,25272.00,0,0.00
27021,2,2662,1331.00,388,194.00,3417717,1708858.50,9605830,4802915.00,29476,14738.00,2,1.00
27028,1,1330,1330.00,189,189.00,1650415,1650415.00,4349789,4349789.00,15750,15750.00,1,1.00
27029,1,1319,1319.00,187,187.00,1570605,1570605.00,3593896,3593896.00,17178,17178.00,1,1.00
27047,1,1338,1338.00,193,193.00,1705364,1705364.00,4490018,4490018.00,14767,14767.00,1,1.00
27048,1,1315,1315.00,160,160.00,1733164,1733164.00,4660399,4660399.00,14769,14769.00,1,1.00
27055,1,1359,1359.00,207,207.00,1680739,1680739.00,4925385,4925385.00,15694,15694.00,1,1.00
27062,1,1335,1335.00,192,192.00,1639477,1639477.00,3900454,3900454.00,16386,16386.00,1,1.00
27064,1,1324,1324.00,190,190.00,1804950,1804950.00,5435588,5435588.00,15310,15310.00,1,1.00
27072,1,1320,1320.00,182,182.00,1676856,1676856.00,4447389,4447389.00,15198,15198.00,1,1.00
27098,2,2667,1333.50,382,191.00,3248300,1624150.00,8267747,4133873.50,32959,16479.50,2,1.00
27101,1,1330,1330.00,192,192.00,1828722,1828722.00,5410973,5410973.00,14637,14637.00,1,1.00
27106,1,1360,1360.00,206,206.00,1715945,1715945.00,4668640,4668640.00,15131,15131.00,1,1.00
27121,1,1338,1338.00,194,194.00,1727442,1727442.00,4303125,4303125.00,14643,14643.00,1,1.00
27147,1,1345,1345.00,195,195.00,1713023,1713023.00,5196810,5196810.00,14959,14959.00,1,1.00
27149,1,1321,1321.00,183,183.00,1622713,1622713.00,3980145,3980145.00,15859,15859.00,1,1.00
27150,1,1313,1313.00,177,177.00,1594047,1594047.00,3836721,3836721.00,17406,17406.00,1,1.00
27152,1,1323,1323.00,182,182.00,1694830,1694830.00,4436438,4436438.00,14791,14791.00,1,1.00
27154,1,1352,1352.00,203,203.00,1706494,1706494.00,4702073,4702073.00,15183,15183.00,1,1.00
27172,1,1338,1338.00,187,187.00,1705869,1705869.00,4495327,4495327.00,15630,15630.00,1,1.00
27173,1,1329,1329.00,186,186.00,1757691,1757691.00,4778878,4778878.00,13945,13945.00,1,1.00
27186,1,1319,1319.00,179,179.00,1760037,1760037.00,4752377,4752377.00,13734,13734.00,1,1.00
27197,1,1359,1359.00,202,202.00,1715545,1715545.00,5155062,5155062.00,15227,15227.00,1,1.00
27199,1,1322,1322.00,181,181.00,1643668,1643668.00,3661199,3661199.00,15890,15890.00,1,1.00
27205,1,1351,1351.00,198,198.00,1705468,1705468.00,4929368,4929368.00,15395,15395.00,1,1.00
27213,1,1312,1312.00,172,172.00,1719622,1719622.00,4213854,4213854.00,14779,14779.00,1,1.00
27214,1,1355,1355.00,199,199.00,1735060,1735060.00,4692353,4692353.00,14130,14130.00,1,1.00
27215,1,1327,1327.00,187,187.00,1663532,1663532.00,4458700,4458700.00,15825,15825.00,1,1.00
27219,1,1336,1336.00,190,190.00,1593236,1593236.00,3469476,3469476.00,17326,17326.00,1,1.00
27223,1,1337,1337.00,188,188.00,1669577,1669577.00,4207483,4207483.00,15583,15583.00,1,1.00
27236,1,1337,1337.00,189,189.00,1689170,1689170.00,4433777,4433777.00,15430,15430.00,1,1.00
27270,1,1360,1360.00,200,200.00,1707065,1707065.00,4542207,4542207.00,16026,16026.00,1,1.00
27274,1,1361,1361.00,205,205.00,1665778,1665778.00,4549909,4549909.00,16270,16270.00,1,1.00
27280,1,1350,1350.00,191,191.00,1634976,1634976.00,3945991,3945991.00,17186,17186.00,1,1.00
27297,1,1325,1325.00,148,148.00,1628861,1628861.00,3370323,3370323.00,17807,17807.00,1,1.00
27298,1,1356,1356.00,197,197.00,1773426,1773426.00,4868137,4868137.00,13964,13964.00,1,1.00
27299,1,1318,1318.00,148,148.00,1766280,1766280.00,4214151,4214151.00,14118,14118.00,1,1.00
27304,1,1325,1325.00,176,176.00,1751118,1751118.00,4687888,4687888.00,13584,13584.00,1,1.00
27315,1,1351,1351.00,196,196.00,1736847,1736847.00,4896846,4896846.00,14551,14551.00,1,1.00
27318,2,2666,1333.00,366,183.00,3408357,1704178.50,9241243,4620621.50,30173,15086.50,2,1.00
27324,1,1342,1342.00,171,171.00,1857420,1857420.00,5696073,5696073.00,14504,14504.00,1,1.00
27325,1,1349,1349.00,196,196.00,1694123,1694123.00,4639910,4639910.00,15289,15289.00,1,1.00
27327,1,1331,1331.00,184,184.00,1718164,1718164.00,4545943,4545943.00,14612,14612.00,1,1.00
27334,1,1343,1343.00,194,194.00,1724221,1724221.00,4973644,4973644.00,14652,14652.00,1,1.00
27335,1,1355,1355.00,199,199.00,1805277,1805277.00,6207000,6207000.00,14649,14649.00,1,1.00
27343,1,1332,1332.00,185,185.00,1743587,1743587.00,4451970,4451970.00,14131,14131.00,1,1.00
27348,2,2664,1332.00,365,182.50,3494837,1747418.50,8708918,4354459.00,28411,14205.50,2,1.00
27353,2,2687,1343.50,380,190.00,3459336,1729668.00,9525097,4762548.50,29392,14696.00,2,1.00
27356,1,1355,1355.00,199,199.00,1694400,1694400.00,4255864,4255864.00,15922,15922.00,6,6.00
27365,1,1347,1347.00,175,175.00,1849353,1849353.00,6109155,6109155.00,14308,14308.00,1,1.00
27372,1,1354,1354.00,197,197.00,1690197,1690197.00,4589772,4589772.00,15745,15745.00,1,1.00
27377,1,1328,1328.00,167,167.00,1806480,1806480.00,4951649,4951649.00,14632,14632.00,1,1.00
27380,1,1331,1331.00,180,180.00,1682378,1682378.00,4117296,4117296.00,16123,16123.00,1,1.00
27390,1,1349,1349.00,193,193.00,1725713,1725713.00,4690664,4690664.00,15294,15294.00,1,1.00
27393,1,1352,1352.00,180,180.00,1859380,1859380.00,6052712,6052712.00,13190,13190.00,1,1.00
27395,1,1345,1345.00,192,192.00,1700158,1700158.00,4671642,4671642.00,15586,15586.00,1,1.00
27400,1,1338,1338.00,158,158.00,1819472,1819472.00,4965375,4965375.00,14852,14852.00,1,1.00
27402,1,1329,1329.00,163,163.00,1545138,1545138.00,3759625,3759625.00,17081,17081.00,1,1.00
27411,1,1352,1352.00,195,195.00,1747220,1747220.00,4637350,4637350.00,14708,14708.00,1,1.00
27414,1,1353,1353.00,176,176.00,1782671,1782671.00,5636570,5636570.00,15634,15634.00,1,1.00
27415,1,1324,1324.00,175,175.00,1761298,1761298.00,4473268,4473268.00,14354,14354.00,1,1.00
27428,1,1356,1356.00,182,182.00,1770329,1770329.00,5461555,5461555.00,14626,14626.00,1,1.00
27437,1,1351,1351.00,197,197.00,1770912,1770912.00,4934930,4934930.00,14287,14287.00,1,1.00
27443,1,1331,1331.00,162,162.00,1855339,1855339.00,5290021,5290021.00,14003,14003.00,1,1.00
27452,1,1369,1369.00,206,206.00,1734794,1734794.00,4837764,4837764.00,15518,15518.00,1,1.00
27463,1,1335,1335.00,184,184.00,1670181,1670181.00,4533637,4533637.00,15283,15283.00,1,1.00
27469,2,2695,1347.50,359,179.50,3707015,1853507.50,11155305,5577652.50,29449,14724.50,2,1.00
27489,1,1352,1352.00,192,192.00,1751281,1751281.00,4805203,4805203.00,15000,15000.00,1,1.00
27497,1,1326,1326.00,148,148.00,1844174,1844174.00,4640139,4640139.00,14302,14302.00,1,1.00
27506,1,1362,1362.00,186,186.00,1817358,1817358.00,6055535,6055535.00,15324,15324.00,1,1.00
27508,1,1336,1336.00,181,181.00,1744606,1744606.00,4652466,4652466.00,14436,14436.00,1,1.00
27525,2,2705,1352.50,378,189.00,3456867,1728433.50,9703500,4851750.00,30908,15454.00,2,1.00
27529,1,2869,2869.00,238,238.00,311700,311700.00,83796,83796.00,6318,6318.00,488,488.00
27534,1,1409,1409.00,205,205.00,1690531,1690531.00,4981922,4981922.00,16640,16640.00,1,1.00
27537,1,1334,1334.00,162,162.00,1826938,1826938.00,4614890,4614890.00,14739,14739.00,1,1.00
27538,1,1358,1358.00,192,192.00,1725992,1725992.00,4609928,4609928.00,15355,15355.00,1,1.00
27552,1,1358,1358.00,179,179.00,1831031,1831031.00,5985660,5985660.00,13893,13893.00,1,1.00
27554,1,1317,1317.00,160,160.00,1705802,1705802.00,4144720,4144720.00,15266,15266.00,1,1.00
27556,1,1356,1356.00,199,199.00,1672602,1672602.00,4838667,4838667.00,16703,16703.00,1,1.00
27599,1,1346,1346.00,188,188.00,1686083,1686083.00,4361700,4361700.00,16605,16605.00,1,1.00
27601,1,1354,1354.00,192,192.00,1758138,1758138.00,4881861,4881861.00,14390,14390.00,1,1.00
27605,1,1337,1337.00,167,167.00,1780565,1780565.00,4946821,4946821.00,14464,14464.00,1,1.00
27616,1,1343,1343.00,180,180.00,1714091,1714091.00,4387241,4387241.00,16036,16036.00,1,1.00
27637,1,1363,1363.00,184,184.00,1844366,1844366.00,5672429,5672429.00,15211,15211.00,1,1.00
27643,1,1334,1334.00,167,167.00,1893745,1893745.00,5279381,5279381.00,14539,14539.00,1,1.00
27645,1,1367,1367.00,200,200.00,1699965,1699965.00,4738801,4738801.00,15966,15966.00,1,1.00
27648,1,1362,1362.00,199,199.00,1693528,1693528.00,4558134,4558134.00,15711,15711.00,1,1.00
27671,1,1366,1366.00,196,196.00,1755870,1755870.00,4817112,4817112.00,15058,15058.00,1,1.00
27689,1,1372,1372.00,170,170.00,1885388,1885388.00,5617074,5617074.00,13921,13921.00,1,1.00
27708,1,1366,1366.00,195,195.00,1741151,1741151.00,4925978,4925978.00,15854,15854.00,1,1.00
27720,1,1372,1372.00,170,170.00,1870478,1870478.00,5947298,5947298.00,15360,15360.00,1,1.00
27723,1,1376,1376.00,203,203.00,1776366,1776366.00,5060574,5060574.00,14895,14895.00,1,1.00
27739,1,1367,1367.00,198,198.00,1752247,1752247.00,4661131,4661131.00,15302,15302.00,1,1.00
27750,1,1358,1358.00,191,191.00,1767108,1767108.00,5020797,5020797.00,14500,14500.00,1,1.00
27751,2,2696,1348.00,349,174.50,3489412,1744706.00,8698755,4349377.50,30482,15241.00,2,1.00
27759,1,1384,1384.00,199,199.00,1736586,1736586.00,5366148,5366148.00,15643,15643.00,1,1.00
27779,1,1372,1372.00,198,198.00,1750590,1750590.00,4727656,4727656.00,15275,15275.00,1,1.00
27786,1,1373,1373.00,178,178.00,1793628,1793628.00,5599643,5599643.00,15004,15004.00,1,1.00
27792,1,1372,1372.00,192,192.00,1880260,1880260.00,6101858,6101858.00,14226,14226.00,1,1.00
27803,1,1364,1364.00,183,183.00,1896854,1896854.00,5735084,5735084.00,14112,14112.00,1,1.00
27822,2,2767,1383.50,394,197.00,3804860,1902430.00,12636885,6318442.50,31288,15644.00,2,1.00
27833,1,1358,1358.00,169,169.00,1919068,1919068.00,5910008,5910008.00,15031,15031.00,1,1.00
27834,1,1410,1410.00,224,224.00,1621401,1621401.00,4251330,4251330.00,18509,18509.00,1,1.00
27857,1,1373,1373.00,183,183.00,1801412,1801412.00,5370925,5370925.00,16067,16067.00,1,1.00
27869,1,1379,1379.00,203,203.00,1877227,1877227.00,6644153,6644153.00,14529,14529.00,1,1.00
27871,1,1390,1390.00,208,208.00,1668915,1668915.00,5052027,5052027.00,15850,15850.00,1,1.00
27872,1,1374,1374.00,193,193.00,1764681,1764681.00,4789363,4789363.00,15230,15230.00,1,1.00
27882,2,2707,1353.50,353,176.50,3536980,1768490.00,9869401,4934700.50,30559,15279.50,2,1.00
27887,1,2,2.00,101,101.00,120737,120737.00,11813224,11813224.00,21752,21752.00,2586,2586.00
27899,1,1371,1371.00,191,191.00,1735424,1735424.00,4343410,4343410.00,16085,16085.00,1,1.00
27923,1,1381,1381.00,201,201.00,1748204,1748204.00,4608362,4608362.00,16092,16092.00,1,1.00
27933,1,1385,1385.00,198,198.00,1774258,1774258.00,4870442,4870442.00,15731,15731.00,1,1.00
27944,1,1391,1391.00,204,204.00,1768038,1768038.00,5129326,5129326.00,15041,15041.00,1,1.00
27965,1,1382,1382.00,199,199.00,1792173,1792173.00,5445626,5445626.00,15072,15072.00,1,1.00
27974,1,1385,1385.00,201,201.00,1789083,1789083.00,5661268,5661268.00,15196,15196.00,1,1.00
27975,1,1385,1385.00,197,197.00,1759604,1759604.00,5188652,5188652.00,15383,15383.00,1,1.00
27983,1,1365,1365.00,181,181.00,1655450,1655450.00,3872444,3872444.00,17727,17727.00,1,1.00
27984,1,1415,1415.00,212,212.00,1767417,1767417.00,5542700,5542700.00,15802,15802.00,1,1.00
27985,1,1368,1368.00,190,190.00,1797564,1797564.00,5090637,5090637.00,14918,14918.00,1,1.00
27989,2,2771,1385.50,383,191.50,3445284,1722642.00,8892141,4446070.50,32245,16122.50,2,1.00
28012,1,1348,1348.00,164,164.00,1736993,1736993.00,4225691,4225691.00,15062,15062.00,1,1.00
28029,1,1414,1414.00,217,217.00,1789463,1789463.00,5913916,5913916.00,14800,14800.00,1,1.00
28058,1,1403,1403.00,209,209.00,1836624,1836624.00,5731915,5731915.00,14078,14078.00,1,1.00
28074,1,1367,1367.00,188,188.00,1749072,1749072.00,4713547,4713547.00,15354,15354.00,1,1.00
28083,1,1348,1348.00,155,155.00,1887543,1887543.00,5304667,5304667.00,15183,15183.00,1,1.00
28085,1,1396,1396.00,203,203.00,1659682,1659682.00,4825983,4825983.00,18006,18006.00,1,1.00
28097,1,1389,1389.00,178,178.00,2002164,2002164.00,6005187,6005187.00,14922,14922.00,1,1.00
28111,1,1370,1370.00,173,173.00,1807927,1807927.00,5498622,5498622.00,15347,15347.00,1,1.00
28112,1,1390,1390.00,194,194.00,1719620,1719620.00,4644362,4644362.00,15848,15848.00,1,1.00
28122,1,1399,1399.00,200,200.00,1592390,1592390.00,5456803,5456803.00,18236,18236.00,1,1.00
28140,1,1360,1360.00,163,163.00,1739624,1739624.00,4422071,4422071.00,15722,15722.00,1,1.00
28145,1,1386,1386.00,218,218.00,1789904,1789904.00,5814514,5814514.00,14922,14922.00,1,1.00
28167,1,1368,1368.00,184,184.00,1761751,1761751.00,4627942,4627942.00,15300,15300.00,1,1.00
28176,1,1382,1382.00,193,193.00,1783871,1783871.00,5236067,5236067.00,15613,15613.00,1,1.00
28178,1,1391,1391.00,185,185.00,1636999,1636999.00,3885876,3885876.00,17669,17669.00,1,1.00
28179,1,1375,1375.00,188,188.00,1809258,1809258.00,4919325,4919325.00,14832,14832.00,1,1.00
28193,1,1345,1345.00,158,158.00,1683381,1683381.00,3335657,3335657.00,16737,16737.00,1,1.00
28195,1,1370,1370.00,183,183.00,1775806,1775806.00,4894377,4894377.00,15251,15251.00,2,2.00
28196,1,1380,1380.00,190,190.00,1769546,1769546.00,4711231,4711231.00,15198,15198.00,1,1.00
28201,1,1383,1383.00,192,192.00,1736668,1736668.00,5182415,5182415.00,15485,15485.00,1,1.00
28205,1,1363,1363.00,170,170.00,1991419,1991419.00,4995745,4995745.00,13730,13730.00,1,1.00
28207,1,1400,1400.00,207,207.00,1740414,1740414.00,5131812,5131812.00,16196,16196.00,1,1.00
28208,1,1366,1366.00,181,181.00,1770851,1770851.00,4741966,4741966.00,15311,15311.00,1,1.00
28210,1,1383,1383.00,189,189.00,1819467,1819467.00,5232879,5232879.00,14804,14804.00,1,1.00
28219,1,1363,1363.00,171,171.00,1917008,1917008.00,5076150,5076150.00,15130,15130.00,1,1.00
28255,1,1384,1384.00,189,189.00,1763048,1763048.00,5094937,5094937.00,15879,15879.00,1,1.00
28259,1,1417,1417.00,220,220.00,1685573,1685573.00,5991220,5991220.00,17361,17361.00,1,1.00
28262,1,1422,1422.00,215,215.00,1687170,1687170.00,5149898,5149898.00,16650,16650.00,1,1.00
28267,1,1397,1397.00,183,183.00,1890656,1890656.00,5366978,5366978.00,15667,15667.00,1,1.00
28280,1,1378,1378.00,190,190.00,1773885,1773885.00,4775091,4775091.00,15466,15466.00,1,1.00
28282,1,1383,1383.00,196,196.00,1816081,1816081.00,5313978,5313978.00,14905,14905.00,1,1.00
28283,1,157,157.00,104,104.00,300350,300350.00,1102888,1102888.00,22436,22436.00,5189,5189.00
28291,1,1379,1379.00,189,189.00,1665668,1665668.00,4509511,4509511.00,18269,18269.00,1,1.00
28292,1,1392,1392.00,186,186.00,1958545,1958545.00,6437724,6437724.00,15693,15693.00,1,1.00
28295,1,1396,1396.00,203,203.00,1689227,1689227.00,4584253,4584253.00,15964,15964.00,1,1.00
28300,2,2801,1400.50,415,207.50,3492320,1746160.00,9525171,4762585.50,32968,16484.00,2,1.00
28307,1,1397,1397.00,198,198.00,1773214,1773214.00,4745217,4745217.00,15694,15694.00,1,1.00
28327,1,1414,1414.00,217,217.00,1954504,1954504.00,7295571,7295571.00,14887,14887.00,1,1.00
28339,1,1370,1370.00,181,181.00,1812173,1812173.00,4752554,4752554.00,14818,14818.00,1,1.00
28342,1,1398,1398.00,197,197.00,1784913,1784913.00,5403645,5403645.00,15925,15925.00,1,1.00
28349,1,1393,1393.00,196,196.00,1796086,1796086.00,4951314,4951314.00,15929,15929.00,1,1.00
28361,1,1395,1395.00,191,191.00,1780984,1780984.00,4640270,4640270.00,15705,15705.00,1,1.00
28367,1,1342,1342.00,150,150.00,2021135,2021135.00,4981049,4981049.00,14248,14248.00,1,1.00
28371,1,1386,1386.00,182,182.00,1788828,1788828.00,5055425,5055425.00,15019,15019.00,1,1.00
28381,1,1408,1408.00,210,210.00,1762173,1762173.00,5160753,5160753.00,16983,16983.00,1,1.00
28382,1,1393,1393.00,181,181.00,1924717,1924717.00,5894305,5894305.00,14634,14634.00,1,1.00
28383,2,2820,1410.00,414,207.00,3545494,1772747.00,11022089,5511044.50,30235,15117.50,2,1.00
28385,1,169,169.00,120,120.00,289073,289073.00,1114381,1114381.00,22562,22562.00,5189,5189.00
28386,1,1393,1393.00,188,188.00,1715185,1715185.00,4905085,4905085.00,17040,17040.00,1,1.00
28412,1,1383,1383.00,180,180.00,1975093,1975093.00,5699146,5699146.00,14619,14619.00,1,1.00
28425,1,1395,1395.00,197,197.00,1825661,1825661.00,5412278,5412278.00,15166,15166.00,1,1.00
28435,1,1421,1421.00,197,197.00,1644085,1644085.00,4550647,4550647.00,18484,18484.00,1,1.00
28440,1,1386,1386.00,182,182.00,1836779,1836779.00,5459402,5459402.00,16331,16331.00,1,1.00
28454,1,1412,1412.00,204,204.00,1770979,1770979.00,4498583,4498583.00,15677,15677.00,1,1.00
28503,1,1394,1394.00,194,194.00,1786223,1786223.00,5192972,5192972.00,16274,16274.00,1,1.00
28505,1,1391,1391.00,192,192.00,1802748,1802748.00,4986993,4986993.00,15842,15842.00,1,1.00
28509,1,1428,1428.00,218,218.00,1847445,1847445.00,5255215,5255215.00,15452,15452.00,1,1.00
28528,1,1407,1407.00,204,204.00,1815013,1815013.00,5429948,5429948.00,15957,15957.00,1,1.00
28535,1,1384,1384.00,178,178.00,1994975,1994975.00,5868698,5868698.00,15539,15539.00,1,1.00
28536,1,1388,1388.00,182,182.00,1870871,1870871.00,5293970,5293970.00,15172,15172.00,1,1.00
28559,1,1380,1380.00,172,172.00,1901566,1901566.00,5182810,5182810.00,15035,15035.00,1,1.00
28562,1,1381,1381.00,168,168.00,1901773,1901773.00,4976788,4976788.00,16224,16224.00,1,1.00
28568,1,1404,1404.00,193,193.00,1823119,1823119.00,5535506,5535506.00,15253,15253.00,1,1.00
28603,1,1402,1402.00,196,196.00,1802935,1802935.00,4999132,4999132.00,16079,16079.00,1,1.00
28613,1,1377,1377.00,177,177.00,1890176,1890176.00,5186768,5186768.00,15141,15141.00,1,1.00
28621,1,1406,1406.00,187,187.00,1927866,1927866.00,5938885,5938885.00,14649,14649.00,1,1.00
28623,1,1405,1405.00,188,188.00,1915664,1915664.00,6188727,6188727.00,14479,14479.00,1,1.00
28627,1,1394,1394.00,189,189.00,1803906,1803906.00,4737353,4737353.00,15558,15558.00,1,1.00
28643,1,1397,1397.00,180,180.00,1831078,1831078.00,4979879,4979879.00,15918,15918.00,1,1.00
28666,1,1397,1397.00,191,191.00,1824198,1824198.00,5007875,5007875.00,15488,15488.00,1,1.00
28683,1,1419,1419.00,201,201.00,1802161,1802161.00,5352642,5352642.00,15908,15908.00,1,1.00
28719,1,1387,1387.00,172,172.00,1915359,1915359.00,5347265,5347265.00,15220,15220.00,1,1.00
28741,2,2814,1407.00,387,193.50,3668608,1834304.00,11348910,5674455.00,31013,15506.50,2,1.00
28742,1,124,124.00,86,86.00,274724,274724.00,1093080,1093080.00,23194,23194.00,5189,5189.00
28750,1,1413,1413.00,193,193.00,1701378,1701378.00,4656536,4656536.00,18064,18064.00,1,1.00
28777,1,1416,1416.00,201,201.00,1860318,1860318.00,5372615,5372615.00,15290,15290.00,1,1.00
28796,1,1365,1365.00,151,151.00,2012283,2012283.00,5196694,5196694.00,15193,15193.00,1,1.00
28797,1,1399,1399.00,183,183.00,2058226,2058226.00,6355826,6355826.00,14857,14857.00,1,1.00
28798,1,1416,1416.00,200,200.00,1901506,1901506.00,6249517,6249517.00,15570,15570.00,1,1.00
28804,1,1458,1458.00,216,216.00,1554540,1554540.00,4152322,4152322.00,19646,19646.00,1,1.00
28806,1,1406,1406.00,192,192.00,1821906,1821906.00,4655305,4655305.00,15511,15511.00,1,1.00
28809,1,1413,1413.00,192,192.00,1926986,1926986.00,6248273,6248273.00,15750,15750.00,1,1.00
28862,1,1393,1393.00,176,176.00,1910368,1910368.00,5178612,5178612.00,15203,15203.00,1,1.00
28866,1,1387,1387.00,169,169.00,2042227,2042227.00,5967501,5967501.00,15014,15014.00,1,1.00
28876,1,10690,10690.00,1302,1302.00,1969447,1969447.00,650794,650794.00,3106,3106.00,0,0.00
28923,1,1419,1419.00,199,199.00,1803065,1803065.00,4742460,4742460.00,16210,16210.00,1,1.00
28940,1,1436,1436.00,206,206.00,1873782,1873782.00,5845497,5845497.00,15266,15266.00,1,1.00
28972,1,1448,1448.00,203,203.00,1751413,1751413.00,5396341,5396341.00,17952,17952.00,1,1.00
28976,1,1396,1396.00,172,172.00,1952154,1952154.00,5311111,5311111.00,15697,15697.00,1,1.00
28993,1,137,137.00,93,93.00,280187,280187.00,1082929,1082929.00,23309,23309.00,5189,5189.00
29025,1,1435,1435.00,203,203.00,1836889,1836889.00,4828547,4828547.00,16192,16192.00,1,1.00
29033,1,1437,1437.00,208,208.00,1837228,1837228.00,5493886,5493886.00,16038,16038.00,1,1.00
29040,1,1425,1425.00,196,196.00,1902190,1902190.00,6660664,6660664.00,14729,14729.00,1,1.00
29120,1,1447,1447.00,211,211.00,1838433,1838433.00,5001865,5001865.00,15642,15642.00,1,1.00
29123,2,2849,1424.50,391,195.50,3629855,1814927.50,9231534,4615767.00,32651,16325.50,2,1.00
29343,1,1430,1430.00,184,184.00,2100408,2100408.00,6827649,6827649.00,16047,16047.00,1,1.00
29376,1,1393,1393.00,169,169.00,1909895,1909895.00,5318830,5318830.00,16844,16844.00,1,1.00
29404,1,8,8.00,6,6.00,77395,77395.00,17227919,17227919.00,22815,22815.00,3259,3259.00
29446,1,1384,1384.00,149,149.00,2044674,2044674.00,5175691,5175691.00,16835,16835.00,1,1.00
29650,1,143,143.00,99,99.00,280707,280707.00,1105127,1105127.00,23801,23801.00,5189,5189.00
29796,1,1404,1404.00,153,153.00,2022944,2022944.00,5312505,5312505.00,16504,16504.00,1,1.00
32484,1,9096,9096.00,0,0.00,1228284,1228284.00,1009836,1009836.00,31848,31848.00,864,864.00
32998,1,5,5.00,7,7.00,2165,2165.00,76762,76762.00,126,126.00,13,13.00
34014,1,2605,2605.00,55,55.00,39450,39450.00,38559,38559.00,1017,1017.00,267,267.00
35811,1,13386,13386.00,1794,1794.00,2429922,2429922.00,828456,828456.00,1352,1352.00,0,0.00
36214,1,274,274.00,189,189.00,377679,377679.00,2057918,2057918.00,28911,28911.00,6533,6533.00
39830,1,106,106.00,153,153.00,55094,55094.00,510257,510257.00,37968,37968.00,212,212.00
44177,1,11,11.00,5,5.00,147593,147593.00,18963866,18963866.00,23048,23048.00,2,2.00
44368,1,3285,3285.00,47,47.00,19986,19986.00,25102,25102.00,538,538.00,356,356.00
44660,1,3345,3345.00,48,48.00,29979,29979.00,37653,37653.00,807,807.00,356,356.00
46208,1,2,2.00,2,2.00,2144,2144.00,107660,107660.00,94,94.00,13,13.00
47124,1,4,4.00,4,4.00,129672,129672.00,42496799,42496799.00,35709,35709.00,5231,5231.00
47452,1,2299,2299.00,421,421.00,158966,158966.00,1293058,1293058.00,42829,42829.00,5,5.00
49315,1,2059,2059.00,32,32.00,93884,93884.00,4074250,4074250.00,47346,47346.00,12,12.00
50793,1,24,24.00,15,15.00,130485,130485.00,49489418,49489418.00,39391,39391.00,5627,5627.00
54866,1,28,28.00,16,16.00,2071,2071.00,72997,72997.00,54639,54639.00,13,13.00
63447,1,4241,4241.00,46,46.00,6114006,6114006.00,6416504,6416504.00,59534,59534.00,1542,1542.00
66794,1,2,2.00,2,2.00,2144,2144.00,155778,155778.00,53,53.00,13,13.00
79196,1,2,2.00,2,2.00,2165,2165.00,183862,183862.00,426,426.00,13,13.00
82580,1,232,232.00,165,165.00,846116,846116.00,5717900,5717900.00,66167,66167.00,15749,15749.00
91020,1,278,278.00,190,190.00,951097,951097.00,6667839,6667839.00,72740,72740.00,17285,17285.00
93874,1,560,560.00,379,379.00,990715,990715.00,10423597,10423597.00,72929,72929.00,17669,17669.00
95163,1,6359,6359.00,64,64.00,9170974,9170974.00,9624756,9624756.00,89301,89301.00,2313,2313.00
95169,1,6361,6361.00,68,68.00,9171002,9171002.00,9624756,9624756.00,89301,89301.00,2313,2313.00
96260,1,2,2.00,2,2.00,2165,2165.00,224532,224532.00,55,55.00,13,13.00
103449,1,266,266.00,182,182.00,1007136,1007136.00,7495766,7495766.00,79818,79818.00,19589,19589.00
106812,1,39468,39468.00,4692,4692.00,7240140,7240140.00,2486160,2486160.00,8604,8604.00,0,0.00
108044,1,2,2.00,2,2.00,2144,2144.00,252028,252028.00,53,53.00,13,13.00
108266,1,2,2.00,2,2.00,2144,2144.00,252042,252042.00,274,274.00,13,13.00
110744,1,223,223.00,162,162.00,1067208,1067208.00,14040139,14040139.00,86045,86045.00,21125,21125.00
112130,1,289,289.00,238,238.00,1128246,1128246.00,8201399,8201399.00,89754,89754.00,21125,21125.00
112355,1,16,16.00,10,10.00,2195,2195.00,242615,242615.00,346,346.00,13,13.00
115166,1,278,278.00,195,195.00,1132936,1132936.00,8595532,8595532.00,90187,90187.00,21893,21893.00
124064,1,464,464.00,340,340.00,1253829,1253829.00,26593415,26593415.00,96292,96292.00,23813,23813.00
124081,1,470,470.00,330,330.00,1309003,1309003.00,27295631,27295631.00,94541,94541.00,23813,23813.00
124364,1,452,452.00,338,338.00,1254371,1254371.00,14389146,14389146.00,97818,97818.00,23813,23813.00
124377,1,490,490.00,345,345.00,1253787,1253787.00,14230637,14230637.00,99138,99138.00,23813,23813.00
126813,1,118,118.00,165,165.00,267503,267503.00,64497630,64497630.00,112072,112072.00,6376,6376.00
126876,1,8476,8476.00,80,80.00,12227928,12227928.00,12833008,12833008.00,119068,119068.00,3084,3084.00
127009,1,477,477.00,399,399.00,1294433,1294433.00,13921501,13921501.00,102240,102240.00,23813,23813.00
128620,1,459,459.00,379,379.00,1257206,1257206.00,12759673,12759673.00,103827,103827.00,23813,23813.00
128673,1,4,4.00,3,3.00,2165,2165.00,300104,300104.00,84,84.00,13,13.00
131272,1,14,14.00,8,8.00,2165,2165.00,305341,305341.00,366,366.00,13,13.00
132294,1,305,305.00,240,240.00,1274096,1274096.00,17731191,17731191.00,105840,105840.00,24965,24965.00
132393,1,21,21.00,6,6.00,435724,435724.00,124083315,124083315.00,68488,68488.00,4,4.00
143342,1,2,2.00,2,2.00,2165,2165.00,333551,333551.00,420,420.00,13,13.00
145670,1,6,6.00,4,4.00,2195,2195.00,314999,314999.00,304,304.00,13,13.00
147242,1,28,28.00,16,16.00,2165,2165.00,342791,342791.00,192,192.00,13,13.00
154608,1,18168,18168.00,288,288.00,16895491,16895491.00,11529137,11529137.00,135660,135660.00,636,636.00
163509,1,3,3.00,3,3.00,2165,2165.00,381360,381360.00,96,96.00,13,13.00
167011,1,8308,8308.00,1467,1467.00,799621,799621.00,6746200,6746200.00,164794,164794.00,5,5.00
177753,1,7,7.00,5,5.00,2197,2197.00,384367,384367.00,369,369.00,13,13.00
185074,1,137,137.00,276,276.00,600704,600704.00,176960578,176960578.00,151462,151462.00,14872,14872.00
190778,1,6,6.00,4,4.00,2197,2197.00,412343,412343.00,483,483.00,13,13.00
197356,1,18,18.00,10,10.00,2197,2197.00,426747,426747.00,339,339.00,13,13.00
202358,1,208,208.00,306,306.00,1062109,1062109.00,509135679,509135679.00,151634,151634.00,23631,23631.00
206874,1,9080,9080.00,947,947.00,870572,870572.00,6328439,6328439.00,205864,205864.00,5,5.00
216188,1,2,2.00,2,2.00,2165,2165.00,503636,503636.00,372,372.00,13,13.00
216524,1,2,2.00,2,2.00,2144,2144.00,504364,504364.00,394,394.00,13,13.00
220190,1,8,8.00,3,3.00,733555,733555.00,497511972,497511972.00,110428,110428.00,2,2.00
220262,1,23,23.00,11,11.00,725984,725984.00,483683813,483683813.00,113013,113013.00,2,2.00
220295,1,26,26.00,13,13.00,686896,686896.00,485271934,485271934.00,112868,112868.00,2,2.00
226508,1,2,2.00,2,2.00,2197,2197.00,489836,489836.00,471,471.00,13,13.00
226517,1,19,19.00,11,11.00,2165,2165.00,527380,527380.00,426,426.00,13,13.00
229732,1,14,14.00,8,8.00,2165,2165.00,535473,535473.00,198,198.00,13,13.00
232330,1,18,18.00,10,10.00,2165,2165.00,540891,540891.00,450,450.00,13,13.00
234364,1,14,14.00,8,8.00,2197,2197.00,506515,506515.00,555,555.00,13,13.00
242324,1,6,6.00,4,4.00,2165,2165.00,565265,565265.00,72,72.00,13,13.00
242648,1,8,8.00,4,4.00,2144,2144.00,564983,564983.00,508,508.00,13,13.00
246373,1,15,15.00,9,9.00,2165,2165.00,574238,574238.00,216,216.00,13,13.00
263576,1,2,2.00,2,2.00,2144,2144.00,614123,614123.00,406,406.00,13,13.00
268255,1,8,8.00,6,6.00,2193,2193.00,625134,625134.00,342,342.00,13,13.00
274424,1,10,10.00,6,6.00,2165,2165.00,639702,639702.00,246,246.00,13,13.00
299198,1,2,2.00,2,2.00,2197,2197.00,647292,647292.00,489,489.00,13,13.00
300314,1,2,2.00,2,2.00,2197,2197.00,650061,650061.00,327,327.00,13,13.00
310832,1,2,2.00,2,2.00,2165,2165.00,725103,725103.00,97,97.00,13,13.00
337478,1,2,2.00,2,2.00,2165,2165.00,786899,786899.00,264,264.00,13,13.00
343755,1,19,19.00,2,2.00,2144,2144.00,800799,800799.00,286,286.00,20,20.00
380628,1,25428,25428.00,240,240.00,35868660,35868660.00,38207700,38207700.00,357204,357204.00,9252,9252.00
630245,1,58524,58524.00,23158,23158.00,8374249,8374249.00,559230106,559230106.00,616338,616338.00,5,5.00
656252,1,30664,30664.00,4113,4113.00,1930476,1930476.00,148243181,148243181.00,614012,614012.00,5,5.00
688868,1,49049,49049.00,14570,14570.00,6460692,6460692.00,276261654,276261654.00,678501,678501.00,5,5.00
1550465,1,92157,92157.00,21177,21177.00,6449769,6449769.00,529987009,529987009.00,1536936,1536936.00,15,15.00
1585122,1,98159,98159.00,39780,39780.00,123868744,123868744.00,1996347399,1996347399.00,1533923,1533923.00,5,5.00
1776192,1,101843,101843.00,21371,21371.00,6959112,6959112.00,531435238,531435238.00,1763247,1763247.00,7,7.00
3238470,1,118603,118603.00,94,94.00,201180191,201180191.00,26277417954,26277417954.00,2810151,2810151.00,24,24.00
4226738,1,197851,197851.00,80921,80921.00,258512414,258512414.00,73133835181,73133835181.00,2237985,2237985.00,14,14.00
