tree_size,count,reads,avg_reads,writes,avg_writes,visited,avg_visited,skipped,avg_skipped,gc_pruned,avg_gc_pruned,exposures,avg_exposures
1,162130,356313,2.20,267781,1.65,2246142,13.85,230253,1.42,6950,0.04,2171,0.01
2,33792,164246,4.86,115171,3.41,498191,14.74,52424,1.55,2884,0.09,710,0.02
3,48603,136345,2.81,105681,2.17,737094,15.17,49945,1.03,900,0.02,3060,0.06
4,24409,109983,4.51,91243,3.74,1859031,76.16,383536,15.71,20774,0.85,1205,0.05
5,27115,114713,4.23,96031,3.54,2492123,91.91,520800,19.21,25045,0.92,351,0.01
6,14246,92279,6.48,78615,5.52,319880,22.45,28909,2.03,367,0.03,470,0.03
7,11658,74869,6.42,60281,5.17,472649,40.54,83515,7.16,297,0.03,299,0.03
8,8758,65200,7.44,54766,6.25,3233360,369.19,752438,85.91,40219,4.59,312,0.04
9,14449,117270,8.12,104642,7.24,9736866,673.88,5018873,347.35,162749,11.26,160,0.01
10,5726,49820,8.70,38580,6.74,349667,61.07,56872,9.93,213,0.04,321,0.06
11,5180,39766,7.68,31931,6.16,475526,91.80,44369,8.57,560,0.11,4109,0.79
12,5244,46798,8.92,37994,7.25,380622,72.58,41573,7.93,0,0.00,1848,0.35
13,3328,37976,11.41,31606,9.50,3522038,1058.30,848415,254.93,45081,13.55,782,0.23
14,4973,76635,15.41,72571,14.59,2435699,489.78,574836,115.59,30054,6.04,691,0.14
15,4864,53395,10.98,46882,9.64,336541,69.19,32973,6.78,67,0.01,418,0.09
16,3258,56595,17.37,54017,16.58,306269,94.01,36802,11.30,114,0.03,581,0.18
17,2445,33042,13.51,29240,11.96,390409,159.68,48664,19.90,0,0.00,422,0.17
18,5376,94177,17.52,83020,15.44,6803848,1265.60,1646453,306.26,90162,16.77,516,0.10
19,2296,40758,17.75,34767,15.14,260048,113.26,38263,16.67,0,0.00,417,0.18
20,2270,39310,17.32,34644,15.26,4230672,1863.73,3348139,1474.95,86568,38.14,1078,0.47
21,3046,44107,14.48,39496,12.97,359974,118.18,47653,15.64,0,0.00,537,0.18
22,2226,59999,26.95,51318,23.05,4163528,1870.41,3352612,1506.12,86568,38.89,394,0.18
23,1614,40347,25.00,33481,20.74,237795,147.33,47167,29.22,0,0.00,266,0.16
24,2855,55090,19.30,50230,17.59,4817462,1687.38,3768095,1319.82,97588,34.18,4048,1.42
25,1573,28992,18.43,25182,16.01,333997,212.33,39992,25.42,0,0.00,2588,1.65
26,1106,22924,20.73,19774,17.88,2653736,2399.40,2109456,1907.28,54105,48.92,932,0.84
27,2863,59586,20.81,52626,18.38,404595,141.32,51999,18.16,0,0.00,830,0.29
28,956,22549,23.59,19246,20.13,222155,232.38,46452,48.59,0,0.00,808,0.85
29,1357,30307,22.33,24274,17.89,300680,221.58,119793,88.28,213,0.16,2623,1.93
30,1173,24323,20.74,19313,16.46,292787,249.61,73190,62.40,0,0.00,1345,1.15
31,1253,34188,27.28,28043,22.38,215946,172.34,141382,112.83,0,0.00,861,0.69
32,1175,26123,22.23,22709,19.33,5197159,4423.11,1329020,1131.08,70126,59.68,964,0.82
33,1563,28055,17.95,25653,16.41,267816,171.35,76797,49.13,0,0.00,2588,1.66
34,1174,25223,21.48,24523,20.89,228364,194.52,56839,48.41,0,0.00,1077,0.92
35,1177,22655,19.25,21191,18.00,269668,229.11,33306,28.30,0,0.00,1162,0.99
36,2177,50723,23.30,43733,20.09,14096705,6475.29,8120656,3730.20,253832,116.60,1265,0.58
37,801,21461,26.79,18377,22.94,277349,346.25,46262,57.76,0,0.00,836,1.04
38,574,16483,28.72,14797,25.78,197414,343.93,25476,44.38,0,0.00,767,1.34
39,1683,40505,24.07,36538,21.71,4777174,2838.49,3749811,2228.05,97389,57.87,881,0.52
40,733,22109,30.16,20268,27.65,3412978,4656.18,824469,1124.79,45081,61.50,570,0.78
41,624,18168,29.12,16484,26.42,547823,877.92,109845,176.03,5009,8.03,465,0.75
42,3047,58877,19.32,44905,14.74,9759410,3202.96,7509866,2464.68,194778,63.92,2172,0.71
43,1286,33254,25.86,29210,22.71,616089,479.07,47869,37.22,0,0.00,798,0.62
44,811,19780,24.39,17561,21.65,7189791,8865.34,5828932,7187.34,151494,186.80,575,0.71
45,1134,27035,23.84,24367,21.49,427244,376.76,54209,47.80,0,0.00,504,0.44
46,1189,31239,26.27,26642,22.41,495719,416.92,36222,30.46,1696,1.43,2475,2.08
47,777,24406,31.41,22498,28.95,293819,378.15,43550,56.05,0,0.00,1055,1.36
48,1961,45803,23.36,43002,21.93,711940,363.05,61784,31.51,0,0.00,979,0.50
49,538,15470,28.75,13412,24.93,327357,608.47,37728,70.13,0,0.00,641,1.19
50,477,15798,33.12,14746,30.91,250768,525.72,28040,58.78,0,0.00,367,0.77
51,781,22329,28.59,20431,26.16,5326676,6820.33,3042804,3896.04,94980,121.61,432,0.55
52,489,14050,28.73,11623,23.77,217355,444.49,25549,52.25,0,0.00,316,0.65
53,521,16566,31.80,14953,28.70,289751,556.14,28953,55.57,0,0.00,523,1.00
54,1698,47233,27.82,37828,22.28,496557,292.44,33530,19.75,0,0.00,368,0.22
55,380,11975,31.51,10192,26.82,304838,802.21,24212,63.72,480,1.26,404,1.06
56,368,13113,35.63,11251,30.57,239039,649.56,17187,46.70,0,0.00,378,1.03
57,865,30229,34.95,27352,31.62,367448,424.80,23603,27.29,240,0.28,418,0.48
58,468,20587,43.99,15114,32.29,248239,530.43,18112,38.70,0,0.00,380,0.81
59,508,21426,42.18,18318,36.06,708150,1394.00,514219,1012.24,10821,21.30,252,0.50
60,659,21545,32.69,20002,30.35,263977,400.57,43335,65.76,0,0.00,304,0.46
61,328,11596,35.35,9765,29.77,357298,1089.32,32954,100.47,1696,5.17,229,0.70
62,309,12396,40.12,10463,33.86,197799,640.13,35843,116.00,0,0.00,395,1.28
63,1010,38312,37.93,29425,29.13,467118,462.49,201680,199.68,0,0.00,534,0.53
64,378,15730,41.61,14458,38.25,230729,610.39,33388,88.33,0,0.00,330,0.87
65,393,17357,44.17,10212,25.98,540271,1374.74,91362,232.47,0,0.00,235,0.60
66,865,26641,30.80,23509,27.18,408914,472.73,54091,62.53,0,0.00,137,0.16
67,539,20522,38.07,15903,29.50,355148,658.90,48319,89.65,53,0.10,209,0.39
68,251,11903,47.42,9424,37.55,197971,788.73,29240,116.49,0,0.00,207,0.82
69,1012,31598,31.22,24259,23.97,737547,728.80,91749,90.66,0,0.00,176,0.17
70,499,22407,44.90,19194,38.46,369628,740.74,43442,87.06,0,0.00,121,0.24
71,757,27048,35.73,17530,23.16,838337,1107.45,288136,380.63,174,0.23,141,0.19
72,418,17594,42.09,10937,26.17,405948,971.17,108858,260.43,119,0.28,206,0.49
73,259,11945,46.12,8914,34.42,265406,1024.73,46076,177.90,180,0.69,171,0.66
74,545,24763,45.44,20252,37.16,302726,555.46,47514,87.18,0,0.00,204,0.37
75,865,30812,35.62,26079,30.15,380184,439.52,31314,36.20,153,0.18,182,0.21
76,736,32970,44.80,24967,33.92,324136,440.40,31853,43.28,57,0.08,107,0.15
77,414,16817,40.62,14866,35.91,384977,929.90,50315,121.53,1293,3.12,192,0.46
78,207,9765,47.17,8056,38.92,201510,973.48,30612,147.88,350,1.69,131,0.63
79,230,9562,41.57,8924,38.80,487764,2120.71,74556,324.16,1440,6.26,514,2.23
80,261,11118,42.60,8965,34.35,360529,1381.34,59138,226.58,182,0.70,478,1.83
81,652,26406,40.50,20885,32.03,337860,518.19,36839,56.50,124,0.19,146,0.22
82,247,10716,43.38,9170,37.13,1981235,8021.19,474318,1920.32,25045,101.40,142,0.57
83,400,16990,42.48,14176,35.44,212028,530.07,23678,59.20,55,0.14,106,0.27
84,938,11404,12.16,9753,10.40,618264,659.13,60666,64.68,290,0.31,1565,1.67
85,346,9025,26.08,7768,22.45,277454,801.89,30567,88.34,131,0.38,517,1.49
86,209,8710,41.67,6768,32.38,207021,990.53,30689,146.84,128,0.61,227,1.09
87,528,23492,44.49,20419,38.67,329805,624.63,34389,65.13,222,0.42,248,0.47
88,179,8360,46.70,6902,38.56,164665,919.92,26526,148.19,0,0.00,161,0.90
89,151,7632,50.54,6687,44.28,138458,916.94,19783,131.01,74,0.49,160,1.06
90,216,8724,40.39,6867,31.79,263121,1218.15,30137,139.52,864,4.00,144,0.67
91,156,7961,51.03,5839,37.43,165065,1058.11,22358,143.32,122,0.78,195,1.25
92,148,7104,48.00,6255,42.26,176062,1189.61,22014,148.74,0,0.00,235,1.59
93,626,25450,40.65,22576,36.06,3213924,5134.06,2504997,4001.59,65042,103.90,143,0.23
94,144,7731,53.69,5968,41.44,146770,1019.24,25292,175.64,127,0.88,126,0.88
95,115,4911,42.70,3908,33.98,469436,4082.05,42635,370.74,3171,27.57,178,1.55
96,193,9255,47.95,6612,34.26,201986,1046.56,26578,137.71,247,1.28,133,0.69
97,156,4806,30.81,2980,19.10,2730815,17505.22,761589,4881.98,35115,225.10,137,0.88
98,121,5367,44.36,3735,30.87,144594,1194.99,45426,375.42,0,0.00,126,1.04
99,213,10254,48.14,7763,36.45,369214,1733.40,56048,263.14,1743,8.18,168,0.79
100,156,6652,42.64,4451,28.53,249738,1600.88,45007,288.51,1450,9.29,238,1.53
101,141,5453,38.67,3429,24.32,361262,2562.14,85443,605.98,433,3.07,500,3.55
102,697,35315,50.67,26243,37.65,2852906,4093.12,2117428,3037.92,54337,77.96,221,0.32
103,113,5079,44.95,3813,33.74,145338,1286.18,27876,246.69,124,1.10,161,1.42
104,104,4783,45.99,3468,33.35,160348,1541.81,26294,252.83,222,2.13,189,1.82
105,195,12951,66.42,9901,50.77,321833,1650.43,146460,751.08,121,0.62,156,0.80
106,112,6122,54.66,4923,43.96,154423,1378.78,28578,255.16,135,1.21,132,1.18
107,115,10377,90.23,3781,32.88,168510,1465.30,47142,409.93,0,0.00,110,0.96
108,114,7122,62.47,5379,47.18,127668,1119.89,33927,297.61,162,1.42,94,0.82
109,78,4321,55.40,3192,40.92,143831,1843.99,27440,351.79,301,3.86,118,1.51
110,127,5653,44.51,3917,30.84,340866,2683.98,82647,650.76,1132,8.91,508,4.00
111,86,4156,48.33,3272,38.05,115684,1345.16,15197,176.71,169,1.97,113,1.31
112,118,6606,55.98,5371,45.52,201579,1708.30,26347,223.28,972,8.24,216,1.83
113,76,4571,60.14,2923,38.46,116958,1538.92,30682,403.71,205,2.70,105,1.38
114,74,4354,58.84,2544,34.38,128699,1739.18,22691,306.64,0,0.00,118,1.59
115,71,4870,68.59,3310,46.62,73980,1041.97,16198,228.14,230,3.24,165,2.32
116,105,6072,57.83,3706,35.30,247447,2356.64,36575,348.33,125,1.19,96,0.91
117,98,5715,58.32,3969,40.50,287009,2928.66,45598,465.29,1554,15.86,75,0.77
118,56,2792,49.86,2018,36.04,114697,2048.16,19209,343.02,181,3.23,46,0.82
119,83,5762,69.42,3750,45.18,142579,1717.82,40607,489.24,31,0.37,84,1.01
120,59,3157,53.51,1945,32.97,139235,2359.92,25629,434.39,226,3.83,102,1.73
121,8380,1842804,219.91,1904867,227.31,209681767,25021.69,83941886,10016.93,2347006,280.07,1182,0.14
122,97,4819,49.68,2905,29.95,204905,2112.42,111608,1150.60,386,3.98,158,1.63
123,181,10817,59.76,7038,38.88,234004,1292.84,75096,414.90,0,0.00,42,0.23
124,70,3276,46.80,2298,32.83,227689,3252.70,68195,974.21,0,0.00,160,2.29
125,68,3907,57.46,2409,35.43,193681,2848.25,58314,857.56,200,2.94,112,1.65
126,113,7716,68.28,5818,51.49,189795,1679.60,53345,472.08,223,1.97,79,0.70
127,113,15192,134.44,3500,30.97,247588,2191.04,70592,624.71,489,4.33,65,0.58
128,69,4035,58.48,2485,36.01,183724,2662.67,47783,692.51,435,6.30,52,0.75
129,94,5864,62.38,3890,41.38,187005,1989.41,38186,406.23,157,1.67,77,0.82
130,61,4132,67.74,2827,46.34,154394,2531.05,30091,493.30,261,4.28,103,1.69
131,70,4749,67.84,2766,39.51,196602,2808.60,65795,939.93,0,0.00,42,0.60
132,67,4006,59.79,2200,32.84,119796,1788.00,27778,414.60,86,1.28,68,1.01
133,130,7158,55.06,2281,17.55,521987,4015.28,347530,2673.31,2067,15.90,232,1.78
134,65,3381,52.02,1766,27.17,181316,2789.48,62711,964.78,538,8.28,119,1.83
135,74,5329,72.01,3612,48.81,200377,2707.80,60058,811.59,889,12.01,56,0.76
136,70,4444,63.49,2759,39.41,136746,1953.51,53614,765.91,287,4.10,66,0.94
137,40,2313,57.83,1171,29.27,124977,3124.43,22951,573.77,511,12.78,80,2.00
138,70,4100,58.57,1920,27.43,372155,5316.50,82663,1180.90,1169,16.70,76,1.09
139,70,5002,71.46,3707,52.96,166961,2385.16,44982,642.60,274,3.91,52,0.74
140,50,3448,68.96,2276,45.52,148664,2973.28,38498,769.96,457,9.14,52,1.04
141,69,5102,73.94,3222,46.70,255650,3705.07,66253,960.19,232,3.36,44,0.64
142,69,4305,62.39,2920,42.32,3553889,51505.64,2940755,42619.64,76096,1102.84,34,0.49
143,53,3789,71.49,1426,26.91,242024,4566.49,65879,1243.00,123,2.32,26,0.49
144,104,6904,66.38,4074,39.17,265965,2557.36,69852,671.65,900,8.65,109,1.05
145,64,4461,69.70,2578,40.28,268887,4201.36,85558,1336.84,337,5.27,224,3.50
146,55,3674,66.80,1895,34.45,230200,4185.45,76112,1383.85,500,9.09,99,1.80
147,72,4531,62.93,2618,36.36,229793,3191.57,77050,1070.14,285,3.96,38,0.53
148,56,4877,87.09,2532,45.21,235517,4205.66,63978,1142.46,275,4.91,29,0.52
149,54,3787,70.13,2080,38.52,208272,3856.89,80804,1496.37,696,12.89,89,1.65
150,45,3064,68.09,1524,33.87,81916,1820.36,34423,764.96,114,2.53,42,0.93
151,53,3852,72.68,2505,47.26,196427,3706.17,50024,943.85,0,0.00,38,0.72
152,53,4595,86.70,3202,60.42,132725,2504.25,46258,872.79,0,0.00,47,0.89
153,52,4115,79.13,2457,47.25,131833,2535.25,49648,954.77,190,3.65,16,0.31
154,40,2626,65.65,1750,43.75,121584,3039.60,45740,1143.50,452,11.30,56,1.40
155,41,3468,84.59,2097,51.15,160734,3920.34,65162,1589.32,85,2.07,11,0.27
156,51,3010,59.02,1804,35.37,139106,2727.57,33330,653.53,184,3.61,35,0.69
157,40,3027,75.67,1667,41.67,152309,3807.72,38240,956.00,163,4.08,38,0.95
158,42,3439,81.88,1819,43.31,196431,4676.93,58166,1384.90,309,7.36,17,0.40
159,33,2645,80.15,1072,32.48,190232,5764.61,49804,1509.21,258,7.82,8,0.24
160,47,3678,78.26,1669,35.51,217607,4629.94,60229,1281.47,159,3.38,0,0.00
161,38,3420,90.00,2209,58.13,125842,3311.63,33717,887.29,271,7.13,90,2.37
162,39,3204,82.15,1607,41.21,143272,3673.64,56220,1441.54,194,4.97,48,1.23
163,35,2611,74.60,1565,44.71,142940,4084.00,39434,1126.69,0,0.00,48,1.37
164,36,2625,72.92,1402,38.94,188534,5237.06,48066,1335.17,280,7.78,150,4.17
165,52,4245,81.63,2680,51.54,204506,3932.81,48352,929.85,188,3.62,105,2.02
166,35,2548,72.80,1316,37.60,165471,4727.74,44930,1283.71,286,8.17,90,2.57
167,42,3544,84.38,2132,50.76,151420,3605.24,45783,1090.07,251,5.98,55,1.31
168,78,4043,51.83,2473,31.71,269028,3449.08,65061,834.12,0,0.00,67,0.86
169,50,3142,62.84,1931,38.62,212618,4252.36,44251,885.02,297,5.94,28,0.56
170,41,3094,75.46,1896,46.24,130234,3176.44,42070,1026.10,308,7.51,48,1.17
171,56,4550,81.25,2037,36.38,192943,3445.41,63470,1133.39,90,1.61,56,1.00
172,33,2852,86.42,1716,52.00,119400,3618.18,41064,1244.36,107,3.24,89,2.70
173,51,4625,90.69,2142,42.00,213295,4182.25,57710,1131.57,248,4.86,100,1.96
174,55,5159,93.80,2231,40.56,301685,5485.18,61054,1110.07,96,1.75,41,0.75
175,36,4261,118.36,1624,45.11,271038,7528.83,72831,2023.08,89,2.47,16,0.44
176,36,3443,95.64,1557,43.25,129815,3605.97,64095,1780.42,0,0.00,28,0.78
177,47,3007,63.98,1648,35.06,177277,3771.85,56882,1210.26,360,7.66,32,0.68
178,35,2801,80.03,1445,41.29,194061,5544.60,44467,1270.49,0,0.00,57,1.63
179,345,13248,38.40,4893,14.18,2394394,6940.27,440075,1275.58,1180,3.42,30,0.09
180,137,6211,45.34,2424,17.69,876814,6400.10,160672,1172.79,951,6.94,31,0.23
181,48,2654,55.29,1467,30.56,227225,4733.85,48230,1004.79,199,4.15,46,0.96
182,43,2689,62.53,1145,26.63,248736,5784.56,65898,1532.51,85,1.98,1,0.02
183,44,3233,73.48,1391,31.61,200729,4562.02,56390,1281.59,0,0.00,6,0.14
184,48,3432,71.50,1718,35.79,300293,6256.10,73262,1526.29,0,0.00,10,0.21
185,168,9243,55.02,5196,30.93,1208587,7193.97,207672,1236.14,1073,6.39,25,0.15
186,67,4445,66.34,2434,36.33,381334,5691.55,95606,1426.96,317,4.73,40,0.60
187,32,2102,65.69,850,26.56,214597,6706.16,43895,1371.72,0,0.00,20,0.62
188,40,2661,66.53,1425,35.62,203244,5081.10,53526,1338.15,181,4.53,44,1.10
189,49,5150,105.10,1786,36.45,258147,5268.31,96242,1964.12,93,1.90,17,0.35
190,54,4037,74.76,1938,35.89,256570,4751.30,67353,1247.28,147,2.72,80,1.48
191,39,2844,72.92,1756,45.03,189142,4849.79,44115,1131.15,283,7.26,31,0.79
192,45,3131,69.58,1463,32.51,239808,5329.07,58442,1298.71,102,2.27,89,1.98
193,42,4168,99.24,1989,47.36,319937,7617.55,90528,2155.43,91,2.17,93,2.21
194,22,2036,92.55,1009,45.86,150614,6846.09,35698,1622.64,0,0.00,43,1.95
195,42,3287,78.26,1680,40.00,226222,5386.24,63761,1518.12,111,2.64,37,0.88
196,21,2064,98.29,710,33.81,164369,7827.10,55133,2625.38,168,8.00,48,2.29
197,33,3245,98.33,1563,47.36,211228,6400.85,66065,2001.97,78,2.36,88,2.67
198,34,2867,84.32,1354,39.82,144912,4262.12,44720,1315.29,106,3.12,59,1.74
199,28,1958,69.93,889,31.75,220682,7881.50,53090,1896.07,352,12.57,71,2.54
200,89,4999,56.17,3311,37.20,880650,9894.94,107953,1212.96,2163,24.30,731,8.21
201,52,3027,58.21,1295,24.90,487882,9382.35,80804,1553.92,571,10.98,343,6.60
202,54,3508,64.96,1736,32.15,463728,8587.56,87266,1616.04,691,12.80,151,2.80
203,31,1833,59.13,916,29.55,313851,10124.23,42106,1358.26,137,4.42,138,4.45
204,40,3588,89.70,1277,31.93,328823,8220.58,78905,1972.62,437,10.93,105,2.62
205,36,2281,63.36,1185,32.92,241405,6705.69,53280,1480.00,615,17.08,208,5.78
206,30,3148,104.93,1057,35.23,244398,8146.60,98949,3298.30,147,4.90,67,2.23
207,36,4116,114.33,2488,69.11,126424,3511.78,57099,1586.08,124,3.44,28,0.78
208,41,3941,96.12,1999,48.76,268353,6545.20,82495,2012.07,382,9.32,114,2.78
209,30,3148,104.93,1311,43.70,297784,9926.13,91018,3033.93,475,15.83,73,2.43
210,61,2838,46.52,1370,22.46,228986,3753.87,48132,789.05,238,3.90,46,0.75
211,24,1834,76.42,999,41.62,117972,4915.50,39702,1654.25,280,11.67,101,4.21
212,26,1970,75.77,785,30.19,195159,7506.12,58450,2248.08,345,13.27,103,3.96
213,27,2022,74.89,1001,37.07,126568,4687.70,33582,1243.78,166,6.15,90,3.33
214,27,949,35.15,527,19.52,101921,3774.85,21924,812.00,367,13.59,60,2.22
215,19,1821,95.84,848,44.63,114319,6016.79,37137,1954.58,0,0.00,17,0.89
216,38,3606,94.89,1985,52.24,211182,5557.42,57735,1519.34,157,4.13,26,0.68
217,20,1895,94.75,976,48.80,91608,4580.40,41305,2065.25,274,13.70,72,3.60
218,29,2373,81.83,929,32.03,266471,9188.66,76288,2630.62,750,25.86,121,4.17
219,41,3181,77.59,1599,39.00,242505,5914.76,61866,1508.93,130,3.17,99,2.41
220,25,2176,87.04,901,36.04,127895,5115.80,43023,1720.92,0,0.00,61,2.44
221,16,1525,95.31,1120,70.00,73601,4600.06,15938,996.12,290,18.12,64,4.00
222,48,3709,77.27,1884,39.25,582331,12131.90,91503,1906.31,1152,24.00,366,7.62
223,46,2333,50.72,1131,24.59,595585,12947.50,69481,1510.46,1329,28.89,425,9.24
224,27,2395,88.70,1358,50.30,262032,9704.89,56265,2083.89,273,10.11,131,4.85
225,20,1917,95.85,879,43.95,113882,5694.10,37036,1851.80,0,0.00,24,1.20
226,9,771,85.67,362,40.22,67971,7552.33,19756,2195.11,203,22.56,2,0.22
227,19,1980,104.21,1332,70.11,137266,7224.53,28003,1473.84,114,6.00,135,7.11
228,30,1984,66.13,1130,37.67,135354,4511.80,27606,920.20,322,10.73,88,2.93
229,21,1831,87.19,761,36.24,177782,8465.81,53109,2529.00,276,13.14,55,2.62
230,19,1729,91.00,895,47.11,155059,8161.00,38735,2038.68,263,13.84,40,2.11
231,33,3465,105.00,1708,51.76,130855,3965.30,44716,1355.03,392,11.88,47,1.42
232,25,2476,99.04,984,39.36,215638,8625.52,63713,2548.52,88,3.52,84,3.36
233,15,1408,93.87,627,41.80,107070,7138.00,42410,2827.33,286,19.07,25,1.67
234,31,2401,77.45,909,29.32,218203,7038.81,54142,1746.52,318,10.26,128,4.13
235,14,1961,140.07,1166,83.29,90604,6471.71,31838,2274.14,0,0.00,2,0.14
236,22,1989,90.41,759,34.50,193407,8791.23,70405,3200.23,69,3.14,49,2.23
237,29,3354,115.66,1908,65.79,114998,3965.45,28715,990.17,128,4.41,13,0.45
238,11,1081,98.27,765,69.55,42152,3832.00,13052,1186.55,0,0.00,17,1.55
239,17,2328,136.94,1688,99.29,78268,4604.00,29045,1708.53,132,7.76,20,1.18
240,17,1610,94.71,707,41.59,91304,5370.82,24959,1468.18,0,0.00,10,0.59
241,20,2584,129.20,1252,62.60,157202,7860.10,59339,2966.95,163,8.15,31,1.55
242,80,19482,243.53,17931,224.14,149753,1871.91,37521,469.01,52,0.65,44,0.55
243,28,3072,109.71,1046,37.36,189587,6770.96,75090,2681.79,366,13.07,26,0.93
244,12,1450,120.83,762,63.50,71335,5944.58,17729,1477.42,0,0.00,62,5.17
245,18,2234,124.11,898,49.89,188096,10449.78,52871,2937.28,184,10.22,44,2.44
246,22,2794,127.00,788,35.82,314394,14290.64,105091,4776.86,473,21.50,44,2.00
247,21,2565,122.14,1087,51.76,260833,12420.62,93377,4446.52,533,25.38,27,1.29
248,14,1686,120.43,381,27.21,180730,12909.29,74339,5309.93,186,13.29,2,0.14
249,25,2246,89.84,745,29.80,228747,9149.88,66393,2655.72,399,15.96,15,0.60
250,19,2243,118.05,1119,58.89,179307,9437.21,48541,2554.79,296,15.58,28,1.47
251,18,2229,123.83,831,46.17,106043,5891.28,28076,1559.78,165,9.17,10,0.56
252,35,3179,90.83,1922,54.91,152179,4347.97,60547,1729.91,173,4.94,34,0.97
253,21,2630,125.24,1910,90.95,126669,6031.86,39214,1867.33,298,14.19,8,0.38
254,18,2335,129.72,1115,61.94,117987,6554.83,41395,2299.72,178,9.89,52,2.89
255,11,1204,109.45,454,41.27,47661,4332.82,20364,1851.27,114,10.36,9,0.82
256,17,2020,118.82,958,56.35,79751,4691.24,32533,1913.71,0,0.00,9,0.53
257,21,3245,154.52,2105,100.24,98144,4673.52,42892,2042.48,76,3.62,4,0.19
258,14,1594,113.86,651,46.50,108837,7774.07,51918,3708.43,221,15.79,11,0.79
259,24,2864,119.33,1543,64.29,187955,7831.46,57368,2390.33,419,17.46,25,1.04
260,18,1914,106.33,586,32.56,150843,8380.17,92943,5163.50,521,28.94,17,0.94
261,38,4229,111.29,1381,36.34,375773,9888.76,67651,1780.29,0,0.00,67,1.76
262,26,3061,117.73,1536,59.08,198390,7630.38,72520,2789.23,294,11.31,71,2.73
263,13,1346,103.54,485,37.31,129376,9952.00,48086,3698.92,400,30.77,24,1.85
264,26,3826,147.15,2217,85.27,214859,8263.81,76577,2945.27,91,3.50,57,2.19
265,20,2747,137.35,832,41.60,201500,10075.00,86543,4327.15,257,12.85,12,0.60
266,10,1353,135.30,455,45.50,106833,10683.30,50412,5041.20,389,38.90,5,0.50
267,18,1611,89.50,780,43.33,104018,5778.78,38331,2129.50,606,33.67,96,5.33
268,12,1016,84.67,489,40.75,101886,8490.50,22263,1855.25,189,15.75,35,2.92
269,18,2363,131.28,949,52.72,164178,9121.00,86730,4818.33,720,40.00,77,4.28
270,45,4086,90.80,5407,120.16,171031,3800.69,71842,1596.49,106,2.36,68,1.51
271,19,2546,134.00,1103,58.05,169362,8913.79,53077,2793.53,103,5.42,14,0.74
272,17,1566,92.12,813,47.82,114245,6720.29,38913,2289.00,106,6.24,46,2.71
273,15,1887,125.80,793,52.87,108815,7254.33,54632,3642.13,157,10.47,12,0.80
274,13,1834,141.08,668,51.38,173634,13356.46,44334,3410.31,0,0.00,2,0.15
275,11,1117,101.55,1177,107.00,74525,6775.00,24569,2233.55,0,0.00,10,0.91
276,17,1490,87.65,1152,67.76,41303,2429.59,18569,1092.29,106,6.24,14,0.82
277,13,881,67.77,515,39.62,58596,4507.38,10899,838.38,392,30.15,31,2.38
278,26,3895,149.81,1341,51.58,313721,12066.19,101158,3890.69,141,5.42,24,0.92
279,26,3583,137.81,2665,102.50,113947,4382.58,78999,3038.42,165,6.35,6,0.23
280,13,1676,128.92,536,41.23,179395,13799.62,50213,3862.54,682,52.46,4,0.31
281,12,1435,119.58,662,55.17,87147,7262.25,19924,1660.33,0,0.00,16,1.33
282,21,4720,224.76,1941,92.43,168666,8031.71,77892,3709.14,82,3.90,8,0.38
283,8,2076,259.50,806,100.75,116626,14578.25,43294,5411.75,0,0.00,9,1.12
284,23,3918,170.35,1723,74.91,164548,7154.26,51644,2245.39,0,0.00,8,0.35
285,15,1707,113.80,676,45.07,115175,7678.33,65291,4352.73,513,34.20,13,0.87
286,15,3257,217.13,1416,94.40,138430,9228.67,59013,3934.20,330,22.00,9,0.60
287,17,3376,198.59,1617,95.12,236051,13885.35,79925,4701.47,379,22.29,38,2.24
288,15,2736,182.40,1116,74.40,100577,6705.13,48346,3223.07,0,0.00,75,5.00
289,9,1480,164.44,615,68.33,135428,15047.56,66304,7367.11,98,10.89,8,0.89
290,12,1427,118.92,420,35.00,179420,14951.67,49539,4128.25,625,52.08,25,2.08
291,20,1818,90.90,874,43.70,103050,5152.50,25087,1254.35,237,11.85,23,1.15
292,14,2905,207.50,1244,88.86,118302,8450.14,47825,3416.07,176,12.57,18,1.29
293,13,3234,248.77,1668,128.31,170546,13118.92,56576,4352.00,160,12.31,29,2.23
294,27,2502,92.67,1074,39.78,131162,4857.85,38524,1426.81,300,11.11,59,2.19
295,15,3174,211.60,1257,83.80,157438,10495.87,58179,3878.60,0,0.00,26,1.73
296,11,2194,199.45,851,77.36,135541,12321.91,49109,4464.45,184,16.73,61,5.55
297,11,1080,98.18,673,61.18,75062,6823.82,22210,2019.09,0,0.00,23,2.09
298,9,863,95.89,279,31.00,117860,13095.56,52477,5830.78,212,23.56,26,2.89
299,24,2771,115.46,1924,80.17,72370,3015.42,9751,406.29,0,0.00,63,2.62
300,34,4133,121.56,2110,62.06,318105,9356.03,89231,2624.44,299,8.79,56,1.65
301,11,2787,253.36,1234,112.18,74924,6811.27,30458,2768.91,218,19.82,3,0.27
302,18,2281,126.72,1423,79.06,233330,12962.78,48368,2687.11,753,41.83,210,11.67
303,16,5204,325.25,2342,146.38,129948,8121.75,25271,1579.44,277,17.31,49,3.06
304,24,2310,96.25,942,39.25,132101,5504.21,32386,1349.42,106,4.42,40,1.67
305,8,704,88.00,415,51.88,84589,10573.62,11235,1404.38,83,10.38,55,6.88
306,11,1931,175.55,837,76.09,182556,16596.00,52953,4813.91,124,11.27,28,2.55
307,17,2010,118.24,984,57.88,206804,12164.94,62004,3647.29,509,29.94,109,6.41
308,14,1319,94.21,792,56.57,156732,11195.14,45480,3248.57,393,28.07,92,6.57
309,12,1427,118.92,535,44.58,52298,4358.17,19258,1604.83,0,0.00,5,0.42
310,12,1325,110.42,454,37.83,160262,13355.17,32641,2720.08,567,47.25,106,8.83
311,11,1428,129.82,645,58.64,110430,10039.09,95244,8658.55,106,9.64,9,0.82
312,22,2048,93.09,1186,53.91,102093,4640.59,41489,1885.86,154,7.00,61,2.77
313,16,2624,164.00,1077,67.31,132189,8261.81,45230,2826.88,63,3.94,36,2.25
314,9,1337,148.56,880,97.78,91738,10193.11,47349,5261.00,0,0.00,30,3.33
315,20,2540,127.00,818,40.90,265430,13271.50,84210,4210.50,364,18.20,58,2.90
316,6,1037,172.83,295,49.17,103899,17316.50,43919,7319.83,0,0.00,28,4.67
317,15,1629,108.60,651,43.40,169520,11301.33,57485,3832.33,438,29.20,90,6.00
318,7,868,124.00,343,49.00,56200,8028.57,21036,3005.14,227,32.43,34,4.86
319,11,2421,220.09,1114,101.27,79719,7247.18,40958,3723.45,447,40.64,7,0.64
320,22,2360,107.27,1072,48.73,280769,12762.23,65277,2967.14,1148,52.18,247,11.23
321,13,2119,163.00,339,26.08,256452,19727.08,93463,7189.46,384,29.54,59,4.54
322,11,2015,183.18,1430,130.00,122310,11119.09,41745,3795.00,578,52.55,60,5.45
323,10,1914,191.40,581,58.10,188191,18819.10,110320,11032.00,158,15.80,10,1.00
324,10,2499,249.90,1522,152.20,131723,13172.30,76126,7612.60,0,0.00,0,0.00
325,20,1959,97.95,988,49.40,209212,10460.60,77055,3852.75,210,10.50,7,0.35
326,11,1724,156.73,885,80.45,174738,15885.27,52690,4790.00,876,79.64,48,4.36
327,12,1619,134.92,498,41.50,185464,15455.33,92748,7729.00,388,32.33,37,3.08
328,18,2912,161.78,697,38.72,325422,18079.00,207288,11516.00,260,14.44,80,4.44
329,12,1866,155.50,524,43.67,145484,12123.67,109019,9084.92,106,8.83,2,0.17
330,19,4078,214.63,1310,68.95,338521,17816.89,210609,11084.68,509,26.79,43,2.26
331,22,2996,136.18,823,37.41,346178,15735.36,142390,6472.27,1322,60.09,237,10.77
332,11,1624,147.64,594,54.00,166937,15176.09,73815,6710.45,622,56.55,87,7.91
333,13,1487,114.38,314,24.15,357881,27529.31,130094,10007.23,617,47.46,210,16.15
334,15,1757,117.13,377,25.13,311669,20777.93,96684,6445.60,959,63.93,188,12.53
335,11,912,82.91,425,38.64,154810,14073.64,53651,4877.36,291,26.45,81,7.36
336,39,3833,98.28,2092,53.64,289953,7434.69,66391,1702.33,975,25.00,81,2.08
337,12,1077,89.75,580,48.33,146477,12206.42,32486,2707.17,215,17.92,25,2.08
338,13,2310,177.69,1260,96.92,133547,10272.85,50680,3898.46,106,8.15,20,1.54
339,12,1158,96.50,291,24.25,166991,13915.92,67437,5619.75,1284,107.00,159,13.25
340,22,2950,134.09,685,31.14,332409,15109.50,157535,7160.68,604,27.45,66,3.00
341,5,780,156.00,437,87.40,67783,13556.60,26895,5379.00,258,51.60,6,1.20
342,31,3172,102.32,1693,54.61,316016,10194.06,74591,2406.16,817,26.35,96,3.10
343,14,1716,122.57,323,23.07,293331,20952.21,125711,8979.36,416,29.71,76,5.43
344,7,736,105.14,260,37.14,120430,17204.29,28234,4033.43,390,55.71,42,6.00
345,15,3147,209.80,1221,81.40,128969,8597.93,67444,4496.27,0,0.00,20,1.33
346,6,919,153.17,572,95.33,110488,18414.67,19826,3304.33,278,46.33,34,5.67
347,11,1797,163.36,1113,101.18,111111,10101.00,68682,6243.82,292,26.55,15,1.36
348,28,2919,104.25,1486,53.07,213644,7630.14,65954,2355.50,22,0.79,158,5.64
349,15,1674,111.60,528,35.20,303823,20254.87,84506,5633.73,789,52.60,56,3.73
350,12,1494,124.50,948,79.00,183621,15301.75,52721,4393.42,632,52.67,94,7.83
351,10,1659,165.90,776,77.60,105377,10537.70,42814,4281.40,347,34.70,28,2.80
352,17,2206,129.76,810,47.65,337430,19848.82,121895,7170.29,890,52.35,195,11.47
353,6,1394,232.33,456,76.00,124996,20832.67,105369,17561.50,231,38.50,30,5.00
354,6,523,87.17,111,18.50,58398,9733.00,66722,11120.33,284,47.33,54,9.00
355,20,3753,187.65,1601,80.05,205412,10270.60,48045,2402.25,800,40.00,89,4.45
356,12,1372,114.33,560,46.67,167879,13989.92,55487,4623.92,523,43.58,75,6.25
357,10,1880,188.00,1019,101.90,91324,9132.40,44796,4479.60,0,0.00,0,0.00
358,6,1051,175.17,296,49.33,127290,21215.00,40422,6737.00,181,30.17,0,0.00
359,12,1623,135.25,620,51.67,205172,17097.67,98575,8214.58,811,67.58,100,8.33
360,6,809,134.83,361,60.17,99699,16616.50,28268,4711.33,354,59.00,37,6.17
361,12,1138,94.83,505,42.08,169059,14088.25,26162,2180.17,0,0.00,61,5.08
362,8,1821,227.62,1042,130.25,105826,13228.25,62028,7753.50,0,0.00,52,6.50
363,7985,1400219,175.36,1244342,155.83,11802021,1478.02,334307,41.87,0,0.00,3872,0.48
364,19,3322,174.84,1302,68.53,260994,13736.53,111674,5877.58,519,27.32,18,0.95
365,10,1368,136.80,924,92.40,139907,13990.70,47277,4727.70,0,0.00,18,1.80
366,6,654,109.00,500,83.33,46099,7683.17,14984,2497.33,570,95.00,45,7.50
367,10,2318,231.80,1366,136.60,103481,10348.10,16486,1648.60,0,0.00,36,3.60
368,13,3680,283.08,2481,190.85,111890,8606.92,38210,2939.23,108,8.31,28,2.15
369,11,1694,154.00,479,43.55,114520,10410.91,46425,4220.45,0,0.00,38,3.45
370,8,1316,164.50,604,75.50,101828,12728.50,67613,8451.62,0,0.00,49,6.12
371,9,1079,119.89,315,35.00,106775,11863.89,35016,3890.67,0,0.00,47,5.22
372,10,1742,174.20,616,61.60,148566,14856.60,89177,8917.70,114,11.40,2,0.20
373,12,2087,173.92,679,56.58,319268,26605.67,87748,7312.33,269,22.42,17,1.42
374,8,1531,191.38,341,42.62,151329,18916.12,93106,11638.25,518,64.75,9,1.12
375,9,1602,178.00,478,53.11,192036,21337.33,63315,7035.00,98,10.89,92,10.22
376,12,2453,204.42,710,59.17,242568,20214.00,159325,13277.08,377,31.42,12,1.00
377,7,785,112.14,249,35.57,80927,11561.00,49398,7056.86,414,59.14,54,7.71
378,45,1401,31.13,1523,33.84,79170,1759.33,12213,271.40,0,0.00,12,0.27
379,12,2031,169.25,1069,89.08,168223,14018.58,71831,5985.92,54,4.50,10,0.83
380,6,1182,197.00,309,51.50,76031,12671.83,33037,5506.17,115,19.17,57,9.50
381,18,2072,115.11,1026,57.00,129163,7175.72,60693,3371.83,0,0.00,24,1.33
382,18,1882,104.56,852,47.33,136367,7575.94,27837,1546.50,639,35.50,117,6.50
383,5,279,55.80,186,37.20,8942,1788.40,1726,345.20,0,0.00,0,0.00
384,25,3039,121.56,1222,48.88,157129,6285.16,90030,3601.20,486,19.44,10,0.40
385,4,611,152.75,245,61.25,26237,6559.25,10859,2714.75,0,0.00,0,0.00
386,3,246,82.00,80,26.67,35758,11919.33,22775,7591.67,206,68.67,4,1.33
387,4,558,139.50,306,76.50,12627,3156.75,7524,1881.00,0,0.00,0,0.00
388,4,589,147.25,144,36.00,67428,16857.00,38437,9609.25,0,0.00,0,0.00
389,6,1274,212.33,408,68.00,134637,22439.50,50268,8378.00,0,0.00,5,0.83
390,4,826,206.50,219,54.75,90435,22608.75,49198,12299.50,0,0.00,0,0.00
391,5,1095,219.00,534,106.80,46476,9295.20,46045,9209.00,24,4.80,0,0.00
392,15,2064,137.60,1486,99.07,92798,6186.53,26182,1745.47,134,8.93,2,0.13
393,7,855,122.14,410,58.57,82565,11795.00,38722,5531.71,0,0.00,21,3.00
394,17,1757,103.35,947,55.71,146920,8642.35,33693,1981.94,336,19.76,31,1.82
395,5,780,156.00,329,65.80,35736,7147.20,10728,2145.60,0,0.00,0,0.00
396,14,2332,166.57,661,47.21,246167,17583.36,94757,6768.36,934,66.71,9,0.64
397,6,1252,208.67,725,120.83,77889,12981.50,26561,4426.83,102,17.00,0,0.00
398,12,3063,255.25,1216,101.33,267549,22295.75,173659,14471.58,0,0.00,0,0.00
399,10,2294,229.40,840,84.00,218589,21858.90,144429,14442.90,246,24.60,8,0.80
400,6,816,136.00,255,42.50,111807,18634.50,33222,5537.00,256,42.67,0,0.00
401,10,1800,180.00,814,81.40,85828,8582.80,46713,4671.30,0,0.00,79,7.90
402,13,2633,202.54,987,75.92,289696,22284.31,161216,12401.23,592,45.54,41,3.15
403,7,996,142.29,623,89.00,80486,11498.00,17103,2443.29,0,0.00,14,2.00
404,4,763,190.75,142,35.50,74472,18618.00,25795,6448.75,189,47.25,14,3.50
405,8,1177,147.12,876,109.50,29926,3740.75,7128,891.00,0,0.00,44,5.50
406,17,2996,176.24,910,53.53,317802,18694.24,54685,3216.76,671,39.47,17,1.00
407,9,1139,126.56,501,55.67,102098,11344.22,18131,2014.56,103,11.44,52,5.78
408,3,551,183.67,97,32.33,42879,14293.00,38609,12869.67,256,85.33,0,0.00
409,12,1830,152.50,549,45.75,132831,11069.25,55009,4584.08,246,20.50,32,2.67
410,2,328,164.00,61,30.50,85765,42882.50,20271,10135.50,243,121.50,27,13.50
411,12,1554,129.50,805,67.08,58560,4880.00,25942,2161.83,0,0.00,6,0.50
412,6,1149,191.50,642,107.00,46584,7764.00,26326,4387.67,194,32.33,0,0.00
413,3,464,154.67,276,92.00,29152,9717.33,6041,2013.67,0,0.00,72,24.00
414,6,900,150.00,341,56.83,57627,9604.50,15181,2530.17,199,33.17,5,0.83
415,6,769,128.17,267,44.50,92640,15440.00,45720,7620.00,246,41.00,8,1.33
416,10,1375,137.50,490,49.00,132417,13241.70,43942,4394.20,207,20.70,18,1.80
417,10,1418,141.80,420,42.00,180336,18033.60,64344,6434.40,370,37.00,13,1.30
418,6,880,146.67,321,53.50,65792,10965.33,44265,7377.50,262,43.67,10,1.67
419,17,3081,181.24,1043,61.35,328648,19332.24,127171,7480.65,0,0.00,4,0.24
420,13,1942,149.38,470,36.15,65367,5028.23,38118,2932.15,237,18.23,16,1.23
421,6,1104,184.00,468,78.00,113687,18947.83,71752,11958.67,0,0.00,154,25.67
422,5,1134,226.80,223,44.60,122229,24445.80,87670,17534.00,0,0.00,12,2.40
423,2,384,192.00,156,78.00,10240,5120.00,7678,3839.00,0,0.00,0,0.00
424,12,2982,248.50,827,68.92,277527,23127.25,153868,12822.33,250,20.83,0,0.00
425,4,399,99.75,133,33.25,17358,4339.50,5624,1406.00,0,0.00,23,5.75
426,7,1446,206.57,542,77.43,117810,16830.00,111510,15930.00,0,0.00,8,1.14
427,9,1374,152.67,863,95.89,66556,7395.11,22446,2494.00,1014,112.67,95,10.56
428,7,1306,186.57,509,72.71,135637,19376.71,61990,8855.71,855,122.14,15,2.14
429,1,152,152.00,69,69.00,7870,7870.00,2061,2061.00,0,0.00,0,0.00
430,6,1277,212.83,363,60.50,150356,25059.33,128448,21408.00,228,38.00,2,0.33
431,3,537,179.00,126,42.00,46564,15521.33,37171,12390.33,312,104.00,4,1.33
432,17,3209,188.76,1305,76.76,195023,11471.94,95670,5627.65,404,23.76,6,0.35
433,3,784,261.33,153,51.00,107659,35886.33,52372,17457.33,125,41.67,0,0.00
434,5,1062,212.40,328,65.60,143056,28611.20,48474,9694.80,0,0.00,2,0.40
435,9,1687,187.44,473,52.56,200453,22272.56,78873,8763.67,240,26.67,9,1.00
436,3,533,177.67,156,52.00,91262,30420.67,25794,8598.00,102,34.00,0,0.00
437,10,2180,218.00,1004,100.40,100705,10070.50,137118,13711.80,0,0.00,0,0.00
438,5,932,186.40,294,58.80,174218,34843.60,60955,12191.00,507,101.40,4,0.80
439,10,2091,209.10,1140,114.00,136891,13689.10,26414,2641.40,68,6.80,4,0.40
440,5,1198,239.60,209,41.80,112634,22526.80,142193,28438.60,44,8.80,44,8.80
441,16,3308,206.75,712,44.50,383017,23938.56,250775,15673.44,1534,95.88,167,10.44
442,15,2523,168.20,1340,89.33,118376,7891.73,37067,2471.13,0,0.00,6,0.40
443,4,654,163.50,159,39.75,165083,41270.75,54507,13626.75,598,149.50,33,8.25
444,5,1122,224.40,393,78.60,64736,12947.20,41219,8243.80,380,76.00,0,0.00
445,10,1866,186.60,740,74.00,123723,12372.30,29083,2908.30,0,0.00,2,0.20
446,5,790,158.00,222,44.40,69865,13973.00,42607,8521.40,212,42.40,20,4.00
447,6,1333,222.17,699,116.50,53005,8834.17,59748,9958.00,210,35.00,17,2.83
448,12,2321,193.42,540,45.00,280300,23358.33,132234,11019.50,850,70.83,8,0.67
449,5,1342,268.40,460,92.00,89939,17987.80,66458,13291.60,90,18.00,0,0.00
450,13,1847,142.08,542,41.69,84086,6468.15,61148,4703.69,384,29.54,13,1.00
451,8,1995,249.38,769,96.12,103854,12981.75,50103,6262.88,226,28.25,0,0.00
452,18,2705,150.28,754,41.89,250534,13918.56,65570,3642.78,0,0.00,0,0.00
453,6,799,133.17,244,40.67,56275,9379.17,108439,18073.17,228,38.00,2,0.33
454,2,729,364.50,424,212.00,30866,15433.00,40775,20387.50,0,0.00,0,0.00
455,8,1492,186.50,455,56.88,174345,21793.12,84947,10618.38,291,36.38,12,1.50
456,27,1146,42.44,338,12.52,876063,32446.78,167786,6214.30,4196,155.41,741,27.44
457,8,575,71.88,217,27.12,196316,24539.50,39175,4896.88,820,102.50,167,20.88
458,7,1044,149.14,485,69.29,49007,7001.00,22518,3216.86,0,0.00,2,0.29
459,7,1314,187.71,331,47.29,94729,13532.71,43396,6199.43,375,53.57,30,4.29
460,8,2027,253.38,493,61.62,176736,22092.00,112216,14027.00,239,29.88,2,0.25
461,10,2267,226.70,796,79.60,258135,25813.50,111506,11150.60,372,37.20,89,8.90
462,7,1591,227.29,452,64.57,102111,14587.29,129454,18493.43,0,0.00,32,4.57
463,6,1152,192.00,587,97.83,124724,20787.33,51266,8544.33,527,87.83,96,16.00
464,8,1846,230.75,453,56.62,147684,18460.50,78865,9858.12,117,14.62,32,4.00
465,9,1314,146.00,436,48.44,107204,11911.56,59889,6654.33,532,59.11,16,1.78
466,12,3375,281.25,799,66.58,309656,25804.67,292649,24387.42,432,36.00,68,5.67
467,5,1194,238.80,342,68.40,81981,16396.20,78479,15695.80,0,0.00,0,0.00
468,8,1247,155.88,492,61.50,67023,8377.88,36991,4623.88,0,0.00,36,4.50
469,10,2583,258.30,993,99.30,214768,21476.80,165724,16572.40,158,15.80,7,0.70
470,5,1064,212.80,294,58.80,175650,35130.00,52173,10434.60,97,19.40,9,1.80
471,2,345,172.50,74,37.00,21522,10761.00,20733,10366.50,0,0.00,0,0.00
472,6,1814,302.33,669,111.50,175399,29233.17,152521,25420.17,523,87.17,85,14.17
473,6,904,150.67,269,44.83,41686,6947.67,65223,10870.50,416,69.33,9,1.50
474,3,780,260.00,131,43.67,148638,49546.00,65693,21897.67,0,0.00,0,0.00
475,6,1225,204.17,234,39.00,201459,33576.50,93982,15663.67,266,44.33,12,2.00
476,5,991,198.20,215,43.00,137787,27557.40,75593,15118.60,507,101.40,11,2.20
477,8,1228,153.50,726,90.75,85580,10697.50,49223,6152.88,1314,164.25,80,10.00
478,4,1342,335.50,541,135.25,126416,31604.00,84415,21103.75,323,80.75,0,0.00
479,15,1556,103.73,467,31.13,348714,23247.60,92539,6169.27,1696,113.07,269,17.93
480,10,1859,185.90,572,57.20,129370,12937.00,134132,13413.20,115,11.50,36,3.60
481,6,1237,206.17,261,43.50,127609,21268.17,92850,15475.00,664,110.67,0,0.00
482,4,1231,307.75,213,53.25,155012,38753.00,108720,27180.00,139,34.75,0,0.00
483,9,1909,212.11,706,78.44,141163,15684.78,74687,8298.56,119,13.22,32,3.56
484,134,53918,402.37,31430,234.55,438473,3272.19,43686,326.01,214,1.60,363,2.71
485,3,823,274.33,458,152.67,36682,12227.33,38516,12838.67,0,0.00,0,0.00
486,6,1582,263.67,513,85.50,259258,43209.67,78687,13114.50,871,145.17,46,7.67
487,6,1811,301.83,786,131.00,73942,12323.67,150065,25010.83,0,0.00,1,0.17
488,4,1165,291.25,188,47.00,222260,55565.00,93647,23411.75,407,101.75,13,3.25
489,4,560,140.00,191,47.75,99086,24771.50,13971,3492.75,380,95.00,61,15.25
490,5,1224,244.80,268,53.60,95052,19010.40,98377,19675.40,0,0.00,0,0.00
491,7,1778,254.00,731,104.43,154972,22138.86,109436,15633.71,228,32.57,2,0.29
492,10,2526,252.60,455,45.50,185079,18507.90,113401,11340.10,296,29.60,0,0.00
493,6,1039,173.17,419,69.83,50322,8387.00,15391,2565.17,0,0.00,18,3.00
494,8,1496,187.00,486,60.75,232464,29058.00,74017,9252.12,250,31.25,4,0.50
495,28,5665,202.32,2797,99.89,505343,18047.96,165028,5893.86,269,9.61,18,0.64
496,5,801,160.20,221,44.20,37651,7530.20,15279,3055.80,263,52.60,4,0.80
497,4,816,204.00,306,76.50,141332,35333.00,41881,10470.25,67,16.75,4,1.00
498,5,1230,246.00,243,48.60,184032,36806.40,76755,15351.00,497,99.40,0,0.00
499,4,601,150.25,218,54.50,56895,14223.75,43587,10896.75,228,57.00,2,0.50
500,5,897,179.40,387,77.40,56783,11356.60,13388,2677.60,0,0.00,0,0.00
501,5,837,167.40,188,37.60,37080,7416.00,15156,3031.20,0,0.00,0,0.00
502,3,808,269.33,136,45.33,132399,44133.00,82011,27337.00,358,119.33,4,1.33
503,2,188,94.00,90,45.00,46388,23194.00,5547,2773.50,0,0.00,18,9.00
504,3,458,152.67,67,22.33,87881,29293.67,29513,9837.67,287,95.67,46,15.33
505,6,1394,232.33,694,115.67,207747,34624.50,86693,14448.83,400,66.67,48,8.00
506,7,1688,241.14,393,56.14,143359,20479.86,136412,19487.43,0,0.00,14,2.00
507,3,351,117.00,82,27.33,13904,4634.67,30686,10228.67,0,0.00,0,0.00
508,3,471,157.00,317,105.67,27094,9031.33,5382,1794.00,0,0.00,8,2.67
509,4,969,242.25,241,60.25,95699,23924.75,35565,8891.25,283,70.75,0,0.00
510,7,2292,327.43,1383,197.57,97089,13869.86,76654,10950.57,0,0.00,0,0.00
511,6,1107,184.50,309,51.50,97243,16207.17,61003,10167.17,427,71.17,55,9.17
512,2,782,391.00,110,55.00,99590,49795.00,104698,52349.00,446,223.00,0,0.00
513,5,1222,244.40,193,38.60,119472,23894.40,150035,30007.00,291,58.20,9,1.80
514,7,2070,295.71,662,94.57,203194,29027.71,104249,14892.71,733,104.71,0,0.00
515,12,3566,297.17,1071,89.25,438513,36542.75,105274,8772.83,308,25.67,8,0.67
516,8,1204,150.50,521,65.12,137023,17127.88,35723,4465.38,718,89.75,106,13.25
517,6,1153,192.17,441,73.50,196988,32831.33,61146,10191.00,30,5.00,54,9.00
518,3,546,182.00,137,45.67,67453,22484.33,18349,6116.33,0,0.00,107,35.67
519,11,2375,215.91,971,88.27,142290,12935.45,114758,10432.55,0,0.00,12,1.09
520,6,1104,184.00,271,45.17,120097,20016.17,55679,9279.83,91,15.17,23,3.83
521,3,694,231.33,275,91.67,97446,32482.00,29934,9978.00,322,107.33,0,0.00
522,7,1485,212.14,357,51.00,263059,37579.86,133445,19063.57,1139,162.71,103,14.71
523,3,680,226.67,408,136.00,66463,22154.33,16373,5457.67,0,0.00,12,4.00
524,7,1089,155.57,446,63.71,56011,8001.57,26755,3822.14,455,65.00,10,1.43
525,6,1351,225.17,485,80.83,136084,22680.67,65081,10846.83,419,69.83,12,2.00
526,3,594,198.00,169,56.33,70655,23551.67,56401,18800.33,256,85.33,4,1.33
527,2,842,421.00,309,154.50,46776,23388.00,108580,54290.00,0,0.00,0,0.00
528,13,2672,205.54,752,57.85,97872,7528.62,69760,5366.15,0,0.00,0,0.00
529,2,273,136.50,172,86.00,53545,26772.50,15753,7876.50,425,212.50,59,29.50
530,2,518,259.00,144,72.00,12210,6105.00,26958,13479.00,0,0.00,0,0.00
531,3,521,173.67,169,56.33,38430,12810.00,20329,6776.33,0,0.00,10,3.33
532,4,972,243.00,145,36.25,102984,25746.00,58184,14546.00,595,148.75,4,1.00
533,5,1064,212.80,564,112.80,53692,10738.40,29648,5929.60,0,0.00,2,0.40
534,6,1751,291.83,492,82.00,148217,24702.83,207331,34555.17,315,52.50,4,0.67
535,17,5003,294.29,1671,98.29,251584,14799.06,332563,19562.53,0,0.00,8,0.47
536,2,234,117.00,134,67.00,23237,11618.50,1300,650.00,0,0.00,12,6.00
537,6,1382,230.33,343,57.17,142780,23796.67,78620,13103.33,87,14.50,4,0.67
538,10,2307,230.70,981,98.10,188795,18879.50,123163,12316.30,168,16.80,100,10.00
539,5,1263,252.60,512,102.40,68444,13688.80,104392,20878.40,390,78.00,19,3.80
540,10,2538,253.80,1293,129.30,189946,18994.60,113118,11311.80,0,0.00,0,0.00
541,3,1174,391.33,914,304.67,29702,9900.67,22014,7338.00,0,0.00,2,0.67
542,5,1105,221.00,737,147.40,67703,13540.60,19037,3807.40,0,0.00,4,0.80
543,4,566,141.50,258,64.50,89587,22396.75,20543,5135.75,818,204.50,123,30.75
544,2,428,214.00,48,24.00,23015,11507.50,12019,6009.50,0,0.00,5,2.50
545,5,680,136.00,276,55.20,96876,19375.20,13263,2652.60,867,173.40,74,14.80
546,3,948,316.00,370,123.33,74734,24911.33,103358,34452.67,0,0.00,4,1.33
547,5,1089,217.80,223,44.60,106820,21364.00,73692,14738.40,300,60.00,10,2.00
548,2,494,247.00,77,38.50,43997,21998.50,50809,25404.50,0,0.00,8,4.00
549,9,1867,207.44,645,71.67,105813,11757.00,21973,2441.44,192,21.33,4,0.44
550,7,2525,360.71,2183,311.86,61930,8847.14,13320,1902.86,389,55.57,87,12.43
551,5,1493,298.60,206,41.20,177948,35589.60,188600,37720.00,806,161.20,6,1.20
552,5,1332,266.40,279,55.80,175410,35082.00,49497,9899.40,478,95.60,0,0.00
553,2,450,225.00,102,51.00,120033,60016.50,38168,19084.00,121,60.50,0,0.00
554,2,262,131.00,74,37.00,45214,22607.00,10571,5285.50,431,215.50,59,29.50
555,2,562,281.00,333,166.50,18945,9472.50,11934,5967.00,0,0.00,0,0.00
556,3,760,253.33,404,134.67,43152,14384.00,17432,5810.67,0,0.00,18,6.00
557,9,2584,287.11,640,71.11,172889,19209.89,94121,10457.89,342,38.00,4,0.44
558,4,1012,253.00,609,152.25,92879,23219.75,48314,12078.50,420,105.00,0,0.00
559,8,2966,370.75,1062,132.75,412442,51555.25,173903,21737.88,1272,159.00,9,1.12
560,3,976,325.33,224,74.67,106735,35578.33,98469,32823.00,43,14.33,0,0.00
562,4,954,238.50,236,59.00,160602,40150.50,52622,13155.50,601,150.25,4,1.00
563,10,2941,294.10,546,54.60,494511,49451.10,238678,23867.80,1334,133.40,6,0.60
564,6,2073,345.50,562,93.67,148942,24823.67,69778,11629.67,0,0.00,0,0.00
565,12,2064,172.00,567,47.25,309570,25797.50,86642,7220.17,190,15.83,50,4.17
566,2,726,363.00,607,303.50,11862,5931.00,8364,4182.00,0,0.00,0,0.00
567,1,377,377.00,48,48.00,81433,81433.00,36246,36246.00,404,404.00,0,0.00
569,6,1077,179.50,388,64.67,68199,11366.50,28544,4757.33,0,0.00,9,1.50
570,3,628,209.33,260,86.67,29428,9809.33,7794,2598.00,0,0.00,0,0.00
571,6,2192,365.33,747,124.50,127987,21331.17,111799,18633.17,0,0.00,0,0.00
572,9,2061,229.00,552,61.33,197793,21977.00,152439,16937.67,0,0.00,8,0.89
573,2,396,198.00,64,32.00,20373,10186.50,7810,3905.00,0,0.00,0,0.00
574,10,1503,150.30,529,52.90,236819,23681.90,50754,5075.40,1160,116.00,132,13.20
575,4,2698,674.50,2358,589.50,97335,24333.75,61819,15454.75,0,0.00,44,11.00
576,5,1246,249.20,187,37.40,204788,40957.60,111498,22299.60,556,111.20,53,10.60
577,6,1010,168.33,364,60.67,94242,15707.00,20566,3427.67,0,0.00,12,2.00
578,6,1729,288.17,1032,172.00,156998,26166.33,56520,9420.00,156,26.00,0,0.00
580,5,1356,271.20,280,56.00,159707,31941.40,64744,12948.80,831,166.20,60,12.00
581,3,587,195.67,272,90.67,39996,13332.00,10600,3533.33,0,0.00,0,0.00
582,4,843,210.75,243,60.75,57099,14274.75,53397,13349.25,913,228.25,35,8.75
583,11,2438,221.64,861,78.27,254510,23137.27,135923,12356.64,163,14.82,0,0.00
584,4,1218,304.50,642,160.50,94727,23681.75,150114,37528.50,918,229.50,120,30.00
585,2,212,106.00,75,37.50,57313,28656.50,16844,8422.00,363,181.50,44,22.00
586,2,188,94.00,69,34.50,59325,29662.50,11425,5712.50,449,224.50,65,32.50
587,4,1229,307.25,894,223.50,35474,8868.50,19146,4786.50,0,0.00,0,0.00
588,15,1177,78.47,705,47.00,111082,7405.47,54159,3610.60,0,0.00,0,0.00
589,7,1930,275.71,860,122.86,100420,14345.71,200020,28574.29,42,6.00,0,0.00
590,6,1526,254.33,957,159.50,52205,8700.83,24761,4126.83,0,0.00,9,1.50
591,1,28,28.00,15,15.00,37800,37800.00,7295,7295.00,465,465.00,60,60.00
592,7,1442,206.00,983,140.43,59375,8482.14,9985,1426.43,0,0.00,0,0.00
593,7,1054,150.57,443,63.29,109777,15682.43,152659,21808.43,0,0.00,0,0.00
594,9,2409,267.67,691,76.78,400849,44538.78,212769,23641.00,1681,186.78,104,11.56
595,11,1826,166.00,1086,98.73,199086,18098.73,68173,6197.55,528,48.00,60,5.45
596,24,4600,191.67,1910,79.58,499125,20796.88,98863,4119.29,503,20.96,81,3.38
597,6,1732,288.67,927,154.50,136488,22748.00,84951,14158.50,455,75.83,60,10.00
598,4,1107,276.75,671,167.75,105179,26294.75,71868,17967.00,704,176.00,60,15.00
599,6,1540,256.67,661,110.17,83405,13900.83,93380,15563.33,0,0.00,6,1.00
600,3,332,110.67,104,34.67,51964,17321.33,9868,3289.33,0,0.00,0,0.00
601,2,416,208.00,104,52.00,52121,26060.50,70266,35133.00,371,185.50,0,0.00
602,5,1356,271.20,385,77.00,89913,17982.60,148271,29654.20,0,0.00,0,0.00
603,3,695,231.67,349,116.33,72602,24200.67,71455,23818.33,560,186.67,46,15.33
604,10,2426,242.60,728,72.80,290517,29051.70,151018,15101.80,617,61.70,46,4.60
605,876,239965,273.93,201581,230.12,3418043,3901.88,342292,390.74,302,0.34,9,0.01
606,7,2742,391.71,927,132.43,394630,56375.71,218448,31206.86,927,132.43,36,5.14
607,6,1296,216.00,534,89.00,71484,11914.00,19236,3206.00,0,0.00,0,0.00
608,3,689,229.67,233,77.67,161463,53821.00,51179,17059.67,299,99.67,2,0.67
609,7,1772,253.14,370,52.86,86082,12297.43,82901,11843.00,209,29.86,4,0.57
610,7,1392,198.86,541,77.29,137692,19670.29,72528,10361.14,893,127.57,66,9.43
611,3,801,267.00,162,54.00,36955,12318.33,23652,7884.00,361,120.33,0,0.00
612,4,352,88.00,193,48.25,45261,11315.25,14074,3518.50,385,96.25,4,1.00
613,2,667,333.50,372,186.00,34109,17054.50,18305,9152.50,103,51.50,6,3.00
614,1,41,41.00,25,25.00,34917,34917.00,7084,7084.00,456,456.00,60,60.00
615,6,1083,180.50,344,57.33,128639,21439.83,98481,16413.50,473,78.83,52,8.67
616,3,622,207.33,153,51.00,148212,49404.00,45522,15174.00,408,136.00,3,1.00
617,5,996,199.20,392,78.40,43788,8757.60,21120,4224.00,524,104.80,90,18.00
618,7,1694,242.00,337,48.14,181068,25866.86,158665,22666.43,337,48.14,8,1.14
619,7,1478,211.14,538,76.86,104237,14891.00,52603,7514.71,0,0.00,0,0.00
620,3,988,329.33,574,191.33,31011,10337.00,11064,3688.00,0,0.00,4,1.33
621,2,638,319.00,84,42.00,100235,50117.50,118065,59032.50,515,257.50,100,50.00
622,3,777,259.00,206,68.67,65454,21818.00,70999,23666.33,551,183.67,0,0.00
623,2,375,187.50,80,40.00,65571,32785.50,23864,11932.00,342,171.00,3,1.50
624,2,318,159.00,146,73.00,21751,10875.50,2224,1112.00,0,0.00,13,6.50
625,2,335,167.50,83,41.50,11323,5661.50,3812,1906.00,0,0.00,4,2.00
626,1,309,309.00,8,8.00,4001,4001.00,26187,26187.00,0,0.00,0,0.00
627,4,922,230.50,258,64.50,72374,18093.50,121910,30477.50,0,0.00,8,2.00
628,3,670,223.33,298,99.33,51825,17275.00,23845,7948.33,0,0.00,4,1.33
629,2,455,227.50,101,50.50,33258,16629.00,15455,7727.50,747,373.50,0,0.00
630,7,1480,211.43,694,99.14,89898,12842.57,11576,1653.71,0,0.00,0,0.00
631,8,2068,258.50,643,80.38,201801,25225.12,215311,26913.88,0,0.00,9,1.12
632,2,869,434.50,95,47.50,171689,85844.50,100536,50268.00,1004,502.00,0,0.00
633,6,1895,315.83,806,134.33,160731,26788.50,299350,49891.67,445,74.17,60,10.00
634,4,865,216.25,224,56.00,215706,53926.50,77676,19419.00,777,194.25,50,12.50
635,6,1259,209.83,504,84.00,71068,11844.67,42999,7166.50,0,0.00,9,1.50
636,2,805,402.50,300,150.00,49189,24594.50,71709,35854.50,517,258.50,0,0.00
637,6,1901,316.83,1096,182.67,98886,16481.00,161574,26929.00,0,0.00,0,0.00
638,5,1119,223.80,554,110.80,49561,9912.20,37618,7523.60,0,0.00,0,0.00
639,6,1450,241.67,632,105.33,68716,11452.67,93600,15600.00,0,0.00,18,3.00
640,4,980,245.00,294,73.50,83012,20753.00,87774,21943.50,0,0.00,0,0.00
641,2,1070,535.00,691,345.50,152994,76497.00,46226,23113.00,214,107.00,0,0.00
642,2,490,245.00,98,49.00,83601,41800.50,58932,29466.00,55,27.50,0,0.00
643,4,1072,268.00,566,141.50,85758,21439.50,34158,8539.50,524,131.00,69,17.25
644,1,43,43.00,14,14.00,39633,39633.00,4872,4872.00,535,535.00,50,50.00
645,1,292,292.00,150,150.00,12100,12100.00,10776,10776.00,0,0.00,0,0.00
646,5,1722,344.40,421,84.20,113033,22606.60,162160,32432.00,624,124.80,0,0.00
648,1,447,447.00,50,50.00,125695,125695.00,46016,46016.00,236,236.00,0,0.00
649,5,1228,245.60,259,51.80,105863,21172.60,83066,16613.20,0,0.00,0,0.00
650,5,748,149.60,253,50.60,111310,22262.00,60348,12069.60,1502,300.40,73,14.60
651,6,2060,343.33,977,162.83,62533,10422.17,61058,10176.33,342,57.00,3,0.50
652,7,2253,321.86,398,56.86,159217,22745.29,135788,19398.29,202,28.86,0,0.00
653,2,419,209.50,77,38.50,45040,22520.00,55745,27872.50,0,0.00,16,8.00
654,1,449,449.00,53,53.00,83387,83387.00,59889,59889.00,86,86.00,0,0.00
656,2,458,229.00,151,75.50,30540,15270.00,8893,4446.50,0,0.00,0,0.00
657,5,992,198.40,404,80.80,97156,19431.20,137081,27416.20,314,62.80,9,1.80
658,3,291,97.00,177,59.00,55946,18648.67,8225,2741.67,443,147.67,0,0.00
659,5,890,178.00,256,51.20,168802,33760.40,38710,7742.00,639,127.80,88,17.60
660,10,2049,204.90,904,90.40,219787,21978.70,82586,8258.60,828,82.80,10,1.00
661,4,1113,278.25,413,103.25,99314,24828.50,93716,23429.00,0,0.00,4,1.00
662,5,2090,418.00,617,123.40,248958,49791.60,200344,40068.80,520,104.00,0,0.00
663,5,1535,307.00,391,78.20,58168,11633.60,49928,9985.60,0,0.00,0,0.00
664,5,950,190.00,303,60.60,187937,37587.40,61046,12209.20,1317,263.40,75,15.00
665,1,205,205.00,75,75.00,13840,13840.00,11630,11630.00,0,0.00,0,0.00
666,2,438,219.00,97,48.50,122847,61423.50,151726,75863.00,0,0.00,2,1.00
667,4,2147,536.75,790,197.50,200937,50234.25,290183,72545.75,290,72.50,0,0.00
668,8,796,99.50,273,34.12,343390,42923.75,78854,9856.75,2480,310.00,309,38.62
669,11,1459,132.64,400,36.36,312117,28374.27,147754,13432.18,2015,183.18,230,20.91
670,1,232,232.00,111,111.00,13624,13624.00,7128,7128.00,0,0.00,0,0.00
671,3,1051,350.33,614,204.67,37135,12378.33,23908,7969.33,0,0.00,5,1.67
672,4,405,101.25,252,63.00,110786,27696.50,19947,4986.75,0,0.00,61,15.25
673,7,1064,152.00,563,80.43,194843,27834.71,56744,8106.29,1496,213.71,180,25.71
674,2,611,305.50,131,65.50,23339,11669.50,19805,9902.50,527,263.50,5,2.50
675,5,1413,282.60,385,77.00,143089,28617.80,39415,7883.00,448,89.60,0,0.00
676,3,1439,479.67,606,202.00,20398,6799.33,83516,27838.67,0,0.00,0,0.00
677,3,771,257.00,204,68.00,109442,36480.67,99405,33135.00,507,169.00,60,20.00
678,30,3759,125.30,1923,64.10,499444,16648.13,163148,5438.27,1008,33.60,136,4.53
679,4,800,200.00,426,106.50,111480,27870.00,38826,9706.50,158,39.50,0,0.00
680,2,498,249.00,218,109.00,25956,12978.00,7672,3836.00,0,0.00,0,0.00
681,8,1029,128.62,404,50.50,230236,28779.50,52699,6587.38,1097,137.12,136,17.00
682,3,721,240.33,350,116.67,70729,23576.33,79897,26632.33,0,0.00,0,0.00
683,4,1035,258.75,566,141.50,25570,6392.50,41603,10400.75,549,137.25,5,1.25
684,4,892,223.00,275,68.75,31637,7909.25,31469,7867.25,607,151.75,5,1.25
685,10,1784,178.40,1072,107.20,104778,10477.80,73292,7329.20,0,0.00,0,0.00
686,7,991,141.57,519,74.14,127097,18156.71,19270,2752.86,486,69.43,12,1.71
687,5,1169,233.80,653,130.60,56593,11318.60,85024,17004.80,594,118.80,42,8.40
688,8,1693,211.62,730,91.25,110473,13809.12,28337,3542.12,212,26.50,4,0.50
689,9,2633,292.56,771,85.67,124103,13789.22,76274,8474.89,0,0.00,0,0.00
690,5,2314,462.80,1522,304.40,27948,5589.60,87034,17406.80,0,0.00,16,3.20
691,1,349,349.00,77,77.00,13899,13899.00,13074,13074.00,0,0.00,0,0.00
692,1,363,363.00,38,38.00,4323,4323.00,23653,23653.00,0,0.00,0,0.00
693,2,392,196.00,145,72.50,30418,15209.00,9518,4759.00,413,206.50,0,0.00
694,3,499,166.33,326,108.67,32441,10813.67,10736,3578.67,0,0.00,0,0.00
695,1,270,270.00,119,119.00,14052,14052.00,10026,10026.00,0,0.00,0,0.00
696,5,314,62.80,308,61.60,155476,31095.20,32073,6414.60,886,177.20,116,23.20
697,9,1606,178.44,756,84.00,351605,39067.22,138396,15377.33,1297,144.11,244,27.11
698,3,984,328.00,529,176.33,49797,16599.00,100003,33334.33,0,0.00,2,0.67
699,8,1300,162.50,820,102.50,230747,28843.38,54323,6790.38,1334,166.75,176,22.00
700,6,2327,387.83,1648,274.67,218658,36443.00,71609,11934.83,792,132.00,60,10.00
702,27,6235,230.93,2074,76.81,607140,22486.67,188427,6978.78,0,0.00,12,0.44
704,2,190,95.00,44,22.00,87992,43996.00,17169,8584.50,309,154.50,56,28.00
705,2,260,130.00,87,43.50,82671,41335.50,17869,8934.50,197,98.50,50,25.00
706,3,395,131.67,190,63.33,86969,28989.67,17566,5855.33,595,198.33,60,20.00
707,1,39,39.00,37,37.00,20370,20370.00,3414,3414.00,0,0.00,3,3.00
708,1,48,48.00,21,21.00,67867,67867.00,16040,16040.00,227,227.00,56,56.00
710,1,714,714.00,372,372.00,16128,16128.00,85512,85512.00,0,0.00,0,0.00
711,4,1435,358.75,433,108.25,41648,10412.00,131080,32770.00,0,0.00,18,4.50
712,1,34,34.00,119,119.00,2655,2655.00,80,80.00,0,0.00,0,0.00
715,4,930,232.50,316,79.00,74583,18645.75,30984,7746.00,0,0.00,0,0.00
716,1,326,326.00,89,89.00,13057,13057.00,5253,5253.00,0,0.00,0,0.00
717,2,701,350.50,26,13.00,9198,4599.00,44184,22092.00,667,333.50,5,2.50
718,4,1306,326.50,908,227.00,110750,27687.50,56107,14026.75,0,0.00,18,4.50
719,4,657,164.25,397,99.25,62771,15692.75,40901,10225.25,0,0.00,4,1.00
720,2,375,187.50,173,86.50,55874,27937.00,18862,9431.00,0,0.00,4,2.00
721,1,283,283.00,83,83.00,14346,14346.00,8604,8604.00,0,0.00,0,0.00
722,4,1374,343.50,377,94.25,139316,34829.00,83956,20989.00,52,13.00,0,0.00
723,3,782,260.67,156,52.00,14556,4852.00,32439,10813.00,0,0.00,24,8.00
724,1,358,358.00,8,8.00,4638,4638.00,35350,35350.00,0,0.00,0,0.00
725,6,2830,471.67,1505,250.83,147336,24556.00,202779,33796.50,508,84.67,69,11.50
726,27,11885,440.19,10733,397.52,226140,8375.56,42684,1580.89,0,0.00,56,2.07
727,3,744,248.00,360,120.00,44709,14903.00,29064,9688.00,0,0.00,0,0.00
728,7,1275,182.14,589,84.14,291889,41698.43,116796,16685.14,1388,198.29,179,25.57
729,3,935,311.67,266,88.67,30907,10302.33,6708,2236.00,0,0.00,0,0.00
730,6,1471,245.17,498,83.00,127784,21297.33,43315,7219.17,610,101.67,58,9.67
731,7,1339,191.29,373,53.29,172157,24593.86,69585,9940.71,1185,169.29,170,24.29
732,2,366,183.00,107,53.50,79793,39896.50,20117,10058.50,526,263.00,60,30.00
733,4,991,247.75,281,70.25,99374,24843.50,56092,14023.00,0,0.00,12,3.00
734,3,1310,436.67,420,140.00,131176,43725.33,103691,34563.67,0,0.00,0,0.00
735,4,1482,370.50,873,218.25,150054,37513.50,202352,50588.00,529,132.25,60,15.00
736,2,328,164.00,126,63.00,65285,32642.50,12625,6312.50,0,0.00,64,32.00
738,3,799,266.33,181,60.33,12102,4034.00,80275,26758.33,0,0.00,0,0.00
739,4,416,104.00,391,97.75,121185,30296.25,16608,4152.00,0,0.00,12,3.00
740,2,796,398.00,154,77.00,63924,31962.00,67633,33816.50,469,234.50,0,0.00
741,2,532,266.00,69,34.50,150586,75293.00,193624,96812.00,347,173.50,56,28.00
743,3,888,296.00,224,74.67,14937,4979.00,56571,18857.00,0,0.00,18,6.00
744,3,722,240.67,290,96.67,70918,23639.33,10794,3598.00,0,0.00,0,0.00
745,2,376,188.00,125,62.50,57766,28883.00,19340,9670.00,523,261.50,49,24.50
747,3,1696,565.33,848,282.67,45875,15291.67,171385,57128.33,0,0.00,0,0.00
748,4,1060,265.00,435,108.75,57840,14460.00,23102,5775.50,0,0.00,0,0.00
749,1,195,195.00,102,102.00,33177,33177.00,6102,6102.00,0,0.00,0,0.00
750,2,512,256.00,238,119.00,30656,15328.00,17984,8992.00,0,0.00,0,0.00
751,2,439,219.50,162,81.00,29886,14943.00,13288,6644.00,0,0.00,0,0.00
752,7,2035,290.71,704,100.57,142178,20311.14,125493,17927.57,41,5.86,0,0.00
753,5,218,43.60,76,15.20,249075,49815.00,51374,10274.80,2140,428.00,251,50.20
754,5,1514,302.80,732,146.40,67677,13535.40,65798,13159.60,0,0.00,16,3.20
755,4,874,218.50,390,97.50,104611,26152.75,32189,8047.25,537,134.25,60,15.00
756,15,261,17.40,471,31.40,49651,3310.07,2444,162.93,0,0.00,52,3.47
757,4,1166,291.50,540,135.00,64316,16079.00,21492,5373.00,0,0.00,0,0.00
758,4,2338,584.50,1705,426.25,81533,20383.25,22406,5601.50,0,0.00,0,0.00
759,3,1030,343.33,452,150.67,85110,28370.00,98427,32809.00,633,211.00,68,22.67
760,3,772,257.33,415,138.33,28257,9419.00,80525,26841.67,0,0.00,36,12.00
761,2,1855,927.50,1650,825.00,15327,7663.50,8019,4009.50,0,0.00,0,0.00
762,1,295,295.00,132,132.00,14611,14611.00,10771,10771.00,0,0.00,0,0.00
763,5,1650,330.00,746,149.20,72853,14570.60,36114,7222.80,0,0.00,0,0.00
764,2,556,278.00,230,115.00,27813,13906.50,13019,6509.50,512,256.00,0,0.00
765,6,216,36.00,324,54.00,16308,2718.00,540,90.00,0,0.00,0,0.00
767,1,274,274.00,95,95.00,15552,15552.00,8019,8019.00,0,0.00,0,0.00
768,1,148,148.00,75,75.00,11092,11092.00,495,495.00,0,0.00,0,0.00
769,6,1732,288.67,453,75.50,206389,34398.17,135540,22590.00,549,91.50,0,0.00
770,12,730,60.83,816,68.00,47398,3949.83,1676,139.67,0,0.00,0,0.00
771,7,1708,244.00,405,57.86,316146,45163.71,200943,28706.14,1526,218.00,202,28.86
772,1,508,508.00,60,60.00,53526,53526.00,86745,86745.00,0,0.00,0,0.00
773,27,1116,41.33,292,10.81,1721552,63761.19,465227,17230.63,11624,430.52,1568,58.07
774,6,520,86.67,208,34.67,324267,54044.50,101106,16851.00,2296,382.67,290,48.33
776,3,369,123.00,121,40.33,153708,51236.00,38492,12830.67,1297,432.33,146,48.67
777,1,65,65.00,7,7.00,74399,74399.00,15619,15619.00,676,676.00,88,88.00
779,3,1064,354.67,580,193.33,72909,24303.00,81794,27264.67,0,0.00,8,2.67
780,4,1016,254.00,308,77.00,112436,28109.00,63708,15927.00,285,71.25,58,14.50
781,2,391,195.50,129,64.50,34102,17051.00,15583,7791.50,0,0.00,18,9.00
782,1,35,35.00,35,35.00,5679,5679.00,450,450.00,0,0.00,18,18.00
783,4,648,162.00,180,45.00,90301,22575.25,79092,19773.00,322,80.50,8,2.00
784,1,282,282.00,142,142.00,14998,14998.00,4956,4956.00,0,0.00,0,0.00
785,4,1328,332.00,597,149.25,57826,14456.50,131307,32826.75,0,0.00,9,2.25
788,4,1646,411.50,830,207.50,99621,24905.25,103436,25859.00,328,82.00,75,18.75
789,1,299,299.00,137,137.00,18056,18056.00,720,720.00,0,0.00,0,0.00
790,9,3039,337.67,1174,130.44,242312,26923.56,134782,14975.78,134,14.89,0,0.00
792,1,397,397.00,338,338.00,10976,10976.00,714,714.00,0,0.00,12,12.00
793,1,368,368.00,74,74.00,9359,9359.00,10308,10308.00,0,0.00,0,0.00
794,2,786,393.00,16,8.00,10186,5093.00,85470,42735.00,0,0.00,0,0.00
796,3,643,214.33,78,26.00,209956,69985.33,120672,40224.00,1260,420.00,160,53.33
797,2,538,269.00,254,127.00,32788,16394.00,23394,11697.00,0,0.00,0,0.00
798,4,367,91.75,169,42.25,191096,47774.00,32715,8178.75,1261,315.25,142,35.50
799,1,124,124.00,76,76.00,12738,12738.00,1092,1092.00,0,0.00,9,9.00
800,1,343,343.00,135,135.00,14804,14804.00,6915,6915.00,0,0.00,0,0.00
802,5,1300,260.00,653,130.60,74714,14942.80,24820,4964.00,0,0.00,14,2.80
804,4,238,59.50,333,83.25,9562,2390.50,296,74.00,374,93.50,21,5.25
805,3,2840,946.67,2504,834.67,15338,5112.67,7027,2342.33,0,0.00,0,0.00
807,2,1279,639.50,475,237.50,96454,48227.00,304769,152384.50,0,0.00,0,0.00
808,4,1269,317.25,270,67.50,70966,17741.50,75585,18896.25,0,0.00,0,0.00
810,4,1152,288.00,468,117.00,62316,15579.00,16488,4122.00,0,0.00,0,0.00
811,7,2258,322.57,602,86.00,146044,20863.43,144970,20710.00,0,0.00,1,0.14
812,2,410,205.00,134,67.00,39128,19564.00,11003,5501.50,126,63.00,8,4.00
813,2,609,304.50,118,59.00,135316,67658.00,84113,42056.50,584,292.00,16,8.00
814,1,255,255.00,101,101.00,16663,16663.00,13956,13956.00,0,0.00,0,0.00
815,2,674,337.00,127,63.50,22165,11082.50,51224,25612.00,0,0.00,0,0.00
816,2,154,77.00,86,43.00,16567,8283.50,5220,2610.00,1185,592.50,57,28.50
818,3,893,297.67,224,74.67,74206,24735.33,45306,15102.00,609,203.00,18,6.00
819,5,3061,612.20,1744,348.80,82439,16487.80,190160,38032.00,0,0.00,0,0.00
821,2,817,408.50,194,97.00,76132,38066.00,38752,19376.00,688,344.00,0,0.00
822,3,1371,457.00,199,66.33,187509,62503.00,163074,54358.00,396,132.00,0,0.00
823,1,818,818.00,422,422.00,18693,18693.00,75852,75852.00,0,0.00,0,0.00
824,1,531,531.00,64,64.00,53001,53001.00,79570,79570.00,749,749.00,0,0.00
825,1,436,436.00,1114,1114.00,11416,11416.00,839,839.00,0,0.00,10,10.00
826,2,1005,502.50,812,406.00,20146,10073.00,6653,3326.50,461,230.50,32,16.00
827,23,5980,260.00,2277,99.00,686481,29847.00,133952,5824.00,0,0.00,0,0.00
828,4,2479,619.75,1223,305.75,70635,17658.75,143679,35919.75,0,0.00,0,0.00
829,2,450,225.00,173,86.50,38027,19013.50,11499,5749.50,0,0.00,0,0.00
830,7,3104,443.43,1569,224.14,119318,17045.43,241754,34536.29,0,0.00,0,0.00
831,6,2207,367.83,885,147.50,84004,14000.67,91673,15278.83,0,0.00,0,0.00
832,3,356,118.67,230,76.67,33296,11098.67,1946,648.67,0,0.00,50,16.67
834,1,569,569.00,66,66.00,58280,58280.00,94263,94263.00,53,53.00,0,0.00
835,1,121,121.00,78,78.00,62188,62188.00,15011,15011.00,0,0.00,56,56.00
836,1,570,570.00,66,66.00,133151,133151.00,85595,85595.00,677,677.00,0,0.00
837,5,2465,493.00,808,161.60,60253,12050.60,71994,14398.80,0,0.00,0,0.00
838,1,132,132.00,36,36.00,17556,17556.00,1496,1496.00,0,0.00,0,0.00
840,3,195,65.00,103,34.33,44739,14913.00,6392,2130.67,0,0.00,0,0.00
842,2,861,430.50,196,98.00,74273,37136.50,107524,53762.00,765,382.50,0,0.00
843,1,581,581.00,68,68.00,132791,132791.00,86294,86294.00,520,520.00,0,0.00
844,4,1687,421.75,722,180.50,70546,17636.50,144262,36065.50,0,0.00,0,0.00
845,3,855,285.00,396,132.00,51261,17087.00,33216,11072.00,0,0.00,0,0.00
847,259,168553,650.78,65461,252.75,1558601,6017.76,401115,1548.71,0,0.00,0,0.00
848,2,860,430.00,180,90.00,151835,75917.50,83648,41824.00,110,55.00,0,0.00
849,1,66,66.00,57,57.00,1914,1914.00,107,107.00,0,0.00,4,4.00
850,2,676,338.00,188,94.00,34952,17476.00,29728,14864.00,0,0.00,0,0.00
851,4,2346,586.50,1621,405.25,53259,13314.75,96085,24021.25,0,0.00,0,0.00
852,2,339,169.50,158,79.00,23316,11658.00,865,432.50,0,0.00,4,2.00
853,3,1019,339.67,426,142.00,51152,17050.67,30080,10026.67,0,0.00,0,0.00
854,1,582,582.00,68,68.00,59955,59955.00,99921,99921.00,0,0.00,0,0.00
857,1,306,306.00,104,104.00,16850,16850.00,6921,6921.00,576,576.00,0,0.00
859,1,283,283.00,123,123.00,17024,17024.00,5664,5664.00,0,0.00,0,0.00
862,1,298,298.00,130,130.00,16136,16136.00,5740,5740.00,0,0.00,0,0.00
863,1,160,160.00,61,61.00,33507,33507.00,5733,5733.00,0,0.00,0,0.00
864,1,428,428.00,8,8.00,5548,5548.00,50820,50820.00,0,0.00,0,0.00
865,2,542,271.00,210,105.00,35772,17886.00,32328,16164.00,0,0.00,0,0.00
866,2,883,441.50,199,99.50,78749,39374.50,93483,46741.50,142,71.00,0,0.00
868,3,1531,510.33,242,80.67,241518,80506.00,360719,120239.67,642,214.00,0,0.00
869,1,333,333.00,107,107.00,16997,16997.00,6921,6921.00,576,576.00,0,0.00
870,5,1774,354.80,374,74.80,201951,40390.20,300274,60054.80,695,139.00,66,13.20
871,1,316,316.00,129,129.00,17886,17886.00,16164,16164.00,0,0.00,0,0.00
872,2,359,179.50,198,99.00,23667,11833.50,12131,6065.50,0,0.00,14,7.00
874,2,2080,1040.00,1950,975.00,17321,8660.50,10116,5058.00,0,0.00,0,0.00
875,1,343,343.00,175,175.00,15960,15960.00,5740,5740.00,0,0.00,0,0.00
876,1,52,52.00,34,34.00,19091,19091.00,1375,1375.00,430,430.00,10,10.00
877,3,1255,418.33,213,71.00,106487,35495.67,113783,37927.67,647,215.67,0,0.00
879,1,617,617.00,73,73.00,61845,61845.00,103883,103883.00,0,0.00,0,0.00
880,2,306,153.00,97,48.50,53268,26634.00,8295,4147.50,0,0.00,16,8.00
882,1,57,57.00,26,26.00,57522,57522.00,12329,12329.00,331,331.00,60,60.00
883,1,613,613.00,72,72.00,141234,141234.00,79122,79122.00,333,333.00,0,0.00
884,2,333,166.50,167,83.50,24304,12152.00,10688,5344.00,0,0.00,20,10.00
885,1,40,40.00,19,19.00,43912,43912.00,11913,11913.00,0,0.00,4,4.00
887,3,900,300.00,351,117.00,53634,17878.00,21252,7084.00,0,0.00,0,0.00
888,3,1220,406.67,349,116.33,103663,34554.33,108055,36018.33,0,0.00,0,0.00
889,1,268,268.00,153,153.00,33392,33392.00,11330,11330.00,0,0.00,0,0.00
891,1,864,864.00,456,456.00,19402,19402.00,91000,91000.00,0,0.00,0,0.00
892,3,707,235.67,404,134.67,51469,17156.33,2709,903.00,0,0.00,18,6.00
893,1,281,281.00,130,130.00,17339,17339.00,5664,5664.00,0,0.00,0,0.00
894,1,397,397.00,43,43.00,41278,41278.00,57629,57629.00,0,0.00,5,5.00
895,4,1650,412.50,1044,261.00,83326,20831.50,25366,6341.50,379,94.75,49,12.25
896,2,924,462.00,896,448.00,3854,1927.00,34,17.00,0,0.00,4,2.00
898,4,1019,254.75,425,106.25,82047,20511.75,23970,5992.50,630,157.50,0,0.00
900,3,1836,612.00,631,210.33,48377,16125.67,167154,55718.00,604,201.33,0,0.00
901,1,405,405.00,115,115.00,17389,17389.00,6921,6921.00,576,576.00,0,0.00
902,1,641,641.00,74,74.00,63743,63743.00,109223,109223.00,0,0.00,0,0.00
903,1,219,219.00,98,98.00,41072,41072.00,8828,8828.00,75,75.00,6,6.00
904,1,310,310.00,102,102.00,18536,18536.00,17113,17113.00,0,0.00,0,0.00
906,1,312,312.00,144,144.00,17878,17878.00,7084,7084.00,0,0.00,0,0.00
909,5,2345,469.00,1420,284.00,69230,13846.00,35300,7060.00,507,101.40,12,2.40
910,4,1224,306.00,468,117.00,73576,18394.00,44536,11134.00,0,0.00,0,0.00
912,2,304,152.00,112,56.00,19152,9576.00,6560,3280.00,0,0.00,16,8.00
914,3,1521,507.00,355,118.33,104014,34671.33,118488,39496.00,144,48.00,0,0.00
916,3,784,261.33,254,84.67,86490,28830.00,27849,9283.00,0,0.00,69,23.00
917,1,377,377.00,122,122.00,18363,18363.00,11071,11071.00,0,0.00,0,0.00
918,1,626,626.00,76,76.00,151156,151156.00,93855,93855.00,543,543.00,0,0.00
919,3,774,258.00,140,46.67,208645,69548.33,105843,35281.00,1631,543.67,67,22.33
921,1,958,958.00,958,958.00,0,0.00,0,0.00,0,0.00,0,0.00
922,3,623,207.67,342,114.00,72104,24034.67,10196,3398.67,615,205.00,16,5.33
923,1,397,397.00,145,145.00,17217,17217.00,5013,5013.00,0,0.00,0,0.00
924,24,7126,296.92,2782,115.92,808720,33696.67,154213,6425.54,0,0.00,0,0.00
925,2,385,192.50,184,92.00,38397,19198.50,19708,9854.00,615,307.50,10,5.00
926,1,127,127.00,43,43.00,49893,49893.00,18727,18727.00,0,0.00,6,6.00
927,1,69,69.00,26,26.00,430,430.00,96,96.00,792,792.00,56,56.00
928,2,421,210.50,209,104.50,34172,17086.00,11221,5610.50,0,0.00,0,0.00
929,1,367,367.00,107,107.00,18464,18464.00,11064,11064.00,0,0.00,0,0.00
932,2,616,308.00,276,138.00,38322,19161.00,24912,12456.00,0,0.00,0,0.00
933,1,347,347.00,59,59.00,46423,46423.00,8298,8298.00,0,0.00,0,0.00
934,1,74,74.00,38,38.00,19694,19694.00,6374,6374.00,615,615.00,10,10.00
935,1,315,315.00,113,113.00,18381,18381.00,6770,6770.00,0,0.00,0,0.00
936,3,946,315.33,488,162.67,34731,11577.00,38682,12894.00,0,0.00,36,12.00
937,2,1312,656.00,1125,562.50,18128,9064.00,16164,8082.00,0,0.00,0,0.00
938,3,1286,428.67,364,121.33,194377,64792.33,116910,38970.00,713,237.67,0,0.00
940,1,600,600.00,70,70.00,137436,137436.00,87939,87939.00,541,541.00,2,2.00
941,3,1032,344.00,486,162.00,57483,19161.00,37368,12456.00,0,0.00,0,0.00
942,3,945,315.00,477,159.00,54480,18160.00,41685,13895.00,0,0.00,0,0.00
943,6,2282,380.33,1058,176.33,114020,19003.33,72064,12010.67,0,0.00,0,0.00
944,2,551,275.50,280,140.00,45968,22984.00,14952,7476.00,0,0.00,9,4.50
945,1,936,936.00,477,477.00,21654,21654.00,102375,102375.00,0,0.00,0,0.00
948,1,149,149.00,66,66.00,28290,28290.00,2386,2386.00,0,0.00,0,0.00
949,4,2866,716.50,1642,410.50,108516,27129.00,222535,55633.75,0,0.00,0,0.00
952,1,932,932.00,932,932.00,110,110.00,0,0.00,0,0.00,0,0.00
953,1,118,118.00,64,64.00,8038,8038.00,507,507.00,0,0.00,16,16.00
954,1,324,324.00,128,128.00,18942,18942.00,8022,8022.00,0,0.00,0,0.00
955,1,346,346.00,121,121.00,19426,19426.00,12456,12456.00,0,0.00,0,0.00
956,1,107,107.00,46,46.00,10988,10988.00,1022,1022.00,0,0.00,14,14.00
958,1,667,667.00,77,77.00,160873,160873.00,86852,86852.00,790,790.00,0,0.00
959,2,689,344.50,88,44.00,138369,69184.50,100452,50226.00,228,114.00,6,3.00
960,2,342,171.00,154,77.00,35562,17781.00,3722,1861.00,0,0.00,0,0.00
962,1,692,692.00,77,77.00,68879,68879.00,122909,122909.00,0,0.00,0,0.00
963,2,741,370.50,168,84.00,18024,9012.00,47287,23643.50,31,15.50,5,2.50
964,4,1321,330.25,535,133.75,78592,19648.00,71078,17769.50,0,0.00,0,0.00
965,1,216,216.00,97,97.00,18593,18593.00,2227,2227.00,0,0.00,0,0.00
966,1,235,235.00,111,111.00,17825,17825.00,3430,3430.00,0,0.00,0,0.00
968,27,13689,507.00,12997,481.37,133923,4960.11,46055,1705.74,0,0.00,484,17.93
970,3,1408,469.33,371,123.67,205879,68626.33,119228,39742.67,482,160.67,0,0.00
971,4,2690,672.50,1210,302.50,82322,20580.50,248828,62207.00,0,0.00,0,0.00
972,2,264,132.00,92,46.00,59847,29923.50,30594,15297.00,1071,535.50,174,87.00
973,4,1758,439.50,472,118.00,77164,19291.00,59694,14923.50,0,0.00,0,0.00
974,2,1023,511.50,230,115.00,89115,44557.50,137939,68969.50,0,0.00,0,0.00
975,2,777,388.50,344,172.00,38519,19259.50,18239,9119.50,0,0.00,0,0.00
976,1,148,148.00,21,21.00,86327,86327.00,17355,17355.00,626,626.00,80,80.00
977,2,1386,693.00,647,323.50,41734,20867.00,121953,60976.50,0,0.00,0,0.00
978,2,398,199.00,164,82.00,33862,16931.00,10946,5473.00,0,0.00,0,0.00
980,2,982,491.00,88,44.00,12070,6035.00,97694,48847.00,0,0.00,0,0.00
982,3,570,190.00,286,95.33,65542,21847.33,11859,3953.00,0,0.00,0,0.00
983,1,490,490.00,31,31.00,6145,6145.00,45459,45459.00,0,0.00,0,0.00
984,1,711,711.00,79,79.00,68709,68709.00,111317,111317.00,676,676.00,0,0.00
985,2,1022,511.00,196,98.00,90834,45417.00,148705,74352.50,28,14.00,0,0.00
986,1,65,65.00,40,40.00,7947,7947.00,496,496.00,0,0.00,16,16.00
987,1,960,960.00,504,504.00,21658,21658.00,114016,114016.00,0,0.00,0,0.00
988,1,412,412.00,124,124.00,20112,20112.00,19586,19586.00,0,0.00,0,0.00
989,1,543,543.00,123,123.00,19320,19320.00,11192,11192.00,0,0.00,0,0.00
990,3,763,254.33,412,137.33,73640,24546.67,13849,4616.33,49,16.33,10,3.33
991,2,783,391.50,309,154.50,39612,19806.00,28279,14139.50,0,0.00,0,0.00
992,3,1271,423.67,332,110.67,80555,26851.67,30127,10042.33,0,0.00,0,0.00
994,2,475,237.50,159,79.50,34195,17097.50,21840,10920.00,0,0.00,18,9.00
995,1,735,735.00,84,84.00,71427,71427.00,130920,130920.00,0,0.00,0,0.00
996,2,831,415.50,198,99.00,25169,12584.50,58653,29326.50,0,0.00,0,0.00
998,1,455,455.00,131,131.00,20009,20009.00,12456,12456.00,0,0.00,0,0.00
1000,2,733,366.50,374,187.00,51998,25999.00,22251,11125.50,0,0.00,0,0.00
1004,1,233,233.00,101,101.00,19146,19146.00,1570,1570.00,0,0.00,0,0.00
1005,3,999,333.00,444,148.00,61485,20495.00,47640,15880.00,0,0.00,0,0.00
1006,1,699,699.00,79,79.00,176959,176959.00,106644,106644.00,809,809.00,0,0.00
1007,2,664,332.00,296,148.00,41734,20867.00,37716,18858.00,0,0.00,0,0.00
1008,5,1781,356.20,526,105.20,154730,30946.00,137771,27554.20,744,148.80,24,4.80
1010,4,1161,290.25,608,152.00,96348,24087.00,43888,10972.00,0,0.00,10,2.50
1011,1,109,109.00,37,37.00,5289,5289.00,363,363.00,921,921.00,0,0.00
1012,2,664,332.00,302,151.00,40083,20041.50,24378,12189.00,0,0.00,0,0.00
1014,3,673,224.33,306,102.00,48744,16248.00,16620,5540.00,0,0.00,16,5.33
1015,1,334,334.00,142,142.00,20432,20432.00,8096,8096.00,0,0.00,0,0.00
1016,1,67,67.00,38,38.00,21432,21432.00,10136,10136.00,276,276.00,9,9.00
1017,17,4896,288.00,1377,81.00,649026,38178.00,127296,7488.00,0,0.00,0,0.00
1018,2,429,214.50,83,41.50,54644,27322.00,19623,9811.50,889,444.50,119,59.50
1020,2,1007,503.50,162,81.00,219038,109519.00,101928,50964.00,782,391.00,0,0.00
1021,2,375,187.50,128,64.00,46884,23442.00,8050,4025.00,0,0.00,18,9.00
1022,3,889,296.33,268,89.33,114534,38178.00,22464,7488.00,0,0.00,0,0.00
1023,3,1107,369.00,205,68.33,136524,45508.00,146663,48887.67,598,199.33,14,4.67
1025,1,304,304.00,97,97.00,38178,38178.00,7488,7488.00,0,0.00,0,0.00
1026,1,254,254.00,60,60.00,21390,21390.00,2338,2338.00,0,0.00,14,14.00
1028,1,347,347.00,159,159.00,21078,21078.00,15039,15039.00,0,0.00,0,0.00
1029,1,292,292.00,85,85.00,38222,38222.00,7488,7488.00,0,0.00,0,0.00
1030,1,553,553.00,141,141.00,26063,26063.00,15509,15509.00,260,260.00,0,0.00
1031,2,742,371.00,342,171.00,42156,21078.00,30078,15039.00,0,0.00,0,0.00
1032,4,1421,355.25,289,72.25,274145,68536.25,127038,31759.50,736,184.00,14,3.50
1033,2,1029,514.50,402,201.00,31677,15838.50,54860,27430.00,0,0.00,0,0.00
1035,11,4810,437.27,1935,175.91,374086,34007.82,316994,28817.64,0,0.00,0,0.00
1038,4,1225,306.25,416,104.00,137433,34358.25,23360,5840.00,0,0.00,0,0.00
1039,1,1034,1034.00,530,530.00,23769,23769.00,123750,123750.00,0,0.00,0,0.00
1040,1,1036,1036.00,532,532.00,23769,23769.00,123750,123750.00,0,0.00,0,0.00
1041,1,296,296.00,89,89.00,38266,38266.00,7488,7488.00,0,0.00,0,0.00
1042,2,2044,1022.00,2044,1022.00,220,110.00,0,0.00,0,0.00,0,0.00
1045,2,739,369.50,252,126.00,74214,37107.00,48260,24130.00,0,0.00,18,9.00
1050,2,623,311.50,82,41.00,7095,3547.50,55053,27526.50,891,445.50,63,31.50
1051,5,2789,557.80,1004,200.80,109754,21950.80,198901,39780.20,0,0.00,0,0.00
1053,4,3127,781.75,1616,404.00,37664,9416.00,238166,59541.50,0,0.00,0,0.00
1054,2,772,386.00,440,220.00,42310,21155.00,30078,15039.00,0,0.00,0,0.00
1058,1,1054,1054.00,541,541.00,24192,24192.00,128268,128268.00,0,0.00,0,0.00
1059,3,618,206.00,227,75.67,83989,27996.33,15877,5292.33,570,190.00,7,2.33
1060,7,3585,512.14,1767,252.43,185810,26544.29,262615,37516.43,1188,169.71,70,10.00
1064,25,8196,327.84,3059,122.36,926032,37041.28,202302,8092.08,0,0.00,0,0.00
1067,2,2152,1076.00,1144,572.00,47538,23769.00,247500,123750.00,0,0.00,0,0.00
1068,2,402,201.00,197,98.50,43239,21619.50,19351,9675.50,276,138.00,10,5.00
1069,2,1486,743.00,168,84.00,388046,194023.00,220683,110341.50,1314,657.00,0,0.00
1070,5,2151,430.20,532,106.40,234710,46942.00,189140,37828.00,861,172.20,17,3.40
1071,3,1151,383.67,217,72.33,83574,27858.00,72016,24005.33,0,0.00,0,0.00
1072,3,816,272.00,288,96.00,55792,18597.33,19504,6501.33,0,0.00,16,5.33
1073,1,157,157.00,41,41.00,47647,47647.00,9492,9492.00,70,70.00,0,0.00
1074,1,322,322.00,152,152.00,21426,21426.00,824,824.00,0,0.00,0,0.00
1076,1,221,221.00,141,141.00,49266,49266.00,9126,9126.00,0,0.00,0,0.00
1077,2,816,408.00,216,108.00,103257,51628.50,17734,8867.00,0,0.00,0,0.00
1078,2,428,214.00,174,87.00,59659,29829.50,18922,9461.00,188,94.00,6,3.00
1079,1,539,539.00,35,35.00,6741,6741.00,54954,54954.00,0,0.00,0,0.00
1080,1,54,54.00,18,18.00,16578,16578.00,3276,3276.00,0,0.00,0,0.00
1082,1,63,63.00,54,54.00,11006,11006.00,532,532.00,0,0.00,24,24.00
1083,2,1878,939.00,1338,669.00,10350,5175.00,36796,18398.00,0,0.00,0,0.00
1085,2,1451,725.50,737,368.50,46391,23195.50,146876,73438.00,0,0.00,0,0.00
1088,4,2793,698.25,386,96.50,375810,93952.50,429709,107427.25,843,210.75,0,0.00
1089,202,102686,508.35,54101,267.83,1385277,6857.81,674180,3337.52,0,0.00,0,0.00
1090,1,797,797.00,89,89.00,76623,76623.00,112806,112806.00,427,427.00,0,0.00
1091,1,73,73.00,52,52.00,23075,23075.00,9415,9415.00,276,276.00,8,8.00
1093,1,807,807.00,91,91.00,77831,77831.00,151030,151030.00,0,0.00,0,0.00
1094,2,732,366.00,284,142.00,43848,21924.00,21364,10682.00,0,0.00,0,0.00
1096,1,451,451.00,130,130.00,22317,22317.00,16212,16212.00,0,0.00,0,0.00
1098,1,826,826.00,92,92.00,77197,77197.00,120098,120098.00,523,523.00,0,0.00
1100,2,444,222.00,238,119.00,59972,29986.00,21589,10794.50,0,0.00,10,5.00
1103,1,414,414.00,163,163.00,21015,21015.00,7443,7443.00,0,0.00,0,0.00
1108,1,777,777.00,87,87.00,204958,204958.00,121519,121519.00,733,733.00,0,0.00
1109,1,249,249.00,115,115.00,48638,48638.00,16406,16406.00,0,0.00,0,0.00
1112,2,724,362.00,312,156.00,45990,22995.00,35730,17865.00,0,0.00,0,0.00
1113,3,1135,378.33,220,73.33,180430,60143.33,190106,63368.67,1039,346.33,5,1.67
1116,2,541,270.50,176,88.00,88554,44277.00,16902,8451.00,0,0.00,0,0.00
1118,1,374,374.00,168,168.00,22995,22995.00,17865,17865.00,0,0.00,0,0.00
1119,1,200,200.00,38,38.00,20697,20697.00,2066,2066.00,0,0.00,5,5.00
1121,2,1364,682.00,126,63.00,215769,107884.50,189508,94754.00,948,474.00,0,0.00
1122,1,68,68.00,46,46.00,16774,16774.00,3276,3276.00,0,0.00,0,0.00
1123,5,2248,449.60,944,188.80,114221,22844.20,86093,17218.60,0,0.00,0,0.00
1124,1,844,844.00,94,94.00,80561,80561.00,162768,162768.00,0,0.00,0,0.00
1128,1,372,372.00,268,268.00,32324,32324.00,1572,1572.00,0,0.00,0,0.00
1130,1,60,60.00,11,11.00,104584,104584.00,26549,26549.00,853,853.00,100,100.00
1131,3,1357,452.33,375,125.00,69901,23300.33,59470,19823.33,0,0.00,0,0.00
1132,1,1112,1112.00,1112,1112.00,110,110.00,0,0.00,0,0.00,0,0.00
1133,1,189,189.00,65,65.00,23211,23211.00,1944,1944.00,0,0.00,0,0.00
1134,4,2345,586.25,224,56.00,289082,72270.50,396308,99077.00,1358,339.50,94,23.50
1135,1,855,855.00,98,98.00,79602,79602.00,133595,133595.00,552,552.00,0,0.00
1136,2,1139,569.50,129,64.50,104621,52310.50,168926,84463.00,252,126.00,16,8.00
1137,1,86,86.00,40,40.00,23572,23572.00,7632,7632.00,738,738.00,12,12.00
1140,1,519,519.00,141,141.00,22486,22486.00,20057,20057.00,0,0.00,0,0.00
1141,1,520,520.00,142,142.00,22266,22266.00,17032,17032.00,0,0.00,0,0.00
1143,1,571,571.00,27,27.00,7222,7222.00,65344,65344.00,0,0.00,0,0.00
1144,1,878,878.00,98,98.00,82188,82188.00,170097,170097.00,0,0.00,0,0.00
1145,2,784,392.00,145,72.50,87957,43978.50,47325,23662.50,124,62.00,29,14.50
1147,1,374,374.00,162,162.00,23849,23849.00,24577,24577.00,0,0.00,0,0.00
1148,1,110,110.00,77,77.00,64597,64597.00,7106,7106.00,0,0.00,18,18.00
1149,1,578,578.00,47,47.00,7096,7096.00,36819,36819.00,0,0.00,0,0.00
1150,4,1600,400.00,728,182.00,93668,23417.00,61320,15330.00,0,0.00,0,0.00
1157,1,1166,1166.00,617,617.00,25884,25884.00,147150,147150.00,0,0.00,0,0.00
1162,1,428,428.00,209,209.00,23030,23030.00,9108,9108.00,0,0.00,0,0.00
1163,3,1700,566.67,316,105.33,278010,92670.00,177748,59249.33,795,265.00,0,0.00
1165,1,653,653.00,133,133.00,23410,23410.00,16345,16345.00,0,0.00,0,0.00
1166,1,80,80.00,57,57.00,20006,20006.00,3513,3513.00,0,0.00,0,0.00
1167,1,384,384.00,145,145.00,23842,23842.00,12474,12474.00,0,0.00,0,0.00
1168,5,1840,368.00,720,144.00,119200,23840.00,54800,10960.00,0,0.00,0,0.00
1170,5,2044,408.80,786,157.20,114722,22944.40,46076,9215.20,0,0.00,0,0.00
1171,1,408,408.00,138,138.00,23904,23904.00,19077,19077.00,0,0.00,0,0.00
1172,1,692,692.00,140,140.00,23538,23538.00,16377,16377.00,0,0.00,0,0.00
1175,1,392,392.00,153,153.00,23842,23842.00,12474,12474.00,0,0.00,0,0.00
1176,3,921,307.00,128,42.67,98872,32957.33,156255,52085.00,999,333.00,56,18.67
1178,3,1330,443.33,418,139.33,72350,24116.67,50748,16916.00,0,0.00,0,0.00
1180,1,853,853.00,94,94.00,211845,211845.00,110110,110110.00,927,927.00,0,0.00
1181,1,679,679.00,126,126.00,9017,9017.00,58191,58191.00,0,0.00,0,0.00
1184,1,1163,1163.00,614,614.00,25950,25950.00,147150,147150.00,0,0.00,0,0.00
1185,1,390,390.00,151,151.00,23908,23908.00,12474,12474.00,0,0.00,0,0.00
1186,2,991,495.50,278,139.00,48608,24304.00,38299,19149.50,0,0.00,0,0.00
1188,1,902,902.00,101,101.00,82461,82461.00,140970,140970.00,836,836.00,0,0.00
1189,1,668,668.00,108,108.00,9346,9346.00,56370,56370.00,0,0.00,0,0.00
1190,3,1263,421.00,609,203.00,69744,23248.00,53595,17865.00,0,0.00,0,0.00
1193,2,92,46.00,39,19.50,9446,4723.00,722,361.00,0,0.00,36,18.00
1196,1,34,34.00,34,34.00,8834,8834.00,700,700.00,0,0.00,28,28.00
1199,5,2279,455.80,542,108.40,98862,19772.40,76779,15355.80,0,0.00,8,1.60
1200,1,576,576.00,80,80.00,95280,95280.00,19440,19440.00,0,0.00,0,0.00
1202,2,464,232.00,217,108.50,32980,16490.00,21558,10779.00,0,0.00,18,9.00
1203,2,1042,521.00,152,76.00,273321,136660.50,201448,100724.00,999,499.50,0,0.00
1206,1,831,831.00,94,94.00,234083,234083.00,138896,138896.00,949,949.00,0,0.00
1207,1,677,677.00,108,108.00,9463,9463.00,58377,58377.00,0,0.00,0,0.00
1208,1,844,844.00,96,96.00,232213,232213.00,133079,133079.00,738,738.00,0,0.00
1209,1,278,278.00,58,58.00,13962,13962.00,2704,2704.00,0,0.00,0,0.00
1210,25,20243,809.72,16053,642.12,171470,6858.80,87181,3487.24,0,0.00,0,0.00
1211,2,1367,683.50,233,116.50,259488,129744.00,161436,80718.00,873,436.50,0,0.00
1212,1,17,17.00,17,17.00,9125,9125.00,700,700.00,0,0.00,28,28.00
1213,2,456,228.00,256,128.00,33863,16931.50,21634,10817.00,0,0.00,28,14.00
1214,2,317,158.50,98,49.00,50685,25342.50,64854,32427.00,0,0.00,18,9.00
1217,1,34,34.00,32,32.00,9062,9062.00,759,759.00,0,0.00,28,28.00
1218,2,546,273.00,222,111.00,73740,36870.00,9742,4871.00,0,0.00,0,0.00
1219,2,1656,828.00,1656,828.00,12560,6280.00,717,358.50,0,0.00,28,14.00
1220,2,1792,896.00,201,100.50,323624,161812.00,288426,144213.00,1419,709.50,0,0.00
1221,1,374,374.00,113,113.00,39232,39232.00,7866,7866.00,0,0.00,0,0.00
1222,2,610,305.00,251,125.50,60640,30320.00,82675,41337.50,1080,540.00,0,0.00
1223,1,22,22.00,31,31.00,9556,9556.00,535,535.00,0,0.00,20,20.00
1226,1,251,251.00,107,107.00,52646,52646.00,6889,6889.00,0,0.00,0,0.00
1227,1,187,187.00,54,54.00,37056,37056.00,63568,63568.00,0,0.00,0,0.00
1229,1,183,183.00,51,51.00,36848,36848.00,61153,61153.00,123,123.00,0,0.00
1231,1,503,503.00,192,192.00,24282,24282.00,10213,10213.00,0,0.00,0,0.00
1232,1,400,400.00,144,144.00,25056,25056.00,12208,12208.00,0,0.00,0,0.00
1233,2,400,200.00,123,61.50,73580,36790.00,113045,56522.50,431,215.50,0,0.00
1234,1,189,189.00,55,55.00,37100,37100.00,66769,66769.00,0,0.00,0,0.00
1235,2,1338,669.00,263,131.50,111089,55544.50,207878,103939.00,263,131.50,0,0.00
1238,1,406,406.00,150,150.00,25056,25056.00,12208,12208.00,0,0.00,0,0.00
1241,2,1476,738.00,282,141.00,269736,134868.00,166083,83041.50,907,453.50,0,0.00
1246,1,893,893.00,100,100.00,250229,250229.00,146086,146086.00,980,980.00,0,0.00
1248,2,502,251.00,301,150.50,72469,36234.50,9179,4589.50,0,0.00,15,7.50
1255,4,2660,665.00,508,127.00,179042,44760.50,242060,60515.00,0,0.00,5,1.25
1256,1,198,198.00,58,58.00,36961,36961.00,63559,63559.00,0,0.00,9,9.00
1257,1,197,197.00,26,26.00,37813,37813.00,12465,12465.00,873,873.00,0,0.00
1262,3,1635,545.00,373,124.33,89044,29681.33,45211,15070.33,191,63.67,12,4.00
1264,1,35,35.00,28,28.00,9642,9642.00,709,709.00,0,0.00,29,29.00
1266,1,928,928.00,105,105.00,86777,86777.00,179458,179458.00,1076,1076.00,0,0.00
1268,2,974,487.00,280,140.00,52222,26111.00,44570,22285.00,0,0.00,0,0.00
1269,1,495,495.00,153,153.00,24957,24957.00,10395,10395.00,0,0.00,0,0.00
1272,1,86,86.00,50,50.00,22532,22532.00,3942,3942.00,0,0.00,0,0.00
1274,1,923,923.00,105,105.00,88558,88558.00,197073,197073.00,0,0.00,0,0.00
1276,2,1150,575.00,172,86.00,34305,17152.50,74688,37344.00,0,0.00,0,0.00
1278,1,442,442.00,174,174.00,22148,22148.00,10238,10238.00,0,0.00,0,0.00
1279,1,938,938.00,107,107.00,88969,88969.00,181728,181728.00,647,647.00,0,0.00
1280,2,516,258.00,222,111.00,26179,13089.50,20956,10478.00,0,0.00,8,4.00
1282,1,1217,1217.00,138,138.00,275948,275948.00,183291,183291.00,782,782.00,0,0.00
1283,2,936,468.00,362,181.00,49698,24849.00,20736,10368.00,0,0.00,0,0.00
1284,1,306,306.00,48,48.00,27378,27378.00,3006,3006.00,0,0.00,18,18.00
1287,4,2941,735.25,371,92.75,816863,204215.75,499312,124828.00,3655,913.75,2,0.50
1288,1,712,712.00,96,96.00,88277,88277.00,54785,54785.00,306,306.00,0,0.00
1289,1,927,927.00,104,104.00,260605,260605.00,138255,138255.00,788,788.00,0,0.00
1290,1,946,946.00,107,107.00,91210,91210.00,210246,210246.00,70,70.00,0,0.00
1291,3,1501,500.33,423,141.00,80125,26708.33,78280,26093.33,0,0.00,0,0.00
1292,3,1759,586.33,916,305.33,54394,18131.33,171440,57146.67,0,0.00,8,2.67
1295,1,684,684.00,99,99.00,7970,7970.00,42057,42057.00,0,0.00,0,0.00
1297,1,133,133.00,28,28.00,64459,64459.00,14335,14335.00,310,310.00,70,70.00
1301,2,904,452.00,396,198.00,53658,26829.00,48492,24246.00,0,0.00,0,0.00
1303,3,2708,902.67,1047,349.00,147261,49087.00,338858,112952.67,0,0.00,0,0.00
1304,1,942,942.00,105,105.00,266797,266797.00,158661,158661.00,990,990.00,0,0.00
1307,1,426,426.00,159,159.00,26824,26824.00,15736,15736.00,0,0.00,0,0.00
1310,1,424,424.00,175,175.00,27256,27256.00,28088,28088.00,0,0.00,0,0.00
1311,2,2315,1157.50,890,445.00,295680,147840.00,251255,125627.50,1008,504.00,0,0.00
1314,1,460,460.00,174,174.00,22382,22382.00,10580,10580.00,0,0.00,0,0.00
1315,1,969,969.00,112,112.00,90778,90778.00,172089,172089.00,968,968.00,0,0.00
1318,1,422,422.00,170,170.00,25830,25830.00,10766,10766.00,896,896.00,0,0.00
1319,1,961,961.00,110,110.00,269785,269785.00,160660,160660.00,1006,1006.00,0,0.00
1320,1,965,965.00,108,108.00,269276,269276.00,158711,158711.00,952,952.00,0,0.00
1322,1,447,447.00,154,154.00,27215,27215.00,24264,24264.00,0,0.00,0,0.00
1323,1,59,59.00,27,27.00,65846,65846.00,17870,17870.00,0,0.00,6,6.00
1324,1,467,467.00,247,247.00,26906,26906.00,24246,24246.00,0,0.00,0,0.00
1325,1,429,429.00,180,180.00,27311,27311.00,28088,28088.00,0,0.00,0,0.00
1327,1,974,974.00,111,111.00,92825,92825.00,199195,199195.00,298,298.00,0,0.00
1328,4,1664,416.00,640,160.00,108992,27248.00,57024,14256.00,0,0.00,0,0.00
1330,1,478,478.00,223,223.00,26820,26820.00,12330,12330.00,0,0.00,0,0.00
1331,334,109968,329.25,121517,363.82,5575389,16692.78,320011,958.12,0,0.00,0,0.00
1332,3,1098,366.00,125,41.67,439944,146648.00,201445,67148.33,3206,1068.67,196,65.33
1334,1,430,430.00,188,188.00,26983,26983.00,24246,24246.00,0,0.00,0,0.00
1335,1,173,173.00,108,108.00,63984,63984.00,8612,8612.00,0,0.00,2,2.00
1336,1,63,63.00,9,9.00,88482,88482.00,27000,27000.00,1124,1124.00,98,98.00
1337,1,439,439.00,193,193.00,27030,27030.00,11615,11615.00,0,0.00,0,0.00
1339,1,984,984.00,113,113.00,95227,95227.00,235421,235421.00,0,0.00,0,0.00
1341,1,96,96.00,69,69.00,13691,13691.00,665,665.00,0,0.00,30,30.00
1343,1,960,960.00,109,109.00,269585,269585.00,148115,148115.00,1119,1119.00,0,0.00
1344,2,520,260.00,296,148.00,57192,28596.00,1640,820.00,0,0.00,32,16.00
1345,2,1414,707.00,302,151.00,54488,27244.00,44812,22406.00,0,0.00,0,0.00
1350,7,3853,550.43,1138,162.57,256675,36667.86,254796,36399.43,968,138.29,0,0.00
1352,1,794,794.00,158,158.00,27564,27564.00,22486,22486.00,0,0.00,0,0.00
1358,1,559,559.00,149,149.00,28208,28208.00,25736,25736.00,0,0.00,0,0.00
1361,1,971,971.00,112,112.00,269081,269081.00,155730,155730.00,1099,1099.00,0,0.00
1362,2,1269,634.50,222,111.00,154909,77454.50,249078,124539.00,168,84.00,0,0.00
1366,1,976,976.00,110,110.00,272859,272859.00,152627,152627.00,1052,1052.00,0,0.00
1374,4,2359,589.75,624,156.00,181654,45413.50,303596,75899.00,0,0.00,0,0.00
1378,1,985,985.00,111,111.00,277411,277411.00,164165,164165.00,1006,1006.00,0,0.00
1383,1,267,267.00,141,141.00,64010,64010.00,21802,21802.00,0,0.00,0,0.00
1386,1,1018,1018.00,115,115.00,97303,97303.00,218632,218632.00,566,566.00,0,0.00
1388,1,18,18.00,32,32.00,17262,17262.00,1694,1694.00,0,0.00,28,28.00
1390,1,994,994.00,112,112.00,277828,277828.00,162296,162296.00,899,899.00,0,0.00
1392,3,778,259.33,278,92.67,120349,40116.33,28279,9426.33,773,257.67,18,6.00
1398,3,1796,598.67,309,103.00,237677,79225.67,288080,96026.67,688,229.33,16,5.33
1402,1,1003,1003.00,113,113.00,277939,277939.00,147964,147964.00,1147,1147.00,0,0.00
1403,2,1553,776.50,1404,702.00,25766,12883.00,4059,2029.50,0,0.00,0,0.00
1404,2,1378,689.00,72,36.00,17650,8825.00,94618,47309.00,0,0.00,0,0.00
1410,1,1036,1036.00,117,117.00,98561,98561.00,208060,208060.00,793,793.00,0,0.00
1411,1,1397,1397.00,879,879.00,24472,24472.00,82908,82908.00,0,0.00,0,0.00
1412,1,84,84.00,8,8.00,124242,124242.00,43635,43635.00,1190,1190.00,118,118.00
1414,1,1012,1012.00,114,114.00,280978,280978.00,158746,158746.00,1052,1052.00,0,0.00
1415,1,87,87.00,10,10.00,118004,118004.00,43603,43603.00,1197,1197.00,118,118.00
1416,1,89,89.00,11,11.00,128227,128227.00,46635,46635.00,1187,1187.00,118,118.00
1418,1,31,31.00,42,42.00,17612,17612.00,1726,1726.00,0,0.00,28,28.00
1419,1,88,88.00,12,12.00,130190,130190.00,48278,48278.00,1194,1194.00,118,118.00
1421,1,660,660.00,166,166.00,28779,28779.00,25793,25793.00,0,0.00,0,0.00
1422,2,1559,779.50,292,146.00,124758,62379.00,288458,144229.00,0,0.00,0,0.00
1423,2,2810,1405.00,1478,739.00,62928,31464.00,213192,106596.00,0,0.00,0,0.00
1426,1,1021,1021.00,115,115.00,285545,285545.00,169619,169619.00,956,956.00,0,0.00
1429,1,89,89.00,18,18.00,130529,130529.00,46948,46948.00,1190,1190.00,118,118.00
1432,3,475,158.33,165,55.00,319531,106510.33,110997,36999.00,2392,797.33,236,78.67
1435,1,878,878.00,160,160.00,29737,29737.00,25945,25945.00,0,0.00,0,0.00
1438,2,1790,895.00,188,94.00,294120,147060.00,215268,107634.00,1184,592.00,0,0.00
1447,2,936,468.00,346,173.00,59612,29806.00,38752,19376.00,0,0.00,0,0.00
1448,1,526,526.00,158,158.00,29885,29885.00,29325,29325.00,0,0.00,0,0.00
1449,2,1125,562.50,331,165.50,58868,29434.00,43179,21589.50,0,0.00,0,0.00
1451,1,1040,1040.00,118,118.00,287348,287348.00,167203,167203.00,1088,1088.00,0,0.00
1452,13,12705,977.31,11495,884.23,74415,5724.23,6171,474.69,0,0.00,0,0.00
1454,1,1060,1060.00,120,120.00,101731,101731.00,245043,245043.00,658,658.00,0,0.00
1455,2,952,476.00,362,181.00,59612,29806.00,38752,19376.00,0,0.00,0,0.00
1456,1,574,574.00,166,166.00,30045,30045.00,29365,29365.00,0,0.00,0,0.00
1458,1,464,464.00,184,184.00,29806,29806.00,19376,19376.00,0,0.00,0,0.00
1462,1,1048,1048.00,118,118.00,291441,291441.00,176002,176002.00,948,948.00,0,0.00
1463,1,559,559.00,199,199.00,28719,28719.00,13788,13788.00,0,0.00,0,0.00
1465,1,504,504.00,209,209.00,29806,29806.00,19376,19376.00,0,0.00,0,0.00
1466,1,1069,1069.00,121,121.00,104313,104313.00,289529,289529.00,0,0.00,0,0.00
1471,2,1934,967.00,935,467.50,63126,31563.00,154224,77112.00,0,0.00,0,0.00
1472,2,1198,599.00,216,108.00,40031,20015.50,102303,51151.50,0,0.00,0,0.00
1474,2,2481,1240.50,1025,512.50,314570,157285.00,243513,121756.50,1219,609.50,0,0.00
1477,1,485,485.00,207,207.00,30663,30663.00,31599,31599.00,0,0.00,0,0.00
1478,1,1078,1078.00,122,122.00,103717,103717.00,264298,264298.00,306,306.00,0,0.00
1481,1,506,506.00,216,216.00,30663,30663.00,31599,31599.00,0,0.00,0,0.00
1483,1,514,514.00,258,258.00,30663,30663.00,31599,31599.00,0,0.00,0,0.00
1487,1,484,484.00,208,208.00,30225,30225.00,13490,13490.00,0,0.00,0,0.00
1488,3,1997,665.67,474,158.00,356794,118931.33,210643,70214.33,2032,677.33,0,0.00
1489,1,532,532.00,276,276.00,30663,30663.00,31599,31599.00,0,0.00,0,0.00
1490,1,1087,1087.00,123,123.00,103042,103042.00,224679,224679.00,1138,1138.00,0,0.00
1497,1,49,49.00,47,47.00,23102,23102.00,1798,1798.00,0,0.00,28,28.00
1498,1,1075,1075.00,121,121.00,293391,293391.00,181332,181332.00,1247,1247.00,0,0.00
1502,1,1096,1096.00,124,124.00,107076,107076.00,303281,303281.00,0,0.00,0,0.00
1506,1,470,470.00,182,182.00,30722,30722.00,17984,17984.00,0,0.00,0,0.00
1510,2,1616,808.00,363,181.50,328032,164016.00,193901,96950.50,1071,535.50,0,0.00
1511,3,1885,628.33,525,175.00,91384,30461.33,88141,29380.33,0,0.00,0,0.00
1514,1,1105,1105.00,125,125.00,106187,106187.00,267448,267448.00,613,613.00,0,0.00
1515,1,539,539.00,250,250.00,30436,30436.00,12533,12533.00,0,0.00,0,0.00
1518,1,24,24.00,24,24.00,11358,11358.00,900,900.00,0,0.00,36,36.00
1519,2,182,91.00,16,8.00,280873,140436.50,113234,56617.00,2561,1280.50,236,118.00
1520,1,157,157.00,99,99.00,86051,86051.00,9500,9500.00,0,0.00,24,24.00
1522,3,2165,721.67,613,204.33,360036,120012.00,220159,73386.33,1295,431.67,0,0.00
1524,2,1300,650.00,206,103.00,357400,178700.00,189913,94956.50,1749,874.50,0,0.00
1525,2,1522,761.00,338,169.00,62156,31078.00,58878,29439.00,0,0.00,0,0.00
1526,1,1114,1114.00,126,126.00,105132,105132.00,289760,289760.00,1362,1362.00,0,0.00
1532,1,848,848.00,176,176.00,31398,31398.00,29519,29519.00,0,0.00,0,0.00
1536,1,1109,1109.00,125,125.00,298132,298132.00,188064,188064.00,1314,1314.00,0,0.00
1542,2,1629,814.50,537,268.50,124836,62418.00,89596,44798.00,0,0.00,28,14.00
1543,1,1125,1125.00,129,129.00,109654,109654.00,317171,317171.00,46,46.00,0,0.00
1546,1,572,572.00,221,221.00,31059,31059.00,16038,16038.00,0,0.00,0,0.00
1548,1,1118,1118.00,126,126.00,304977,304977.00,190463,190463.00,1008,1008.00,0,0.00
1550,2,1661,830.50,367,183.50,139687,69843.50,277776,138888.00,738,369.00,0,0.00
1558,2,1010,505.00,370,185.00,63744,31872.00,39168,19584.00,0,0.00,0,0.00
1559,1,510,510.00,190,190.00,31872,31872.00,19584,19584.00,0,0.00,0,0.00
1560,1,1127,1127.00,127,127.00,301507,301507.00,175568,175568.00,1279,1279.00,0,0.00
1562,1,1141,1141.00,129,129.00,107620,107620.00,313559,313559.00,1434,1434.00,0,0.00
1566,1,406,406.00,58,58.00,36888,36888.00,4814,4814.00,0,0.00,0,0.00
1569,1,978,978.00,151,151.00,114770,114770.00,65869,65869.00,169,169.00,0,0.00
1572,1,1136,1136.00,128,128.00,304656,304656.00,193349,193349.00,1355,1355.00,0,0.00
1573,35,31097,888.49,20086,573.89,426767,12193.34,132616,3789.03,0,0.00,0,0.00
1574,1,1150,1150.00,130,130.00,112602,112602.00,334403,334403.00,0,0.00,0,0.00
1582,9,4032,448.00,1134,126.00,534492,59388.00,104832,11648.00,0,0.00,0,0.00
1585,2,1598,799.00,257,128.50,364940,182470.00,196897,98448.50,1119,559.50,0,0.00
1587,2,1611,805.50,260,130.00,171236,85618.00,309145,154572.50,589,294.50,0,0.00
1590,1,582,582.00,368,368.00,53908,53908.00,960,960.00,0,0.00,0,0.00
1592,1,111,111.00,8,8.00,130436,130436.00,45993,45993.00,1330,1330.00,126,126.00
1594,1,309,309.00,115,115.00,74158,74158.00,13703,13703.00,0,0.00,0,0.00
1595,1,526,526.00,203,203.00,32788,32788.00,23394,23394.00,0,0.00,0,0.00
1596,2,1251,625.50,198,99.00,322195,161097.50,192812,96406.00,1359,679.50,36,18.00
1597,3,1359,453.00,393,131.00,178329,59443.00,34944,11648.00,0,0.00,0,0.00
1598,1,1168,1168.00,132,132.00,111235,111235.00,244893,244893.00,1162,1162.00,0,0.00
1600,4,1596,399.00,443,110.75,239920,59980.00,55725,13931.25,759,189.75,0,0.00
1603,2,910,455.00,266,133.00,118930,59465.00,23296,11648.00,0,0.00,0,0.00
1606,2,912,456.00,268,134.00,118952,59476.00,23296,11648.00,0,0.00,0,0.00
1608,1,1163,1163.00,131,131.00,310104,310104.00,198523,198523.00,1006,1006.00,0,0.00
1610,1,1177,1177.00,133,133.00,115365,115365.00,351773,351773.00,0,0.00,0,0.00
1611,2,1036,518.00,390,195.00,65752,32876.00,46788,23394.00,0,0.00,0,0.00
1612,1,798,798.00,24,24.00,10278,10278.00,85474,85474.00,0,0.00,0,0.00
1619,1,86,86.00,87,87.00,12799,12799.00,674,674.00,0,0.00,24,24.00
1620,1,1172,1172.00,132,132.00,305958,305958.00,191991,191991.00,1196,1196.00,0,0.00
1627,1,94,94.00,8,8.00,153253,153253.00,41938,41938.00,1380,1380.00,98,98.00
1629,1,621,621.00,189,189.00,32697,32697.00,17721,17721.00,0,0.00,0,0.00
1630,1,464,464.00,142,142.00,59564,59564.00,11648,11648.00,0,0.00,0,0.00
1632,1,1181,1181.00,133,133.00,307471,307471.00,197649,197649.00,1405,1405.00,0,0.00
1642,1,230,230.00,96,96.00,74353,74353.00,25303,25303.00,1210,1210.00,135,135.00
1644,1,1190,1190.00,134,134.00,313929,313929.00,203654,203654.00,1006,1006.00,0,0.00
1648,6,3030,505.00,1108,184.67,229950,38325.00,122368,20394.67,0,0.00,0,0.00
1649,1,366,366.00,137,137.00,33752,33752.00,2678,2678.00,0,0.00,0,0.00
1654,3,1586,528.67,594,198.00,101768,33922.67,72348,24116.00,0,0.00,0,0.00
1656,2,2014,1007.00,171,85.50,323390,161695.00,263044,131522.00,1155,577.50,0,0.00
1657,1,324,324.00,125,125.00,74491,74491.00,13721,13721.00,0,0.00,0,0.00
1661,1,847,847.00,73,73.00,10278,10278.00,85474,85474.00,0,0.00,0,0.00
1665,1,456,456.00,40,40.00,43195,43195.00,18187,18187.00,0,0.00,0,0.00
1666,1,518,518.00,198,198.00,34130,34130.00,22144,22144.00,0,0.00,0,0.00
1668,1,1208,1208.00,136,136.00,313280,313280.00,190738,190738.00,1349,1349.00,0,0.00
1670,1,1656,1656.00,1040,1040.00,29078,29078.00,117992,117992.00,0,0.00,0,0.00
1675,1,1008,1008.00,111,111.00,114046,114046.00,74223,74223.00,1352,1352.00,0,0.00
1679,1,1218,1218.00,139,139.00,313609,313609.00,192234,192234.00,1279,1279.00,0,0.00
1680,1,1217,1217.00,137,137.00,314688,314688.00,208042,208042.00,1458,1458.00,0,0.00
1681,1,879,879.00,79,79.00,10642,10642.00,80800,80800.00,0,0.00,0,0.00
1682,1,1664,1664.00,872,872.00,37386,37386.00,151704,151704.00,0,0.00,0,0.00
1684,1,1217,1217.00,138,138.00,321699,321699.00,196227,196227.00,1170,1170.00,0,0.00
1689,2,1524,762.00,315,157.50,38056,19028.00,92385,46192.50,0,0.00,0,0.00
1690,2,1172,586.00,518,259.00,68976,34488.00,40464,20232.00,0,0.00,0,0.00
1694,11,14399,1309.00,14036,1276.00,128744,11704.00,1452,132.00,0,0.00,0,0.00
1698,1,169,169.00,15,15.00,37926,37926.00,10850,10850.00,985,985.00,2,2.00
1704,1,311,311.00,121,121.00,75357,75357.00,13755,13755.00,0,0.00,0,0.00
1705,1,234,234.00,60,60.00,70731,70731.00,12524,12524.00,420,420.00,0,0.00
1710,1,603,603.00,207,207.00,33651,33651.00,13842,13842.00,1152,1152.00,0,0.00
1713,1,1700,1700.00,884,884.00,38496,38496.00,182000,182000.00,0,0.00,0,0.00
1719,1,369,369.00,117,117.00,68877,68877.00,12132,12132.00,0,0.00,0,0.00
1722,1,416,416.00,300,300.00,26061,26061.00,2088,2088.00,0,0.00,0,0.00
1727,1,552,552.00,201,201.00,35770,35770.00,27790,27790.00,0,0.00,0,0.00
1734,1,566,566.00,215,215.00,35770,35770.00,27790,27790.00,0,0.00,0,0.00
1735,1,568,568.00,217,217.00,35770,35770.00,27790,27790.00,0,0.00,0,0.00
1771,1,875,875.00,31,31.00,11254,11254.00,101644,101644.00,0,0.00,0,0.00
1772,1,322,322.00,122,122.00,81085,81085.00,10706,10706.00,0,0.00,0,0.00
1794,4,2304,576.00,848,212.00,147336,36834.00,118608,29652.00,0,0.00,0,0.00
1798,1,406,406.00,58,58.00,32364,32364.00,1798,1798.00,0,0.00,0,0.00
1803,1,355,355.00,141,141.00,81159,81159.00,10709,10709.00,0,0.00,0,0.00
1808,8,4144,518.00,1216,152.00,512576,64072.00,119920,14990.00,0,0.00,0,0.00
1809,4,2612,653.00,768,192.00,177753,44438.25,79696,19924.00,0,0.00,0,0.00
1811,2,1026,513.00,290,145.00,135766,67883.00,26624,13312.00,0,0.00,0,0.00
1812,2,1032,516.00,296,148.00,135744,67872.00,26624,13312.00,0,0.00,0,0.00
1813,1,522,522.00,154,154.00,67872,67872.00,13312,13312.00,0,0.00,0,0.00
1814,1,512,512.00,144,144.00,67872,67872.00,13312,13312.00,0,0.00,0,0.00
1815,20,22143,1107.15,11132,556.60,242000,12100.00,152460,7623.00,0,0.00,0,0.00
1817,3,1653,551.00,529,176.33,172739,57579.67,56286,18762.00,0,0.00,0,0.00
1823,1,517,517.00,149,149.00,67927,67927.00,13312,13312.00,0,0.00,0,0.00
1825,1,601,601.00,237,237.00,36962,36962.00,29661,29661.00,0,0.00,1,1.00
1826,5,2698,539.60,890,178.00,278824,55764.80,93408,18681.60,0,0.00,0,0.00
1841,1,39,39.00,18,18.00,10034,10034.00,520,520.00,1760,1760.00,20,20.00
1847,1,41,41.00,22,22.00,10062,10062.00,520,520.00,1760,1760.00,20,20.00
1849,1,965,965.00,85,85.00,11693,11693.00,97680,97680.00,0,0.00,0,0.00
1855,2,3684,1842.00,1892,946.00,84512,42256.00,440000,220000.00,0,0.00,0,0.00
1866,2,223,111.50,121,60.50,98083,49041.50,30693,15346.50,1196,598.00,174,87.00
1870,3,1920,640.00,831,277.00,114966,38322.00,74736,24912.00,0,0.00,0,0.00
1871,1,264,264.00,14,14.00,56022,56022.00,16753,16753.00,883,883.00,0,0.00
1872,1,592,592.00,208,208.00,38688,38688.00,28688,28688.00,0,0.00,0,0.00
1873,1,606,606.00,227,227.00,38752,38752.00,32564,32564.00,0,0.00,0,0.00
1874,2,1075,537.50,318,159.00,136347,68173.50,26771,13385.50,0,0.00,0,0.00
1878,1,598,598.00,214,214.00,38688,38688.00,28688,28688.00,0,0.00,0,0.00
1882,3,1932,644.00,843,281.00,115098,38366.00,74736,24912.00,0,0.00,0,0.00
1883,1,153,153.00,78,78.00,39484,39484.00,12806,12806.00,1230,1230.00,20,20.00
1887,1,1874,1874.00,962,962.00,43008,43008.00,228032,228032.00,0,0.00,0,0.00
1904,1,694,694.00,253,253.00,38799,38799.00,24912,24912.00,0,0.00,0,0.00
1907,1,554,554.00,159,159.00,68388,68388.00,13501,13501.00,0,0.00,0,0.00
1908,1,941,941.00,36,36.00,12101,12101.00,90905,90905.00,0,0.00,0,0.00
1934,3,1854,618.00,678,226.00,119448,39816.00,103740,34580.00,0,0.00,0,0.00
1936,8,16819,2102.38,16456,2057.00,21417,2677.12,7744,968.00,0,0.00,0,0.00
1939,1,1078,1078.00,156,156.00,13644,13644.00,98742,98742.00,0,0.00,0,0.00
1941,2,3091,1545.50,1143,571.50,191078,95539.00,340887,170443.50,0,0.00,5,2.50
1944,1,702,702.00,378,378.00,62856,62856.00,2241,2241.00,0,0.00,0,0.00
1947,1,79,79.00,33,33.00,98618,98618.00,26808,26808.00,0,0.00,9,9.00
1948,1,98,98.00,94,94.00,45373,45373.00,3410,3410.00,0,0.00,48,48.00
1955,1,104,104.00,18,18.00,1836,1836.00,66,66.00,0,0.00,12,12.00
1968,4,3758,939.50,1886,471.50,156473,39118.25,254536,63634.00,0,0.00,0,0.00
1971,1,1094,1094.00,156,156.00,13852,13852.00,102310,102310.00,0,0.00,0,0.00
2007,1,636,636.00,229,229.00,41734,41734.00,37716,37716.00,0,0.00,0,0.00
2014,1,628,628.00,236,236.00,41745,41745.00,37716,37716.00,0,0.00,0,0.00
2028,1,145,145.00,73,73.00,98996,98996.00,26847,26847.00,0,0.00,9,9.00
2031,1,644,644.00,237,237.00,41822,41822.00,37716,37716.00,0,0.00,0,0.00
2032,2,1280,640.00,448,224.00,84192,42096.00,67776,33888.00,0,0.00,0,0.00
2036,1,1068,1068.00,90,90.00,12872,12872.00,116178,116178.00,0,0.00,0,0.00
2038,2,1292,646.00,460,230.00,84192,42096.00,67776,33888.00,0,0.00,0,0.00
2043,1,299,299.00,18,18.00,63690,63690.00,18320,18320.00,374,374.00,0,0.00
2047,1,111,111.00,21,21.00,119567,119567.00,41427,41427.00,1518,1518.00,135,135.00
2049,1,103,103.00,101,101.00,26964,26964.00,2048,2048.00,0,0.00,34,34.00
2050,3,3423,1141.00,1649,549.67,130339,43446.33,321756,107252.00,0,0.00,0,0.00
2056,1,114,114.00,93,93.00,75852,75852.00,13170,13170.00,0,0.00,24,24.00
2057,99,45161,456.17,23176,234.10,2447703,24724.27,554141,5597.38,0,0.00,6897,69.67
2062,1,698,698.00,299,299.00,42200,42200.00,30078,30078.00,0,0.00,0,0.00
2068,1,63,63.00,47,47.00,50403,50403.00,3755,3755.00,0,0.00,54,54.00
2074,1,660,660.00,240,240.00,42798,42798.00,39886,39886.00,0,0.00,0,0.00
2079,1,153,153.00,54,54.00,936,936.00,216,216.00,1782,1782.00,126,126.00
2088,3,3360,1120.00,235,78.33,190565,63521.67,347407,115802.33,0,0.00,0,0.00
2124,1,1049,1049.00,36,36.00,13505,13505.00,113909,113909.00,0,0.00,0,0.00
2126,2,4216,2108.00,2200,1100.00,95076,47538.00,495000,247500.00,0,0.00,0,0.00
2128,1,656,656.00,240,240.00,44288,44288.00,37216,37216.00,0,0.00,0,0.00
2131,1,69,69.00,66,66.00,21886,21886.00,1064,1064.00,0,0.00,48,48.00
2132,1,2150,2150.00,1366,1366.00,36974,36974.00,192500,192500.00,0,0.00,0,0.00
2137,1,728,728.00,251,251.00,42514,42514.00,38769,38769.00,0,0.00,0,0.00
2147,1,2118,2118.00,1327,1327.00,37102,37102.00,192507,192507.00,0,0.00,0,0.00
2160,1,665,665.00,168,168.00,11290,11290.00,1494,1494.00,0,0.00,5,5.00
2163,1,2145,2145.00,1119,1119.00,48384,48384.00,256536,256536.00,0,0.00,0,0.00
2168,1,668,668.00,169,169.00,11341,11341.00,1509,1509.00,0,0.00,0,0.00
2169,3,3897,1299.00,1875,625.00,126606,42202.00,264328,88109.33,0,0.00,0,0.00
2178,2,3025,1512.50,2299,1149.50,21054,10527.00,10164,5082.00,0,0.00,0,0.00
2192,2,1376,688.00,480,240.00,91008,45504.00,79040,39520.00,0,0.00,0,0.00
2198,1,694,694.00,246,246.00,45504,45504.00,39520,39520.00,0,0.00,0,0.00
2205,1,37,37.00,62,62.00,17229,17229.00,963,963.00,0,0.00,36,36.00
2209,1,55,55.00,56,56.00,32645,32645.00,2629,2629.00,0,0.00,40,40.00
2214,2,1404,702.00,508,254.00,91560,45780.00,91140,45570.00,0,0.00,0,0.00
2219,1,712,712.00,264,264.00,45780,45780.00,45570,45570.00,0,0.00,0,0.00
2230,1,529,529.00,193,193.00,91994,91994.00,31618,31618.00,1944,1944.00,0,0.00
2242,3,2256,752.00,951,317.00,138102,46034.00,107190,35730.00,0,0.00,0,0.00
2245,1,127,127.00,12,12.00,183775,183775.00,93378,93378.00,1924,1924.00,186,186.00
2249,1,492,492.00,153,153.00,92553,92553.00,31593,31593.00,1944,1944.00,0,0.00
2268,1,1121,1121.00,36,36.00,14441,14441.00,130685,130685.00,0,0.00,0,0.00
2274,1,49,49.00,47,47.00,35530,35530.00,6044,6044.00,2228,2228.00,4,4.00
2275,1,40,40.00,5,5.00,12420,12420.00,650,650.00,2200,2200.00,25,25.00
2287,4,1546,386.50,632,158.00,125570,31392.50,99991,24997.75,2200,550.00,61,15.25
2288,1,704,704.00,256,256.00,47696,47696.00,43104,43104.00,0,0.00,0,0.00
2299,38,34727,913.87,17061,448.97,1096865,28864.87,373164,9820.11,0,0.00,605,15.92
2306,1,710,710.00,262,262.00,47762,47762.00,43104,43104.00,0,0.00,0,0.00
2311,1,2293,2293.00,1195,1195.00,51768,51768.00,294300,294300.00,0,0.00,0,0.00
2317,1,2303,2303.00,1449,1449.00,40264,40264.00,228900,228900.00,0,0.00,0,0.00
2349,4,3753,938.25,1044,261.00,193752,48438.00,153081,38270.25,0,0.00,0,0.00
2352,1,736,736.00,256,256.00,48912,48912.00,45584,45584.00,0,0.00,0,0.00
2360,1,1345,1345.00,339,339.00,61107,61107.00,35670,35670.00,2220,2220.00,0,0.00
2364,1,108,108.00,92,92.00,36147,36147.00,6094,6094.00,2228,2228.00,4,4.00
2411,1,95,95.00,87,87.00,24692,24692.00,1199,1199.00,0,0.00,54,54.00
2420,3,4356,1452.00,3025,1008.33,35453,11817.67,15004,5001.33,0,0.00,0,0.00
2421,1,784,784.00,242,242.00,36888,36888.00,3845,3845.00,0,0.00,0,0.00
2422,1,806,806.00,335,335.00,49868,49868.00,41868,41868.00,0,0.00,0,0.00
2426,1,1497,1497.00,162,162.00,163240,163240.00,124716,124716.00,1727,1727.00,0,0.00
2462,1,462,462.00,159,159.00,115287,115287.00,21312,21312.00,0,0.00,0,0.00
2491,1,796,796.00,204,204.00,15548,15548.00,2186,2186.00,0,0.00,0,0.00
2501,1,537,537.00,421,421.00,50240,50240.00,3901,3901.00,0,0.00,0,0.00
2512,2,1568,784.00,544,272.00,104640,52320.00,104160,52080.00,0,0.00,0,0.00
2518,1,790,790.00,278,278.00,52320,52320.00,52080,52080.00,0,0.00,0,0.00
2529,3,2907,969.00,837,279.00,156537,52179.00,133722,44574.00,0,0.00,0,0.00
2538,1,324,324.00,84,84.00,118128,118128.00,24464,24464.00,0,0.00,2,2.00
2541,14,20810,1486.43,9196,656.86,303230,21659.29,248875,17776.79,0,0.00,0,0.00
2585,1,1798,1798.00,208,208.00,179273,179273.00,331996,331996.00,2429,2429.00,0,0.00
2590,2,1712,856.00,698,349.00,107316,53658.00,96984,48492.00,0,0.00,0,0.00
2608,1,800,800.00,288,288.00,54512,54512.00,56176,56176.00,0,0.00,0,0.00
2609,1,803,803.00,291,291.00,54512,54512.00,56176,56176.00,0,0.00,0,0.00
2610,2,2494,1247.00,870,435.00,141752,70876.00,42514,21257.00,0,0.00,0,0.00
2662,5,3388,677.60,3388,677.60,85668,17133.60,4840,968.00,0,0.00,0,0.00
2685,1,756,756.00,36,36.00,97390,97390.00,74589,74589.00,2499,2499.00,72,72.00
2709,1,1089,1089.00,297,297.00,56277,56277.00,51453,51453.00,0,0.00,0,0.00
2719,1,118,118.00,48,48.00,65707,65707.00,4784,4784.00,1548,1548.00,36,36.00
2733,1,49,49.00,8,8.00,14918,14918.00,780,780.00,2640,2640.00,30,30.00
2742,1,52,52.00,14,14.00,14960,14960.00,780,780.00,2640,2640.00,30,30.00
2746,1,843,843.00,254,254.00,20418,20418.00,2220,2220.00,0,0.00,2,2.00
2747,1,486,486.00,149,149.00,128419,128419.00,43659,43659.00,0,0.00,0,0.00
2752,1,493,493.00,154,154.00,115402,115402.00,39600,39600.00,2430,2430.00,0,0.00
2760,1,1931,1931.00,228,228.00,197092,197092.00,131584,131584.00,1146,1146.00,0,0.00
2783,34,68486,2014.29,52393,1540.97,919116,27032.82,349932,10292.12,0,0.00,0,0.00
2787,1,147,147.00,19,19.00,1530,1530.00,55,55.00,0,0.00,18,18.00
2805,1,30,30.00,30,30.00,44290,44290.00,7555,7555.00,2785,2785.00,5,5.00
2826,1,45,45.00,44,44.00,44383,44383.00,7557,7557.00,2785,2785.00,5,5.00
2837,1,679,679.00,203,203.00,115851,115851.00,39583,39583.00,2430,2430.00,0,0.00
2839,1,230,230.00,180,180.00,169877,169877.00,18978,18978.00,0,0.00,48,48.00
2885,1,508,508.00,168,168.00,132584,132584.00,24380,24380.00,0,0.00,0,0.00
2889,3,3231,1077.00,945,315.00,179541,59847.00,176058,58686.00,0,0.00,0,0.00
2904,29,18755,646.72,7744,267.03,1454178,50144.07,230989,7965.14,0,0.00,0,0.00
2950,1,964,964.00,385,385.00,61326,61326.00,63198,63198.00,0,0.00,0,0.00
2951,1,332,332.00,37,37.00,116959,116959.00,18593,18593.00,1120,1120.00,0,0.00
2958,2,726,363.00,189,94.50,255337,127668.50,121554,60777.00,2920,1460.00,10,5.00
2962,1,968,968.00,389,389.00,61370,61370.00,63198,63198.00,0,0.00,0,0.00
2995,1,1646,1646.00,417,417.00,79523,79523.00,43126,43126.00,2309,2309.00,0,0.00
3010,1,174,174.00,38,38.00,319515,319515.00,212252,212252.00,2290,2290.00,183,183.00
3012,1,971,971.00,378,378.00,47450,47450.00,29427,29427.00,1810,1810.00,4,4.00
3025,15,27588,1839.20,13552,903.47,301290,20086.00,390467,26031.13,0,0.00,242,16.13
3040,1,2077,2077.00,253,253.00,218828,218828.00,141080,141080.00,529,529.00,10,10.00
3065,1,560,560.00,172,172.00,144203,144203.00,49055,49055.00,0,0.00,0,0.00
3068,1,141,141.00,68,68.00,153474,153474.00,41696,41696.00,0,0.00,14,14.00
3087,1,2764,2764.00,308,308.00,277211,277211.00,2649066,2649066.00,1876,1876.00,0,0.00
3088,1,2768,2768.00,309,309.00,276576,276576.00,2571904,2571904.00,1943,1943.00,0,0.00
3089,1,207,207.00,132,132.00,190780,190780.00,21271,21271.00,0,0.00,54,54.00
3121,1,2798,2798.00,310,310.00,279104,279104.00,2477801,2477801.00,2643,2643.00,0,0.00
3123,1,2796,2796.00,310,310.00,280128,280128.00,2405340,2405340.00,2256,2256.00,0,0.00
3134,1,573,573.00,203,203.00,147946,147946.00,27386,27386.00,0,0.00,0,0.00
3145,1,2811,2811.00,319,319.00,279059,279059.00,2455324,2455324.00,2576,2576.00,0,0.00
3146,6,6292,1048.67,2057,342.83,645656,107609.33,75625,12604.17,0,0.00,0,0.00
3156,1,2820,2820.00,316,316.00,283363,283363.00,2830699,2830699.00,1811,1811.00,0,0.00
3190,1,1682,1682.00,58,58.00,143840,143840.00,24940,24940.00,0,0.00,0,0.00
3203,1,62,62.00,19,19.00,17472,17472.00,910,910.00,3080,3080.00,35,35.00
3208,1,97,97.00,68,68.00,78360,78360.00,5850,5850.00,0,0.00,84,84.00
3227,1,532,532.00,139,139.00,137773,137773.00,47297,47297.00,2916,2916.00,0,0.00
3263,1,2342,2342.00,2101,2101.00,103258,103258.00,27014,27014.00,2174,2174.00,0,0.00
3264,1,101,101.00,72,72.00,79188,79188.00,5858,5858.00,0,0.00,84,84.00
3267,43,42834,996.14,19965,464.30,2486429,57823.93,616374,14334.28,0,0.00,0,0.00
3276,1,174,174.00,29,29.00,3339,3339.00,55,55.00,0,0.00,20,20.00
3278,1,2932,2932.00,326,326.00,295980,295980.00,3253905,3253905.00,1653,1653.00,0,0.00
3280,1,557,557.00,154,154.00,138010,138010.00,46996,46996.00,2916,2916.00,0,0.00
3293,1,1278,1278.00,236,236.00,223950,223950.00,42306,42306.00,3024,3024.00,0,0.00
3330,1,2212,2212.00,280,280.00,349473,349473.00,399644,399644.00,2424,2424.00,7,7.00
3369,1,37,37.00,38,38.00,53162,53162.00,9066,9066.00,3342,3342.00,6,6.00
3388,3,4477,1492.33,2299,766.33,95106,31702.00,77924,25974.67,0,0.00,0,0.00
3447,1,126,126.00,49,49.00,175244,175244.00,47649,47649.00,0,0.00,16,16.00
3453,1,99,99.00,94,94.00,53620,53620.00,9084,9084.00,3342,3342.00,6,6.00
3461,1,54,54.00,87,87.00,27143,27143.00,1498,1498.00,0,0.00,56,56.00
3509,18,39809,2211.61,10164,564.67,3483832,193546.22,809611,44978.39,0,0.00,0,0.00
3625,1,1021,1021.00,179,179.00,82524,82524.00,15205,15205.00,0,0.00,0,0.00
3630,1,1573,1573.00,121,121.00,37752,37752.00,37752,37752.00,0,0.00,0,0.00
3655,1,69,69.00,18,18.00,19942,19942.00,1040,1040.00,3520,3520.00,40,40.00
3690,1,220,220.00,95,95.00,183605,183605.00,47481,47481.00,1384,1384.00,17,17.00
3727,1,629,629.00,165,165.00,160105,160105.00,54945,54945.00,3402,3402.00,0,0.00
3751,13,19602,1507.85,3388,260.62,776215,59708.85,456049,35080.69,0,0.00,0,0.00
3825,1,710,710.00,134,134.00,144908,144908.00,101608,101608.00,2233,2233.00,0,0.00
3856,1,32,32.00,80,80.00,30368,30368.00,1712,1712.00,0,0.00,64,64.00
3872,3,2420,806.67,363,121.00,220704,73568.00,52998,17666.00,0,0.00,121,40.33
3874,1,2538,2538.00,333,333.00,258655,258655.00,275014,275014.00,2914,2914.00,0,0.00
3950,1,58,58.00,59,59.00,62090,62090.00,10577,10577.00,3899,3899.00,7,7.00
3993,15,28193,1879.53,11495,766.33,967637,64509.13,628474,41898.27,0,0.00,0,0.00
4110,1,77,77.00,19,19.00,22426,22426.00,1170,1170.00,3960,3960.00,45,45.00
4114,2,3630,1815.00,242,121.00,86636,43318.00,101640,50820.00,0,0.00,0,0.00
4119,1,80,80.00,25,25.00,22468,22468.00,1170,1170.00,3960,3960.00,45,45.00
4235,3,8228,2742.67,2420,806.67,145079,48359.67,254826,84942.00,0,0.00,0,0.00
4294,1,152,152.00,96,96.00,23278,23278.00,1249,1249.00,3960,3960.00,45,45.00
4303,2,5523,2761.50,615,307.50,709519,354759.50,5223852,2611926.00,7001,3500.50,0,0.00
4305,1,2774,2774.00,313,313.00,357580,357580.00,2483030,2483030.00,2914,2914.00,0,0.00
4351,2,5597,2798.50,619,309.50,722199,361099.50,5227686,2613843.00,6967,3483.50,0,0.00
4356,4,6427,1606.75,1279,319.75,573760,143440.00,2690254,672563.50,2688,672.00,0,0.00
4361,1,1193,1193.00,602,602.00,63868,63868.00,3831,3831.00,0,0.00,1032,1032.00
4386,1,1707,1707.00,311,311.00,298600,298600.00,56408,56408.00,4032,4032.00,0,0.00
4391,1,2809,2809.00,315,315.00,363219,363219.00,2538438,2538438.00,3045,3045.00,0,0.00
4405,1,2828,2828.00,321,321.00,365253,365253.00,2576015,2576015.00,2934,2934.00,0,0.00
4407,1,2819,2819.00,318,318.00,361289,361289.00,2688034,2688034.00,3529,3529.00,0,0.00
4441,1,774,774.00,210,210.00,185205,185205.00,63147,63147.00,3888,3888.00,0,0.00
4477,9,25047,2783.00,15730,1747.78,552970,61441.11,430760,47862.22,0,0.00,0,0.00
4527,1,477,477.00,151,151.00,28514,28514.00,3009,3009.00,3684,3684.00,0,0.00
4542,1,86,86.00,78,78.00,71172,71172.00,12102,12102.00,4456,4456.00,8,8.00
4574,2,5197,2598.50,614,307.00,799824,399912.00,3332175,1666087.50,7266,3633.00,140,70.00
4577,1,2947,2947.00,333,333.00,374563,374563.00,2882475,2882475.00,4483,4483.00,0,0.00
4597,1,213,213.00,112,112.00,225398,225398.00,58536,58536.00,1292,1292.00,23,23.00
4598,1,2057,2057.00,121,121.00,48884,48884.00,65824,65824.00,0,0.00,0,0.00
4629,1,807,807.00,216,216.00,223558,223558.00,76285,76285.00,0,0.00,0,0.00
4636,1,469,469.00,149,149.00,30374,30374.00,3433,3433.00,3684,3684.00,0,0.00
4684,1,838,838.00,239,239.00,224122,224122.00,76293,76293.00,0,0.00,0,0.00
4711,1,764,764.00,202,202.00,204847,204847.00,70339,70339.00,4374,4374.00,0,0.00
4719,6,9559,1593.17,4114,685.67,552849,92141.50,278784,46464.00,0,0.00,0,0.00
4736,1,277,277.00,167,167.00,296226,296226.00,33087,33087.00,0,0.00,84,84.00
4737,1,674,674.00,164,164.00,205613,205613.00,70575,70575.00,4374,4374.00,0,0.00
4809,1,99,99.00,120,120.00,49434,49434.00,2406,2406.00,0,0.00,108,108.00
4840,4,5082,1270.50,484,121.00,300322,75080.50,132495,33123.75,0,0.00,0,0.00
4861,1,330,330.00,204,204.00,297890,297890.00,33101,33101.00,0,0.00,84,84.00
4873,1,753,753.00,253,253.00,207231,207231.00,71337,71337.00,4374,4374.00,0,0.00
4926,1,1925,1925.00,347,347.00,335925,335925.00,63459,63459.00,4536,4536.00,0,0.00
4961,3,9196,3065.33,3509,1169.67,271645,90548.33,276969,92323.00,0,0.00,0,0.00
5013,1,530,530.00,190,190.00,26344,26344.00,1820,1820.00,4605,4605.00,0,0.00
5082,40,10164,254.10,9438,235.95,990264,24756.60,181379,4534.48,0,0.00,242,6.05
5129,1,103,103.00,98,98.00,80206,80206.00,13625,13625.00,5013,5013.00,9,9.00
5144,1,107,107.00,96,96.00,80384,80384.00,13631,13631.00,5013,5013.00,9,9.00
5203,34,57717,1697.56,25773,758.03,3608825,106141.91,905927,26644.91,0,0.00,0,0.00
5221,1,134,134.00,132,132.00,80554,80554.00,13687,13687.00,5013,5013.00,9,9.00
5240,1,2537,2537.00,995,995.00,335925,335925.00,63459,63459.00,4536,4536.00,0,0.00
5276,1,536,536.00,176,176.00,30517,30517.00,2692,2692.00,4605,4605.00,0,0.00
5324,3,7986,2662.00,5566,1855.33,207394,69131.33,100188,33396.00,0,0.00,0,0.00
5445,9,19844,2204.89,10285,1142.78,854744,94971.56,582857,64761.89,0,0.00,363,40.33
5449,1,255,255.00,134,134.00,250575,250575.00,63228,63228.00,2459,2459.00,25,25.00
5538,1,1230,1230.00,243,243.00,196803,196803.00,208461,208461.00,4304,4304.00,0,0.00
5566,2,3146,1573.00,363,181.50,97889,48944.50,104665,52332.50,0,0.00,0,0.00
5687,14,29887,2134.79,11858,847.00,1581591,112970.79,580558,41468.43,0,0.00,0,0.00
5727,1,258,258.00,122,122.00,288484,288484.00,75086,75086.00,2607,2607.00,10,10.00
5808,2,5566,2783.00,242,121.00,161172,80586.00,118701,59350.50,0,0.00,242,121.00
5851,1,1432,1432.00,595,595.00,126422,126422.00,27718,27718.00,0,0.00,0,0.00
5929,7,16940,2420.00,5808,829.71,660176,94310.86,570394,81484.86,0,0.00,121,17.29
5976,1,554,554.00,169,169.00,32134,32134.00,2347,2347.00,5526,5526.00,0,0.00
6050,1,2783,2783.00,121,121.00,65582,65582.00,122452,122452.00,0,0.00,0,0.00
6171,3,14520,4840.00,9680,3226.67,449273,149757.67,350779,116926.33,0,0.00,0,0.00
6206,1,1207,1207.00,353,353.00,64835,64835.00,3884,3884.00,198,198.00,793,793.00
6252,1,620,620.00,200,200.00,35511,35511.00,3044,3044.00,5526,5526.00,0,0.00
6292,4,8349,2087.25,2541,635.25,409585,102396.25,331419,82854.75,0,0.00,242,60.50
6331,1,251,251.00,125,125.00,333191,333191.00,85560,85560.00,2351,2351.00,13,13.00
6370,1,112,112.00,14,14.00,34776,34776.00,1820,1820.00,6160,6160.00,70,70.00
6403,1,1205,1205.00,247,247.00,115369,115369.00,43293,43293.00,0,0.00,0,0.00
6413,5,14399,2879.80,6534,1306.80,668888,133777.60,451935,90387.00,0,0.00,0,0.00
6534,2,2057,1028.50,968,484.00,173514,86757.00,53361,26680.50,0,0.00,121,60.50
6655,3,4719,1573.00,1452,484.00,454839,151613.00,62557,20852.33,0,0.00,121,40.33
6776,3,14036,4678.67,13794,4598.00,58201,19400.33,3751,1250.33,0,0.00,121,40.33
6821,1,1301,1301.00,600,600.00,143467,143467.00,67310,67310.00,0,0.00,0,0.00
6897,5,13431,2686.20,9438,1887.60,425678,85135.60,104665,20933.00,0,0.00,121,24.20
7139,1,1331,1331.00,242,242.00,159720,159720.00,26741,26741.00,0,0.00,0,0.00
7208,1,904,904.00,211,211.00,317848,317848.00,109364,109364.00,6804,6804.00,0,0.00
7260,10,3993,399.30,1331,133.10,1084160,108416.00,205216,20521.60,0,0.00,121,12.10
7331,1,153,153.00,33,33.00,39939,39939.00,2088,2088.00,7040,7040.00,80,80.00
7381,2,7865,3932.50,7623,3811.50,60016,30008.00,3751,1875.50,0,0.00,121,60.50
7388,1,730,730.00,225,225.00,42844,42844.00,3839,3839.00,6447,6447.00,0,0.00
7623,8,19360,2420.00,7744,968.00,1236136,154517.00,489808,61226.00,0,0.00,0,0.00
7658,1,2899,2899.00,500,500.00,522802,522802.00,98759,98759.00,7056,7056.00,0,0.00
7679,1,1021,1021.00,179,179.00,203020,203020.00,20655,20655.00,0,0.00,0,0.00
7704,1,2132,2132.00,58,58.00,347034,347034.00,58697,58697.00,1146,1146.00,22,22.00
7865,3,1936,645.33,1089,363.00,164681,54893.67,5445,1815.00,0,0.00,242,80.67
7917,1,127,127.00,113,113.00,124436,124436.00,21182,21182.00,7798,7798.00,14,14.00
8107,5,11495,2299.00,3388,677.60,734954,146990.80,429066,85813.20,0,0.00,121,24.20
8233,1,201,201.00,84,84.00,44838,44838.00,2340,2340.00,7920,7920.00,90,90.00
8324,1,835,835.00,274,274.00,47182,47182.00,3980,3980.00,7368,7368.00,0,0.00
8349,1,5566,5566.00,5566,5566.00,47311,47311.00,0,0.00,0,0.00,0,0.00
8378,1,1171,1171.00,286,286.00,364753,364753.00,125507,125507.00,7776,7776.00,0,0.00
8591,1,2057,2057.00,242,242.00,184041,184041.00,20207,20207.00,0,0.00,121,121.00
8712,1,968,968.00,121,121.00,126808,126808.00,26983,26983.00,0,0.00,0,0.00
8833,7,19481,2783.00,7623,1089.00,1262030,180290.00,580195,82885.00,0,0.00,0,0.00
8954,1,26862,26862.00,26862,26862.00,0,0.00,0,0.00,0,0.00,0,0.00
9057,1,132,132.00,123,123.00,142034,142034.00,24185,24185.00,8912,8912.00,16,16.00
9075,3,13310,4436.67,847,282.33,836473,278824.33,782991,260997.00,0,0.00,0,0.00
9196,1,1694,1694.00,121,121.00,418176,418176.00,43560,43560.00,0,0.00,0,0.00
9254,1,1182,1182.00,291,291.00,408586,408586.00,140612,140612.00,8748,8748.00,0,0.00
9291,1,918,918.00,307,307.00,52015,52015.00,4319,4319.00,8289,8289.00,0,0.00
9317,5,25289,5057.80,11979,2395.80,1334388,266877.60,1654554,330910.80,0,0.00,121,24.20
9517,1,942,942.00,301,301.00,55489,55489.00,4997,4997.00,8289,8289.00,0,0.00
9794,1,3706,3706.00,608,608.00,671878,671878.00,126923,126923.00,9072,9072.00,0,0.00
9801,1,3025,3025.00,121,121.00,85305,85305.00,159720,159720.00,0,0.00,0,0.00
10043,4,12584,3146.00,4840,1210.00,814814,203703.50,409222,102305.50,8470,2117.50,0,0.00
10063,1,947,947.00,268,268.00,63127,63127.00,6754,6754.00,8289,8289.00,0,0.00
10143,1,5129,5129.00,2231,2231.00,606592,606592.00,207622,207622.00,662,662.00,0,0.00
10198,1,190,190.00,174,174.00,159932,159932.00,27220,27220.00,10026,10026.00,18,18.00
10280,1,4588,4588.00,121,121.00,386476,386476.00,88935,88935.00,0,0.00,0,0.00
10285,1,0,0.00,121,121.00,484,484.00,0,0.00,9922,9922.00,121,121.00
10380,1,2880,2880.00,0,0.00,387544,387544.00,297996,297996.00,9996,9996.00,288,288.00
10428,1,2912,2912.00,16,16.00,387736,387736.00,298012,298012.00,9996,9996.00,288,288.00
10527,3,5324,1774.67,1936,645.33,670582,223527.33,195657,65219.00,0,0.00,121,40.33
10563,1,1942,1942.00,330,330.00,205336,205336.00,20445,20445.00,0,0.00,10,10.00
10769,1,5324,5324.00,121,121.00,68970,68970.00,452661,452661.00,0,0.00,0,0.00
10790,1,814,814.00,32,32.00,0,0.00,0,0.00,0,0.00,89,89.00
10890,1,3630,3630.00,242,242.00,220099,220099.00,451451,451451.00,0,0.00,0,0.00
10901,1,963,963.00,193,193.00,99,99.00,0,0.00,0,0.00,89,89.00
10994,1,571,571.00,45,45.00,1283182,1283182.00,2587138,2587138.00,8407,8407.00,1835,1835.00
11011,1,10890,10890.00,5566,5566.00,251317,251317.00,1019788,1019788.00,0,0.00,0,0.00
11253,3,10527,3509.00,3993,1331.00,695508,231836.00,408012,136004.00,0,0.00,0,0.00
11616,1,4356,4356.00,2420,2420.00,407044,407044.00,7260,7260.00,0,0.00,0,0.00
11737,3,11253,3751.00,3993,1331.00,723096,241032.00,444312,148104.00,0,0.00,0,0.00
11739,1,1896,1896.00,333,333.00,269019,269019.00,19727,19727.00,0,0.00,0,0.00
11778,1,1844,1844.00,321,321.00,271014,271014.00,20000,20000.00,0,0.00,0,0.00
11858,1,1331,1331.00,121,121.00,381997,381997.00,36542,36542.00,8470,8470.00,0,0.00
11897,1,295,295.00,121,121.00,464884,464884.00,11559,11559.00,4914,4914.00,242,242.00
11972,1,766,766.00,70,70.00,1417157,1417157.00,3709541,3709541.00,9296,9296.00,2024,2024.00
12100,1,2178,2178.00,121,121.00,599797,599797.00,77319,77319.00,0,0.00,0,0.00
12463,8,33275,4159.38,10285,1285.62,1883244,235405.50,1783298,222912.25,0,0.00,0,0.00
12477,1,2441,2441.00,585,585.00,448801,448801.00,172152,172152.00,7772,7772.00,0,0.00
12545,1,465,465.00,203,203.00,670152,670152.00,171871,171871.00,4315,4315.00,18,18.00
12705,1,12584,12584.00,6413,6413.00,291126,291126.00,1376375,1376375.00,0,0.00,0,0.00
12773,1,2031,2031.00,537,537.00,349403,349403.00,67122,67122.00,5394,5394.00,12,12.00
12947,1,0,0.00,121,121.00,5324,5324.00,0,0.00,7744,7744.00,121,121.00
12975,1,3600,3600.00,0,0.00,484430,484430.00,372495,372495.00,12495,12495.00,360,360.00
13002,1,3618,3618.00,9,9.00,484538,484538.00,372504,372504.00,12495,12495.00,360,360.00
13189,1,2178,2178.00,242,242.00,289311,289311.00,84579,84579.00,0,0.00,0,0.00
13625,1,6479,6479.00,121,121.00,336471,336471.00,112942,112942.00,3240,3240.00,121,121.00
13673,28,115313,4118.32,30008,1071.71,12831324,458261.57,4399439,157122.82,0,0.00,0,0.00
13915,3,34485,11495.00,14157,4719.00,728541,242847.00,4093188,1364396.00,0,0.00,0,0.00
13925,1,1354,1354.00,462,462.00,73001,73001.00,5056,5056.00,12894,12894.00,0,0.00
14157,3,22990,7663.33,10285,3428.33,910404,303468.00,2158398,719466.00,0,0.00,0,0.00
14316,1,1329,1329.00,112,112.00,131723,131723.00,66385,66385.00,1636,1636.00,89,89.00
14442,1,3487,3487.00,2038,2038.00,619748,619748.00,162084,162084.00,13044,13044.00,0,0.00
14883,4,21175,5293.75,5203,1300.75,1023176,255794.00,1599015,399753.75,0,0.00,0,0.00
15004,1,2662,2662.00,121,121.00,781418,781418.00,122815,122815.00,0,0.00,0,0.00
15125,2,15004,7502.00,7744,3872.00,363242,181621.00,1978350,989175.00,0,0.00,121,60.50
15367,6,24144,4024.00,7018,1169.67,2053294,342215.67,1054551,175758.50,28050,4675.00,726,121.00
15570,2,8640,4320.00,0,0.00,1162632,581316.00,893988,446994.00,29988,14994.00,864,432.00
15609,1,0,0.00,121,121.00,7986,7986.00,0,0.00,7744,7744.00,121,121.00
15730,1,242,242.00,121,121.00,173393,173393.00,19602,19602.00,0,0.00,0,0.00
15744,1,1456,1456.00,448,448.00,82416,82416.00,5664,5664.00,14736,14736.00,0,0.00
16093,1,4961,4961.00,1815,1815.00,334928,334928.00,281446,281446.00,0,0.00,0,0.00
16273,1,3059,3059.00,1352,1352.00,723166,723166.00,189098,189098.00,15218,15218.00,0,0.00
16577,3,15609,5203.00,5445,1815.00,1032372,344124.00,896610,298870.00,0,0.00,0,0.00
17303,2,10648,5324.00,3872,1936.00,721402,360701.00,651948,325974.00,0,0.00,0,0.00
17545,1,0,0.00,121,121.00,7986,7986.00,0,0.00,9680,9680.00,121,121.00
17787,2,5566,2783.00,2057,1028.50,387805,193902.50,344729,172364.50,0,0.00,121,60.50
18165,1,5040,5040.00,0,0.00,678202,678202.00,521493,521493.00,17493,17493.00,504,504.00
18481,1,1793,1793.00,565,565.00,103350,103350.00,8423,8423.00,16578,16578.00,0,0.00
18513,1,1936,1936.00,121,121.00,893343,893343.00,185009,185009.00,0,0.00,0,0.00
18639,1,2539,2539.00,121,121.00,489488,489488.00,444404,444404.00,2911,2911.00,129,129.00
18997,3,17787,5929.00,6171,2057.00,1187010,395670.00,1181565,393855.00,0,0.00,0,0.00
19621,1,4164,4164.00,837,837.00,804991,804991.00,301239,301239.00,2436,2436.00,15,15.00
19723,2,12100,6050.00,4356,2178.00,824494,412247.00,849662,424831.00,0,0.00,0,0.00
19881,1,3345,3345.00,1348,1348.00,413192,413192.00,108056,108056.00,8696,8696.00,240,240.00
19965,2,0,0.00,242,121.00,30492,15246.00,0,0.00,9680,4840.00,242,121.00
20760,1,5760,5760.00,0,0.00,775088,775088.00,595992,595992.00,19992,19992.00,576,576.00
20812,1,3630,3630.00,121,121.00,1144660,1144660.00,249018,249018.00,0,0.00,0,0.00
21659,1,2541,2541.00,121,121.00,1326276,1326276.00,203038,203038.00,17608,17608.00,237,237.00
22762,1,2212,2212.00,72,72.00,7664,7664.00,42048,42048.00,0,0.00,178,178.00
23355,1,6480,6480.00,0,0.00,871974,871974.00,670491,670491.00,22491,22491.00,648,648.00
23370,1,6490,6490.00,5,5.00,872034,872034.00,670496,670496.00,22491,22491.00,648,648.00
23443,1,6544,6544.00,46,46.00,872366,872366.00,670561,670561.00,22491,22491.00,648,648.00
23716,1,4114,4114.00,121,121.00,1326281,1326281.00,329725,329725.00,0,0.00,0,0.00
24083,1,2541,2541.00,363,363.00,1170187,1170187.00,122727,122727.00,11780,11780.00,363,363.00
24321,1,8954,8954.00,3146,3146.00,359733,359733.00,831391,831391.00,0,0.00,0,0.00
25047,1,0,0.00,121,121.00,25168,25168.00,0,0.00,0,0.00,121,121.00
25289,1,0,0.00,121,121.00,2904,2904.00,0,0.00,22506,22506.00,121,121.00
26620,1,4598,4598.00,121,121.00,1507902,1507902.00,422169,422169.00,0,0.00,0,0.00
26862,1,11858,11858.00,3025,3025.00,835626,835626.00,1592844,1592844.00,0,0.00,0,0.00
27225,1,0,0.00,121,121.00,17666,17666.00,0,0.00,9680,9680.00,121,121.00
27615,1,0,0.00,121,121.00,484,484.00,0,0.00,27252,27252.00,121,121.00
27951,1,0,0.00,121,121.00,10406,10406.00,0,0.00,17666,17666.00,121,121.00
29645,2,0,0.00,242,121.00,37510,18755.00,0,0.00,22022,11011.00,242,121.00
29782,1,18800,18800.00,2050,2050.00,2417429,2417429.00,13985688,13985688.00,18360,18360.00,5,5.00
31225,1,2081,2081.00,62,62.00,2914931,2914931.00,3094874,3094874.00,29205,29205.00,779,779.00
31339,1,1210,1210.00,121,121.00,450483,450483.00,51788,51788.00,0,0.00,121,121.00
32307,1,0,0.00,121,121.00,10406,10406.00,0,0.00,22022,22022.00,121,121.00
32428,1,5566,5566.00,121,121.00,1871144,1871144.00,642268,642268.00,0,0.00,0,0.00
32546,1,2762,2762.00,448,448.00,0,0.00,0,0.00,0,0.00,267,267.00
32791,1,0,0.00,121,121.00,13068,13068.00,0,0.00,19844,19844.00,121,121.00
34485,1,0,0.00,121,121.00,2904,2904.00,0,0.00,31702,31702.00,121,121.00
34727,1,0,0.00,121,121.00,34848,34848.00,0,0.00,0,0.00,121,121.00
35332,1,6050,6050.00,121,121.00,1998813,1998813.00,464929,464929.00,11875,11875.00,0,0.00
35695,2,17908,8954.00,6050,3025.00,1738770,869385.00,2495746,1247873.00,15972,7986.00,0,0.00
35781,1,13481,13481.00,1879,1879.00,2415420,2415420.00,830488,830488.00,2648,2648.00,0,0.00
35816,1,8349,8349.00,1452,1452.00,1209153,1209153.00,1518671,1518671.00,32549,32549.00,0,0.00
36330,1,10080,10080.00,0,0.00,1356404,1356404.00,1042986,1042986.00,34986,34986.00,1008,1008.00
36538,1,6008,6008.00,2152,2152.00,1652128,1652128.00,432224,432224.00,34784,34784.00,0,0.00
36844,1,13982,13982.00,2206,2206.00,2455873,2455873.00,837539,837539.00,3152,3152.00,0,0.00
37147,1,0,0.00,121,121.00,2904,2904.00,0,0.00,34364,34364.00,121,121.00
37243,1,631,631.00,1501,1501.00,100135,100135.00,4225,4225.00,13075,13075.00,125,125.00
37389,2,0,0.00,242,121.00,75020,37510.00,0,0.00,0,0.00,242,121.00
37637,1,5247,5247.00,1268,1268.00,516290,516290.00,135070,135070.00,10870,10870.00,606,606.00
38236,1,6534,6534.00,121,121.00,2234386,2234386.00,909315,909315.00,0,0.00,0,0.00
40051,1,0,0.00,121,121.00,22990,22990.00,0,0.00,17182,17182.00,121,121.00
41140,1,7018,7018.00,121,121.00,2320144,2320144.00,647098,647098.00,23083,23083.00,0,0.00
41529,1,11538,11538.00,9,9.00,1550176,1550176.00,1191984,1191984.00,39984,39984.00,1152,1152.00
41745,1,0,0.00,121,121.00,41866,41866.00,0,0.00,0,0.00,121,121.00
41987,1,0,0.00,121,121.00,2904,2904.00,0,0.00,39204,39204.00,121,121.00
44044,1,7502,7502.00,121,121.00,2597628,2597628.00,1223310,1223310.00,0,0.00,0,0.00
44165,1,0,0.00,121,121.00,44286,44286.00,0,0.00,0,0.00,121,121.00
44649,1,0,0.00,121,121.00,5324,5324.00,0,0.00,39446,39446.00,121,121.00
44753,1,5642,5642.00,1148,1148.00,619548,619548.00,162084,162084.00,13044,13044.00,720,720.00
45558,1,5818,5818.00,1285,1285.00,413032,413032.00,108056,108056.00,8696,8696.00,840,840.00
46737,1,12978,12978.00,9,9.00,1744056,1744056.00,1340991,1340991.00,44982,44982.00,1296,1296.00
46827,1,0,0.00,121,121.00,8048,8048.00,0,0.00,38900,38900.00,121,121.00
46948,2,15972,7986.00,242,121.00,5510174,2755087.00,2472366,1236183.00,8628,4314.00,0,0.00
47069,1,0,0.00,121,121.00,2904,2904.00,0,0.00,44286,44286.00,121,121.00
47553,1,0,0.00,121,121.00,5324,5324.00,0,0.00,42350,42350.00,121,121.00
48574,1,18471,18471.00,2935,2935.00,3246744,3246744.00,1080416,1080416.00,6334,6334.00,0,0.00
49005,1,0,0.00,121,121.00,5324,5324.00,0,0.00,43802,43802.00,121,121.00
49489,1,0,0.00,121,121.00,49610,49610.00,0,0.00,0,0.00,121,121.00
49852,1,8470,8470.00,121,121.00,2874356,2874356.00,949281,949281.00,20207,20207.00,0,0.00
50078,1,2260,2260.00,1432,1432.00,2058317,2058317.00,287956,287956.00,27137,27137.00,121,121.00
51667,1,0,0.00,121,121.00,5324,5324.00,0,0.00,46464,46464.00,121,121.00
51909,1,0,0.00,121,121.00,42108,42108.00,0,0.00,9922,9922.00,121,121.00
52756,1,8954,8954.00,121,121.00,3142491,3142491.00,1782330,1782330.00,0,0.00,0,0.00
53669,1,20318,20318.00,3058,3058.00,3618039,3618039.00,1150926,1150926.00,11374,11374.00,0,0.00
54087,1,0,0.00,121,121.00,22506,22506.00,0,0.00,31702,31702.00,121,121.00
54258,1,21069,21069.00,3681,3681.00,3624694,3624694.00,1245732,1245732.00,3972,3972.00,0,0.00
54329,1,0,0.00,121,121.00,5324,5324.00,0,0.00,49126,49126.00,121,121.00
55055,1,968,968.00,121,121.00,300564,300564.00,15730,15730.00,53240,53240.00,605,605.00
55660,1,9438,9438.00,121,121.00,3324112,3324112.00,1992144,1992144.00,0,0.00,0,0.00
56265,1,0,0.00,121,121.00,5324,5324.00,0,0.00,51062,51062.00,121,121.00
56507,1,0,0.00,121,121.00,56628,56628.00,0,0.00,0,0.00,121,121.00
57120,1,21481,21481.00,3183,3183.00,3815229,3815229.00,1280987,1280987.00,6492,6492.00,0,0.00
57564,1,4413,4413.00,106,106.00,106891,106891.00,73137,73137.00,1625,1625.00,445,445.00
58387,1,7755,7755.00,2024,2024.00,516530,516530.00,135070,135070.00,10870,10870.00,1080,1080.00
58927,1,10043,10043.00,121,121.00,3364518,3364518.00,1794710,1794710.00,46867,46867.00,0,0.00
59248,1,4778,4778.00,170,170.00,172169,172169.00,128230,128230.00,2771,2771.00,445,445.00
61831,1,10527,10527.00,121,121.00,3696913,3696913.00,2498771,2498771.00,0,0.00,0,0.00
61952,1,7623,7623.00,1573,1573.00,2745853,2745853.00,945131,945131.00,58806,58806.00,0,0.00
62073,1,0,0.00,121,121.00,2904,2904.00,0,0.00,59290,59290.00,121,121.00
62751,1,23446,23446.00,3158,3158.00,4228940,4228940.00,1453354,1453354.00,4634,4634.00,0,0.00
64735,1,11011,11011.00,121,121.00,3827714,3827714.00,1965645,1965645.00,11616,11616.00,0,0.00
64948,1,8338,8338.00,1885,1885.00,826064,826064.00,216112,216112.00,17392,17392.00,1080,1080.00
65582,1,24563,24563.00,3751,3751.00,4468530,4468530.00,875556,875556.00,60984,60984.00,0,0.00
67203,1,8730,8730.00,2013,2013.00,929322,929322.00,243126,243126.00,19566,19566.00,1080,1080.00
67397,1,10648,10648.00,4356,4356.00,11209981,11209981.00,1843621,1843621.00,53966,53966.00,0,0.00
67639,1,11495,11495.00,121,121.00,3920766,3920766.00,1736498,1736498.00,37631,37631.00,0,0.00
67881,1,726,726.00,726,726.00,1071818,1071818.00,182831,182831.00,67397,67397.00,121,121.00
68827,1,5299,5299.00,134,134.00,104300,104300.00,79552,79552.00,2594,2594.00,534,534.00
70543,1,11979,11979.00,121,121.00,4241776,4241776.00,3304268,3304268.00,0,0.00,0,0.00
76557,1,28999,28999.00,4603,4603.00,5099153,5099153.00,1710333,1710333.00,8824,8824.00,0,0.00
77186,1,8879,8879.00,1195,1195.00,929322,929322.00,243126,243126.00,19566,19566.00,1320,1320.00
79972,1,6061,6061.00,143,143.00,143590,143590.00,71642,71642.00,1076,1076.00,623,623.00
80792,1,30491,30491.00,4409,4409.00,5436650,5436650.00,1868598,1868598.00,5958,5958.00,0,0.00
81898,1,6455,6455.00,190,190.00,139982,139982.00,175724,175724.00,3766,3766.00,623,623.00
82491,1,9806,9806.00,1591,1591.00,929882,929882.00,243126,243126.00,19566,19566.00,1440,1440.00
82718,1,31280,31280.00,4498,4498.00,5583995,5583995.00,1896802,1896802.00,7974,7974.00,0,0.00
85532,1,31909,31909.00,4279,4279.00,5772966,5772966.00,1932057,1932057.00,10494,10494.00,0,0.00
98049,1,7194,7194.00,52,52.00,15088,15088.00,3179,3179.00,0,0.00,801,801.00
99341,1,12705,12705.00,121,121.00,3500772,3500772.00,3906485,3906485.00,90024,90024.00,0,0.00
102611,1,7824,7824.00,157,157.00,136786,136786.00,105846,105846.00,3412,3412.00,801,801.00
103611,1,7810,7810.00,135,135.00,211344,211344.00,93001,93001.00,1975,1975.00,801,801.00
109747,1,27467,27467.00,9196,9196.00,2765697,2765697.00,15063290,15063290.00,0,0.00,0,0.00
112951,1,11417,11417.00,1157,1157.00,1445868,1445868.00,378228,378228.00,30436,30436.00,1884,1884.00
119064,1,11011,11011.00,3388,3388.00,645172,645172.00,51909,51909.00,117733,117733.00,0,0.00
123598,1,9312,9312.00,137,137.00,108879,108879.00,114771,114771.00,2841,2841.00,979,979.00
124498,1,8172,8172.00,103,103.00,11657542,11657542.00,12379136,12379136.00,116820,116820.00,3116,3116.00
124636,1,8220,8220.00,144,144.00,11658384,11658384.00,12379145,12379145.00,116820,116820.00,3116,3116.00
126827,1,46931,46931.00,5677,5677.00,8603270,8603270.00,2934912,2934912.00,11284,11284.00,0,0.00
134034,1,10111,10111.00,204,204.00,90201,90201.00,112985,112985.00,2421,2421.00,1068,1068.00
152797,1,54058,54058.00,6946,6946.00,9661680,9661680.00,3321952,3321952.00,10592,10592.00,232,232.00
155597,1,10199,10199.00,108,108.00,14571861,14571861.00,15473920,15473920.00,146025,146025.00,3895,3895.00
155668,1,10232,10232.00,132,132.00,14572297,14572297.00,15473925,15473925.00,146025,146025.00,3895,3895.00
162963,1,60280,60280.00,7230,7230.00,11056015,11056015.00,3772451,3772451.00,14436,14436.00,0,0.00
164057,1,17830,17830.00,1435,1435.00,1858644,1858644.00,486252,486252.00,39132,39132.00,2880,2880.00
186705,1,12235,12235.00,122,122.00,17486180,17486180.00,18568704,18568704.00,175230,175230.00,4674,4674.00
186846,1,12308,12308.00,180,180.00,17487240,17487240.00,18568722,18568722.00,175230,175230.00,4674,4674.00
217895,1,14309,14309.00,182,182.00,20400765,20400765.00,21663488,21663488.00,204435,204435.00,5453,5453.00
218284,1,18029,18029.00,3267,3267.00,9222378,9222378.00,2800787,2800787.00,159357,159357.00,363,363.00
248956,1,16322,16322.00,175,175.00,23314958,23314958.00,24758272,24758272.00,233640,233640.00,6232,6232.00
267912,1,20058,20058.00,273,273.00,179986,179986.00,225932,225932.00,4842,4842.00,2136,2136.00
272371,1,38478,38478.00,9317,9317.00,12589082,12589082.00,3419702,3419702.00,263054,263054.00,0,0.00
280086,1,18368,18368.00,205,205.00,26229361,26229361.00,27853056,27853056.00,262845,262845.00,7011,7011.00
280164,1,18397,18397.00,223,223.00,26229923,26229923.00,27853064,27853064.00,262845,262845.00,7011,7011.00
280232,1,18422,18422.00,260,260.00,26230289,26230289.00,27853133,27853133.00,262845,262845.00,7011,7011.00
313995,1,87120,87120.00,0,0.00,11739541,11739541.00,9011838,9011838.00,302379,302379.00,8712,8712.00
333970,1,57717,57717.00,9133,9133.00,34792234,34792234.00,28349685,28349685.00,283987,283987.00,363,363.00
435692,1,28582,28582.00,316,316.00,40801360,40801360.00,43326976,43326976.00,408870,408870.00,10906,10906.00
497936,1,32649,32649.00,339,339.00,46630182,46630182.00,49516550,49516550.00,467280,467280.00,12464,12464.00
560137,1,36715,36715.00,382,382.00,52458624,52458624.00,55706112,55706112.00,525690,525690.00,14022,14022.00
1077021,1,397969,397969.00,47311,47311.00,72616093,72616093.00,25038409,25038409.00,115797,115797.00,0,0.00
1558964,1,183194,183194.00,2904,2904.00,173212120,173212120.00,116263437,116263437.00,1356047,1356047.00,6413,6413.00
3765157,1,246719,246719.00,2420,2420.00,337240189,337240189.00,383450210,383450210.00,3533805,3533805.00,94259,94259.00
