tree_size,count,reads,avg_reads,writes,avg_writes,visited,avg_visited,skipped,avg_skipped,gc_pruned,avg_gc_pruned,exposures,avg_exposures
1,467772,1810867,3.87,1093933,2.34,3661441,7.83,1648856,3.52,46501,0.10,1128,0.00
2,3580,65694,18.35,40508,11.32,7757,2.17,1594,0.45,0,0.00,22,0.01
3,465572,820592,1.76,526574,1.13,10327232,22.18,2228359,4.79,63759,0.14,185,0.00
4,5912,79683,13.48,50444,8.53,111507,18.86,7033,1.19,0,0.00,32,0.01
5,32390,110325,3.41,62537,1.93,928656,28.67,125422,3.87,0,0.00,6,0.00
6,13847,86136,6.22,47107,3.40,1714358,123.81,1155529,83.45,32475,2.35,183,0.01
7,14836,69043,4.65,37314,2.52,615720,41.50,215148,14.50,552,0.04,18,0.00
8,1623,22794,14.04,11815,7.28,60733,37.42,13197,8.13,0,0.00,94,0.06
9,16425,81766,4.98,42673,2.60,754134,45.91,348380,21.21,0,0.00,1,0.00
10,2478,26407,10.66,14931,6.03,119578,48.26,30366,12.25,0,0.00,64,0.03
11,11901,65536,5.51,36728,3.09,1083747,91.06,355465,29.87,0,0.00,40,0.00
12,5566,77382,13.90,65796,11.82,11762370,2113.25,7047866,1266.24,204087,36.67,44,0.01
13,3923,68435,17.44,64126,16.35,5128258,1307.23,1157493,295.05,45188,11.52,726,0.19
14,955,19252,20.16,10463,10.96,52375,54.84,23344,24.44,0,0.00,15,0.02
15,1645,34209,20.80,24349,14.80,82518,50.16,41865,25.45,0,0.00,6,0.00
16,1440,29857,20.73,19174,13.32,164166,114.00,46743,32.46,0,0.00,171,0.12
17,453,16340,36.07,7391,16.32,32306,71.32,10857,23.97,0,0.00,37,0.08
18,724,18065,24.95,8494,11.73,52508,72.52,9840,13.59,0,0.00,48,0.07
19,655,16465,25.14,6560,10.02,90394,138.01,41196,62.89,0,0.00,39,0.06
20,306,11988,39.18,4771,15.59,37681,123.14,8115,26.52,0,0.00,16,0.05
21,1391,24800,17.83,12359,8.88,187088,134.50,63570,45.70,0,0.00,791,0.57
22,634,17959,28.33,9909,15.63,72719,114.70,36972,58.32,0,0.00,15,0.02
23,301,12119,40.26,5547,18.43,65509,217.64,10407,34.57,0,0.00,55,0.18
24,282,9728,34.50,4829,17.12,52001,184.40,9301,32.98,0,0.00,48,0.17
25,515,13348,25.92,8488,16.48,92114,178.86,51569,100.13,208,0.40,16,0.03
26,314,10187,32.44,5013,15.96,116906,372.31,39591,126.09,0,0.00,13,0.04
27,257,8206,31.93,4171,16.23,54671,212.73,14023,54.56,0,0.00,6,0.02
28,361,9639,26.70,5169,14.32,68214,188.96,54599,151.24,0,0.00,19,0.05
29,149,6124,41.10,2967,19.91,73753,494.99,11382,76.39,0,0.00,47,0.32
30,206,7714,37.45,4156,20.17,22862,110.98,4790,23.25,0,0.00,33,0.16
31,487,12249,25.15,5521,11.34,181502,372.69,123305,253.19,0,0.00,10,0.02
32,145,6623,45.68,3823,26.37,17444,120.30,3893,26.85,0,0.00,13,0.09
33,765,13489,17.63,7809,10.21,332251,434.32,108060,141.25,0,0.00,80,0.10
34,289,7654,26.48,3606,12.48,81726,282.79,72203,249.84,0,0.00,249,0.86
35,229,6204,27.09,3121,13.63,91148,398.03,13497,58.94,0,0.00,26,0.11
36,1177,26927,22.88,19401,16.48,267013,226.86,81575,69.31,0,0.00,10,0.01
37,359,9481,26.41,4883,13.60,89126,248.26,70176,195.48,0,0.00,19,0.05
38,162,5997,37.02,2466,15.22,71311,440.19,11757,72.57,0,0.00,9,0.06
39,2116,38685,18.28,24663,11.66,694806,328.36,56897,26.89,0,0.00,1,0.00
40,359,12715,35.42,6924,19.29,80244,223.52,69891,194.68,0,0.00,2,0.01
41,282,10700,37.94,5464,19.38,189298,671.27,106452,377.49,0,0.00,163,0.58
42,488,13278,27.21,8800,18.03,89084,182.55,8656,17.74,0,0.00,90,0.18
43,332,12266,36.95,5265,15.86,104355,314.32,91018,274.15,0,0.00,0,0.00
44,71,6347,89.39,2617,36.86,9772,137.63,2637,37.14,0,0.00,0,0.00
45,818,17028,20.82,8854,10.82,605227,739.89,109821,134.26,0,0.00,13,0.02
46,453,16121,35.59,7109,15.69,271955,600.34,253465,559.53,0,0.00,24,0.05
47,2254,185833,82.45,193833,86.00,18226890,8086.46,4046101,1795.08,163372,72.48,114,0.05
48,359,25346,70.60,21617,60.21,43227,120.41,7658,21.33,0,0.00,4,0.01
49,241,9719,40.33,3908,16.22,88817,368.54,116679,484.15,0,0.00,2,0.01
50,599,48900,81.64,46490,77.61,60978,101.80,8752,14.61,0,0.00,466,0.78
51,798,31559,39.55,24763,31.03,262244,328.63,138217,173.20,0,0.00,17,0.02
52,286,13332,46.62,6519,22.79,109862,384.13,148419,518.95,0,0.00,4,0.01
53,106,10204,96.26,5520,52.08,25400,239.62,8480,80.00,0,0.00,0,0.00
54,181,11503,63.55,7973,44.05,30363,167.75,3840,21.22,0,0.00,19,0.10
55,816,16002,19.61,7231,8.86,177073,217.00,156471,191.75,0,0.00,3873,4.75
56,421,28542,67.80,20526,48.76,166427,395.31,146989,349.14,0,0.00,43,0.10
57,217,13962,64.34,8036,37.03,57008,262.71,10853,50.01,0,0.00,170,0.78
58,2275,215517,94.73,231505,101.76,26458960,11630.31,23351664,10264.47,627850,275.98,180,0.08
59,464,45871,98.86,44415,95.72,12556,27.06,1029,2.22,0,0.00,21,0.05
60,859,28304,32.95,23434,27.28,539132,627.63,103500,120.49,0,0.00,15,0.02
61,909,72036,79.25,65387,71.93,22699525,24971.97,5328121,5861.52,201608,221.79,84,0.09
62,156,18126,116.19,13222,84.76,10633,68.16,1476,9.46,0,0.00,6,0.04
63,759,21288,28.05,14076,18.55,396090,521.86,147820,194.76,0,0.00,34,0.04
64,205,10696,52.18,8794,42.90,88690,432.63,187441,914.35,0,0.00,19,0.09
65,96,3892,40.54,3998,41.65,38922,405.44,3749,39.05,0,0.00,2,0.02
66,206,8830,42.86,6213,30.16,224810,1091.31,232404,1128.17,0,0.00,0,0.00
67,430,28127,65.41,28178,65.53,100747,234.30,167761,390.14,0,0.00,2,0.00
68,70,5422,77.46,5982,85.46,16221,231.73,2414,34.49,65,0.93,42,0.60
69,88,5135,58.35,5258,59.75,30565,347.33,20354,231.30,130,1.48,1,0.01
70,209,12815,61.32,11815,56.53,132623,634.56,189940,908.80,810,3.88,3,0.01
71,386,47192,122.26,42947,111.26,208052,538.99,252831,655.00,393,1.02,27,0.07
72,77,6812,88.47,5119,66.48,42392,550.55,9134,118.62,0,0.00,0,0.00
73,3381,10210,3.02,11761,3.48,2653463,784.82,341948,101.14,586,0.17,22,0.01
74,121,13082,108.12,11206,92.61,31907,263.69,4549,37.60,0,0.00,0,0.00
75,457,18673,40.86,12526,27.41,157254,344.10,18001,39.39,0,0.00,0,0.00
76,219,10903,49.79,6902,31.52,267290,1220.50,396869,1812.19,142,0.65,18,0.08
77,41,3410,83.17,3209,78.27,24027,586.02,16451,401.24,0,0.00,4,0.10
78,586,16933,28.90,7343,12.53,761431,1299.37,344937,588.63,118,0.20,15,0.03
79,412,26843,65.15,23636,57.37,160984,390.74,221081,536.60,56,0.14,26,0.06
80,79,4452,56.35,4232,53.57,86948,1100.61,11859,150.11,2096,26.53,1,0.01
81,165,11230,68.06,6147,37.25,248688,1507.20,315552,1912.44,124,0.75,80,0.48
82,122,6454,52.90,5074,41.59,131582,1078.54,200559,1643.93,620,5.08,209,1.71
83,565,39908,70.63,39836,70.51,95668,169.32,4406,7.80,68,0.12,12,0.02
84,125,6006,48.05,5053,40.42,55697,445.58,21367,170.94,65,0.52,65,0.52
85,154,5967,38.75,4042,26.25,273653,1776.97,204439,1327.53,850,5.52,1155,7.50
86,197,15782,80.11,12968,65.83,209494,1063.42,277296,1407.59,0,0.00,128,0.65
87,63,3293,52.27,2954,46.89,58953,935.76,12602,200.03,124,1.97,18,0.29
88,62,4198,67.71,2968,47.87,71801,1158.08,188148,3034.65,209,3.37,18,0.29
89,55,6722,122.22,6576,119.56,23960,435.64,13234,240.62,61,1.11,73,1.33
90,59,3148,53.36,2175,36.86,34568,585.90,19999,338.97,73,1.24,7,0.12
91,243,21448,88.26,10016,41.22,338562,1393.26,607042,2498.12,495,2.04,5,0.02
92,2770,5832,2.11,5626,2.03,529707,191.23,40889,14.76,210580,76.02,24523,8.85
93,217,9857,45.42,8368,38.56,104646,482.24,22520,103.78,768,3.54,175,0.81
94,134,12973,96.81,10631,79.34,86513,645.62,239651,1788.44,281,2.10,59,0.44
95,52,1963,37.75,1870,35.96,18174,349.50,3267,62.83,1530,29.42,219,4.21
96,334,27470,82.25,23159,69.34,347900,1041.62,434713,1301.54,170,0.51,27,0.08
97,104,7989,76.82,5875,56.49,113679,1093.07,284261,2733.28,224,2.15,0,0.00
98,27,1465,54.26,1334,49.41,16808,622.52,5736,212.44,525,19.44,36,1.33
99,79,5116,64.76,5210,65.95,69998,886.05,16718,211.62,170,2.15,152,1.92
100,567,21356,37.66,9167,16.17,857999,1513.23,933389,1646.19,301,0.53,5,0.01
101,127,7507,59.11,4323,34.04,212880,1676.22,335802,2644.11,728,5.73,88,0.69
102,45,2961,65.80,2062,45.82,52767,1172.60,24207,537.93,62,1.38,0,0.00
103,96,5803,60.45,2739,28.53,128299,1336.45,262331,2732.61,590,6.15,75,0.78
104,31,1386,44.71,1382,44.58,35228,1136.39,16728,539.61,0,0.00,11,0.35
105,239,38513,161.14,38303,160.26,38912,162.81,20135,84.25,166,0.69,47,0.20
106,147,14435,98.20,10604,72.14,217615,1480.37,526000,3578.23,484,3.29,10,0.07
107,29,2045,70.52,1614,55.66,58780,2026.90,17753,612.17,284,9.79,15,0.52
108,100,15764,157.64,15598,155.98,32696,326.96,17021,170.21,102,1.02,5,0.05
109,89,8044,90.38,5187,58.28,104780,1177.30,376533,4230.71,149,1.67,0,0.00
110,34,2116,62.24,1676,49.29,41209,1212.03,17903,526.56,884,26.00,0,0.00
111,85,6446,75.84,3507,41.26,197395,2322.29,310765,3656.06,424,4.99,3,0.04
112,48,3450,71.88,2078,43.29,71224,1483.83,266902,5560.46,89,1.85,70,1.46
113,490,12129,24.75,6338,12.93,1211853,2473.17,432557,882.77,232,0.47,0,0.00
114,35,2596,74.17,2376,67.89,15714,448.97,1622,46.34,0,0.00,14,0.40
115,82,9064,110.54,7248,88.39,87765,1070.30,333024,4061.27,174,2.12,1,0.01
116,91,7621,83.75,6179,67.90,150606,1655.01,234746,2579.63,81,0.89,0,0.00
117,45,3567,79.27,3073,68.29,46412,1031.38,70033,1556.29,216,4.80,4,0.09
118,74,5929,80.12,4116,55.62,97947,1323.61,273904,3701.41,512,6.92,36,0.49
119,19,2657,139.84,1246,65.58,13591,715.32,3987,209.84,0,0.00,18,0.95
120,55,3386,61.56,4053,73.69,39243,713.51,13229,240.53,141,2.56,184,3.35
121,100,9332,93.32,5525,55.25,178993,1789.93,561393,5613.93,936,9.36,15,0.15
122,22,1205,54.77,1049,47.68,41391,1881.41,12493,567.86,447,20.32,0,0.00
123,42,2561,60.98,2449,58.31,53088,1264.00,41772,994.57,171,4.07,10,0.24
124,61,4490,73.61,2931,48.05,89273,1463.49,344171,5642.15,72,1.18,2,0.03
125,23,1948,84.70,2109,91.70,18867,820.30,18692,812.70,0,0.00,47,2.04
126,101,2974,29.45,2444,24.20,107034,1059.74,105187,1041.46,161,1.59,4,0.04
127,84,5889,70.11,3520,41.90,123669,1472.25,414514,4934.69,614,7.31,0,0.00
128,17,2272,133.65,2300,135.29,10429,613.47,1139,67.00,0,0.00,0,0.00
129,20,1742,87.10,1468,73.40,20573,1028.65,3393,169.65,64,3.20,1,0.05
130,80,7319,91.49,4407,55.09,121576,1519.70,511451,6393.14,455,5.69,0,0.00
131,23,2668,116.00,2008,87.30,40782,1773.13,79868,3472.52,248,10.78,25,1.09
132,74,3661,49.47,2123,28.69,162104,2190.59,57615,778.58,247,3.34,2,0.03
133,68,5105,75.07,3257,47.90,123263,1812.69,416789,6129.25,772,11.35,0,0.00
134,10,1102,110.20,1025,102.50,12422,1242.20,2387,238.70,0,0.00,1,0.10
135,26,1774,68.23,1357,52.19,74489,2864.96,33794,1299.77,245,9.42,0,0.00
136,70,6257,89.39,3852,55.03,130283,1861.19,511737,7310.53,340,4.86,0,0.00
137,21,1139,54.24,671,31.95,47452,2259.62,37710,1795.71,0,0.00,0,0.00
138,38,3121,82.13,4252,111.89,41099,1081.55,8368,220.21,793,20.87,10,0.26
139,61,4740,77.70,2765,45.33,99902,1637.74,485500,7959.02,357,5.85,10,0.16
140,19,1586,83.47,1405,73.95,38752,2039.58,14064,740.21,162,8.53,4,0.21
141,1595,94387,59.18,86074,53.96,941162,590.07,66082,41.43,0,0.00,47,0.03
142,255,16630,65.22,13949,54.70,217010,851.02,553633,2171.11,708,2.78,10,0.04
143,35,2642,75.49,2580,73.71,29240,835.43,12372,353.49,0,0.00,0,0.00
144,423,24950,58.98,23427,55.38,270155,638.66,24739,58.48,293,0.69,51,0.12
145,152,9935,65.36,8031,52.84,152288,1001.89,461148,3033.87,915,6.02,1,0.01
146,43,3118,72.51,2382,55.40,70995,1651.05,61655,1433.84,721,16.77,68,1.58
147,81,4915,60.68,4694,57.95,73377,905.89,4410,54.44,0,0.00,1,0.01
148,92,7386,80.28,4922,53.50,120964,1314.83,423185,4599.84,759,8.25,11,0.12
149,12,1032,86.00,1055,87.92,37382,3115.17,3579,298.25,288,24.00,1,0.08
150,192,10957,57.07,10766,56.07,117726,613.16,3724,19.40,60,0.31,0,0.00
151,343,20820,60.70,17707,51.62,317118,924.54,593108,1729.18,1311,3.82,68,0.20
152,9,655,72.78,544,60.44,9722,1080.22,3969,441.00,0,0.00,0,0.00
153,154,15846,102.90,15265,99.12,136627,887.19,9743,63.27,110,0.71,0,0.00
154,673,38438,57.11,20338,30.22,7322481,10880.36,7425597,11033.58,144334,214.46,43,0.06
155,43,2791,64.91,1779,41.37,82457,1917.60,97687,2271.79,0,0.00,0,0.00
156,348,22289,64.05,21865,62.83,215995,620.68,22471,64.57,110,0.32,18,0.05
157,103,7696,74.72,4548,44.16,206082,2000.80,635928,6174.06,737,7.16,0,0.00
158,8,831,103.88,977,122.12,4884,610.50,437,54.62,0,0.00,0,0.00
159,42,3625,86.31,2323,55.31,37085,882.98,10396,247.52,0,0.00,0,0.00
160,63,5626,89.30,3388,53.78,128940,2046.67,591188,9383.94,409,6.49,2,0.03
161,19,1421,74.79,1125,59.21,51948,2734.11,44099,2321.00,213,11.21,30,1.58
162,54,4248,78.67,3724,68.96,95711,1772.43,23130,428.33,237,4.39,0,0.00
163,75,6642,88.56,4384,58.45,173104,2308.05,492057,6560.76,1454,19.39,22,0.29
164,16,1459,91.19,1251,78.19,20933,1308.31,7218,451.12,56,3.50,24,1.50
165,15,1166,77.73,895,59.67,21846,1456.40,21343,1422.87,80,5.33,5,0.33
166,67,7550,112.69,4607,68.76,138659,2069.54,774744,11563.34,1269,18.94,0,0.00
167,12,914,76.17,1059,88.25,12660,1055.00,2277,189.75,0,0.00,4,0.33
168,20,1680,84.00,1698,84.90,14803,740.15,954,47.70,0,0.00,11,0.55
169,76,8022,105.55,5047,66.41,151514,1993.61,838276,11029.95,756,9.95,0,0.00
170,13,1545,118.85,1369,105.31,13490,1037.69,3929,302.23,272,20.92,0,0.00
171,28,2238,79.93,2143,76.54,35147,1255.25,22867,816.68,203,7.25,19,0.68
172,1850,529486,286.21,588116,317.90,124788,67.45,658584,355.99,983,0.53,0,0.00
173,152,42071,276.78,46127,303.47,49812,327.71,14450,95.07,477,3.14,53,0.35
174,695,75712,108.94,60281,86.74,468366,673.91,24748,35.61,0,0.00,3,0.00
175,623,146444,235.06,160928,258.31,169750,272.47,815075,1308.31,1218,1.96,4,0.01
176,49,13320,271.84,12779,260.80,11142,227.39,740,15.10,0,0.00,0,0.00
177,682,59136,86.71,42473,62.28,488378,716.10,44612,65.41,487,0.71,222,0.33
178,138,17705,128.30,14020,101.59,174282,1262.91,768771,5570.80,888,6.43,23,0.17
179,23,3530,153.48,3430,149.13,11161,485.26,469,20.39,0,0.00,0,0.00
180,456,45421,99.61,28712,62.96,327686,718.61,29277,64.20,0,0.00,9,0.02
181,360,77489,215.25,77914,216.43,140066,389.07,730543,2029.29,1208,3.36,30,0.08
182,23,5703,247.96,5727,249.00,11151,484.83,2402,104.43,123,5.35,2,0.09
183,43,4405,102.44,4725,109.88,38562,896.79,4507,104.81,217,5.05,4,0.09
184,225,66667,296.30,66952,297.56,156313,694.72,917747,4078.88,976,4.34,0,0.00
185,286,105408,368.56,106109,371.01,22305,77.99,3680,12.87,0,0.00,1,0.00
186,95,21639,227.78,19916,209.64,39323,413.93,2384,25.09,0,0.00,0,0.00
187,128,26972,210.72,25453,198.85,142432,1112.75,847222,6618.92,1088,8.50,0,0.00
188,76,26213,344.91,26535,349.14,16519,217.36,1560,20.53,0,0.00,2,0.03
189,396,48199,121.71,27011,68.21,302089,762.85,42269,106.74,289,0.73,90,0.23
190,70,11060,158.00,8256,117.94,119980,1714.00,681494,9735.63,1173,16.76,0,0.00
191,22,5868,266.73,7100,322.73,54993,2499.68,7716,350.73,331,15.05,6,0.27
192,47,4271,90.87,2785,59.26,77536,1649.70,16811,357.68,246,5.23,15,0.32
193,22,5463,248.32,3717,168.95,27281,1240.05,20369,925.86,0,0.00,0,0.00
194,26,7932,305.08,7534,289.77,36005,1384.81,20239,778.42,86,3.31,2,0.08
195,36,13288,369.11,13235,367.64,15292,424.78,826,22.94,0,0.00,0,0.00
196,12,1419,118.25,1205,100.42,24862,2071.83,5704,475.33,0,0.00,0,0.00
197,17,5502,323.65,4604,270.82,7117,418.65,260,15.29,0,0.00,4,0.24
198,28,2676,95.57,2739,97.82,29093,1039.04,1757,62.75,0,0.00,4,0.14
199,23,4304,187.13,6788,295.13,17253,750.13,1697,73.78,0,0.00,25,1.09
200,30,12849,428.30,12551,418.37,7482,249.40,1923,64.10,0,0.00,1,0.03
201,52,2664,51.23,1972,37.92,139294,2678.73,47428,912.08,520,10.00,540,10.38
202,15,3221,214.73,2623,174.87,12550,836.67,1084,72.27,114,7.60,5,0.33
203,14,3735,266.79,2879,205.64,26434,1888.14,32599,2328.50,114,8.14,99,7.07
204,22,2303,104.68,2358,107.18,44101,2004.59,22385,1017.50,0,0.00,6,0.27
205,15,1535,102.33,1208,80.53,20724,1381.60,4989,332.60,114,7.60,7,0.47
206,19,3102,163.26,2838,149.37,16870,887.89,1578,83.05,0,0.00,0,0.00
207,15,1413,94.20,1189,79.27,25637,1709.13,11184,745.60,0,0.00,8,0.53
208,19,2299,121.00,2638,138.84,51830,2727.89,25557,1345.11,429,22.58,0,0.00
209,12,1774,147.83,1826,152.17,13235,1102.92,4454,371.17,292,24.33,18,1.50
210,29,3371,116.24,2598,89.59,35378,1219.93,1753,60.45,378,13.03,50,1.72
211,65,4426,68.09,3144,48.37,633409,9744.75,157488,2422.89,127,1.95,2548,39.20
212,16,1629,101.81,1057,66.06,69711,4356.94,17014,1063.38,0,0.00,98,6.12
213,644,46964,72.93,46395,72.04,516957,802.73,3808,5.91,0,0.00,9,0.01
214,30,3317,110.57,3327,110.90,35313,1177.10,4096,136.53,0,0.00,49,1.63
215,16,1579,98.69,1408,88.00,48529,3033.06,25265,1579.06,339,21.19,0,0.00
216,140,10562,75.44,10462,74.73,137188,979.91,16534,118.10,0,0.00,8,0.06
217,11,1119,101.73,958,87.09,34696,3154.18,6674,606.73,0,0.00,51,4.64
218,21,4439,211.38,4078,194.19,69971,3331.95,14835,706.43,0,0.00,0,0.00
219,36,9266,257.39,10795,299.86,24480,680.00,11020,306.11,123,3.42,84,2.33
220,15,1940,129.33,2452,163.47,43974,2931.60,12751,850.07,0,0.00,49,3.27
221,69,6126,88.78,5929,85.93,21462107,311045.03,18804222,272524.96,509433,7383.09,434,6.29
222,27,2327,86.19,1792,66.37,63156,2339.11,38792,1436.74,0,0.00,0,0.00
223,122,41498,340.15,40653,333.22,110642,906.90,82824,678.89,903,7.40,20,0.16
224,36,8941,248.36,8546,237.39,53791,1494.19,20415,567.08,1226,34.06,68,1.89
225,53,2903,54.77,2391,45.11,146393,2762.13,58807,1109.57,354,6.68,127,2.40
226,37,13131,354.89,12726,343.95,15239,411.86,1621,43.81,0,0.00,5,0.14
227,16,2601,162.56,2575,160.94,16543,1033.94,19011,1188.19,344,21.50,21,1.31
228,19,2275,119.74,1483,78.05,64384,3388.63,40276,2119.79,0,0.00,24,1.26
229,17,3763,221.35,3373,198.41,16355,962.06,6980,410.59,0,0.00,6,0.35
230,27,9356,346.52,11310,418.89,9404,348.30,1561,57.81,0,0.00,11,0.41
231,41,4012,97.85,2287,55.78,181125,4417.68,88931,2169.05,320,7.80,61,1.49
232,73,17774,243.48,12601,172.62,81443,1115.66,11175,153.08,401,5.49,5,0.07
233,26,5282,203.15,4811,185.04,25120,966.15,11165,429.42,0,0.00,0,0.00
234,24,1744,72.67,1071,44.62,70185,2924.38,34012,1417.17,0,0.00,6,0.25
235,80,10895,136.19,8844,110.55,134742,1684.28,7176,89.70,106,1.32,2,0.03
236,17,2848,167.53,3014,177.29,21794,1282.00,868,51.06,175,10.29,1,0.06
237,32,8969,280.28,11653,364.16,78229181,2444661.91,68786332,2149572.88,1862509,58203.41,172,5.38
238,20,2033,101.65,2396,119.80,49847,2492.35,20886,1044.30,281,14.05,0,0.00
239,17,1869,109.94,1906,112.12,23892,1405.41,14808,871.06,271,15.94,7,0.41
240,11,1127,102.45,1198,108.91,66612009,6055637.18,14805217,1345928.82,598481,54407.36,184,16.73
241,25,3484,139.36,2787,111.48,66744,2669.76,68010,2720.40,330,13.20,189,7.56
242,11,1676,152.36,1331,121.00,20537,1867.00,2144,194.91,0,0.00,2,0.18
243,10,1961,196.10,2390,239.00,13696,1369.60,986,98.60,0,0.00,4,0.40
244,28,5271,188.25,5313,189.75,36418,1300.64,4293,153.32,54,1.93,0,0.00
245,18,4217,234.28,2847,158.17,25240,1402.22,15124,840.22,182,10.11,3,0.17
246,8,898,112.25,557,69.62,17947,2243.38,8028,1003.50,85,10.62,18,2.25
247,35,8061,230.31,7164,204.69,89324,2552.11,29803,851.51,608,17.37,0,0.00
248,16,4411,275.69,3214,200.88,27163,1697.69,7406,462.88,320,20.00,1,0.06
249,8,1112,139.00,920,115.00,23463,2932.88,1896,237.00,0,0.00,172,21.50
250,28,2025,72.32,2429,86.75,73843,2637.25,9417,336.32,0,0.00,0,0.00
251,10,2352,235.20,1821,182.10,14047,1404.70,485,48.50,0,0.00,2,0.20
252,11,1138,103.45,656,59.64,25207,2291.55,16826,1529.64,419,38.09,18,1.64
253,10,1041,104.10,705,70.50,28242,2824.20,32138,3213.80,219,21.90,1,0.10
254,12,1964,163.67,1971,164.25,15181,1265.08,3691,307.58,0,0.00,0,0.00
255,6,1000,166.67,703,117.17,11319,1886.50,2160,360.00,114,19.00,7,1.17
256,8,1414,176.75,1236,154.50,12091,1511.38,1164,145.50,114,14.25,9,1.12
257,5,1131,226.20,765,153.00,9323,1864.60,574,114.80,0,0.00,0,0.00
258,24,2273,94.71,2282,95.08,36796,1533.17,4497,187.38,0,0.00,10,0.42
259,8,605,75.62,558,69.75,14407,1800.88,4262,532.75,447,55.88,1,0.12
260,14,2868,204.86,1881,134.36,36064,2576.00,3276,234.00,220,15.71,6,0.43
261,16,1420,88.75,1072,67.00,57073,3567.06,15921,995.06,145,9.06,222,13.88
262,7,1851,264.43,2087,298.14,5100,728.57,2733,390.43,0,0.00,0,0.00
263,9,2337,259.67,2494,277.11,16656,1850.67,5499,611.00,517,57.44,131,14.56
264,18,2576,143.11,1517,84.28,94595,5255.28,12636,702.00,0,0.00,61,3.39
265,10,1676,167.60,1589,158.90,24090,2409.00,9561,956.10,106,10.60,2,0.20
266,16,3118,194.88,2976,186.00,50404,3150.25,8459,528.69,0,0.00,0,0.00
267,13,1451,111.62,1348,103.69,16606,1277.38,12805,985.00,182,14.00,1,0.08
268,8,986,123.25,540,67.50,30912,3864.00,7322,915.25,76,9.50,55,6.88
269,8,1707,213.38,1940,242.50,16951,2118.88,3095,386.88,0,0.00,5,0.62
270,21,3515,167.38,3489,166.14,29819,1419.95,14788,704.19,213,10.14,5,0.24
271,6,1048,174.67,967,161.17,9135,1522.50,2087,347.83,186,31.00,4,0.67
272,10,1935,193.50,1727,172.70,49086,4908.60,48741,4874.10,0,0.00,12,1.20
273,8,1341,167.62,1010,126.25,23350,2918.75,29810,3726.25,0,0.00,0,0.00
274,9,664,73.78,755,83.89,29746,3305.11,20481,2275.67,341,37.89,1,0.11
275,8,1331,166.38,1262,157.75,13505,1688.12,851,106.38,0,0.00,0,0.00
276,9,1048,116.44,345,38.33,25361,2817.89,14474,1608.22,159,17.67,0,0.00
277,17,8848,520.47,9618,565.76,17158,1009.29,4293,252.53,89,5.24,67,3.94
278,12,2950,245.83,2801,233.42,27297,2274.75,18745,1562.08,64,5.33,0,0.00
279,11,2284,207.64,1882,171.09,23735,2157.73,21111,1919.18,0,0.00,3,0.27
280,15,2468,164.53,1573,104.87,82208,5480.53,68931,4595.40,133,8.87,61,4.07
281,6,1292,215.33,1197,199.50,17217,2869.50,3020,503.33,0,0.00,6,1.00
282,17,1773,104.29,1528,89.88,78090,4593.53,39520,2324.71,0,0.00,2,0.12
283,10,1569,156.90,1333,133.30,21639,2163.90,6072,607.20,0,0.00,0,0.00
284,15,3307,220.47,3171,211.40,32811,2187.40,7255,483.67,0,0.00,2,0.13
285,7,693,99.00,994,142.00,8447,1206.71,502,71.71,262,37.43,1,0.14
286,8,1527,190.88,1421,177.62,19986,2498.25,1820,227.50,0,0.00,2,0.25
287,5,796,159.20,797,159.40,7778,1555.60,1167,233.40,0,0.00,1,0.20
288,9,1240,137.78,1214,134.89,36216,4024.00,1302,144.67,0,0.00,0,0.00
289,6,1137,189.50,1013,168.83,16632,2772.00,26774,4462.33,0,0.00,5,0.83
290,78,11126,142.64,10229,131.14,127624,1636.21,4920,63.08,0,0.00,0,0.00
291,6,845,140.83,577,96.17,23582,3930.33,25793,4298.83,0,0.00,0,0.00
292,5,884,176.80,679,135.80,20777,4155.40,4511,902.20,191,38.20,0,0.00
293,22,2734,124.27,2649,120.41,34070,1548.64,3037,138.05,0,0.00,0,0.00
294,8,754,94.25,935,116.88,27403,3425.38,5716,714.50,0,0.00,0,0.00
295,18,1553,86.28,1045,58.06,97989,5443.83,104242,5791.22,1124,62.44,44,2.44
296,5,701,140.20,678,135.60,10544,2108.80,90,18.00,0,0.00,0,0.00
297,2,139,69.50,24,12.00,5943,2971.50,3184,1592.00,0,0.00,6,3.00
298,8,872,109.00,572,71.50,31510,3938.75,32315,4039.38,0,0.00,0,0.00
299,14,1739,124.21,1612,115.14,37631,2687.93,3184,227.43,0,0.00,6,0.43
300,11,1856,168.73,1146,104.18,26818,2438.00,13931,1266.45,136,12.36,30,2.73
301,9,857,95.22,727,80.78,32614,3623.78,12853,1428.11,375,41.67,225,25.00
302,7,874,124.86,921,131.57,14899,2128.43,877,125.29,0,0.00,0,0.00
303,18,2411,133.94,2093,116.28,168976,9387.56,35334,1963.00,1319,73.28,0,0.00
304,7,1414,202.00,1544,220.57,10502,1500.29,220,31.43,0,0.00,65,9.29
305,11,1618,147.09,1081,98.27,30649,2786.27,7571,688.27,179,16.27,0,0.00
306,6,970,161.67,330,55.00,15463,2577.17,16313,2718.83,0,0.00,0,0.00
307,11,1231,111.91,678,61.64,40353,3668.45,26721,2429.18,650,59.09,1,0.09
308,6,1035,172.50,771,128.50,11080,1846.67,493,82.17,0,0.00,0,0.00
309,13,1027,79.00,1200,92.31,28294,2176.46,33089,2545.31,80,6.15,2,0.15
310,17,2386,140.35,1541,90.65,50550,2973.53,21224,1248.47,0,0.00,6,0.35
311,9,1224,136.00,967,107.44,16308,1812.00,1828,203.11,0,0.00,0,0.00
312,6356,3246737,510.81,3523487,554.36,269057470,42331.26,149855222,23576.97,4483752,705.44,1560,0.25
313,511,307043,600.87,345444,676.02,35113,68.71,40316,78.90,285,0.56,2,0.00
314,28,15612,557.57,15542,555.07,13587,485.25,6453,230.46,0,0.00,0,0.00
315,273,125664,460.31,156935,574.85,19756,72.37,1212,4.44,0,0.00,2,0.01
316,18,3626,201.44,3657,203.17,49287,2738.17,24711,1372.83,1065,59.17,106,5.89
317,101,68352,676.75,68823,681.42,18218,180.38,10985,108.76,0,0.00,0,0.00
318,14,4319,308.50,3442,245.86,16588,1184.86,127,9.07,0,0.00,0,0.00
319,19,9366,492.95,5436,286.11,130492,6868.00,39987,2104.58,160,8.42,22,1.16
320,5,1449,289.80,1316,263.20,4559,911.80,270,54.00,0,0.00,3,0.60
321,21,4271,203.38,5524,263.05,66288,3156.57,31554,1502.57,889,42.33,21,1.00
322,10,1786,178.60,2441,244.10,13776,1377.60,1305,130.50,0,0.00,6,0.60
323,7,3846,549.43,3932,561.71,18226,2603.71,2303,329.00,0,0.00,0,0.00
324,17,2170,127.65,1399,82.29,119915,7053.82,23514,1383.18,431,25.35,36,2.12
325,20,2277,113.85,817,40.85,170161,8508.05,93506,4675.30,691,34.55,18,0.90
326,6,819,136.50,524,87.33,44713,7452.17,17667,2944.50,0,0.00,0,0.00
327,7,1225,175.00,813,116.14,35441,5063.00,31463,4494.71,0,0.00,70,10.00
328,6,1137,189.50,659,109.83,10371,1728.50,7718,1286.33,0,0.00,0,0.00
329,17,2087,122.76,1479,87.00,284452367,16732492.18,50382186,2963658.00,1100736,64749.18,1252,73.65
330,7,1071,153.00,973,139.00,42813,6116.14,12374,1767.71,0,0.00,0,0.00
331,7,586,83.71,447,63.86,18168,2595.43,4635,662.14,202,28.86,1,0.14
332,9,1752,194.67,1703,189.22,30684,3409.33,9648,1072.00,0,0.00,0,0.00
333,4,842,210.50,535,133.75,7758,1939.50,1474,368.50,0,0.00,0,0.00
334,4,1668,417.00,1923,480.75,10484,2621.00,1378,344.50,0,0.00,1,0.25
335,3,533,177.67,597,199.00,13354,4451.33,902,300.67,0,0.00,0,0.00
336,17,4521,265.94,4391,258.29,28327,1666.29,10670,627.65,0,0.00,0,0.00
337,6,1909,318.17,1602,267.00,18690,3115.00,14217,2369.50,0,0.00,4,0.67
338,8,2483,310.38,1932,241.50,50402,6300.25,4828,603.50,0,0.00,0,0.00
339,6,1190,198.33,930,155.00,13601,2266.83,26251,4375.17,0,0.00,1,0.17
340,9,924,102.67,606,67.33,67142,7460.22,34134,3792.67,216,24.00,0,0.00
341,12,4559,379.92,3732,311.00,51636,4303.00,6149,512.42,0,0.00,1,0.08
342,15,2256,150.40,931,62.07,86684,5778.93,75088,5005.87,0,0.00,0,0.00
343,4,1391,347.75,1264,316.00,17420,4355.00,875,218.75,0,0.00,0,0.00
344,36,17720,492.22,11526,320.17,32671,907.53,5084,141.22,0,0.00,0,0.00
345,10,1800,180.00,1461,146.10,20479,2047.90,81133,8113.30,0,0.00,25,2.50
346,321,93880,292.46,93881,292.46,236904,738.02,2575,8.02,0,0.00,0,0.00
347,54,20353,376.91,20108,372.37,49867,923.46,668,12.37,264,4.89,1,0.02
348,35,8704,248.69,7668,219.09,319066,9116.17,75032,2143.77,0,0.00,0,0.00
349,75,27289,363.85,27555,367.40,74913,998.84,2588,34.51,574,7.65,134,1.79
350,9,3284,364.89,3592,399.11,13217,1468.56,1295,143.89,106,11.78,2,0.22
351,11,2797,254.27,2536,230.55,41730,3793.64,101417,9219.73,0,0.00,22,2.00
352,20,6824,341.20,6812,340.60,23191,1159.55,489,24.45,0,0.00,0,0.00
353,10,4061,406.10,2422,242.20,17366,1736.60,2812,281.20,0,0.00,0,0.00
354,32,5900,184.38,5410,169.06,48342,1510.69,2095,65.47,0,0.00,21,0.66
355,27,5655,209.44,5030,186.30,53064,1965.33,17973,665.67,0,0.00,0,0.00
356,6,1186,197.67,1583,263.83,21654,3609.00,1100,183.33,0,0.00,0,0.00
357,9,1795,199.44,2197,244.11,9196,1021.78,998,110.89,0,0.00,0,0.00
358,20,5027,251.35,5026,251.30,15879,793.95,16,0.80,0,0.00,0,0.00
359,114,53613,470.29,53483,469.15,169088,1483.23,6523,57.22,514,4.51,0,0.00
360,34,11704,344.24,11309,332.62,81244,2389.53,13932,409.76,0,0.00,5,0.15
361,10,1779,177.90,1202,120.20,49222,4922.20,117281,11728.10,696,69.60,22,2.20
362,28,13165,470.18,12263,437.96,33451,1194.68,3484,124.43,0,0.00,0,0.00
363,13,4479,344.54,4393,337.92,14424,1109.54,33804,2600.31,0,0.00,0,0.00
364,273,64639,236.77,64034,234.56,242591,888.61,54906,201.12,508,1.86,6,0.02
365,10,1198,119.80,1103,110.30,23650,2365.00,4886,488.60,0,0.00,3,0.30
366,13,2637,202.85,2790,214.62,34370,2643.85,69241,5326.23,0,0.00,0,0.00
367,10,1879,187.90,1227,122.70,45917,4591.70,154266,15426.60,658,65.80,0,0.00
368,18,7147,397.06,6995,388.61,29112,1617.33,2344,130.22,0,0.00,0,0.00
369,15,4619,307.93,4241,282.73,21595,1439.67,23974,1598.27,326,21.73,1,0.07
370,5,1273,254.60,600,120.00,16930,3386.00,11626,2325.20,0,0.00,0,0.00
371,20,9334,466.70,9281,464.05,21785,1089.25,958,47.90,0,0.00,0,0.00
372,9,2033,225.89,1570,174.44,28753,3194.78,40588,4509.78,0,0.00,5,0.56
373,12,2483,206.92,1660,138.33,35975,2997.92,26184,2182.00,0,0.00,2,0.17
374,2,560,280.00,674,337.00,2112,1056.00,352,176.00,0,0.00,0,0.00
375,10,2184,218.40,1648,164.80,37819,3781.90,56464,5646.40,604,60.40,167,16.70
376,7,1970,281.43,1597,228.14,16861,2408.71,3500,500.00,0,0.00,0,0.00
377,13,2766,212.77,850,65.38,325467,25035.92,46571,3582.38,0,0.00,0,0.00
378,14,3245,231.79,1566,111.86,75505,5393.21,92140,6581.43,345,24.64,0,0.00
379,2,309,154.50,193,96.50,3982,1991.00,345,172.50,0,0.00,1,0.50
380,3,877,292.33,524,174.67,6736,2245.33,1495,498.33,0,0.00,0,0.00
381,6,1368,228.00,1237,206.17,22046,3674.33,12127,2021.17,0,0.00,0,0.00
382,12,2884,240.33,2807,233.92,18735,1561.25,773,64.42,0,0.00,0,0.00
383,1,94,94.00,94,94.00,2349,2349.00,114,114.00,0,0.00,0,0.00
384,14,1690,120.71,1614,115.29,35872,2562.29,3324,237.43,0,0.00,4,0.29
385,11,1692,153.82,1331,121.00,36721,3338.27,6759,614.45,0,0.00,0,0.00
386,4,801,200.25,725,181.25,6811,1702.75,342,85.50,0,0.00,0,0.00
387,3,258,86.00,264,88.00,2854,951.33,1,0.33,362,120.67,1,0.33
388,19,2667,140.37,1377,72.47,101009,5316.26,48922,2574.84,96,5.05,3,0.16
389,3,302,100.67,357,119.00,4803,1601.00,231,77.00,346,115.33,2,0.67
390,1,168,168.00,241,241.00,2367,2367.00,243,243.00,0,0.00,0,0.00
391,4,1209,302.25,728,182.00,18189,4547.25,68473,17118.25,191,47.75,5,1.25
392,1,736,736.00,392,392.00,1032,1032.00,0,0.00,0,0.00,0,0.00
393,18,4037,224.28,3613,200.72,25367,1409.28,2900,161.11,350,19.44,3,0.17
394,7,6401,914.43,2582,368.86,111404,15914.86,42540,6077.14,160,22.86,2,0.29
395,3,456,152.00,376,125.33,31795,10598.33,4881,1627.00,0,0.00,6,2.00
396,7,1790,255.71,1679,239.86,8051,1150.14,167,23.86,0,0.00,0,0.00
397,5,600,120.00,472,94.40,7625,1525.00,20835,4167.00,314,62.80,5,1.00
398,1,376,376.00,270,270.00,2670,2670.00,162,162.00,0,0.00,0,0.00
399,2,552,276.00,327,163.50,10866,5433.00,41301,20650.50,0,0.00,0,0.00
400,3,468,156.00,224,74.67,19184,6394.67,14286,4762.00,0,0.00,0,0.00
401,3,398,132.67,433,144.33,4611,1537.00,0,0.00,0,0.00,0,0.00
402,23,5080,220.87,3778,164.26,99693,4334.48,70182,3051.39,0,0.00,0,0.00
403,2,559,279.50,271,135.50,5357,2678.50,1933,966.50,0,0.00,0,0.00
404,2,698,349.00,684,342.00,7674,3837.00,3332,1666.00,0,0.00,0,0.00
405,5,1074,214.80,671,134.20,22548,4509.60,87045,17409.00,362,72.40,1,0.20
406,57,30150,528.95,6035,105.88,189083,3317.25,37657,660.65,0,0.00,0,0.00
407,7,1690,241.43,1226,175.14,11310,1615.71,3480,497.14,0,0.00,0,0.00
408,6,1713,285.50,1551,258.50,16613,2768.83,2246,374.33,0,0.00,0,0.00
409,27,15388,569.93,2924,108.30,120950,4479.63,15523,574.93,288,10.67,2,0.07
410,16,3559,222.44,2695,168.44,148799,9299.94,52065,3254.06,271,16.94,0,0.00
411,3,590,196.67,599,199.67,4263,1421.00,443,147.67,0,0.00,0,0.00
412,8,1426,178.25,1001,125.12,36062,4507.75,9086,1135.75,239,29.88,0,0.00
413,3,1361,453.67,848,282.67,8273,2757.67,1015,338.33,0,0.00,0,0.00
414,7,1301,185.86,1502,214.57,19342,2763.14,10133,1447.57,200,28.57,4,0.57
415,9,2549,283.22,2510,278.89,11618,1290.89,3530,392.22,0,0.00,0,0.00
416,3,576,192.00,472,157.33,18023,6007.67,20620,6873.33,764,254.67,0,0.00
417,3,393,131.00,199,66.33,13566,4522.00,8282,2760.67,0,0.00,0,0.00
418,17,2221,130.65,1246,73.29,147852,8697.18,196740,11572.94,1480,87.06,3,0.18
419,12,3847,320.58,2694,224.50,61598,5133.17,5006,417.17,0,0.00,0,0.00
420,6,2192,365.33,1639,273.17,30301,5050.17,8985,1497.50,56,9.33,24,4.00
421,3,244,81.33,131,43.67,34752,11584.00,40339,13446.33,323,107.67,55,18.33
422,4,1305,326.25,593,148.25,67514,16878.50,111159,27789.75,0,0.00,0,0.00
423,11,2013,183.00,1221,111.00,30093,2735.73,106472,9679.27,1087,98.82,20,1.82
424,3,654,218.00,721,240.33,5487,1829.00,116,38.67,0,0.00,0,0.00
425,2,91,45.50,368,184.00,8042,4021.00,1432,716.00,0,0.00,0,0.00
426,5,905,181.00,583,116.60,11352,2270.40,5995,1199.00,0,0.00,0,0.00
427,3,382,127.33,432,144.00,5286,1762.00,579,193.00,424,141.33,1,0.33
428,1,296,296.00,234,234.00,1218,1218.00,228,228.00,0,0.00,0,0.00
429,4,740,185.00,531,132.75,13940,3485.00,50093,12523.25,122,30.50,1,0.25
430,4,864,216.00,844,211.00,7756,1939.00,1044,261.00,213,53.25,5,1.25
431,6,1095,182.50,1044,174.00,8063,1343.83,949,158.17,0,0.00,0,0.00
432,12,1938,161.50,579,48.25,101070,8422.50,67222,5601.83,702,58.50,190,15.83
433,2,7,3.50,4,2.00,79,39.50,4,2.00,0,0.00,0,0.00
434,3,731,243.67,400,133.33,16998,5666.00,12891,4297.00,0,0.00,2,0.67
435,29,7452,256.97,5040,173.79,333293,11492.86,63384,2185.66,0,0.00,0,0.00
436,2,395,197.50,127,63.50,9479,4739.50,1787,893.50,0,0.00,0,0.00
438,1,139,139.00,140,140.00,1629,1629.00,10,10.00,0,0.00,0,0.00
439,22,287,13.05,229,10.41,13896,631.64,2292,104.18,315,14.32,65,2.95
440,6,1140,190.00,360,60.00,14100,2350.00,16380,2730.00,0,0.00,0,0.00
441,2,438,219.00,352,176.00,6524,3262.00,728,364.00,0,0.00,0,0.00
442,9,3312,368.00,3215,357.22,101858,11317.56,24650,2738.89,0,0.00,12,1.33
443,9,2326,258.44,2251,250.11,56929,6325.44,13254,1472.67,0,0.00,5,0.56
444,2,415,207.50,353,176.50,51980,25990.00,12213,6106.50,243,121.50,6,3.00
445,2,334,167.00,195,97.50,10336,5168.00,20386,10193.00,561,280.50,5,2.50
446,2,377,188.50,339,169.50,5604,2802.00,1034,517.00,0,0.00,0,0.00
447,1,0,0.00,1,1.00,166,166.00,0,0.00,282,282.00,1,1.00
448,5,765,153.00,490,98.00,62340,12468.00,12150,2430.00,248,49.60,6,1.20
449,6,1066,177.67,794,132.33,23394,3899.00,1548,258.00,406,67.67,1,0.17
450,4,1415,353.75,681,170.25,28856,7214.00,7955,1988.75,0,0.00,0,0.00
451,1,301,301.00,151,151.00,1800,1800.00,150,150.00,0,0.00,0,0.00
452,2,326,163.00,240,120.00,10194,5097.00,696,348.00,0,0.00,0,0.00
453,4,1082,270.50,558,139.50,16771,4192.75,5333,1333.25,0,0.00,0,0.00
454,16,3721,232.56,2723,170.19,92445,5777.81,58461,3653.81,405,25.31,7,0.44
455,6,691,115.17,670,111.67,19599,3266.50,1504,250.67,1320,220.00,15,2.50
456,4,614,153.50,596,149.00,12565,3141.25,1443,360.75,0,0.00,0,0.00
457,6,2410,401.67,2101,350.17,14033,2338.83,14514,2419.00,0,0.00,0,0.00
458,3,932,310.67,558,186.00,16628,5542.67,14026,4675.33,0,0.00,0,0.00
459,1,15,15.00,16,16.00,11630,11630.00,3290,3290.00,0,0.00,75,75.00
460,5,1510,302.00,1424,284.80,33662,6732.40,38745,7749.00,72,14.40,0,0.00
461,4,640,160.00,479,119.75,35786,8946.50,6788,1697.00,0,0.00,154,38.50
462,4,1219,304.75,946,236.50,16972,4243.00,12979,3244.75,68,17.00,0,0.00
463,6,2134,355.67,969,161.50,17250,2875.00,2890,481.67,0,0.00,0,0.00
464,8,1872,234.00,1740,217.50,92423,11552.88,40651,5081.38,213,26.62,327,40.88
465,2,118,59.00,61,30.50,1494,747.00,0,0.00,422,211.00,1,0.50
466,5,1364,272.80,472,94.40,14492,2898.40,16484,3296.80,0,0.00,0,0.00
467,3,818,272.67,414,138.00,11763,3921.00,6617,2205.67,0,0.00,0,0.00
468,3,560,186.67,537,179.00,5980,1993.33,235,78.33,0,0.00,0,0.00
469,5,2504,500.80,2362,472.40,9172,1834.40,3584,716.80,0,0.00,0,0.00
470,6,1332,222.00,392,65.33,43501,7250.17,6312,1052.00,288,48.00,1,0.17
471,11,2248,204.36,1124,102.18,109171,9924.64,70236,6385.09,192,17.45,109,9.91
473,3,1114,371.33,1059,353.00,2287,762.33,6,2.00,0,0.00,0,0.00
474,21,1721,81.95,321,15.29,588494,28023.52,171805,8181.19,1388,66.10,765,36.43
475,6,1769,294.83,662,110.33,86645,14440.83,15651,2608.50,0,0.00,90,15.00
476,1,264,264.00,167,167.00,2811,2811.00,898,898.00,0,0.00,0,0.00
477,6,1133,188.83,622,103.67,39882,6647.00,7397,1232.83,106,17.67,2,0.33
478,5,706,141.20,444,88.80,60857,12171.40,73433,14686.60,1313,262.60,22,4.40
479,3,424,141.33,645,215.00,12035,4011.67,860,286.67,0,0.00,0,0.00
480,5,1769,353.80,1205,241.00,23606,4721.20,1997,399.40,0,0.00,0,0.00
481,7,992,141.71,449,64.14,52658,7522.57,107612,15373.14,468,66.86,170,24.29
482,4,622,155.50,402,100.50,31075,7768.75,4253,1063.25,364,91.00,10,2.50
483,5,2713,542.60,1066,213.20,20670,4134.00,2351,470.20,0,0.00,2,0.40
484,3,822,274.00,682,227.33,8657,2885.67,1505,501.67,0,0.00,0,0.00
485,2,481,240.50,496,248.00,5647,2823.50,598,299.00,0,0.00,0,0.00
487,2,365,182.50,199,99.50,33077,16538.50,18073,9036.50,435,217.50,0,0.00
488,4,1478,369.50,1017,254.25,15468,3867.00,4801,1200.25,0,0.00,0,0.00
489,2,294,147.00,234,117.00,40449,20224.50,9685,4842.50,0,0.00,242,121.00
490,3,696,232.00,573,191.00,6723,2241.00,3865,1288.33,0,0.00,0,0.00
491,2,526,263.00,476,238.00,4947,2473.50,985,492.50,0,0.00,0,0.00
492,30,6434,214.47,3164,105.47,264309,8810.30,114818,3827.27,0,0.00,0,0.00
493,1,470,470.00,383,383.00,6546,6546.00,4152,4152.00,0,0.00,0,0.00
494,3,660,220.00,427,142.33,12326,4108.67,3310,1103.33,0,0.00,0,0.00
495,8,1453,181.62,747,93.38,41542,5192.75,24504,3063.00,0,0.00,0,0.00
497,1,282,282.00,442,442.00,532,532.00,17,17.00,0,0.00,0,0.00
498,5,1112,222.40,665,133.00,24152,4830.40,15012,3002.40,0,0.00,0,0.00
500,1,119,119.00,116,116.00,3487,3487.00,60,60.00,0,0.00,40,40.00
501,5,2405,481.00,2339,467.80,8206,1641.20,270,54.00,0,0.00,0,0.00
502,2,645,322.50,556,278.00,3647,1823.50,872,436.00,0,0.00,0,0.00
503,8,1553,194.12,849,106.12,24727,3090.88,3046,380.75,0,0.00,0,0.00
504,26,2087,80.27,2020,77.69,55084,2118.62,18815,723.65,0,0.00,0,0.00
505,5,291,58.20,101,20.20,34673,6934.60,42254,8450.80,522,104.40,0,0.00
506,8,1609,201.12,857,107.12,19135,2391.88,3760,470.00,0,0.00,0,0.00
507,3,47,15.67,85,28.33,5448,1816.00,181,60.33,0,0.00,0,0.00
508,1,231,231.00,155,155.00,3024,3024.00,1080,1080.00,0,0.00,0,0.00
509,6,1353,225.50,814,135.67,16068,2678.00,3171,528.50,56,9.33,24,4.00
510,2,372,186.00,256,128.00,12558,6279.00,10723,5361.50,194,97.00,0,0.00
511,3,387,129.00,49,16.33,48887,16295.67,92101,30700.33,321,107.00,0,0.00
512,3,158,52.67,58,19.33,51818,17272.67,15622,5207.33,972,324.00,0,0.00
513,15,3492,232.80,3371,224.73,36425,2428.33,19464,1297.60,470,31.33,1,0.07
514,7,974,139.14,450,64.29,71048,10149.71,81832,11690.29,252,36.00,95,13.57
515,1,223,223.00,149,149.00,3082,3082.00,1097,1097.00,0,0.00,0,0.00
516,1269,285707,225.14,269969,212.74,2473587,1949.24,26954,21.24,0,0.00,172,0.14
517,108,21098,195.35,19895,184.21,242044,2241.15,6691,61.95,0,0.00,0,0.00
518,4,1026,256.50,779,194.75,24559,6139.75,1788,447.00,0,0.00,0,0.00
519,577,109582,189.92,106999,185.44,1131913,1961.72,11199,19.41,0,0.00,2,0.00
520,40,7316,182.90,7583,189.57,87874,2196.85,528,13.20,0,0.00,0,0.00
521,6,1134,189.00,822,137.00,36469,6078.17,4281,713.50,0,0.00,105,17.50
522,26,6839,263.04,5198,199.92,55633,2139.73,8352,321.23,0,0.00,10,0.38
523,5,1256,251.20,917,183.40,9876,1975.20,345,69.00,0,0.00,0,0.00
524,1,221,221.00,171,171.00,9911,9911.00,803,803.00,0,0.00,2,2.00
525,113,24268,214.76,21820,193.10,239954,2123.49,4827,42.72,0,0.00,0,0.00
526,20,4672,233.60,5066,253.30,37852,1892.60,209,10.45,0,0.00,0,0.00
527,3,272,90.67,182,60.67,15369,5123.00,28394,9464.67,0,0.00,4,1.33
528,424,115311,271.96,116182,274.01,940442,2218.02,12097,28.53,636,1.50,11,0.03
529,76,27705,364.54,16284,214.26,164452,2163.84,16094,211.76,1014,13.34,0,0.00
530,9,3280,364.44,1674,186.00,82028,9114.22,164552,18283.56,128,14.22,0,0.00
531,36,11538,320.50,10849,301.36,118655,3295.97,39431,1095.31,0,0.00,0,0.00
532,21,7723,367.76,5390,256.67,49710,2367.14,3334,158.76,0,0.00,0,0.00
533,12,5796,483.00,3216,268.00,68947,5745.58,6621,551.75,0,0.00,0,0.00
534,25,8190,327.60,9151,366.04,78723,3148.92,2007,80.28,0,0.00,0,0.00
535,19,7151,376.37,4186,220.32,88728,4669.89,20576,1082.95,144,7.58,0,0.00
536,1,28,28.00,6,6.00,14645,14645.00,3117,3117.00,385,385.00,157,157.00
537,30,9253,308.43,9293,309.77,88521,2950.70,2394,79.80,63,2.10,0,0.00
538,8,2639,329.88,2278,284.75,21322,2665.25,531,66.38,0,0.00,0,0.00
539,3,733,244.33,579,193.00,10477,3492.33,771,257.00,0,0.00,0,0.00
540,9,3426,380.67,2244,249.33,93535,10392.78,192244,21360.44,0,0.00,0,0.00
541,12,2881,240.08,2770,230.83,66124,5510.33,8120,676.67,95,7.92,230,19.17
542,2,276,138.00,114,57.00,42956,21478.00,7398,3699.00,523,261.50,0,0.00
543,14,3760,268.57,2697,192.64,53395,3813.93,82469,5890.64,856,61.14,13,0.93
544,7,6907,986.71,2108,301.14,130756,18679.43,58889,8412.71,160,22.86,2,0.29
545,6,1366,227.67,1126,187.67,22911,3818.50,2699,449.83,0,0.00,0,0.00
546,22,460,20.91,721,32.77,43283,1967.41,1419,64.50,0,0.00,0,0.00
547,2,32,16.00,58,29.00,3926,1963.00,130,65.00,0,0.00,0,0.00
548,1,32,32.00,63,63.00,8005,8005.00,478,478.00,68,68.00,0,0.00
549,12,922,76.83,1077,89.75,44003,3666.92,7746,645.50,1259,104.92,206,17.17
550,543,4511,8.31,6395,11.78,3333763,6139.53,267279,492.23,19878,36.61,13525,24.91
551,6,635,105.83,546,91.00,29171,4861.83,2354,392.33,79,13.17,183,30.50
552,633,119896,189.41,118262,186.83,1337263,2112.58,13127,20.74,523,0.83,0,0.00
553,28,3857,137.75,3579,127.82,123169,4398.89,32273,1152.61,2001,71.46,550,19.64
554,5,854,170.80,786,157.20,31462,6292.40,17890,3578.00,460,92.00,50,10.00
555,70,12770,182.43,12476,178.23,154830,2211.86,11203,160.04,0,0.00,0,0.00
556,2,585,292.50,562,281.00,15191,7595.50,3168,1584.00,397,198.50,167,83.50
557,5,867,173.40,740,148.00,107755,21551.00,18286,3657.20,0,0.00,0,0.00
558,5,1089,217.80,665,133.00,17718,3543.60,1569,313.80,0,0.00,25,5.00
559,5,497,99.40,263,52.60,56215,11243.00,25038,5007.60,829,165.80,50,10.00
560,1,553,553.00,553,553.00,50,50.00,0,0.00,0,0.00,0,0.00
561,90,16937,188.19,16475,183.06,203974,2266.38,9218,102.42,1114,12.38,2,0.02
562,25,11654,466.16,10067,402.68,301931,12077.24,57408,2296.32,0,0.00,0,0.00
563,5,1145,229.00,1174,234.80,50728,10145.60,21198,4239.60,0,0.00,0,0.00
564,8,1263,157.88,1262,157.75,20492,2561.50,1263,157.88,0,0.00,0,0.00
565,5,1143,228.60,651,130.20,33658,6731.60,6687,1337.40,0,0.00,0,0.00
566,3,791,263.67,378,126.00,22123,7374.33,4590,1530.00,0,0.00,0,0.00
567,24,4578,190.75,4618,192.42,55144,2297.67,1081,45.04,0,0.00,25,1.04
568,2,376,188.00,128,64.00,18200,9100.00,54878,27439.00,370,185.00,0,0.00
569,2,494,247.00,226,113.00,26820,13410.00,1080,540.00,0,0.00,0,0.00
570,6,1586,264.33,764,127.33,31394,5232.33,15675,2612.50,0,0.00,0,0.00
571,1,275,275.00,146,146.00,3489,3489.00,1766,1766.00,0,0.00,0,0.00
572,4,208,52.00,24,6.00,343825,85956.25,48266,12066.50,223,55.75,200,50.00
573,3,593,197.67,454,151.33,11989,3996.33,2090,696.67,0,0.00,0,0.00
574,114,50252,440.81,49196,431.54,384334,3371.35,94786,831.46,0,0.00,0,0.00
575,11,5205,473.18,4877,443.36,31304,2845.82,688,62.55,0,0.00,0,0.00
576,3,523,174.33,431,143.67,9521,3173.67,2195,731.67,0,0.00,0,0.00
577,39,17584,450.87,17618,451.74,115361,2957.97,982,25.18,0,0.00,0,0.00
578,20,9073,453.65,9070,453.50,62463,3123.15,960,48.00,0,0.00,40,2.00
579,1,305,305.00,81,81.00,4363,4363.00,616,616.00,0,0.00,0,0.00
580,13,5114,393.38,4131,317.77,29779,2290.69,5220,401.54,0,0.00,0,0.00
581,2,338,169.00,458,229.00,23875,11937.50,4979,2489.50,0,0.00,135,67.50
582,2,368,184.00,402,201.00,5547,2773.50,408,204.00,0,0.00,0,0.00
583,10,3471,347.10,2864,286.40,62845,6284.50,31156,3115.60,0,0.00,0,0.00
584,6,2049,341.50,1382,230.33,41208,6868.00,6291,1048.50,0,0.00,0,0.00
585,6,1356,226.00,697,116.17,70916,11819.33,60591,10098.50,0,0.00,0,0.00
586,8,3299,412.38,3279,409.88,24650,3081.25,525,65.62,0,0.00,0,0.00
587,5,1181,236.20,1134,226.80,27553,5510.60,2431,486.20,0,0.00,12,2.40
588,1,132,132.00,176,176.00,4149,4149.00,295,295.00,0,0.00,0,0.00
589,6,2270,378.33,2088,348.00,18117,3019.50,3366,561.00,0,0.00,0,0.00
590,6,2014,335.67,1660,276.67,26221,4370.17,590,98.33,0,0.00,0,0.00
591,9,1155,128.33,1074,119.33,64124,7124.89,26837,2981.89,618,68.67,39,4.33
592,2,286,143.00,255,127.50,11460,5730.00,589,294.50,0,0.00,0,0.00
593,7,1539,219.86,838,119.71,63292,9041.71,5767,823.86,0,0.00,0,0.00
594,7,1870,267.14,1108,158.29,33521,4788.71,13219,1888.43,69,9.86,5,0.71
595,6,2601,433.50,2285,380.83,16814,2802.33,6953,1158.83,0,0.00,3,0.50
596,3,626,208.67,523,174.33,33038,11012.67,8006,2668.67,486,162.00,0,0.00
597,5,1521,304.20,1058,211.60,21760,4352.00,4426,885.20,0,0.00,0,0.00
598,2,502,251.00,373,186.50,10094,5047.00,241,120.50,0,0.00,0,0.00
599,3,873,291.00,786,262.00,35809,11936.33,8908,2969.33,288,96.00,1,0.33
600,5,1112,222.40,390,78.00,37127,7425.40,11815,2363.00,0,0.00,6,1.20
601,2,905,452.50,742,371.00,4544,2272.00,651,325.50,0,0.00,0,0.00
602,2,815,407.50,596,298.00,3758,1879.00,313,156.50,0,0.00,0,0.00
603,6,1557,259.50,794,132.33,25427,4237.83,5446,907.67,0,0.00,0,0.00
604,4,1316,329.00,1148,287.00,37900,9475.00,30523,7630.75,123,30.75,2,0.50
605,2,340,170.00,415,207.50,6676,3338.00,3756,1878.00,0,0.00,0,0.00
606,6,1679,279.83,1032,172.00,26235,4372.50,2377,396.17,0,0.00,0,0.00
607,1,600,600.00,600,600.00,50,50.00,0,0.00,0,0.00,0,0.00
608,1,241,241.00,272,272.00,2941,2941.00,123,123.00,0,0.00,0,0.00
610,2,879,439.50,879,439.50,1943,971.50,0,0.00,0,0.00,0,0.00
611,8,1799,224.88,978,122.25,93591,11698.88,5515,689.38,0,0.00,0,0.00
612,1,228,228.00,36,36.00,30912,30912.00,5532,5532.00,0,0.00,0,0.00
613,15,7730,515.33,4097,273.13,69387,4625.80,10817,721.13,0,0.00,0,0.00
614,3,734,244.67,758,252.67,21809,7269.67,2953,984.33,0,0.00,0,0.00
615,3,448,149.33,272,90.67,45825,15275.00,20256,6752.00,0,0.00,5,1.67
616,2,1115,557.50,405,202.50,19738,9869.00,4680,2340.00,0,0.00,0,0.00
617,2,259,129.50,201,100.50,21399,10699.50,8206,4103.00,0,0.00,2,1.00
618,3,824,274.67,550,183.33,26952,8984.00,5954,1984.67,0,0.00,0,0.00
619,1,205,205.00,201,201.00,3902,3902.00,54,54.00,0,0.00,0,0.00
620,1,238,238.00,144,144.00,9997,9997.00,752,752.00,0,0.00,0,0.00
621,5,112,22.40,55,11.00,84122,16824.40,17832,3566.40,817,163.40,624,124.80
622,1,212,212.00,202,202.00,3299,3299.00,180,180.00,0,0.00,0,0.00
623,1,588,588.00,353,353.00,11468,11468.00,3854,3854.00,0,0.00,0,0.00
624,64,45078,704.34,40657,635.27,87532,1367.69,25969,405.77,0,0.00,0,0.00
625,13,3271,251.62,4352,334.77,93992,7230.15,105277,8098.23,3061,235.46,55,4.23
626,6,1094,182.33,1956,326.00,14409,2401.50,1605,267.50,0,0.00,0,0.00
627,3,1531,510.33,2779,926.33,1925,641.67,0,0.00,0,0.00,0,0.00
628,2,451,225.50,366,183.00,5649,2824.50,256,128.00,0,0.00,24,12.00
629,3,671,223.67,482,160.67,21070,7023.33,7279,2426.33,0,0.00,0,0.00
630,2,866,433.00,758,379.00,5686,2843.00,647,323.50,0,0.00,0,0.00
631,3,515,171.67,351,117.00,21008,7002.67,39024,13008.00,611,203.67,11,3.67
632,1,594,594.00,359,359.00,11519,11519.00,3854,3854.00,0,0.00,0,0.00
633,4,1425,356.25,1201,300.25,19284,4821.00,772,193.00,0,0.00,0,0.00
634,1,207,207.00,49,49.00,7548,7548.00,2459,2459.00,0,0.00,0,0.00
635,1,269,269.00,259,259.00,4880,4880.00,20,20.00,0,0.00,0,0.00
636,7,880,125.71,160,22.86,79432,11347.43,216076,30868.00,1557,222.43,0,0.00
637,1,2221,2221.00,635,635.00,15882,15882.00,82061,82061.00,587,587.00,0,0.00
638,15,6148,409.87,5336,355.73,52258,3483.87,10092,672.80,0,0.00,0,0.00
639,1,233,233.00,173,173.00,2683,2683.00,7260,7260.00,0,0.00,0,0.00
640,1,591,591.00,500,500.00,3233,3233.00,370,370.00,0,0.00,0,0.00
641,7,2100,300.00,1845,263.57,67938,9705.43,40474,5782.00,1145,163.57,10,1.43
642,1,642,642.00,642,642.00,0,0.00,0,0.00,0,0.00,0,0.00
643,1,555,555.00,199,199.00,4554,4554.00,118,118.00,0,0.00,0,0.00
644,1,210,210.00,131,131.00,2904,2904.00,156,156.00,0,0.00,0,0.00
645,4,2207,551.75,2192,548.00,4974,1243.50,238,59.50,0,0.00,0,0.00
646,1,383,383.00,198,198.00,3221,3221.00,432,432.00,0,0.00,0,0.00
647,2,586,293.00,122,61.00,7374,3687.00,4176,2088.00,0,0.00,0,0.00
648,2,666,333.00,524,262.00,6934,3467.00,929,464.50,0,0.00,0,0.00
649,1,370,370.00,113,113.00,5440,5440.00,700,700.00,0,0.00,0,0.00
651,3,1692,564.00,1518,506.00,5208,1736.00,383,127.67,0,0.00,0,0.00
652,2,268,134.00,257,128.50,14964,7482.00,1043,521.50,0,0.00,0,0.00
653,9,3662,406.89,991,110.11,93115,10346.11,148959,16551.00,0,0.00,2,0.22
654,1,710,710.00,170,170.00,7452,7452.00,5616,5616.00,0,0.00,0,0.00
655,5,820,164.00,275,55.00,79418,15883.60,260924,52184.80,1466,293.20,0,0.00
656,2,524,262.00,527,263.50,8515,4257.50,1124,562.00,0,0.00,0,0.00
657,15,6621,441.40,5310,354.00,50491,3366.07,4605,307.00,0,0.00,0,0.00
658,2,313,156.50,279,139.50,23588,11794.00,1771,885.50,0,0.00,0,0.00
660,8,2596,324.50,1920,240.00,59745,7468.12,5232,654.00,0,0.00,12,1.50
661,2,109,54.50,116,58.00,15745,7872.50,852,426.00,0,0.00,0,0.00
663,7,2421,345.86,1920,274.29,63855,9122.14,7794,1113.43,0,0.00,0,0.00
665,1,269,269.00,223,223.00,3014,3014.00,62,62.00,0,0.00,0,0.00
666,1,444,444.00,441,441.00,3759,3759.00,3,3.00,0,0.00,0,0.00
667,1,442,442.00,442,442.00,3756,3756.00,0,0.00,0,0.00,0,0.00
669,6,1648,274.67,1271,211.83,47175,7862.50,22166,3694.33,266,44.33,0,0.00
671,1,823,823.00,761,761.00,1064,1064.00,28,28.00,0,0.00,0,0.00
672,2,577,288.50,275,137.50,17623,8811.50,31634,15817.00,0,0.00,0,0.00
674,2,280,140.00,256,128.00,13952,6976.00,0,0.00,0,0.00,0,0.00
675,4,951,237.75,852,213.00,23950,5987.50,9399,2349.75,0,0.00,0,0.00
676,2,777,388.50,347,173.50,14983,7491.50,19539,9769.50,0,0.00,0,0.00
678,1,444,444.00,225,225.00,2712,2712.00,219,219.00,0,0.00,0,0.00
681,2,463,231.50,215,107.50,18947,9473.50,13799,6899.50,1142,571.00,0,0.00
682,2,445,222.50,375,187.50,11092,5546.00,1320,660.00,0,0.00,0,0.00
683,1,392,392.00,366,366.00,12768,12768.00,4248,4248.00,0,0.00,0,0.00
684,2,187,93.50,36,18.00,31936,15968.00,17432,8716.00,376,188.00,2,1.00
686,1,177,177.00,59,59.00,16354,16354.00,56731,56731.00,57,57.00,0,0.00
687,2,514,257.00,454,227.00,10490,5245.00,876,438.00,106,53.00,2,1.00
688,13,5676,436.62,7224,555.69,14792,1137.85,0,0.00,0,0.00,0,0.00
689,7,2780,397.14,2490,355.71,33788,4826.86,1258,179.71,0,0.00,26,3.71
690,245,98368,401.50,57444,234.47,667660,2725.14,43401,177.15,0,0.00,61,0.25
691,28,11262,402.21,7322,261.50,70734,2526.21,16722,597.21,0,0.00,0,0.00
692,2,1086,543.00,1086,543.00,4108,2054.00,423,211.50,0,0.00,0,0.00
693,28,11104,396.57,6468,231.00,75908,2711.00,4647,165.96,0,0.00,0,0.00
694,10,2542,254.20,1445,144.50,44397,4439.70,15421,1542.10,668,66.80,0,0.00
695,1,26,26.00,15,15.00,22656,22656.00,5002,5002.00,377,377.00,195,195.00
696,5,2168,433.60,1922,384.40,13866,2773.20,1478,295.60,0,0.00,0,0.00
697,4,1853,463.25,2181,545.25,3726,931.50,1692,423.00,0,0.00,0,0.00
698,4,1798,449.50,1652,413.00,8947,2236.75,9745,2436.25,683,170.75,5,1.25
699,4,1812,453.00,1287,321.75,9676,2419.00,440,110.00,0,0.00,3,0.75
700,272,109610,402.98,62952,231.44,774260,2846.54,68463,251.70,78,0.29,0,0.00
701,2,988,494.00,803,401.50,7949,3974.50,1603,801.50,0,0.00,0,0.00
702,2,681,340.50,495,247.50,7186,3593.00,624,312.00,0,0.00,0,0.00
703,3,876,292.00,844,281.33,9444,3148.00,116,38.67,0,0.00,0,0.00
704,6,2126,354.33,1178,196.33,47297,7882.83,19814,3302.33,0,0.00,0,0.00
705,5,2807,561.40,2361,472.20,8916,1783.20,555,111.00,0,0.00,0,0.00
706,2,518,259.00,312,156.00,18421,9210.50,2252,1126.00,188,94.00,6,3.00
707,1,357,357.00,120,120.00,11586,11586.00,2748,2748.00,0,0.00,0,0.00
708,3,1699,566.33,1099,366.33,17745,5915.00,6818,2272.67,57,19.00,1,0.33
709,1,411,411.00,231,231.00,2817,2817.00,308,308.00,0,0.00,0,0.00
710,1,63,63.00,95,95.00,6095,6095.00,990,990.00,0,0.00,0,0.00
711,2,886,443.00,713,356.50,12740,6370.00,217,108.50,0,0.00,0,0.00
712,2,747,373.50,752,376.00,5991,2995.50,405,202.50,0,0.00,12,6.00
713,2,1285,642.50,807,403.50,17035,8517.50,540,270.00,0,0.00,0,0.00
714,1,66,66.00,65,65.00,5722,5722.00,16,16.00,0,0.00,0,0.00
715,3,546,182.00,208,69.33,41392,13797.33,1781,593.67,0,0.00,13,4.33
716,1,360,360.00,123,123.00,11619,11619.00,2748,2748.00,0,0.00,0,0.00
717,6,1914,319.00,1292,215.33,148891,24815.17,154489,25748.17,503,83.83,338,56.33
718,3,989,329.67,899,299.67,30909,10303.00,2155,718.33,0,0.00,18,6.00
719,2,838,419.00,466,233.00,10196,5098.00,924,462.00,0,0.00,0,0.00
720,4,906,226.50,490,122.50,27844,6961.00,4820,1205.00,0,0.00,0,0.00
721,2,482,241.00,6,3.00,16922,8461.00,110950,55475.00,594,297.00,0,0.00
724,1,356,356.00,184,184.00,3400,3400.00,0,0.00,0,0.00,0,0.00
725,1,267,267.00,205,205.00,6084,6084.00,677,677.00,0,0.00,0,0.00
726,2,680,340.00,455,227.50,14569,7284.50,2935,1467.50,0,0.00,0,0.00
727,1,13,13.00,714,714.00,182,182.00,0,0.00,0,0.00,0,0.00
728,1,415,415.00,268,268.00,2806,2806.00,172,172.00,0,0.00,0,0.00
729,5,2309,461.80,2101,420.20,19267,3853.40,1188,237.60,0,0.00,0,0.00
730,2,869,434.50,541,270.50,11900,5950.00,3364,1682.00,0,0.00,0,0.00
731,1,175,175.00,62,62.00,26002,26002.00,4947,4947.00,70,70.00,0,0.00
732,2,888,444.00,514,257.00,6868,3434.00,836,418.00,0,0.00,0,0.00
733,2,469,234.50,297,148.50,9123,4561.50,575,287.50,0,0.00,13,6.50
735,3,976,325.33,786,262.00,9423,3141.00,547,182.33,0,0.00,0,0.00
736,1,206,206.00,206,206.00,8456,8456.00,351,351.00,0,0.00,52,52.00
737,17,7188,422.82,4469,262.88,62355,3667.94,7702,453.06,0,0.00,0,0.00
738,3,1350,450.00,834,278.00,8106,2702.00,516,172.00,0,0.00,0,0.00
739,2,1433,716.50,1480,740.00,17,8.50,0,0.00,0,0.00,0,0.00
740,3,1359,453.00,843,281.00,8106,2702.00,516,172.00,0,0.00,0,0.00
741,3,968,322.67,688,229.33,23255,7751.67,1648,549.33,0,0.00,0,0.00
742,2,692,346.00,392,196.00,14302,7151.00,6906,3453.00,0,0.00,0,0.00
743,2,1836,918.00,644,322.00,22126,11063.00,5954,2977.00,0,0.00,0,0.00
745,2,739,369.50,615,307.50,10613,5306.50,29,14.50,0,0.00,0,0.00
746,2,904,452.00,560,280.00,5470,2735.00,344,172.00,0,0.00,0,0.00
747,3,1551,517.00,1395,465.00,19049,6349.67,8446,2815.33,0,0.00,0,0.00
748,1,741,741.00,741,741.00,50,50.00,0,0.00,0,0.00,0,0.00
749,2,714,357.00,613,306.50,11850,5925.00,979,489.50,0,0.00,0,0.00
751,3,1207,402.33,705,235.00,9892,3297.33,7997,2665.67,0,0.00,0,0.00
752,2,454,227.00,456,228.00,11339,5669.50,0,0.00,0,0.00,0,0.00
753,1,120,120.00,29,29.00,23216,23216.00,49571,49571.00,0,0.00,0,0.00
754,11,5129,466.27,3372,306.55,58068,5278.91,24633,2239.36,210,19.09,0,0.00
756,1,372,372.00,260,260.00,5121,5121.00,944,944.00,0,0.00,0,0.00
757,3,1460,486.67,880,293.33,8827,2942.33,6380,2126.67,0,0.00,0,0.00
758,2,236,118.00,28,14.00,36031,18015.50,83366,41683.00,389,194.50,0,0.00
759,2,677,338.50,329,164.50,17913,8956.50,9699,4849.50,0,0.00,0,0.00
760,1,762,762.00,762,762.00,17,17.00,0,0.00,0,0.00,0,0.00
761,1,272,272.00,92,92.00,12114,12114.00,1408,1408.00,0,0.00,8,8.00
762,1,259,259.00,220,220.00,14011,14011.00,906,906.00,0,0.00,0,0.00
763,2,1053,526.50,818,409.00,4477,2238.50,3193,1596.50,0,0.00,0,0.00
764,1,295,295.00,243,243.00,4903,4903.00,501,501.00,0,0.00,0,0.00
765,1,261,261.00,128,128.00,2568,2568.00,148,148.00,0,0.00,2,2.00
766,2,66,33.00,36,18.00,21218,10609.00,8465,4232.50,1297,648.50,226,113.00
767,3,926,308.67,212,70.67,38853,12951.00,56022,18674.00,1506,502.00,22,7.33
768,3,135,45.00,48,16.00,131304,43768.00,29700,9900.00,0,0.00,15,5.00
769,12,528,44.00,48,4.00,127589,10632.42,122844,10237.00,2753,229.42,60,5.00
772,1,302,302.00,162,162.00,8099,8099.00,1029,1029.00,0,0.00,0,0.00
773,3,1784,594.67,321,107.00,34211,11403.67,7397,2465.67,0,0.00,0,0.00
774,2,927,463.50,218,109.00,21742,10871.00,4665,2332.50,0,0.00,0,0.00
776,3,954,318.00,440,146.67,42391,14130.33,49599,16533.00,760,253.33,0,0.00
777,3,1359,453.00,717,239.00,29670,9890.00,3126,1042.00,0,0.00,0,0.00
778,1,662,662.00,662,662.00,638,638.00,0,0.00,0,0.00,0,0.00
779,1,0,0.00,1,1.00,468,468.00,0,0.00,0,0.00,1,1.00
780,2,78,39.00,26,13.00,23946,11973.00,4732,2366.00,0,0.00,0,0.00
782,1,357,357.00,172,172.00,10524,10524.00,2295,2295.00,0,0.00,0,0.00
783,5,3553,710.60,1902,380.40,35062,7012.40,7585,1517.00,0,0.00,0,0.00
785,5,1784,356.80,765,153.00,48132,9626.40,17801,3560.20,581,116.20,209,41.80
786,3,2262,754.00,2356,785.33,34,11.33,0,0.00,0,0.00,0,0.00
788,3,1026,342.00,321,107.00,12681,4227.00,7755,2585.00,0,0.00,0,0.00
789,1,45,45.00,4,4.00,7061,7061.00,10970,10970.00,764,764.00,5,5.00
791,1,343,343.00,108,108.00,4238,4238.00,2585,2585.00,0,0.00,0,0.00
792,2,911,455.50,814,407.00,38084,19042.00,34920,17460.00,685,342.50,0,0.00
793,1,115,115.00,1,1.00,19073,19073.00,65249,65249.00,0,0.00,0,0.00
794,3,795,265.00,533,177.67,25962,8654.00,1708,569.33,0,0.00,0,0.00
795,4,1278,319.50,1092,273.00,18854,4713.50,12736,3184.00,0,0.00,18,4.50
798,3,1605,535.00,1370,456.67,6221,2073.67,2585,861.67,0,0.00,0,0.00
799,11,3961,360.09,2556,232.36,159421,14492.82,146514,13319.45,343,31.18,12,1.09
801,2,304,152.00,304,152.00,6148,3074.00,0,0.00,0,0.00,0,0.00
802,2,1016,508.00,828,414.00,14185,7092.50,1316,658.00,0,0.00,0,0.00
803,2,856,428.00,756,378.00,30648,15324.00,12144,6072.00,0,0.00,0,0.00
804,1,429,429.00,379,379.00,15324,15324.00,6072,6072.00,0,0.00,0,0.00
805,1,36,36.00,14,14.00,21832,21832.00,6466,6466.00,593,593.00,219,219.00
808,2,947,473.50,970,485.00,4992,2496.00,171,85.50,0,0.00,0,0.00
809,1,247,247.00,113,113.00,14826,14826.00,540,540.00,0,0.00,0,0.00
810,2,720,360.00,180,90.00,12240,6120.00,6480,3240.00,0,0.00,0,0.00
811,2,1552,776.00,894,447.00,31772,15886.00,16638,8319.00,0,0.00,0,0.00
812,7,6032,861.71,6496,928.00,0,0.00,0,0.00,0,0.00,0,0.00
813,8,1224,153.00,475,59.38,132830,16603.75,253450,31681.25,2535,316.88,18,2.25
814,1,115,115.00,20,20.00,44430,44430.00,11069,11069.00,298,298.00,11,11.00
815,3,1874,624.67,1905,635.00,12099,4033.00,923,307.67,0,0.00,0,0.00
819,1,703,703.00,473,473.00,4898,4898.00,460,460.00,0,0.00,0,0.00
822,1,542,542.00,508,508.00,5556,5556.00,224,224.00,0,0.00,0,0.00
824,1,439,439.00,131,131.00,14319,14319.00,4248,4248.00,0,0.00,0,0.00
826,2,548,274.00,454,227.00,14768,7384.00,1816,908.00,0,0.00,0,0.00
828,1,497,497.00,308,308.00,10235,10235.00,3478,3478.00,0,0.00,0,0.00
829,1,36,36.00,38,38.00,14808,14808.00,2628,2628.00,0,0.00,0,0.00
830,1,37,37.00,16,16.00,18243,18243.00,7941,7941.00,0,0.00,4,4.00
831,1,327,327.00,179,179.00,3881,3881.00,14554,14554.00,0,0.00,0,0.00
832,3,2005,668.33,665,221.67,113892,37964.00,250710,83570.00,691,230.33,0,0.00
833,8,5506,688.25,5493,686.62,10157,1269.62,10034,1254.25,0,0.00,0,0.00
834,3,1048,349.33,372,124.00,38560,12853.33,11053,3684.33,0,0.00,0,0.00
836,2,1145,572.50,952,476.00,15497,7748.50,5414,2707.00,0,0.00,0,0.00
840,2,20,10.00,20,10.00,12620,6310.00,1000,500.00,0,0.00,40,20.00
841,3,408,136.00,264,88.00,43057,14352.33,11770,3923.33,454,151.33,285,95.00
842,2,982,491.00,1068,534.00,12911,6455.50,802,401.00,258,129.00,6,3.00
844,1,11,11.00,11,11.00,6323,6323.00,500,500.00,0,0.00,20,20.00
845,4,1225,306.25,1108,277.00,26071,6517.75,1085,271.25,0,0.00,20,5.00
848,1,391,391.00,209,209.00,8223,8223.00,399,399.00,0,0.00,18,18.00
850,2,344,172.00,344,172.00,7124,3562.00,334,167.00,0,0.00,0,0.00
851,1,851,851.00,851,851.00,0,0.00,0,0.00,0,0.00,0,0.00
852,2,215,107.50,35,17.50,24659,12329.50,2504,1252.00,0,0.00,32,16.00
853,2,456,228.00,467,233.50,9567,4783.50,334,167.00,0,0.00,0,0.00
855,3,701,233.67,430,143.33,15444,5148.00,2376,792.00,0,0.00,31,10.33
857,1,220,220.00,222,222.00,10688,10688.00,900,900.00,0,0.00,256,256.00
858,1,17,17.00,18,18.00,6408,6408.00,530,530.00,0,0.00,20,20.00
859,1,223,223.00,248,248.00,4058,4058.00,456,456.00,0,0.00,0,0.00
860,81,25917,319.96,29384,362.77,441141,5446.19,22515,277.96,0,0.00,1,0.01
861,9,2293,254.78,3882,431.33,57561,6395.67,2023,224.78,0,0.00,0,0.00
862,2,699,349.50,757,378.50,9320,4660.00,280,140.00,0,0.00,0,0.00
863,18,6094,338.56,7121,395.61,93826,5212.56,2408,133.78,0,0.00,0,0.00
864,7,983,140.43,2703,386.14,51863,7409.00,0,0.00,0,0.00,0,0.00
865,1,346,346.00,346,346.00,4856,4856.00,860,860.00,0,0.00,0,0.00
866,1,173,173.00,517,517.00,6031,6031.00,0,0.00,0,0.00,0,0.00
867,12,3973,331.08,2188,182.33,181058,15088.17,89321,7443.42,166,13.83,0,0.00
868,2,455,227.50,433,216.50,21972,10986.00,864,432.00,0,0.00,0,0.00
869,10,3642,364.20,4158,415.80,59326,5932.60,860,86.00,0,0.00,0,0.00
870,7,3130,447.14,1892,270.29,46393,6627.57,20150,2878.57,0,0.00,0,0.00
871,1,407,407.00,410,410.00,4648,4648.00,0,0.00,0,0.00,0,0.00
872,3,425,141.67,1113,371.00,23045,7681.67,0,0.00,0,0.00,0,0.00
873,29,8483,292.52,4739,163.41,147028,5069.93,78764,2716.00,0,0.00,0,0.00
874,1,200,200.00,200,200.00,4644,4644.00,0,0.00,0,0.00,0,0.00
875,6,1624,270.67,1791,298.50,38595,6432.50,821,136.83,0,0.00,0,0.00
876,6,2736,456.00,1492,248.67,46240,7706.67,9204,1534.00,0,0.00,0,0.00
877,2,1057,528.50,1222,611.00,6122,3061.00,105,52.50,0,0.00,0,0.00
878,1,694,694.00,350,350.00,5226,5226.00,1548,1548.00,0,0.00,0,0.00
879,7,2473,353.29,979,139.86,37430,5347.14,20300,2900.00,0,0.00,0,0.00
882,1,389,389.00,107,107.00,4838,4838.00,3666,3666.00,0,0.00,0,0.00
883,1,183,183.00,345,345.00,6161,6161.00,210,210.00,0,0.00,0,0.00
884,2,805,402.50,776,388.00,16716,8358.00,2850,1425.00,0,0.00,0,0.00
885,8,2805,350.62,826,103.25,44863,5607.88,25684,3210.50,0,0.00,0,0.00
887,3,914,304.67,352,117.33,16854,5618.00,74456,24818.67,1710,570.00,0,0.00
889,1,134,134.00,32,32.00,52349,52349.00,27532,27532.00,0,0.00,0,0.00
890,2,1135,567.50,436,218.00,13239,6619.50,8099,4049.50,0,0.00,0,0.00
892,5,2230,446.00,2102,420.40,23776,4755.20,10026,2005.20,0,0.00,0,0.00
893,1,359,359.00,347,347.00,5005,5005.00,968,968.00,0,0.00,0,0.00
896,1,592,592.00,356,356.00,8872,8872.00,0,0.00,0,0.00,0,0.00
897,1,360,360.00,179,179.00,4310,4310.00,21781,21781.00,0,0.00,0,0.00
900,1,432,432.00,60,60.00,71460,71460.00,14580,14580.00,0,0.00,0,0.00
901,2,1344,672.00,693,346.50,26738,13369.00,8325,4162.50,0,0.00,0,0.00
902,2,1310,655.00,1084,542.00,8508,4254.00,299,149.50,0,0.00,0,0.00
903,4,1702,425.50,935,233.75,47649,11912.25,173615,43403.75,1728,432.00,10,2.50
905,3,2610,870.00,1482,494.00,54285,18095.00,33558,11186.00,0,0.00,0,0.00
906,6,1404,234.00,889,148.17,108554,18092.33,14787,2464.50,781,130.17,0,0.00
907,1,536,536.00,476,476.00,3930,3930.00,236,236.00,0,0.00,0,0.00
909,17,4462,262.47,3319,195.24,194912,11465.41,30873,1816.06,0,0.00,13,0.76
911,1,383,383.00,370,370.00,7088,7088.00,26,26.00,0,0.00,0,0.00
919,2,566,283.00,406,203.00,28268,14134.00,6768,3384.00,723,361.50,145,72.50
920,1,278,278.00,141,141.00,16193,16193.00,52257,52257.00,0,0.00,0,0.00
922,1,302,302.00,232,232.00,9689,9689.00,5955,5955.00,0,0.00,0,0.00
923,2,685,342.50,416,208.00,37653,18826.50,10391,5195.50,0,0.00,13,6.50
924,2,930,465.00,782,391.00,35760,17880.00,16440,8220.00,0,0.00,0,0.00
925,4,2308,577.00,1019,254.75,36902,9225.50,78161,19540.25,0,0.00,0,0.00
926,4,3432,858.00,3897,974.25,40718,10179.50,3097,774.25,0,0.00,0,0.00
927,3,4328,1442.67,4374,1458.00,1268,422.67,189,63.00,0,0.00,0,0.00
928,12,7017,584.75,5716,476.33,38545,3212.08,2191,182.58,0,0.00,0,0.00
929,1,984,984.00,1212,1212.00,12296,12296.00,928,928.00,0,0.00,0,0.00
930,2,1776,888.00,1870,935.00,34,17.00,0,0.00,0,0.00,0,0.00
931,1,314,314.00,110,110.00,14156,14156.00,12744,12744.00,868,868.00,0,0.00
932,1,440,440.00,510,510.00,4816,4816.00,860,860.00,0,0.00,0,0.00
933,6,1302,217.00,666,111.00,114084,19014.00,371430,61905.00,1359,226.50,0,0.00
934,1,946,946.00,946,946.00,0,0.00,0,0.00,0,0.00,0,0.00
935,5,2609,521.80,2785,557.00,33241,6648.20,4472,894.40,0,0.00,0,0.00
936,7493,3297419,440.07,2963777,395.54,28284740,3774.82,678534,90.56,0,0.00,7810,1.04
937,173,90247,521.66,74941,433.18,689832,3987.47,33384,192.97,0,0.00,0,0.00
938,8,2633,329.12,3818,477.25,102107,12763.38,15630,1953.75,0,0.00,5,0.62
939,188,122053,649.22,99504,529.28,821082,4367.46,54778,291.37,0,0.00,2184,11.62
940,28,14958,534.21,15886,567.36,143881,5138.61,2841,101.46,0,0.00,188,6.71
941,36,23981,666.14,20632,573.11,212690,5908.06,12079,335.53,383,10.64,155,4.31
942,2,627,313.50,626,313.00,6943,3471.50,4,2.00,0,0.00,0,0.00
943,21,15061,717.19,10619,505.67,93187,4437.48,8534,406.38,0,0.00,0,0.00
944,1,938,938.00,624,624.00,4992,4992.00,624,624.00,0,0.00,0,0.00
945,7,2894,413.43,1241,177.29,134680,19240.00,79075,11296.43,0,0.00,225,32.14
946,2,1242,621.00,1231,615.50,5899,2949.50,886,443.00,0,0.00,0,0.00
947,17,5344,314.35,10046,590.94,74640,4390.59,207,12.18,0,0.00,0,0.00
948,1,307,307.00,424,424.00,6726,6726.00,1,1.00,0,0.00,112,112.00
949,3,954,318.00,939,313.00,10524,3508.00,165,55.00,0,0.00,0,0.00
951,1,319,319.00,313,313.00,3521,3521.00,78,78.00,0,0.00,0,0.00
952,3,1150,383.33,998,332.67,27536,9178.67,13956,4652.00,0,0.00,0,0.00
953,4,1011,252.75,1955,488.75,27570,6892.50,558,139.50,0,0.00,3,0.75
955,1,119,119.00,93,93.00,11585,11585.00,53,53.00,0,0.00,0,0.00
957,4,950,237.50,977,244.25,36411,9102.75,2141,535.25,0,0.00,0,0.00
959,2,944,472.00,626,313.00,7568,3784.00,122,61.00,0,0.00,0,0.00
961,3,1351,450.33,884,294.67,37109,12369.67,75289,25096.33,0,0.00,0,0.00
963,5,2241,448.20,1880,376.00,19941,3988.20,1869,373.80,0,0.00,0,0.00
964,1,385,385.00,119,119.00,18282,18282.00,7521,7521.00,0,0.00,0,0.00
965,2,724,362.00,366,183.00,14928,7464.00,1881,940.50,0,0.00,0,0.00
966,1,359,359.00,241,241.00,7923,7923.00,1309,1309.00,0,0.00,0,0.00
967,3,935,311.67,790,263.33,41118,13706.00,11810,3936.67,0,0.00,0,0.00
973,3,453,151.00,204,68.00,54532,18177.33,76141,25380.33,1000,333.33,0,0.00
975,2,274,137.00,72,36.00,164745,82372.50,19672,9836.00,1800,900.00,0,0.00
977,1,334,334.00,334,334.00,4170,4170.00,0,0.00,0,0.00,0,0.00
978,3,2649,883.00,1446,482.00,91462,30487.33,15795,5265.00,0,0.00,0,0.00
979,2,881,440.50,223,111.50,10898,5449.00,9870,4935.00,0,0.00,0,0.00
981,9,9827,1091.89,6227,691.89,63250,7027.78,0,0.00,0,0.00,0,0.00
982,1,966,966.00,498,498.00,22129,22129.00,72800,72800.00,0,0.00,0,0.00
984,10,9974,997.40,6314,631.40,68423,6842.30,417,41.70,879,87.90,0,0.00
986,4,2378,594.50,1160,290.00,17748,4437.00,18270,4567.50,0,0.00,0,0.00
987,1,149,149.00,142,142.00,10501,10501.00,949,949.00,0,0.00,13,13.00
988,1,376,376.00,236,236.00,4512,4512.00,564,564.00,0,0.00,0,0.00
989,2,937,468.50,125,62.50,11832,5916.00,12180,6090.00,0,0.00,0,0.00
990,5,1558,311.60,1021,204.20,64622,12924.40,12678,2535.60,773,154.60,269,53.80
993,3,3309,1103.00,2109,703.00,21240,7080.00,0,0.00,0,0.00,0,0.00
996,1,574,574.00,329,329.00,9434,9434.00,10,10.00,0,0.00,1,1.00
999,1,964,964.00,541,541.00,20304,20304.00,14476,14476.00,0,0.00,0,0.00
1000,3,1142,380.67,400,133.33,59002,19667.33,22265,7421.67,0,0.00,0,0.00
1003,2,1992,996.00,696,348.00,33202,16601.00,13156,6578.00,0,0.00,0,0.00
1005,1,250,250.00,371,371.00,7043,7043.00,138,138.00,0,0.00,0,0.00
1006,2,1385,692.50,483,241.50,36496,18248.00,15483,7741.50,0,0.00,0,0.00
1008,1,12,12.00,12,12.00,7572,7572.00,600,600.00,0,0.00,24,24.00
1011,1,361,361.00,141,141.00,18797,18797.00,4350,4350.00,0,0.00,0,0.00
1012,1,329,329.00,241,241.00,11606,11606.00,9267,9267.00,0,0.00,0,0.00
1013,1,604,604.00,131,131.00,16265,16265.00,5249,5249.00,0,0.00,0,0.00
1014,1,92,92.00,87,87.00,12186,12186.00,34,34.00,0,0.00,0,0.00
1017,2,1926,963.00,1108,554.00,39346,19673.00,20538,10269.00,0,0.00,0,0.00
1018,1,902,902.00,902,902.00,638,638.00,0,0.00,0,0.00,0,0.00
1021,2,806,403.00,263,131.50,53455,26727.50,17020,8510.00,114,57.00,0,0.00
1022,4,2004,501.00,904,226.00,24984,6246.00,4200,1050.00,0,0.00,0,0.00
1024,2,1192,596.00,1175,587.50,19331,9665.50,3075,1537.50,0,0.00,0,0.00
1025,2,1001,500.50,1037,518.50,63675,31837.50,7089,3544.50,0,0.00,18,9.00
1027,2,790,395.00,270,135.00,40012,20006.00,17870,8935.00,0,0.00,0,0.00
1028,1,1016,1016.00,522,522.00,23335,23335.00,81289,81289.00,0,0.00,0,0.00
1030,2,982,491.00,640,320.00,38680,19340.00,9240,4620.00,876,438.00,250,125.00
1032,7,6536,933.71,6536,933.71,7224,1032.00,1376,196.57,0,0.00,0,0.00
1033,2,1609,804.50,1609,804.50,2530,1265.00,0,0.00,0,0.00,0,0.00
1035,2,2068,1034.00,2068,1034.00,11,5.50,0,0.00,0,0.00,0,0.00
1036,1,330,330.00,313,313.00,8389,8389.00,639,639.00,0,0.00,0,0.00
1038,1,406,406.00,154,154.00,14243,14243.00,3365,3365.00,0,0.00,0,0.00
1039,3,1722,574.00,1187,395.67,40842,13614.00,18029,6009.67,0,0.00,0,0.00
1041,3,2761,920.33,3105,1035.00,99,33.00,0,0.00,0,0.00,0,0.00
1043,1,62,62.00,65,65.00,22428,22428.00,11292,11292.00,443,443.00,10,10.00
1046,1,158,158.00,32,32.00,54415,54415.00,32713,32713.00,944,944.00,0,0.00
1047,1,37,37.00,32,32.00,35254,35254.00,10177,10177.00,663,663.00,215,215.00
1050,1,548,548.00,70,70.00,6288,6288.00,29878,29878.00,0,0.00,0,0.00
1052,1,388,388.00,66,66.00,25837,25837.00,14007,14007.00,0,0.00,0,0.00
1054,1,379,379.00,229,229.00,20850,20850.00,1350,1350.00,0,0.00,0,0.00
1056,1,279,279.00,238,238.00,8181,8181.00,47,47.00,0,0.00,0,0.00
1057,1,553,553.00,381,381.00,7224,7224.00,1376,1376.00,0,0.00,0,0.00
1058,1,696,696.00,524,524.00,4964,4964.00,371,371.00,0,0.00,4,4.00
1059,2,911,455.50,315,157.50,36293,18146.50,15214,7607.00,114,57.00,0,0.00
1062,1,590,590.00,118,118.00,8614,8614.00,1298,1298.00,0,0.00,0,0.00
1063,1,744,744.00,378,378.00,13127,13127.00,3500,3500.00,0,0.00,0,0.00
1067,7,3764,537.71,892,127.43,83604,11943.43,50228,7175.43,0,0.00,0,0.00
1070,2,966,483.00,214,107.00,12120,6060.00,12784,6392.00,0,0.00,0,0.00
1072,1,594,594.00,122,122.00,8670,8670.00,1308,1308.00,0,0.00,0,0.00
1073,1,486,486.00,110,110.00,6060,6060.00,6392,6392.00,0,0.00,0,0.00
1075,1,556,556.00,523,523.00,14838,14838.00,2339,2339.00,0,0.00,0,0.00
1076,1,611,611.00,149,149.00,8614,8614.00,1298,1298.00,0,0.00,0,0.00
1078,1,962,962.00,962,962.00,638,638.00,0,0.00,0,0.00,0,0.00
1079,1,493,493.00,117,117.00,6094,6094.00,6392,6392.00,0,0.00,0,0.00
1080,1,736,736.00,736,736.00,1892,1892.00,0,0.00,0,0.00,0,0.00
1081,8,6235,779.38,4910,613.75,123142,15392.75,296830,37103.75,2331,291.38,317,39.62
1082,2,1950,975.00,462,231.00,136305,68152.50,536816,268408.00,1553,776.50,0,0.00
1085,9,1755,195.00,618,68.67,947641,105293.44,268903,29878.11,4176,464.00,475,52.78
1086,2,501,250.50,407,203.50,173968,86984.00,32936,16468.00,644,322.00,267,133.50
1087,2,422,211.00,493,246.50,29818,14909.00,582,291.00,0,0.00,12,6.00
1088,2,1230,615.00,318,159.00,39858,19929.00,16500,8250.00,0,0.00,0,0.00
1089,1,742,742.00,739,739.00,1928,1928.00,3,3.00,0,0.00,0,0.00
1090,3,1222,407.33,216,72.00,25159,8386.33,46273,15424.33,1064,354.67,5,1.67
1092,3,1579,526.33,291,97.00,42773,14257.67,12690,4230.00,0,0.00,26,8.67
1098,1,572,572.00,70,70.00,6600,6600.00,33358,33358.00,0,0.00,0,0.00
1100,2,1242,621.00,318,159.00,40014,20007.00,16656,8328.00,0,0.00,0,0.00
1102,4,2088,522.00,232,58.00,26680,6670.00,31552,7888.00,0,0.00,0,0.00
1103,1,524,524.00,60,60.00,6670,6670.00,7888,7888.00,0,0.00,0,0.00
1105,3,2156,718.67,700,233.33,38264,12754.67,116912,38970.67,0,0.00,0,0.00
1111,3,1456,485.33,772,257.33,61526,20508.67,21687,7229.00,795,265.00,327,109.00
1112,1,530,530.00,66,66.00,6721,6721.00,7888,7888.00,0,0.00,0,0.00
1113,1,202,202.00,1062,1062.00,10438,10438.00,1511,1511.00,557,557.00,1,1.00
1114,2,102,51.00,54,27.00,37134,18567.00,15887,7943.50,1858,929.00,360,180.00
1118,1,486,486.00,165,165.00,15335,15335.00,3275,3275.00,0,0.00,0,0.00
1121,1,367,367.00,259,259.00,10295,10295.00,1062,1062.00,0,0.00,0,0.00
1127,2,1217,608.50,925,462.50,24571,12285.50,11583,5791.50,0,0.00,0,0.00
1128,1,423,423.00,235,235.00,39856,39856.00,1645,1645.00,0,0.00,0,0.00
1130,1,4743,4743.00,4845,4845.00,1676,1676.00,286,286.00,0,0.00,0,0.00
1132,1,424,424.00,236,236.00,39873,39873.00,1645,1645.00,0,0.00,0,0.00
1133,5,6561,1312.20,2510,502.00,115859,23171.80,83578,16715.60,744,148.80,0,0.00
1136,3,2717,905.67,872,290.67,57572,19190.67,24968,8322.67,0,0.00,0,0.00
1137,1,281,281.00,131,131.00,14820,14820.00,3017,3017.00,0,0.00,0,0.00
1141,1,455,455.00,788,788.00,30165,30165.00,2550,2550.00,0,0.00,0,0.00
1145,1,542,542.00,61,61.00,6924,6924.00,36075,36075.00,0,0.00,0,0.00
1148,1,256,256.00,368,368.00,10404,10404.00,876,876.00,0,0.00,12,12.00
1149,15,5572,371.47,3818,254.53,242605,16173.67,229836,15322.40,453,30.20,0,0.00
1150,1,384,384.00,268,268.00,15080,15080.00,2436,2436.00,0,0.00,0,0.00
1152,3,1170,390.00,822,274.00,45240,15080.00,7308,2436.00,0,0.00,0,0.00
1155,2,774,387.00,548,274.00,30160,15080.00,4872,2436.00,0,0.00,0,0.00
1161,2,562,281.00,129,64.50,53846,26923.00,20627,10313.50,653,326.50,265,132.50
1162,1,626,626.00,153,153.00,8978,8978.00,1299,1299.00,0,0.00,0,0.00
1163,2,1072,536.00,828,414.00,45984,22992.00,26976,13488.00,0,0.00,0,0.00
1164,4,2128,532.00,737,184.25,42988,10747.00,37599,9399.75,0,0.00,0,0.00
1166,3,2031,677.00,1578,526.00,52072,17357.33,27436,9145.33,0,0.00,0,0.00
1167,1,228,228.00,116,116.00,27118,27118.00,256,256.00,0,0.00,0,0.00
1170,1,360,360.00,10,10.00,66420,66420.00,10370,10370.00,0,0.00,0,0.00
1172,2,352,176.00,322,161.00,32593,16296.50,1219,609.50,0,0.00,0,0.00
1173,1,536,536.00,110,110.00,6707,6707.00,8040,8040.00,0,0.00,0,0.00
1174,3,1156,385.33,631,210.33,22328,7442.67,10078,3359.33,891,297.00,0,0.00
1176,1,408,408.00,295,295.00,15080,15080.00,2436,2436.00,0,0.00,0,0.00
1179,1,411,411.00,298,298.00,15080,15080.00,2436,2436.00,0,0.00,0,0.00
1181,1,950,950.00,472,472.00,81872,81872.00,38175,38175.00,1180,1180.00,5,5.00
1183,1,1170,1170.00,598,598.00,27001,27001.00,109564,109564.00,0,0.00,0,0.00
1184,1,688,688.00,167,167.00,22551,22551.00,10692,10692.00,0,0.00,0,0.00
1186,1,417,417.00,304,304.00,15080,15080.00,2436,2436.00,0,0.00,0,0.00
1187,1,1152,1152.00,635,635.00,24722,24722.00,22325,22325.00,0,0.00,0,0.00
1189,2,829,414.50,690,345.00,18451,9225.50,3561,1780.50,0,0.00,236,118.00
1191,2,388,194.00,153,76.50,59686,29843.00,28630,14315.00,1091,545.50,5,2.50
1194,2,841,420.50,524,262.00,48945,24472.50,21651,10825.50,479,239.50,0,0.00
1196,1,307,307.00,138,138.00,22550,22550.00,2132,2132.00,0,0.00,0,0.00
1204,25,17028,681.12,11352,454.08,130892,5235.68,34400,1376.00,0,0.00,0,0.00
1205,1,517,517.00,173,173.00,6364,6364.00,1720,1720.00,0,0.00,0,0.00
1206,1,890,890.00,914,914.00,16758,16758.00,2522,2522.00,0,0.00,0,0.00
1207,14,10258,732.71,6957,496.93,63158,4511.29,18350,1310.71,0,0.00,0,0.00
1210,1,1214,1214.00,1217,1217.00,11,11.00,0,0.00,0,0.00,0,0.00
1213,1,519,519.00,175,175.00,6397,6397.00,1720,1720.00,0,0.00,0,0.00
1214,1,516,516.00,344,344.00,7224,7224.00,2580,2580.00,0,0.00,0,0.00
1215,2,1036,518.00,486,243.00,31251,15625.50,15428,7714.00,0,0.00,0,0.00
1216,1,1208,1208.00,1208,1208.00,44,44.00,0,0.00,0,0.00,0,0.00
1218,4,3538,884.50,1972,493.00,39904,9976.00,37700,9425.00,0,0.00,0,0.00
1221,2,1169,584.50,125,62.50,14848,7424.00,19836,9918.00,0,0.00,0,0.00
1222,3,1175,391.67,470,156.67,168448,56149.33,15181,5060.33,0,0.00,0,0.00
1226,1,273,273.00,60,60.00,39594,39594.00,38571,38571.00,1017,1017.00,0,0.00
1227,2,1169,584.50,122,61.00,14917,7458.50,19839,9919.50,0,0.00,0,0.00
1229,1,189,189.00,18,18.00,29420,29420.00,82289,82289.00,531,531.00,0,0.00
1231,1,698,698.00,649,649.00,12297,12297.00,7047,7047.00,144,144.00,0,0.00
1232,1,192,192.00,19,19.00,30110,30110.00,143727,143727.00,0,0.00,0,0.00
1233,2,459,229.50,317,158.50,78534,39267.00,42004,21002.00,823,411.50,472,236.00
1234,1,1217,1217.00,1208,1208.00,161,161.00,63,63.00,0,0.00,0,0.00
1243,2,860,430.00,248,124.00,19938,9969.00,134641,67320.50,2419,1209.50,10,5.00
1245,1,647,647.00,73,73.00,7536,7536.00,44950,44950.00,0,0.00,0,0.00
1246,1,428,428.00,216,216.00,47985,47985.00,2069,2069.00,0,0.00,0,0.00
1248,120,134784,1123.20,76128,634.40,814632,6788.60,1248,10.40,0,0.00,936,7.80
1249,4,3434,858.50,1879,469.75,26208,6552.00,0,0.00,0,0.00,0,0.00
1251,3,941,313.67,939,313.00,15011,5003.67,2,0.67,0,0.00,0,0.00
1252,6,2817,469.50,3130,521.67,25979,4329.83,0,0.00,0,0.00,0,0.00
1253,1,86,86.00,45,45.00,12064,12064.00,1954,1954.00,0,0.00,0,0.00
1254,1,725,725.00,157,157.00,21565,21565.00,9438,9438.00,0,0.00,0,0.00
1255,4,2300,575.00,420,105.00,29060,7265.00,39480,9870.00,0,0.00,0,0.00
1257,1,485,485.00,155,155.00,25496,25496.00,14612,14612.00,0,0.00,0,0.00
1258,2,1158,579.00,218,109.00,14547,7273.50,19740,9870.00,0,0.00,0,0.00
1260,1,15,15.00,15,15.00,9465,9465.00,750,750.00,0,0.00,30,30.00
1261,1,1256,1256.00,656,656.00,28341,28341.00,131124,131124.00,0,0.00,0,0.00
1262,2,649,324.50,338,169.00,17138,8569.00,1711,855.50,0,0.00,30,15.00
1263,1,17,17.00,16,16.00,9477,9477.00,751,751.00,0,0.00,30,30.00
1269,2,940,470.00,376,188.00,47094,23547.00,7802,3901.00,0,0.00,0,0.00
1270,1,19,19.00,21,21.00,9501,9501.00,750,750.00,0,0.00,33,33.00
1271,1,930,930.00,930,930.00,1892,1892.00,0,0.00,0,0.00,0,0.00
1272,1,132,132.00,133,133.00,27901,27901.00,10103,10103.00,417,417.00,4,4.00
1273,2,1160,580.00,810,405.00,18796,9398.00,344,172.00,0,0.00,0,0.00
1275,1,1174,1174.00,830,830.00,17716,17716.00,1204,1204.00,0,0.00,0,0.00
1277,7,8225,1175.00,5817,831.00,124012,17716.00,8428,1204.00,0,0.00,0,0.00
1279,1,239,239.00,107,107.00,45369,45369.00,7644,7644.00,0,0.00,0,0.00
1280,1,748,748.00,920,920.00,4640,4640.00,0,0.00,0,0.00,0,0.00
1281,5,2532,506.40,2156,431.20,232382,46476.40,142304,28460.80,3027,605.40,335,67.00
1283,2,1750,875.00,1260,630.00,43315,21657.50,17812,8906.00,0,0.00,0,0.00
1286,1,573,573.00,427,427.00,25559,25559.00,16608,16608.00,0,0.00,0,0.00
1288,1,214,214.00,1,1.00,82595,82595.00,240130,240130.00,1152,1152.00,0,0.00
1289,1,518,518.00,330,330.00,49650,49650.00,16456,16456.00,0,0.00,0,0.00
1296,1,403,403.00,340,340.00,5199,5199.00,390,390.00,972,972.00,0,0.00
1298,2,236,118.00,236,118.00,16992,8496.00,708,354.00,0,0.00,0,0.00
1299,1,621,621.00,62,62.00,7927,7927.00,48633,48633.00,0,0.00,0,0.00
1301,2,805,402.50,397,198.50,14786,7393.00,3113,1556.50,0,0.00,0,0.00
1304,1,771,771.00,179,179.00,25295,25295.00,13488,13488.00,0,0.00,0,0.00
1315,1,971,971.00,971,971.00,1892,1892.00,0,0.00,0,0.00,0,0.00
1318,1,57,57.00,24,24.00,39950,39950.00,14872,14872.00,1015,1015.00,315,315.00
1320,1,112,112.00,52,52.00,28310,28310.00,8640,8640.00,560,560.00,12,12.00
1323,1,784,784.00,648,648.00,11572,11572.00,883,883.00,0,0.00,0,0.00
1329,1,336,336.00,180,180.00,24148,24148.00,2285,2285.00,0,0.00,0,0.00
1332,1,520,520.00,520,520.00,17284,17284.00,1566,1566.00,0,0.00,232,232.00
1334,9,9379,1042.11,5981,664.56,68781,7642.33,74132,8236.89,0,0.00,0,0.00
1335,3,764,254.67,128,42.67,57008,19002.67,34110,11370.00,2229,743.00,430,143.33
1338,1,55,55.00,21,21.00,40647,40647.00,14297,14297.00,1023,1023.00,325,325.00
1341,1,531,531.00,151,151.00,27060,27060.00,21230,21230.00,0,0.00,0,0.00
1345,5,3125,625.00,1624,324.80,77664,15532.80,40074,8014.80,0,0.00,0,0.00
1346,1,215,215.00,218,218.00,10757,10757.00,6,6.00,0,0.00,120,120.00
1351,1,329,329.00,414,414.00,20018,20018.00,61,61.00,0,0.00,0,0.00
1352,3,1876,625.33,325,108.33,23662,7887.33,35673,11891.00,0,0.00,0,0.00
1355,2,1960,980.00,793,396.50,38609,19304.50,153942,76971.00,0,0.00,0,0.00
1356,14,5376,384.00,1512,108.00,712656,50904.00,139776,9984.00,0,0.00,0,0.00
1357,1,2714,2714.00,2714,2714.00,0,0.00,0,0.00,0,0.00,0,0.00
1359,5,2098,419.60,1082,216.40,173209,34641.80,33809,6761.80,188,37.60,73,14.60
1360,1,512,512.00,281,281.00,12121,12121.00,1370,1370.00,0,0.00,0,0.00
1362,1,510,510.00,281,281.00,12135,12135.00,1370,1370.00,0,0.00,0,0.00
1363,10,7990,799.00,1410,141.00,1126120,112612.00,136300,13630.00,0,0.00,0,0.00
1365,7,2709,387.00,777,111.00,356559,50937.00,69888,9984.00,0,0.00,0,0.00
1367,3,3741,1247.00,2193,731.00,23226,7742.00,11010,3670.00,0,0.00,0,0.00
1368,1,25,25.00,5,5.00,7466,7466.00,390,390.00,1320,1320.00,15,15.00
1373,1,947,947.00,167,167.00,24873,24873.00,12183,12183.00,0,0.00,0,0.00
1374,2,54,27.00,18,9.00,14988,7494.00,780,390.00,2640,1320.00,30,15.00
1375,1,1340,1340.00,729,729.00,29140,29140.00,31866,31866.00,0,0.00,0,0.00
1376,6,4816,802.67,4988,831.33,32852,5475.33,0,0.00,0,0.00,0,0.00
1379,1,1377,1377.00,1377,1377.00,11,11.00,0,0.00,0,0.00,0,0.00
1385,2,1729,864.50,1726,863.00,11418,5709.00,1892,946.00,0,0.00,0,0.00
1386,1,716,716.00,70,70.00,8472,8472.00,58270,58270.00,0,0.00,0,0.00
1387,1,536,536.00,168,168.00,28313,28313.00,17992,17992.00,0,0.00,0,0.00
1392,2,1044,522.00,580,290.00,98368,49184.00,4060,2030.00,0,0.00,0,0.00
1393,3,3620,1206.67,1496,498.67,81508,27169.33,194224,64741.33,0,0.00,0,0.00
1395,3,1588,529.33,638,212.67,26783,8927.67,9805,3268.33,0,0.00,0,0.00
1396,1,1116,1116.00,390,390.00,24908,24908.00,14612,14612.00,0,0.00,0,0.00
1402,2,2232,1116.00,780,390.00,49882,24941.00,29224,14612.00,0,0.00,0,0.00
1403,1,608,608.00,438,438.00,28104,28104.00,20052,20052.00,0,0.00,0,0.00
1404,1,610,610.00,440,440.00,28104,28104.00,20052,20052.00,0,0.00,0,0.00
1406,3,1827,609.00,1317,439.00,84345,28115.00,60156,20052.00,0,0.00,0,0.00
1417,2,2836,1418.00,1468,734.00,64512,32256.00,342048,171024.00,0,0.00,0,0.00
1418,1,243,243.00,188,188.00,21225,21225.00,1244,1244.00,0,0.00,0,0.00
1420,1,121,121.00,121,121.00,15466,15466.00,0,0.00,0,0.00,0,0.00
1425,1,856,856.00,193,193.00,28039,28039.00,16608,16608.00,0,0.00,0,0.00
1426,1,250,250.00,52,52.00,89954,89954.00,135387,135387.00,688,688.00,341,341.00
1431,1,217,217.00,43,43.00,75596,75596.00,63304,63304.00,1299,1299.00,0,0.00
1440,1,431,431.00,85,85.00,16870,16870.00,5369,5369.00,0,0.00,0,0.00
1442,1,462,462.00,346,346.00,15220,15220.00,928,928.00,0,0.00,0,0.00
1443,3,2007,669.00,315,105.00,25461,8487.00,42300,14100.00,0,0.00,0,0.00
1446,5,3355,671.00,535,107.00,42520,8504.00,70500,14100.00,0,0.00,0,0.00
1449,2,1354,677.00,226,113.00,17008,8504.00,28200,14100.00,0,0.00,0,0.00
1450,1,696,696.00,58,58.00,8932,8932.00,14674,14674.00,0,0.00,0,0.00
1451,2,3134,1567.00,780,390.00,32778,16389.00,24544,12272.00,0,0.00,0,0.00
1453,2,1401,700.50,125,62.50,17864,8932.00,29348,14674.00,0,0.00,0,0.00
1454,1,697,697.00,60,60.00,8941,8941.00,63063,63063.00,0,0.00,0,0.00
1455,2,1358,679.00,227,113.50,17078,8539.00,28203,14101.50,0,0.00,0,0.00
1456,1,1569,1569.00,391,391.00,16414,16414.00,12273,12273.00,0,0.00,0,0.00
1459,2,1401,700.50,122,61.00,17933,8966.50,29351,14675.50,0,0.00,0,0.00
1462,1,702,702.00,64,64.00,8965,8965.00,14674,14674.00,0,0.00,0,0.00
1469,15,6240,416.00,1755,117.00,827190,55146.00,162240,10816.00,0,0.00,0,0.00
1470,1,688,688.00,94,94.00,8756,8756.00,13662,13662.00,0,0.00,0,0.00
1472,4,1670,417.50,474,118.50,220617,55154.25,43264,10816.00,0,0.00,0,0.00
1475,3,2010,670.00,504,168.00,89559,29853.00,58773,19591.00,0,0.00,0,0.00
1478,4,1676,419.00,480,120.00,220716,55179.00,43264,10816.00,0,0.00,0,0.00
1481,2,2043,1021.50,1058,529.00,57631,28815.50,32035,16017.50,0,0.00,0,0.00
1483,1,224,224.00,50,50.00,86093,86093.00,49065,49065.00,377,377.00,0,0.00
1485,1,15,15.00,30,30.00,18495,18495.00,1815,1815.00,0,0.00,30,30.00
1489,3,2334,778.00,831,277.00,22488,7496.00,15321,5107.00,0,0.00,0,0.00
1493,2,2107,1053.50,358,179.00,55422,27711.00,30269,15134.50,0,0.00,0,0.00
1495,1,1482,1482.00,754,754.00,34333,34333.00,178750,178750.00,0,0.00,0,0.00
1497,6,5630,938.33,1592,265.33,180457,30076.17,786539,131089.83,4387,731.17,0,0.00
1499,1,825,825.00,181,181.00,28710,28710.00,21340,21340.00,0,0.00,0,0.00
1501,1,58,58.00,31,31.00,66090,66090.00,23874,23874.00,443,443.00,435,435.00
1503,1,1159,1159.00,1159,1159.00,1892,1892.00,0,0.00,0,0.00,0,0.00
1506,3,3456,1152.00,3792,1264.00,73950,24650.00,10440,3480.00,0,0.00,0,0.00
1508,1,522,522.00,232,232.00,59160,59160.00,2552,2552.00,0,0.00,0,0.00
1509,1,58,58.00,117,117.00,17748,17748.00,638,638.00,0,0.00,0,0.00
1521,2,1566,783.00,797,398.50,102842,51421.00,209780,104890.00,793,396.50,445,222.50
1522,2,2052,1026.00,1310,655.00,54792,27396.00,187996,93998.00,0,0.00,248,124.00
1523,1,1152,1152.00,400,400.00,27677,27677.00,17992,17992.00,0,0.00,0,0.00
1524,1,646,646.00,452,452.00,30660,30660.00,23820,23820.00,0,0.00,0,0.00
1525,1,1520,1520.00,788,788.00,34545,34545.00,196200,196200.00,0,0.00,0,0.00
1529,1,197,197.00,107,107.00,16004,16004.00,28007,28007.00,1230,1230.00,5,5.00
1531,1,790,790.00,72,72.00,9408,9408.00,73318,73318.00,0,0.00,0,0.00
1532,1,1155,1155.00,403,403.00,27710,27710.00,17992,17992.00,0,0.00,0,0.00
1533,1,82,82.00,15,15.00,68532,68532.00,25116,25116.00,1003,1003.00,537,537.00
1534,1,1416,1416.00,1534,1534.00,0,0.00,0,0.00,0,0.00,0,0.00
1535,2,1149,574.50,897,448.50,36452,18226.00,4682,2341.00,0,0.00,168,84.00
1536,2,1255,627.50,535,267.50,141986,70993.00,11376,5688.00,0,0.00,0,0.00
1542,1,198,198.00,54,54.00,68079,68079.00,23433,23433.00,1458,1458.00,0,0.00
1545,1,233,233.00,19,19.00,36236,36236.00,145052,145052.00,419,419.00,2,2.00
1548,8,7224,903.00,4128,516.00,55556,6944.50,19952,2494.00,0,0.00,0,0.00
1549,2,2239,1119.50,1723,861.50,8600,4300.00,3612,1806.00,0,0.00,0,0.00
1551,13,8959,689.15,5623,432.54,308482,23729.38,65182,5014.00,0,0.00,0,0.00
1552,2,1898,949.00,1726,863.00,5698,2849.00,516,258.00,0,0.00,0,0.00
1554,4,3404,851.00,2113,528.25,69547,17386.75,88308,22077.00,0,0.00,0,0.00
1557,1,519,519.00,350,350.00,14490,14490.00,1548,1548.00,0,0.00,0,0.00
1560,673,483280,718.10,419320,623.06,6739244,10013.74,644280,957.33,0,0.00,0,0.00
1561,51,44563,873.78,32086,629.14,562596,11031.29,37128,728.00,0,0.00,0,0.00
1563,29,11767,405.76,11032,380.41,248000,8551.72,86929,2997.55,0,0.00,0,0.00
1564,2,2187,1093.50,2187,1093.50,8760,4380.00,1560,780.00,0,0.00,3,1.50
1565,31,21284,686.58,20345,656.29,303297,9783.77,44446,1433.74,0,0.00,0,0.00
1566,7,6032,861.71,1160,165.71,91350,13050.00,137576,19653.71,0,0.00,0,0.00
1569,1,760,760.00,64,64.00,9686,9686.00,17400,17400.00,0,0.00,0,0.00
1571,17,10643,626.06,10362,609.53,149988,8822.82,25418,1495.18,0,0.00,0,0.00
1575,6,4695,782.50,516,86.00,80616,13436.00,113943,18990.50,0,0.00,0,0.00
1576,2,1386,693.00,693,346.50,18870,9435.00,19061,9530.50,0,0.00,0,0.00
1580,1,348,348.00,304,304.00,14848,14848.00,7482,7482.00,0,0.00,0,0.00
1583,1,825,825.00,277,277.00,8107,8107.00,6564,6564.00,0,0.00,0,0.00
1584,3,1672,557.33,803,267.67,88250,29416.67,33972,11324.00,1458,486.00,0,0.00
1587,2,1450,725.00,739,369.50,19673,9836.50,10368,5184.00,0,0.00,0,0.00
1593,3,1148,382.67,655,218.33,101870,33956.67,33300,11100.00,1035,345.00,567,189.00
1594,1,728,728.00,372,372.00,9857,9857.00,5184,5184.00,0,0.00,0,0.00
1597,1,1543,1543.00,844,844.00,33303,33303.00,33179,33179.00,0,0.00,0,0.00
1598,7,1092,156.00,126,18.00,1807805,258257.86,340112,48587.43,6790,970.00,980,140.00
1599,1,160,160.00,19,19.00,290435,290435.00,49745,49745.00,523,523.00,140,140.00
1601,2,112,56.00,48,24.00,158820,79410.00,59184,29592.00,1418,709.00,970,485.00
1605,2,2571,1285.50,1118,559.00,47835,23917.50,25946,12973.00,0,0.00,0,0.00
1607,1,758,758.00,413,413.00,9875,9875.00,5184,5184.00,0,0.00,0,0.00
1608,1,72,72.00,71,71.00,22870,22870.00,1714,1714.00,0,0.00,28,28.00
1610,2,2899,1449.50,348,174.00,25829,12914.50,81945,40972.50,0,0.00,0,0.00
1612,1,246,246.00,63,63.00,68928,68928.00,23628,23628.00,1458,1458.00,0,0.00
1613,2,2884,1442.00,382,191.00,63354,31677.00,37384,18692.00,0,0.00,0,0.00
1614,1,1021,1021.00,193,193.00,29985,29985.00,18269,18269.00,0,0.00,0,0.00
1617,2,160,80.00,88,44.00,67465,33732.50,29877,14938.50,2650,1325.00,570,285.00
1621,6,5052,842.00,3132,522.00,719155,119859.17,188324,31387.33,4347,724.50,129,21.50
1628,1,535,535.00,376,376.00,15023,15023.00,1548,1548.00,0,0.00,0,0.00
1631,1,763,763.00,105,105.00,9709,9709.00,19082,19082.00,0,0.00,0,0.00
1632,1,1616,1616.00,823,823.00,37404,37404.00,212550,212550.00,0,0.00,0,0.00
1633,3,1862,620.67,300,100.00,333963,111321.00,74475,24825.00,4707,1569.00,0,0.00
1634,4,3060,765.00,428,107.00,38904,9726.00,76328,19082.00,0,0.00,0,0.00
1636,1,788,788.00,60,60.00,10124,10124.00,82264,82264.00,0,0.00,0,0.00
1638,1,524,524.00,424,424.00,32294,32294.00,922,922.00,0,0.00,0,0.00
1642,1,443,443.00,108,108.00,19237,19237.00,5937,5937.00,80,80.00,5,5.00
1643,3,2040,680.00,1386,462.00,99648,33216.00,83736,27912.00,0,0.00,0,0.00
1646,1,681,681.00,463,463.00,33227,33227.00,27912,27912.00,0,0.00,0,0.00
1648,1,796,796.00,64,64.00,10172,10172.00,82268,82268.00,0,0.00,0,0.00
1650,1,848,848.00,70,70.00,10188,10188.00,87178,87178.00,0,0.00,0,0.00
1653,1,1191,1191.00,413,413.00,30446,30446.00,21723,21723.00,0,0.00,0,0.00
1656,2,1838,919.00,616,308.00,64426,32213.00,47528,23764.00,0,0.00,0,0.00
1657,1,1622,1622.00,870,870.00,35767,35767.00,49350,49350.00,0,0.00,0,0.00
1660,1,233,233.00,9,9.00,86938,86938.00,104216,104216.00,1516,1516.00,0,0.00
1662,3,3582,1194.00,1248,416.00,91437,30479.00,65169,21723.00,0,0.00,0,0.00
1663,1,463,463.00,463,463.00,17164,17164.00,324,324.00,0,0.00,48,48.00
1664,1,756,756.00,625,625.00,59670,59670.00,7845,7845.00,0,0.00,0,0.00
1667,1,1021,1021.00,216,216.00,33538,33538.00,23820,23820.00,0,0.00,0,0.00
1671,1,944,944.00,370,370.00,22486,22486.00,11348,11348.00,571,571.00,0,0.00
1673,1,344,344.00,945,945.00,15162,15162.00,832,832.00,0,0.00,0,0.00
1682,11,10115,919.55,1790,162.73,1480484,134589.45,242448,22040.73,1582,143.82,0,0.00
1686,1,257,257.00,60,60.00,95071,95071.00,89582,89582.00,0,0.00,0,0.00
1691,1,305,305.00,53,53.00,33768,33768.00,3192,3192.00,0,0.00,0,0.00
1692,1,907,907.00,219,219.00,13073,13073.00,1892,1892.00,0,0.00,0,0.00
1704,1,45,45.00,36,36.00,26616,26616.00,4533,4533.00,1671,1671.00,3,3.00
1705,1,47,47.00,37,37.00,26616,26616.00,4533,4533.00,1671,1671.00,3,3.00
1713,1,1659,1659.00,902,902.00,36029,36029.00,39327,39327.00,0,0.00,0,0.00
1720,10,10148,1014.80,6536,653.60,71896,7189.60,18576,1857.60,0,0.00,0,0.00
1723,2,3442,1721.00,3442,1721.00,22,11.00,0,0.00,0,0.00,0,0.00
1729,1,348,348.00,275,275.00,19088,19088.00,26989,26989.00,1217,1217.00,5,5.00
1733,2,1168,584.00,270,135.00,59129,29564.50,26331,13165.50,1671,835.50,3,1.50
1735,2,1544,772.00,388,194.00,70974,35487.00,55380,27690.00,0,0.00,0,0.00
1739,5,3055,611.00,1175,235.00,167790,33558.00,38775,7755.00,0,0.00,0,0.00
1740,1,840,840.00,60,60.00,10800,10800.00,94380,94380.00,0,0.00,0,0.00
1742,3,1836,612.00,708,236.00,100707,33569.00,23265,7755.00,0,0.00,0,0.00
1751,1,1716,1716.00,917,917.00,37976,37976.00,56024,56024.00,0,0.00,0,0.00
1769,1,565,565.00,407,407.00,15500,15500.00,3464,3464.00,0,0.00,0,0.00
1771,1,919,919.00,277,277.00,9329,9329.00,10042,10042.00,0,0.00,0,0.00
1786,1,1236,1236.00,432,432.00,33215,33215.00,25805,25805.00,0,0.00,0,0.00
1793,2,542,271.00,40,20.00,84479,42239.50,333542,166771.00,1837,918.50,0,0.00
1798,3,2610,870.00,174,58.00,33582,11194.00,70644,23548.00,0,0.00,0,0.00
1807,2,1746,873.00,122,61.00,22454,11227.00,47096,23548.00,0,0.00,0,0.00
1813,1,817,817.00,436,436.00,34608,34608.00,3271,3271.00,0,0.00,0,0.00
1824,1,319,319.00,63,63.00,80767,80767.00,149135,149135.00,1460,1460.00,0,0.00
1832,1,40,40.00,40,40.00,28616,28616.00,2304,2304.00,0,0.00,36,36.00
1848,1,4592,4592.00,2984,2984.00,5568,5568.00,696,696.00,0,0.00,0,0.00
1853,1,1420,1420.00,215,215.00,36413,36413.00,25980,25980.00,0,0.00,0,0.00
1854,1,1516,1516.00,217,217.00,36789,36789.00,26074,26074.00,0,0.00,0,0.00
1858,1,120,120.00,69,69.00,50251,50251.00,8811,8811.00,300,300.00,16,16.00
1865,8,6775,846.88,1726,215.75,276466,34558.25,236283,29535.38,1690,211.25,0,0.00
1868,2,1738,869.00,493,246.50,48004,24002.00,44269,22134.50,0,0.00,0,0.00
1872,19,23400,1231.58,22776,1198.74,107328,5648.84,9048,476.21,0,0.00,0,0.00
1873,1,625,625.00,315,315.00,9984,9984.00,1560,1560.00,0,0.00,0,0.00
1875,1,1874,1874.00,1874,1874.00,17,17.00,0,0.00,0,0.00,0,0.00
1880,1,315,315.00,121,121.00,56308,56308.00,4760,4760.00,0,0.00,0,0.00
1882,2,652,326.00,140,70.00,241076,120538.00,471662,235831.00,1344,672.00,906,453.00
1883,1,752,752.00,486,486.00,38328,38328.00,37068,37068.00,0,0.00,0,0.00
1885,2,897,448.50,381,190.50,182747,91373.50,243690,121845.00,672,336.00,453,226.50
1886,1,4118,4118.00,3600,3600.00,0,0.00,0,0.00,0,0.00,0,0.00
1888,1,118,118.00,118,118.00,23718,23718.00,0,0.00,0,0.00,0,0.00
1889,1,118,118.00,119,119.00,23718,23718.00,0,0.00,0,0.00,0,0.00
1890,1,120,120.00,120,120.00,25151,25151.00,226,226.00,0,0.00,1,1.00
1891,1,1877,1877.00,1875,1875.00,260,260.00,42,42.00,0,0.00,0,0.00
1892,10,14276,1427.60,12040,1204.00,43344,4334.40,24768,2476.80,0,0.00,0,0.00
1893,1,862,862.00,518,518.00,46612,46612.00,3612,3612.00,0,0.00,0,0.00
1895,5,5859,1171.80,4827,965.40,46118,9223.60,13932,2786.40,0,0.00,0,0.00
1900,1,608,608.00,228,228.00,30248,30248.00,34143,34143.00,0,0.00,0,0.00
1901,3,2206,735.33,612,204.00,110700,36900.00,117047,39015.67,1467,489.00,0,0.00
1904,1,1896,1896.00,1896,1896.00,44,44.00,0,0.00,0,0.00,0,0.00
1909,1,602,602.00,212,212.00,39476,39476.00,31770,31770.00,0,0.00,0,0.00
1911,1,879,879.00,191,191.00,10836,10836.00,6192,6192.00,0,0.00,0,0.00
1913,4,4431,1107.75,1968,492.00,138974,34743.50,95577,23894.25,0,0.00,216,54.00
1922,1,1272,1272.00,442,442.00,36017,36017.00,30238,30238.00,0,0.00,0,0.00
1942,1,644,644.00,698,698.00,7246,7246.00,0,0.00,0,0.00,0,0.00
1944,2,740,370.00,714,357.00,41086,20543.00,0,0.00,0,0.00,0,0.00
1953,2,180,90.00,100,50.00,75381,37690.50,55435,27717.50,3284,1642.00,610,305.00
1954,1,802,802.00,354,354.00,51079,51079.00,2116,2116.00,0,0.00,0,0.00
1959,1,1013,1013.00,277,277.00,10551,10551.00,14272,14272.00,0,0.00,0,0.00
1961,1,358,358.00,210,210.00,43298,43298.00,425,425.00,0,0.00,0,0.00
1966,1,808,808.00,360,360.00,51112,51112.00,2116,2116.00,0,0.00,0,0.00
1968,1,982,982.00,91,91.00,12962,12962.00,27501,27501.00,0,0.00,0,0.00
1973,3,4227,1409.00,681,227.00,114687,38229.00,88770,29590.00,1560,520.00,0,0.00
1974,11,8418,765.27,1709,155.36,240811,21891.91,153041,13912.82,0,0.00,0,0.00
1975,17,816,48.00,1615,95.00,120649,7097.00,3995,235.00,0,0.00,0,0.00
1976,1,48,48.00,96,96.00,7097,7097.00,235,235.00,0,0.00,0,0.00
1978,3,164,54.67,304,101.33,21303,7101.00,706,235.33,0,0.00,0,0.00
1981,1,2068,2068.00,1830,1830.00,2052,2052.00,54,54.00,0,0.00,0,0.00
1984,1,54,54.00,98,98.00,7133,7133.00,238,238.00,0,0.00,0,0.00
1986,2,104,52.00,196,98.00,14284,7142.00,472,236.00,0,0.00,0,0.00
1991,1,81,81.00,29,29.00,88580,88580.00,54039,54039.00,1153,1153.00,685,685.00
1992,4,224,56.00,400,100.00,28664,7166.00,952,238.00,0,0.00,0,0.00
1996,1,841,841.00,701,701.00,23410,23410.00,1009,1009.00,0,0.00,0,0.00
1997,1,438,438.00,221,221.00,86835,86835.00,11490,11490.00,0,0.00,0,0.00
2000,1,245,245.00,94,94.00,60722,60722.00,5102,5102.00,0,0.00,0,0.00
2002,2,1108,554.00,1036,518.00,21977,10988.50,235,117.50,0,0.00,0,0.00
2004,1,165,165.00,157,157.00,24445,24445.00,89,89.00,0,0.00,0,0.00
2015,1,701,701.00,529,529.00,38920,38920.00,2520,2520.00,0,0.00,0,0.00
2021,5,3290,658.00,1410,282.00,199985,39997.00,53815,10763.00,0,0.00,0,0.00
2030,3,3619,1206.33,1387,462.33,96870,32290.00,102287,34095.67,0,0.00,0,0.00
2033,3,1314,438.00,1173,391.00,62439,20813.00,0,0.00,0,0.00,0,0.00
2036,1,368,368.00,368,368.00,21712,21712.00,192,192.00,0,0.00,0,0.00
2041,2,638,319.00,125,62.50,211946,105973.00,265050,132525.00,3699,1849.50,0,0.00
2057,2,1540,770.00,516,258.00,57874,28937.00,1222459,611229.50,3746,1873.00,0,0.00
2059,1,130,130.00,16,16.00,14308,14308.00,19834,19834.00,1665,1665.00,10,10.00
2064,3,4300,1433.33,4472,1490.67,20296,6765.33,2752,917.33,0,0.00,0,0.00
2065,1,2066,2066.00,2066,2066.00,0,0.00,0,0.00,0,0.00,0,0.00
2067,1,2065,2065.00,2065,2065.00,11,11.00,0,0.00,0,0.00,0,0.00
2076,1,2069,2069.00,2068,2068.00,45,45.00,1,1.00,0,0.00,0,0.00
2079,1,178,178.00,178,178.00,16768,16768.00,15,15.00,0,0.00,0,0.00
2083,1,391,391.00,99,99.00,94715,94715.00,152539,152539.00,1707,1707.00,2,2.00
2086,5,6630,1326.00,6610,1322.00,185020,37004.00,37990,7598.00,0,0.00,0,0.00
2089,2,3422,1711.00,3418,1709.00,37004,18502.00,7598,3799.00,0,0.00,0,0.00
2101,1,1329,1329.00,1328,1328.00,37109,37109.00,7598,7598.00,0,0.00,0,0.00
2111,4,832,208.00,96,24.00,1411013,352753.25,297428,74357.00,5242,1310.50,740,185.00
2119,1,260,260.00,100,100.00,64371,64371.00,5440,5440.00,0,0.00,0,0.00
2125,4,3724,931.00,932,233.00,175848,43962.00,169908,42477.00,0,0.00,0,0.00
2127,1,2092,2092.00,1105,1105.00,46812,46812.00,86950,86950.00,0,0.00,0,0.00
2133,1,766,766.00,319,319.00,40337,40337.00,9260,9260.00,0,0.00,0,0.00
2139,1,3288,3288.00,2944,2944.00,4692,4692.00,0,0.00,0,0.00,0,0.00
2144,1,638,638.00,866,866.00,38860,38860.00,1044,1044.00,0,0.00,0,0.00
2147,1,977,977.00,159,159.00,19283,19283.00,27036,27036.00,0,0.00,0,0.00
2154,3,2230,743.33,1032,344.00,114492,38164.00,5742,1914.00,0,0.00,0,0.00
2164,1,961,961.00,377,377.00,64270,64270.00,6992,6992.00,0,0.00,0,0.00
2173,1,1347,1347.00,465,465.00,41522,41522.00,40157,40157.00,0,0.00,0,0.00
2177,1,2123,2123.00,1134,1134.00,46933,46933.00,69139,69139.00,0,0.00,0,0.00
2179,1,323,323.00,65,65.00,120971,120971.00,80114,80114.00,1811,1811.00,0,0.00
2184,156,336024,2154.00,102648,658.00,2598960,16660.00,560040,3590.00,0,0.00,0,0.00
2185,30,30305,1010.17,18768,625.60,406848,13561.60,138528,4617.60,0,0.00,0,0.00
2187,45,42247,938.82,28169,625.98,590389,13119.76,210682,4681.82,0,0.00,0,0.00
2188,6,5622,937.00,3744,624.00,78624,13104.00,28080,4680.00,0,0.00,0,0.00
2189,1,937,937.00,624,624.00,13104,13104.00,4680,4680.00,0,0.00,0,0.00
2190,4,10052,2513.00,1384,346.00,116352,29088.00,16988,4247.00,0,0.00,0,0.00
2191,3,2504,834.67,1252,417.33,35682,11894.00,10329,3443.00,0,0.00,0,0.00
2193,3,4526,1508.67,1600,533.33,55812,18604.00,13736,4578.67,0,0.00,0,0.00
2194,2,1878,939.00,1248,624.00,26208,13104.00,9360,4680.00,0,0.00,0,0.00
2204,3,2600,866.67,2208,736.00,92037,30679.00,239805,79935.00,4380,1460.00,22,7.33
2208,1,1864,1864.00,1864,1864.00,1892,1892.00,0,0.00,0,0.00,0,0.00
2209,1,942,942.00,624,624.00,13104,13104.00,4680,4680.00,0,0.00,0,0.00
2212,1,753,753.00,283,283.00,43580,43580.00,12878,12878.00,0,0.00,0,0.00
2213,2,3338,1669.00,502,251.00,89290,44645.00,79248,39624.00,0,0.00,0,0.00
2214,2,3624,1812.00,506,253.00,90418,45209.00,79530,39765.00,0,0.00,0,0.00
2220,1,803,803.00,335,335.00,42305,42305.00,9753,9753.00,0,0.00,0,0.00
2226,1,2185,2185.00,2186,2186.00,151,151.00,5,5.00,0,0.00,0,0.00
2232,1,256,256.00,27,27.00,76218,76218.00,23147,23147.00,1317,1317.00,3,3.00
2236,14,15480,1105.71,9976,712.57,229448,16389.14,58308,4164.86,0,0.00,0,0.00
2238,1,2358,2358.00,518,518.00,20984,20984.00,1376,1376.00,0,0.00,0,0.00
2239,7,7886,1126.57,4173,596.14,164937,23562.43,36000,5142.86,0,0.00,0,0.00
2240,1,2239,2239.00,2239,2239.00,11,11.00,0,0.00,0,0.00,0,0.00
2242,1,1156,1156.00,279,279.00,12384,12384.00,22027,22027.00,0,0.00,0,0.00
2245,2,3105,1552.50,2414,1207.00,13141,6570.50,9463,4731.50,0,0.00,0,0.00
2247,1,1625,1625.00,355,355.00,26256,26256.00,3470,3470.00,0,0.00,0,0.00
2248,5,4849,969.80,3503,700.60,196272,39254.40,8594,1718.80,0,0.00,0,0.00
2251,1,318,318.00,77,77.00,104215,104215.00,28405,28405.00,2081,2081.00,0,0.00
2252,1,808,808.00,486,486.00,44554,44554.00,2884,2884.00,0,0.00,0,0.00
2268,11,9658,878.00,6334,575.82,246287,22389.73,76347,6940.64,564,51.27,15,1.36
2272,6,5724,954.00,3744,624.00,78624,13104.00,28080,4680.00,0,0.00,0,0.00
2273,1,751,751.00,687,687.00,41700,41700.00,2700,2700.00,0,0.00,0,0.00
2285,1,708,708.00,256,256.00,95971,95971.00,9048,9048.00,0,0.00,13,13.00
2303,1,1960,1960.00,1960,1960.00,1892,1892.00,0,0.00,0,0.00,0,0.00
2316,1,2210,2210.00,1350,1350.00,42019,42019.00,14104,14104.00,0,0.00,0,0.00
2320,1,406,406.00,58,58.00,46632,46632.00,4408,4408.00,0,0.00,0,0.00
2321,1,1359,1359.00,560,560.00,43461,43461.00,4110,4110.00,0,0.00,0,0.00
2325,1,2213,2213.00,1350,1350.00,42037,42037.00,14107,14107.00,0,0.00,0,0.00
2332,1,714,714.00,386,386.00,52400,52400.00,6783,6783.00,0,0.00,0,0.00
2335,1,1201,1201.00,277,277.00,12995,12995.00,24988,24988.00,0,0.00,0,0.00
2336,1,83,83.00,73,73.00,56263,56263.00,4186,4186.00,0,0.00,60,60.00
2338,1,402,402.00,88,88.00,150969,150969.00,347519,347519.00,661,661.00,565,565.00
2352,1,28,28.00,28,28.00,17668,17668.00,1400,1400.00,0,0.00,56,56.00
2355,1,31,31.00,31,31.00,17668,17668.00,1400,1400.00,0,0.00,56,56.00
2356,1,29,29.00,29,29.00,17687,17687.00,1400,1400.00,0,0.00,56,56.00
2361,1,32,32.00,30,30.00,17724,17724.00,1430,1430.00,0,0.00,56,56.00
2376,1,1425,1425.00,476,476.00,38310,38310.00,67090,67090.00,2347,2347.00,0,0.00
2378,2,1282,641.00,471,235.50,193278,96639.00,105347,52673.50,2278,1139.00,0,0.00
2383,2,1192,596.00,398,199.00,113291,56645.50,637657,318828.50,3594,1797.00,0,0.00
2388,1,932,932.00,410,410.00,62963,62963.00,2610,2610.00,0,0.00,0,0.00
2391,1,102,102.00,115,115.00,56432,56432.00,4180,4180.00,0,0.00,60,60.00
2393,1,782,782.00,295,295.00,38008,38008.00,411091,411091.00,961,961.00,0,0.00
2395,2,224,112.00,128,64.00,95569,47784.50,83739,41869.50,4027,2013.50,750,375.00
2397,1,893,893.00,141,141.00,121072,121072.00,21667,21667.00,0,0.00,0,0.00
2403,2,280,140.00,8,4.00,48199,24099.50,132930,66465.00,4350,2175.00,10,5.00
2408,8,20124,2515.50,21672,2709.00,0,0.00,0,0.00,0,0.00,0,0.00
2414,1,179,179.00,226,226.00,40958,40958.00,2397,2397.00,0,0.00,0,0.00
2420,1,2248,2248.00,2420,2420.00,51,51.00,0,0.00,0,0.00,0,0.00
2429,1,783,783.00,271,271.00,38609,38609.00,568750,568750.00,403,403.00,0,0.00
2437,15,885,59.00,1755,117.00,131370,8758.00,4350,290.00,0,0.00,0,0.00
2438,1,62,62.00,120,120.00,8758,8758.00,290,290.00,0,0.00,0,0.00
2439,7,417,59.57,819,117.00,61387,8769.57,2034,290.57,0,0.00,0,0.00
2440,5,328,65.60,621,124.20,43790,8758.00,1450,290.00,0,0.00,0,0.00
2442,2,122,61.00,236,118.00,17562,8781.00,582,291.00,0,0.00,0,0.00
2444,1,47,47.00,47,47.00,6204,6204.00,423,423.00,0,0.00,94,94.00
2447,1,326,326.00,154,154.00,57828,57828.00,4372,4372.00,0,0.00,0,0.00
2449,2,1677,838.50,974,487.00,43324,21662.00,68351,34175.50,0,0.00,0,0.00
2451,3,196,65.33,365,121.67,26433,8811.00,875,291.67,0,0.00,0,0.00
2456,1,68,68.00,129,129.00,8892,8892.00,290,290.00,0,0.00,0,0.00
2491,2,1598,799.00,658,329.00,100016,50008.00,33276,16638.00,0,0.00,0,0.00
2494,1,1218,1218.00,58,58.00,15718,15718.00,47560,47560.00,0,0.00,0,0.00
2496,18,22152,1230.67,21216,1178.67,257400,14300.00,1248,69.33,0,0.00,624,34.67
2497,1,312,312.00,626,626.00,25896,25896.00,0,0.00,0,0.00,0,0.00
2499,2,630,315.00,628,314.00,9392,4696.00,4,2.00,0,0.00,624,312.00
2504,1,1252,1252.00,939,939.00,37247,37247.00,313,313.00,0,0.00,0,0.00
2520,1,30,30.00,30,30.00,18930,18930.00,1500,1500.00,0,0.00,60,60.00
2521,1,31,31.00,31,31.00,18930,18930.00,1500,1500.00,0,0.00,60,60.00
2524,2,1664,832.00,724,362.00,100016,50008.00,33276,16638.00,0,0.00,0,0.00
2529,2,248,124.00,150,75.00,108910,54455.00,102876,51438.00,4222,2111.00,824,412.00
2533,1,37,37.00,36,36.00,19002,19002.00,1532,1532.00,0,0.00,60,60.00
2536,1,34,34.00,31,31.00,19189,19189.00,1501,1501.00,0,0.00,61,61.00
2561,1,0,0.00,512,512.00,77588,77588.00,65835,65835.00,2360,2360.00,5,5.00
2565,1,78,78.00,27,27.00,131340,131340.00,35727,35727.00,0,0.00,12,12.00
2568,1,2558,2558.00,2557,2557.00,61,61.00,1,1.00,0,0.00,0,0.00
2571,1,878,878.00,313,313.00,46909,46909.00,43920,43920.00,0,0.00,0,0.00
2579,1,504,504.00,119,119.00,51481,51481.00,4869,4869.00,0,0.00,0,0.00
2580,4,6192,1548.00,3096,774.00,45924,11481.00,40248,10062.00,0,0.00,0,0.00
2581,4,4818,1204.50,690,172.50,61232,15308.00,53664,13416.00,0,0.00,0,0.00
2583,2,2414,1207.00,350,175.00,30616,15308.00,26832,13416.00,0,0.00,0,0.00
2585,1,423,423.00,94,94.00,35767,35767.00,2021,2021.00,0,0.00,47,47.00
2587,1,1208,1208.00,179,179.00,15308,15308.00,13416,13416.00,0,0.00,0,0.00
2589,2,2414,1207.00,350,175.00,30682,15341.00,26832,13416.00,0,0.00,0,0.00
2596,1,1217,1217.00,188,188.00,15308,15308.00,13416,13416.00,0,0.00,0,0.00
2601,2,1466,733.00,0,0.00,191661,95830.50,150484,75242.00,5096,2548.00,144,72.00
2602,4,5711,1427.75,3632,908.00,125873,31468.25,22797,5699.25,0,0.00,0,0.00
2605,1,1160,1160.00,468,468.00,41304,41304.00,7598,7598.00,0,0.00,0,0.00
2611,1,1160,1160.00,465,465.00,41340,41340.00,7601,7601.00,0,0.00,0,0.00
2620,3,2158,719.33,1082,360.67,243820,81273.33,33688,11229.33,773,257.67,11,3.67
2621,1,1032,1032.00,660,660.00,49966,49966.00,4727,4727.00,0,0.00,0,0.00
2622,1,2558,2558.00,1340,1340.00,57801,57801.00,107300,107300.00,0,0.00,0,0.00
2624,3,1328,442.67,420,140.00,977989,325996.33,199972,66657.33,2849,949.67,460,153.33
2626,1,654,654.00,634,634.00,29240,29240.00,360,360.00,0,0.00,0,0.00
2637,1,893,893.00,386,386.00,58879,58879.00,2316,2316.00,0,0.00,0,0.00
2654,1,118,118.00,52,52.00,91118,91118.00,46716,46716.00,2051,2051.00,625,625.00
2658,1,108,108.00,42,42.00,98790,98790.00,47913,47913.00,2053,2053.00,625,625.00
2662,1,394,394.00,77,77.00,150131,150131.00,114407,114407.00,2426,2426.00,0,0.00
2666,3,2266,755.33,1382,460.67,143893,47964.33,271920,90640.00,5110,1703.33,0,0.00
2668,1,2557,2557.00,1522,1522.00,50121,50121.00,21503,21503.00,0,0.00,0,0.00
2679,2,893,446.50,329,164.50,56259,28129.50,19270,9635.00,0,0.00,47,23.50
2681,1,1503,1503.00,1386,1386.00,49463,49463.00,13282,13282.00,0,0.00,0,0.00
2683,1,385,385.00,1,1.00,60755,60755.00,534299,534299.00,2175,2175.00,0,0.00
2684,1,240,240.00,122,122.00,22826,22826.00,1490,1490.00,0,0.00,47,47.00
2688,1,32,32.00,32,32.00,20192,20192.00,1600,1600.00,0,0.00,64,64.00
2689,1,32,32.00,34,34.00,20192,20192.00,1600,1600.00,0,0.00,64,64.00
2692,1,36,36.00,36,36.00,20192,20192.00,1600,1600.00,0,0.00,64,64.00
2694,1,826,826.00,585,585.00,106095,106095.00,28405,28405.00,2081,2081.00,0,0.00
2696,1,35,35.00,36,36.00,20234,20234.00,1605,1605.00,0,0.00,64,64.00
2698,1,1080,1080.00,749,749.00,108889,108889.00,19889,19889.00,0,0.00,0,0.00
2708,1,401,401.00,79,79.00,157100,157100.00,127465,127465.00,1623,1623.00,0,0.00
2711,1,1389,1389.00,277,277.00,15439,15439.00,38712,38712.00,0,0.00,0,0.00
2718,1,808,808.00,360,360.00,55624,55624.00,2116,2116.00,0,0.00,0,0.00
2726,1,928,928.00,406,406.00,65018,65018.00,2610,2610.00,0,0.00,0,0.00
2734,1,546,546.00,2,2.00,1320,1320.00,221,221.00,0,0.00,0,0.00
2736,3,2796,932.00,1230,410.00,195385,65128.33,7830,2610.00,0,0.00,0,0.00
2751,2,1854,927.00,666,333.00,108028,54014.00,39800,19900.00,0,0.00,0,0.00
2752,4,10320,2580.00,11008,2752.00,0,0.00,0,0.00,0,0.00,0,0.00
2759,1,2772,2772.00,2772,2772.00,0,0.00,0,0.00,0,0.00,0,0.00
2767,1,178,178.00,178,178.00,34692,34692.00,0,0.00,0,0.00,0,0.00
2770,2,4398,2199.00,1158,579.00,77190,38595.00,9356,4678.00,0,0.00,0,0.00
2780,1,45,45.00,70,70.00,34682,34682.00,3408,3408.00,0,0.00,56,56.00
2781,1,85,85.00,30,30.00,142296,142296.00,38704,38704.00,0,0.00,13,13.00
2808,122,179088,1467.93,106704,874.62,2064816,16924.72,999336,8191.28,0,0.00,0,0.00
2809,19,22516,1185.05,11600,610.53,334152,17586.95,160680,8456.84,0,0.00,0,0.00
2811,39,48711,1249.00,24393,625.46,681891,17484.38,365040,9360.00,0,0.00,0,0.00
2814,1,1047,1047.00,482,482.00,41690,41690.00,401637,401637.00,1141,1141.00,0,0.00
2817,11,12831,1166.45,7197,654.27,208105,18918.64,85758,7796.18,0,0.00,0,0.00
2819,6,7500,1250.00,3768,628.00,105684,17614.00,56214,9369.00,0,0.00,0,0.00
2820,1,141,141.00,47,47.00,43287,43287.00,8554,8554.00,0,0.00,0,0.00
2824,1,189,189.00,85,85.00,27323,27323.00,4433,4433.00,0,0.00,0,0.00
2827,2,2035,1017.50,544,272.00,65384,32692.00,10832,5416.00,0,0.00,0,0.00
2859,1,154,154.00,73,73.00,43469,43469.00,8554,8554.00,0,0.00,0,0.00
2861,1,425,425.00,77,77.00,158409,158409.00,118212,118212.00,2755,2755.00,0,0.00
2866,1,2522,2522.00,2522,2522.00,1892,1892.00,0,0.00,0,0.00,0,0.00
2876,1,191,191.00,97,97.00,23345,23345.00,1457,1457.00,0,0.00,47,47.00
2897,1,623,623.00,243,243.00,62360,62360.00,397856,397856.00,1848,1848.00,0,0.00
2901,1,2902,2902.00,2902,2902.00,0,0.00,0,0.00,0,0.00,0,0.00
2924,8,11868,1483.50,5504,688.00,250776,31347.00,73444,9180.50,0,0.00,0,0.00
2925,2,2755,1377.50,347,173.50,35088,17544.00,36120,18060.00,0,0.00,0,0.00
2927,1,1210,1210.00,522,522.00,49536,49536.00,4816,4816.00,0,0.00,0,0.00
2932,1,1956,1956.00,976,976.00,34768,34768.00,10268,10268.00,0,0.00,0,0.00
2941,1,438,438.00,80,80.00,164777,164777.00,138025,138025.00,2837,2837.00,0,0.00
2950,1,1416,1416.00,118,118.00,18172,18172.00,29854,29854.00,0,0.00,0,0.00
2958,1,1102,1102.00,174,174.00,149408,149408.00,26738,26738.00,0,0.00,0,0.00
2960,1,2764,2764.00,2936,2936.00,168,168.00,0,0.00,0,0.00,0,0.00
2961,5,4700,940.00,1880,376.00,300095,60019.00,118910,23782.00,0,0.00,0,0.00
2964,2,1886,943.00,758,379.00,120038,60019.00,47564,23782.00,0,0.00,0,0.00
2971,1,32,32.00,62,62.00,36990,36990.00,3630,3630.00,0,0.00,60,60.00
2982,1,876,876.00,452,452.00,104896,104896.00,18596,18596.00,0,0.00,0,0.00
2984,1,1225,1225.00,531,531.00,50316,50316.00,4942,4942.00,0,0.00,0,0.00
3012,1,2901,2901.00,1694,1694.00,58205,58205.00,30447,30447.00,0,0.00,0,0.00
3013,1,2901,2901.00,1694,1694.00,58205,58205.00,30447,30447.00,0,0.00,0,0.00
3016,2,2030,1015.00,1102,551.00,50170,25085.00,84506,42253.00,0,0.00,116,58.00
3042,1,77,77.00,157,157.00,23467,23467.00,1284,1284.00,0,0.00,48,48.00
3070,1,1128,1128.00,221,221.00,34648,34648.00,6760,6760.00,0,0.00,0,0.00
3079,1,770,770.00,257,257.00,72247,72247.00,1204021,1204021.00,2815,2815.00,0,0.00
3082,1,771,771.00,259,259.00,72308,72308.00,1181051,1181051.00,2785,2785.00,0,0.00
3086,1,570,570.00,344,344.00,62998,62998.00,614,614.00,0,0.00,0,0.00
3094,1,808,808.00,360,360.00,57880,57880.00,2116,2116.00,0,0.00,0,0.00
3120,15,29640,1976.00,23088,1539.20,204048,13603.20,34008,2267.20,0,0.00,0,0.00
3130,1,1878,1878.00,1252,1252.00,36621,36621.00,8451,8451.00,0,0.00,0,0.00
3149,3,4169,1389.67,3276,1092.00,102190,34063.33,30362,10120.67,0,0.00,47,15.67
3168,1,32,32.00,64,64.00,39456,39456.00,3872,3872.00,0,0.00,64,64.00
3169,3,552,184.00,24,8.00,146452,48817.33,254160,84720.00,5934,1978.00,15,5.00
3171,2,1208,604.00,414,207.00,132993,66496.50,429844,214922.00,6076,3038.00,0,0.00
3175,1,1560,1560.00,312,312.00,17472,17472.00,5616,5616.00,0,0.00,0,0.00
3178,1,44,44.00,92,92.00,24875,24875.00,1391,1391.00,0,0.00,52,52.00
3182,4,6000,1500.00,2080,520.00,217384,54346.00,53128,13282.00,0,0.00,0,0.00
3190,1,522,522.00,116,116.00,44138,44138.00,2494,2494.00,0,0.00,58,58.00
3196,1,1200,1200.00,492,492.00,59118,59118.00,9794,9794.00,0,0.00,0,0.00
3198,1,2853,2853.00,2852,2852.00,1904,1904.00,1,1.00,0,0.00,0,0.00
3200,1,932,932.00,410,410.00,68067,68067.00,2610,2610.00,0,0.00,0,0.00
3201,1,2869,2869.00,2869,2869.00,1892,1892.00,0,0.00,0,0.00,0,0.00
3208,1,141,141.00,71,71.00,57998,57998.00,10293,10293.00,0,0.00,0,0.00
3225,1,335,335.00,108,108.00,18787,18787.00,1941,1941.00,2637,2637.00,0,0.00
3233,1,190,190.00,64,64.00,47859,47859.00,125920,125920.00,2639,2639.00,5,5.00
3238,1,749,749.00,289,289.00,122116,122116.00,30545,30545.00,564,564.00,3,3.00
3248,1,3248,3248.00,3248,3248.00,0,0.00,0,0.00,0,0.00,0,0.00
3257,2,3370,1685.00,2898,1449.00,123424,61712.00,41064,20532.00,0,0.00,0,0.00
3259,1,1096,1096.00,516,516.00,72533,72533.00,2842,2842.00,0,0.00,0,0.00
3261,1,1677,1677.00,1444,1444.00,61817,61817.00,20532,20532.00,0,0.00,0,0.00
3268,19,19092,1004.84,8428,443.58,749920,39469.47,201928,10627.79,0,0.00,0,0.00
3269,1,1549,1549.00,173,173.00,19780,19780.00,23392,23392.00,0,0.00,0,0.00
3271,6,7250,1208.33,2090,348.33,193517,32252.83,91848,15308.00,0,0.00,0,0.00
3274,2,1726,863.00,1044,522.00,89440,44720.00,14448,7224.00,0,0.00,0,0.00
3277,1,1551,1551.00,175,175.00,19813,19813.00,23392,23392.00,0,0.00,0,0.00
3294,1,594,594.00,344,344.00,75692,75692.00,614,614.00,0,0.00,0,0.00
3295,1,884,884.00,543,543.00,44720,44720.00,7224,7224.00,0,0.00,0,0.00
3298,1,887,887.00,546,546.00,44720,44720.00,7224,7224.00,0,0.00,0,0.00
3304,1,893,893.00,552,552.00,44720,44720.00,7224,7224.00,0,0.00,0,0.00
3306,1,3306,3306.00,3306,3306.00,0,0.00,0,0.00,0,0.00,0,0.00
3309,1,176,176.00,133,133.00,71361,71361.00,34635,34635.00,1429,1429.00,34,34.00
3313,1,3326,3326.00,3326,3326.00,0,0.00,0,0.00,0,0.00,0,0.00
3316,1,932,932.00,410,410.00,68531,68531.00,2610,2610.00,0,0.00,0,0.00
3337,1,799,799.00,94,94.00,71487,71487.00,7849,7849.00,0,0.00,47,47.00
3350,7,16630,2375.71,3234,462.00,362984,51854.86,79546,11363.71,0,0.00,0,0.00
3352,1,326,326.00,193,193.00,28329,28329.00,1809,1809.00,0,0.00,58,58.00
3357,4,9871,2467.75,5661,1415.25,363269,90817.25,270407,67601.75,2131,532.75,1055,263.75
3383,2,3479,1739.50,3198,1599.00,21273,10636.50,1992,996.00,2637,1318.50,0,0.00
3407,1,1973,1973.00,471,471.00,50964,50964.00,11072,11072.00,0,0.00,0,0.00
3414,1,210,210.00,138,138.00,211830,211830.00,23675,23675.00,0,0.00,60,60.00
3431,4,4324,1081.00,1692,423.00,280120,70030.00,128780,32195.00,0,0.00,0,0.00
3432,136,129168,949.76,167856,1234.24,5365464,39451.94,385944,2837.82,0,0.00,0,0.00
3433,10,8127,812.70,6879,687.90,416832,41683.20,6552,655.20,0,0.00,0,0.00
3434,3,3748,1249.33,1168,389.33,159716,53238.67,75622,25207.33,0,0.00,0,0.00
3435,38,23771,625.55,47479,1249.45,1684042,44316.89,106725,2808.55,0,0.00,0,0.00
3436,1,937,937.00,625,625.00,43697,43697.00,624,624.00,0,0.00,0,0.00
3440,1,1032,1032.00,1032,1032.00,51256,51256.00,4644,4644.00,0,0.00,688,688.00
3441,1,124,124.00,48,48.00,194431,194431.00,176588,176588.00,2233,2233.00,1085,1085.00
3442,1,608,608.00,637,637.00,133863,133863.00,23501,23501.00,840,840.00,0,0.00
3443,6,3756,626.00,6260,1043.33,251652,41942.00,11268,1878.00,0,0.00,0,0.00
3449,15,9375,625.00,18735,1249.00,665325,44355.00,42135,2809.00,0,0.00,15,1.00
3452,2,2180,1090.00,852,426.00,140282,70141.00,64450,32225.00,0,0.00,0,0.00
3464,2,2192,1096.00,852,426.00,140438,70219.00,64606,32303.00,0,0.00,0,0.00
3466,1,226,226.00,178,178.00,212054,212054.00,23640,23640.00,0,0.00,60,60.00
3477,1,128,128.00,87,87.00,84266,84266.00,6278,6278.00,0,0.00,90,90.00
3480,1,174,174.00,58,58.00,53418,53418.00,10556,10556.00,0,0.00,0,0.00
3497,1,381,381.00,324,324.00,9993,9993.00,12551,12551.00,269,269.00,107,107.00
3525,1,1692,1692.00,235,235.00,279885,279885.00,57105,57105.00,0,0.00,0,0.00
3527,2,2666,1333.00,420,210.00,170893,85446.50,142535,71267.50,1062,531.00,0,0.00
3539,1,3540,3540.00,3540,3540.00,0,0.00,0,0.00,0,0.00,0,0.00
3544,1,233,233.00,120,120.00,28779,28779.00,1798,1798.00,0,0.00,58,58.00
3545,1,735,735.00,346,346.00,161843,161843.00,21360,21360.00,0,0.00,0,0.00
3549,1,3508,3508.00,1816,1816.00,79980,79980.00,263200,263200.00,0,0.00,0,0.00
3579,1,604,604.00,202,202.00,95793,95793.00,701201,701201.00,3018,3018.00,0,0.00
3612,4,7587,1896.75,4061,1015.25,241407,60351.75,217884,54471.00,3371,842.75,0,0.00
3613,1,1721,1721.00,173,173.00,22016,22016.00,29412,29412.00,0,0.00,0,0.00
3615,2,3448,1724.00,351,175.50,44044,22022.00,58825,29412.50,0,0.00,0,0.00
3621,2,1944,972.00,327,163.50,76125,38062.50,39968,19984.00,0,0.00,0,0.00
3622,1,1178,1178.00,426,426.00,73602,73602.00,35861,35861.00,0,0.00,0,0.00
3650,2,728,364.00,84,42.00,1360440,680220.00,315714,157857.00,4175,2087.50,640,320.00
3670,1,3556,3556.00,2008,2008.00,74304,74304.00,52976,52976.00,0,0.00,0,0.00
3672,1,1376,1376.00,920,920.00,16512,16512.00,2064,2064.00,0,0.00,0,0.00
3681,1,719,719.00,304,304.00,19036,19036.00,1693,1693.00,2637,2637.00,0,0.00
3692,1,788,788.00,286,286.00,108730,108730.00,9186,9186.00,0,0.00,0,0.00
3695,1,1106,1106.00,695,695.00,161450,161450.00,54675,54675.00,0,0.00,0,0.00
3703,1,663,663.00,275,275.00,172710,172710.00,22860,22860.00,0,0.00,0,0.00
3725,1,3690,3690.00,1904,1904.00,84365,84365.00,293891,293891.00,0,0.00,0,0.00
3744,11,28392,2581.09,25272,2297.45,159744,14522.18,15912,1446.55,0,0.00,0,0.00
3756,1,939,939.00,626,626.00,32239,32239.00,0,0.00,0,0.00,0,0.00
3761,1,153,153.00,61,61.00,224091,224091.00,202009,202009.00,2007,2007.00,1245,1245.00
3762,1,1846,1846.00,578,578.00,67388,67388.00,20532,20532.00,0,0.00,0,0.00
3767,1,2251,2251.00,749,749.00,61095,61095.00,106368,106368.00,3707,3707.00,0,0.00
3780,1,932,932.00,410,410.00,71315,71315.00,2610,2610.00,0,0.00,0,0.00
3781,1,1351,1351.00,811,811.00,75060,75060.00,4860,4860.00,0,0.00,0,0.00
3797,1,1221,1221.00,1218,1218.00,65456,65456.00,10626,10626.00,0,0.00,472,472.00
3822,1,172,172.00,344,344.00,5714,5714.00,0,0.00,0,0.00,58,58.00
3826,2,3696,1848.00,2992,1496.00,148132,74066.00,58696,29348.00,0,0.00,0,0.00
3829,1,1854,1854.00,1502,1502.00,74066,74066.00,29348,29348.00,0,0.00,0,0.00
3868,1,698,698.00,625,625.00,62787,62787.00,14730,14730.00,0,0.00,0,0.00
3886,1,406,406.00,116,116.00,45298,45298.00,4234,4234.00,0,0.00,58,58.00
3899,1,915,915.00,377,377.00,163716,163716.00,54686,54686.00,0,0.00,0,0.00
3901,1,1222,1222.00,470,470.00,80041,80041.00,41877,41877.00,0,0.00,0,0.00
3919,1,206,206.00,196,196.00,101559,101559.00,32736,32736.00,886,886.00,26,26.00
3930,1,2304,2304.00,520,520.00,63226,63226.00,17268,17268.00,0,0.00,0,0.00
3951,1,49,49.00,49,49.00,29674,29674.00,2350,2350.00,0,0.00,94,94.00
3956,11,31304,2845.82,18920,1720.00,364812,33164.73,247680,22516.36,0,0.00,0,0.00
3959,1,1895,1895.00,175,175.00,24252,24252.00,36120,36120.00,0,0.00,0,0.00
3983,1,200,200.00,71,71.00,71728,71728.00,12715,12715.00,0,0.00,0,0.00
4016,1,599,599.00,104,104.00,228747,228747.00,258360,258360.00,3893,3893.00,0,0.00
4052,1,1940,1940.00,564,564.00,77718,77718.00,59574,59574.00,0,0.00,0,0.00
4056,25,62088,2483.52,43680,1747.20,640536,25621.44,217776,8711.04,0,0.00,0,0.00
4057,1,2498,2498.00,1561,1561.00,50232,50232.00,17784,17784.00,0,0.00,0,0.00
4059,5,8118,1623.60,4062,812.40,288349,57669.80,37128,7425.60,0,0.00,0,0.00
4061,1,155,155.00,48,48.00,294494,294494.00,261599,261599.00,2203,2203.00,1395,1395.00
4069,1,2504,2504.00,1565,1565.00,50393,50393.00,17841,17841.00,0,0.00,0,0.00
4070,1,1288,1288.00,456,456.00,84192,84192.00,67776,67776.00,0,0.00,0,0.00
4071,1,599,599.00,114,114.00,227361,227361.00,179750,179750.00,3441,3441.00,0,0.00
4076,1,1570,1570.00,624,624.00,68226,68226.00,8514,8514.00,0,0.00,0,0.00
4077,2,484,242.00,346,173.00,247068,123534.00,380738,190369.00,6564,3282.00,1576,788.00
4089,1,1316,1316.00,470,470.00,83613,83613.00,46060,46060.00,0,0.00,0,0.00
4093,1,841,841.00,223,223.00,63373,63373.00,6691,6691.00,0,0.00,54,54.00
4098,1,755,755.00,238,238.00,172758,172758.00,29939,29939.00,0,0.00,0,0.00
4118,1,986,986.00,116,116.00,88218,88218.00,9686,9686.00,0,0.00,58,58.00
4121,1,2094,2094.00,277,277.00,24604,24604.00,116967,116967.00,0,0.00,0,0.00
4124,1,316,316.00,1,1.00,482730,482730.00,846189,846189.00,2822,2822.00,1613,1613.00
4128,2,3096,1548.00,1720,860.00,291712,145856.00,12040,6020.00,0,0.00,0,0.00
4177,1,318,318.00,77,77.00,104026,104026.00,28596,28596.00,2081,2081.00,0,0.00
4181,1,317,317.00,317,317.00,898608,898608.00,760800,760800.00,1676,1676.00,2230,2230.00
4216,1,966,966.00,946,946.00,80282,80282.00,1546,1546.00,0,0.00,0,0.00
4234,1,2088,2088.00,58,58.00,27028,27028.00,144130,144130.00,0,0.00,0,0.00
4289,1,4254,4254.00,2186,2186.00,97619,97619.00,396116,396116.00,0,0.00,0,0.00
4300,1,2064,2064.00,172,172.00,26488,26488.00,43516,43516.00,0,0.00,0,0.00
4301,2,4131,2065.50,347,173.50,52976,26488.00,87032,43516.00,0,0.00,0,0.00
4309,3,6325,2108.33,627,209.00,78871,26290.33,217632,72544.00,0,0.00,0,0.00
4310,1,2068,2068.00,176,176.00,26521,26521.00,43516,43516.00,0,0.00,0,0.00
4311,1,767,767.00,301,301.00,186072,186072.00,24692,24692.00,0,0.00,0,0.00
4341,1,1,1.00,867,867.00,130488,130488.00,116344,116344.00,4335,4335.00,5,5.00
4342,1,2192,2192.00,636,636.00,80430,80430.00,29348,29348.00,0,0.00,0,0.00
4345,3,6588,2196.00,1920,640.00,241290,80430.00,88044,29348.00,0,0.00,0,0.00
4350,1,2088,2088.00,290,290.00,345390,345390.00,70470,70470.00,0,0.00,0,0.00
4368,10,44928,4492.80,48048,4804.80,0,0.00,0,0.00,0,0.00,0,0.00
4369,1,937,937.00,313,313.00,82992,82992.00,936,936.00,0,0.00,0,0.00
4371,4,5452,1363.00,2068,517.00,360208,90052.00,211312,52828.00,0,0.00,0,0.00
4375,2,496,248.00,342,171.00,246128,123064.00,400252,200126.00,7110,3555.00,1620,810.00
4377,1,4317,4317.00,2229,2229.00,98669,98669.00,324800,324800.00,0,0.00,0,0.00
4380,2,2732,1366.00,1040,520.00,180170,90085.00,105656,52828.00,0,0.00,0,0.00
4382,3,2817,939.00,939,313.00,249774,83258.00,2817,939.00,0,0.00,0,0.00
4388,1,4277,4277.00,2382,2382.00,90541,90541.00,81703,81703.00,0,0.00,0,0.00
4406,3,6066,2022.00,4662,1554.00,259260,86420.00,119190,39730.00,0,0.00,0,0.00
4466,1,2204,2204.00,58,58.00,28536,28536.00,160950,160950.00,0,0.00,0,0.00
4480,1,665,665.00,114,114.00,255281,255281.00,256376,256376.00,4379,4379.00,0,0.00
4488,4,5984,1496.00,5984,1496.00,65824,16456.00,0,0.00,0,0.00,0,0.00
4499,1,2082,2082.00,706,706.00,282028,282028.00,26832,26832.00,0,0.00,0,0.00
4510,1,2478,2478.00,578,578.00,75580,75580.00,24984,24984.00,0,0.00,0,0.00
4530,1,1548,1548.00,804,804.00,175440,175440.00,7568,7568.00,0,0.00,0,0.00
4533,2,6010,3005.00,1158,579.00,155570,77785.00,51420,25710.00,0,0.00,0,0.00
4536,2,108,54.00,108,54.00,68148,34074.00,5400,2700.00,0,0.00,216,108.00
4540,1,58,58.00,58,58.00,34074,34074.00,2700,2700.00,0,0.00,108,108.00
4548,1,61,61.00,58,58.00,34103,34103.00,2701,2701.00,0,0.00,108,108.00
4559,2,2914,1457.00,1034,517.00,187248,93624.00,115056,57528.00,0,0.00,0,0.00
4560,1,1692,1692.00,988,988.00,158108,158108.00,2820,2820.00,0,0.00,0,0.00
4566,1,1320,1320.00,938,938.00,68566,68566.00,3268,3268.00,0,0.00,0,0.00
4589,1,224,224.00,370,370.00,53360,53360.00,2282,2282.00,0,0.00,0,0.00
4594,1,4530,4530.00,2326,2326.00,104143,104143.00,362674,362674.00,0,0.00,0,0.00
4598,1,94,94.00,91,91.00,70247,70247.00,5659,5659.00,0,0.00,86,86.00
4644,5,10664,2132.80,1376,275.20,201068,40213.60,220676,44135.20,0,0.00,0,0.00
4647,4,8957,2239.25,700,175.00,114925,28731.25,206401,51600.25,0,0.00,0,0.00
4652,1,2751,2751.00,555,555.00,87780,87780.00,64130,64130.00,0,0.00,0,0.00
4653,4,8956,2239.00,700,175.00,115028,28757.00,206400,51600.00,0,0.00,0,0.00
4656,1,2248,2248.00,184,184.00,28775,28775.00,51600,51600.00,0,0.00,0,0.00
4676,7,4313,616.14,930,132.86,5334383,762054.71,1436713,205244.71,18463,2637.57,2460,351.43
4680,19,52728,2775.16,24024,1264.42,624000,32842.11,393120,20690.53,0,0.00,0,0.00
4685,2,4368,2184.00,624,312.00,55536,27768.00,48672,24336.00,0,0.00,0,0.00
4702,1,4588,4588.00,2524,2524.00,98556,98556.00,98384,98384.00,0,0.00,0,0.00
4704,1,1741,1741.00,703,703.00,86952,86952.00,14402,14402.00,0,0.00,0,0.00
4733,1,4622,4622.00,2555,2555.00,98625,98625.00,98387,98387.00,0,0.00,0,0.00
4764,1,638,638.00,318,318.00,69535,69535.00,588278,588278.00,4084,4084.00,0,0.00
4780,1,1590,1590.00,624,624.00,73904,73904.00,5030,5030.00,0,0.00,0,0.00
4800,1,1268,1268.00,624,624.00,71496,71496.00,4074,4074.00,0,0.00,0,0.00
4828,1,880,880.00,181,181.00,95211,95211.00,8983,8983.00,0,0.00,0,0.00
4838,1,860,860.00,176,176.00,95348,95348.00,8968,8968.00,0,0.00,0,0.00
4841,1,1504,1504.00,564,564.00,100063,100063.00,65048,65048.00,0,0.00,0,0.00
4844,1,1507,1507.00,567,567.00,100063,100063.00,65048,65048.00,0,0.00,0,0.00
4850,1,1507,1507.00,567,567.00,100096,100096.00,65048,65048.00,0,0.00,0,0.00
4863,1,4822,4822.00,2472,2472.00,110906,110906.00,513569,513569.00,0,0.00,0,0.00
4873,1,61,61.00,61,61.00,36598,36598.00,2900,2900.00,0,0.00,116,116.00
4885,1,2476,2476.00,283,283.00,29525,29525.00,175999,175999.00,0,0.00,0,0.00
4898,1,254,254.00,39,39.00,373629,373629.00,371539,371539.00,3013,3013.00,1895,1895.00
4922,5,12690,2538.00,3470,694.00,467360,93472.00,198650,39730.00,0,0.00,0,0.00
4925,2,5100,2550.00,1424,712.00,186944,93472.00,79460,39730.00,0,0.00,0,0.00
4944,1,2287,2287.00,343,343.00,51740,51740.00,68358,68358.00,0,0.00,0,0.00
4954,1,215,215.00,1,1.00,448,448.00,32,32.00,0,0.00,1,1.00
4988,11,32370,2942.73,5901,536.45,4219985,383635.00,579755,52705.00,0,0.00,0,0.00
4992,9,44304,4922.67,43680,4853.33,75192,8354.67,19968,2218.67,0,0.00,0,0.00
5018,1,268,268.00,47,47.00,378142,378142.00,380589,380589.00,3075,3075.00,1955,1955.00
5029,3,4794,1598.00,1692,564.00,310905,103635.00,210795,70265.00,0,0.00,0,0.00
5036,1,980,980.00,402,402.00,67148,67148.00,13278,13278.00,0,0.00,0,0.00
5051,1,971,971.00,335,335.00,239505,239505.00,81735,81735.00,0,0.00,0,0.00
5073,1,317,317.00,1,1.00,37164,37164.00,23589,23589.00,4987,4987.00,0,0.00
5077,1,4965,4965.00,2726,2726.00,106709,106709.00,116619,116619.00,0,0.00,0,0.00
5090,2,2967,1483.50,821,410.50,405629,202814.50,69731,34865.50,0,0.00,90,45.00
5172,1,2556,2556.00,62,62.00,33093,33093.00,216978,216978.00,0,0.00,0,0.00
5211,2,540,270.00,352,176.00,254914,127457.00,587203,293601.50,8659,4329.50,1746,873.00
5239,1,2470,2470.00,565,565.00,93284,93284.00,86664,86664.00,0,0.00,0,0.00
5278,1,5220,5220.00,2668,2668.00,120466,120466.00,488824,488824.00,0,0.00,0,0.00
5290,2,21160,10580.00,21160,10580.00,0,0.00,0,0.00,0,0.00,0,0.00
5297,1,2111,2111.00,782,782.00,283250,283250.00,26832,26832.00,0,0.00,12,12.00
5304,47,64584,1374.13,38376,816.51,1464216,31153.53,380640,8098.72,0,0.00,9048,192.51
5305,17,9985,587.35,7843,461.35,360048,21179.29,60216,3542.12,0,0.00,4992,293.65
5307,1,782,782.00,145,145.00,294008,294008.00,263614,263614.00,5243,5243.00,0,0.00
5308,3,939,313.00,936,312.00,47736,15912.00,936,312.00,0,0.00,936,312.00
5309,8,2504,313.00,2496,312.00,127296,15912.00,2496,312.00,0,0.00,2496,312.00
5311,16,24346,1521.62,7144,446.50,3011384,188211.50,704530,44033.12,0,0.00,0,0.00
5312,1,1505,1505.00,424,424.00,199374,199374.00,39104,39104.00,0,0.00,0,0.00
5313,2,10942,5471.00,10940,5470.00,15968,7984.00,342,171.00,0,0.00,312,156.00
5314,3,4523,1507.67,1280,426.67,598144,199381.33,117312,39104.00,0,0.00,0,0.00
5320,8,12479,1559.88,3972,496.50,1327356,165919.50,431131,53891.38,0,0.00,0,0.00
5325,1,776,776.00,138,138.00,307534,307534.00,236069,236069.00,4277,4277.00,0,0.00
5332,3,7740,2580.00,516,172.00,99588,33196.00,209496,69832.00,0,0.00,0,0.00
5341,2,5166,2583.00,350,175.00,66458,33229.00,139664,69832.00,0,0.00,0,0.00
5346,1,54,54.00,108,108.00,66582,66582.00,6534,6534.00,0,0.00,108,108.00
5373,1,110,110.00,115,115.00,83778,83778.00,6802,6802.00,0,0.00,104,104.00
5417,1,5382,5382.00,2750,2750.00,124127,124127.00,646250,646250.00,0,0.00,0,0.00
5437,1,2752,2752.00,277,277.00,33158,33158.00,228169,228169.00,0,0.00,0,0.00
5464,1,154,154.00,154,154.00,84106,84106.00,6720,6720.00,0,0.00,102,102.00
5499,1,1739,1739.00,611,611.00,113646,113646.00,84271,84271.00,0,0.00,0,0.00
5502,1,2884,2884.00,752,752.00,106514,106514.00,51678,51678.00,0,0.00,0,0.00
5511,2,10952,5476.00,5594,2797.00,252672,126336.00,1339688,669844.00,0,0.00,0,0.00
5566,3,7110,2370.00,5010,1670.00,333384,111128.00,195576,65192.00,0,0.00,0,0.00
5575,2,4746,2373.00,3346,1673.00,222322,111161.00,130384,65192.00,0,0.00,0,0.00
5589,1,11178,11178.00,11178,11178.00,0,0.00,0,0.00,0,0.00,0,0.00
5590,1,818,818.00,138,138.00,318129,318129.00,272615,272615.00,5490,5490.00,0,0.00
5601,1,143,143.00,106,106.00,30466,30466.00,1560,1560.00,5280,5280.00,60,60.00
5616,2,7800,3900.00,5928,2964.00,54288,27144.00,26208,13104.00,0,0.00,0,0.00
5646,1,827,827.00,429,429.00,107088,107088.00,7748,7748.00,0,0.00,0,0.00
5673,1,3001,3001.00,697,697.00,100976,100976.00,45286,45286.00,0,0.00,0,0.00
5676,8,15136,1892.00,6880,860.00,877888,109736.00,180256,22532.00,0,0.00,0,0.00
5677,1,1894,1894.00,862,862.00,109736,109736.00,22532,22532.00,0,0.00,0,0.00
5679,1,1898,1898.00,866,866.00,109736,109736.00,22532,22532.00,0,0.00,0,0.00
5685,1,1898,1898.00,863,863.00,109772,109772.00,22535,22535.00,0,0.00,0,0.00
5702,2,1144,572.00,132,66.00,2252449,1126224.50,529834,264917.00,8090,4045.00,1000,500.00
5703,1,300,300.00,100,100.00,75719,75719.00,27001,27001.00,5470,5470.00,5,5.00
5706,1,1898,1898.00,869,869.00,109922,109922.00,22532,22532.00,0,0.00,0,0.00
5715,1,879,879.00,65,65.00,218648,218648.00,266986,266986.00,5393,5393.00,0,0.00
5732,1,2808,2808.00,209,209.00,36446,36446.00,80511,80511.00,0,0.00,0,0.00
5736,2,1686,843.00,62,31.00,270831,135415.50,1751837,875918.50,11022,5511.00,0,0.00
5748,1,961,961.00,321,321.00,155008,155008.00,4026265,4026265.00,4933,4933.00,0,0.00
5765,1,852,852.00,143,143.00,331155,331155.00,344229,344229.00,5664,5664.00,0,0.00
5781,2,3572,1786.00,1316,658.00,240170,120085.00,186590,93295.00,0,0.00,0,0.00
5848,3,2574,858.00,2034,678.00,470253,156751.00,831488,277162.67,9479,3159.67,2200,733.33
5856,1,982,982.00,402,402.00,183106,183106.00,17516,17516.00,4060,4060.00,0,0.00
5858,1,2900,2900.00,58,58.00,37584,37584.00,281358,281358.00,0,0.00,0,0.00
5865,1,11730,11730.00,11730,11730.00,0,0.00,0,0.00,0,0.00,0,0.00
5886,1,1,1.00,1,1.00,0,0.00,0,0.00,0,0.00,0,0.00
5888,1,2,2.00,1,1.00,12,12.00,1,1.00,0,0.00,0,0.00
5899,1,5858,5858.00,2991,2991.00,135205,135205.00,768450,768450.00,0,0.00,0,0.00
5905,1,8,8.00,4,4.00,96,96.00,12,12.00,0,0.00,0,0.00
5915,1,1103,1103.00,465,465.00,217827,217827.00,36946,36946.00,0,0.00,0,0.00
5928,38,92352,2430.32,43056,1133.05,2705040,71185.26,1022736,26914.11,0,0.00,0,0.00
5947,2,2817,1408.50,1565,782.50,195625,97812.50,24414,12207.00,0,0.00,1565,782.50
5951,1,116,116.00,37,37.00,32460,32460.00,1690,1690.00,5720,5720.00,65,65.00
5956,1,713,713.00,392,392.00,127152,127152.00,33750,33750.00,1100,1100.00,0,0.00
5969,1,1880,1880.00,658,658.00,123657,123657.00,99546,99546.00,0,0.00,0,0.00
5972,1,1883,1883.00,661,661.00,123657,123657.00,99546,99546.00,0,0.00,0,0.00
5998,1,5940,5940.00,3040,3040.00,136822,136822.00,633766,633766.00,0,0.00,0,0.00
6001,1,3034,3034.00,277,277.00,36824,36824.00,287107,287107.00,0,0.00,0,0.00
6020,1,2924,2924.00,172,172.00,37668,37668.00,90816,90816.00,0,0.00,0,0.00
6078,1,5964,5964.00,3212,3212.00,130892,130892.00,180600,180600.00,0,0.00,0,0.00
6082,1,3230,3230.00,810,810.00,119556,119556.00,65192,65192.00,0,0.00,0,0.00
6104,1,3087,3087.00,280,280.00,37471,37471.00,297591,297591.00,0,0.00,0,0.00
6146,1,2544,2544.00,1728,1728.00,123482,123482.00,80272,80272.00,0,0.00,0,0.00
6147,1,3131,3131.00,306,306.00,38449,38449.00,298119,298119.00,0,0.00,0,0.00
6155,1,2547,2547.00,1731,1731.00,123515,123515.00,80272,80272.00,0,0.00,0,0.00
6192,1,6192,6192.00,6192,6192.00,0,0.00,0,0.00,0,0.00,0,0.00
6240,3,11232,3744.00,7800,2600.00,91416,30472.00,38688,12896.00,0,0.00,0,0.00
6250,1,3860,3860.00,752,752.00,116082,116082.00,58388,58388.00,0,0.00,0,0.00
6251,2,3854,1927.00,1410,705.00,260192,130096.00,218644,109322.00,0,0.00,0,0.00
6254,1,1933,1933.00,711,711.00,130096,130096.00,109322,109322.00,0,0.00,0,0.00
6260,1,1930,1930.00,708,708.00,130129,130129.00,109322,109322.00,0,0.00,0,0.00
6360,1,1001,1001.00,362,362.00,274409,274409.00,94473,94473.00,5832,5832.00,0,0.00
6364,7,15652,2236.00,6020,860.00,859656,122808.00,198660,28380.00,0,0.00,0,0.00
6424,1,2257,2257.00,875,875.00,123588,123588.00,28506,28506.00,0,0.00,0,0.00
6439,4,8084,2021.00,2820,705.00,528186,132046.50,458250,114562.50,6110,1527.50,0,0.00
6442,4,8096,2024.00,2832,708.00,534672,133668.00,464360,116090.00,0,0.00,0,0.00
6453,1,6341,6341.00,3414,3414.00,139045,139045.00,205027,205027.00,0,0.00,0,0.00
6471,1,3269,3269.00,277,277.00,39879,39879.00,341392,341392.00,0,0.00,0,0.00
6536,1,6536,6536.00,6536,6536.00,0,0.00,0,0.00,0,0.00,0,0.00
6552,11,47424,4311.27,22152,2013.82,549120,49920.00,565656,51423.27,0,0.00,0,0.00
6554,17,31552,1856.00,8874,522.00,4182612,246036.00,820352,48256.00,0,0.00,0,0.00
6555,1,1859,1859.00,525,525.00,246036,246036.00,48256,48256.00,0,0.00,0,0.00
6556,1,3250,3250.00,62,62.00,42108,42108.00,354090,354090.00,0,0.00,0,0.00
6557,3,5571,1857.00,1569,523.00,738141,246047.00,144768,48256.00,0,0.00,0,0.00
6563,2,3718,1859.00,1050,525.00,492138,246069.00,96512,48256.00,0,0.00,0,0.00
6573,1,1565,1565.00,626,626.00,94839,94839.00,14085,14085.00,0,0.00,0,0.00
6665,1,3579,3579.00,871,871.00,132598,132598.00,80272,80272.00,0,0.00,0,0.00
6667,1,225,225.00,222,222.00,157334,157334.00,11676,11676.00,0,0.00,168,168.00
6670,2,9918,4959.00,3422,1711.00,196040,98020.00,1164524,582262.00,0,0.00,0,0.00
6724,1,3360,3360.00,91,91.00,43876,43876.00,367555,367555.00,0,0.00,0,0.00
6726,2,5436,2718.00,3572,1786.00,271672,135836.00,193836,96918.00,0,0.00,0,0.00
6735,3,8163,2721.00,5367,1789.00,407607,135869.00,290754,96918.00,0,0.00,0,0.00
6786,1,6728,6728.00,3422,3422.00,155904,155904.00,826616,826616.00,0,0.00,0,0.00
6794,1,2868,2868.00,1006,1006.00,445284,445284.00,99300,99300.00,6276,6276.00,0,0.00
6819,1,1245,1245.00,511,511.00,312272,312272.00,41246,41246.00,0,0.00,0,0.00
6830,1,4034,4034.00,810,810.00,128436,128436.00,72368,72368.00,0,0.00,0,0.00
6833,1,4556,4556.00,816,816.00,130500,130500.00,72884,72884.00,0,0.00,0,0.00
6859,1,2161,2161.00,757,757.00,142074,142074.00,114372,114372.00,0,0.00,0,0.00
6864,4,8424,2106.00,8424,2106.00,167544,41886.00,9360,2340.00,0,0.00,0,0.00
6886,1,313,313.00,313,313.00,53523,53523.00,3130,3130.00,0,0.00,0,0.00
6938,1,1378,1378.00,346,346.00,138288,138288.00,13072,13072.00,0,0.00,0,0.00
6954,1,7040,7040.00,3758,3758.00,155904,155904.00,826616,826616.00,0,0.00,0,0.00
6956,1,1259,1259.00,533,533.00,313125,313125.00,85215,85215.00,6243,6243.00,0,0.00
7099,1,1001,1001.00,657,657.00,173376,173376.00,12384,12384.00,0,0.00,0,0.00
7134,1,3538,3538.00,58,58.00,45878,45878.00,421080,421080.00,0,0.00,0,0.00
7168,1,2984,2984.00,1320,1320.00,186968,186968.00,7740,7740.00,0,0.00,0,0.00
7171,1,2985,2985.00,1321,1321.00,186979,186979.00,7740,7740.00,0,0.00,0,0.00
7176,33,163176,4944.73,119808,3630.55,2281344,69131.64,949104,28760.73,0,0.00,0,0.00
7177,1,2497,2497.00,1249,1249.00,132600,132600.00,18720,18720.00,0,0.00,0,0.00
7179,2,16850,8425.00,15603,7801.50,132625,66312.50,18720,9360.00,0,0.00,0,0.00
7191,1,2209,2209.00,799,799.00,150118,150118.00,145183,145183.00,0,0.00,0,0.00
7224,17,2924,172.00,5848,344.00,441524,25972.00,14620,860.00,0,0.00,0,0.00
7225,1,175,175.00,347,347.00,25972,25972.00,860,860.00,0,0.00,0,0.00
7227,11,1931,175.55,3826,347.82,285758,25978.00,9460,860.00,0,0.00,0,0.00
7229,1,173,173.00,347,347.00,26007,26007.00,860,860.00,0,0.00,0,0.00
7230,2,348,174.00,692,346.00,51988,25994.00,1720,860.00,0,0.00,0,0.00
7231,1,1371,1371.00,643,643.00,297761,297761.00,101887,101887.00,6318,6318.00,0,0.00
7236,1,190,190.00,353,353.00,26059,26059.00,860,860.00,0,0.00,0,0.00
7239,1,179,179.00,351,351.00,26016,26016.00,860,860.00,0,0.00,0,0.00
7251,1,193,193.00,362,362.00,26164,26164.00,860,860.00,0,0.00,0,0.00
7277,1,7217,7217.00,3679,3679.00,166819,166819.00,948300,948300.00,0,0.00,0,0.00
7306,1,2892,2892.00,1844,1844.00,148190,148190.00,115130,115130.00,0,0.00,0,0.00
7335,1,3100,3100.00,980,980.00,482391,482391.00,107575,107575.00,6799,6799.00,0,0.00
7343,1,360,360.00,418,418.00,170247,170247.00,12650,12650.00,0,0.00,180,180.00
7371,1,222,222.00,158,158.00,179364,179364.00,13419,13419.00,0,0.00,192,192.00
7379,2,4606,2303.00,1598,799.00,307380,153690.00,305970,152985.00,0,0.00,0,0.00
7382,2,4612,2306.00,1604,802.00,307380,153690.00,305970,152985.00,0,0.00,0,0.00
7396,6,15652,2608.67,5332,888.67,778472,129745.33,337980,56330.00,0,0.00,0,0.00
7404,1,1254,1254.00,286,286.00,475952,475952.00,3911819,3911819.00,4688,4688.00,1805,1805.00
7410,2,9620,4810.00,1736,868.00,286396,143198.00,177032,88516.00,0,0.00,0,0.00
7413,1,6106,6106.00,874,874.00,148358,148358.00,89806,89806.00,0,0.00,0,0.00
7426,1,2414,2414.00,1041,1041.00,146558,146558.00,39388,39388.00,0,0.00,0,0.00
7488,28,46800,1671.43,19032,679.71,3626688,129524.57,589680,21060.00,0,0.00,0,0.00
7489,1,1562,1562.00,937,937.00,122928,122928.00,5928,5928.00,0,0.00,0,0.00
7571,1,7569,7569.00,7569,7569.00,11,11.00,0,0.00,0,0.00,0,0.00
7702,1,222,222.00,1,1.00,5553,5553.00,552,552.00,103,103.00,3,3.00
7733,1,635,635.00,510,510.00,113318,113318.00,18476,18476.00,6684,6684.00,12,12.00
7800,13,63648,4896.00,34320,2640.00,680784,52368.00,848952,65304.00,0,0.00,624,48.00
7803,1,2199,2199.00,0,0.00,287289,287289.00,225948,225948.00,7644,7644.00,216,216.00
7813,1,7691,7691.00,4079,4079.00,171356,171356.00,318200,318200.00,0,0.00,0,0.00
7814,1,953,953.00,360,360.00,237653,237653.00,20063,20063.00,0,0.00,0,0.00
7822,1,4268,4268.00,984,984.00,158682,158682.00,115130,115130.00,0,0.00,0,0.00
7859,2,5970,2985.00,2642,1321.00,382902,191451.00,15480,7740.00,0,0.00,0,0.00
7886,2,6132,3066.00,3804,1902.00,321088,160544.00,269816,134908.00,0,0.00,0,0.00
7889,1,3072,3072.00,1908,1908.00,160544,160544.00,134908,134908.00,0,0.00,0,0.00
7895,1,3069,3069.00,1905,1905.00,160577,160577.00,134908,134908.00,0,0.00,0,0.00
7903,1,400,400.00,16484,16484.00,106577,106577.00,57098,57098.00,7580,7580.00,5,5.00
7977,1,2315,2315.00,58,58.00,287985,287985.00,226006,226006.00,7644,7644.00,216,216.00
7990,1,4382,4382.00,926,926.00,153144,153144.00,105026,105026.00,0,0.00,0,0.00
8049,1,1174,1174.00,213,213.00,450923,450923.00,367950,367950.00,6955,6955.00,0,0.00
8084,1,2752,2752.00,1032,1032.00,159444,159444.00,47128,47128.00,0,0.00,0,0.00
8089,1,2507,2507.00,995,995.00,162272,162272.00,145476,145476.00,0,0.00,0,0.00
8112,6,16224,2704.00,5304,884.00,1664832,277472.00,195000,32500.00,0,0.00,0,0.00
8121,1,310,310.00,96,96.00,747564,747564.00,1289935,1289935.00,5163,5163.00,2785,2785.00
8135,1,780,780.00,562,562.00,120220,120220.00,20103,20103.00,7241,7241.00,13,13.00
8203,4,11945,2986.25,5289,1322.25,773361,193340.25,30960,7740.00,0,0.00,0,0.00
8239,1,2058,2058.00,2067,2067.00,26937,26937.00,3,3.00,0,0.00,0,0.00
8248,1,2072,2072.00,2064,2064.00,26856,26856.00,8,8.00,0,0.00,0,0.00
8250,1,400,400.00,248,248.00,293427,293427.00,319776,319776.00,6050,6050.00,149,149.00
8257,1,11178,11178.00,11178,11178.00,22678,22678.00,0,0.00,0,0.00,0,0.00
8269,1,1423,1423.00,449,449.00,385917,385917.00,71487,71487.00,0,0.00,0,0.00
8319,1,2543,2543.00,172,172.00,289353,289353.00,226120,226120.00,7644,7644.00,216,216.00
8412,1,3039,3039.00,1831,1831.00,165142,165142.00,10678,10678.00,0,0.00,0,0.00
8424,45,128232,2849.60,50544,1123.20,6016920,133709.33,2267616,50391.47,0,0.00,0,0.00
8432,1,2135,2135.00,2133,2133.00,27882,27882.00,87,87.00,0,0.00,0,0.00
8477,1,2215,2215.00,323,323.00,199403,199403.00,26786,26786.00,0,0.00,0,0.00
8570,1,5760,5760.00,984,984.00,170314,170314.00,124908,124908.00,0,0.00,0,0.00
8573,1,6107,6107.00,987,987.00,171690,171690.00,125252,125252.00,0,0.00,0,0.00
8600,1,8600,8600.00,8600,8600.00,0,0.00,0,0.00,0,0.00,0,0.00
8736,2,9360,4680.00,3744,1872.00,210288,105144.00,200928,100464.00,0,0.00,0,0.00
8772,1,3268,3268.00,516,516.00,443072,443072.00,79292,79292.00,0,0.00,0,0.00
8877,1,395,395.00,394,394.00,130346,130346.00,10195,10195.00,0,0.00,162,162.00
8878,1,2303,2303.00,2192,2192.00,32667,32667.00,674,674.00,0,0.00,0,0.00
8901,2,6578,3289.00,782,391.00,1200854,600427.00,414780,207390.00,2001,1000.50,0,0.00
8927,1,1273,1273.00,320,320.00,776331,776331.00,97360,97360.00,8830,8830.00,0,0.00
8944,2,6020,3010.00,3268,1634.00,148780,74390.00,250604,125302.00,0,0.00,344,172.00
9046,1,3414,3414.00,2018,2018.00,185252,185252.00,179162,179162.00,0,0.00,0,0.00
9048,13,75504,5808.00,19656,1512.00,7873632,605664.00,1457040,112080.00,0,0.00,0,0.00
9049,1,5305,5305.00,939,939.00,747552,747552.00,90480,90480.00,0,0.00,0,0.00
9116,3,8772,2924.00,3612,1204.00,549024,183008.00,182664,60888.00,0,0.00,0,0.00
9146,1,2930,2930.00,1213,1213.00,183194,183194.00,60888,60888.00,0,0.00,0,0.00
9150,3,17286,5762.00,3126,1042.00,537936,179312.00,427400,142466.67,7540,2513.33,0,0.00
9153,5,32784,6556.80,5228,1045.60,925724,185144.80,728856,145771.20,0,0.00,0,0.00
9177,1,3565,3565.00,667,667.00,600269,600269.00,207354,207354.00,1092,1092.00,0,0.00
9233,2,4772,2386.00,1568,784.00,591810,295905.00,6274229,3137114.50,4588,2294.00,2,1.00
9328,1,1385,1385.00,213,213.00,553912,553912.00,726376,726376.00,9227,9227.00,0,0.00
9357,1,406,406.00,128,128.00,626739,626739.00,1547060,1547060.00,5617,5617.00,3425,3425.00
9360,2,7282,3641.00,1412,706.00,244971,122485.50,6228034,3114017.00,4714,2357.00,0,0.00
9460,1,1548,1548.00,344,344.00,130892,130892.00,7396,7396.00,0,0.00,172,172.00
9626,1,3262,3262.00,1368,1368.00,215417,215417.00,8486,8486.00,0,0.00,0,0.00
9627,1,3033,3033.00,1369,1369.00,202115,202115.00,7740,7740.00,0,0.00,0,0.00
9636,1,9633,9633.00,9633,9633.00,16,16.00,0,0.00,0,0.00,0,0.00
9659,1,3067,3067.00,1033,1033.00,150669,150669.00,6160265,6160265.00,4183,4183.00,0,0.00
9672,14,55224,3944.57,9048,646.29,2061696,147264.00,1302600,93042.86,0,0.00,0,0.00
9696,1,3120,3120.00,1504,1504.00,239144,239144.00,25668,25668.00,0,0.00,0,0.00
9715,1,592,592.00,422,422.00,593354,593354.00,66170,66170.00,0,0.00,168,168.00
9735,1,843,843.00,429,429.00,83065,83065.00,5332,5332.00,0,0.00,172,172.00
9792,1,1712,1712.00,484,484.00,478050,478050.00,163350,163350.00,0,0.00,0,0.00
9804,5,19608,3921.60,13416,2683.20,598044,119608.80,211560,42312.00,0,0.00,172,34.40
9808,1,9814,9814.00,9814,9814.00,0,0.00,0,0.00,0,0.00,0,0.00
9913,1,121,121.00,121,121.00,74458,74458.00,5900,5900.00,0,0.00,236,236.00
9916,1,119,119.00,119,119.00,74477,74477.00,5900,5900.00,0,0.00,236,236.00
9917,1,123,123.00,123,123.00,74458,74458.00,5900,5900.00,0,0.00,236,236.00
9923,1,2985,2985.00,1321,1321.00,203491,203491.00,7740,7740.00,0,0.00,0,0.00
9944,1,126,126.00,120,120.00,74976,74976.00,5902,5902.00,0,0.00,238,238.00
9984,3,6240,2080.00,936,312.00,569088,189696.00,136656,45552.00,0,0.00,312,104.00
10020,1,288,288.00,97,97.00,514310,514310.00,139922,139922.00,0,0.00,47,47.00
10036,1,1787,1787.00,616,616.00,476238,476238.00,88218,88218.00,0,0.00,0,0.00
10048,1,2576,2576.00,976,976.00,176100,176100.00,44956,44956.00,0,0.00,0,0.00
10296,9,47112,5234.67,19032,2114.67,1569360,174373.33,1066728,118525.33,0,0.00,0,0.00
10297,3,10299,3433.00,4683,1561.00,597168,199056.00,122616,40872.00,0,0.00,0,0.00
10299,4,13732,3433.00,6244,1561.00,796268,199067.00,163488,40872.00,0,0.00,0,0.00
10310,2,13596,6798.00,2316,1158.00,418880,209440.00,381708,190854.00,0,0.00,0,0.00
10313,2,14634,7317.00,2322,1161.00,423008,211504.00,382740,191370.00,0,0.00,0,0.00
10320,2,1032,516.00,344,172.00,316824,158412.00,62608,31304.00,0,0.00,0,0.00
10329,1,313,313.00,313,313.00,41563,41563.00,0,0.00,0,0.00,0,0.00
10444,1,587,587.00,77,77.00,112953,112953.00,59943,59943.00,10439,10439.00,5,5.00
10492,1,10492,10492.00,10492,10492.00,0,0.00,0,0.00,0,0.00,0,0.00
10496,1,691,691.00,350,350.00,85312,85312.00,5332,5332.00,0,0.00,172,172.00
10559,1,592,592.00,82,82.00,114708,114708.00,57707,57707.00,10520,10520.00,5,5.00
10563,1,1894,1894.00,1,1.00,61636,61636.00,599707,599707.00,10411,10411.00,0,0.00
10602,1,758,758.00,632,632.00,637316,637316.00,71034,71034.00,0,0.00,180,180.00
10608,2,9360,4680.00,624,312.00,223392,111696.00,262080,131040.00,0,0.00,0,0.00
10807,1,1887,1887.00,525,525.00,511768,511768.00,174548,174548.00,0,0.00,0,0.00
10828,1,639,639.00,383,383.00,677380,677380.00,75691,75691.00,0,0.00,192,192.00
10836,3,10320,3440.00,4128,1376.00,658932,219644.00,261096,87032.00,0,0.00,0,0.00
10837,2,6882,3441.00,2754,1377.00,439288,219644.00,174064,87032.00,0,0.00,0,0.00
10839,2,6892,3446.00,2764,1382.00,439288,219644.00,174064,87032.00,0,0.00,0,0.00
10920,4,31824,7956.00,11856,2964.00,611520,152880.00,984672,246168.00,0,0.00,0,0.00
11069,1,1599,1599.00,268,268.00,631441,631441.00,496722,496722.00,10617,10617.00,0,0.00
11232,3,18408,6136.00,13416,4472.00,348504,116168.00,178776,59592.00,0,0.00,0,0.00
11246,1,2186,2186.00,313,313.00,192740,192740.00,22153,22153.00,0,0.00,0,0.00
11299,1,2985,2985.00,1321,1321.00,211747,211747.00,7740,7740.00,0,0.00,0,0.00
11330,1,96,96.00,236,236.00,89217,89217.00,5029,5029.00,0,0.00,188,188.00
11420,2,1590,795.00,1280,640.00,957331,478665.50,4490014,2245007.00,17779,8889.50,5030,2515.00
11478,1,1665,1665.00,268,268.00,659613,659613.00,581864,581864.00,11378,11378.00,0,0.00
11524,2,4988,2494.00,1720,860.00,367048,183524.00,111112,55556.00,0,0.00,172,86.00
11544,12,62400,5200.00,25272,2106.00,2588976,215748.00,1362192,113516.00,0,0.00,0,0.00
11581,1,3443,3443.00,1565,1565.00,174028,174028.00,57592,57592.00,0,0.00,0,0.00
11684,1,119,119.00,238,238.00,145500,145500.00,14278,14278.00,0,0.00,236,236.00
11790,1,540,540.00,300,300.00,212392,212392.00,37680,37680.00,0,0.00,0,0.00
11856,2,17160,8580.00,12168,6084.00,126048,63024.00,169728,84864.00,0,0.00,0,0.00
11944,1,1680,1680.00,1268,1268.00,259684,259684.00,64010,64010.00,0,0.00,0,0.00
12085,2,1396,698.00,1002,501.00,725416,362708.00,4324776,2162388.00,19707,9853.50,4440,2220.00
12137,1,2288,2288.00,769,769.00,252293,252293.00,1202418,1202418.00,11735,11735.00,0,0.00
12168,5,23088,4617.60,9360,1872.00,1143480,228696.00,696072,139214.40,0,0.00,0,0.00
12207,1,1565,1565.00,1252,1252.00,282952,282952.00,22849,22849.00,0,0.00,0,0.00
12212,1,2924,2924.00,344,344.00,261612,261612.00,28724,28724.00,0,0.00,172,172.00
12331,1,850,850.00,2,2.00,12,12.00,1,1.00,0,0.00,280,280.00
12362,1,1512,1512.00,966,966.00,290532,290532.00,39522,39522.00,930,930.00,0,0.00
12402,1,383,383.00,135,135.00,634840,634840.00,172685,172685.00,0,0.00,58,58.00
12443,1,9062,9062.00,9062,9062.00,67252,67252.00,0,0.00,0,0.00,0,0.00
12480,4,13104,3276.00,1248,312.00,774384,193596.00,341640,85410.00,0,0.00,0,0.00
12482,1,418,418.00,279,279.00,303352,303352.00,22580,22580.00,0,0.00,324,324.00
12556,9,37840,4204.44,12556,1395.11,2130392,236710.22,1369980,152220.00,0,0.00,0,0.00
12658,1,4001,4001.00,1581,1581.00,258194,258194.00,118213,118213.00,0,0.00,0,0.00
12748,1,4028,4028.00,1590,1590.00,260111,260111.00,119338,119338.00,0,0.00,0,0.00
12792,4,28704,7176.00,11232,2808.00,1038960,259740.00,728208,182052.00,0,0.00,0,0.00
12865,1,752,752.00,16,16.00,152115,152115.00,401229,401229.00,11597,11597.00,5,5.00
12884,1,1514,1514.00,24,24.00,1409783,1409783.00,961835,961835.00,11305,11305.00,53,53.00
12900,1,6192,6192.00,860,860.00,1024260,1024260.00,208980,208980.00,0,0.00,0,0.00
12982,1,12868,12868.00,6676,6676.00,292572,292572.00,963200,963200.00,0,0.00,0,0.00
13104,34,18408,541.41,20592,605.65,1920984,56499.53,335088,9855.53,0,0.00,0,0.00
13105,2,4681,2340.50,939,469.50,177216,88608.00,14352,7176.00,0,0.00,624,312.00
13107,3,941,313.67,1875,625.00,141371,47123.67,4682,1560.67,0,0.00,0,0.00
13146,1,2191,2191.00,939,939.00,314878,314878.00,113932,113932.00,0,0.00,0,0.00
13244,1,6536,6536.00,172,172.00,84624,84624.00,477300,477300.00,0,0.00,0,0.00
13245,1,4301,4301.00,1549,1549.00,269352,269352.00,131236,131236.00,0,0.00,0,0.00
13416,24,107328,4472.00,46800,1950.00,6523608,271817.00,1780584,74191.00,0,0.00,0,0.00
13417,1,4369,4369.00,1873,1873.00,265512,265512.00,71448,71448.00,0,0.00,0,0.00
13419,1,4369,4369.00,1873,1873.00,265523,265523.00,71448,71448.00,0,0.00,0,0.00
13459,1,939,939.00,2191,2191.00,238193,238193.00,27231,27231.00,0,0.00,0,0.00
13464,1,5984,5984.00,1496,1496.00,101728,101728.00,53856,53856.00,0,0.00,0,0.00
13658,1,13538,13538.00,7002,7002.00,308773,308773.00,1075516,1075516.00,0,0.00,0,0.00
13728,3,20592,6864.00,14352,4784.00,534768,178256.00,258336,86112.00,0,0.00,0,0.00
14040,8,51168,6396.00,26208,3276.00,2190864,273858.00,1502904,187863.00,0,0.00,624,78.00
14043,1,3,3.00,314,314.00,14368,14368.00,2,2.00,0,0.00,312,312.00
14065,1,1536,1536.00,586,586.00,84773,84773.00,7801,7801.00,11583,11583.00,0,0.00
14276,1,4472,4472.00,1720,1720.00,292916,292916.00,153252,153252.00,0,0.00,0,0.00
14352,2,8112,4056.00,936,468.00,252408,126204.00,269880,134940.00,0,0.00,0,0.00
14448,1,172,172.00,172,172.00,108532,108532.00,8600,8600.00,0,0.00,344,344.00
14486,1,2508,2508.00,846,846.00,679986,679986.00,90026,90026.00,0,0.00,0,0.00
14494,1,288,288.00,634,634.00,112492,112492.00,6206,6206.00,0,0.00,232,232.00
14556,1,2048,2048.00,67,67.00,521896,521896.00,677825,677825.00,13800,13800.00,0,0.00
14664,14,77064,5504.57,31512,2250.86,4260984,304356.00,1282632,91616.57,0,0.00,0,0.00
14964,1,4816,4816.00,1720,1720.00,305988,305988.00,168560,168560.00,0,0.00,0,0.00
14976,1,6864,6864.00,312,312.00,161928,161928.00,288288,288288.00,0,0.00,0,0.00
14977,1,2755,2755.00,863,863.00,632165,632165.00,109564,109564.00,0,0.00,0,0.00
15050,1,4787,4787.00,1714,1714.00,310710,310710.00,249951,249951.00,0,0.00,0,0.00
15288,3,29952,9984.00,8424,2808.00,533520,177840.00,1371240,457080.00,0,0.00,0,0.00
15294,1,625,625.00,312,312.00,141336,141336.00,4992,4992.00,0,0.00,312,312.00
15311,1,7569,7569.00,173,173.00,98051,98051.00,643452,643452.00,0,0.00,0,0.00
15337,1,3130,3130.00,1878,1878.00,318947,318947.00,66669,66669.00,0,0.00,0,0.00
15600,2,22776,11388.00,15912,7956.00,169104,84552.00,315744,157872.00,0,0.00,0,0.00
15710,1,15596,15596.00,8028,8028.00,357244,357244.00,1449616,1449616.00,0,0.00,0,0.00
15882,1,1986,1986.00,843,843.00,117236,117236.00,15241,15241.00,10692,10692.00,0,0.00
15912,1,15600,15600.00,8112,8112.00,354744,354744.00,760656,760656.00,0,0.00,0,0.00
15913,1,5932,5932.00,939,939.00,803712,803712.00,143832,143832.00,0,0.00,0,0.00
15952,1,2828,2828.00,916,916.00,293852,293852.00,110236,110236.00,0,0.00,0,0.00
15996,4,19952,4988.00,7568,1892.00,1318208,329552.00,773312,193328.00,0,0.00,0,0.00
15999,2,9978,4989.00,3786,1893.00,659126,329563.00,386656,193328.00,0,0.00,0,0.00
16153,1,682,682.00,254,254.00,1809549,1809549.00,6353300,6353300.00,10375,10375.00,5565,5565.00
16172,1,2214,2214.00,322,322.00,441432,441432.00,24232,24232.00,0,0.00,0,0.00
16224,3,18408,6136.00,6240,2080.00,446160,148720.00,799032,266344.00,0,0.00,624,208.00
16229,1,3124,3124.00,315,315.00,610016,610016.00,55536,55536.00,0,0.00,0,0.00
16536,4,32136,8034.00,14664,3666.00,1363752,340938.00,1151280,287820.00,0,0.00,0,0.00
16537,1,5305,5305.00,2185,2185.00,331968,331968.00,110448,110448.00,0,0.00,0,0.00
16684,1,5332,5332.00,1892,1892.00,342624,342624.00,210528,210528.00,0,0.00,0,0.00
16687,1,5338,5338.00,1898,1898.00,342624,342624.00,210528,210528.00,0,0.00,0,0.00
16849,1,5305,5305.00,2187,2187.00,430248,430248.00,137592,137592.00,0,0.00,0,0.00
16883,1,0,0.00,313,313.00,17161,17161.00,0,0.00,0,0.00,313,313.00
16888,1,6192,6192.00,3672,3672.00,578608,578608.00,10320,10320.00,0,0.00,0,0.00
16944,1,5312,5312.00,2008,2008.00,351780,351780.00,317892,317892.00,0,0.00,0,0.00
16964,1,14461,14461.00,3303,3303.00,1051758,1051758.00,7617835,7617835.00,16763,16763.00,0,0.00
16988,2,3432,1716.00,396,198.00,6028748,3014374.00,2768939,1384469.50,30428,15214.00,2980,1490.00
17160,3,13104,4368.00,4992,1664.00,993408,331136.00,42744,14248.00,0,0.00,312,104.00
17215,1,4069,4069.00,939,939.00,547124,547124.00,133025,133025.00,0,0.00,0,0.00
17372,1,8600,8600.00,172,172.00,111456,111456.00,834372,834372.00,0,0.00,0,0.00
17472,1,17472,17472.00,17472,17472.00,0,0.00,0,0.00,0,0.00,0,0.00
17475,1,1249,1249.00,625,625.00,150086,150086.00,9672,9672.00,0,0.00,312,312.00
17629,1,5795,5795.00,2013,2013.00,284941,284941.00,911357,911357.00,1731,1731.00,0,0.00
17716,1,5504,5504.00,2064,2064.00,366188,366188.00,238048,238048.00,0,0.00,0,0.00
17717,1,5505,5505.00,2065,2065.00,366188,366188.00,238048,238048.00,0,0.00,0,0.00
17719,1,5505,5505.00,2065,2065.00,366199,366199.00,238048,238048.00,0,0.00,0,0.00
17778,1,3131,3131.00,888,888.00,861872,861872.00,294127,294127.00,0,0.00,0,0.00
17784,6,52416,8736.00,42120,7020.00,1097616,182936.00,269880,44980.00,0,0.00,312,52.00
17790,1,5928,5928.00,2184,2184.00,355680,355680.00,127920,127920.00,0,0.00,0,0.00
17798,1,17684,17684.00,9084,9084.00,405748,405748.00,1879444,1879444.00,0,0.00,0,0.00
17953,1,5985,5985.00,3,3.00,200628,200628.00,4111237,4111237.00,17745,17745.00,0,0.00
18294,1,1116,1116.00,654,654.00,1143480,1143480.00,127662,127662.00,0,0.00,324,324.00
18404,2,11696,5848.00,4128,2064.00,758520,379260.00,514280,257140.00,0,0.00,0,0.00
18407,1,5854,5854.00,2070,2070.00,379260,379260.00,257140,257140.00,0,0.00,0,0.00
18514,1,9314,9314.00,313,313.00,298109,298109.00,22527,22527.00,0,0.00,632,632.00
18681,1,6204,6204.00,2120,2120.00,284508,284508.00,264746,264746.00,18366,18366.00,0,0.00
18720,9,9360,1040.00,3120,346.67,2508168,278685.33,472368,52485.33,0,0.00,312,34.67
18742,1,6247,6247.00,2132,2132.00,285429,285429.00,255250,255250.00,18357,18357.00,0,0.00
18780,1,939,939.00,313,313.00,288273,288273.00,56966,56966.00,0,0.00,0,0.00
19032,2,20280,10140.00,19656,9828.00,154752,77376.00,9672,4836.00,0,0.00,312,156.00
19228,1,342,342.00,312,312.00,392244,392244.00,6360,6360.00,850,850.00,624,624.00
19302,1,485,485.00,487,487.00,285292,285292.00,22568,22568.00,0,0.00,358,358.00
19436,18,103716,5762.00,27176,1509.78,12201680,677871.11,3627136,201507.56,0,0.00,0,0.00
19439,4,24089,6022.25,8953,2238.25,1611329,402832.25,1149648,287412.00,0,0.00,0,0.00
19445,4,22028,5507.00,6204,1551.00,2918628,729657.00,572416,143104.00,0,0.00,0,0.00
19535,1,7875,7875.00,3023,3023.00,547563,547563.00,2274529,2274529.00,19382,19382.00,5,5.00
19656,4,24960,6240.00,9984,2496.00,1593696,398424.00,631488,157872.00,0,0.00,0,0.00
19657,2,12482,6241.00,4994,2497.00,796848,398424.00,315744,157872.00,0,0.00,0,0.00
19659,1,6241,6241.00,2497,2497.00,398435,398435.00,157872,157872.00,0,0.00,0,0.00
19780,1,9804,9804.00,172,172.00,127108,127108.00,1088416,1088416.00,0,0.00,0,0.00
19802,1,9828,9828.00,191,191.00,127446,127446.00,1088593,1088593.00,0,0.00,0,0.00
19838,1,19724,19724.00,10092,10092.00,454252,454252.00,2365000,2365000.00,0,0.00,0,0.00
20127,1,6370,6370.00,2242,2242.00,415896,415896.00,308396,308396.00,0,0.00,0,0.00
20182,1,20068,20068.00,10264,10264.00,462336,462336.00,2451344,2451344.00,0,0.00,0,0.00
20221,1,819,819.00,192,192.00,3349892,3349892.00,10482520,10482520.00,12417,12417.00,7555,7555.00
20280,3,4992,1664.00,2808,936.00,424632,141544.00,14040,4680.00,0,0.00,624,208.00
20843,1,21292,21292.00,11581,11581.00,462348,462348.00,2451345,2451345.00,0,0.00,0,0.00
20904,3,15912,5304.00,3744,1248.00,1050816,350272.00,748800,249600.00,0,0.00,312,104.00
20963,1,1902,1902.00,5,5.00,403270,403270.00,1439753,1439753.00,20949,20949.00,11,11.00
21156,3,23564,7854.67,4988,1662.67,1014972,338324.00,1931560,643853.33,0,0.00,0,0.00
21385,1,376,376.00,47,47.00,116748,116748.00,6110,6110.00,20680,20680.00,235,235.00
21552,1,14391,14391.00,14352,14352.00,121992,121992.00,0,0.00,0,0.00,1,1.00
21582,1,21468,21468.00,10976,10976.00,494672,494672.00,2812200,2812200.00,0,0.00,0,0.00
21844,1,6880,6880.00,2408,2408.00,452532,452532.00,364296,364296.00,0,0.00,0,0.00
21845,1,6881,6881.00,2409,2409.00,452532,452532.00,364296,364296.00,0,0.00,0,0.00
22153,1,5305,5305.00,625,625.00,474552,474552.00,52104,52104.00,0,0.00,312,312.00
22319,1,2400,2400.00,240,240.00,312645,312645.00,85215,85215.00,6243,6243.00,360,360.00
22464,1,2496,2496.00,312,312.00,326976,326976.00,69576,69576.00,0,0.00,0,0.00
22776,8,61464,7683.00,19968,2496.00,3399552,424944.00,2271360,283920.00,0,0.00,0,0.00
22777,2,14354,7177.00,5618,2809.00,929760,464880.00,427440,213720.00,0,0.00,0,0.00
22779,1,7177,7177.00,2809,2809.00,464891,464891.00,213720,213720.00,0,0.00,0,0.00
22831,1,5708,5708.00,1903,1903.00,533771,533771.00,3879732,3879732.00,22197,22197.00,0,0.00
22876,2,14104,7052.00,5160,2580.00,952192,476096.00,800144,400072.00,0,0.00,0,0.00
22877,1,7054,7054.00,2582,2582.00,476096,476096.00,400072,400072.00,0,0.00,0,0.00
22879,1,7053,7053.00,2581,2581.00,476107,476107.00,400072,400072.00,0,0.00,0,0.00
23400,2,34320,17160.00,13416,6708.00,2388672,1194336.00,2126280,1063140.00,0,0.00,0,0.00
23564,3,22188,7396.00,7740,2580.00,1443768,481256.00,1252160,417386.67,22360,7453.33,0,0.00
23565,4,29588,7397.00,10324,2581.00,1956672,489168.00,1699360,424840.00,0,0.00,0,0.00
23567,1,7402,7402.00,2586,2586.00,489168,489168.00,424840,424840.00,0,0.00,0,0.00
23790,1,4376,4376.00,316,316.00,1078375,1078375.00,112327,112327.00,0,0.00,0,0.00
24024,3,21840,7280.00,4056,1352.00,2014896,671632.00,1198704,399568.00,0,0.00,312,104.00
24067,1,5846,5846.00,1548,1548.00,729624,729624.00,143104,143104.00,0,0.00,115,115.00
24434,1,3187,3187.00,813,813.00,1070089,1070089.00,367905,367905.00,22842,22842.00,0,0.00
24648,1,24336,24336.00,12480,12480.00,560040,560040.00,1950936,1950936.00,0,0.00,0,0.00
24664,1,5926,5926.00,1548,1548.00,729624,729624.00,143104,143104.00,0,0.00,115,115.00
24709,1,5908,5908.00,1548,1548.00,729624,729624.00,143104,143104.00,0,0.00,121,121.00
25272,1,7800,7800.00,312,312.00,219960,219960.00,411840,411840.00,0,0.00,0,0.00
25729,1,10164,10164.00,1712,1712.00,1744029,1744029.00,388925,388925.00,24581,24581.00,0,0.00
25731,1,2820,2820.00,230,230.00,971218,971218.00,140626,140626.00,12040,12040.00,0,0.00
25896,1,8112,8112.00,3120,3120.00,531336,531336.00,277992,277992.00,0,0.00,0,0.00
26236,1,11272,11272.00,312,312.00,966250,966250.00,212434,212434.00,0,0.00,0,0.00
26299,1,2936,2936.00,64,64.00,96791,96791.00,75316,75316.00,2548,2548.00,618,618.00
26316,1,8084,8084.00,2924,2924.00,549368,549368.00,531308,531308.00,0,0.00,0,0.00
26330,1,2778,2778.00,198,198.00,1269876,1269876.00,262988,262988.00,0,0.00,0,0.00
26367,1,282,282.00,282,282.00,416326,416326.00,71017,71017.00,26179,26179.00,47,47.00
26480,1,3785,3785.00,1,1.00,469555,469555.00,1482961,1482961.00,25951,25951.00,0,0.00
26497,1,3787,3787.00,1,1.00,593757,593757.00,6625689,6625689.00,25668,25668.00,0,0.00
26520,1,0,0.00,312,312.00,1248,1248.00,0,0.00,25584,25584.00,312,312.00
26776,1,10011,10011.00,1315,1315.00,1797288,1797288.00,622062,622062.00,3276,3276.00,0,0.00
26906,1,636,636.00,402,402.00,146480,146480.00,7540,7540.00,25520,25520.00,290,290.00
26983,1,10145,10145.00,1451,1451.00,1798472,1798472.00,622062,622062.00,3276,3276.00,0,0.00
27004,2,16856,8428.00,5848,2924.00,1124880,562440.00,1119720,559860.00,0,0.00,0,0.00
27005,2,16858,8429.00,5850,2925.00,1124880,562440.00,1119720,559860.00,0,0.00,0,0.00
27144,3,13728,4576.00,4992,1664.00,1726080,575360.00,504504,168168.00,3024,1008.00,312,104.00
27192,1,832,832.00,592,592.00,661466,661466.00,49484,49484.00,0,0.00,708,708.00
27251,1,10082,10082.00,1210,1210.00,1834395,1834395.00,630337,630337.00,3799,3799.00,0,0.00
27768,1,13728,13728.00,312,312.00,177840,177840.00,1167192,1167192.00,0,0.00,0,0.00
28080,1,9360,9360.00,624,624.00,500610,500610.00,877914,877914.00,22306,22306.00,0,0.00
28392,1,28080,28080.00,14352,14352.00,619320,619320.00,2616120,2616120.00,27768,27768.00,0,0.00
28844,1,2218,2218.00,1347,1347.00,2470552,2470552.00,1695525,1695525.00,27552,27552.00,0,0.00
28866,1,13641,13641.00,312,312.00,698245,698245.00,198029,198029.00,726,726.00,312,312.00
29016,1,9048,9048.00,3432,3432.00,597792,597792.00,350688,350688.00,0,0.00,0,0.00
29017,1,9049,9049.00,3433,3433.00,597792,597792.00,350688,350688.00,0,0.00,0,0.00
29019,4,36196,9049.00,13732,3433.00,2391212,597803.00,1402752,350688.00,0,0.00,0,0.00
29704,1,5199,5199.00,1574,1574.00,1413150,1413150.00,261755,261755.00,0,0.00,0,0.00
30264,2,19344,9672.00,6864,3432.00,1243008,621504.00,763776,381888.00,0,0.00,0,0.00
30444,1,5722,5722.00,1914,1914.00,626117,626117.00,2428195,2428195.00,29838,29838.00,0,0.00
30468,1,4772,4772.00,1400,1400.00,1321928,1321928.00,453414,453414.00,28188,28188.00,0,0.00
30576,1,3432,3432.00,312,312.00,984984,984984.00,94224,94224.00,21840,21840.00,0,0.00
30700,1,11289,11289.00,6240,6240.00,1049568,1049568.00,18720,18720.00,0,0.00,2,2.00
31209,1,5624,5624.00,317,317.00,1546734,1546734.00,199391,199391.00,0,0.00,0,0.00
31212,1,8796,8796.00,0,0.00,1149156,1149156.00,903792,903792.00,30576,30576.00,864,864.00
31512,1,15600,15600.00,312,312.00,202176,202176.00,1513512,1513512.00,0,0.00,0,0.00
31616,2,4174,2087.00,40,20.00,5886605,2943302.50,6513263,3256631.50,59328,29664.00,1550,775.00
31658,1,2113,2113.00,36,36.00,2904034,2904034.00,3278038,3278038.00,29664,29664.00,775,775.00
32136,2,41808,20904.00,19968,9984.00,1400256,700128.00,3841032,1920516.00,0,0.00,0,0.00
32137,1,9985,9985.00,3745,3745.00,664248,664248.00,431808,431808.00,0,0.00,0,0.00
32139,1,9985,9985.00,3745,3745.00,664259,664259.00,431808,431808.00,0,0.00,0,0.00
32150,1,1891,1891.00,872,872.00,316568,316568.00,1577090,1577090.00,31174,31174.00,5,5.00
33054,1,520,520.00,692,692.00,516172,516172.00,87638,87638.00,32306,32306.00,58,58.00
33384,4,31824,7956.00,11544,2886.00,2077608,519402.00,1399320,349830.00,19968,4992.00,312,78.00
33725,1,2568,2568.00,51,51.00,29979,29979.00,37653,37653.00,807,807.00,267,267.00
33817,1,9530,9530.00,1,1.00,1244936,1244936.00,979108,979108.00,33124,33124.00,936,936.00
34008,1,5616,5616.00,624,624.00,700128,700128.00,208728,208728.00,19656,19656.00,0,0.00
34332,1,5734,5734.00,1912,1912.00,900035,900035.00,7347550,7347550.00,33880,33880.00,0,0.00
34355,1,13240,13240.00,1953,1953.00,808877,808877.00,1623787,1623787.00,13929,13929.00,0,0.00
35089,1,9247,9247.00,6711,6711.00,4640,4640.00,742,742.00,0,0.00,267,267.00
35256,24,247104,10296.00,64896,2704.00,30667104,1277796.00,7875192,328133.00,0,0.00,0,0.00
35257,2,21842,10921.00,8114,4057.00,1461408,730704.00,1042704,521352.00,0,0.00,0,0.00
35259,3,32763,10921.00,12171,4057.00,2192145,730715.00,1564056,521352.00,0,0.00,0,0.00
35880,2,53352,26676.00,18408,9204.00,1054560,527280.00,6264336,3132168.00,0,0.00,0,0.00
36225,1,17807,17807.00,312,312.00,230568,230568.00,1974336,1974336.00,0,0.00,5,5.00
36504,3,83928,27976.00,40872,13624.00,2431728,810576.00,9452664,3150888.00,0,0.00,0,0.00
36681,1,1065,1065.00,362,362.00,1882216,1882216.00,512062,512062.00,0,0.00,172,172.00
38009,1,3980,3980.00,402,402.00,313165,313165.00,85215,85215.00,6243,6243.00,720,720.00
38376,2,30888,15444.00,4680,2340.00,1043952,521976.00,2884440,1442220.00,0,0.00,0,0.00
38377,1,11857,11857.00,4369,4369.00,797160,797160.00,619320,619320.00,0,0.00,0,0.00
38440,1,6638,6638.00,1672,1672.00,1880990,1880990.00,642620,642620.00,0,0.00,0,0.00
38699,1,6874,6874.00,318,318.00,1904818,1904818.00,260630,260630.00,23368,23368.00,0,0.00
39000,2,38688,19344.00,19968,9984.00,936624,468312.00,5101200,2550600.00,0,0.00,312,156.00
39624,2,24960,12480.00,8736,4368.00,1641744,820872.00,1321632,660816.00,0,0.00,0,0.00
39715,1,10007,10007.00,3440,3440.00,968449,968449.00,817256,817256.00,0,0.00,0,0.00
39749,2,12636,6318.00,626,313.00,2040601,1020300.50,76738,38369.00,72616,36308.00,1878,939.00
39974,1,2374,2374.00,1421,1421.00,2498210,2498210.00,279114,279114.00,0,0.00,708,708.00
40248,1,0,0.00,312,312.00,20592,20592.00,0,0.00,19968,19968.00,312,312.00
40560,1,624,624.00,312,312.00,447096,447096.00,50544,50544.00,0,0.00,0,0.00
41452,1,344,344.00,860,860.00,326456,326456.00,18404,18404.00,0,0.00,688,688.00
41497,1,12793,12793.00,4681,4681.00,863616,863616.00,725712,725712.00,0,0.00,0,0.00
41499,3,38379,12793.00,14043,4681.00,2590881,863627.00,2177136,725712.00,0,0.00,0,0.00
41876,1,5676,5676.00,312,312.00,1217080,1217080.00,1012856,1012856.00,664,664.00,312,312.00
42364,1,9163,9163.00,1600,1600.00,1633610,1633610.00,624050,624050.00,552,552.00,0,0.00
42744,8,107328,13416.00,37440,4680.00,7098624,887328.00,6165120,770640.00,0,0.00,0,0.00
42779,1,1890,1890.00,510,510.00,9086202,9086202.00,66347632,66347632.00,26217,26217.00,16365,16365.00
43756,1,0,0.00,312,312.00,1248,1248.00,0,0.00,42820,42820.00,312,312.00
44616,1,4680,4680.00,312,312.00,2285712,2285712.00,260520,260520.00,35880,35880.00,332,332.00
45243,1,3,3.00,314,314.00,20608,20608.00,2,2.00,24960,24960.00,312,312.00
45864,1,0,0.00,312,312.00,46176,46176.00,0,0.00,0,0.00,312,312.00
47054,1,4967,4967.00,1776,1776.00,256066,256066.00,18649,18649.00,41877,41877.00,0,0.00
47583,1,2790,2790.00,30,30.00,455628,455628.00,1546413,1546413.00,46322,46322.00,5,5.00
47736,1,4992,4992.00,312,312.00,2303496,2303496.00,477048,477048.00,0,0.00,0,0.00
47737,1,14665,14665.00,5305,5305.00,996528,996528.00,963768,963768.00,0,0.00,0,0.00
48984,4,61152,15288.00,21216,5304.00,4080960,1020240.00,4062240,1015560.00,0,0.00,0,0.00
51480,1,0,0.00,312,312.00,51792,51792.00,0,0.00,0,0.00,312,312.00
51483,1,3,3.00,314,314.00,26848,26848.00,2,2.00,24960,24960.00,312,312.00
53679,1,9374,9374.00,320,320.00,2951811,2951811.00,642221,642221.00,0,0.00,0,0.00
54055,1,7778,7778.00,75,75.00,1244091,1244091.00,9343692,9343692.00,52978,52978.00,0,0.00
54321,1,2332,2332.00,384,384.00,17733369,17733369.00,107998170,107998170.00,32027,32027.00,22045,22045.00
58690,1,12736,12736.00,2227,2227.00,2065797,2065797.00,2230635,2230635.00,46268,46268.00,0,0.00
61169,1,10624,10624.00,321,321.00,3420170,3420170.00,850377,850377.00,0,0.00,0,0.00
62679,1,6562,6562.00,939,939.00,3027565,3027565.00,317949,317949.00,30987,30987.00,939,939.00
62712,1,23088,23088.00,8112,8112.00,927576,927576.00,2143752,2143752.00,0,0.00,0,0.00
64584,1,0,0.00,312,312.00,64896,64896.00,0,0.00,0,0.00,312,312.00
65208,1,0,0.00,312,312.00,7488,7488.00,0,0.00,58032,58032.00,312,312.00
66594,1,4952,4952.00,66,66.00,30135,30135.00,37666,37666.00,807,807.00,534,534.00
68659,1,11874,11874.00,322,322.00,3888529,3888529.00,1088806,1088806.00,0,0.00,0,0.00
69264,1,30576,30576.00,7800,7800.00,2154672,2154672.00,4107168,4107168.00,0,0.00,0,0.00
69456,1,6654,6654.00,1796,1796.00,490208,490208.00,60802,60802.00,51678,51678.00,0,0.00
70200,1,0,0.00,312,312.00,20592,20592.00,0,0.00,49920,49920.00,312,312.00
72072,1,0,0.00,312,312.00,20592,20592.00,0,0.00,51792,51792.00,312,312.00
72231,1,12070,12070.00,2842,2842.00,4655467,4655467.00,390053000,390053000.00,53784,53784.00,17721,17721.00
75742,1,5557,5557.00,12,12.00,9993,9993.00,12551,12551.00,269,269.00,623,623.00
76440,1,0,0.00,312,312.00,76752,76752.00,0,0.00,0,0.00,312,312.00
76443,1,3,3.00,314,314.00,19984,19984.00,2,2.00,56784,56784.00,312,312.00
78247,1,1312,1312.00,3172,3172.00,228710,228710.00,9774,9774.00,3322,3322.00,318,318.00
78260,1,1376,1376.00,172,172.00,427248,427248.00,22360,22360.00,75680,75680.00,860,860.00
80808,1,3120,3120.00,312,312.00,867381,867381.00,133536,133536.00,71129,71129.00,312,312.00
83094,1,9494,9494.00,2133,2133.00,26731760,26731760.00,118899021,118899021.00,80850,80850.00,2048,2048.00
83139,1,9483,9483.00,2124,2124.00,26761716,26761716.00,118923310,118923310.00,80850,80850.00,2048,2048.00
83182,1,9695,9695.00,2271,2271.00,26755601,26755601.00,118925416,118925416.00,80850,80850.00,2048,2048.00
83307,1,3,3.00,314,314.00,26848,26848.00,2,2.00,56784,56784.00,312,312.00
83639,1,14374,14374.00,324,324.00,4825247,4825247.00,1656483,1656483.00,0,0.00,0,0.00
84552,1,0,0.00,312,312.00,26328,26328.00,0,0.00,58536,58536.00,312,312.00
86717,1,3599,3599.00,2586,2586.00,3966504,3966504.00,352324,352324.00,45119,45119.00,313,313.00
88920,1,0,0.00,312,312.00,7488,7488.00,0,0.00,81744,81744.00,312,312.00
88960,1,11819,11819.00,2669,2669.00,3912534,3912534.00,1346798,1346798.00,83592,83592.00,0,0.00
89544,1,0,0.00,312,312.00,89856,89856.00,0,0.00,0,0.00,312,312.00
91129,1,15624,15624.00,325,325.00,5052622,5052622.00,1345903,1345903.00,59628,59628.00,0,0.00
92040,1,23088,23088.00,7800,7800.00,2294136,2294136.00,4216368,4216368.00,0,0.00,0,0.00
92041,1,23091,23091.00,7803,7803.00,2181816,2181816.00,2198664,2198664.00,44928,44928.00,0,0.00
92462,1,21528,21528.00,3744,3744.00,3117816,3117816.00,3915912,3915912.00,83928,83928.00,0,0.00
94857,1,6264,6264.00,66,66.00,8709885,8709885.00,9833589,9833589.00,88992,88992.00,2325,2325.00
94915,1,6322,6322.00,124,124.00,8709885,8709885.00,9833589,9833589.00,88992,88992.00,2325,2325.00
94953,1,11028,11028.00,1960,1960.00,1250580,1250580.00,340860,340860.00,24972,24972.00,1556,1556.00
95023,1,6434,6434.00,234,234.00,8709857,8709857.00,9833589,9833589.00,88992,88992.00,2325,2325.00
95787,1,3,3.00,314,314.00,13744,13744.00,2,2.00,82368,82368.00,312,312.00
96408,1,0,0.00,312,312.00,96720,96720.00,0,0.00,0,0.00,312,312.00
96454,1,2,2.00,312,312.00,71040,71040.00,0,0.00,25680,25680.00,312,312.00
96492,1,1032,1032.00,1032,1032.00,1523576,1523576.00,259892,259892.00,95804,95804.00,172,172.00
98619,1,16874,16874.00,326,326.00,5761965,5761965.00,2345252,2345252.00,0,0.00,0,0.00
103272,1,0,0.00,312,312.00,40560,40560.00,0,0.00,63024,63024.00,312,312.00
106109,1,18124,18124.00,327,327.00,5968368,5968368.00,1784866,1784866.00,67646,67646.00,0,0.00
107640,1,0,0.00,312,312.00,107952,107952.00,0,0.00,0,0.00,312,312.00
108264,1,0,0.00,312,312.00,26208,26208.00,0,0.00,82368,82368.00,312,312.00
113164,1,16156,16156.00,2527,2527.00,6344987,6344987.00,4727168,4727168.00,112864,112864.00,0,0.00
113599,1,19374,19374.00,328,328.00,6698683,6698683.00,3155113,3155113.00,0,0.00,0,0.00
113880,1,0,0.00,312,312.00,111528,111528.00,0,0.00,2664,2664.00,312,312.00
115128,1,0,0.00,312,312.00,13728,13728.00,0,0.00,101712,101712.00,312,312.00
116002,1,43140,43140.00,5372,5372.00,7787910,7787910.00,2695446,2695446.00,14222,14222.00,0,0.00
119893,1,5487,5487.00,1013,1013.00,52839076,52839076.00,752415561,752415561.00,69815,69815.00,49865,49865.00
120744,1,0,0.00,312,312.00,7320,7320.00,0,0.00,113736,113736.00,312,312.00
121056,1,20592,20592.00,312,312.00,7166328,7166328.00,3604536,3604536.00,0,0.00,0,0.00
121089,1,20624,20624.00,329,329.00,7030086,7030086.00,2319538,2319538.00,30780,30780.00,0,0.00
121368,1,0,0.00,312,312.00,22288,22288.00,0,0.00,99392,99392.00,312,312.00
122250,1,34452,34452.00,1,1.00,4500875,4500875.00,3539852,3539852.00,119756,119756.00,3384,3384.00
122616,1,0,0.00,312,312.00,13728,13728.00,0,0.00,109200,109200.00,312,312.00
126360,1,0,0.00,312,312.00,13728,13728.00,0,0.00,112944,112944.00,312,312.00
127608,1,0,0.00,312,312.00,127920,127920.00,0,0.00,0,0.00,312,312.00
128579,1,21874,21874.00,330,330.00,7344737,7344737.00,2432154,2432154.00,74604,74604.00,0,0.00
128941,1,5794,5794.00,655,655.00,72398089,72398089.00,768950939,768950939.00,72707,72707.00,55755,55755.00
131081,1,49154,49154.00,16386,16386.00,1835903,1835903.00,68490753,68490753.00,130149,130149.00,0,0.00
133224,1,0,0.00,312,312.00,1248,1248.00,0,0.00,132288,132288.00,312,312.00
133848,1,0,0.00,312,312.00,95816,95816.00,0,0.00,38344,38344.00,312,312.00
136069,1,23124,23124.00,331,331.00,8103760,8103760.00,4596952,4596952.00,0,0.00,0,0.00
138766,1,52059,52059.00,7307,7307.00,9341046,9341046.00,2968054,2968054.00,43462,43462.00,0,0.00
139464,1,0,0.00,312,312.00,51072,51072.00,0,0.00,88704,88704.00,312,312.00
140088,1,0,0.00,312,312.00,13728,13728.00,0,0.00,126672,126672.00,312,312.00
141960,1,2496,2496.00,312,312.00,775008,775008.00,40560,40560.00,137280,137280.00,1560,1560.00
142882,1,24393,24393.00,3138,3138.00,9692938,9692938.00,2238493,2238493.00,103823,103823.00,939,939.00
143559,1,24374,24374.00,332,332.00,8458251,8458251.00,3808763,3808763.00,22932,22932.00,0,0.00
143640,1,15395,15395.00,1360,1360.00,1354795,1354795.00,369265,369265.00,27053,27053.00,2640,2640.00
145080,1,0,0.00,312,312.00,12288,12288.00,0,0.00,133104,133104.00,312,312.00
145704,1,0,0.00,312,312.00,146016,146016.00,0,0.00,0,0.00,312,312.00
145772,1,11187,11187.00,311,311.00,119916,119916.00,150612,150612.00,3228,3228.00,1157,1157.00
150858,1,42514,42514.00,0,0.00,5554254,5554254.00,4368328,4368328.00,147784,147784.00,4176,4176.00
151987,1,25938,25938.00,334,334.00,8603193,8603193.00,5422343,5422343.00,136425,136425.00,0,0.00
159477,1,27188,27188.00,335,335.00,9533532,9533532.00,6444962,6444962.00,0,0.00,0,0.00
159744,1,19656,19656.00,4056,4056.00,7080216,7080216.00,2437032,2437032.00,151632,151632.00,0,0.00
160056,1,0,0.00,312,312.00,13728,13728.00,0,0.00,146640,146640.00,312,312.00
162680,1,16484,16484.00,1902,1902.00,52165276,52165276.00,51633348,51633348.00,148665,148665.00,14270,14270.00
165571,1,10808,10808.00,2,2.00,151,151.00,5,5.00,0,0.00,4066,4066.00
166967,1,28438,28438.00,336,336.00,9802619,9802619.00,4694206,4694206.00,45141,45141.00,0,0.00
169303,1,15652,15652.00,4816,4816.00,919168,919168.00,66564,66564.00,153252,153252.00,0,0.00
173789,1,27457,27457.00,11233,11233.00,30769752,30769752.00,5581368,5581368.00,0,0.00,0,0.00
174457,1,29688,29688.00,337,337.00,10120001,10120001.00,4546935,4546935.00,105696,105696.00,0,0.00
175032,1,1872,1872.00,1872,1872.00,2763696,2763696.00,471432,471432.00,173784,173784.00,312,312.00
181947,1,30938,30938.00,338,338.00,10938609,10938609.00,8522534,8522534.00,0,0.00,0,0.00
183467,1,77272,77272.00,9672,9672.00,11492832,11492832.00,2251392,2251392.00,163176,163176.00,437,437.00
186864,1,13376,13376.00,2,2.00,151,151.00,5,5.00,0,0.00,4066,4066.00
188075,1,27090,27090.00,3899,3899.00,11012310,11012310.00,11203318,11203318.00,188033,188033.00,0,0.00
188469,1,12948,12948.00,2,2.00,151,151.00,5,5.00,0,0.00,4280,4280.00
190084,1,9933,9933.00,934,934.00,67696771,67696771.00,1451993023,1451993023.00,104287,104287.00,85863,85863.00
196615,1,49154,49154.00,16385,16385.00,4589936,4589936.00,134065134,134065134.00,195211,195211.00,0,0.00
205282,1,21340,21340.00,8820,8820.00,15863942,15863942.00,21335280,21335280.00,205042,205042.00,0,0.00
205944,1,21598,21598.00,8919,8919.00,16190878,16190878.00,22821672,22821672.00,204317,204317.00,0,0.00
240772,1,46449,46449.00,624,624.00,411840,411840.00,68952,68952.00,0,0.00,0,0.00
245183,1,18697,18697.00,630,630.00,132661,132661.00,163507,163507.00,3497,3497.00,1958,1958.00
256162,1,32763,32763.00,312,312.00,9136368,9136368.00,10372032,10372032.00,232128,232128.00,0,0.00
310513,1,16108,16108.00,4471,4471.00,5528016,5528016.00,7786537,7786537.00,309224,309224.00,5,5.00
312570,1,16193,16193.00,4511,4511.00,5740845,5740845.00,8251560,8251560.00,311344,311344.00,5,5.00
316675,1,29096,29096.00,8736,8736.00,1599624,1599624.00,111696,111696.00,302328,302328.00,82,82.00
335909,1,50326,50326.00,111,111.00,10782661,10782661.00,21804157,21804157.00,334394,334394.00,0,0.00
346256,1,49998,49998.00,7,7.00,13130217,13130217.00,21724115,21724115.00,346162,346162.00,0,0.00
373995,1,26309,26309.00,628,628.00,904,904.00,73,73.00,0,0.00,642,642.00
379609,1,25104,25104.00,342,342.00,34848026,34848026.00,39336373,39336373.00,355968,355968.00,9301,9301.00
389729,1,59526,59526.00,18074,18074.00,17924980,17924980.00,4885660,4885660.00,357932,357932.00,0,0.00
394436,1,37412,37412.00,35545,35545.00,30019893,30019893.00,7475412319,7475412319.00,280972,280972.00,113097,113097.00
411053,1,27149,27149.00,290,290.00,37750633,37750633.00,42614325,42614325.00,385632,385632.00,10075,10075.00
447390,1,126076,126076.00,0,0.00,16471236,16471236.00,12954352,12954352.00,438256,438256.00,12384,12384.00
512883,1,190823,190823.00,24917,24917.00,34543777,34543777.00,11168374,11168374.00,141374,141374.00,0,0.00
519673,1,193096,193096.00,25012,25012.00,34764437,34764437.00,12025836,12025836.00,63452,63452.00,0,0.00
542277,1,49918,49918.00,46833,46833.00,36917334,36917334.00,13127148511,13127148511.00,390810,390810.00,151410,151410.00
562873,1,46493,46493.00,8424,8424.00,23773644,23773644.00,7229352,7229352.00,410904,410904.00,936,936.00
609502,1,62248,62248.00,4827,4827.00,4898105,4898105.00,1335035,1335035.00,97807,97807.00,11640,11640.00
702341,1,99257,99257.00,24024,24024.00,32283264,32283264.00,8555040,8555040.00,649272,649272.00,1,1.00
811512,1,228696,228696.00,0,0.00,29250936,29250936.00,23426208,23426208.00,794976,794976.00,22464,22464.00
811551,1,84239,84239.00,7524,7524.00,6044470,6044470.00,1647490,1647490.00,120698,120698.00,15723,15723.00
1076793,1,79458,79458.00,717,717.00,510712,510712.00,593823,593823.00,13553,13553.00,8633,8633.00
1153249,1,83889,83889.00,1,1.00,11,11.00,0,0.00,0,0.00,9523,9523.00
1468334,1,108715,108715.00,1271,1271.00,816569,816569.00,760500,760500.00,18892,18892.00,11748,11748.00
1485979,1,98104,98104.00,952,952.00,136482464,136482464.00,154067178,154067178.00,1394208,1394208.00,36425,36425.00
1537360,1,568723,568723.00,69920,69920.00,103040040,103040040.00,35662824,35662824.00,188168,188168.00,116,116.00
1834274,1,121230,121230.00,1513,1513.00,168427527,168427527.00,190125453,190125453.00,1720512,1720512.00,44950,44950.00
2777112,1,1026168,1026168.00,121992,121992.00,189067632,189067632.00,64857000,64857000.00,162864,162864.00,0,0.00
4019808,1,472368,472368.00,7488,7488.00,439468569,439468569.00,300036712,300036712.00,3527628,3527628.00,16536,16536.00
5437970,1,358970,358970.00,3445,3445.00,499467113,499467113.00,563820301,563820301.00,5102208,5102208.00,133300,133300.00
9864192,1,651144,651144.00,6240,6240.00,906320064,906320064.00,1009042632,1009042632.00,9255168,9255168.00,241800,241800.00
