tree_size,count,reads,avg_reads,writes,avg_writes,visited,avg_visited,skipped,avg_skipped,gc_pruned,avg_gc_pruned,exposures,avg_exposures
1,8642,13224,1.53,14158,1.64,1962688,227.11,1040267,120.37,28668,3.32,22,0.00
2,4130,13872,3.36,14426,3.49,859859,208.20,834763,202.12,21762,5.27,15,0.00
3,9662,25796,2.67,25253,2.61,1098079,113.65,180899,18.72,6638,0.69,20,0.00
4,4004,16894,4.22,16138,4.03,1994151,498.04,695931,173.81,20749,5.18,29,0.01
5,4342,18691,4.30,18587,4.28,79581,18.33,2538,0.58,466,0.11,18,0.00
6,12885,105110,8.16,106671,8.28,11747014,911.68,4086836,317.18,109478,8.50,84,0.01
7,5433,50234,9.25,51585,9.49,70893,13.05,4105,0.76,52,0.01,54,0.01
8,4636,45595,9.83,47413,10.23,9514437,2052.29,2730096,588.89,88892,19.17,85,0.02
9,5339,46181,8.65,47621,8.92,168848,31.63,11496,2.15,441,0.08,45,0.01
10,3701,42032,11.36,42112,11.38,167182,45.17,15455,4.18,124,0.03,57,0.02
11,2484,27474,11.06,26907,10.83,222954,89.76,18755,7.55,357,0.14,52,0.02
12,2676,28414,10.62,25210,9.42,4464096,1668.20,789218,294.92,30147,11.27,54,0.02
13,2179,26824,12.31,26061,11.96,167143,76.71,13335,6.12,932,0.43,63,0.03
14,1554,20661,13.30,19436,12.51,3550474,2284.73,3351783,2156.87,87205,56.12,85,0.05
15,3441,48817,14.19,49735,14.45,10758221,3126.48,1921480,558.41,72296,21.01,126,0.04
16,2108,34604,16.42,35225,16.71,1564161,742.01,269548,127.87,9816,4.66,50,0.02
17,1409,21717,15.41,20972,14.88,1059419,751.89,182047,129.20,7295,5.18,37,0.03
18,8945,88960,9.95,81731,9.14,658869,73.66,25168,2.81,208,0.02,225,0.03
19,1231,20568,16.71,19469,15.82,111694,90.73,10552,8.57,52,0.04,36,0.03
20,943,15122,16.04,13963,14.81,230159,244.07,26368,27.96,706,0.75,34,0.04
21,3134,34694,11.07,33213,10.60,284319,90.72,12150,3.88,751,0.24,60,0.02
22,1631,33260,20.39,31963,19.60,131516,80.64,8844,5.42,0,0.00,38,0.02
23,1094,21145,19.33,20348,18.60,986651,901.87,848917,775.98,21710,19.84,60,0.05
24,2226,35248,15.83,31249,14.04,1921047,863.00,1317937,592.07,33279,14.95,69,0.03
25,1014,19155,18.89,17535,17.29,3145164,3101.74,2944107,2903.46,75803,74.76,80,0.08
26,839,17214,20.52,14433,17.20,114940,137.00,9835,11.72,52,0.06,46,0.05
27,1954,31020,15.88,26584,13.60,719479,368.21,103737,53.09,3505,1.79,32,0.02
28,1167,23270,19.94,22338,19.14,542243,464.65,55624,47.66,608,0.52,43,0.04
29,856,18168,21.22,16673,19.48,204103,238.44,21370,24.96,233,0.27,36,0.04
30,2671,41765,15.64,38454,14.40,384844,144.08,28020,10.49,0,0.00,39,0.01
31,992,21291,21.46,20112,20.27,155334,156.59,14369,14.48,521,0.53,33,0.03
32,631,13480,21.36,12663,20.07,133508,211.58,12564,19.91,378,0.60,39,0.06
33,967,18051,18.67,16690,17.26,638353,660.14,447163,462.42,11062,11.44,38,0.04
34,600,12833,21.39,11747,19.58,3089923,5149.87,2929962,4883.27,76088,126.81,41,0.07
35,592,12366,20.89,11243,18.99,212667,359.23,21969,37.11,353,0.60,40,0.07
36,825,17809,21.59,16042,19.44,631676,765.67,102038,123.68,3272,3.97,46,0.06
37,507,12242,24.15,11484,22.65,98337,193.96,13543,26.71,0,0.00,26,0.05
38,592,13968,23.59,11983,20.24,119603,202.03,19410,32.79,0,0.00,19,0.03
39,501,11511,22.98,9963,19.89,624344,1246.20,71341,142.40,1156,2.31,51,0.10
40,373,8590,23.03,7420,19.89,100613,269.74,13891,37.24,52,0.14,21,0.06
41,358,8767,24.49,7408,20.69,105410,294.44,16011,44.72,0,0.00,21,0.06
42,966,28296,29.29,20815,21.55,6503726,6732.64,6305473,6527.40,162487,168.21,59,0.06
43,434,12711,29.29,12209,28.13,526941,1214.15,431287,993.75,10933,25.19,20,0.05
44,365,10431,28.58,8835,24.21,104118,285.25,12992,35.59,466,1.28,31,0.08
45,1362,29692,21.80,25175,18.48,269626,197.96,19400,14.24,0,0.00,11,0.01
46,614,14845,24.18,13498,21.98,146620,238.79,18096,29.47,0,0.00,40,0.07
47,364,10405,28.59,9112,25.03,116765,320.78,17784,48.86,1398,3.84,42,0.12
48,927,22281,24.04,20308,21.91,211701,228.37,18587,20.05,0,0.00,37,0.04
49,665,17503,26.32,15148,22.78,150893,226.91,17582,26.44,0,0.00,23,0.03
50,309,8300,26.86,7398,23.94,113963,368.81,17028,55.11,0,0.00,6,0.02
51,446,11865,26.60,10771,24.15,125811,282.09,20783,46.60,233,0.52,23,0.05
52,400,12048,30.12,10903,27.26,134222,335.56,23654,59.13,233,0.58,21,0.05
53,427,13234,30.99,12979,30.40,118031,276.42,14819,34.70,0,0.00,17,0.04
54,663,19410,29.28,15609,23.54,1082653,1632.96,524493,791.09,12021,18.13,16,0.02
55,385,12281,31.90,10695,27.78,114881,298.39,18887,49.06,0,0.00,14,0.04
56,275,8637,31.41,7820,28.44,101358,368.57,15889,57.78,0,0.00,14,0.05
57,266,7937,29.84,6352,23.88,100470,377.71,26730,100.49,0,0.00,19,0.07
58,402,14611,36.35,10409,25.89,173067,430.51,33326,82.90,52,0.13,6,0.01
59,223,7627,34.20,6259,28.07,95929,430.17,21047,94.38,0,0.00,17,0.08
60,316,12602,39.88,10274,32.51,113946,360.59,16227,51.35,0,0.00,25,0.08
61,203,7744,38.15,6427,31.66,88603,436.47,24227,119.34,0,0.00,14,0.07
62,214,7832,36.60,6703,31.32,85919,401.49,17018,79.52,0,0.00,54,0.25
63,334,14670,43.92,10641,31.86,125917,377.00,28473,85.25,0,0.00,8,0.02
64,202,8446,41.81,6973,34.52,80921,400.60,17158,84.94,0,0.00,23,0.11
65,147,5325,36.22,4009,27.27,76368,519.51,23531,160.07,0,0.00,25,0.17
66,838,20560,24.53,17562,20.96,488868,583.37,30690,36.62,233,0.28,18,0.02
67,218,7132,32.72,5786,26.54,87607,401.87,11347,52.05,0,0.00,14,0.06
68,142,5515,38.84,4703,33.12,70785,498.49,16533,116.43,0,0.00,8,0.06
69,368,11396,30.97,9403,25.55,123814,336.45,13669,37.14,0,0.00,33,0.09
70,188,6625,35.24,5677,30.20,81503,433.53,20215,107.53,0,0.00,12,0.06
71,113,4234,37.47,3336,29.52,143261,1267.80,26676,236.07,124,1.10,18,0.16
72,259,9480,36.60,8355,32.26,210442,812.52,30413,117.42,0,0.00,36,0.14
73,146,5466,37.44,4750,32.53,72752,498.30,19450,133.22,0,0.00,4,0.03
74,102,3787,37.13,3121,30.60,76607,751.05,22650,222.06,0,0.00,19,0.19
75,224,7367,32.89,6245,27.88,119155,531.94,28065,125.29,0,0.00,41,0.18
76,114,5394,47.32,4165,36.54,59759,524.20,22824,200.21,0,0.00,15,0.13
77,112,4275,38.17,3484,31.11,70903,633.06,26687,238.28,0,0.00,6,0.05
78,174,7371,42.36,5661,32.53,109865,631.41,49194,282.72,0,0.00,51,0.29
79,106,4211,39.73,3676,34.68,74786,705.53,20687,195.16,0,0.00,9,0.08
80,287,11900,41.46,10153,35.38,321780,1121.18,39284,136.88,372,1.30,23,0.08
81,112,4427,39.53,3525,31.47,69109,617.04,22666,202.38,0,0.00,10,0.09
82,98,3603,36.77,2877,29.36,6504139,66368.77,3561581,36342.66,100649,1027.03,39,0.40
83,101,4242,42.00,3220,31.88,82191,813.77,23585,233.51,0,0.00,18,0.18
84,157,5709,36.36,4297,27.37,99110,631.27,27107,172.66,0,0.00,38,0.24
85,108,4389,40.64,3190,29.54,166765,1544.12,38050,352.31,120,1.11,48,0.44
86,110,4133,37.57,3267,29.70,561795,5107.23,455872,4144.29,10829,98.45,34,0.31
87,129,5366,41.60,3892,30.17,122617,950.52,28423,220.33,0,0.00,16,0.12
88,77,2924,37.97,2388,31.01,75504,980.57,18865,245.00,0,0.00,35,0.45
89,68,2865,42.13,2282,33.56,47496,698.47,22053,324.31,0,0.00,33,0.49
90,256,10775,42.09,8496,33.19,117854,460.37,19027,74.32,0,0.00,75,0.29
91,146,5827,39.91,4669,31.98,81898,560.95,24245,166.06,0,0.00,30,0.21
92,78,3897,49.96,3267,41.88,59872,767.59,33064,423.90,0,0.00,22,0.28
93,108,4554,42.17,3547,32.84,89151,825.47,23552,218.07,0,0.00,25,0.23
94,84,3340,39.76,2552,30.38,77975,928.27,20482,243.83,0,0.00,55,0.65
95,63,3126,49.62,2181,34.62,50637,803.76,25779,409.19,0,0.00,30,0.48
96,121,5038,41.64,4128,34.12,82978,685.77,23604,195.07,0,0.00,27,0.22
97,69,2749,39.84,2094,30.35,67119,972.74,14978,217.07,170,2.46,36,0.52
98,69,4506,65.30,3737,54.16,60119,871.29,11929,172.88,86,1.25,38,0.55
99,63,3000,47.62,2244,35.62,51408,816.00,18321,290.81,0,0.00,26,0.41
100,53,2302,43.43,1741,32.85,71822,1355.13,22403,422.70,0,0.00,18,0.34
101,57,3050,53.51,2639,46.30,57798,1014.00,28377,497.84,0,0.00,23,0.40
102,115,3280,28.52,2163,18.81,80877,703.28,26448,229.98,0,0.00,328,2.85
103,42,2204,52.48,1514,36.05,56412,1343.14,13852,329.81,156,3.71,5,0.12
104,59,2878,48.78,1798,30.47,61461,1041.71,29501,500.02,0,0.00,28,0.47
105,109,9855,90.41,3790,34.77,105667,969.42,41035,376.47,0,0.00,19,0.17
106,45,3198,71.07,1626,36.13,43905,975.67,15190,337.56,0,0.00,31,0.69
107,63,3388,53.78,2906,46.13,96676,1534.54,19558,310.44,466,7.40,15,0.24
108,91,7132,78.37,3851,42.32,93686,1029.52,23532,258.59,0,0.00,10,0.11
109,44,2924,66.45,2048,46.55,43777,994.93,11238,255.41,0,0.00,11,0.25
110,50,2705,54.10,2022,40.44,58893,1177.86,17772,355.44,74,1.48,28,0.56
111,54,3330,61.67,2225,41.20,59538,1102.56,33602,622.26,158,2.93,21,0.39
112,43,3056,71.07,2797,65.05,57040,1326.51,17071,397.00,0,0.00,4,0.09
113,861,142061,165.00,162238,188.43,266389,309.39,81327,94.46,0,0.00,14,0.02
114,511,85689,167.69,89389,174.93,170441,333.54,67377,131.85,79,0.15,16,0.03
115,306,60310,197.09,63694,208.15,75560,246.93,31593,103.25,0,0.00,3,0.01
116,318,54181,170.38,60763,191.08,64229,201.98,30050,94.50,0,0.00,9,0.03
117,163,25894,158.86,28564,175.24,580557,3561.70,121543,745.66,1236,7.58,42,0.26
118,130,19151,147.32,20048,154.22,72492,557.63,55706,428.51,86,0.66,7,0.05
119,187,25355,135.59,27414,146.60,81129,433.84,56092,299.96,0,0.00,20,0.11
120,244,43181,176.97,44073,180.63,102297,419.25,22847,93.64,0,0.00,7,0.03
121,151,28000,185.43,30600,202.65,38305,253.68,15010,99.40,0,0.00,6,0.04
122,399,56268,141.02,58587,146.83,72846,182.57,25883,64.87,179,0.45,26,0.07
123,177,29442,166.34,30089,169.99,47762731,269845.94,47103018,266118.75,1223763,6913.92,127,0.72
124,151,26929,178.34,27406,181.50,63214,418.64,24534,162.48,0,0.00,7,0.05
125,133,21237,159.68,20721,155.80,50129,376.91,20716,155.76,88,0.66,24,0.18
126,130,13170,101.31,11522,88.63,82194,632.26,54473,419.02,0,0.00,16,0.12
127,165,30105,182.45,28919,175.27,100945,611.79,49604,300.63,76,0.46,6,0.04
128,163,27559,169.07,28967,177.71,135876,833.60,31732,194.67,234,1.44,9,0.06
129,108,15468,143.22,13894,128.65,99351,919.92,19073,176.60,247,2.29,12,0.11
130,83,12120,146.02,11359,136.86,54033986,651011.88,9783140,117869.16,369890,4456.51,121,1.46
131,169,29401,173.97,28631,169.41,110452,653.56,39996,236.66,0,0.00,36,0.21
132,98,16797,171.40,16621,169.60,58363,595.54,32602,332.67,0,0.00,9,0.09
133,82,10112,123.32,8938,109.00,104211,1270.87,52070,635.00,222,2.71,15,0.18
134,125,19977,159.82,20540,164.32,165960,1327.68,77937,623.50,501,4.01,7,0.06
135,94,15714,167.17,15246,162.19,68380,727.45,25610,272.45,79,0.84,5,0.05
136,57,7572,132.84,7031,123.35,79235,1390.09,20966,367.82,188,3.30,9,0.16
137,89,10177,114.35,9069,101.90,121578,1366.04,41162,462.49,123,1.38,8,0.09
138,144,21444,148.92,19806,137.54,155936,1082.89,50174,348.43,153,1.06,6,0.04
139,63,9083,144.17,8437,133.92,59548,945.21,24151,383.35,0,0.00,21,0.33
140,101,18436,182.53,17730,175.54,70830,701.29,46577,461.16,0,0.00,35,0.35
141,71,11965,168.52,11482,161.72,61528,866.59,30843,434.41,123,1.73,14,0.20
142,53,7703,145.34,7902,149.09,74067,1397.49,38232,721.36,85,1.60,14,0.26
143,65,9074,139.60,8856,136.25,61200,941.54,29364,451.75,162,2.49,12,0.18
144,79,6256,79.19,4654,58.91,134764,1705.87,49175,622.47,79,1.00,7,0.09
145,29,3762,129.72,3201,110.38,38403,1324.24,18566,640.21,0,0.00,4,0.14
146,59,7529,127.61,6126,103.83,77092,1306.64,43917,744.36,63,1.07,18,0.31
147,49,4262,86.98,3345,68.27,69111,1410.43,41877,854.63,0,0.00,43,0.88
148,54,8436,156.22,8333,154.31,52537,972.91,30206,559.37,0,0.00,18,0.33
149,195,24572,126.01,23056,118.24,114911,589.29,49538,254.04,86,0.44,20,0.10
150,85,9775,115.00,8941,105.19,87772,1032.61,45686,537.48,0,0.00,15,0.18
151,54,4974,92.11,4098,75.89,106155,1965.83,43496,805.48,63,1.17,9,0.17
152,108,13867,128.40,14360,132.96,73796,683.30,31060,287.59,63,0.58,29,0.27
153,56,6957,124.23,6324,112.93,93082,1662.18,38277,683.52,0,0.00,17,0.30
154,47,5985,127.34,4992,106.21,87205,1855.43,44671,950.45,0,0.00,3,0.06
155,50,8519,170.38,7976,159.52,69479,1389.58,30646,612.92,85,1.70,8,0.16
156,47,5309,112.96,4062,86.43,78969,1680.19,25679,546.36,0,0.00,15,0.32
157,42,6110,145.48,5558,132.33,67284,1602.00,34630,824.52,0,0.00,0,0.00
158,128,19608,153.19,18947,148.02,96687,755.37,35755,279.34,139,1.09,1,0.01
159,51,6383,125.16,5623,110.25,61525,1206.37,34346,673.45,0,0.00,122,2.39
160,37,4269,115.38,3398,91.84,51212,1384.11,31360,847.57,202,5.46,3,0.08
161,57,8088,141.89,7170,125.79,98096,1720.98,31856,558.88,0,0.00,12,0.21
162,83,5784,69.69,3794,45.71,183768,2214.07,79798,961.42,0,0.00,13,0.16
163,33,3781,114.58,3284,99.52,41834,1267.70,19243,583.12,0,0.00,4,0.12
164,45,5197,115.49,4224,93.87,86987,1933.04,57879,1286.20,567,12.60,16,0.36
165,30,4142,138.07,5337,177.90,45837,1527.90,14641,488.03,0,0.00,4,0.13
166,41,7340,179.02,6374,155.46,54650,1332.93,28874,704.24,0,0.00,3,0.07
167,42,6252,148.86,4329,103.07,59080,1406.67,20985,499.64,0,0.00,8,0.19
168,44,4442,100.95,3285,74.66,87450,1987.50,33395,758.98,99,2.25,30,0.68
169,31,3319,107.06,2535,81.77,65598,2116.06,32238,1039.94,0,0.00,6,0.19
170,20,2381,119.05,2224,111.20,113421,5671.05,21366,1068.30,1134,56.70,9,0.45
171,34,4062,119.47,3076,90.47,74480,2190.59,77098,2267.59,0,0.00,0,0.00
172,18,1973,109.61,1839,102.17,39982,2221.22,7674,426.33,94,5.22,11,0.61
173,28,4707,168.11,4205,150.18,34874,1245.50,22949,819.61,139,4.96,13,0.46
174,60,5895,98.25,3386,56.43,235417,3923.62,99052,1650.87,63,1.05,6,0.10
175,35,3628,103.66,2840,81.14,65634,1875.26,39865,1139.00,0,0.00,13,0.37
176,28,3505,125.18,3123,111.54,50566,1805.93,19149,683.89,0,0.00,5,0.18
177,6386,1876219,293.80,2052913,321.47,323639466,50679.53,117715421,18433.36,3132257,490.49,1433,0.22
178,31,2742,88.45,2320,74.84,42470,1370.00,21720,700.65,63,2.03,13,0.42
179,29,2658,91.66,1971,67.97,60326,2080.21,32641,1125.55,0,0.00,6,0.21
180,38,3003,79.03,2370,62.37,82942,2182.68,54526,1434.89,84,2.21,30,0.79
181,22,4741,215.50,3923,178.32,30077,1367.14,24999,1136.32,84,3.82,1,0.05
182,28,5445,194.46,6309,225.32,71676,2559.86,23343,833.68,85,3.04,9,0.32
183,1003,443106,441.78,392802,391.63,90507,90.24,37994,37.88,123,0.12,223,0.22
184,24,2585,107.71,2010,83.75,43441,1810.04,35946,1497.75,63,2.62,16,0.67
185,24,2210,92.08,1834,76.42,38714,1613.08,19247,801.96,63,2.62,4,0.17
186,49,8091,165.12,5151,105.12,88822,1812.69,62814,1281.92,0,0.00,16,0.33
187,24,3112,129.67,2167,90.29,87032,3626.33,22565,940.21,441,18.38,4,0.17
188,20,1925,96.25,1275,63.75,45915,2295.75,16401,820.05,0,0.00,0,0.00
189,33,3486,105.64,2983,90.39,83806,2539.58,27165,823.18,84,2.55,0,0.00
190,25,2160,86.40,1405,56.20,71856,2874.24,22733,909.32,193,7.72,50,2.00
191,25,2342,93.68,1650,66.00,49965,1998.60,22204,888.16,0,0.00,4,0.16
192,23,1747,75.96,1195,51.96,85360,3711.30,35270,1533.48,84,3.65,26,1.13
193,16,1637,102.31,1096,68.50,38261,2391.31,28287,1767.94,0,0.00,5,0.31
194,20,1958,97.90,1621,81.05,45310,2265.50,17684,884.20,0,0.00,9,0.45
195,258,73296,284.09,85493,331.37,80636,312.54,34016,131.84,84,0.33,12,0.05
196,21,2239,106.62,1405,66.90,53296,2537.90,36572,1741.52,67,3.19,6,0.29
197,22,2771,125.95,2133,96.95,57004,2591.09,17793,808.77,0,0.00,3,0.14
198,26,2826,108.69,2257,86.81,127700,4911.54,46644,1794.00,120,4.62,39,1.50
199,15,1655,110.33,1252,83.47,34542,2302.80,17501,1166.73,63,4.20,4,0.27
200,17,1234,72.59,1072,63.06,47028,2766.35,11312,665.41,84,4.94,24,1.41
201,30,4731,157.70,4257,141.90,43085,1436.17,18708,623.60,0,0.00,29,0.97
202,26,2819,108.42,2305,88.65,45545,1751.73,16803,646.27,0,0.00,0,0.00
203,34,3911,115.03,2184,64.24,283607,8341.38,36871,1084.44,170,5.00,11,0.32
204,20,2055,102.75,1355,67.75,39816,1990.80,16479,823.95,0,0.00,9,0.45
205,18,1369,76.06,962,53.44,55791,3099.50,15636,868.67,84,4.67,0,0.00
206,19,2702,142.21,1316,69.26,56803,2989.63,12545,660.26,106,5.58,10,0.53
207,55,15434,280.62,16616,302.11,49444,898.98,9526,173.20,0,0.00,28,0.51
208,15,2195,146.33,1603,106.87,41365,2757.67,12575,838.33,114,7.60,18,1.20
209,34,3775,111.03,2758,81.12,91788,2699.65,42611,1253.26,242,7.12,2,0.06
210,27,3077,113.96,1610,59.63,92395,3422.04,60278,2232.52,0,0.00,20,0.74
211,13,998,76.77,1031,79.31,34604,2661.85,9158,704.46,114,8.77,6,0.46
212,18,2740,152.22,2447,135.94,51582,2865.67,17876,993.11,188,10.44,1,0.06
213,18,1764,98.00,1264,70.22,54462,3025.67,15760,875.56,0,0.00,12,0.67
214,13,1015,78.08,1068,82.15,35861,2758.54,6606,508.15,114,8.77,20,1.54
215,14,1877,134.07,1710,122.14,37408,2672.00,14585,1041.79,0,0.00,14,1.00
216,21,2224,105.90,1245,59.29,65449,3116.62,33285,1585.00,84,4.00,12,0.57
217,20,1791,89.55,720,36.00,43070,2153.50,36306,1815.30,0,0.00,0,0.00
218,23,2271,98.74,1255,54.57,64489,2803.87,30936,1345.04,188,8.17,12,0.52
219,28,5506,196.64,5292,189.00,53612,1914.71,16704,596.57,0,0.00,7,0.25
220,18,1923,106.83,2240,124.44,43055,2391.94,22909,1272.72,0,0.00,39,2.17
221,15,1314,87.60,837,55.80,62810,4187.33,21474,1431.60,0,0.00,12,0.80
222,22,2250,102.27,1242,56.45,75130,3415.00,45322,2060.09,123,5.59,13,0.59
223,6,563,93.83,217,36.17,23002,3833.67,11900,1983.33,84,14.00,0,0.00
224,9,971,107.89,482,53.56,34888,3876.44,23137,2570.78,0,0.00,4,0.44
225,20,2257,112.85,1299,64.95,49444,2472.20,43454,2172.70,67,3.35,38,1.90
226,43,10004,232.65,6392,148.65,139832,3251.91,33664,782.88,376,8.74,6,0.14
227,27,4117,152.48,2989,110.70,86443,3201.59,39953,1479.74,280,10.37,8,0.30
228,15,2162,144.13,1694,112.93,45735,3049.00,14873,991.53,0,0.00,12,0.80
229,20,2842,142.10,1900,95.00,79081,3954.05,18981,949.05,114,5.70,37,1.85
230,13,2196,168.92,1543,118.69,54233,4171.77,10711,823.92,0,0.00,0,0.00
231,31,4871,157.13,3945,127.26,75542,2436.84,63600,2051.61,0,0.00,7,0.23
232,19,3141,165.32,2959,155.74,74198,3905.16,15352,808.00,172,9.05,6,0.32
233,18,2398,133.22,2180,121.11,45509,2528.28,12605,700.28,114,6.33,10,0.56
234,26,2749,105.73,1987,76.42,85805,3300.19,48333,1858.96,132,5.08,13,0.50
235,19,2701,142.16,2268,119.37,541244,28486.53,92324,4859.16,6048,318.32,22,1.16
236,11,1619,147.18,1289,117.18,26739,2430.82,12496,1136.00,0,0.00,1,0.09
237,20,1899,94.95,1183,59.15,54692,2734.60,30480,1524.00,114,5.70,14,0.70
238,22,1947,88.50,1173,53.32,108401,4927.32,21017,955.32,288,13.09,13,0.59
239,18,2220,123.33,1524,84.67,134535,7474.17,24318,1351.00,188,10.44,6,0.33
240,11,1060,96.36,547,49.73,39983,3634.82,11446,1040.55,0,0.00,0,0.00
241,19,3155,166.05,2172,114.32,62880,3309.47,46259,2434.68,114,6.00,9,0.47
242,15,3056,203.73,3092,206.13,49102,3273.47,65478,4365.20,0,0.00,7,0.47
243,31,6728,217.03,7652,246.84,44327,1429.90,10465,337.58,0,0.00,10,0.32
244,7,606,86.57,445,63.57,26291,3755.86,7399,1057.00,84,12.00,0,0.00
245,16,1732,108.25,1409,88.06,44302,2768.88,18157,1134.81,186,11.62,11,0.69
246,11,2002,182.00,956,86.91,41812,3801.09,28771,2615.55,0,0.00,5,0.45
247,21,3083,146.81,2545,121.19,63769,3036.62,69637,3316.05,0,0.00,6,0.29
248,12,1693,141.08,1589,132.42,37459,3121.58,12158,1013.17,144,12.00,20,1.67
249,29,2699,93.07,1575,54.31,150500,5189.66,37742,1301.45,106,3.66,33,1.14
250,22,2230,101.36,1440,65.45,111987,5090.32,37688,1713.09,0,0.00,15,0.68
251,21,2033,96.81,1456,69.33,82699,3938.05,43135,2054.05,0,0.00,24,1.14
252,51,2217,43.47,1638,32.12,107820,2114.12,42743,838.10,77,1.51,33,0.65
253,17,1869,109.94,921,54.18,102598,6035.18,38445,2261.47,0,0.00,16,0.94
254,10,1619,161.90,625,62.50,23658,2365.80,17355,1735.50,168,16.80,6,0.60
255,14,1587,113.36,1433,102.36,35662,2547.29,24787,1770.50,0,0.00,22,1.57
256,11,1495,135.91,1219,110.82,20205,1836.82,30732,2793.82,0,0.00,8,0.73
257,14,2391,170.79,2117,151.21,45183,3227.36,24961,1782.93,0,0.00,4,0.29
258,38,4113,108.24,2400,63.16,168991,4447.13,52667,1385.97,240,6.32,11,0.29
259,22,3152,143.27,2464,112.00,291163,13234.68,32515,1477.95,2646,120.27,21,0.95
260,10,1465,146.50,1039,103.90,34061,3406.10,42573,4257.30,106,10.60,2,0.20
261,18,2249,124.94,868,48.22,200947,11163.72,38373,2131.83,246,13.67,19,1.06
262,17,1608,94.59,1058,62.24,62782,3693.06,37171,2186.53,114,6.71,24,1.41
263,18,2298,127.67,1437,79.83,87292,4849.56,65571,3642.83,334,18.56,30,1.67
264,21,2309,109.95,1267,60.33,73733,3511.10,26290,1251.90,243,11.57,15,0.71
265,9,1442,160.22,1088,120.89,34738,3859.78,15455,1717.22,0,0.00,2,0.22
266,9,1336,148.44,659,73.22,42545,4727.22,34827,3869.67,167,18.56,6,0.67
267,14,1868,133.43,1300,92.86,54713,3908.07,22447,1603.36,0,0.00,21,1.50
268,14,1958,139.86,1488,106.29,34725,2480.36,42561,3040.07,180,12.86,3,0.21
269,12,1474,122.83,857,71.42,43749,3645.75,11969,997.42,224,18.67,6,0.50
270,21,2269,108.05,1320,62.86,74141,3530.52,42430,2020.48,0,0.00,21,1.00
271,11,1984,180.36,1588,144.36,50014,4546.73,7492,681.09,0,0.00,4,0.36
272,9,1205,133.89,864,96.00,27557,3061.89,17036,1892.89,0,0.00,12,1.33
273,10,2176,217.60,1333,133.30,38559,3855.90,24169,2416.90,0,0.00,42,4.20
274,6,736,122.67,287,47.83,17824,2970.67,7702,1283.67,294,49.00,7,1.17
275,9,1130,125.56,893,99.22,57277,6364.11,16589,1843.22,0,0.00,0,0.00
276,18,1977,109.83,1017,56.50,58536,3252.00,32026,1779.22,0,0.00,7,0.39
277,8,872,109.00,391,48.88,35418,4427.25,19536,2442.00,0,0.00,3,0.38
278,9,1513,168.11,1443,160.33,23082,2564.67,35907,3989.67,214,23.78,3,0.33
279,12,2775,231.25,2700,225.00,24084,2007.00,12407,1033.92,0,0.00,109,9.08
280,8,1146,143.25,991,123.88,17417,2177.12,11851,1481.38,0,0.00,69,8.62
281,7,745,106.43,378,54.00,27039,3862.71,15815,2259.29,0,0.00,7,1.00
282,22,2794,127.00,1664,75.64,101397,4608.95,31052,1411.45,114,5.18,7,0.32
283,10,1993,199.30,1470,147.00,38924,3892.40,15531,1553.10,70,7.00,3,0.30
284,9,1028,114.22,655,72.78,44456,4939.56,15865,1762.78,176,19.56,2,0.22
285,14,2195,156.79,1236,88.29,57280,4091.43,57539,4109.93,0,0.00,32,2.29
286,10,1507,150.70,584,58.40,45504,4550.40,23464,2346.40,106,10.60,2,0.20
287,6,1036,172.67,787,131.17,24267,4044.50,35393,5898.83,0,0.00,0,0.00
288,17,1575,92.65,841,49.47,74812,4400.71,21481,1263.59,462,27.18,10,0.59
289,12,1318,109.83,701,58.42,47496,3958.00,57820,4818.33,168,14.00,9,0.75
290,8,1301,162.62,606,75.75,29634,3704.25,17720,2215.00,0,0.00,0,0.00
291,6,474,79.00,251,41.83,26030,4338.33,4408,734.67,0,0.00,10,1.67
292,5,1157,231.40,1094,218.80,21490,4298.00,12655,2531.00,0,0.00,0,0.00
293,4,396,99.00,199,49.75,17127,4281.75,4217,1054.25,0,0.00,0,0.00
294,63,2650,42.06,1819,28.87,105070,1667.78,39700,630.16,0,0.00,11,0.17
295,28,2908,103.86,1978,70.64,103990,3713.93,98269,3509.61,154,5.50,13,0.46
296,10,987,98.70,698,69.80,9843,984.30,3341,334.10,0,0.00,5,0.50
297,14,1357,96.93,785,56.07,66299,4735.64,51635,3688.21,84,6.00,32,2.29
298,5,375,75.00,146,29.20,14263,2852.60,3220,644.00,0,0.00,9,1.80
299,12,1212,101.00,732,61.00,37642,3136.83,60832,5069.33,431,35.92,3,0.25
300,11,1031,93.73,692,62.91,32278,2934.36,28491,2590.09,0,0.00,0,0.00
301,22,2030,92.27,1046,47.55,107922,4905.55,58397,2654.41,84,3.82,0,0.00
302,9,1448,160.89,1190,132.22,31163,3462.56,13270,1474.44,0,0.00,0,0.00
303,10,1048,104.80,595,59.50,37411,3741.10,34172,3417.20,0,0.00,0,0.00
304,3,439,146.33,94,31.33,18073,6024.33,6522,2174.00,0,0.00,0,0.00
305,10,1444,144.40,1406,140.60,57322,5732.20,24291,2429.10,0,0.00,2,0.20
306,5,785,157.00,285,57.00,36206,7241.20,24725,4945.00,0,0.00,0,0.00
307,7,1541,220.14,665,95.00,20601,2943.00,44804,6400.57,0,0.00,0,0.00
308,9,1024,113.78,521,57.89,47729,5303.22,9992,1110.22,0,0.00,3,0.33
309,9,919,102.11,415,46.11,34897,3877.44,17925,1991.67,0,0.00,0,0.00
310,6,1009,168.17,681,113.50,23591,3931.83,30383,5063.83,0,0.00,0,0.00
311,7,1249,178.43,638,91.14,32685,4669.29,15995,2285.00,0,0.00,0,0.00
312,7,1032,147.43,677,96.71,30176,4310.86,26100,3728.57,0,0.00,12,1.71
313,6,446,74.33,373,62.17,18905,3150.83,21880,3646.67,0,0.00,6,1.00
314,7,1621,231.57,951,135.86,16856,2408.00,9935,1419.29,0,0.00,2,0.29
315,13,1409,108.38,1011,77.77,43502,3346.31,9956,765.85,0,0.00,43,3.31
316,12,1443,120.25,1035,86.25,37518,3126.50,72700,6058.33,114,9.50,26,2.17
317,5,586,117.20,360,72.00,30594,6118.80,5108,1021.60,0,0.00,63,12.60
318,9,1620,180.00,885,98.33,33341,3704.56,27027,3003.00,0,0.00,1,0.11
319,7,1216,173.71,1336,190.86,14947,2135.29,3730,532.86,0,0.00,25,3.57
320,6,718,119.67,336,56.00,32156,5359.33,10234,1705.67,0,0.00,0,0.00
321,10,1041,104.10,651,65.10,39111,3911.10,30388,3038.80,126,12.60,7,0.70
322,7,1997,285.29,1612,230.29,27021,3860.14,20558,2936.86,0,0.00,0,0.00
323,11,1219,110.82,507,46.09,40090,3644.55,21284,1934.91,0,0.00,13,1.18
324,9,797,88.56,324,36.00,33134,3681.56,24030,2670.00,0,0.00,37,4.11
325,6,402,67.00,311,51.83,34902,5817.00,7118,1186.33,0,0.00,12,2.00
326,8,918,114.75,411,51.38,55893,6986.62,19376,2422.00,0,0.00,4,0.50
327,8,714,89.25,352,44.00,44678,5584.75,20653,2581.62,0,0.00,1,0.12
328,8,940,117.50,866,108.25,23829,2978.62,19540,2442.50,0,0.00,8,1.00
329,9,1372,152.44,681,75.67,47500,5277.78,17583,1953.67,0,0.00,0,0.00
330,10,1231,123.10,377,37.70,54075,5407.50,48787,4878.70,0,0.00,21,2.10
331,7,1071,153.00,524,74.86,33603,4800.43,39031,5575.86,0,0.00,0,0.00
332,11,2070,188.18,1321,120.09,55075,5006.82,23514,2137.64,0,0.00,2,0.18
333,12,1951,162.58,1400,116.67,110048,9170.67,25604,2133.67,0,0.00,0,0.00
334,8,774,96.75,426,53.25,49967,6245.88,27229,3403.62,0,0.00,34,4.25
335,4,1150,287.50,1470,367.50,26181,6545.25,9997,2499.25,0,0.00,0,0.00
336,30,1897,63.23,1773,59.10,123639,4121.30,47203,1573.43,106,3.53,35,1.17
337,15,1435,95.67,707,47.13,54130,3608.67,52509,3500.60,72,4.80,18,1.20
338,4,607,151.75,198,49.50,31856,7964.00,18482,4620.50,153,38.25,0,0.00
339,621,94897,152.81,89611,144.30,897233,1444.82,56009,90.19,72,0.12,7,0.01
340,125,18410,147.28,15204,121.63,270868,2166.94,44410,355.28,188,1.50,18,0.14
341,125,21198,169.58,15328,122.62,206922,1655.38,25714,205.71,0,0.00,0,0.00
342,222,34910,157.25,32341,145.68,318415,1434.30,8687,39.13,0,0.00,6,0.03
343,109,19377,177.77,18619,170.82,210005,1926.65,34442,315.98,0,0.00,123,1.13
344,45,8783,195.18,7370,163.78,131540,2923.11,31608,702.40,0,0.00,20,0.44
345,117,18556,158.60,16240,138.80,243909,2084.69,74217,634.33,110,0.94,19,0.16
346,104,27868,267.96,25981,249.82,201588,1938.35,26053,250.51,0,0.00,6,0.06
347,85,19744,232.28,18509,217.75,164498,1935.27,28445,334.65,0,0.00,4,0.05
348,293,56397,192.48,36738,125.39,4255448,14523.71,3827616,13063.54,97664,333.32,50,0.17
349,85,16498,194.09,13448,158.21,195207,2296.55,32957,387.73,0,0.00,17,0.20
350,45,9324,207.20,7785,173.00,130568,2901.51,15238,338.62,84,1.87,12,0.27
351,75,14939,199.19,11092,147.89,149514,1993.52,78616,1048.21,0,0.00,0,0.00
352,50,10469,209.38,7046,140.92,111092,2221.84,25274,505.48,0,0.00,0,0.00
353,45,8426,187.24,7911,175.80,94272,2094.93,22117,491.49,516,11.47,21,0.47
354,195,49286,252.75,44647,228.96,276278,1416.81,81298,416.91,0,0.00,6,0.03
355,60,9357,155.95,8360,139.33,127286,2121.43,5849,97.48,0,0.00,10,0.17
356,51,10251,201.00,8371,164.14,121769,2387.63,10347,202.88,0,0.00,9,0.18
357,60,10449,174.15,8427,140.45,119404,1990.07,30605,510.08,0,0.00,7,0.12
358,28,6047,215.96,4802,171.50,87696,3132.00,16723,597.25,0,0.00,14,0.50
359,25,5263,210.52,4301,172.04,84721,3388.84,31070,1242.80,110,4.40,5,0.20
360,515,63789,123.86,63093,122.51,783789,1521.92,65806,127.78,0,0.00,6,0.01
361,145,18824,129.82,18285,126.10,279790,1929.59,21227,146.39,0,0.00,6,0.04
362,51,8259,161.94,7974,156.35,118422,2322.00,20550,402.94,72,1.41,2,0.04
363,97,14952,154.14,14137,145.74,198086,2042.12,67867,699.66,0,0.00,27,0.28
364,53,9186,173.32,6657,125.60,120988,2282.79,31278,590.15,0,0.00,39,0.74
365,42,6673,158.88,5342,127.19,112196,2671.33,20465,487.26,0,0.00,10,0.24
366,76,10703,140.83,11025,145.07,143537,1888.64,37138,488.66,0,0.00,15,0.20
367,34,5593,164.50,5125,150.74,52241,1536.50,3963,116.56,0,0.00,0,0.00
368,44,6071,137.98,5358,121.77,109447,2487.43,27424,623.27,535,12.16,0,0.00
369,95,14907,156.92,11410,120.11,183465,1931.21,39687,417.76,0,0.00,8,0.08
370,48,8540,177.92,8316,173.25,75455,1571.98,612,12.75,0,0.00,0,0.00
371,28,4744,169.43,4132,147.57,139128,4968.86,78493,2803.32,72,2.57,17,0.61
372,33,6758,204.79,5722,173.39,61796,1872.61,8235,249.55,0,0.00,41,1.24
373,19,3304,173.89,2435,128.16,81174,4272.32,20676,1088.21,0,0.00,11,0.58
374,29,4284,147.72,3601,124.17,72261,2491.76,19407,669.21,200,6.90,31,1.07
375,30,5672,189.07,3742,124.73,104111,3470.37,56217,1873.90,358,11.93,26,0.87
376,162,37287,230.17,21207,130.91,278678,1720.23,39780,245.56,0,0.00,3,0.02
377,26,4974,191.31,3193,122.81,98397,3784.50,17338,666.85,168,6.46,9,0.35
378,35,5219,149.11,3367,96.20,144268,4121.94,40353,1152.94,0,0.00,15,0.43
379,91,20873,229.37,11499,126.36,168504,1851.69,24336,267.43,0,0.00,0,0.00
380,14,2070,147.86,1744,124.57,35370,2526.43,11520,822.86,0,0.00,1,0.07
381,215,29984,139.46,27779,129.20,345861,1608.66,18230,84.79,0,0.00,5,0.02
382,38,5396,142.00,4356,114.63,123733,3256.13,30861,812.13,0,0.00,71,1.87
383,19,3431,180.58,2921,153.74,70928,3733.05,11846,623.47,0,0.00,8,0.42
384,38,6037,158.87,4928,129.68,87585,2304.87,10960,288.42,0,0.00,0,0.00
385,31,4800,154.84,3488,112.52,95835,3091.45,73013,2355.26,0,0.00,13,0.42
386,16,2377,148.56,1944,121.50,34057,2128.56,3874,242.12,0,0.00,0,0.00
387,24,3577,149.04,2941,122.54,56247,2343.62,7402,308.42,0,0.00,0,0.00
388,19,2897,152.47,2410,126.84,58313,3069.11,20793,1094.37,117,6.16,13,0.68
389,12,2006,167.17,1927,160.58,52648,4387.33,7749,645.75,189,15.75,0,0.00
390,18,2585,143.61,2060,114.44,54783,3043.50,13470,748.33,0,0.00,12,0.67
391,17,3430,201.76,2378,139.88,63601,3741.24,29337,1725.71,0,0.00,0,0.00
392,20,6924,346.20,3361,168.05,94460,4723.00,35847,1792.35,269,13.45,19,0.95
393,12,1983,165.25,1427,118.92,27509,2292.42,15376,1281.33,0,0.00,0,0.00
394,9,1572,174.67,1245,138.33,15067,1674.11,1240,137.78,0,0.00,2,0.22
395,6,664,110.67,607,101.17,37470,6245.00,4857,809.50,0,0.00,0,0.00
396,8,1346,168.25,1023,127.88,57132,7141.50,10066,1258.25,228,28.50,8,1.00
397,15,2293,152.87,1976,131.73,40020,2668.00,13017,867.80,0,0.00,12,0.80
398,10,1710,171.00,1615,161.50,61413,6141.30,15451,1545.10,0,0.00,18,1.80
399,18,2518,139.89,1935,107.50,83388,4632.67,24081,1337.83,0,0.00,7,0.39
400,8,1333,166.62,713,89.12,40540,5067.50,63709,7963.62,0,0.00,3,0.38
401,8,1354,169.25,1081,135.12,13560,1695.00,1015,126.88,0,0.00,0,0.00
402,18,2883,160.17,2263,125.72,101485,5638.06,40230,2235.00,0,0.00,23,1.28
403,10,1285,128.50,948,94.80,40491,4049.10,4273,427.30,0,0.00,9,0.90
404,9,1215,135.00,1056,117.33,36526,4058.44,7163,795.89,228,25.33,2,0.22
405,16,2645,165.31,2057,128.56,78409,4900.56,52263,3266.44,0,0.00,9,0.56
406,8,1094,136.75,685,85.62,60396,7549.50,25813,3226.62,228,28.50,14,1.75
407,6,1652,275.33,723,120.50,55244,9207.33,56675,9445.83,0,0.00,95,15.83
408,10,1432,143.20,1066,106.60,59988,5998.80,9733,973.30,72,7.20,23,2.30
409,6,1242,207.00,849,141.50,21365,3560.83,10621,1770.17,0,0.00,0,0.00
410,9,1479,164.33,977,108.56,35717,3968.56,4734,526.00,0,0.00,3,0.33
411,2,301,150.50,210,105.00,42062,21031.00,3784,1892.00,255,127.50,0,0.00
412,5,1130,226.00,742,148.40,23179,4635.80,4644,928.80,0,0.00,31,6.20
413,6,944,157.33,909,151.50,30713,5118.83,26592,4432.00,339,56.50,0,0.00
414,13,2773,213.31,2165,166.54,42115,3239.62,56693,4361.00,0,0.00,23,1.77
415,4,454,113.50,222,55.50,18922,4730.50,6007,1501.75,0,0.00,89,22.25
416,5,1118,223.60,1115,223.00,18316,3663.20,4032,806.40,0,0.00,16,3.20
417,12,2716,226.33,2156,179.67,61499,5124.92,9520,793.33,76,6.33,16,1.33
418,5,830,166.00,618,123.60,34965,6993.00,6817,1363.40,0,0.00,5,1.00
419,5,1034,206.80,728,145.60,15771,3154.20,8098,1619.60,0,0.00,8,1.60
420,16,1709,106.81,1193,74.56,51700,3231.25,21590,1349.38,0,0.00,7,0.44
421,4,682,170.50,391,97.75,39759,9939.75,17951,4487.75,0,0.00,8,2.00
422,4,832,208.00,860,215.00,11666,2916.50,4591,1147.75,0,0.00,16,4.00
423,10,1179,117.90,1046,104.60,40012,4001.20,7546,754.60,335,33.50,16,1.60
424,3,320,106.67,296,98.67,7247,2415.67,650,216.67,0,0.00,10,3.33
425,6,857,142.83,551,91.83,36964,6160.67,3667,611.17,0,0.00,7,1.17
426,10,1927,192.70,1104,110.40,61283,6128.30,15913,1591.30,0,0.00,12,1.20
427,5,1044,208.80,503,100.60,35965,7193.00,7729,1545.80,0,0.00,8,1.60
428,6,1050,175.00,757,126.17,18392,3065.33,8141,1356.83,0,0.00,0,0.00
429,7,1508,215.43,1349,192.71,16475,2353.57,6100,871.43,0,0.00,6,0.86
430,7,1234,176.29,921,131.57,47923,6846.14,13553,1936.14,0,0.00,5,0.71
431,7,1471,210.14,882,126.00,44376,6339.43,33031,4718.71,0,0.00,0,0.00
432,6,750,125.00,284,47.33,21176,3529.33,6385,1064.17,0,0.00,34,5.67
433,4,785,196.25,644,161.00,13910,3477.50,8007,2001.75,0,0.00,0,0.00
434,2,341,170.50,168,84.00,12259,6129.50,6609,3304.50,0,0.00,0,0.00
435,6,1852,308.67,1340,223.33,55390,9231.67,16415,2735.83,0,0.00,0,0.00
436,6,1813,302.17,1307,217.83,74208,12368.00,11037,1839.50,263,43.83,4,0.67
437,3,785,261.67,695,231.67,11618,3872.67,419,139.67,0,0.00,0,0.00
438,16,2471,154.44,915,57.19,170260,10641.25,82581,5161.31,84,5.25,9,0.56
439,4,750,187.50,592,148.00,10962,2740.50,5689,1422.25,0,0.00,0,0.00
440,2,168,84.00,82,41.00,11643,5821.50,574,287.00,0,0.00,10,5.00
441,12,1956,163.00,1132,94.33,140456,11704.67,38451,3204.25,72,6.00,2,0.17
442,6,553,92.17,229,38.17,85900,14316.67,19549,3258.17,189,31.50,7,1.17
443,5,1199,239.80,1141,228.20,34289,6857.80,6959,1391.80,0,0.00,6,1.20
444,16,2623,163.94,919,57.44,167152,10447.00,64209,4013.06,188,11.75,18,1.12
445,6,928,154.67,467,77.83,63987,10664.50,30429,5071.50,0,0.00,0,0.00
446,6,797,132.83,573,95.50,135047,22507.83,35508,5918.00,0,0.00,0,0.00
447,6,1093,182.17,804,134.00,34044,5674.00,15508,2584.67,0,0.00,16,2.67
448,3,560,186.67,210,70.00,25725,8575.00,9394,3131.33,0,0.00,0,0.00
449,4,1056,264.00,472,118.00,26515,6628.75,14295,3573.75,0,0.00,0,0.00
450,17,3225,189.71,1845,108.53,119494,7029.06,93232,5484.24,0,0.00,0,0.00
451,6,890,148.33,692,115.33,64330,10721.67,13157,2192.83,72,12.00,3,0.50
452,17,4396,258.59,4419,259.94,46091,2711.24,9901,582.41,72,4.24,10,0.59
453,9,1670,185.56,1362,151.33,39220,4357.78,12738,1415.33,0,0.00,0,0.00
454,2,175,87.50,114,57.00,13499,6749.50,754,377.00,228,114.00,2,1.00
455,4,1115,278.75,1040,260.00,20366,5091.50,17042,4260.50,113,28.25,5,1.25
456,9,1221,135.67,771,85.67,65905,7322.78,16312,1812.44,0,0.00,2,0.22
457,1,87,87.00,51,51.00,4516,4516.00,170,170.00,0,0.00,0,0.00
458,5,560,112.00,612,122.40,30738,6147.60,25843,5168.60,440,88.00,5,1.00
459,3,574,191.33,316,105.33,16770,5590.00,9506,3168.67,0,0.00,0,0.00
460,5,1135,227.00,876,175.20,15270,3054.00,8226,1645.20,440,88.00,5,1.00
461,6,1010,168.33,475,79.17,43454,7242.33,17233,2872.17,0,0.00,0,0.00
462,15,2488,165.87,1041,69.40,218571,14571.40,42767,2851.13,440,29.33,23,1.53
463,4,635,158.75,482,120.50,18442,4610.50,5376,1344.00,0,0.00,0,0.00
464,7,975,139.29,577,82.43,68956,9850.86,21293,3041.86,440,62.86,5,0.71
465,5,771,154.20,812,162.40,19378,3875.60,2594,518.80,212,42.40,4,0.80
466,19,5765,303.42,4502,236.95,251840,13254.74,51244,2697.05,0,0.00,1,0.05
467,14,6306,450.43,3473,248.07,76381,5455.79,13442,960.14,0,0.00,0,0.00
468,10,2608,260.80,1856,185.60,97011,9701.10,32213,3221.30,0,0.00,18,1.80
469,7,2428,346.86,1602,228.86,68517,9788.14,28586,4083.71,0,0.00,0,0.00
470,2,959,479.50,628,314.00,6695,3347.50,87,43.50,0,0.00,0,0.00
471,3,674,224.67,526,175.33,39733,13244.33,4977,1659.00,0,0.00,0,0.00
472,3,799,266.33,646,215.33,19483,6494.33,10889,3629.67,72,24.00,2,0.67
473,11,2749,249.91,2266,206.00,55568,5051.64,16908,1537.09,0,0.00,14,1.27
474,6,1064,177.33,570,95.00,20733,3455.50,9857,1642.83,0,0.00,0,0.00
475,3,1058,352.67,627,209.00,7470,2490.00,1404,468.00,0,0.00,0,0.00
476,4,1159,289.75,1330,332.50,21212,5303.00,7389,1847.25,0,0.00,0,0.00
477,7,1358,194.00,707,101.00,109623,15660.43,28643,4091.86,0,0.00,6,0.86
478,4,1818,454.50,944,236.00,18308,4577.00,3851,962.75,0,0.00,0,0.00
479,3,894,298.00,503,167.67,16760,5586.67,1543,514.33,0,0.00,12,4.00
480,4,587,146.75,396,99.00,28464,7116.00,6907,1726.75,0,0.00,0,0.00
481,1,408,408.00,363,363.00,16533,16533.00,3048,3048.00,0,0.00,0,0.00
482,5,653,130.60,455,91.00,49842,9968.40,19822,3964.40,655,131.00,6,1.20
483,9,1408,156.44,851,94.56,47523,5280.33,15454,1717.11,0,0.00,0,0.00
484,3,381,127.00,156,52.00,54957,18319.00,11449,3816.33,255,85.00,0,0.00
485,6,2172,362.00,1428,238.00,42860,7143.33,17212,2868.67,0,0.00,1,0.17
486,5,646,129.20,216,43.20,46248,9249.60,28813,5762.60,269,53.80,8,1.60
487,2,259,129.50,188,94.00,10662,5331.00,335,167.50,0,0.00,0,0.00
488,7,924,132.00,571,81.57,43442,6206.00,23474,3353.43,264,37.71,16,2.29
489,7,1795,256.43,864,123.43,124013,17716.14,21605,3086.43,1574,224.86,8,1.14
490,1,196,196.00,70,70.00,9282,9282.00,3549,3549.00,0,0.00,0,0.00
491,4,534,133.50,278,69.50,33806,8451.50,20966,5241.50,212,53.00,4,1.00
492,12,2302,191.83,1346,112.17,60736,5061.33,38391,3199.25,0,0.00,6,0.50
493,3,834,278.00,384,128.00,14905,4968.33,23930,7976.67,0,0.00,0,0.00
494,2,424,212.00,238,119.00,8627,4313.50,14332,7166.00,0,0.00,0,0.00
495,11,4367,397.00,2320,210.91,43212,3928.36,17750,1613.64,0,0.00,15,1.36
496,8,2112,264.00,1231,153.88,40407,5050.88,14797,1849.62,0,0.00,30,3.75
497,1,185,185.00,74,74.00,41018,41018.00,3177,3177.00,0,0.00,0,0.00
498,9,1226,136.22,570,63.33,79983,8887.00,32156,3572.89,72,8.00,15,1.67
499,4,1319,329.75,808,202.00,12690,3172.50,6959,1739.75,0,0.00,0,0.00
500,2,131,65.50,39,19.50,15079,7539.50,1387,693.50,0,0.00,14,7.00
501,4,545,136.25,228,57.00,27343,6835.75,18086,4521.50,0,0.00,14,3.50
502,3,89,29.67,55,18.33,14826,4942.00,912,304.00,0,0.00,16,5.33
503,2,295,147.50,158,79.00,9977,4988.50,1505,752.50,0,0.00,0,0.00
504,7,1363,194.71,876,125.14,54156,7736.57,34090,4870.00,0,0.00,15,2.14
505,3,366,122.00,223,74.33,24225,8075.00,12582,4194.00,440,146.67,7,2.33
506,4,963,240.75,981,245.25,25338,6334.50,7882,1970.50,0,0.00,7,1.75
507,7,1145,163.57,720,102.86,87087,12441.00,40988,5855.43,110,15.71,11,1.57
508,2,233,116.50,94,47.00,52933,26466.50,25657,12828.50,0,0.00,1,0.50
509,3,137,45.67,139,46.33,21382,7127.33,2105,701.67,212,70.67,12,4.00
510,9,1206,134.00,902,100.22,45761,5084.56,15910,1767.78,492,54.67,27,3.00
511,7,997,142.43,416,59.43,67016,9573.71,28814,4116.29,0,0.00,8,1.14
512,9,1859,206.56,1187,131.89,63423,7047.00,39925,4436.11,0,0.00,8,0.89
513,5,1212,242.40,889,177.80,32697,6539.40,24166,4833.20,0,0.00,100,20.00
514,1,508,508.00,508,508.00,33,33.00,0,0.00,0,0.00,0,0.00
515,7,1311,187.29,670,95.71,48151,6878.71,34166,4880.86,0,0.00,0,0.00
516,7,1391,198.71,747,106.71,70741,10105.86,42455,6065.00,0,0.00,0,0.00
517,7,1484,212.00,839,119.86,71640,10234.29,42341,6048.71,972,138.86,0,0.00
518,3,222,74.00,119,39.67,12772,4257.33,4965,1655.00,0,0.00,13,4.33
519,4,701,175.25,488,122.00,26290,6572.50,10864,2716.00,0,0.00,0,0.00
520,3,589,196.33,193,64.33,36111,12037.00,12697,4232.33,0,0.00,0,0.00
521,3,642,214.00,151,50.33,23618,7872.67,26258,8752.67,0,0.00,0,0.00
522,7,1137,162.43,853,121.86,51721,7388.71,14275,2039.29,0,0.00,17,2.43
523,3,470,156.67,280,93.33,27807,9269.00,2573,857.67,0,0.00,0,0.00
524,3,787,262.33,747,249.00,31701,10567.00,2541,847.00,180,60.00,2,0.67
525,5,1489,297.80,456,91.20,62084,12416.80,62271,12454.20,0,0.00,0,0.00
526,6,554,92.33,154,25.67,125767,20961.17,28754,4792.33,486,81.00,40,6.67
527,4,1045,261.25,761,190.25,39083,9770.75,16052,4013.00,0,0.00,2,0.50
528,7,1547,221.00,1033,147.57,66167,9452.43,14389,2055.57,0,0.00,0,0.00
529,3,531,177.00,230,76.67,32955,10985.00,10507,3502.33,486,162.00,14,4.67
530,7,2915,416.43,1690,241.43,58211,8315.86,24030,3432.86,592,84.57,41,5.86
531,6957,1764043,253.56,1568512,225.46,14930636,2146.13,376218,54.08,0,0.00,5133,0.74
532,2,490,245.00,364,182.00,17451,8725.50,4940,2470.00,0,0.00,0,0.00
533,3,543,181.00,242,80.67,31089,10363.00,11268,3756.00,0,0.00,0,0.00
534,3,680,226.67,209,69.67,24275,8091.67,30952,10317.33,0,0.00,0,0.00
535,3,821,273.67,471,157.00,24648,8216.00,44093,14697.67,0,0.00,0,0.00
536,4,778,194.50,628,157.00,14459,3614.75,5134,1283.50,0,0.00,5,1.25
537,411,117939,286.96,109368,266.10,971292,2363.24,49089,119.44,486,1.18,359,0.87
538,5,659,131.80,378,75.60,59157,11831.40,12745,2549.00,135,27.00,2,0.40
539,5,1050,210.00,409,81.80,45296,9059.20,20719,4143.80,0,0.00,0,0.00
540,7,1072,153.14,308,44.00,60963,8709.00,65834,9404.86,486,69.43,7,1.00
541,3,540,180.00,211,70.33,44233,14744.33,22043,7347.67,0,0.00,0,0.00
542,6,1399,233.17,684,114.00,55242,9207.00,29397,4899.50,0,0.00,0,0.00
543,9,2324,258.22,2266,251.78,40639,4515.44,42021,4669.00,212,23.56,4,0.44
544,5,1102,220.40,875,175.00,20008,4001.60,15330,3066.00,0,0.00,15,3.00
545,4,959,239.75,776,194.00,34018,8504.50,3497,874.25,0,0.00,2,0.50
546,8,2075,259.38,1147,143.38,62567,7820.88,72565,9070.62,0,0.00,3,0.38
547,2,511,255.50,156,78.00,14565,7282.50,4693,2346.50,0,0.00,0,0.00
548,2,2971,1485.50,1992,996.00,18326,9163.00,2067,1033.50,0,0.00,0,0.00
549,522,142650,273.28,123252,236.11,1174085,2249.20,51506,98.67,0,0.00,207,0.40
550,1,176,176.00,72,72.00,10607,10607.00,4837,4837.00,0,0.00,0,0.00
551,5,2006,401.20,1268,253.60,68201,13640.20,14907,2981.40,0,0.00,0,0.00
552,5,1413,282.60,722,144.40,34807,6961.40,42621,8524.20,0,0.00,5,1.00
553,6,1133,188.83,946,157.67,48725,8120.83,10495,1749.17,0,0.00,26,4.33
554,6,2574,429.00,876,146.00,52515,8752.50,47954,7992.33,0,0.00,0,0.00
555,18,6358,353.22,4806,267.00,74043,4113.50,29617,1645.39,0,0.00,0,0.00
557,4,1070,267.50,540,135.00,36933,9233.25,12236,3059.00,334,83.50,3,0.75
558,5,835,167.00,274,54.80,71452,14290.40,49713,9942.60,0,0.00,5,1.00
559,5,1665,333.00,1110,222.00,38346,7669.20,46411,9282.20,0,0.00,0,0.00
560,2,611,305.50,284,142.00,7299,3649.50,1934,967.00,0,0.00,0,0.00
561,41,11871,289.54,10595,258.41,125472,3060.29,13972,340.78,0,0.00,10,0.24
562,3,568,189.33,248,82.67,65274,21758.00,11710,3903.33,523,174.33,1,0.33
563,5,885,177.00,458,91.60,55841,11168.20,13237,2647.40,0,0.00,0,0.00
564,6,919,153.17,571,95.17,56285,9380.83,7656,1276.00,510,85.00,14,2.33
565,46,10659,231.72,11199,243.46,160922,3498.30,35585,773.59,0,0.00,0,0.00
566,9,1930,214.44,2848,316.44,27263,3029.22,3520,391.11,0,0.00,0,0.00
567,16,2680,167.50,2495,155.94,97377,6086.06,51785,3236.56,523,32.69,0,0.00
568,10,2235,223.50,2468,246.80,25900,2590.00,2420,242.00,0,0.00,6,0.60
569,4,1049,262.25,668,167.00,64561,16140.25,9351,2337.75,523,130.75,0,0.00
570,10,1238,123.80,1060,106.00,70800,7080.00,10290,1029.00,1114,111.40,8,0.80
571,9,1367,151.89,1014,112.67,43893,4877.00,6939,771.00,0,0.00,12,1.33
572,7,1345,192.14,1583,226.14,32754,4679.14,2080,297.14,557,79.57,1,0.14
573,18,3495,194.17,4402,244.56,66810,3711.67,2679,148.83,557,30.94,10,0.56
574,5,1388,277.60,1449,289.80,31860,6372.00,14386,2877.20,0,0.00,0,0.00
575,8,1201,150.12,1001,125.12,54454,6806.75,14582,1822.75,0,0.00,50,6.25
576,3,567,189.00,413,137.67,47656,15885.33,15055,5018.33,0,0.00,0,0.00
577,2,258,129.00,88,44.00,44304,22152.00,7984,3992.00,523,261.50,74,37.00
578,5,1527,305.40,1987,397.40,20615,4123.00,9838,1967.60,0,0.00,0,0.00
579,5,959,191.80,465,93.00,54022,10804.40,50066,10013.20,0,0.00,0,0.00
580,6,1546,257.67,1525,254.17,19167,3194.50,1343,223.83,475,79.17,19,3.17
581,8,2151,268.88,1067,133.38,65437,8179.62,23299,2912.38,0,0.00,0,0.00
582,7,1626,232.29,534,76.29,71985,10283.57,34604,4943.43,0,0.00,0,0.00
583,5,1030,206.00,522,104.40,41117,8223.40,23778,4755.60,0,0.00,5,1.00
584,5,981,196.20,527,105.40,27158,5431.60,5154,1030.80,557,111.40,25,5.00
585,13,3779,290.69,3271,251.62,35302,2715.54,2896,222.77,0,0.00,0,0.00
586,16,2614,163.38,1756,109.75,116615,7288.44,71101,4443.81,0,0.00,0,0.00
587,6,1126,187.67,653,108.83,57203,9533.83,43715,7285.83,557,92.83,1,0.17
588,10,1721,172.10,1260,126.00,90074,9007.40,23551,2355.10,420,42.00,14,1.40
589,7,1508,215.43,820,117.14,95765,13680.71,38384,5483.43,201,28.71,5,0.71
590,5,1075,215.00,1044,208.80,52437,10487.40,6424,1284.80,106,21.20,8,1.60
591,6,939,156.50,880,146.67,22542,3757.00,928,154.67,0,0.00,14,2.33
592,2,1159,579.50,271,135.50,12902,6451.00,5525,2762.50,440,220.00,5,2.50
593,3,846,282.00,655,218.33,10904,3634.67,6659,2219.67,0,0.00,0,0.00
594,12,2634,219.50,1440,120.00,65212,5434.33,30126,2510.50,72,6.00,2,0.17
595,3,852,284.00,533,177.67,12214,4071.33,113,37.67,0,0.00,0,0.00
596,8,1590,198.75,760,95.00,99968,12496.00,47576,5947.00,0,0.00,0,0.00
597,29,7879,271.69,7321,252.45,105423,3635.28,9914,341.86,0,0.00,0,0.00
598,8,551,68.88,304,38.00,33723,4215.38,15981,1997.62,0,0.00,14,1.75
599,1,466,466.00,239,239.00,5309,5309.00,1,1.00,0,0.00,0,0.00
600,3,367,122.33,278,92.67,37493,12497.67,4939,1646.33,408,136.00,3,1.00
601,9,1952,216.89,1061,117.89,138225,15358.33,31082,3453.56,425,47.22,9,1.00
602,1,602,602.00,732,732.00,10221,10221.00,10533,10533.00,0,0.00,0,0.00
603,6,1003,167.17,482,80.33,53087,8847.83,44859,7476.50,0,0.00,19,3.17
604,6,2337,389.50,1080,180.00,73137,12189.50,21502,3583.67,0,0.00,1,0.17
606,2,545,272.50,136,68.00,6729,3364.50,36997,18498.50,0,0.00,0,0.00
607,4,711,177.75,349,87.25,14191,3547.75,11483,2870.75,106,26.50,12,3.00
609,4,716,179.00,422,105.50,55247,13811.75,22805,5701.25,0,0.00,0,0.00
610,12,1704,142.00,1857,154.75,46430,3869.17,7933,661.08,0,0.00,0,0.00
611,5,1268,253.60,745,149.00,56139,11227.80,19542,3908.40,0,0.00,7,1.40
612,2,267,133.50,159,79.50,6873,3436.50,3459,1729.50,0,0.00,15,7.50
613,10,1962,196.20,2524,252.40,47250,4725.00,6310,631.00,0,0.00,0,0.00
614,4,583,145.75,468,117.00,38777,9694.25,5239,1309.75,630,157.50,2,0.50
615,5,1254,250.80,608,121.60,34165,6833.00,8717,1743.40,0,0.00,2,0.40
616,3,391,130.33,345,115.00,46315,15438.33,7760,2586.67,865,288.33,3,1.00
617,2,258,129.00,491,245.50,8396,4198.00,0,0.00,0,0.00,0,0.00
618,8,2331,291.38,1102,137.75,96491,12061.38,141576,17697.00,0,0.00,0,0.00
619,2,171,85.50,109,54.50,29956,14978.00,14720,7360.00,0,0.00,0,0.00
620,2,299,149.50,133,66.50,39218,19609.00,6358,3179.00,0,0.00,0,0.00
621,2,515,257.50,321,160.50,13631,6815.50,3015,1507.50,0,0.00,0,0.00
622,2,369,184.50,120,60.00,5095,2547.50,783,391.50,0,0.00,0,0.00
623,2,351,175.50,228,114.00,10282,5141.00,3185,1592.50,0,0.00,0,0.00
624,2,501,250.50,60,30.00,23299,11649.50,37054,18527.00,153,76.50,0,0.00
626,4,752,188.00,549,137.25,20561,5140.25,9965,2491.25,0,0.00,2,0.50
627,7,1628,232.57,577,82.43,39852,5693.14,40414,5773.43,318,45.43,12,1.71
628,3,379,126.33,298,99.33,38550,12850.00,4449,1483.00,0,0.00,6,2.00
630,17,255,15.00,510,30.00,38505,2265.00,1275,75.00,0,0.00,0,0.00
631,10,912,91.20,574,57.40,61894,6189.40,11339,1133.90,0,0.00,0,0.00
632,2,308,154.00,309,154.50,7160,3580.00,135,67.50,0,0.00,6,3.00
633,10,1461,146.10,1449,144.90,39329,3932.90,2939,293.90,0,0.00,55,5.50
634,4,451,112.75,240,60.00,68293,17073.25,8303,2075.75,0,0.00,0,0.00
635,2,166,83.00,173,86.50,8547,4273.50,325,162.50,0,0.00,204,102.00
636,2,128,64.00,84,42.00,11917,5958.50,495,247.50,0,0.00,0,0.00
637,3,559,186.33,296,98.67,30184,10061.33,3396,1132.00,0,0.00,1,0.33
638,2,273,136.50,318,159.00,26861,13430.50,13307,6653.50,539,269.50,0,0.00
639,5,1078,215.60,537,107.40,68921,13784.20,55731,11146.20,738,147.60,21,4.20
641,2,380,190.00,202,101.00,14154,7077.00,5680,2840.00,168,84.00,3,1.50
642,6,1097,182.83,554,92.33,69966,11661.00,26910,4485.00,907,151.17,6,1.00
643,3,820,273.33,188,62.67,44063,14687.67,8888,2962.67,565,188.33,12,4.00
644,2,964,482.00,266,133.00,17720,8860.00,9600,4800.00,0,0.00,0,0.00
645,5,727,145.40,455,91.00,53485,10697.00,11093,2218.60,318,63.60,12,2.40
646,2,224,112.00,99,49.50,13153,6576.50,6754,3377.00,0,0.00,0,0.00
647,1,87,87.00,34,34.00,11971,11971.00,1092,1092.00,0,0.00,8,8.00
648,5,1953,390.60,671,134.20,26144,5228.80,14648,2929.60,0,0.00,4,0.80
650,1,218,218.00,167,167.00,96076,96076.00,7084,7084.00,1134,1134.00,3,3.00
651,2,406,203.00,154,77.00,26824,13412.00,15736,7868.00,0,0.00,0,0.00
652,3,755,251.67,405,135.00,51350,17116.67,19161,6387.00,0,0.00,0,0.00
653,1,285,285.00,168,168.00,3118,3118.00,3159,3159.00,0,0.00,0,0.00
654,3,578,192.67,212,70.67,30983,10327.67,16814,5604.67,0,0.00,0,0.00
655,2,237,118.50,94,47.00,46321,23160.50,16807,8403.50,0,0.00,3,1.50
656,1,197,197.00,105,105.00,6528,6528.00,1146,1146.00,0,0.00,0,0.00
657,3,985,328.33,795,265.00,39938,13312.67,15313,5104.33,0,0.00,0,0.00
658,5,1457,291.40,739,147.80,50555,10111.00,98006,19601.20,0,0.00,10,2.00
659,2,535,267.50,105,52.50,17537,8768.50,34058,17029.00,0,0.00,0,0.00
660,4,1076,269.00,706,176.50,40770,10192.50,13035,3258.75,0,0.00,0,0.00
661,1,232,232.00,120,120.00,13423,13423.00,7868,7868.00,0,0.00,0,0.00
662,2,300,150.00,210,105.00,38395,19197.50,9470,4735.00,0,0.00,12,6.00
663,1,123,123.00,54,54.00,30408,30408.00,2988,2988.00,0,0.00,0,0.00
664,2,493,246.50,248,124.00,26197,13098.50,9600,4800.00,0,0.00,0,0.00
665,1,538,538.00,425,425.00,1466,1466.00,113,113.00,0,0.00,0,0.00
666,2,228,114.00,117,58.50,26497,13248.50,7550,3775.00,0,0.00,0,0.00
667,3,687,229.00,337,112.33,40658,13552.67,20421,6807.00,0,0.00,0,0.00
668,3,766,255.33,404,134.67,67830,22610.00,69303,23101.00,318,106.00,12,4.00
669,1,271,271.00,129,129.00,3181,3181.00,4192,4192.00,0,0.00,0,0.00
670,2,452,226.00,186,93.00,27168,13584.00,13293,6646.50,0,0.00,0,0.00
671,5,2993,598.60,802,160.40,45040,9008.00,12330,2466.00,0,0.00,0,0.00
672,5,2718,543.60,899,179.80,46857,9371.40,17516,3503.20,0,0.00,0,0.00
673,1,667,667.00,161,161.00,7847,7847.00,5287,5287.00,0,0.00,0,0.00
674,1,175,175.00,253,253.00,4644,4644.00,91,91.00,0,0.00,0,0.00
675,11,2650,240.91,2672,242.91,100430,9130.00,90608,8237.09,0,0.00,0,0.00
677,4,870,217.50,552,138.00,43174,10793.50,10522,2630.50,0,0.00,7,1.75
678,30,8050,268.33,4128,137.60,578235,19274.50,188824,6294.13,0,0.00,0,0.00
679,6,1447,241.17,985,164.17,58442,9740.33,20059,3343.17,0,0.00,33,5.50
680,1,252,252.00,148,148.00,23548,23548.00,420,420.00,0,0.00,0,0.00
681,7,2596,370.86,1571,224.43,92799,13257.00,18843,2691.86,0,0.00,0,0.00
682,5,1296,259.20,838,167.60,44582,8916.40,18580,3716.00,0,0.00,0,0.00
683,2,568,284.00,265,132.50,21599,10799.50,18979,9489.50,0,0.00,0,0.00
684,3,422,140.67,242,80.67,23844,7948.00,9939,3313.00,278,92.67,15,5.00
685,1,220,220.00,80,80.00,13971,13971.00,8568,8568.00,0,0.00,0,0.00
686,3,961,320.33,766,255.33,58952,19650.67,15959,5319.67,0,0.00,0,0.00
687,2,473,236.50,282,141.00,22594,11297.00,2025,1012.50,0,0.00,0,0.00
688,2,317,158.50,161,80.50,26852,13426.00,18504,9252.00,0,0.00,6,3.00
689,3,945,315.00,912,304.00,22118,7372.67,1094,364.67,0,0.00,252,84.00
690,6,1983,330.50,515,85.83,84920,14153.33,181635,30272.50,0,0.00,12,2.00
691,2,407,203.50,295,147.50,31723,15861.50,5198,2599.00,0,0.00,0,0.00
692,2,366,183.00,170,85.00,50796,25398.00,13982,6991.00,0,0.00,6,3.00
693,4,778,194.50,527,131.75,60919,15229.75,23891,5972.75,0,0.00,12,3.00
695,2,440,220.00,313,156.50,17581,8790.50,5698,2849.00,0,0.00,7,3.50
696,4,468,117.00,235,58.75,83964,20991.00,20787,5196.75,660,165.00,12,3.00
697,1,220,220.00,94,94.00,13577,13577.00,7868,7868.00,0,0.00,0,0.00
698,2,138,69.00,95,47.50,29815,14907.50,2482,1241.00,144,72.00,4,2.00
699,1,572,572.00,685,685.00,77,77.00,0,0.00,0,0.00,0,0.00
700,1,252,252.00,168,168.00,23548,23548.00,420,420.00,0,0.00,0,0.00
701,1,120,120.00,120,120.00,4417,4417.00,350,350.00,0,0.00,14,14.00
702,5,2058,411.60,942,188.40,75780,15156.00,203298,40659.60,0,0.00,0,0.00
703,1,218,218.00,82,82.00,14694,14694.00,21663,21663.00,0,0.00,0,0.00
705,1,279,279.00,195,195.00,16323,16323.00,1740,1740.00,0,0.00,0,0.00
706,2,666,333.00,407,203.50,22301,11150.50,958,479.00,0,0.00,0,0.00
708,118,75860,642.88,40506,343.27,470394,3986.39,3381,28.65,0,0.00,531,4.50
709,3,1076,358.67,936,312.00,23995,7998.33,683,227.67,0,0.00,126,42.00
710,2,715,357.50,256,128.00,10174,5087.00,34070,17035.00,0,0.00,0,0.00
711,2,296,148.00,254,127.00,13772,6886.00,1333,666.50,0,0.00,0,0.00
712,2,980,490.00,140,70.00,32822,16411.00,6923,3461.50,0,0.00,12,6.00
713,1,359,359.00,242,242.00,5650,5650.00,114,114.00,0,0.00,0,0.00
714,4,3160,790.00,1129,282.25,46789,11697.25,10923,2730.75,0,0.00,0,0.00
718,3,715,238.33,196,65.33,25089,8363.00,7913,2637.67,0,0.00,7,2.33
719,1,219,219.00,81,81.00,25529,25529.00,4992,4992.00,0,0.00,0,0.00
720,2,665,332.50,150,75.00,8118,4059.00,52279,26139.50,0,0.00,0,0.00
721,1,224,224.00,84,84.00,14903,14903.00,9688,9688.00,0,0.00,0,0.00
722,1,225,225.00,85,85.00,14903,14903.00,9688,9688.00,0,0.00,0,0.00
723,2,504,252.00,272,136.00,23190,11595.00,1703,851.50,0,0.00,0,0.00
724,2,945,472.50,455,227.50,31427,15713.50,86177,43088.50,0,0.00,0,0.00
725,3,224,74.67,112,37.33,20306,6768.67,914,304.67,0,0.00,17,5.67
726,7,2552,364.57,1975,282.14,26617,3802.43,20634,2947.71,84,12.00,9,1.29
727,1,26,26.00,40,40.00,15838,15838.00,2312,2312.00,0,0.00,27,27.00
728,4,1115,278.75,742,185.50,37115,9278.75,19546,4886.50,0,0.00,7,1.75
730,3,880,293.33,424,141.33,30860,10286.67,39482,13160.67,0,0.00,0,0.00
731,4,1653,413.25,562,140.50,30596,7649.00,12083,3020.75,0,0.00,9,2.25
732,7,1903,271.86,1921,274.43,29072,4153.14,6312,901.71,0,0.00,0,0.00
733,3,811,270.33,346,115.33,36985,12328.33,37697,12565.67,0,0.00,6,2.00
734,1,232,232.00,87,87.00,15039,15039.00,13481,13481.00,0,0.00,0,0.00
735,5,1883,376.60,471,94.20,90780,18156.00,28811,5762.20,168,33.60,10,2.00
736,1,8,8.00,2,2.00,201,201.00,0,0.00,0,0.00,9,9.00
737,2,802,401.00,776,388.00,294,147.00,21,10.50,0,0.00,10,5.00
738,4,846,211.50,191,47.75,41281,10320.25,67468,16867.00,0,0.00,7,1.75
739,1,122,122.00,26,26.00,15210,15210.00,1356,1356.00,0,0.00,0,0.00
740,3,393,131.00,206,68.67,22131,7377.00,8221,2740.33,0,0.00,7,2.33
742,1,145,145.00,79,79.00,31527,31527.00,14256,14256.00,0,0.00,4,4.00
743,2,867,433.50,430,215.00,49183,24591.50,78375,39187.50,0,0.00,2,1.00
744,3,540,180.00,396,132.00,53307,17769.00,9097,3032.33,123,41.00,2,0.67
746,2,424,212.00,130,65.00,25745,12872.50,9481,4740.50,0,0.00,12,6.00
747,2,369,184.50,203,101.50,23666,11833.00,9221,4610.50,0,0.00,0,0.00
748,2,453,226.50,321,160.50,60343,30171.50,9606,4803.00,0,0.00,10,5.00
749,8,1819,227.38,659,82.38,109320,13665.00,88505,11063.12,0,0.00,9,1.12
750,7,2641,377.29,1618,231.14,68765,9823.57,174687,24955.29,0,0.00,6,0.86
751,3,1334,444.67,664,221.33,41785,13928.33,115600,38533.33,0,0.00,0,0.00
752,4,989,247.25,402,100.50,29137,7284.25,61624,15406.00,0,0.00,9,2.25
753,5,594,118.80,322,64.40,128922,25784.40,16509,3301.80,315,63.00,66,13.20
755,1,143,143.00,60,60.00,20288,20288.00,4836,4836.00,336,336.00,0,0.00
756,4,886,221.50,369,92.25,58374,14593.50,20289,5072.25,0,0.00,18,4.50
757,2,452,226.00,334,167.00,20569,10284.50,10189,5094.50,0,0.00,0,0.00
758,1,121,121.00,35,35.00,36118,36118.00,4560,4560.00,0,0.00,0,0.00
759,2,472,236.00,147,73.50,45333,22666.50,12660,6330.00,0,0.00,0,0.00
760,1,470,470.00,335,335.00,16455,16455.00,675,675.00,0,0.00,0,0.00
761,2,556,278.00,193,96.50,29775,14887.50,12185,6092.50,0,0.00,0,0.00
762,3,866,288.67,284,94.67,44540,14846.67,21072,7024.00,0,0.00,0,0.00
764,3,1156,385.33,505,168.33,68459,22819.67,92592,30864.00,501,167.00,0,0.00
767,2,612,306.00,201,100.50,29692,14846.00,13927,6963.50,0,0.00,0,0.00
768,2,1477,738.50,225,112.50,43008,21504.00,14218,7109.00,0,0.00,0,0.00
770,2,1124,562.00,302,151.00,23068,11534.00,10731,5365.50,0,0.00,0,0.00
771,1,211,211.00,349,349.00,5209,5209.00,2024,2024.00,0,0.00,0,0.00
772,1,80,80.00,55,55.00,15144,15144.00,424,424.00,0,0.00,0,0.00
773,1,90,90.00,83,83.00,25654,25654.00,2275,2275.00,144,144.00,4,4.00
774,3,258,86.00,399,133.00,10596,3532.00,407,135.67,458,152.67,21,7.00
776,2,556,278.00,224,112.00,35426,17713.00,3752,1876.00,144,72.00,4,2.00
777,4,1050,262.50,692,173.00,42580,10645.00,36377,9094.25,0,0.00,0,0.00
778,1,829,829.00,200,200.00,8729,8729.00,6552,6552.00,0,0.00,0,0.00
779,1,645,645.00,531,531.00,1478,1478.00,114,114.00,0,0.00,0,0.00
780,4,546,136.50,412,103.00,33170,8292.50,31242,7810.50,0,0.00,30,7.50
781,3,501,167.00,241,80.33,26564,8854.67,6078,2026.00,501,167.00,18,6.00
783,2,850,425.00,389,194.50,26000,13000.00,28245,14122.50,0,0.00,0,0.00
785,1,85,85.00,78,78.00,25762,25762.00,2287,2287.00,144,144.00,4,4.00
786,1,6,6.00,75,75.00,42949,42949.00,6969,6969.00,0,0.00,8,8.00
789,4,1374,343.50,1389,347.25,33981,8495.25,1836,459.00,0,0.00,0,0.00
791,22,8130,369.55,4966,225.73,321150,14597.73,158623,7210.14,0,0.00,0,0.00
792,6,2490,415.00,1491,248.50,80519,13419.83,12778,2129.67,0,0.00,0,0.00
793,2,473,236.50,158,79.00,46088,23044.00,17521,8760.50,0,0.00,0,0.00
794,4,2036,509.00,1714,428.50,59444,14861.00,11648,2912.00,0,0.00,0,0.00
795,1,328,328.00,133,133.00,15861,15861.00,1651,1651.00,72,72.00,2,2.00
797,5,1875,375.00,679,135.80,85555,17111.00,26216,5243.20,0,0.00,0,0.00
798,6,1450,241.67,668,111.33,69295,11549.17,24770,4128.33,0,0.00,49,8.17
799,7,3245,463.57,2311,330.14,33840,4834.29,16785,2397.86,0,0.00,0,0.00
800,5,1006,201.20,642,128.40,60461,12092.20,8689,1737.80,0,0.00,0,0.00
801,2,659,329.50,190,95.00,42956,21478.00,8048,4024.00,0,0.00,0,0.00
802,7,3453,493.29,2269,324.14,39618,5659.71,65917,9416.71,0,0.00,8,1.14
803,3,1080,360.00,587,195.67,54054,18018.00,59167,19722.33,0,0.00,0,0.00
805,6,2454,409.00,762,127.00,57074,9512.33,149641,24940.17,0,0.00,18,3.00
806,1,269,269.00,108,108.00,29694,29694.00,5824,5824.00,0,0.00,0,0.00
807,16,4642,290.12,1835,114.69,463897,28993.56,183610,11475.62,0,0.00,0,0.00
808,7,2026,289.43,592,84.57,169625,24232.14,83930,11990.00,0,0.00,0,0.00
809,2,520,260.00,198,99.00,59388,29694.00,11648,5824.00,0,0.00,0,0.00
811,4,1666,416.50,742,185.50,51666,12916.50,51322,12830.50,0,0.00,7,1.75
812,4,2291,572.75,1001,250.25,49211,12302.75,8546,2136.50,95,23.75,0,0.00
813,7,4091,584.43,2116,302.29,64308,9186.86,15895,2270.71,0,0.00,0,0.00
815,3,1292,430.67,969,323.00,46360,15453.33,17529,5843.00,0,0.00,0,0.00
817,1,314,314.00,184,184.00,29842,29842.00,3939,3939.00,0,0.00,0,0.00
818,3,734,244.67,525,175.00,15693,5231.00,4118,1372.67,456,152.00,4,1.33
819,3,681,227.00,365,121.67,23281,7760.33,14393,4797.67,0,0.00,49,16.33
821,16,3981,248.81,1398,87.38,464631,29039.44,99911,6244.44,0,0.00,0,0.00
822,9,3496,388.44,873,97.00,214858,23873.11,77266,8585.11,0,0.00,0,0.00
824,3,1037,345.67,766,255.33,70483,23494.33,17137,5712.33,0,0.00,6,2.00
825,4,1066,266.50,482,120.50,70010,17502.50,13720,3430.00,0,0.00,0,0.00
826,3,680,226.67,318,106.00,60883,20294.33,20286,6762.00,0,0.00,0,0.00
827,3,943,314.33,247,82.33,39281,13093.67,64882,21627.33,0,0.00,0,0.00
828,2,517,258.50,174,87.00,49016,24508.00,18665,9332.50,0,0.00,0,0.00
829,3,2229,743.00,1773,591.00,23616,7872.00,1602,534.00,0,0.00,0,0.00
830,5,1966,393.20,1365,273.00,72970,14594.00,16458,3291.60,0,0.00,13,2.60
832,4,2269,567.25,1604,401.00,48321,12080.25,5628,1407.00,168,42.00,4,1.00
833,1,37,37.00,6,6.00,507,507.00,11,11.00,0,0.00,4,4.00
834,3,1363,454.33,597,199.00,45667,15222.33,115502,38500.67,0,0.00,0,0.00
835,1,701,701.00,587,587.00,1478,1478.00,114,114.00,0,0.00,0,0.00
836,4,2736,684.00,1391,347.75,72815,18203.75,307477,76869.25,0,0.00,0,0.00
837,1,241,241.00,143,143.00,15555,15555.00,1862,1862.00,0,0.00,0,0.00
838,1,146,146.00,41,41.00,11426,11426.00,645,645.00,0,0.00,15,15.00
839,2,355,177.50,306,153.00,16748,8374.00,1381,690.50,189,94.50,0,0.00
840,3,3424,1141.33,3050,1016.67,29046,9682.00,99792,33264.00,0,0.00,0,0.00
841,2,828,414.00,38,19.00,10616,5308.00,88598,44299.00,0,0.00,0,0.00
842,3,2649,883.00,348,116.00,26809,8936.33,4503,1501.00,0,0.00,0,0.00
844,1,401,401.00,202,202.00,10813,10813.00,22319,22319.00,0,0.00,0,0.00
845,4,3134,783.50,710,177.50,67269,16817.25,102119,25529.75,0,0.00,18,4.50
846,2,585,292.50,248,124.00,32244,16122.00,13574,6787.00,0,0.00,0,0.00
847,2,1666,833.00,868,434.00,37786,18893.00,199528,99764.00,0,0.00,0,0.00
848,1,294,294.00,162,162.00,25340,25340.00,1323,1323.00,0,0.00,0,0.00
849,1,276,276.00,120,120.00,17277,17277.00,10116,10116.00,0,0.00,0,0.00
850,2,438,219.00,216,108.00,43310,21655.00,12502,6251.00,144,72.00,4,2.00
851,1,864,864.00,366,366.00,5725,5725.00,3795,3795.00,0,0.00,0,0.00
854,1,20,20.00,20,20.00,12725,12725.00,1010,1010.00,0,0.00,16,16.00
855,3,2313,771.00,2040,680.00,43178,14392.67,5667,1889.00,0,0.00,0,0.00
857,1,253,253.00,91,91.00,28180,28180.00,22505,22505.00,0,0.00,2,2.00
858,1,264,264.00,96,96.00,17886,17886.00,16164,16164.00,0,0.00,0,0.00
861,3,1029,343.00,450,150.00,32031,10677.00,44124,14708.00,0,0.00,0,0.00
863,2,699,349.50,111,55.50,23422,11711.00,64715,32357.50,0,0.00,0,0.00
864,2,851,425.50,212,106.00,17292,8646.00,89442,44721.00,0,0.00,0,0.00
866,1,271,271.00,103,103.00,17896,17896.00,13895,13895.00,0,0.00,0,0.00
867,2,333,166.50,167,83.50,32745,16372.50,14774,7387.00,0,0.00,0,0.00
868,1,108,108.00,127,127.00,6100,6100.00,525,525.00,342,342.00,3,3.00
869,1,295,295.00,141,141.00,17885,17885.00,13895,13895.00,0,0.00,0,0.00
870,2,80,40.00,46,23.00,7731,3865.50,475,237.50,480,240.00,21,10.50
871,1,844,844.00,448,448.00,18792,18792.00,75852,75852.00,0,0.00,0,0.00
872,4,3547,886.75,1373,343.25,29787,7446.75,3900,975.00,0,0.00,0,0.00
873,1,1274,1274.00,126,126.00,9074,9074.00,1718,1718.00,0,0.00,0,0.00
874,1,433,433.00,219,219.00,11534,11534.00,24299,24299.00,0,0.00,0,0.00
875,1,418,418.00,200,200.00,11793,11793.00,38624,38624.00,0,0.00,0,0.00
876,2,765,382.50,212,106.00,35098,17549.00,25235,12617.50,0,0.00,0,0.00
877,3,1054,351.33,416,138.67,47292,15764.00,48261,16087.00,0,0.00,0,0.00
878,1,285,285.00,271,271.00,11370,11370.00,270,270.00,0,0.00,0,0.00
879,1,382,382.00,109,109.00,17552,17552.00,12614,12614.00,0,0.00,0,0.00
881,2,2094,1047.00,167,83.50,53961,26980.50,7719,3859.50,0,0.00,0,0.00
882,8,1569,196.12,537,67.12,218547,27318.38,109691,13711.38,0,0.00,6,0.75
883,3,1092,364.00,499,166.33,103719,34573.00,107074,35691.33,0,0.00,0,0.00
885,682,269571,395.27,231870,339.99,3808155,5583.80,348513,511.02,0,0.00,0,0.00
888,3,449,149.67,333,111.00,65090,21696.67,28513,9504.33,0,0.00,8,2.67
889,2,1144,572.00,959,479.50,18574,9287.00,14829,7414.50,0,0.00,0,0.00
890,1,61,61.00,11,11.00,84190,84190.00,22100,22100.00,0,0.00,0,0.00
891,74,33950,458.78,27304,368.97,441240,5962.70,153960,2080.54,0,0.00,6,0.08
892,1,281,281.00,99,99.00,18428,18428.00,14826,14826.00,0,0.00,0,0.00
893,1,353,353.00,108,108.00,18323,18323.00,13895,13895.00,0,0.00,0,0.00
894,2,676,338.00,234,117.00,105235,52617.50,9660,4830.00,541,270.50,0,0.00
895,2,906,453.00,479,239.50,41649,20824.50,53999,26999.50,0,0.00,0,0.00
897,4,1319,329.75,560,140.00,40034,10008.50,54430,13607.50,0,0.00,4,1.00
898,2,720,360.00,369,184.50,24210,12105.00,10449,5224.50,0,0.00,6,3.00
899,3,595,198.33,545,181.67,43386,14462.00,13651,4550.33,258,86.00,6,2.00
900,3,396,132.00,256,85.33,55310,18436.67,6327,2109.00,0,0.00,0,0.00
902,1,1282,1282.00,128,128.00,9713,9713.00,1851,1851.00,0,0.00,0,0.00
903,41,18903,461.05,14683,358.12,237926,5803.07,64113,1563.73,0,0.00,0,0.00
904,8,4922,615.25,5029,628.62,21897,2737.12,6,0.75,0,0.00,0,0.00
905,2,1797,898.50,1372,686.00,20209,10104.50,114450,57225.00,0,0.00,0,0.00
906,1,281,281.00,113,113.00,18050,18050.00,13895,13895.00,0,0.00,0,0.00
907,3,914,304.67,424,141.33,66187,22062.33,19231,6410.33,0,0.00,16,5.33
909,6,2068,344.67,1519,253.17,57807,9634.50,18137,3022.83,331,55.17,0,0.00
910,2,636,318.00,351,175.50,26227,13113.50,14611,7305.50,0,0.00,0,0.00
911,1,349,349.00,113,113.00,17540,17540.00,6206,6206.00,0,0.00,0,0.00
912,16,4932,308.25,2172,135.75,509295,31830.94,99840,6240.00,0,0.00,0,0.00
913,2,539,269.50,171,85.50,67906,33953.00,13312,6656.00,0,0.00,0,0.00
914,2,546,273.00,178,89.00,67906,33953.00,13312,6656.00,0,0.00,0,0.00
915,40,16362,409.05,13691,342.27,339876,8496.90,52684,1317.10,420,10.50,0,0.00
916,2,1176,588.00,992,496.00,33975,16987.50,6656,3328.00,0,0.00,0,0.00
917,1,368,368.00,115,115.00,17627,17627.00,6223,6223.00,0,0.00,0,0.00
918,2,378,189.00,108,54.00,63462,31731.00,27708,13854.00,0,0.00,0,0.00
919,1,922,922.00,922,922.00,0,0.00,0,0.00,0,0.00,0,0.00
921,2,916,458.00,171,85.50,9397,4698.50,1518,759.00,0,0.00,56,28.00
925,3,1672,557.33,1176,392.00,34327,11442.33,26154,8718.00,0,0.00,0,0.00
927,2,744,372.00,378,189.00,9354,4677.00,534,267.00,0,0.00,0,0.00
929,1,445,445.00,214,214.00,11984,11984.00,21749,21749.00,0,0.00,0,0.00
930,1,432,432.00,204,204.00,12357,12357.00,45447,45447.00,0,0.00,0,0.00
931,3,496,165.33,247,82.33,22180,7393.33,22272,7424.00,1760,586.67,20,6.67
932,3,1996,665.33,466,155.33,28989,9663.00,48562,16187.33,0,0.00,0,0.00
933,2,592,296.00,236,118.00,38548,19274.00,28738,14369.00,0,0.00,0,0.00
935,2,1226,613.00,752,376.00,34312,17156.00,110656,55328.00,0,0.00,0,0.00
936,1,342,342.00,186,186.00,31044,31044.00,927,927.00,0,0.00,0,0.00
937,2,1601,800.50,267,133.50,29552,14776.00,14521,7260.50,0,0.00,0,0.00
939,3,637,212.33,479,159.67,48734,16244.67,15929,5309.67,323,107.67,0,0.00
940,1,304,304.00,122,122.00,19376,19376.00,16282,16282.00,0,0.00,0,0.00
941,1,320,320.00,113,113.00,19320,19320.00,12456,12456.00,0,0.00,0,0.00
942,2,588,294.00,204,102.00,39240,19620.00,39060,19530.00,0,0.00,0,0.00
943,2,215,107.50,68,34.00,17047,8523.50,1283,641.50,0,0.00,6,3.00
944,1,485,485.00,107,107.00,19412,19412.00,14973,14973.00,0,0.00,0,0.00
945,1,936,936.00,479,479.00,21569,21569.00,98520,98520.00,0,0.00,0,0.00
947,1,34,34.00,25,25.00,22726,22726.00,1685,1685.00,0,0.00,24,24.00
951,4,2410,602.50,1636,409.00,42114,10528.50,115771,28942.75,0,0.00,0,0.00
953,1,1870,1870.00,138,138.00,12696,12696.00,2637,2637.00,0,0.00,0,0.00
957,2,1317,658.50,611,305.50,41180,20590.00,128400,64200.00,0,0.00,0,0.00
958,4,2015,503.75,1190,297.50,46609,11652.25,68421,17105.25,0,0.00,0,0.00
959,7,1864,266.29,651,93.00,120789,17255.57,103815,14830.71,0,0.00,4,0.57
960,3,1083,361.00,654,218.00,42476,14158.67,30411,10137.00,557,185.67,1,0.33
962,3,1297,432.33,265,88.33,45609,15203.00,20639,6879.67,0,0.00,18,6.00
963,1,443,443.00,215,215.00,12511,12511.00,45447,45447.00,0,0.00,0,0.00
967,2,352,176.00,148,74.00,42734,21367.00,18986,9493.00,0,0.00,24,12.00
969,2,495,247.50,324,162.00,22727,11363.50,7665,3832.50,0,0.00,0,0.00
971,2,619,309.50,403,201.50,25900,12950.00,7767,3883.50,0,0.00,0,0.00
972,1,947,947.00,942,942.00,260,260.00,10,10.00,0,0.00,0,0.00
977,3,1044,348.00,384,128.00,58353,19451.00,22770,7590.00,0,0.00,0,0.00
978,5,1082,216.40,533,106.60,52104,10420.80,22716,4543.20,0,0.00,11,2.20
979,2,936,468.00,187,93.50,18429,9214.50,3197,1598.50,0,0.00,0,0.00
981,1,350,350.00,130,130.00,19462,19462.00,7590,7590.00,0,0.00,0,0.00
982,1,11,11.00,41,41.00,32931,32931.00,4896,4896.00,0,0.00,0,0.00
983,1,42,42.00,39,39.00,37901,37901.00,6500,6500.00,0,0.00,10,10.00
984,1,345,345.00,111,111.00,20070,20070.00,13476,13476.00,0,0.00,0,0.00
987,1,347,347.00,112,112.00,20082,20082.00,13477,13477.00,0,0.00,0,0.00
988,2,634,317.00,262,131.00,40880,20440.00,31760,15880.00,0,0.00,0,0.00
990,4,165,41.25,54,13.50,77646,19411.50,13142,3285.50,1506,376.50,39,9.75
992,1,970,970.00,137,137.00,10274,10274.00,2397,2397.00,0,0.00,0,0.00
994,1,100,100.00,36,36.00,5158,5158.00,345,345.00,903,903.00,0,0.00
995,1,1337,1337.00,1336,1336.00,2760,2760.00,1,1.00,0,0.00,0,0.00
999,1,341,341.00,116,116.00,20634,20634.00,15880,15880.00,0,0.00,0,0.00
1001,1,308,308.00,112,112.00,20867,20867.00,18858,18858.00,0,0.00,0,0.00
1002,1,310,310.00,114,114.00,20867,20867.00,18858,18858.00,0,0.00,0,0.00
1006,1,235,235.00,35,35.00,11655,11655.00,2255,2255.00,0,0.00,0,0.00
1008,2,1067,533.50,1071,535.50,12663,6331.50,0,0.00,0,0.00,0,0.00
1013,3,762,254.00,336,112.00,69268,23089.33,5986,1995.33,602,200.67,20,6.67
1014,3,1812,604.00,846,282.00,45009,15003.00,142558,47519.33,0,0.00,0,0.00
1015,1,64,64.00,39,39.00,63502,63502.00,7091,7091.00,0,0.00,18,18.00
1016,2,1493,746.50,757,378.50,36523,18261.50,184886,92443.00,0,0.00,0,0.00
1017,15,5869,391.27,2311,154.07,371852,24790.13,79257,5283.80,0,0.00,0,0.00
1018,4,2413,603.25,1661,415.25,84766,21191.50,17350,4337.50,0,0.00,0,0.00
1019,4,1067,266.75,306,76.50,82876,20719.00,17413,4353.25,0,0.00,12,3.00
1020,3,1040,346.67,286,95.33,82029,27343.00,17350,5783.33,0,0.00,0,0.00
1021,2,2004,1002.00,1226,613.00,15933,7966.50,3887,1943.50,0,0.00,0,0.00
1022,1,91,91.00,79,79.00,12679,12679.00,0,0.00,0,0.00,0,0.00
1023,1,114,114.00,46,46.00,11768,11768.00,1095,1095.00,0,0.00,15,15.00
1024,4,1663,415.75,439,109.75,55150,13787.50,14607,3651.75,0,0.00,0,0.00
1025,2,1322,661.00,1115,557.50,38178,19089.00,7488,3744.00,0,0.00,0,0.00
1026,3,946,315.33,394,131.33,71650,23883.33,74306,24768.67,490,163.33,0,0.00
1027,2,944,472.00,266,133.00,11300,5650.00,4746,2373.00,0,0.00,0,0.00
1028,3,816,272.00,246,82.00,69172,23057.33,11702,3900.67,602,200.67,14,4.67
1029,6,2269,378.17,712,118.67,127028,21171.33,109679,18279.83,0,0.00,0,0.00
1030,3,742,247.33,272,90.67,43010,14336.67,20992,6997.33,0,0.00,0,0.00
1031,1,326,326.00,116,116.00,21399,21399.00,19943,19943.00,0,0.00,0,0.00
1032,2,744,372.00,233,116.50,42015,21007.50,37282,18641.00,0,0.00,0,0.00
1034,5,322,64.40,316,63.20,79333,15866.60,4599,919.80,571,114.20,4,0.80
1035,1,1026,1026.00,522,522.00,23769,23769.00,123750,123750.00,0,0.00,0,0.00
1036,1,336,336.00,126,126.00,21399,21399.00,19943,19943.00,0,0.00,0,0.00
1037,4,1442,360.50,730,182.50,67992,16998.00,56893,14223.25,0,0.00,0,0.00
1038,3,813,271.00,383,127.67,41281,13760.33,24526,8175.33,718,239.33,2,0.67
1039,2,1192,596.00,1142,571.00,37942,18971.00,3408,1704.00,216,108.00,6,3.00
1041,2,145,72.50,64,32.00,39260,19630.00,20041,10020.50,113,56.50,30,15.00
1042,2,772,386.00,332,166.00,44722,22361.00,10892,5446.00,0,0.00,0,0.00
1044,5,2063,412.60,964,192.80,83098,16619.60,65243,13048.60,0,0.00,28,5.60
1045,1,156,156.00,99,99.00,33678,33678.00,3230,3230.00,144,144.00,6,6.00
1049,2,1270,635.00,719,359.50,38728,19364.00,22584,11292.00,0,0.00,0,0.00
1050,3,32,10.67,71,23.67,40463,13487.67,3463,1154.33,2205,735.00,6,2.00
1051,1,14,14.00,27,27.00,18872,18872.00,1801,1801.00,292,292.00,2,2.00
1053,2,1894,947.00,664,332.00,16543,8271.50,51682,25841.00,0,0.00,0,0.00
1054,1,496,496.00,264,264.00,6474,6474.00,3404,3404.00,0,0.00,0,0.00
1055,4,2546,636.50,1453,363.25,46476,11619.00,28493,7123.25,903,225.75,0,0.00
1056,1,352,352.00,242,242.00,9644,9644.00,1017,1017.00,0,0.00,0,0.00
1057,1,22,22.00,31,31.00,13591,13591.00,1228,1228.00,721,721.00,2,2.00
1059,2,1287,643.50,881,440.50,24880,12440.00,20498,10249.00,0,0.00,0,0.00
1060,1,480,480.00,249,249.00,6517,6517.00,3404,3404.00,0,0.00,0,0.00
1062,20,12104,605.20,11311,565.55,112171,5608.55,13827,691.35,0,0.00,12,0.60
1063,2,504,252.00,167,83.50,26945,13472.50,9211,4605.50,903,451.50,0,0.00
1064,1,94,94.00,37,37.00,38064,38064.00,3433,3433.00,216,216.00,6,6.00
1065,1,580,580.00,143,143.00,8459,8459.00,1243,1243.00,0,0.00,0,0.00
1067,2,299,149.50,90,45.00,37712,18856.00,3903,1951.50,646,323.00,17,8.50
1068,3,2162,720.67,2154,718.00,2361,787.00,265,88.33,0,0.00,16,5.33
1069,2,1076,538.00,388,194.00,12579,6289.50,54035,27017.50,0,0.00,0,0.00
1070,1,589,589.00,134,134.00,6051,6051.00,50631,50631.00,0,0.00,0,0.00
1071,2,658,329.00,238,119.00,44716,22358.00,43246,21623.00,0,0.00,0,0.00
1072,1,31,31.00,44,44.00,13832,13832.00,1233,1233.00,718,718.00,4,4.00
1073,1,331,331.00,121,121.00,22358,22358.00,21623,21623.00,0,0.00,0,0.00
1074,3,1242,414.00,492,164.00,50586,16862.00,35727,11909.00,0,0.00,0,0.00
1075,1,333,333.00,123,123.00,22375,22375.00,21623,21623.00,0,0.00,0,0.00
1077,2,435,217.50,276,138.00,36173,18086.50,7774,3887.00,615,307.50,10,5.00
1078,1,122,122.00,71,71.00,38004,38004.00,3411,3411.00,216,216.00,6,6.00
1079,1,358,358.00,162,162.00,22358,22358.00,21623,21623.00,0,0.00,0,0.00
1080,3,1123,374.33,588,196.00,38139,12713.00,129476,43158.67,721,240.33,14,4.67
1083,1,310,310.00,103,103.00,38420,38420.00,7488,7488.00,0,0.00,0,0.00
1086,4,1245,311.25,425,106.25,73005,18251.25,29077,7269.25,903,225.75,0,0.00
1087,1,1563,1563.00,148,148.00,14486,14486.00,4576,4576.00,0,0.00,0,0.00
1089,1,407,407.00,135,135.00,22071,22071.00,16176,16176.00,0,0.00,0,0.00
1096,1,844,844.00,215,215.00,11294,11294.00,6702,6702.00,0,0.00,0,0.00
1099,7,2996,428.00,861,123.00,157822,22546.00,148498,21214.00,0,0.00,0,0.00
1100,1,345,345.00,121,121.00,22890,22890.00,22785,22785.00,0,0.00,0,0.00
1104,1,382,382.00,296,296.00,21197,21197.00,7358,7358.00,0,0.00,0,0.00
1105,2,477,238.50,182,91.00,29199,14599.50,23353,11676.50,903,451.50,0,0.00
1107,2,710,355.00,262,131.00,45780,22890.00,45570,22785.00,0,0.00,0,0.00
1108,2,3062,1531.00,282,141.00,42002,21001.00,28701,14350.50,0,0.00,0,0.00
1110,5,1660,332.00,815,163.00,103870,20774.00,48785,9757.00,0,0.00,0,0.00
1113,1,312,312.00,177,177.00,4992,4992.00,675,675.00,0,0.00,0,0.00
1115,3,3209,1069.67,335,111.67,60402,20134.00,13160,4386.67,0,0.00,24,8.00
1116,1,80,80.00,6,6.00,74658,74658.00,13830,13830.00,0,0.00,15,15.00
1117,2,802,401.00,246,123.00,46098,23049.00,39580,19790.00,0,0.00,0,0.00
1118,1,406,406.00,125,125.00,23061,23061.00,19793,19793.00,0,0.00,0,0.00
1119,5,1832,366.40,837,167.40,170017,34003.40,86639,17327.80,398,79.60,15,3.00
1120,2,811,405.50,254,127.00,46358,23179.00,37685,18842.50,0,0.00,0,0.00
1123,2,1690,845.00,352,176.00,33887,16943.50,13992,6996.00,0,0.00,0,0.00
1126,1,541,541.00,76,76.00,89325,89325.00,18225,18225.00,0,0.00,0,0.00
1127,6,2406,401.00,858,143.00,136068,22678.00,61650,10275.00,0,0.00,0,0.00
1128,1,1113,1113.00,572,572.00,25531,25531.00,84002,84002.00,0,0.00,0,0.00
1130,5,3390,678.00,2712,542.40,21922,4384.40,4068,813.60,0,0.00,0,0.00
1131,1,405,405.00,147,147.00,22695,22695.00,10275,10275.00,0,0.00,0,0.00
1133,2,976,488.00,266,133.00,29040,14520.00,12309,6154.50,0,0.00,0,0.00
1134,1,294,294.00,42,42.00,26712,26712.00,3486,3486.00,0,0.00,0,0.00
1135,1,626,626.00,139,139.00,6467,6467.00,58087,58087.00,0,0.00,0,0.00
1138,1,1138,1138.00,1138,1138.00,0,0.00,0,0.00,0,0.00,0,0.00
1139,2,1731,865.50,1287,643.50,6328,3164.00,2034,1017.00,0,0.00,0,0.00
1140,2,1068,534.00,154,77.00,13519,6759.50,70946,35473.00,0,0.00,0,0.00
1141,3,1545,515.00,1316,438.67,39982,13327.33,27946,9315.33,0,0.00,0,0.00
1142,3,4301,1433.67,430,143.33,58471,19490.33,37482,12494.00,0,0.00,0,0.00
1143,2,1374,687.00,1365,682.50,13201,6600.50,1424,712.00,0,0.00,0,0.00
1144,2,190,95.00,66,33.00,39917,19958.50,3676,1838.00,441,220.50,1,0.50
1145,2,3042,1521.00,762,381.00,41365,20682.50,134664,67332.00,0,0.00,0,0.00
1146,2,925,462.50,698,349.00,19666,9833.00,31244,15622.00,0,0.00,0,0.00
1148,3,777,259.00,343,114.33,75685,25228.33,48219,16073.00,0,0.00,30,10.00
1154,1,30,30.00,30,30.00,15875,15875.00,1545,1545.00,646,646.00,2,2.00
1156,1,36,36.00,35,35.00,17837,17837.00,3023,3023.00,1114,1114.00,2,2.00
1158,1,393,393.00,253,253.00,17714,17714.00,11697,11697.00,0,0.00,0,0.00
1159,1,367,367.00,251,251.00,10180,10180.00,2274,2274.00,0,0.00,0,0.00
1160,1,521,521.00,222,222.00,34290,34290.00,3717,3717.00,0,0.00,0,0.00
1164,1,447,447.00,129,129.00,24096,24096.00,19125,19125.00,0,0.00,0,0.00
1168,1,203,203.00,103,103.00,7718,7718.00,671,671.00,903,903.00,0,0.00
1169,2,980,490.00,266,133.00,47376,23688.00,45696,22848.00,0,0.00,0,0.00
1170,1,574,574.00,32,32.00,7341,7341.00,39422,39422.00,0,0.00,0,0.00
1171,2,1011,505.50,613,306.50,33004,16502.00,22883,11441.50,0,0.00,0,0.00
1172,2,3937,1968.50,289,144.50,47495,23747.50,31624,15812.00,0,0.00,0,0.00
1173,1,1148,1148.00,599,599.00,25972,25972.00,147150,147150.00,0,0.00,0,0.00
1174,1,213,213.00,71,71.00,45980,45980.00,29390,29390.00,0,0.00,0,0.00
1175,2,1175,587.50,271,135.50,13046,6523.00,4083,2041.50,0,0.00,0,0.00
1176,1,204,204.00,6,6.00,65766,65766.00,16350,16350.00,0,0.00,0,0.00
1184,1,115,115.00,31,31.00,75052,75052.00,14024,14024.00,0,0.00,15,15.00
1186,1,592,592.00,284,284.00,16086,16086.00,34006,34006.00,0,0.00,0,0.00
1188,1,592,592.00,284,284.00,16100,16100.00,34006,34006.00,0,0.00,0,0.00
1190,2,233,116.50,102,51.00,19174,9587.00,2711,1355.50,879,439.50,0,0.00
1196,1,374,374.00,140,140.00,24655,24655.00,36128,36128.00,0,0.00,0,0.00
1197,2,883,441.50,262,131.00,49638,24819.00,45671,22835.50,0,0.00,0,0.00
1198,1,421,421.00,133,133.00,24729,24729.00,22813,22813.00,0,0.00,0,0.00
1199,1,44,44.00,34,34.00,28824,28824.00,2108,2108.00,0,0.00,30,30.00
1202,1,2389,2389.00,158,158.00,20171,20171.00,8653,8653.00,0,0.00,0,0.00
1203,2,843,421.50,350,175.00,43339,21669.50,37670,18835.00,0,0.00,0,0.00
1205,1,1943,1943.00,164,164.00,18363,18363.00,8201,8201.00,0,0.00,0,0.00
1206,2,872,436.00,296,148.00,42567,21283.50,64039,32019.50,0,0.00,0,0.00
1209,2,2802,1401.00,525,262.50,77835,38917.50,21227,10613.50,0,0.00,0,0.00
1214,1,396,396.00,169,169.00,24912,24912.00,20934,20934.00,0,0.00,0,0.00
1217,1,3436,3436.00,188,188.00,24239,24239.00,9670,9670.00,0,0.00,0,0.00
1220,1,673,673.00,315,315.00,73453,73453.00,13848,13848.00,1046,1046.00,0,0.00
1222,1,213,213.00,69,69.00,57477,57477.00,10647,10647.00,0,0.00,0,0.00
1223,2,311,155.50,131,65.50,34985,17492.50,9680,4840.00,840,420.00,0,0.00
1224,2,472,236.00,179,89.50,84725,42362.50,22560,11280.00,972,486.00,4,2.00
1227,2,776,388.00,308,154.00,51104,25552.00,49424,24712.00,0,0.00,0,0.00
1228,1,414,414.00,260,260.00,19205,19205.00,13895,13895.00,0,0.00,0,0.00
1232,2,4118,2059.00,322,161.00,38908,19454.00,18676,9338.00,0,0.00,0,0.00
1239,219,220149,1005.25,84951,387.90,1952724,8916.55,503187,2297.66,0,0.00,0,0.00
1240,2,6054,3027.00,337,168.50,46592,23296.00,20597,10298.50,0,0.00,0,0.00
1242,1,0,0.00,6,6.00,1248,1248.00,0,0.00,0,0.00,6,6.00
1243,6,5537,922.83,5311,885.17,20453,3408.83,4068,678.00,0,0.00,0,0.00
1244,2,1133,566.50,455,227.50,37742,18871.00,6441,3220.50,0,0.00,0,0.00
1245,11,7968,724.36,3457,314.27,85707,7791.55,29202,2654.73,0,0.00,0,0.00
1249,1,567,567.00,115,115.00,7141,7141.00,4068,4068.00,0,0.00,0,0.00
1251,3,474,158.00,502,167.33,35571,11857.00,1056,352.00,684,228.00,6,2.00
1253,1,573,573.00,121,121.00,7130,7130.00,4068,4068.00,0,0.00,0,0.00
1254,3,921,307.00,282,94.00,52062,17354.00,44553,14851.00,1116,372.00,6,2.00
1255,1,535,535.00,354,354.00,7434,7434.00,2655,2655.00,0,0.00,0,0.00
1256,1,455,455.00,140,140.00,25929,25929.00,22269,22269.00,0,0.00,0,0.00
1257,15,14622,974.80,6315,421.00,112797,7519.80,30987,2065.80,0,0.00,0,0.00
1260,3,968,322.67,432,144.00,58511,19503.67,28164,9388.00,84,28.00,12,4.00
1262,3,922,307.33,380,126.67,60867,20289.00,36366,12122.00,0,0.00,30,10.00
1263,2,800,400.00,344,172.00,51896,25948.00,68082,34041.00,469,234.50,0,0.00
1264,1,216,216.00,59,59.00,45903,45903.00,29390,29390.00,0,0.00,3,3.00
1268,1,2749,2749.00,166,166.00,22828,22828.00,11122,11122.00,0,0.00,0,0.00
1269,6,7465,1244.17,1813,302.17,75168,12528.00,32738,5456.33,0,0.00,0,0.00
1270,2,349,174.50,504,252.00,29398,14699.00,3365,1682.50,233,116.50,12,6.00
1271,2,4005,2002.50,986,493.00,26660,13330.00,17438,8719.00,0,0.00,0,0.00
1272,1,81,81.00,79,79.00,23357,23357.00,1466,1466.00,0,0.00,1,1.00
1277,4,1947,486.75,546,136.50,86675,21668.75,121953,30488.25,0,0.00,0,0.00
1278,1,402,402.00,222,222.00,20484,20484.00,18534,18534.00,0,0.00,0,0.00
1280,2,1062,531.00,430,215.00,43050,21525.00,76294,38147.00,0,0.00,0,0.00
1281,4,2013,503.25,1098,274.50,28548,7137.00,8784,2196.00,0,0.00,0,0.00
1282,1,1654,1654.00,1654,1654.00,4531,4531.00,0,0.00,0,0.00,0,0.00
1283,1,26,26.00,10,10.00,1751,1751.00,15,15.00,0,0.00,15,15.00
1284,1,458,458.00,213,213.00,25633,25633.00,13365,13365.00,0,0.00,0,0.00
1287,1,57,57.00,33,33.00,20384,20384.00,3338,3338.00,906,906.00,2,2.00
1288,1,1796,1796.00,1284,1284.00,1625,1625.00,2,2.00,0,0.00,0,0.00
1294,1,311,311.00,166,166.00,8952,8952.00,594,594.00,0,0.00,15,15.00
1300,1,439,439.00,271,271.00,20696,20696.00,16282,16282.00,0,0.00,0,0.00
1302,1,294,294.00,42,42.00,23436,23436.00,1302,1302.00,0,0.00,0,0.00
1308,2,892,446.00,326,163.00,53567,26783.50,41505,20752.50,0,0.00,0,0.00
1311,2,196,98.00,81,40.50,20824,10412.00,3570,1785.00,84,42.00,20,10.00
1312,1,462,462.00,183,183.00,25085,25085.00,5784,5784.00,0,0.00,0,0.00
1313,1,633,633.00,75,75.00,8437,8437.00,12941,12941.00,0,0.00,0,0.00
1314,1,424,424.00,170,170.00,26925,26925.00,24254,24254.00,0,0.00,0,0.00
1319,1,232,232.00,69,69.00,63821,63821.00,21780,21780.00,0,0.00,0,0.00
1320,1,228,228.00,6,6.00,74772,74772.00,20934,20934.00,0,0.00,0,0.00
1325,1,82,82.00,8,8.00,126285,126285.00,33150,33150.00,0,0.00,0,0.00
1327,1,240,240.00,240,240.00,14160,14160.00,112,112.00,0,0.00,0,0.00
1328,1,82,82.00,7,7.00,126306,126306.00,33150,33150.00,0,0.00,0,0.00
1332,2,1087,543.50,380,190.00,67745,33872.50,88584,44292.00,0,0.00,0,0.00
1334,1,257,257.00,97,97.00,58467,58467.00,10812,10812.00,0,0.00,0,0.00
1335,1,139,139.00,9,9.00,126527,126527.00,33157,33157.00,0,0.00,0,0.00
1337,1,157,157.00,57,57.00,74264,74264.00,15629,15629.00,0,0.00,12,12.00
1344,2,930,465.00,294,147.00,55572,27786.00,51324,25662.00,0,0.00,0,0.00
1346,2,902,451.00,330,165.00,53355,26677.50,61791,30895.50,0,0.00,0,0.00
1347,2,986,493.00,299,149.50,55776,27888.00,51375,25687.50,0,0.00,0,0.00
1356,5,4798,959.60,4416,883.20,21111,4222.20,56753,11350.60,0,0.00,0,0.00
1357,1,1358,1358.00,1358,1358.00,0,0.00,0,0.00,0,0.00,0,0.00
1359,1,418,418.00,226,226.00,13334,13334.00,0,0.00,0,0.00,4,4.00
1364,1,1267,1267.00,1380,1380.00,0,0.00,0,0.00,0,0.00,0,0.00
1366,1,1258,1258.00,1371,1371.00,11,11.00,0,0.00,0,0.00,0,0.00
1368,2,1807,903.50,965,482.50,53353,26676.50,145278,72639.00,0,0.00,0,0.00
1370,1,75,75.00,48,48.00,22390,22390.00,3071,3071.00,808,808.00,2,2.00
1373,3,244,81.33,182,60.67,160363,53454.33,21633,7211.00,808,269.33,40,13.33
1374,1,27,27.00,8,8.00,7491,7491.00,390,390.00,1320,1320.00,15,15.00
1375,1,121,121.00,120,120.00,11051,11051.00,11,11.00,0,0.00,0,0.00
1376,1,184,184.00,153,153.00,30024,30024.00,2174,2174.00,688,688.00,16,16.00
1377,2,1377,688.50,1416,708.00,46216,23108.00,6885,3442.50,0,0.00,0,0.00
1379,1,361,361.00,147,147.00,28042,28042.00,5710,5710.00,212,212.00,4,4.00
1380,3,1946,648.67,290,96.67,24517,8172.33,170022,56674.00,0,0.00,0,0.00
1381,2,716,358.00,313,156.50,87834,43917.00,34398,17199.00,469,234.50,0,0.00
1383,1,494,494.00,278,278.00,47355,47355.00,15905,15905.00,972,972.00,0,0.00
1385,1,441,441.00,177,177.00,28763,28763.00,27801,27801.00,0,0.00,0,0.00
1386,1,0,0.00,6,6.00,516,516.00,0,0.00,876,876.00,6,6.00
1388,1,451,451.00,187,187.00,28746,28746.00,27801,27801.00,0,0.00,0,0.00
1404,1,553,553.00,253,253.00,25320,25320.00,4155,4155.00,0,0.00,0,0.00
1405,1,118,118.00,88,88.00,84805,84805.00,9477,9477.00,0,0.00,24,24.00
1410,3,1425,475.00,598,199.33,86913,28971.00,77051,25683.67,0,0.00,0,0.00
1413,1,349,349.00,78,78.00,56588,56588.00,26999,26999.00,430,430.00,0,0.00
1414,1,497,497.00,222,222.00,28751,28751.00,16860,16860.00,0,0.00,0,0.00
1416,21,15399,733.29,15045,716.43,146025,6953.57,708,33.71,0,0.00,354,16.86
1418,1,261,261.00,86,86.00,65947,65947.00,12182,12182.00,0,0.00,0,0.00
1424,1,1221,1221.00,193,193.00,19452,19452.00,7677,7677.00,0,0.00,0,0.00
1425,1,368,368.00,150,150.00,53037,53037.00,10816,10816.00,0,0.00,0,0.00
1427,1,507,507.00,173,173.00,29132,29132.00,16860,16860.00,0,0.00,0,0.00
1434,3,2799,933.00,1869,623.00,16852,5617.33,912,304.00,0,0.00,177,59.00
1435,1,308,308.00,98,98.00,57411,57411.00,10110,10110.00,0,0.00,0,0.00
1436,3,1538,512.67,476,158.67,89325,29775.00,87993,29331.00,0,0.00,0,0.00
1437,1,512,512.00,157,157.00,29787,29787.00,29332,29332.00,0,0.00,0,0.00
1438,1,477,477.00,281,281.00,23678,23678.00,21623,21623.00,0,0.00,0,0.00
1449,1,664,664.00,123,123.00,8374,8374.00,65341,65341.00,0,0.00,0,0.00
1464,1,732,732.00,549,549.00,21777,21777.00,183,183.00,0,0.00,0,0.00
1467,1,702,702.00,343,343.00,19647,19647.00,64379,64379.00,0,0.00,0,0.00
1469,10,7797,779.70,4972,497.20,145544,14554.40,27685,2768.50,0,0.00,0,0.00
1470,3,1142,380.67,301,100.33,40727,13575.67,37814,12604.67,0,0.00,6,2.00
1473,1,648,648.00,279,279.00,21744,21744.00,19707,19707.00,0,0.00,0,0.00
1474,1,680,680.00,115,115.00,8628,8628.00,6215,6215.00,0,0.00,0,0.00
1476,1,66,66.00,50,50.00,36870,36870.00,5827,5827.00,742,742.00,14,14.00
1478,1,131,131.00,131,131.00,5989,5989.00,0,0.00,0,0.00,0,0.00
1479,1,132,132.00,132,132.00,5989,5989.00,0,0.00,0,0.00,0,0.00
1485,1,1206,1206.00,591,591.00,32022,32022.00,91008,91008.00,0,0.00,0,0.00
1486,1,1517,1517.00,1517,1517.00,0,0.00,0,0.00,0,0.00,0,0.00
1488,1,1382,1382.00,1495,1495.00,51,51.00,0,0.00,0,0.00,0,0.00
1491,1,1245,1245.00,1035,1035.00,2928,2928.00,6090,6090.00,0,0.00,0,0.00
1497,2,413,206.50,274,137.00,96351,48175.50,24095,12047.50,1114,557.00,9,4.50
1500,2,1504,752.00,873,436.50,64580,32290.00,18729,9364.50,861,430.50,14,7.00
1511,1,569,569.00,173,173.00,30480,30480.00,18424,18424.00,0,0.00,0,0.00
1512,1,1395,1395.00,822,822.00,27701,27701.00,9274,9274.00,0,0.00,0,0.00
1516,2,686,343.00,177,88.50,30936,15468.00,18509,9254.50,0,0.00,18,9.00
1530,1,0,0.00,6,6.00,6,6.00,0,0.00,1524,1524.00,6,6.00
1535,1,700,700.00,135,135.00,8830,8830.00,6215,6215.00,0,0.00,0,0.00
1536,1,700,700.00,135,135.00,8830,8830.00,6215,6215.00,0,0.00,0,0.00
1541,1,751,751.00,186,186.00,8588,8588.00,6215,6215.00,0,0.00,0,0.00
1551,1,1533,1533.00,782,782.00,35408,35408.00,163906,163906.00,0,0.00,0,0.00
1556,1,277,277.00,95,95.00,73899,73899.00,13689,13689.00,0,0.00,0,0.00
1560,3,1849,616.33,502,167.33,73746,24582.00,114287,38095.67,0,0.00,0,0.00
1563,1,724,724.00,350,350.00,20585,20585.00,75754,75754.00,0,0.00,0,0.00
1580,1,1064,1064.00,614,614.00,18750,18750.00,6480,6480.00,0,0.00,0,0.00
1582,1,1469,1469.00,1582,1582.00,0,0.00,0,0.00,0,0.00,0,0.00
1585,1,1588,1588.00,1588,1588.00,0,0.00,0,0.00,0,0.00,0,0.00
1590,1,1477,1477.00,1590,1590.00,0,0.00,0,0.00,0,0.00,0,0.00
1592,1,1489,1489.00,1602,1602.00,0,0.00,0,0.00,0,0.00,0,0.00
1593,158,119829,758.41,64074,405.53,1563795,9897.44,761631,4820.45,0,0.00,0,0.00
1596,1,536,536.00,531,531.00,27613,27613.00,4507,4507.00,0,0.00,220,220.00
1599,21,15258,726.57,7506,357.43,206028,9810.86,108324,5158.29,0,0.00,0,0.00
1602,1,0,0.00,6,6.00,516,516.00,0,0.00,1092,1092.00,6,6.00
1603,1,1483,1483.00,1589,1589.00,84,84.00,7,7.00,0,0.00,0,0.00
1608,2,896,448.00,360,180.00,112877,56438.50,32381,16190.50,0,0.00,177,88.50
1611,9,6474,719.33,3111,345.67,88980,9886.67,46221,5135.67,0,0.00,0,0.00
1617,2,1416,708.00,708,354.00,19824,9912.00,10620,5310.00,0,0.00,0,0.00
1626,2,318,159.00,276,138.00,17728,8864.00,1092,546.00,864,432.00,21,10.50
1630,1,283,283.00,75,75.00,79686,79686.00,27225,27225.00,0,0.00,0,0.00
1632,1,588,588.00,316,316.00,52508,52508.00,1932,1932.00,0,0.00,0,0.00
1634,1,828,828.00,81,81.00,12274,12274.00,20244,20244.00,0,0.00,0,0.00
1635,1,738,738.00,366,366.00,10176,10176.00,5436,5436.00,0,0.00,0,0.00
1640,1,125,125.00,197,197.00,83421,83421.00,18561,18561.00,0,0.00,14,14.00
1647,11,7208,655.27,4286,389.64,110071,10006.45,44464,4042.18,972,88.36,6,0.55
1661,2,1228,614.00,376,188.00,67350,33675.00,44962,22481.00,0,0.00,0,0.00
1662,1,552,552.00,230,230.00,34303,34303.00,50547,50547.00,0,0.00,0,0.00
1665,1,678,678.00,132,132.00,110349,110349.00,22461,22461.00,1569,1569.00,0,0.00
1675,1,137,137.00,64,64.00,100583,100583.00,14902,14902.00,0,0.00,24,24.00
1678,1,121,121.00,51,51.00,16257,16257.00,2633,2633.00,0,0.00,0,0.00
1683,1,525,525.00,249,249.00,34373,34373.00,50551,50551.00,0,0.00,0,0.00
1687,1,99,99.00,60,60.00,105789,105789.00,11815,11815.00,0,0.00,30,30.00
1695,4,3164,791.00,452,113.00,40228,10057.00,35256,8814.00,0,0.00,0,0.00
1696,1,792,792.00,114,114.00,10057,10057.00,8814,8814.00,0,0.00,0,0.00
1697,2,820,410.00,141,70.50,36682,18341.00,13348,6674.00,1671,835.50,3,1.50
1698,1,1696,1696.00,1696,1696.00,11,11.00,0,0.00,0,0.00,0,0.00
1702,3,3303,1101.00,1947,649.00,20125,6708.33,17628,5876.00,0,0.00,0,0.00
1703,4,6368,1592.00,6820,1705.00,0,0.00,0,0.00,0,0.00,0,0.00
1705,15,7806,520.40,2604,173.60,923201,61546.73,195480,13032.00,0,0.00,0,0.00
1706,1,501,501.00,156,156.00,63630,63630.00,12480,12480.00,0,0.00,0,0.00
1707,4,2018,504.50,638,159.50,254520,63630.00,49920,12480.00,0,0.00,0,0.00
1708,5,2332,466.40,632,126.40,214366,42873.20,47004,9400.80,0,0.00,28,5.60
1709,1,502,502.00,157,157.00,63641,63641.00,12480,12480.00,0,0.00,0,0.00
1710,3,1385,461.67,371,123.67,45386,15128.67,33886,11295.33,1572,524.00,6,2.00
1711,1,1606,1606.00,1719,1719.00,34,34.00,0,0.00,0,0.00,0,0.00
1714,1,807,807.00,132,132.00,10057,10057.00,8814,8814.00,0,0.00,0,0.00
1716,1,790,790.00,382,382.00,22564,22564.00,90150,90150.00,0,0.00,0,0.00
1718,2,532,266.00,242,121.00,138545,69272.50,40063,20031.50,721,360.50,16,8.00
1720,1,1472,1472.00,1262,1262.00,2939,2939.00,6090,6090.00,0,0.00,0,0.00
1722,1,0,0.00,6,6.00,1728,1728.00,0,0.00,0,0.00,6,6.00
1725,1,1710,1710.00,870,870.00,39615,39615.00,206250,206250.00,0,0.00,0,0.00
1730,1,584,584.00,112,112.00,93633,93633.00,59240,59240.00,904,904.00,0,0.00
1733,1,301,301.00,86,86.00,68893,68893.00,44087,44087.00,0,0.00,0,0.00
1734,1,128,128.00,46,46.00,3022,3022.00,315,315.00,0,0.00,105,105.00
1735,4,3244,811.00,1582,395.50,149099,37274.75,56372,14093.00,1140,285.00,0,0.00
1736,1,119,119.00,74,74.00,106551,106551.00,11986,11986.00,0,0.00,30,30.00
1737,3,1316,438.67,411,137.00,216472,72157.33,135499,45166.33,751,250.33,6,2.00
1738,1,304,304.00,88,88.00,68947,68947.00,44087,44087.00,0,0.00,0,0.00
1740,1,859,859.00,32,32.00,11046,11046.00,91577,91577.00,0,0.00,0,0.00
1741,1,809,809.00,382,382.00,22960,22960.00,70273,70273.00,0,0.00,0,0.00
1751,1,169,169.00,246,246.00,9214,9214.00,405,405.00,1320,1320.00,15,15.00
1752,1,300,300.00,6,6.00,98622,98622.00,25404,25404.00,474,474.00,0,0.00
1755,1,1740,1740.00,885,885.00,40320,40320.00,213780,213780.00,0,0.00,0,0.00
1761,3,3369,1123.00,1157,385.67,60941,20313.67,231409,77136.33,0,0.00,0,0.00
1762,2,1631,815.50,526,263.00,33360,16680.00,79087,39543.50,0,0.00,0,0.00
1770,20,20336,1016.80,13639,681.95,234516,11725.80,336985,16849.25,720,36.00,0,0.00
1773,1,550,550.00,291,291.00,61658,61658.00,10873,10873.00,0,0.00,0,0.00
1776,1,414,414.00,72,72.00,59958,59958.00,75318,75318.00,1608,1608.00,0,0.00
1784,2,604,302.00,261,130.50,149800,74900.00,27487,13743.50,700,350.00,0,0.00
1793,1,680,680.00,446,446.00,69551,69551.00,23947,23947.00,1458,1458.00,0,0.00
1808,1,1808,1808.00,1808,1808.00,0,0.00,0,0.00,0,0.00,0,0.00
1810,1,1699,1699.00,1812,1812.00,0,0.00,0,0.00,0,0.00,0,0.00
1811,2,1398,699.00,406,203.00,74060,37030.00,53966,26983.00,0,0.00,0,0.00
1812,1,660,660.00,204,204.00,36870,36870.00,26943,26943.00,0,0.00,0,0.00
1814,1,192,192.00,92,92.00,35923,35923.00,6396,6396.00,1132,1132.00,2,2.00
1816,2,3406,1703.00,3632,1816.00,0,0.00,0,0.00,0,0.00,0,0.00
1819,1,1705,1705.00,1818,1818.00,51,51.00,0,0.00,0,0.00,0,0.00
1823,1,119,119.00,119,119.00,22833,22833.00,0,0.00,0,0.00,0,0.00
1830,2,2987,1493.50,2583,1291.50,21411,10705.50,4941,2470.50,0,0.00,0,0.00
1832,1,411,411.00,130,130.00,71209,71209.00,24010,24010.00,1458,1458.00,0,0.00
1851,1,52,52.00,47,47.00,19089,19089.00,931,931.00,0,0.00,42,42.00
1854,2,0,0.00,12,6.00,3720,1860.00,0,0.00,0,0.00,12,6.00
1855,1,848,848.00,107,107.00,13926,13926.00,17685,17685.00,0,0.00,0,0.00
1861,1,631,631.00,266,266.00,38325,38325.00,29775,29775.00,0,0.00,0,0.00
1875,1,160,160.00,27,27.00,124776,124776.00,23016,23016.00,0,0.00,25,25.00
1877,1,1865,1865.00,950,950.00,43140,43140.00,245250,245250.00,0,0.00,0,0.00
1878,2,289,144.50,183,91.50,19711,9855.50,932,466.00,0,0.00,80,40.00
1881,1,177,177.00,183,183.00,3303,3303.00,0,0.00,0,0.00,6,6.00
1882,1,638,638.00,273,273.00,38402,38402.00,29775,29775.00,0,0.00,0,0.00
1883,1,668,668.00,220,220.00,38835,38835.00,29775,29775.00,0,0.00,0,0.00
1890,2,1806,903.00,630,315.00,102648,51324.00,30786,15393.00,0,0.00,0,0.00
1892,1,940,940.00,38,38.00,12021,12021.00,108902,108902.00,0,0.00,0,0.00
1896,1,324,324.00,6,6.00,110796,110796.00,45090,45090.00,0,0.00,0,0.00
1917,1,213,213.00,120,120.00,63859,63859.00,5842,5842.00,360,360.00,10,10.00
1921,8,6667,833.38,1582,197.75,166110,20763.75,61359,7669.88,0,0.00,0,0.00
1925,1,793,793.00,341,341.00,32555,32555.00,3164,3164.00,0,0.00,0,0.00
1927,1,1924,1924.00,1923,1923.00,23,23.00,1,1.00,0,0.00,0,0.00
1928,1,911,911.00,120,120.00,11526,11526.00,11865,11865.00,0,0.00,0,0.00
1947,212,99297,468.38,120891,570.24,5139726,24243.99,242844,1145.49,0,0.00,0,0.00
1952,1,1819,1819.00,1948,1948.00,98,98.00,0,0.00,0,0.00,0,0.00
1953,19,8583,451.74,14859,782.05,452412,23811.16,28674,1509.16,0,0.00,0,0.00
1957,1,933,933.00,131,131.00,11691,11691.00,12118,12118.00,0,0.00,0,0.00
1958,2,3688,1844.00,2092,1046.00,76600,38300.00,40016,20008.00,0,0.00,0,0.00
1962,1,480,480.00,396,396.00,26469,26469.00,1512,1512.00,0,0.00,0,0.00
1964,1,833,833.00,219,219.00,40588,40588.00,31938,31938.00,0,0.00,0,0.00
1965,16,8682,542.62,10434,652.12,358725,22420.31,22215,1388.44,0,0.00,0,0.00
1966,1,95,95.00,43,43.00,98702,98702.00,26817,26817.00,0,0.00,9,9.00
1971,2,708,354.00,1416,708.00,50268,25134.00,3186,1593.00,0,0.00,0,0.00
1972,1,922,922.00,130,130.00,11714,11714.00,11866,11866.00,0,0.00,0,0.00
1973,1,607,607.00,81,81.00,113717,113717.00,73903,73903.00,1104,1104.00,0,0.00
1977,6,2733,455.50,3258,543.00,150804,25134.00,6003,1000.50,0,0.00,0,0.00
1981,1,266,266.00,153,153.00,1181,1181.00,40,40.00,0,0.00,38,38.00
1986,1,0,0.00,6,6.00,1260,1260.00,0,0.00,732,732.00,6,6.00
1987,1,926,926.00,135,135.00,11768,11768.00,11865,11865.00,0,0.00,0,0.00
1989,1,549,549.00,366,366.00,25032,25032.00,444,444.00,0,0.00,0,0.00
1990,2,1707,853.50,821,410.50,49108,24554.00,30483,15241.50,0,0.00,268,134.00
2007,1,91,91.00,51,51.00,43092,43092.00,21435,21435.00,884,884.00,19,19.00
2013,7,2562,366.00,4392,627.43,173118,24731.14,8235,1176.43,0,0.00,0,0.00
2014,1,970,970.00,459,459.00,27419,27419.00,90118,90118.00,0,0.00,0,0.00
2019,1,531,531.00,537,537.00,144,144.00,0,0.00,1704,1704.00,6,6.00
2025,1,396,396.00,182,182.00,69200,69200.00,22506,22506.00,0,0.00,0,0.00
2028,1,134,134.00,246,246.00,28179,28179.00,4534,4534.00,1671,1671.00,3,3.00
2032,1,684,684.00,289,289.00,41597,41597.00,34890,34890.00,0,0.00,0,0.00
2040,1,348,348.00,6,6.00,115678,115678.00,31996,31996.00,1002,1002.00,0,0.00
2061,1,385,385.00,79,79.00,41036,41036.00,3883,3883.00,0,0.00,0,0.00
2068,1,2,2.00,28,28.00,31096,31096.00,3026,3026.00,1136,1136.00,4,4.00
2071,1,6,6.00,32,32.00,27326,27326.00,2404,2404.00,1410,1410.00,4,4.00
2082,1,0,0.00,6,6.00,144,144.00,0,0.00,1944,1944.00,6,6.00
2111,2,1698,849.00,466,233.00,87320,43660.00,74364,37182.00,0,0.00,0,0.00
2112,1,807,807.00,235,235.00,43484,43484.00,37138,37138.00,0,0.00,0,0.00
2114,1,774,774.00,234,234.00,43367,43367.00,37106,37106.00,0,0.00,0,0.00
2123,1,51,51.00,54,54.00,21858,21858.00,1064,1064.00,0,0.00,48,48.00
2124,12,18231,1519.25,18231,1519.25,69030,5752.50,7611,634.25,0,0.00,0,0.00
2129,1,206,206.00,109,109.00,2697,2697.00,181,181.00,0,0.00,28,28.00
2142,1,1776,1776.00,360,360.00,21660,21660.00,1416,1416.00,0,0.00,0,0.00
2147,2,2034,1017.00,226,113.00,25990,12995.00,30736,15368.00,0,0.00,0,0.00
2150,1,1020,1020.00,116,116.00,12995,12995.00,15368,15368.00,0,0.00,0,0.00
2153,1,1020,1020.00,115,115.00,13018,13018.00,15369,15369.00,0,0.00,0,0.00
2154,1,1024,1024.00,120,120.00,12995,12995.00,15368,15368.00,0,0.00,0,0.00
2156,8,5115,639.38,2629,328.62,218655,27331.88,48590,6073.75,0,0.00,0,0.00
2157,4,2337,584.25,1433,358.25,117520,29380.00,18984,4746.00,0,0.00,0,0.00
2158,1,587,587.00,361,361.00,29380,29380.00,4746,4746.00,0,0.00,0,0.00
2159,2,1169,584.50,716,358.00,58783,29391.50,9493,4746.50,0,0.00,0,0.00
2160,1,220,220.00,99,99.00,1699,1699.00,706,706.00,0,0.00,28,28.00
2163,3,1777,592.33,1106,368.67,88140,29380.00,14238,4746.00,0,0.00,0,0.00
2164,1,599,599.00,373,373.00,29380,29380.00,4746,4746.00,0,0.00,0,0.00
2167,1,593,593.00,367,367.00,29431,29431.00,4746,4746.00,0,0.00,0,0.00
2178,1,21,21.00,51,51.00,17124,17124.00,963,963.00,0,0.00,36,36.00
2181,1,727,727.00,302,302.00,44792,44792.00,40410,40410.00,0,0.00,0,0.00
2184,2,2442,1221.00,1165,582.50,172419,86209.50,87561,43780.50,0,0.00,0,0.00
2185,1,2071,2071.00,1160,1160.00,43611,43611.00,26901,26901.00,0,0.00,0,0.00
2187,1,2071,2071.00,1160,1160.00,43622,43622.00,26901,26901.00,0,0.00,0,0.00
2190,1,0,0.00,6,6.00,2196,2196.00,0,0.00,0,0.00,6,6.00
2196,1,549,549.00,366,366.00,18849,18849.00,0,0.00,0,0.00,0,0.00
2208,2,535,267.50,233,116.50,263772,131886.00,55747,27873.50,0,0.00,3,1.50
2212,1,1007,1007.00,473,473.00,28791,28791.00,106043,106043.00,0,0.00,0,0.00
2233,1,653,653.00,434,434.00,29380,29380.00,4746,4746.00,0,0.00,0,0.00
2236,1,105,105.00,50,50.00,54502,54502.00,3965,3965.00,1290,1290.00,30,30.00
2241,1,661,661.00,442,442.00,29380,29380.00,4746,4746.00,0,0.00,0,0.00
2242,1,1081,1081.00,135,135.00,13237,13237.00,15368,15368.00,0,0.00,1,1.00
2251,1,423,423.00,244,244.00,47728,47728.00,519,519.00,0,0.00,0,0.00
2260,1,678,678.00,678,678.00,33674,33674.00,3051,3051.00,0,0.00,452,452.00
2261,2,1772,886.00,496,248.00,93646,46823.00,85702,42851.00,0,0.00,0,0.00
2262,1,828,828.00,250,250.00,46583,46583.00,42791,42791.00,0,0.00,0,0.00
2264,1,907,907.00,249,249.00,46914,46914.00,42871,42871.00,0,0.00,0,0.00
2269,1,660,660.00,433,433.00,30231,30231.00,4975,4975.00,0,0.00,0,0.00
2270,1,835,835.00,257,257.00,46583,46583.00,42791,42791.00,0,0.00,0,0.00
2272,1,904,904.00,464,464.00,10848,10848.00,1356,1356.00,0,0.00,0,0.00
2282,1,645,645.00,359,359.00,30182,30182.00,12006,12006.00,0,0.00,0,0.00
2294,1,908,908.00,319,319.00,44324,44324.00,4190,4190.00,0,0.00,0,0.00
2301,24,29028,1209.50,17169,715.38,475953,19831.38,132042,5501.75,0,0.00,0,0.00
2305,1,429,429.00,185,185.00,103894,103894.00,27928,27928.00,2106,2106.00,0,0.00
2310,2,1983,991.50,352,176.00,152070,76035.00,64395,32197.50,0,0.00,0,0.00
2319,2,3558,1779.00,3198,1599.00,28635,14317.50,10095,5047.50,0,0.00,0,0.00
2322,1,0,0.00,6,6.00,528,528.00,0,0.00,1800,1800.00,6,6.00
2328,2,792,396.00,12,6.00,275628,137814.00,138636,69318.00,0,0.00,0,0.00
2331,1,772,772.00,317,317.00,47987,47987.00,46335,46335.00,0,0.00,0,0.00
2334,1,0,0.00,6,6.00,264,264.00,0,0.00,2076,2076.00,6,6.00
2344,1,394,394.00,149,149.00,104013,104013.00,27928,27928.00,2106,2106.00,1,1.00
2351,1,516,516.00,275,275.00,103894,103894.00,27928,27928.00,2106,2106.00,0,0.00
2358,1,0,0.00,6,6.00,264,264.00,0,0.00,2100,2100.00,6,6.00
2361,1,1095,1095.00,514,514.00,31521,31521.00,126196,126196.00,0,0.00,0,0.00
2373,2,2260,1130.00,226,113.00,28928,14464.00,38646,19323.00,0,0.00,0,0.00
2379,1,1464,1464.00,915,915.00,29463,29463.00,10431,10431.00,0,0.00,0,0.00
2383,1,1150,1150.00,133,133.00,14464,14464.00,19323,19323.00,0,0.00,0,0.00
2385,1,927,927.00,354,354.00,39468,39468.00,5157,5157.00,0,0.00,0,0.00
2398,1,616,616.00,370,370.00,103894,103894.00,27928,27928.00,2106,2106.00,0,0.00
2411,3,2725,908.33,789,263.00,149782,49927.33,146731,48910.33,0,0.00,0,0.00
2414,1,952,952.00,264,264.00,50109,50109.00,48953,48953.00,0,0.00,0,0.00
2417,1,2398,2398.00,2389,2389.00,167,167.00,7,7.00,0,0.00,0,0.00
2427,1,419,419.00,286,286.00,104013,104013.00,27928,27928.00,2106,2106.00,0,0.00
2429,1,303,303.00,145,145.00,6658,6658.00,181,181.00,0,0.00,38,38.00
2430,1,0,0.00,6,6.00,264,264.00,0,0.00,2172,2172.00,6,6.00
2433,1,113,113.00,17,17.00,1722,1722.00,33,33.00,0,0.00,12,12.00
2439,2,2304,1152.00,270,135.00,29412,14706.00,38646,19323.00,0,0.00,0,0.00
2446,1,2297,2297.00,1272,1272.00,49077,49077.00,34812,34812.00,0,0.00,0,0.00
2454,1,0,0.00,6,6.00,2460,2460.00,0,0.00,0,0.00,6,6.00
2460,2,1457,728.50,459,229.50,113514,56757.00,84501,42250.50,459,229.50,18,9.00
2472,1,420,420.00,6,6.00,143256,143256.00,50016,50016.00,858,858.00,0,0.00
2478,8,19293,2411.62,20001,2500.12,47082,5885.25,531,66.38,0,0.00,0,0.00
2508,1,271,271.00,87,87.00,18253,18253.00,2481,2481.00,1758,1758.00,0,0.00
2536,1,452,452.00,105,105.00,50680,50680.00,4788,4788.00,0,0.00,0,0.00
2537,1,279,279.00,87,87.00,18537,18537.00,2487,2487.00,1758,1758.00,0,0.00
2562,4,1647,411.75,555,138.75,146298,36574.50,1647,411.75,2304,576.00,6,1.50
2574,1,0,0.00,6,6.00,2580,2580.00,0,0.00,0,0.00,6,6.00
2589,1,186,186.00,11,11.00,174321,174321.00,32209,32209.00,0,0.00,35,35.00
2599,8,8249,1031.12,2599,324.88,287924,35990.50,105090,13136.25,0,0.00,0,0.00
2600,1,906,906.00,454,454.00,48025,48025.00,6780,6780.00,0,0.00,0,0.00
2601,1,177,177.00,360,360.00,4554,4554.00,0,0.00,0,0.00,6,6.00
2602,3,11647,3882.33,10517,3505.67,15955,5318.33,23730,7910.00,0,0.00,0,0.00
2603,1,1247,1247.00,117,117.00,15933,15933.00,23730,23730.00,0,0.00,0,0.00
2606,1,918,918.00,466,466.00,48025,48025.00,6780,6780.00,0,0.00,0,0.00
2616,1,444,444.00,6,6.00,155826,155826.00,88380,88380.00,0,0.00,0,0.00
2623,1,1258,1258.00,121,121.00,16028,16028.00,23737,23737.00,0,0.00,0,0.00
2624,1,492,492.00,170,170.00,123424,123424.00,22829,22829.00,0,0.00,0,0.00
2650,1,915,915.00,470,470.00,48351,48351.00,6780,6780.00,0,0.00,0,0.00
2655,20,35046,1752.30,22479,1123.95,270987,13549.35,173283,8664.15,0,0.00,0,0.00
2661,5,8721,1744.20,4650,930.00,98766,19753.20,63543,12708.60,0,0.00,0,0.00
2672,1,5338,5338.00,5338,5338.00,11,11.00,0,0.00,0,0.00,0,0.00
2673,3,4974,1658.00,3027,1009.00,31704,10568.00,27612,9204.00,0,0.00,0,0.00
2674,1,5339,5339.00,5338,5338.00,23,23.00,1,1.00,0,0.00,0,0.00
2682,1,0,0.00,6,6.00,1236,1236.00,0,0.00,1452,1452.00,6,6.00
2683,1,746,746.00,2,2.00,100261,100261.00,80916,80916.00,2624,2624.00,72,72.00
2684,2,1514,757.00,28,14.00,200476,100238.00,161568,80784.00,5248,2624.00,144,72.00
2685,1,759,759.00,16,16.00,100238,100238.00,80784,80784.00,2624,2624.00,72,72.00
2692,1,773,773.00,30,30.00,100238,100238.00,80784,80784.00,2624,2624.00,72,72.00
2694,1,0,0.00,6,6.00,264,264.00,0,0.00,2436,2436.00,6,6.00
2697,1,775,775.00,32,32.00,100266,100266.00,80789,80789.00,2624,2624.00,72,72.00
2712,1,1017,1017.00,565,565.00,95824,95824.00,3955,3955.00,0,0.00,0,0.00
2714,1,60,60.00,6,6.00,22338,22338.00,2568,2568.00,0,0.00,6,6.00
2720,1,1033,1033.00,581,581.00,95824,95824.00,3955,3955.00,0,0.00,0,0.00
2725,1,751,751.00,122,122.00,121903,121903.00,71816,71816.00,1071,1071.00,6,6.00
2730,1,48,48.00,6,6.00,13164,13164.00,780,780.00,2640,2640.00,30,30.00
2731,1,497,497.00,144,144.00,54075,54075.00,5127,5127.00,0,0.00,0,0.00
2736,1,567,567.00,103,103.00,98414,98414.00,93062,93062.00,2016,2016.00,0,0.00
2741,1,596,596.00,102,102.00,97798,97798.00,51339,51339.00,799,799.00,0,0.00
2760,1,5520,5520.00,5520,5520.00,0,0.00,0,0.00,0,0.00,0,0.00
2763,1,1239,1239.00,177,177.00,15753,15753.00,13806,13806.00,0,0.00,0,0.00
2786,1,458,458.00,209,209.00,116605,116605.00,29622,29622.00,765,765.00,9,9.00
2790,1,0,0.00,6,6.00,264,264.00,0,0.00,2532,2532.00,6,6.00
2802,1,0,0.00,6,6.00,2808,2808.00,0,0.00,0,0.00,6,6.00
2825,2,2712,1356.00,226,113.00,34804,17402.00,57178,28589.00,0,0.00,0,0.00
2826,1,1358,1358.00,115,115.00,17402,17402.00,28589,28589.00,0,0.00,0,0.00
2832,9,27258,3028.67,26904,2989.33,31329,3481.00,11328,1258.67,0,0.00,0,0.00
2834,1,626,626.00,403,403.00,45253,45253.00,2147,2147.00,0,0.00,0,0.00
2835,1,1364,1364.00,121,121.00,17413,17413.00,28589,28589.00,0,0.00,0,0.00
2852,1,1378,1378.00,135,135.00,17538,17538.00,28589,28589.00,0,0.00,0,0.00
2868,1,498,498.00,138,138.00,114675,114675.00,73475,73475.00,0,0.00,0,0.00
2875,2,11224,5612.00,11224,5612.00,1173,586.50,0,0.00,0,0.00,0,0.00
2922,1,498,498.00,6,6.00,167215,167215.00,79050,79050.00,2160,2160.00,0,0.00
2941,1,1017,1017.00,458,458.00,115260,115260.00,4972,4972.00,0,0.00,0,0.00
2944,1,5888,5888.00,5888,5888.00,0,0.00,0,0.00,0,0.00,0,0.00
2959,1,1369,1369.00,465,465.00,185298,185298.00,17628,17628.00,0,0.00,0,0.00
2973,1,657,657.00,573,573.00,58368,58368.00,3093,3093.00,0,0.00,0,0.00
2974,1,152,152.00,246,246.00,34701,34701.00,1303,1303.00,0,0.00,0,0.00
3000,1,202,202.00,55,55.00,25478,25478.00,2498,2498.00,0,0.00,50,50.00
3009,51,37701,739.24,21771,426.88,800925,15704.41,243906,4782.47,0,0.00,5841,114.53
3015,14,5487,391.93,4056,289.71,177177,12655.50,33630,2402.14,0,0.00,2301,164.36
3016,1,969,969.00,113,113.00,101594,101594.00,80897,80897.00,2624,2624.00,72,72.00
3027,6,2385,397.50,1122,187.00,63729,10621.50,19506,3251.00,0,0.00,885,147.50
3036,1,786,786.00,322,322.00,39020,39020.00,14757,14757.00,0,0.00,0,0.00
3039,4,762,190.50,744,186.00,36774,9193.50,744,186.00,0,0.00,708,177.00
3051,5,6667,1333.40,1243,248.60,169839,33967.80,120458,24091.60,0,0.00,0,0.00
3057,2,2607,1303.50,569,284.50,75532,37766.00,43283,21641.50,0,0.00,0,0.00
3060,1,1487,1487.00,131,131.00,18871,18871.00,33900,33900.00,0,0.00,0,0.00
3062,1,1140,1140.00,463,463.00,56613,56613.00,9379,9379.00,0,0.00,0,0.00
3066,1,522,522.00,6,6.00,183318,183318.00,123906,123906.00,0,0.00,0,0.00
3079,1,132,132.00,117,117.00,117546,117546.00,20187,20187.00,63,63.00,32,32.00
3091,1,2975,2975.00,1612,1612.00,64866,64866.00,64643,64643.00,0,0.00,0,0.00
3093,1,1011,1011.00,354,354.00,47448,47448.00,4125,4125.00,0,0.00,0,0.00
3095,1,196,196.00,19,19.00,294705,294705.00,77357,77357.00,0,0.00,0,0.00
3099,1,354,354.00,360,360.00,5340,5340.00,885,885.00,1836,1836.00,6,6.00
3109,1,250,250.00,1,1.00,91920,91920.00,475839,475839.00,3090,3090.00,3,3.00
3122,1,360,360.00,89,89.00,36036,36036.00,9924,9924.00,139,139.00,28,28.00
3123,1,1493,1493.00,137,137.00,19135,19135.00,33900,33900.00,0,0.00,0,0.00
3126,1,18,18.00,58,58.00,41203,41203.00,3606,3606.00,2115,2115.00,6,6.00
3145,1,253,253.00,1,1.00,93027,93027.00,487242,487242.00,3126,3126.00,3,3.00
3148,1,254,254.00,3,3.00,93041,93041.00,487242,487242.00,3126,3126.00,3,3.00
3157,1,25,25.00,63,63.00,41471,41471.00,3609,3609.00,2115,2115.00,6,6.00
3163,1,792,792.00,354,354.00,47535,47535.00,3510,3510.00,0,0.00,0,0.00
3185,1,353,353.00,125,125.00,18852,18852.00,1838,1838.00,2637,2637.00,0,0.00
3186,1,3186,3186.00,3186,3186.00,0,0.00,0,0.00,0,0.00,0,0.00
3187,2,2786,1393.00,689,344.50,79670,39835.00,44812,22406.00,0,0.00,0,0.00
3192,2,1299,649.50,187,93.50,48209,24104.50,15779,7889.50,3080,1540.00,35,17.50
3194,1,265,265.00,19,19.00,93877,93877.00,494919,494919.00,3150,3150.00,3,3.00
3198,1,260,260.00,5,5.00,94517,94517.00,502656,502656.00,3174,3174.00,3,3.00
3199,1,259,259.00,4,4.00,94517,94517.00,502656,502656.00,3174,3174.00,3,3.00
3206,1,261,261.00,9,9.00,94559,94559.00,502656,502656.00,3174,3174.00,3,3.00
3207,1,64,64.00,22,22.00,17486,17486.00,910,910.00,3080,3080.00,35,35.00
3210,1,546,546.00,6,6.00,190086,190086.00,108798,108798.00,430,430.00,0,0.00
3216,1,262,262.00,4,4.00,94729,94729.00,502684,502684.00,3174,3174.00,3,3.00
3221,1,199,199.00,47,47.00,3441,3441.00,324,324.00,0,0.00,42,42.00
3224,1,271,271.00,11,11.00,94988,94988.00,506558,506558.00,3186,3186.00,3,3.00
3230,1,100,100.00,30,30.00,18384,18384.00,2760,2760.00,3080,3080.00,35,35.00
3248,1,265,265.00,4,4.00,95738,95738.00,514404,514404.00,3210,3210.00,3,3.00
3250,1,240,240.00,91,91.00,1699,1699.00,293,293.00,0,0.00,42,42.00
3252,1,1218,1218.00,186,186.00,220854,220854.00,44328,44328.00,3138,3138.00,0,0.00
3254,1,278,278.00,32,32.00,95408,95408.00,510474,510474.00,3198,3198.00,3,3.00
3255,1,531,531.00,537,537.00,144,144.00,0,0.00,2940,2940.00,6,6.00
3256,1,155,155.00,62,62.00,10968,10968.00,33,33.00,0,0.00,12,12.00
3277,2,3842,1921.00,678,339.00,541496,270748.00,65540,32770.00,0,0.00,0,0.00
3280,2,3510,1755.00,459,229.50,291099,145549.50,72433,36216.50,0,0.00,0,0.00
3281,2,3440,1720.00,1706,853.00,166885,83442.50,602882,301441.00,3246,1623.00,3,1.50
3288,1,1592,1592.00,123,123.00,20391,20391.00,39663,39663.00,0,0.00,0,0.00
3290,1,271,271.00,11,11.00,113037,113037.00,515660,515660.00,3210,3210.00,8,8.00
3292,1,1612,1612.00,143,143.00,20340,20340.00,39663,39663.00,0,0.00,0,0.00
3315,1,3202,3202.00,1726,1726.00,70166,70166.00,76621,76621.00,0,0.00,0,0.00
3322,3,5853,1951.00,1062,354.00,812784,270928.00,98355,32785.00,0,0.00,0,0.00
3324,1,1954,1954.00,356,356.00,270928,270928.00,32785,32785.00,0,0.00,0,0.00
3326,1,1953,1953.00,356,356.00,270939,270939.00,32785,32785.00,0,0.00,0,0.00
3329,1,1954,1954.00,356,356.00,270970,270970.00,32800,32800.00,0,0.00,0,0.00
3334,1,276,276.00,8,8.00,48135,48135.00,326339,326339.00,3216,3216.00,3,3.00
3337,1,1356,1356.00,452,452.00,185606,185606.00,17628,17628.00,0,0.00,7,7.00
3343,1,1604,1604.00,135,135.00,20582,20582.00,39663,39663.00,0,0.00,0,0.00
3344,2,3212,1606.00,274,137.00,41164,20582.00,79326,39663.00,0,0.00,0,0.00
3347,1,1953,1953.00,363,363.00,271009,271009.00,32778,32778.00,0,0.00,0,0.00
3354,1,570,570.00,6,6.00,194814,194814.00,84858,84858.00,1722,1722.00,0,0.00
3363,32,41064,1283.25,19470,608.44,1265550,39548.44,432942,13529.44,0,0.00,0,0.00
3366,1,36,36.00,36,36.00,40578,40578.00,4182,4182.00,3348,3348.00,6,6.00
3369,3,7281,2427.00,4095,1365.00,182310,60770.00,91686,30562.00,0,0.00,0,0.00
3375,1,596,596.00,221,221.00,100686,100686.00,8506,8506.00,0,0.00,0,0.00
3408,2,549,274.50,138,69.00,184180,92090.00,580137,290068.50,5310,2655.00,35,17.50
3459,1,467,467.00,243,243.00,1921,1921.00,0,0.00,0,0.00,76,76.00
3477,2,1647,823.50,915,457.50,114375,57187.50,14274,7137.00,0,0.00,915,457.50
3498,1,594,594.00,6,6.00,210336,210336.00,163848,163848.00,0,0.00,0,0.00
3504,1,1696,1696.00,114,114.00,21809,21809.00,45878,45878.00,0,0.00,0,0.00
3505,2,3398,1699.00,234,117.00,43618,21809.00,91756,45878.00,0,0.00,0,0.00
3518,1,1262,1262.00,762,762.00,69712,69712.00,4516,4516.00,0,0.00,0,0.00
3522,1,1721,1721.00,139,139.00,21860,21860.00,45878,45878.00,0,0.00,0,0.00
3540,3,6372,2124.00,4425,1475.00,51861,17287.00,21948,7316.00,0,0.00,0,0.00
3550,1,282,282.00,8,8.00,95610,95610.00,514374,514374.00,3210,3210.00,6,6.00
3555,1,254,254.00,24,24.00,508,508.00,9,9.00,0,0.00,76,76.00
3569,2,3434,1717.00,270,135.00,44102,22051.00,91756,45878.00,0,0.00,0,0.00
3598,1,263,263.00,26,26.00,425,425.00,0,0.00,0,0.00,81,81.00
3603,1,555,555.00,255,255.00,137793,137793.00,40686,40686.00,2916,2916.00,0,0.00
3619,1,195,195.00,189,189.00,9249,9249.00,189,189.00,0,0.00,177,177.00
3631,1,467,467.00,121,121.00,159295,159295.00,54799,54799.00,3402,3402.00,0,0.00
3643,1,731,731.00,6,6.00,66,66.00,0,0.00,0,0.00,0,0.00
3653,1,69,69.00,16,16.00,19925,19925.00,1040,1040.00,3520,3520.00,40,40.00
3683,1,599,599.00,154,154.00,159562,159562.00,54816,54816.00,3402,3402.00,0,0.00
3705,1,999,999.00,573,573.00,52860,52860.00,9894,9894.00,0,0.00,0,0.00
3711,1,551,551.00,140,140.00,160233,160233.00,55092,55092.00,3402,3402.00,0,0.00
3717,10,25134,2513.40,12390,1239.00,288864,28886.40,290634,29063.40,0,0.00,0,0.00
3730,2,2490,1245.00,1134,567.00,144188,72094.00,29606,14803.00,0,0.00,0,0.00
3731,3,4304,1434.67,1253,417.67,167466,55822.00,82151,27383.67,0,0.00,0,0.00
3748,1,1277,1277.00,599,599.00,72111,72111.00,14803,14803.00,0,0.00,0,0.00
3750,1,1257,1257.00,572,572.00,72178,72178.00,14810,14810.00,0,0.00,0,0.00
3830,1,466,466.00,240,240.00,1921,1921.00,0,0.00,0,0.00,76,76.00
3832,1,484,484.00,240,240.00,1921,1921.00,0,0.00,0,0.00,80,80.00
3834,1,98,98.00,75,75.00,93707,93707.00,16956,16956.00,2100,2100.00,8,8.00
3839,1,1808,1808.00,113,113.00,23278,23278.00,52545,52545.00,0,0.00,0,0.00
3843,1,915,915.00,366,366.00,55449,55449.00,8235,8235.00,0,0.00,0,0.00
3861,1,1297,1297.00,1071,1071.00,75710,75710.00,2034,2034.00,0,0.00,0,0.00
3874,1,260,260.00,1,1.00,47283,47283.00,293500,293500.00,3114,3114.00,12,12.00
3894,3,885,295.00,885,295.00,95049,31683.00,5310,1770.00,0,0.00,0,0.00
3912,1,3906,3906.00,3900,3900.00,72,72.00,6,6.00,0,0.00,0,0.00
3922,1,1559,1559.00,571,571.00,257047,257047.00,48468,48468.00,3661,3661.00,0,0.00
3933,1,6,6.00,6,6.00,66,66.00,0,0.00,0,0.00,145,145.00
3936,2,328,164.00,54,27.00,137616,68808.00,465505,232752.50,6989,3494.50,21,10.50
3951,1,50,50.00,57,57.00,62115,62115.00,10577,10577.00,3899,3899.00,7,7.00
3958,1,3848,3848.00,2040,2040.00,85993,85993.00,118650,118650.00,0,0.00,0,0.00
3959,1,1923,1923.00,115,115.00,24758,24758.00,59664,59664.00,0,0.00,0,0.00
3985,1,76,76.00,95,95.00,41017,41017.00,1995,1995.00,0,0.00,90,90.00
4012,1,741,741.00,47,47.00,54204,54204.00,12842,12842.00,153,153.00,48,48.00
4026,1,183,183.00,183,183.00,31293,31293.00,1830,1830.00,0,0.00,0,0.00
4050,1,719,719.00,210,210.00,160851,160851.00,102877,102877.00,0,0.00,0,0.00
4071,38,106023,2790.08,80535,2119.34,1708581,44962.66,527637,13885.18,0,0.00,0,0.00
4085,1,4116,4116.00,4116,4116.00,0,0.00,0,0.00,0,0.00,0,0.00
4089,2,2667,1333.50,366,183.00,87393,43696.50,47967,23983.50,0,0.00,0,0.00
4151,1,121,121.00,40,40.00,23394,23394.00,3020,3020.00,3960,3960.00,45,45.00
4181,1,1469,1469.00,565,565.00,80682,80682.00,18645,18645.00,0,0.00,0,0.00
4182,1,1471,1471.00,567,567.00,80682,80682.00,18645,18645.00,0,0.00,0,0.00
4196,1,4196,4196.00,4196,4196.00,0,0.00,0,0.00,0,0.00,0,0.00
4220,1,70,70.00,70,70.00,31550,31550.00,2500,2500.00,0,0.00,100,100.00
4223,1,6096,6096.00,6,6.00,66,66.00,0,0.00,0,0.00,145,145.00
4232,1,69,69.00,62,62.00,31734,31734.00,2592,2592.00,0,0.00,100,100.00
4237,1,55,55.00,55,55.00,31841,31841.00,2500,2500.00,0,0.00,100,100.00
4248,26,21948,844.15,7257,279.12,1931070,74271.92,311520,11981.54,0,0.00,0,0.00
4254,2,5145,2572.50,4791,2395.50,69738,34869.00,3363,1681.50,0,0.00,0,0.00
4257,1,105,105.00,57,57.00,31641,31641.00,2500,2500.00,0,0.00,101,101.00
4266,2,1452,726.00,378,189.00,143562,71781.00,23034,11517.00,0,0.00,0,0.00
4296,1,633,633.00,192,192.00,183959,183959.00,63343,63343.00,3888,3888.00,0,0.00
4302,1,554,554.00,215,215.00,129415,129415.00,12701,12701.00,0,0.00,0,0.00
4336,1,4162,4162.00,2178,2178.00,92160,92160.00,141031,141031.00,0,0.00,0,0.00
4370,1,1702,1702.00,296,296.00,294049,294049.00,59243,59243.00,4184,4184.00,0,0.00
4424,1,1579,1579.00,949,949.00,87621,87621.00,5672,5672.00,0,0.00,0,0.00
4425,10,21240,2124.00,6018,601.80,358956,35895.60,436836,43683.60,0,0.00,354,35.40
4443,1,4254,4254.00,4431,4431.00,66,66.00,0,0.00,0,0.00,0,0.00
4492,1,381,381.00,268,268.00,66187,66187.00,10803,10803.00,3899,3899.00,7,7.00
4518,1,528,528.00,216,216.00,525474,525474.00,75504,75504.00,2364,2364.00,0,0.00
4523,1,800,800.00,122,122.00,90852,90852.00,8588,8588.00,0,0.00,0,0.00
4536,1,76,76.00,70,70.00,71177,71177.00,12103,12103.00,4456,4456.00,8,8.00
4602,5,7080,1416.00,2301,460.20,654369,130873.80,83013,16602.60,0,0.00,0,0.00
4620,1,2130,2130.00,714,714.00,290169,290169.00,27612,27612.00,0,0.00,0,0.00
4639,1,1820,1820.00,797,797.00,122623,122623.00,5085,5085.00,0,0.00,0,0.00
4663,1,1829,1829.00,805,805.00,122712,122712.00,5086,5086.00,0,0.00,0,0.00
4747,9,1026,114.00,2133,237.00,153567,17063.00,5085,565.00,0,0.00,0,0.00
4748,1,115,115.00,238,238.00,17063,17063.00,565,565.00,0,0.00,0,0.00
4749,2,232,116.00,480,240.00,34126,17063.00,1130,565.00,0,0.00,0,0.00
4750,4,462,115.50,952,238.00,68298,17074.50,2262,565.50,0,0.00,0,0.00
4751,3,354,118.00,723,241.00,51211,17070.33,1695,565.00,0,0.00,0,0.00
4752,1,116,116.00,239,239.00,17091,17091.00,570,570.00,0,0.00,0,0.00
4754,1,135,135.00,258,258.00,17063,17063.00,565,565.00,0,0.00,0,0.00
4755,4,510,127.50,1013,253.25,68269,17067.25,2260,565.00,0,0.00,0,0.00
4756,1,116,116.00,247,247.00,17063,17063.00,565,565.00,0,0.00,0,0.00
4760,1,123,123.00,246,246.00,17085,17085.00,565,565.00,0,0.00,0,0.00
4761,1,142,142.00,251,251.00,17105,17105.00,565,565.00,0,0.00,0,0.00
4762,1,114,114.00,252,252.00,17063,17063.00,565,565.00,0,0.00,0,0.00
4766,1,131,131.00,261,261.00,17074,17074.00,565,565.00,0,0.00,0,0.00
4768,1,121,121.00,244,244.00,17140,17140.00,565,565.00,0,0.00,0,0.00
4774,1,124,124.00,246,246.00,17163,17163.00,566,566.00,0,0.00,0,0.00
4779,38,55932,1471.89,25665,675.39,3147237,82822.03,876504,23065.89,0,0.00,0,0.00
4781,1,130,130.00,239,239.00,17267,17267.00,971,971.00,0,0.00,0,0.00
4797,3,3753,1251.00,1629,543.00,253746,84582.00,34173,11391.00,0,0.00,0,0.00
4800,2,284,142.00,544,272.00,34860,17430.00,1130,565.00,0,0.00,0,0.00
4817,1,670,670.00,373,373.00,205103,205103.00,70356,70356.00,4374,4374.00,0,0.00
4859,5,7910,1582.00,3390,678.00,480815,96163.00,129385,25877.00,0,0.00,0,0.00
4860,1,1585,1585.00,681,681.00,96163,96163.00,25877,25877.00,0,0.00,0,0.00
4861,2,3170,1585.00,1362,681.00,192326,96163.00,51754,25877.00,0,0.00,0,0.00
4884,1,1591,1591.00,687,687.00,96251,96251.00,25877,25877.00,0,0.00,0,0.00
4886,1,1827,1827.00,804,804.00,124056,124056.00,5085,5085.00,0,0.00,0,0.00
4889,1,2390,2390.00,130,130.00,30700,30700.00,92660,92660.00,0,0.00,0,0.00
4909,1,1592,1592.00,695,695.00,96489,96489.00,25877,25877.00,0,0.00,0,0.00
4926,1,630,630.00,6,6.00,175200,175200.00,194802,194802.00,4374,4374.00,0,0.00
4956,2,5310,2655.00,2124,1062.00,119298,59649.00,113988,56994.00,0,0.00,0,0.00
4957,1,65,65.00,112,112.00,61808,61808.00,6070,6070.00,0,0.00,100,100.00
4976,1,4974,4974.00,4974,4974.00,11,11.00,0,0.00,0,0.00,0,0.00
4993,1,628,628.00,348,348.00,121140,121140.00,8820,8820.00,0,0.00,0,0.00
5026,1,817,817.00,226,226.00,80855,80855.00,27364,27364.00,0,0.00,78,78.00
5027,1,7218,7218.00,90,90.00,17064,17064.00,14820,14820.00,0,0.00,145,145.00
5037,1,1365,1365.00,219,219.00,116604,116604.00,18429,18429.00,0,0.00,0,0.00
5064,1,60,60.00,62,62.00,79787,79787.00,13600,13600.00,5013,5013.00,9,9.00
5089,1,4978,4978.00,2605,2605.00,112548,112548.00,209050,209050.00,0,0.00,0,0.00
5123,1,1833,1833.00,809,809.00,125496,125496.00,5094,5094.00,0,0.00,0,0.00
5133,19,60711,3195.32,15045,791.84,5128044,269897.05,1246434,65601.79,0,0.00,0,0.00
5139,1,2484,2484.00,183,183.00,31860,31860.00,62127,62127.00,0,0.00,0,0.00
5162,1,1594,1594.00,42,42.00,217472,217472.00,41352,41352.00,1936,1936.00,0,0.00
5258,1,394,394.00,4,4.00,0,0.00,0,0.00,0,0.00,117,117.00
5272,1,316,316.00,196,196.00,259233,259233.00,67042,67042.00,1971,1971.00,17,17.00
5299,1,70,70.00,70,70.00,39753,39753.00,3150,3150.00,0,0.00,126,126.00
5310,1,2301,2301.00,177,177.00,55224,55224.00,55224,55224.00,0,0.00,0,0.00
5311,2,3616,1808.00,1356,678.00,209502,104751.00,61924,30962.00,0,0.00,0,0.00
5312,2,1856,928.00,763,381.50,173843,86921.50,37164,18582.00,3590,1795.00,11,5.50
5321,1,111,111.00,63,63.00,39753,39753.00,3150,3150.00,0,0.00,127,127.00
5331,1,76,76.00,70,70.00,40018,40018.00,3240,3240.00,0,0.00,126,126.00
5335,1,134,134.00,132,132.00,39877,39877.00,3165,3165.00,0,0.00,126,126.00
5338,3,5481,1827.00,2412,804.00,380756,126918.67,15255,5085.00,0,0.00,0,0.00
5347,1,1867,1867.00,730,730.00,104835,104835.00,30969,30969.00,0,0.00,0,0.00
5357,1,1487,1487.00,1,1.00,200487,200487.00,161830,161830.00,5248,5248.00,144,144.00
5358,1,1488,1488.00,2,2.00,200735,200735.00,161582,161582.00,5248,5248.00,144,144.00
5385,1,2484,2484.00,189,189.00,32766,32766.00,62157,62157.00,0,0.00,0,0.00
5450,1,1850,1850.00,706,706.00,106582,106582.00,31256,31256.00,0,0.00,0,0.00
5487,12,28851,2404.25,4779,398.25,898806,74900.50,707115,58926.25,0,0.00,0,0.00
5505,2,2490,1245.00,366,183.00,270942,135471.00,31860,15930.00,0,0.00,0,0.00
5543,1,1820,1820.00,797,797.00,128499,128499.00,5085,5085.00,0,0.00,0,0.00
5554,1,1046,1046.00,183,183.00,95004,95004.00,9703,9703.00,0,0.00,0,0.00
5621,1,430,430.00,121,121.00,8468,8468.00,1236,1236.00,0,0.00,70,70.00
5664,3,3540,1180.00,531,177.00,322848,107616.00,77526,25842.00,0,0.00,177,59.00
5704,1,346,346.00,186,186.00,262927,262927.00,67580,67580.00,1774,1774.00,41,41.00
5716,1,5694,5694.00,5680,5680.00,499,499.00,184,184.00,0,0.00,0,0.00
5763,1,2147,2147.00,339,339.00,291088,291088.00,52093,52093.00,0,0.00,0,0.00
5841,11,31506,2864.18,11859,1078.09,1039698,94518.00,710655,64605.00,0,0.00,0,0.00
5848,1,241,241.00,91,91.00,297830,297830.00,76929,76929.00,2019,2019.00,18,18.00
5876,1,113,113.00,113,113.00,14916,14916.00,1017,1017.00,0,0.00,226,226.00
5904,1,546,546.00,168,168.00,33762,33762.00,2742,2742.00,4740,4740.00,0,0.00
5984,1,3907,3907.00,2105,2105.00,83586,83586.00,163624,163624.00,0,0.00,0,0.00
6018,2,5310,2655.00,354,177.00,126732,63366.00,148680,74340.00,0,0.00,0,0.00
6039,1,183,183.00,183,183.00,21237,21237.00,0,0.00,0,0.00,0,0.00
6064,1,1936,1936.00,821,821.00,120757,120757.00,40002,40002.00,0,0.00,0,0.00
6132,1,1074,1074.00,384,384.00,287930,287930.00,38111,38111.00,0,0.00,0,0.00
6195,4,18054,4513.50,6726,1681.50,346920,86730.00,558612,139653.00,0,0.00,0,0.00
6215,1,1017,1017.00,226,226.00,85993,85993.00,4859,4859.00,0,0.00,113,113.00
6251,1,1961,1961.00,822,822.00,141348,141348.00,5540,5540.00,0,0.00,0,0.00
6256,1,97,97.00,155,155.00,78004,78004.00,7664,7664.00,0,0.00,126,126.00
6290,1,1875,1875.00,852,852.00,132644,132644.00,5085,5085.00,0,0.00,0,0.00
6328,1,6328,6328.00,6328,6328.00,0,0.00,0,0.00,0,0.00,0,0.00
6355,1,2008,2008.00,708,708.00,131550,131550.00,105900,105900.00,0,0.00,0,0.00
6362,1,512,512.00,2,2.00,188268,188268.00,997560,997560.00,6324,6324.00,6,6.00
6367,1,490,490.00,254,254.00,54550,54550.00,3503,3503.00,0,0.00,113,113.00
6372,3,10443,3481.00,7611,2537.00,197709,65903.00,101421,33807.00,0,0.00,0,0.00
6441,4,10735,2683.75,8023,2005.75,264081,66020.25,92660,23165.00,0,0.00,113,28.25
6456,1,6456,6456.00,6456,6456.00,0,0.00,0,0.00,0,0.00,0,0.00
6468,1,1827,1827.00,804,804.00,133548,133548.00,5085,5085.00,0,0.00,0,0.00
6549,6,21771,3628.50,12213,2035.50,567462,94577.00,386568,64428.00,0,0.00,0,0.00
6555,1,6378,6378.00,3369,3369.00,143016,143016.00,210984,210984.00,0,0.00,0,0.00
6688,1,296,296.00,6,6.00,66,66.00,0,0.00,0,0.00,0,0.00
6726,1,3009,3009.00,177,177.00,71508,71508.00,96288,96288.00,0,0.00,0,0.00
6771,1,2013,2013.00,915,915.00,101748,101748.00,33672,33672.00,0,0.00,0,0.00
6791,1,350,350.00,123,123.00,104089,104089.00,20568,20568.00,0,0.00,0,0.00
6807,1,348,348.00,131,131.00,104199,104199.00,20566,20566.00,0,0.00,0,0.00
6853,1,130,130.00,33,33.00,37383,37383.00,1950,1950.00,6600,6600.00,75,75.00
6900,1,452,452.00,233,233.00,56048,56048.00,3503,3503.00,0,0.00,113,113.00
6903,4,12213,3053.25,4602,1150.50,488697,122174.25,381966,95491.50,0,0.00,0,0.00
6921,2,1564,782.00,931,465.50,197999,98999.50,16099,8049.50,6153,3076.50,0,0.00
6949,1,6917,6917.00,6917,6917.00,176,176.00,0,0.00,0,0.00,0,0.00
7025,1,520,520.00,56,56.00,30465,30465.00,11791,11791.00,153,153.00,84,84.00
7037,1,1754,1754.00,699,699.00,138918,138918.00,32406,32406.00,0,0.00,0,0.00
7080,4,7434,1858.50,708,177.00,439314,109828.50,193815,48453.75,0,0.00,0,0.00
7119,2,4520,2260.00,1808,904.00,288602,144301.00,114356,57178.00,0,0.00,0,0.00
7126,4,9082,2270.50,3658,914.50,577204,144301.00,228712,57178.00,0,0.00,0,0.00
7137,1,915,915.00,732,732.00,165432,165432.00,13359,13359.00,0,0.00,0,0.00
7257,5,38055,7611.00,28143,5628.60,589410,117882.00,413118,82623.60,0,0.00,0,0.00
7323,1,977,977.00,452,452.00,40279,40279.00,3283,3283.00,6153,6153.00,0,0.00
7374,1,1831,1831.00,808,808.00,138972,138972.00,5085,5085.00,0,0.00,0,0.00
7434,36,13098,363.83,12213,339.25,1190325,33064.58,198240,5506.67,0,0.00,354,9.83
7440,2,378,189.00,732,366.00,53454,26727.00,1770,885.00,0,0.00,0,0.00
7458,1,2322,2322.00,870,870.00,150463,150463.00,136104,136104.00,0,0.00,0,0.00
7534,1,923,923.00,208,208.00,103894,103894.00,27928,27928.00,2106,2106.00,121,121.00
7570,1,80,80.00,132,132.00,108616,108616.00,11219,11219.00,4756,4756.00,14,14.00
7571,2,3277,1638.50,1130,565.00,241142,120571.00,72998,36499.00,0,0.00,113,56.50
7602,1,330,330.00,52,52.00,5097,5097.00,176,176.00,0,0.00,36,36.00
7611,24,63012,2625.50,26727,1113.62,3663900,152662.50,1103241,45968.38,0,0.00,0,0.00
7617,3,6756,2252.00,3216,1072.00,484095,161365.00,71331,23777.00,0,0.00,0,0.00
7629,2,4620,2310.00,2148,1074.00,317547,158773.50,55932,27966.00,0,0.00,0,0.00
7635,1,2124,2124.00,1062,1062.00,166734,166734.00,15399,15399.00,0,0.00,0,0.00
7641,1,2136,2136.00,1074,1074.00,166902,166902.00,15429,15429.00,0,0.00,0,0.00
7686,1,1281,1281.00,549,549.00,184098,184098.00,66612,66612.00,0,0.00,0,0.00
7711,1,354,354.00,127,127.00,139537,139537.00,24754,24754.00,0,0.00,0,0.00
7715,1,991,991.00,240,240.00,340518,340518.00,117179,117179.00,7290,7290.00,0,0.00
7731,1,919,919.00,316,316.00,46409,46409.00,4831,4831.00,6153,6153.00,0,0.00
7764,1,177,177.00,354,354.00,26727,26727.00,885,885.00,0,0.00,0,0.00
7776,1,1349,1349.00,461,461.00,363841,363841.00,48026,48026.00,0,0.00,0,0.00
7788,3,11682,3894.00,8142,2714.00,303378,101126.00,146556,48852.00,0,0.00,0,0.00
7869,1,549,549.00,1281,1281.00,139263,139263.00,15921,15921.00,0,0.00,0,0.00
7926,1,168,168.00,171,171.00,115414,115414.00,9189,9189.00,0,0.00,146,146.00
7965,6,22302,3717.00,13452,2242.00,995625,165937.50,684813,114135.50,0,0.00,354,59.00
7971,1,3900,3900.00,183,183.00,50268,50268.00,159831,159831.00,0,0.00,0,0.00
8004,1,5612,5612.00,5612,5612.00,44183,44183.00,0,0.00,0,0.00,0,0.00
8007,1,18,18.00,189,189.00,8394,8394.00,90,90.00,0,0.00,177,177.00
8017,1,2532,2532.00,893,893.00,165837,165837.00,133443,133443.00,0,0.00,0,0.00
8023,1,1921,1921.00,226,226.00,171873,171873.00,18871,18871.00,0,0.00,113,113.00
8032,1,2230,2230.00,1,1.00,301086,301086.00,242373,242373.00,7872,7872.00,216,216.00
8037,1,2232,2232.00,2,2.00,300737,300737.00,242746,242746.00,7872,7872.00,216,216.00
8041,2,36,18.00,24,12.00,1680,840.00,24,12.00,0,0.00,0,0.00
8142,2,4602,2301.00,531,265.50,143193,71596.50,153105,76552.50,0,0.00,0,0.00
8143,1,795,795.00,260,260.00,46559,46559.00,4296,4296.00,7032,7032.00,0,0.00
8157,1,3083,3083.00,513,513.00,550240,550240.00,107734,107734.00,7845,7845.00,0,0.00
8249,5,12995,2599.00,5085,1017.00,841850,168370.00,387025,77405.00,0,0.00,0,0.00
8250,1,2600,2600.00,1018,1018.00,168370,168370.00,77405,77405.00,0,0.00,0,0.00
8252,2,5200,2600.00,2036,1018.00,336762,168381.00,154810,77405.00,0,0.00,0,0.00
8255,1,2602,2602.00,1019,1019.00,168393,168393.00,77406,77406.00,0,0.00,0,0.00
8262,1,2608,2608.00,1026,1026.00,168392,168392.00,77405,77405.00,0,0.00,0,0.00
8291,1,2651,2651.00,1069,1069.00,168506,168506.00,77405,77405.00,0,0.00,0,0.00
8319,16,49737,3108.56,19824,1239.00,2700666,168791.62,897744,56109.00,0,0.00,0,0.00
8325,1,2496,2496.00,1080,1080.00,174522,174522.00,15930,15930.00,0,0.00,0,0.00
8383,1,2650,2650.00,1048,1048.00,170934,170934.00,78092,78092.00,0,0.00,0,0.00
8407,1,1393,1393.00,792,792.00,176019,176019.00,64830,64830.00,0,0.00,0,0.00
8440,1,4214,4214.00,210,210.00,55024,55024.00,282044,282044.00,0,0.00,0,0.00
8475,2,8249,4124.50,678,339.00,727042,363521.00,434259,217129.50,0,0.00,0,0.00
8495,1,140,140.00,134,134.00,133353,133353.00,22693,22693.00,8355,8355.00,15,15.00
8496,1,3894,3894.00,177,177.00,91863,91863.00,163548,163548.00,0,0.00,0,0.00
8535,1,8371,8371.00,4303,4303.00,192213,192213.00,632800,632800.00,0,0.00,0,0.00
8673,4,15930,3982.50,6018,1504.50,529230,132307.50,597375,149343.75,0,0.00,177,44.25
8691,1,4254,4254.00,183,183.00,54936,54936.00,191337,191337.00,0,0.00,0,0.00
8714,1,4563,4563.00,183,183.00,149055,149055.00,10944,10944.00,0,0.00,366,366.00
8721,1,8610,8610.00,4429,4429.00,197524,197524.00,669186,669186.00,0,0.00,0,0.00
8850,2,12921,6460.50,9027,4513.50,95934,47967.00,179124,89562.00,0,0.00,0,0.00
8967,1,1830,1830.00,1098,1098.00,186477,186477.00,38979,38979.00,0,0.00,0,0.00
9027,2,12213,6106.50,5133,2566.50,657201,328600.50,513123,256561.50,0,0.00,0,0.00
9036,1,3664,3664.00,526,526.00,606297,606297.00,207500,207500.00,437,437.00,0,0.00
9039,1,3473,3473.00,575,575.00,604335,604335.00,207154,207154.00,668,668.00,0,0.00
9114,1,2891,2891.00,1122,1122.00,188256,188256.00,169767,169767.00,0,0.00,0,0.00
9195,1,1677,1677.00,447,447.00,167649,167649.00,62901,62901.00,0,0.00,0,0.00
9204,4,12213,3053.25,3717,929.25,599145,149786.25,484803,121200.75,0,0.00,354,88.50
9379,2,5876,2938.00,2260,1130.00,384878,192439.00,201366,100683.00,0,0.00,0,0.00
9381,2,12213,6106.50,5841,2920.50,397011,198505.50,527814,263907.00,0,0.00,0,0.00
9386,1,2945,2945.00,1137,1137.00,192439,192439.00,100683,100683.00,0,0.00,0,0.00
9400,1,2945,2945.00,1137,1137.00,192516,192516.00,100683,100683.00,0,0.00,0,0.00
9403,1,2949,2949.00,1132,1132.00,192578,192578.00,100854,100854.00,0,0.00,0,0.00
9492,1,113,113.00,113,113.00,71303,71303.00,5650,5650.00,0,0.00,226,226.00
9512,1,768,768.00,7,7.00,281309,281309.00,1484757,1484757.00,9450,9450.00,9,9.00
9543,1,3586,3586.00,516,516.00,641539,641539.00,214357,214357.00,1191,1191.00,0,0.00
9612,1,3033,3033.00,1251,1251.00,244419,244419.00,78237,78237.00,0,0.00,0,0.00
9636,1,785,785.00,15,15.00,284728,284728.00,1519676,1519676.00,9558,9558.00,9,9.00
9637,1,1182,1182.00,481,481.00,55574,55574.00,4954,4954.00,7911,7911.00,0,0.00
9735,3,7434,2478.00,2832,944.00,563568,187856.00,24249,8083.00,0,0.00,177,59.00
9750,1,805,805.00,32,32.00,279012,279012.00,1450549,1450549.00,9342,9342.00,12,12.00
9768,1,0,0.00,183,183.00,9741,9741.00,0,0.00,0,0.00,183,183.00
9830,1,3200,3200.00,1498,1498.00,59544,59544.00,53682,53682.00,0,0.00,152,152.00
9831,1,1808,1808.00,565,565.00,415275,415275.00,71981,71981.00,0,0.00,0,0.00
9912,2,10620,5310.00,10266,5133.00,85137,42568.50,5487,2743.50,0,0.00,177,88.50
9970,1,221,221.00,202,202.00,148478,148478.00,11838,11838.00,0,0.00,182,182.00
9995,1,699,699.00,183,183.00,9027,9027.00,177,177.00,0,0.00,189,189.00
10060,1,4974,4974.00,114,114.00,64422,64422.00,422734,422734.00,0,0.00,0,0.00
10065,1,2379,2379.00,549,549.00,319884,319884.00,77775,77775.00,0,0.00,0,0.00
10089,6,29736,4956.00,23895,3982.50,622686,103781.00,153105,25517.50,0,0.00,177,29.50
10119,1,1365,1365.00,219,219.00,271788,271788.00,21303,21303.00,0,0.00,0,0.00
10246,1,1865,1865.00,519,519.00,332317,332317.00,119726,119726.00,6995,6995.00,0,0.00
10302,1,10186,10186.00,5214,5214.00,234734,234734.00,952364,952364.00,0,0.00,0,0.00
10443,1,1947,1947.00,354,354.00,233640,233640.00,39117,39117.00,0,0.00,0,0.00
10459,1,3405,3405.00,393,393.00,603944,603944.00,207154,207154.00,668,668.00,38,38.00
10513,1,3279,3279.00,1245,1245.00,216519,216519.00,127012,127012.00,0,0.00,0,0.00
10530,1,3284,3284.00,1250,1250.00,216585,216585.00,127012,127012.00,0,0.00,0,0.00
10532,1,3288,3288.00,1254,1254.00,216585,216585.00,127012,127012.00,0,0.00,0,0.00
10538,1,3319,3319.00,1243,1243.00,216508,216508.00,127012,127012.00,0,0.00,1,1.00
10550,1,5065,5065.00,455,455.00,603944,603944.00,207154,207154.00,668,668.00,57,57.00
10620,8,4779,597.38,1593,199.12,1259886,157485.75,235764,29470.50,0,0.00,177,22.12
10638,1,537,537.00,183,183.00,163083,163083.00,32214,32214.00,0,0.00,0,0.00
10797,2,11505,5752.50,11151,5575.50,87792,43896.00,5487,2743.50,0,0.00,177,88.50
10824,1,894,894.00,162,162.00,456246,456246.00,139722,139722.00,7902,7902.00,18,18.00
10911,1,4069,4069.00,2274,2274.00,380146,380146.00,6780,6780.00,0,0.00,0,0.00
10963,1,3507,3507.00,1247,1247.00,225096,225096.00,138312,138312.00,0,0.00,0,0.00
10971,1,3505,3505.00,1246,1246.00,225158,225158.00,138312,138312.00,0,0.00,0,0.00
10980,1,549,549.00,183,183.00,168543,168543.00,33306,33306.00,0,0.00,0,0.00
11008,1,1012,1012.00,226,226.00,0,0.00,0,0.00,0,0.00,89,89.00
11088,1,1177,1177.00,197,197.00,134507,134507.00,26552,26552.00,2637,2637.00,0,0.00
11151,5,17700,3540.00,7080,1416.00,1130145,226029.00,447810,89562.00,0,0.00,0,0.00
11181,1,3552,3552.00,1428,1428.00,226269,226269.00,89562,89562.00,0,0.00,0,0.00
11403,1,898,898.00,34,34.00,13399,13399.00,12871,12871.00,339,339.00,89,89.00
11457,1,5673,5673.00,130,130.00,73390,73390.00,548241,548241.00,0,0.00,0,0.00
11505,2,0,0.00,354,177.00,23364,11682.00,0,0.00,0,0.00,354,177.00
11523,1,2838,2838.00,1245,1245.00,217599,217599.00,7965,7965.00,0,0.00,0,0.00
11534,1,1293,1293.00,118,118.00,378890,378890.00,38713,38713.00,7910,7910.00,0,0.00
11576,1,317,317.00,211,211.00,280477,280477.00,20859,20859.00,0,0.00,300,300.00
11642,1,3617,3617.00,1357,1357.00,240588,240588.00,156392,156392.00,0,0.00,0,0.00
11646,1,3623,3623.00,1363,1363.00,240577,240577.00,156392,156392.00,0,0.00,0,0.00
11660,1,3623,3623.00,1363,1363.00,240654,240654.00,156392,156392.00,0,0.00,0,0.00
11661,1,11550,11550.00,5893,5893.00,266905,266905.00,1234928,1234928.00,0,0.00,0,0.00
11718,1,495,495.00,234,234.00,558827,558827.00,144338,144338.00,3746,3746.00,33,33.00
11859,3,9027,3009.00,2124,708.00,596136,198712.00,424800,141600.00,0,0.00,177,59.00
12091,1,3842,3842.00,1356,1356.00,249165,249165.00,168935,168935.00,0,0.00,0,0.00
12094,1,3843,3843.00,1357,1357.00,249176,249176.00,168935,168935.00,0,0.00,0,0.00
12118,1,3676,3676.00,484,484.00,603944,603944.00,207154,207154.00,668,668.00,78,78.00
12213,1,8142,8142.00,8142,8142.00,69207,69207.00,0,0.00,0,0.00,0,0.00
12364,1,3724,3724.00,3164,3164.00,0,0.00,0,0.00,0,0.00,89,89.00
12504,1,1848,1848.00,657,657.00,323715,323715.00,57186,57186.00,3906,3906.00,0,0.00
12567,1,3009,3009.00,354,354.00,269217,269217.00,29559,29559.00,0,0.00,177,177.00
12592,1,3724,3724.00,426,426.00,604063,604063.00,207154,207154.00,668,668.00,86,86.00
12651,1,5341,5341.00,4414,4414.00,3330,3330.00,578,578.00,0,0.00,89,89.00
12744,1,1416,1416.00,177,177.00,185496,185496.00,39471,39471.00,0,0.00,0,0.00
12769,7,25312,3616.00,7119,1017.00,3355422,479346.00,658112,94016.00,0,0.00,0,0.00
12770,2,7236,3618.00,2038,1019.00,958692,479346.00,188032,94016.00,0,0.00,0,0.00
12772,2,7235,3617.50,2036,1018.00,958715,479357.50,188033,94016.50,0,0.00,0,0.00
12773,1,6328,6328.00,113,113.00,82038,82038.00,689865,689865.00,0,0.00,0,0.00
12774,1,3619,3619.00,1020,1020.00,479357,479357.00,94016,94016.00,0,0.00,0,0.00
12775,1,3619,3619.00,1019,1019.00,479369,479369.00,94017,94017.00,0,0.00,0,0.00
12776,4,14500,3625.00,4104,1026.00,1917428,479357.00,376064,94016.00,0,0.00,0,0.00
12777,1,3624,3624.00,1025,1025.00,479346,479346.00,94016,94016.00,0,0.00,0,0.00
12790,2,7931,3965.50,2952,1476.00,529453,264726.50,377653,188826.50,0,0.00,0,0.00
12799,1,3628,3628.00,1023,1023.00,479490,479490.00,94094,94094.00,0,0.00,0,0.00
12913,1,3679,3679.00,1035,1035.00,480129,480129.00,94331,94331.00,0,0.00,0,0.00
12921,12,51153,4262.75,17700,1475.00,2983512,248626.00,1773540,147795.00,0,0.00,0,0.00
12995,1,6441,6441.00,113,113.00,83507,83507.00,715064,715064.00,0,0.00,0,0.00
12998,1,6442,6442.00,114,114.00,83518,83518.00,715064,715064.00,0,0.00,0,0.00
12999,2,15831,7915.50,6914,3457.00,301265,150632.50,1554104,777052.00,0,0.00,0,0.00
13221,2,8362,4181.00,2938,1469.00,546468,273234.00,405218,202609.00,0,0.00,0,0.00
13227,1,4183,4183.00,1471,1471.00,273256,273256.00,202609,202609.00,0,0.00,0,0.00
13238,1,13123,13123.00,6682,6682.00,303766,303766.00,1610476,1610476.00,0,0.00,0,0.00
13241,1,13130,13130.00,6689,6689.00,303744,303744.00,1610476,1610476.00,0,0.00,0,0.00
13242,1,6218,6218.00,189,189.00,500981,500981.00,114620,114620.00,0,0.00,0,0.00
13275,3,26019,8673.00,7788,2596.00,1439895,479965.00,1671411,557137.00,0,0.00,0,0.00
13341,1,1377,1377.00,139,139.00,79944,79944.00,100424,100424.00,2144,2144.00,89,89.00
13452,1,2478,2478.00,177,177.00,611712,611712.00,63720,63720.00,0,0.00,0,0.00
13506,1,1908,1908.00,462,462.00,623526,623526.00,167592,167592.00,12636,12636.00,0,0.00
13599,1,4263,4263.00,1647,1647.00,289182,289182.00,126237,126237.00,0,0.00,0,0.00
13629,2,14691,7345.50,7434,3717.00,1088196,544098.00,1102002,551001.00,0,0.00,177,88.50
13887,1,303,303.00,177,177.00,432420,432420.00,9711,9711.00,3570,3570.00,354,354.00
13900,1,4295,4295.00,1583,1583.00,288715,288715.00,224305,224305.00,0,0.00,0,0.00
13917,1,4325,4325.00,1613,1613.00,288726,288726.00,224305,224305.00,0,0.00,0,0.00
13920,1,4301,4301.00,1589,1589.00,288792,288792.00,224305,224305.00,0,0.00,0,0.00
13950,1,6926,6926.00,130,130.00,89586,89586.00,820396,820396.00,0,0.00,0,0.00
14054,1,1032,1032.00,20,20.00,1084,1084.00,0,0.00,0,0.00,165,165.00
14185,1,14074,14074.00,7181,7181.00,324988,324988.00,1847550,1847550.00,0,0.00,0,0.00
14337,1,3738,3738.00,1027,1027.00,479434,479434.00,94016,94016.00,0,0.00,38,38.00
14354,1,4521,4521.00,1583,1583.00,297314,297314.00,239334,239334.00,0,0.00,0,0.00
14361,1,4425,4425.00,177,177.00,124785,124785.00,233640,233640.00,0,0.00,0,0.00
14519,1,3774,3774.00,1053,1053.00,479363,479363.00,94016,94016.00,0,0.00,40,40.00
14543,1,3744,3744.00,1032,1032.00,479511,479511.00,94016,94016.00,0,0.00,38,38.00
14627,1,490,490.00,363,363.00,353763,353763.00,26523,26523.00,0,0.00,378,378.00
14691,5,23010,4602.00,8850,1770.00,1507155,301431.00,788535,157707.00,0,0.00,0,0.00
15036,1,4647,4647.00,1709,1709.00,312784,312784.00,262838,262838.00,0,0.00,0,0.00
15327,1,84,84.00,213,213.00,6624,6624.00,540,540.00,14514,14514.00,177,177.00
15399,3,4304,1434.67,1521,507.00,755656,251885.33,121315,40438.33,13185,4395.00,177,59.00
15481,1,4859,4859.00,1695,1695.00,321372,321372.00,279110,279110.00,0,0.00,0,0.00
15483,1,4863,4863.00,1699,1699.00,321372,321372.00,279110,279110.00,0,0.00,0,0.00
15488,1,4866,4866.00,1702,1702.00,321372,321372.00,279110,279110.00,0,0.00,0,0.00
15489,1,4875,4875.00,1711,1711.00,321372,321372.00,279110,279110.00,0,0.00,0,0.00
15753,1,7788,7788.00,177,177.00,100890,100890.00,662157,662157.00,0,0.00,0,0.00
15930,1,5310,5310.00,354,354.00,313728,313728.00,587487,587487.00,2745,2745.00,0,0.00
15945,1,3387,3387.00,177,177.00,34161,34161.00,71862,71862.00,0,0.00,240,240.00
16107,1,15930,15930.00,8142,8142.00,367629,367629.00,1491756,1491756.00,0,0.00,0,0.00
16120,1,1283,1283.00,23,23.00,459729,459729.00,2379209,2379209.00,15450,15450.00,21,21.00
16123,1,2785,2785.00,1098,1098.00,727306,727306.00,192890,192890.00,14742,14742.00,0,0.00
16165,1,4976,4976.00,1810,1810.00,336877,336877.00,304424,304424.00,0,0.00,0,0.00
16239,1,4812,4812.00,354,354.00,621354,621354.00,486036,486036.00,15744,15744.00,432,432.00
16461,4,20532,5133.00,7788,1947.00,1356528,339132.00,795792,198948.00,0,0.00,0,0.00
16611,1,5198,5198.00,1808,1808.00,345441,345441.00,321937,321937.00,0,0.00,0,0.00
16612,1,5200,5200.00,1810,1810.00,345441,345441.00,321937,321937.00,0,0.00,0,0.00
16618,3,15615,5205.00,5445,1815.00,1036323,345441.00,965811,321937.00,0,0.00,0,0.00
16813,1,960,960.00,558,558.00,1057824,1057824.00,118154,118154.00,0,0.00,300,300.00
17002,1,949,949.00,57,57.00,26050,26050.00,4071,4071.00,42,42.00,233,233.00
17022,1,6384,6384.00,3546,3546.00,595578,595578.00,10626,10626.00,0,0.00,0,0.00
17169,2,10974,5487.00,3894,1947.00,705168,352584.00,433296,216648.00,0,0.00,0,0.00
17289,1,5311,5311.00,1921,1921.00,360922,360922.00,349057,349057.00,0,0.00,0,0.00
17291,1,1812,1812.00,117,117.00,834279,834279.00,172777,172777.00,0,0.00,0,0.00
17294,1,5316,5316.00,1926,1926.00,360933,360933.00,349057,349057.00,0,0.00,0,0.00
17346,1,1947,1947.00,177,177.00,558789,558789.00,53454,53454.00,12390,12390.00,0,0.00
17700,1,3186,3186.00,177,177.00,877389,877389.00,113103,113103.00,0,0.00,0,0.00
17747,1,5540,5540.00,1923,1923.00,369533,369533.00,367816,367816.00,0,0.00,0,0.00
17748,2,11095,5547.50,3863,1931.50,739020,369510.00,735630,367815.00,0,0.00,0,0.00
17750,1,5548,5548.00,1932,1932.00,369510,369510.00,367815,367815.00,0,0.00,0,0.00
17833,1,2933,2933.00,729,729.00,796816,796816.00,272261,272261.00,0,0.00,38,38.00
17877,1,8850,8850.00,177,177.00,114696,114696.00,858627,858627.00,0,0.00,0,0.00
18231,3,16992,5664.00,6372,2124.00,1130499,376833.00,734904,244968.00,0,0.00,0,0.00
18249,1,18060,18060.00,9210,9210.00,417609,417609.00,1934079,1934079.00,0,0.00,0,0.00
18419,1,5650,5650.00,2034,2034.00,384991,384991.00,396743,396743.00,0,0.00,0,0.00
18440,1,7113,7113.00,1303,1303.00,1209630,1209630.00,414863,414863.00,1442,1442.00,0,0.00
18739,1,5201,5201.00,0,0.00,701666,701666.00,566405,566405.00,18368,18368.00,504,504.00
18742,1,5202,5202.00,1,1.00,702297,702297.00,565537,565537.00,18368,18368.00,504,504.00
18743,1,5203,5203.00,2,2.00,702173,702173.00,565537,565537.00,18368,18368.00,504,504.00
18939,1,6018,6018.00,2124,2124.00,390285,390285.00,264615,264615.00,0,0.00,0,0.00
18957,1,6024,6024.00,2130,2130.00,390351,390351.00,264615,264615.00,0,0.00,0,0.00
19197,1,72,72.00,213,213.00,13440,13440.00,522,522.00,11328,11328.00,177,177.00
19293,1,3186,3186.00,354,354.00,398804,398804.00,118833,118833.00,10487,10487.00,0,0.00
19556,1,3421,3421.00,1055,1055.00,928919,928919.00,171895,171895.00,0,0.00,0,0.00
20001,22,129918,5905.36,35046,1593.00,15211734,691442.45,3926568,178480.36,11328,514.91,0,0.00
20007,1,5670,5670.00,1599,1599.00,750834,750834.00,147264,147264.00,0,0.00,0,0.00
20019,3,17010,5670.00,4797,1599.00,2252700,750900.00,441792,147264.00,0,0.00,0,0.00
20355,2,30267,15133.50,10443,5221.50,586932,293466.00,2364366,1182183.00,11328,5664.00,0,0.00
20361,1,10101,10101.00,189,189.00,130803,130803.00,1120056,1120056.00,0,0.00,0,0.00
20709,4,54162,13540.50,25488,6372.00,1807524,451881.00,5679930,1419982.50,0,0.00,0,0.00
20727,1,6555,6555.00,2307,2307.00,428052,428052.00,317361,317361.00,0,0.00,0,0.00
21465,1,1344,1344.00,839,839.00,1334249,1334249.00,149121,149121.00,0,0.00,378,378.00
21643,1,1643,1643.00,53,53.00,927,927.00,63,63.00,0,0.00,178,178.00
21755,1,6170,6170.00,113,113.00,804128,804128.00,646441,646441.00,20992,20992.00,576,576.00
21771,4,30975,7743.75,7611,1902.75,1496712,374178.00,2339055,584763.75,0,0.00,0,0.00
21948,1,3894,3894.00,177,177.00,1085159,1085159.00,145547,145547.00,9787,9787.00,0,0.00
22125,2,21948,10974.00,11328,5664.00,531354,265677.00,2893950,1446975.00,0,0.00,177,88.50
22363,1,1804,1804.00,11,11.00,659330,659330.00,3495741,3495741.00,22146,22146.00,25,25.00
22393,1,2284,2284.00,486,486.00,11727,11727.00,791,791.00,0,0.00,178,178.00
22497,1,7086,7086.00,2484,2484.00,465753,465753.00,374886,374886.00,0,0.00,0,0.00
22830,1,8576,8576.00,1232,1232.00,1543094,1543094.00,477316,477316.00,5581,5581.00,0,0.00
22833,1,0,0.00,177,177.00,11682,11682.00,0,0.00,11328,11328.00,177,177.00
23010,1,354,354.00,177,177.00,253641,253641.00,28674,28674.00,0,0.00,0,0.00
23147,2,7414,3707.00,366,183.00,1241287,620643.50,46042,23021.00,42456,21228.00,1098,549.00
23400,1,9795,9795.00,177,177.00,533934,533934.00,150613,150613.00,3113,3113.00,210,210.00
23541,1,7257,7257.00,2655,2655.00,489936,489936.00,411702,411702.00,0,0.00,0,0.00
23558,1,3747,3747.00,1334,1334.00,831207,831207.00,222121,222121.00,16848,16848.00,120,120.00
23735,1,3818,3818.00,903,903.00,1004646,1004646.00,343101,343101.00,0,0.00,77,77.00
24096,1,698,698.00,237,237.00,1236562,1236562.00,336412,336412.00,0,0.00,113,113.00
24099,1,6690,6690.00,2,2.00,902165,902165.00,728236,728236.00,23616,23616.00,648,648.00
24249,4,30444,7611.00,10620,2655.00,2013552,503388.00,1748760,437190.00,0,0.00,0,0.00
25311,1,7788,7788.00,2832,2832.00,527637,527637.00,476838,476838.00,0,0.00,0,0.00
25665,1,0,0.00,177,177.00,11682,11682.00,0,0.00,14160,14160.00,177,177.00
26019,5,32568,6513.60,11505,2301.00,2190552,438110.40,2017092,403418.40,0,0.00,177,35.40
26037,1,8148,8148.00,2838,2838.00,541155,541155.00,504273,504273.00,0,0.00,0,0.00
27023,1,10394,10394.00,1700,1700.00,1818891,1818891.00,622500,622500.00,1311,1311.00,0,0.00
27081,1,8319,8319.00,3009,3009.00,565338,565338.00,546753,546753.00,0,0.00,0,0.00
27093,1,8319,8319.00,3009,3009.00,565338,565338.00,546753,546753.00,0,0.00,0,0.00
27111,1,2844,2844.00,183,183.00,1306941,1306941.00,270639,270639.00,0,0.00,0,0.00
27230,1,5816,5816.00,1065,1065.00,1080198,1080198.00,415013,415013.00,2911,2911.00,0,0.00
27233,1,226,226.00,565,565.00,214474,214474.00,12091,12091.00,0,0.00,452,452.00
27789,4,34692,8673.00,12036,3009.00,2315160,578790.00,2304540,576135.00,0,0.00,0,0.00
27988,1,3947,3947.00,1316,1316.00,311973,311973.00,83784,83784.00,6318,6318.00,480,480.00
28134,1,3872,3872.00,177,177.00,745715,745715.00,745932,745932.00,2535,2535.00,187,187.00
28493,1,3158,3158.00,177,177.00,1701169,1701169.00,238122,238122.00,24603,24603.00,261,261.00
28851,1,8850,8850.00,3186,3186.00,603039,603039.00,621447,621447.00,0,0.00,0,0.00
29205,2,0,0.00,354,177.00,44604,22302.00,0,0.00,14160,7080.00,354,177.00
30462,1,5316,5316.00,183,183.00,1674486,1674486.00,364266,364266.00,0,0.00,0,0.00
31687,1,4293,4293.00,1169,1169.00,727510,727510.00,191587,191587.00,14742,14742.00,360,360.00
31733,1,2126,2126.00,29,29.00,2997720,2997720.00,3182863,3182863.00,29755,29755.00,771,771.00
31737,1,2135,2135.00,40,40.00,2962261,2962261.00,3188819,3188819.00,29755,29755.00,771,771.00
31773,1,2139,2139.00,42,42.00,2997857,2997857.00,3182858,3182858.00,29755,29755.00,771,771.00
31803,1,12372,12372.00,2459,2459.00,2072701,2072701.00,673409,673409.00,5824,5824.00,0,0.00
33039,1,3138,3138.00,549,549.00,1654834,1654834.00,167124,167124.00,18129,18129.00,549,549.00
33372,1,3321,3321.00,222,222.00,103918,103918.00,26932,26932.00,2106,2106.00,720,720.00
34342,1,7902,7902.00,1371,1371.00,1157622,1157622.00,1421207,1421207.00,30914,30914.00,0,0.00
34454,1,0,0.00,177,177.00,585,585.00,0,0.00,34005,34005.00,177,177.00
34692,1,6018,6018.00,177,177.00,1940097,1940097.00,482325,482325.00,0,0.00,0,0.00
34901,1,2441,2441.00,25,25.00,2997662,2997662.00,3182858,3182858.00,29755,29755.00,849,849.00
35265,1,2432,2432.00,24,24.00,2997651,2997651.00,3182858,3182858.00,29755,29755.00,851,851.00
35577,1,13098,13098.00,4602,4602.00,526221,526221.00,1216167,1216167.00,0,0.00,0,0.00
36085,1,4721,4721.00,1372,1372.00,207799,207799.00,55856,55856.00,4212,4212.00,720,720.00
36467,1,3041,3041.00,127,127.00,138570,138570.00,101016,101016.00,2086,2086.00,267,267.00
36639,1,0,0.00,177,177.00,36816,36816.00,0,0.00,0,0.00,177,177.00
36993,1,0,0.00,177,177.00,4248,4248.00,0,0.00,32922,32922.00,177,177.00
38940,1,6726,6726.00,177,177.00,2205774,2205774.00,617553,617553.00,0,0.00,0,0.00
39324,1,17364,17364.00,4437,4437.00,1222584,1222584.00,2330040,2330040.00,0,0.00,0,0.00
39825,1,0,0.00,177,177.00,13122,13122.00,0,0.00,26880,26880.00,177,177.00
40164,1,11151,11151.00,3,3.00,1504598,1504598.00,1211868,1211868.00,39360,39360.00,1080,1080.00
40658,1,2813,2813.00,29,29.00,2997706,2997706.00,3182858,3182858.00,29755,29755.00,969,969.00
40887,1,0,0.00,177,177.00,12042,12042.00,0,0.00,29022,29022.00,177,177.00
43365,2,0,0.00,354,177.00,54870,27435.00,0,0.00,32214,16107.00,354,177.00
44168,1,20765,20765.00,5172,5172.00,9605348,9605348.00,209026240,209026240.00,42419,42419.00,11,11.00
44892,1,7836,7836.00,2621,2621.00,580696,580696.00,1402581,1402581.00,39887,39887.00,23,23.00
45861,1,1788,1788.00,189,189.00,380229,380229.00,51492,51492.00,29356,29356.00,177,177.00
46168,1,3540,3540.00,88,88.00,77346,77346.00,42190,42190.00,1854,1854.00,356,356.00
47259,1,0,0.00,177,177.00,15222,15222.00,0,0.00,32214,32214.00,177,177.00
47436,1,8142,8142.00,177,177.00,2737128,2737128.00,939516,939516.00,0,0.00,0,0.00
47967,1,0,0.00,177,177.00,15618,15618.00,0,0.00,32526,32526.00,177,177.00
49705,1,843,843.00,2188,2188.00,132651,132651.00,5627,5627.00,5763,5763.00,183,183.00
50445,1,0,0.00,177,177.00,4248,4248.00,0,0.00,46374,46374.00,177,177.00
50799,1,0,0.00,177,177.00,50976,50976.00,0,0.00,0,0.00,177,177.00
51484,1,935,935.00,136,136.00,280953,280953.00,14698,14698.00,49720,49720.00,565,565.00
51684,1,8850,8850.00,177,177.00,2865123,2865123.00,752760,752760.00,32223,32223.00,0,0.00
52215,1,13098,13098.00,4425,4425.00,1301481,1301481.00,2391978,2391978.00,0,0.00,0,0.00
52239,1,13098,13098.00,4425,4425.00,1237761,1237761.00,1247319,1247319.00,25488,25488.00,0,0.00
52392,1,12213,12213.00,2124,2124.00,1768761,1768761.00,2221527,2221527.00,47613,47613.00,0,0.00
54276,1,19734,19734.00,2346,2346.00,3627546,3627546.00,1244814,1244814.00,3726,3726.00,0,0.00
54339,1,0,0.00,177,177.00,7428,7428.00,0,0.00,47088,47088.00,177,177.00
54693,2,0,0.00,354,177.00,97020,48510.00,0,0.00,12720,6360.00,354,177.00
55932,1,9558,9558.00,177,177.00,3268482,3268482.00,1330155,1330155.00,0,0.00,0,0.00
58009,1,7236,7236.00,1504,1504.00,2565913,2565913.00,882887,882887.00,54918,54918.00,0,0.00
58587,1,0,0.00,177,177.00,24090,24090.00,0,0.00,34674,34674.00,177,177.00
60180,1,10266,10266.00,177,177.00,3382319,3382319.00,992762,992762.00,37623,37623.00,0,0.00
61065,1,0,0.00,177,177.00,61242,61242.00,0,0.00,0,0.00,177,177.00
61437,1,6,6.00,189,189.00,13872,13872.00,0,0.00,47808,47808.00,177,177.00
61563,1,23372,23372.00,3930,3930.00,4150266,4150266.00,782412,782412.00,59099,59099.00,0,0.00
62065,1,2668,2668.00,1812,1812.00,2684724,2684724.00,309237,309237.00,33677,33677.00,183,183.00
62567,1,23260,23260.00,2974,2974.00,4233091,4233091.00,1452183,1452183.00,4197,4197.00,0,0.00
62609,1,23439,23439.00,3152,3152.00,4229636,4229636.00,1452130,1452130.00,4480,4480.00,0,0.00
63439,1,4243,4243.00,56,56.00,5952857,5952857.00,6385994,6385994.00,59510,59510.00,1542,1542.00
63441,1,709,709.00,694,694.00,1001145,1001145.00,170758,170758.00,62941,62941.00,113,113.00
63535,1,4294,4294.00,92,92.00,5925078,5925078.00,6377653,6377653.00,59510,59510.00,1542,1542.00
64174,1,23912,23912.00,3092,3092.00,4354644,4354644.00,1473272,1473272.00,4628,4628.00,0,0.00
64428,1,10974,10974.00,177,177.00,3799836,3799836.00,1789470,1789470.00,0,0.00,0,0.00
64605,1,0,0.00,177,177.00,64782,64782.00,0,0.00,0,0.00,177,177.00
65223,1,4893,4893.00,177,177.00,1947,1947.00,0,0.00,0,0.00,534,534.00
65331,1,6,6.00,189,189.00,7872,7872.00,0,0.00,57702,57702.00,177,177.00
65856,1,22678,22678.00,13357,13357.00,452916,452916.00,310745,310745.00,0,0.00,37,37.00
66002,1,4824,4824.00,44,44.00,10041,10041.00,12559,12559.00,268,268.00,534,534.00
68499,1,0,0.00,177,177.00,5746,5746.00,0,0.00,62930,62930.00,177,177.00
68676,2,23364,11682.00,354,177.00,8048172,4024086.00,3519682,1759841.00,16401,8200.50,0,0.00
68853,1,0,0.00,177,177.00,13788,13788.00,0,0.00,55242,55242.00,177,177.00
69396,1,5219,5219.00,96,96.00,156077,156077.00,50459,50459.00,1096,1096.00,534,534.00
69561,1,0,0.00,177,177.00,7788,7788.00,0,0.00,61950,61950.00,177,177.00
71691,1,18,18.00,195,195.00,7788,7788.00,0,0.00,64074,64074.00,177,177.00
71894,1,7200,7200.00,334,334.00,207848,207848.00,53865,53865.00,4212,4212.00,1560,1560.00
72393,1,0,0.00,177,177.00,72570,72570.00,0,0.00,0,0.00,177,177.00
72924,1,12390,12390.00,177,177.00,4168992,4168992.00,1385511,1385511.00,41007,41007.00,0,0.00
75365,1,28442,28442.00,4049,4049.00,5086305,5086305.00,1710063,1710063.00,9151,9151.00,0,0.00
75579,1,0,0.00,177,177.00,2028,2028.00,0,0.00,73728,73728.00,177,177.00
75933,1,0,0.00,177,177.00,58416,58416.00,0,0.00,17694,17694.00,177,177.00
77172,1,13098,13098.00,177,177.00,4596867,4596867.00,2607210,2607210.00,0,0.00,0,0.00
79119,1,0,0.00,177,177.00,30422,30422.00,0,0.00,48874,48874.00,177,177.00
79479,1,18,18.00,195,195.00,7788,7788.00,0,0.00,71862,71862.00,177,177.00
80535,1,1416,1416.00,177,177.00,439668,439668.00,23010,23010.00,77880,77880.00,885,885.00
80708,1,30265,30265.00,3957,3957.00,5459410,5459410.00,1867500,1867500.00,3933,3933.00,0,0.00
81420,1,13806,13806.00,177,177.00,4807212,4807212.00,2234085,2234085.00,11448,11448.00,0,0.00
82305,1,0,0.00,177,177.00,7788,7788.00,0,0.00,74694,74694.00,177,177.00
82659,1,0,0.00,177,177.00,82836,82836.00,0,0.00,0,0.00,177,177.00
86199,1,14691,14691.00,177,177.00,4878996,4878996.00,2900184,2900184.00,75073,75073.00,0,0.00
87599,1,9374,9374.00,144,144.00,6946303,6946303.00,5727840,5727840.00,76704,76704.00,318,318.00
90447,1,15399,15399.00,177,177.00,5407881,5407881.00,3655227,3655227.00,0,0.00,0,0.00
90624,1,11151,11151.00,2301,2301.00,4016661,4016661.00,1382547,1382547.00,86022,86022.00,0,0.00
90801,1,0,0.00,177,177.00,7428,7428.00,0,0.00,83550,83550.00,177,177.00
94695,1,16107,16107.00,177,177.00,5589167,5589167.00,2694238,2694238.00,20808,20808.00,0,0.00
95244,1,6468,6468.00,179,179.00,8929599,8929599.00,9578985,9578985.00,89265,89265.00,2313,2313.00
95512,1,6489,6489.00,306,306.00,8888248,8888248.00,9566464,9566464.00,89265,89265.00,2313,2313.00
95934,1,35931,35931.00,5487,5487.00,6585108,6585108.00,1274931,1274931.00,92571,92571.00,0,0.00
98589,1,15576,15576.00,6372,6372.00,16908987,16908987.00,2943864,2943864.00,82482,82482.00,0,0.00
98943,1,16815,16815.00,177,177.00,5728714,5728714.00,2604088,2604088.00,58337,58337.00,0,0.00
99315,1,1074,1074.00,1068,1068.00,1567938,1567938.00,267453,267453.00,98589,98589.00,177,177.00
102961,1,25206,25206.00,8463,8463.00,2527551,2527551.00,9669021,9669021.00,0,0.00,0,0.00
103617,1,17535,17535.00,177,177.00,6204912,6204912.00,4833516,4833516.00,0,0.00,0,0.00
111251,1,10283,10283.00,3164,3164.00,605793,605793.00,50963,50963.00,99327,99327.00,0,0.00
124588,1,12532,12532.00,914,914.00,727449,727449.00,188525,188525.00,14742,14742.00,2520,2520.00
127603,1,8713,8713.00,24,24.00,2997651,2997651.00,3182858,3182858.00,29755,29755.00,2975,2975.00
134627,1,49774,49774.00,5953,5953.00,9143548,9143548.00,3126786,3126786.00,9875,9875.00,0,0.00
143262,1,10718,10718.00,273,273.00,21794,21794.00,25332,25332.00,536,536.00,1157,1157.00
145323,1,18627,18627.00,183,183.00,5178204,5178204.00,5868198,5868198.00,131688,131688.00,0,0.00
146954,1,14999,14999.00,1193,1193.00,311754,311754.00,80796,80796.00,6318,6318.00,3240,3240.00
168217,1,17129,17129.00,1198,1198.00,1558198,1558198.00,409799,409799.00,31590,31590.00,3120,3120.00
174168,1,16107,16107.00,4956,4956.00,927657,927657.00,79827,79827.00,155583,155583.00,0,0.00
208546,1,20745,20745.00,1227,1227.00,935273,935273.00,242388,242388.00,18954,18954.00,4360,4360.00
221955,1,14821,14821.00,142,142.00,20807506,20807506.00,22344457,22344457.00,208285,208285.00,5397,5397.00
221976,1,14828,14828.00,156,156.00,20793526,20793526.00,22341203,22341203.00,208285,208285.00,5397,5397.00
222064,1,14864,14864.00,177,177.00,20735345,20735345.00,22321741,22321741.00,208285,208285.00,5397,5397.00
232087,1,17004,17004.00,107,107.00,73108,73108.00,88173,88173.00,1946,1946.00,1869,1869.00
247413,1,17966,17966.00,226,226.00,13334,13334.00,0,0.00,0,0.00,2113,2113.00
252753,1,17696,17696.00,6,6.00,66,66.00,0,0.00,0,0.00,5800,5800.00
253669,1,16943,16943.00,170,170.00,23796372,23796372.00,25540730,25540730.00,238040,238040.00,6168,6168.00
254833,1,36532,36532.00,9299,9299.00,11742734,11742734.00,3043316,3043316.00,237978,237978.00,0,0.00
285419,1,19081,19081.00,211,211.00,26659180,26659180.00,28699373,28699373.00,267795,267795.00,6939,6939.00
289107,1,21516,21516.00,224,224.00,150007,150007.00,188309,188309.00,4020,4020.00,2314,2314.00
302519,1,83990,83990.00,16,16.00,11326905,11326905.00,9143395,9143395.00,296512,296512.00,8136,8136.00
304186,1,58782,58782.00,6,6.00,164832,164832.00,98784,98784.00,0,0.00,0,0.00
319308,1,26373,26373.00,4779,4779.00,13490586,13490586.00,4097019,4097019.00,233109,233109.00,531,531.00
320087,1,23698,23698.00,484,484.00,96990,96990.00,60272,60272.00,804,804.00,2581,2581.00
398427,1,56286,56286.00,13629,13629.00,18389238,18389238.00,4943256,4943256.00,372762,372762.00,0,0.00
401594,1,29355,29355.00,388,388.00,126802,126802.00,118149,118149.00,2902,2902.00,3283,3283.00
473829,1,131511,131511.00,0,0.00,17742126,17742126.00,14298768,14298768.00,464448,464448.00,12744,12744.00
475638,1,31772,31772.00,325,325.00,44550534,44550534.00,47872131,47872131.00,446325,446325.00,11565,11565.00
524847,1,44268,44268.00,8874,8874.00,852,852.00,54,54.00,0,0.00,894,894.00
673643,1,50570,50570.00,120,120.00,17847624,17847624.00,19157664,19157664.00,178530,178530.00,15795,15795.00
1006700,1,372505,372505.00,44781,44781.00,68515080,68515080.00,23447500,23447500.00,49381,49381.00,6,6.00
1575477,1,582153,582153.00,69207,69207.00,107008713,107008713.00,36675639,36675639.00,102483,102483.00,0,0.00
1884810,1,168078,168078.00,8328,8328.00,28819892,28819892.00,19202925,19202925.00,260706,260706.00,13454,13454.00
2280768,1,267990,267990.00,4248,4248.00,248995566,248995566.00,169442802,169442802.00,1999221,1999221.00,9381,9381.00
3582964,1,239253,239253.00,2287,2287.00,334717416,334717416.00,360336554,360336554.00,3362315,3362315.00,87123,87123.00
5612145,1,374715,374715.00,3546,3546.00,533937669,533937669.00,563847129,563847129.00,5266635,5266635.00,136467,136467.00
