tree_size,count,reads,avg_reads,writes,avg_writes,visited,avg_visited,skipped,avg_skipped,gc_pruned,avg_gc_pruned,exposures,avg_exposures
1,38575976,79189935,2.05,45510136,1.18,4523613883,117.27,481992673,12.49,2777861,0.07,60558,0.00
2,1565631,6669497,4.26,3694753,2.36,190881962,121.92,19714990,12.59,129763,0.08,1139,0.00
3,40549202,60292094,1.49,46448915,1.15,498013636,12.28,20939724,0.52,45886,0.00,134,0.00
4,6626353,31603314,4.77,14771927,2.23,566940231,85.56,51294782,7.74,211765,0.03,2697,0.00
5,1319326,8419165,6.38,4079669,3.09,123764712,93.81,12068231,9.15,75269,0.06,593,0.00
6,6290516,21343995,3.39,13582891,2.16,166636219,26.49,10006323,1.59,74270,0.01,127,0.00
7,2034580,14621802,7.19,6607403,3.25,194479279,95.59,18890523,9.28,163017,0.08,777,0.00
8,398890,3941440,9.88,1733853,4.35,49399539,123.84,4709394,11.81,40288,0.10,189,0.00
9,1297522,6904682,5.32,4272129,3.29,55328324,42.64,5127050,3.95,19412,0.01,48,0.00
10,388954,3948152,10.15,1736091,4.46,44266605,113.81,4295651,11.04,30598,0.08,258,0.00
11,106620,1328742,12.46,602378,5.65,15643680,146.72,3419331,32.07,68676,0.64,130,0.00
12,181658,1486759,8.18,905619,4.99,15240897,83.90,2402736,13.23,63928,0.35,59,0.00
13,72403,950455,13.13,445215,6.15,10226927,141.25,1118343,15.45,9255,0.13,66,0.00
14,32879,520219,15.82,287548,8.75,4633270,140.92,417363,12.69,2432,0.07,84,0.00
15,33508,470527,14.04,276529,8.25,3249885,96.99,459660,13.72,864,0.03,34,0.00
16,23669,419980,17.74,231167,9.77,3096343,130.82,307610,13.00,1152,0.05,38,0.00
17,18090,380144,21.01,232009,12.83,3128604,172.95,340212,18.81,6289,0.35,21,0.00
18,15348,368928,24.04,212035,13.82,2427732,158.18,324521,21.14,0,0.00,28,0.00
19,18183,410409,22.57,230085,12.65,3605735,198.30,472225,25.97,0,0.00,31,0.00
20,14175,375636,26.50,217258,15.33,2543542,179.44,372031,26.25,57,0.00,34,0.00
21,13714,407482,29.71,232743,16.97,5223974,380.92,2885419,210.40,67114,4.89,22,0.00
22,15781,454060,28.77,251641,15.95,7101353,449.99,3469733,219.87,76913,4.87,28,0.00
23,16227,482163,29.71,265508,16.36,5023735,309.59,545204,33.60,288,0.02,13,0.00
24,12352,441072,35.71,251646,20.37,2930013,237.21,518881,42.01,0,0.00,11,0.00
25,15403,500013,32.46,268517,17.43,7786990,505.55,3787922,245.92,75761,4.92,21,0.00
26,15904,530325,33.35,295604,18.59,5620293,353.39,838936,52.75,1440,0.09,13,0.00
27,13961,527077,37.75,301999,21.63,3969455,284.32,666351,47.73,576,0.04,15,0.00
28,18278,605262,33.11,324074,17.73,7035466,384.91,1231724,67.39,57,0.00,37,0.00
29,14258,569252,39.93,306257,21.48,5145040,360.85,960792,67.39,0,0.00,18,0.00
30,12915,574924,44.52,321952,24.93,4519578,349.95,940086,72.79,0,0.00,54,0.00
31,16724,645996,38.63,338853,20.26,7450774,445.51,1383751,82.74,288,0.02,32,0.00
32,14609,613104,41.97,336424,23.03,5948158,407.16,1298905,88.91,576,0.04,280,0.02
33,12848,561403,43.70,300898,23.42,9853427,766.92,6155306,479.09,129876,10.11,51,0.00
34,16187,570235,35.23,297946,18.41,7455258,460.57,1874572,115.81,288,0.02,2026,0.13
35,11254,474727,42.18,249486,22.17,5250069,466.51,1665550,148.00,864,0.08,313,0.03
36,24365,947558,38.89,648602,26.62,37230392,1528.03,6813161,279.63,3415,0.14,56,0.00
37,16940,498360,29.42,273717,16.16,20044097,1183.24,5489390,324.05,63512,3.75,498,0.03
38,7963,274163,34.43,139762,17.55,5450322,684.46,1991771,250.13,0,0.00,158,0.02
39,11786,418357,35.50,269679,22.88,17644166,1497.04,3804126,322.77,0,0.00,55,0.00
40,11144,242035,21.72,131380,11.79,11019869,988.86,3257998,292.35,0,0.00,124,0.01
41,5899,136287,23.10,63285,10.73,5448760,923.68,2486357,421.49,0,0.00,47,0.01
42,6542,167741,25.64,99897,15.27,7309486,1117.32,2565574,392.17,1152,0.18,39,0.01
43,9000,159639,17.74,72306,8.03,7368648,818.74,2752649,305.85,0,0.00,17,0.00
44,7611,131375,17.26,54589,7.17,6914366,908.47,2765566,363.36,0,0.00,16,0.00
45,12258,457281,37.30,300164,24.49,30488731,2487.25,7411566,604.63,0,0.00,18,0.00
46,8615,234481,27.22,127863,14.84,12895830,1496.90,4717880,547.64,0,0.00,54,0.01
47,16366,1048445,64.06,949647,58.03,74840148,4572.90,35057795,2142.11,960034,58.66,453,0.03
48,8285,316262,38.17,197115,23.79,18238311,2201.37,5415493,653.65,0,0.00,31,0.00
49,6782,185946,27.42,89465,13.19,10530110,1552.66,3760907,554.54,6177,0.91,55,0.01
50,4593,114581,24.95,51584,11.23,4505848,981.03,2838390,617.98,0,0.00,31,0.01
51,8603,232520,27.03,107357,12.48,14110857,1640.23,4016639,466.89,0,0.00,4,0.00
52,6352,161060,25.36,72330,11.39,8508041,1339.43,4011202,631.49,0,0.00,11,0.00
53,4681,111079,23.73,40907,8.74,4793722,1024.08,3431411,733.05,0,0.00,25,0.01
54,6779,179748,26.52,68762,10.14,10447426,1541.15,3879412,572.27,0,0.00,22,0.00
55,5143,135638,26.37,52788,10.26,6901641,1341.95,3664462,712.51,0,0.00,16,0.00
56,3741,100700,26.92,43983,11.76,4202940,1123.48,3677097,982.92,0,0.00,164,0.04
57,4900,134131,27.37,54596,11.14,6534781,1333.63,3410884,696.10,0,0.00,8,0.00
58,3953,118815,30.06,54334,13.75,5188281,1312.49,4541263,1148.81,0,0.00,7,0.00
59,3356,99916,29.77,36284,10.81,3545103,1056.35,4416082,1315.88,0,0.00,19,0.01
60,3744,105512,28.18,43335,11.57,4935358,1318.20,3981022,1063.31,0,0.00,20,0.01
61,3357,101987,30.38,45407,13.53,4323886,1288.02,4219293,1256.86,0,0.00,142,0.04
62,2949,97781,33.16,40654,13.79,3770168,1278.46,4733493,1605.12,0,0.00,9,0.00
63,5124,139844,27.29,46385,9.05,5843056,1140.33,5135061,1002.16,0,0.00,14,0.00
64,4459,126246,28.31,62141,13.94,5939858,1332.11,6475324,1452.19,0,0.00,20,0.00
65,3265,113092,34.64,40436,12.38,5977230,1830.70,6068260,1858.58,25979,7.96,18,0.01
66,3362,109618,32.60,47975,14.27,4130195,1228.49,5677145,1688.62,121,0.04,5,0.00
67,6827,161264,23.62,62913,9.22,9511667,1393.24,7129348,1044.29,229,0.03,12,0.00
68,3695,106407,28.80,47290,12.80,4953888,1340.70,5926757,1603.99,294,0.08,10,0.00
69,2264,78044,34.47,31538,13.93,2655418,1172.89,4550827,2010.08,116,0.05,19,0.01
70,4971,124481,25.04,65417,13.16,6577031,1323.08,7690666,1547.11,1121,0.23,6,0.00
71,3417,102220,29.92,41097,12.03,6243407,1827.16,8325027,2436.36,54493,15.95,18,0.01
72,3038,100333,33.03,40171,13.22,4922136,1620.19,5128305,1688.05,403,0.13,0,0.00
73,3222,92527,28.72,45052,13.98,4145575,1286.65,5626805,1746.37,467,0.14,43,0.01
74,4319,138469,32.06,51268,11.87,7671150,1776.14,6115213,1415.89,1871,0.43,38,0.01
75,2665,92131,34.57,35219,13.22,4617901,1732.80,4200446,1576.15,360,0.14,53,0.02
76,2404,83863,34.88,52535,21.85,3267642,1359.25,6556574,2727.36,353,0.15,54,0.02
77,3119,111616,35.79,39151,12.55,5376635,1723.83,5205295,1668.90,903,0.29,78,0.03
78,1811,65922,36.40,31316,17.29,3025148,1670.43,3887272,2146.48,705,0.39,63,0.03
79,1491,58708,39.37,30431,20.41,2201012,1476.20,4023996,2698.86,594,0.40,86,0.06
80,1883,69698,37.01,33306,17.69,3388557,1799.55,4458675,2367.86,239,0.13,97,0.05
81,1160,43776,37.74,19380,16.71,1985638,1711.76,2262442,1950.38,471,0.41,115,0.10
82,2206,74866,33.94,43527,19.73,3093060,1402.11,5540648,2511.63,14849,6.73,64,0.03
83,1528,56385,36.90,22418,14.67,2004500,1311.85,3903314,2554.52,3059,2.00,102,0.07
84,800,30356,37.95,17013,21.27,1034152,1292.69,2566035,3207.54,553,0.69,144,0.18
85,1181,40179,34.02,24597,20.83,2526491,2139.28,2786368,2359.33,4637,3.93,144,0.12
86,1012,47834,47.27,18739,18.52,1832994,1811.26,2690426,2658.52,990,0.98,74,0.07
87,672,26141,38.90,13232,19.69,2231711,3321.00,1420131,2113.29,1087,1.62,145,0.22
88,1099,43978,40.02,30743,27.97,3310892,3012.64,3877651,3528.34,1792,1.63,114,0.10
89,1068,46704,43.73,17545,16.43,2132287,1996.52,3177091,2974.80,1038,0.97,132,0.12
90,2212,31274,14.14,295307,133.50,5808579,2625.94,1270126,574.20,1173,0.53,8819,3.99
91,2429,67742,27.89,139225,57.32,5645628,2324.26,3460917,1424.83,28993,11.94,3295,1.36
92,1144,41250,36.06,25521,22.31,2541263,2221.38,2119108,1852.37,7393,6.46,457,0.40
93,1647,24858,15.09,218847,132.88,4133417,2509.66,874800,531.15,1352,0.82,6444,3.91
94,1620,56229,34.71,109445,67.56,2962778,1828.88,4342518,2680.57,11331,6.99,2199,1.36
95,2431,119468,49.14,42231,17.37,5742849,2362.34,4023321,1655.01,3334,1.37,423,0.17
96,1200,49757,41.46,73294,61.08,3145533,2621.28,1503842,1253.20,1070,0.89,1784,1.49
97,2705,112264,41.50,56337,20.83,7721349,2854.47,4540225,1678.46,4017,1.49,740,0.27
98,4456,152105,34.13,47149,10.58,10101386,2266.92,5204492,1167.97,2470,0.55,302,0.07
99,1776,63776,35.91,33579,18.91,3998522,2251.42,3062713,1724.50,1652,0.93,561,0.32
100,2653,110164,41.52,53945,20.33,6175032,2327.57,6835845,2576.65,16015,6.04,300,0.11
101,3493,122570,35.09,38136,10.92,7068798,2023.70,6057585,1734.21,5008,1.43,164,0.05
102,1326,49845,37.59,18877,14.24,2741720,2067.66,2475113,1866.60,1913,1.44,184,0.14
103,1550,65693,42.38,33267,21.46,3637270,2346.63,3943486,2544.18,4440,2.86,225,0.15
104,1397,52250,37.40,22795,16.32,2858461,2046.14,3437309,2460.49,2481,1.78,202,0.14
105,799,33232,41.59,15436,19.32,2093829,2620.56,1650004,2065.09,2383,2.98,323,0.40
106,1098,49891,45.44,36295,33.06,2310813,2104.57,5542724,5048.02,3631,3.31,584,0.53
107,995,47106,47.34,19762,19.86,1534708,1542.42,4616892,4640.09,2878,2.89,343,0.34
108,611,24495,40.09,10797,17.67,1464766,2397.33,1392301,2278.73,3405,5.57,447,0.73
109,1279,49785,38.92,31708,24.79,2942087,2300.30,3994339,3123.02,4273,3.34,784,0.61
110,874,37983,43.46,18781,21.49,1751855,2004.41,2891085,3307.88,3685,4.22,595,0.68
111,611,27119,44.38,15933,26.08,1795563,2938.73,1313144,2149.17,3691,6.04,750,1.23
112,23448,520522,22.20,149928,6.39,53986862,2302.41,30054588,1281.75,49701,2.12,637,0.03
113,7447,193102,25.93,57405,7.71,16609487,2230.36,11484526,1542.17,15984,2.15,479,0.06
114,1377,41090,29.84,19334,14.04,3192874,2318.72,2343821,1702.12,6443,4.68,828,0.60
115,14033,331400,23.62,105711,7.53,32848330,2340.79,17546693,1250.39,28623,2.04,499,0.04
116,5311,154724,29.13,48467,9.13,12532451,2359.72,8186095,1541.35,10940,2.06,436,0.08
117,1323,42977,32.48,19789,14.96,3323185,2511.86,2066984,1562.35,4647,3.51,480,0.36
118,6970,217737,31.24,81653,11.71,18011836,2584.19,12874267,1847.10,12807,1.84,213,0.03
119,3070,114210,37.20,41530,13.53,7351141,2394.51,7782842,2535.13,11469,3.74,867,0.28
120,2785,128605,46.18,28391,10.19,9845513,3535.19,3744592,1344.56,9106,3.27,375,0.13
121,2990,114015,38.13,52768,17.65,8581986,2870.23,6333351,2118.18,12129,4.06,1509,0.50
122,1238,49441,39.94,24586,19.86,3026801,2444.91,3968536,3205.60,7578,6.12,1131,0.91
123,2050,66173,32.28,21847,10.66,5676420,2768.99,2166530,1056.84,11560,5.64,4327,2.11
124,1636,60885,37.22,54138,33.09,4250934,2598.37,7842384,4793.63,14420,8.81,3082,1.88
125,1005,50223,49.97,26234,26.10,2141662,2131.01,5673025,5644.80,8086,8.05,1361,1.35
126,1077,33037,30.68,18695,17.36,2685850,2493.83,2201746,2044.33,9147,8.49,3336,3.10
127,1331,54841,41.20,43721,32.85,3563972,2677.66,6083484,4570.61,9012,6.77,1659,1.25
128,787,39459,50.14,17728,22.53,1921745,2441.86,3653046,4641.74,4556,5.79,614,0.78
129,551,20556,37.31,14929,27.09,1567909,2845.57,1410979,2560.76,5950,10.80,1362,2.47
130,1119,53093,47.45,46091,41.19,2973664,2657.43,7949105,7103.76,8754,7.82,1309,1.17
131,1248,67144,53.80,31403,25.16,2991065,2396.69,6928072,5551.34,7743,6.20,1006,0.81
132,423,20214,47.79,15857,37.49,1695903,4009.23,1665021,3936.22,5046,11.93,819,1.94
133,678,27208,40.13,34487,50.87,2266356,3342.71,4304234,6348.43,11037,16.28,1346,1.99
134,651,32339,49.68,19707,30.27,1599202,2456.53,3603212,5534.89,5822,8.94,948,1.46
135,318,13146,41.34,14316,45.02,1242815,3908.22,1098731,3455.13,4023,12.65,610,1.92
136,1316,66830,50.78,53071,40.33,3790306,2880.17,9541960,7250.73,5905,4.49,895,0.68
137,1118,61078,54.63,25987,23.24,2387191,2135.23,7324500,6551.43,4875,4.36,778,0.70
138,559,21656,38.74,13345,23.87,1811607,3240.80,1967588,3519.84,2105,3.77,1100,1.97
139,1058,51625,48.79,35117,33.19,2965221,2802.67,6480904,6125.62,5749,5.43,972,0.92
140,835,40547,48.56,22468,26.91,2269747,2718.26,4311491,5163.46,9584,11.48,1122,1.34
141,10048,649369,64.63,522417,51.99,13137857,1307.51,3439391,342.30,17846,1.78,3753,0.37
142,1228,60814,49.52,44111,35.92,3323842,2706.71,9449039,7694.66,15351,12.50,1648,1.34
143,2542,142031,55.87,37042,14.57,9802328,3856.15,9006746,3543.17,14463,5.69,1304,0.51
144,1620,68459,42.26,30516,18.84,5708459,3523.74,4451083,2747.58,22649,13.98,3004,1.85
145,1205,55402,45.98,39864,33.08,3218677,2671.10,7173224,5952.88,12277,10.19,1553,1.29
146,1472,80180,54.47,31300,21.26,5125508,3482.00,6198278,4210.79,13640,9.27,1319,0.90
147,960,35430,36.91,21800,22.71,2889538,3009.94,3032858,3159.23,15509,16.16,2426,2.53
148,1470,55882,38.01,44758,30.45,2774811,1887.63,10309199,7013.06,7502,5.10,3096,2.11
149,1245,67410,54.14,26165,21.02,3068758,2464.87,8446967,6784.71,9931,7.98,1774,1.42
150,600,27031,45.05,14473,24.12,1678823,2798.04,2709484,4515.81,7868,13.11,1382,2.30
151,1174,38439,32.74,35364,30.12,2922860,2489.66,6330588,5392.32,16103,13.72,3679,3.13
152,798,36786,46.10,19181,24.04,2180288,2732.19,4618397,5787.46,9642,12.08,2012,2.52
153,1008,18975,18.82,27269,27.05,4154777,4121.80,1517857,1505.81,32860,32.60,5521,5.48
154,1884,67282,35.71,65999,35.03,5478271,2907.79,11844892,6287.10,41741,22.16,5416,2.87
155,1219,62469,51.25,30046,24.65,3252804,2668.42,8956601,7347.50,20193,16.57,2172,1.78
156,948,36307,38.30,24900,26.27,3690607,3893.05,3237578,3415.17,24500,25.84,3585,3.78
157,1313,49515,37.71,46186,35.18,4397840,3349.46,7186223,5473.13,30838,23.49,3657,2.79
158,894,38143,42.67,20351,22.76,2512161,2810.02,5024062,5619.76,14756,16.51,2111,2.36
159,962,29148,30.30,76243,79.25,3206175,3332.82,2952931,3069.57,15496,16.11,3986,4.14
160,1116,51701,46.33,65312,58.52,3361960,3012.51,11588771,10384.20,17596,15.77,2637,2.36
161,1428,59862,41.92,40461,28.33,3590795,2514.56,9127574,6391.86,52269,36.60,4240,2.97
162,738,27343,37.05,47585,64.48,2145417,2907.07,3278684,4442.66,13566,18.38,2663,3.61
163,1100,55853,50.78,47731,43.39,3080147,2800.13,8056928,7324.48,9664,8.79,1307,1.19
164,971,52370,53.93,33293,34.29,2527451,2602.94,8247773,8494.10,16734,17.23,1653,1.70
165,494,22330,45.20,24507,49.61,1735793,3513.75,2624007,5311.76,6415,12.99,1197,2.42
166,2780,178874,64.34,70494,25.36,12761366,4590.42,15951925,5738.10,13568,4.88,742,0.27
167,1363,87796,64.41,30169,22.13,4470677,3280.03,11275805,8272.78,11150,8.18,1024,0.75
168,620,25797,41.61,16854,27.18,1982446,3197.49,3124104,5038.88,4648,7.50,1483,2.39
169,1550,77617,50.08,43245,27.90,6682203,4311.10,8184397,5280.26,8511,5.49,2423,1.56
170,882,47624,54.00,22287,25.27,3075249,3486.68,6444694,7306.91,7664,8.69,1521,1.72
171,436,16553,37.97,12643,29.00,1932341,4431.97,1789563,4104.50,7520,17.25,1414,3.24
172,1415,77684,54.90,56615,40.01,4583645,3239.33,14182102,10022.69,9341,6.60,1692,1.20
173,1163,61781,53.12,35134,30.21,2940079,2528.01,10384727,8929.26,8962,7.71,2454,2.11
174,564,27557,48.86,17056,30.24,2318277,4110.42,2890625,5125.22,9337,16.55,1484,2.63
175,967,53558,55.39,38067,39.37,3450466,3568.22,8973128,9279.35,7439,7.69,1161,1.20
176,778,41479,53.31,21644,27.82,2628426,3378.44,6336596,8144.72,6159,7.92,1529,1.97
177,609,19196,31.52,15914,26.13,2169774,3562.85,1898563,3117.51,6619,10.87,2027,3.33
178,873,52471,60.10,48685,55.77,3063076,3508.68,13165936,15081.26,7190,8.24,1338,1.53
179,961,62723,65.27,24649,25.65,2239482,2330.37,11523568,11991.23,14207,14.78,1455,1.51
180,646,20612,31.91,17993,27.85,2326131,3600.82,3252928,5035.49,6626,10.26,2584,4.00
181,1083,56278,51.96,43859,40.50,3508936,3240.01,9613532,8876.76,9733,8.99,1832,1.69
182,1086,47701,43.92,26351,24.26,2762991,2544.19,8145397,7500.37,8600,7.92,3472,3.20
183,765,15368,20.09,23048,30.13,2491481,3256.84,2113077,2762.19,7402,9.68,4023,5.26
184,1338,77191,57.69,67440,50.40,4417847,3301.83,17643818,13186.71,14890,11.13,2416,1.81
185,1479,71438,48.30,32676,22.09,3744237,2531.60,12474132,8434.17,10031,6.78,4376,2.96
186,1001,24624,24.60,24280,24.26,2940732,2937.79,3388291,3384.91,8510,8.50,4593,4.59
187,958,44853,46.82,46714,48.76,3503667,3657.27,10575227,11038.86,10436,10.89,2801,2.92
188,1095,66512,60.74,37049,33.83,2949893,2693.97,7582977,6925.09,7868,7.19,3202,2.92
189,2512,156099,62.14,37986,15.12,14246055,5671.20,7424164,2955.48,14545,5.79,3254,1.30
190,2178,125111,57.44,83055,38.13,8253708,3789.58,20993689,9638.98,26130,12.00,3645,1.67
191,1182,72918,61.69,30438,25.75,3296369,2788.81,12879029,10895.96,17257,14.60,2248,1.90
192,1482,81317,54.87,27143,18.32,6934929,4679.44,5983919,4037.73,10937,7.38,3301,2.23
193,1549,96627,62.38,62317,40.23,5901640,3809.97,16192221,10453.34,15129,9.77,2940,1.90
194,1232,65303,53.01,45201,36.69,4671546,3791.84,10312266,8370.35,11342,9.21,3425,2.78
195,1089,35227,32.35,30494,28.00,4803920,4411.31,3396249,3118.69,11195,10.28,4376,4.02
196,1354,77984,57.60,78414,57.91,5369198,3965.43,19334441,14279.50,12816,9.47,3764,2.78
197,1237,70244,56.79,46569,37.65,4197905,3393.62,13102998,10592.56,16112,13.03,3460,2.80
198,772,27218,35.26,27714,35.90,3360594,4353.10,4217134,5462.61,11544,14.95,3180,4.12
199,1420,78102,55.00,66038,46.51,5269684,3711.05,15302528,10776.43,10396,7.32,3190,2.25
200,1159,49755,42.93,42045,36.28,3980586,3434.50,8646116,7459.98,38181,32.94,3920,3.38
201,587,18157,30.93,23385,39.84,2384789,4062.67,2811822,4790.16,13341,22.73,2626,4.47
202,1142,69935,61.24,65990,57.78,3979393,3484.58,18406464,16117.74,16650,14.58,2256,1.98
203,1354,75779,55.97,41723,30.81,4750254,3508.31,13907610,10271.50,27598,20.38,3752,2.77
204,1179,38928,33.02,48466,41.11,5145753,4364.51,7406113,6281.69,16855,14.30,4907,4.16
205,903,46316,51.29,51883,57.46,3748252,4150.89,11739485,13000.54,13584,15.04,2634,2.92
206,1063,48931,46.03,37128,34.93,3987103,3750.80,9290517,8739.90,12517,11.78,3828,3.60
207,897,23726,26.45,38445,42.86,4216347,4700.50,4268710,4758.87,8251,9.20,4223,4.71
208,1301,86637,66.59,74860,57.54,5013425,3853.52,21337638,16400.95,20686,15.90,2035,1.56
209,1066,67164,63.01,35674,33.47,3557812,3337.53,13564199,12724.39,13264,12.44,2483,2.33
210,738,24502,33.20,26083,35.34,2818733,3819.42,4064141,5506.97,20792,28.17,2733,3.70
211,844,51352,60.84,43460,51.49,3222189,3817.76,11583123,13724.08,13721,16.26,1563,1.85
212,2168,167960,77.47,41013,18.92,14402164,6643.06,12453998,5744.46,29154,13.45,1609,0.74
213,1081,52812,48.85,27364,25.31,6671133,6171.26,3638617,3365.97,20446,18.91,2865,2.65
214,867,64018,73.84,55447,63.95,3772332,4351.02,17939189,20691.11,16544,19.08,1200,1.38
215,1446,115210,79.67,32855,22.72,7305062,5051.91,14817299,10247.09,23762,16.43,1580,1.09
216,657,33076,50.34,15834,24.10,3949722,6011.75,3365685,5122.81,13557,20.63,1809,2.75
217,1125,79036,70.25,46285,41.14,4595767,4085.13,13681911,12161.70,9522,8.46,916,0.81
218,820,56996,69.51,23678,28.88,3629910,4426.72,7966019,9714.66,13498,16.46,1296,1.58
219,586,28575,48.76,16740,28.57,2936235,5010.64,3905454,6664.60,9794,16.71,2421,4.13
220,1161,85269,73.44,61469,52.94,4752750,4093.67,20064605,17282.17,18060,15.56,1559,1.34
221,798,63296,79.32,23080,28.92,2875750,3603.70,12511470,15678.53,13808,17.30,1017,1.27
222,856,28386,33.16,25951,30.32,4356923,5089.86,4584360,5355.56,13906,16.25,3766,4.40
223,819,45674,55.77,34986,42.72,3936230,4806.14,8658080,10571.53,14130,17.25,2135,2.61
224,544,39423,72.47,24756,45.51,2520929,4634.06,8988666,16523.28,6616,12.16,888,1.63
225,824,20307,24.64,35092,42.59,4324605,5248.31,3676280,4461.50,10772,13.07,4333,5.26
226,1502,82808,55.13,78853,52.50,6392286,4255.85,19730878,13136.40,16005,10.66,4457,2.97
227,853,60020,70.36,32688,38.32,3278405,3843.38,12973336,15209.07,8184,9.59,1963,2.30
228,901,18400,20.42,41768,46.36,3762591,4176.02,2875384,3191.33,7590,8.42,5599,6.21
229,1204,41542,34.50,52828,43.88,5124332,4256.09,6786485,5636.62,10551,8.76,5486,4.56
230,657,28087,42.75,28075,42.73,2935190,4467.56,5026989,7651.43,7005,10.66,2765,4.21
231,852,16075,18.87,34119,40.05,4699220,5515.52,1375267,1614.16,8268,9.70,4734,5.56
232,994,51361,51.67,54977,55.31,4947202,4977.06,14155002,14240.44,8327,8.38,3513,3.53
233,616,34603,56.17,21602,35.07,3067054,4978.98,6999698,11363.15,5431,8.82,1997,3.24
234,531,13016,24.51,19797,37.28,3742476,7047.98,1758324,3311.34,6609,12.45,2574,4.85
235,2740,237931,86.84,128959,47.07,13034691,4757.19,11920698,4350.62,12833,4.68,1791,0.65
236,662,39425,59.55,23166,34.99,4421771,6679.41,3507257,5297.97,6793,10.26,1635,2.47
237,337,8957,26.58,13281,39.41,2429504,7209.21,704467,2090.41,3963,11.76,1635,4.85
238,991,78439,79.15,37496,37.84,5984855,6039.21,11587895,11693.13,6586,6.65,966,0.97
239,667,50916,76.34,19077,28.60,3491427,5234.52,8760175,13133.70,6703,10.05,1202,1.80
240,447,12537,28.05,15289,34.20,3371156,7541.74,2086940,4668.77,8804,19.70,1834,4.10
241,524,35495,67.74,19081,36.41,3745879,7148.62,4789818,9140.87,6153,11.74,849,1.62
242,430,33764,78.52,9023,20.98,3048885,7090.43,4140356,9628.73,7930,18.44,533,1.24
243,389,14704,37.80,13473,34.63,3789491,9741.62,1505745,3870.81,6558,16.86,1318,3.39
244,1182,96363,81.53,55603,47.04,5573207,4715.07,19451307,16456.27,11269,9.53,705,0.60
245,610,49981,81.94,21534,35.30,3104057,5088.62,9416540,15436.95,6334,10.38,563,0.92
246,463,12531,27.06,22899,49.46,3135786,6772.76,1646778,3556.76,5818,12.57,2304,4.98
247,887,56048,63.19,41082,46.32,4484612,5055.93,9679351,10912.46,11578,13.05,1776,2.00
248,521,26904,51.64,23850,45.78,2956510,5674.68,4497787,8632.99,4776,9.17,1633,3.13
249,731,8817,12.06,40393,55.26,5495542,7517.84,1415849,1936.87,10742,14.69,4272,5.84
250,713,40883,57.34,40084,56.22,4543770,6372.75,9227848,12942.28,9551,13.40,2009,2.82
251,508,24206,47.65,23417,46.10,3280174,6457.04,3578681,7044.65,8397,16.53,1879,3.70
252,658,16105,24.48,32932,50.05,5107376,7761.97,1288244,1957.82,12945,19.67,3208,4.88
253,884,61019,69.03,33991,38.45,4811950,5443.38,7525345,8512.83,6465,7.31,1280,1.45
254,520,29435,56.61,21469,41.29,3487571,6706.87,3014951,5797.98,6195,11.91,1328,2.55
255,274,9756,35.61,12549,45.80,2287019,8346.78,666323,2431.84,4293,15.67,1155,4.22
256,620,39499,63.71,24379,39.32,3382968,5456.40,5699131,9192.15,3697,5.96,1129,1.82
257,334,14541,43.54,14807,44.33,2559168,7662.18,1517643,4543.84,4236,12.68,1124,3.37
258,919,61816,67.26,23944,26.05,8467100,9213.38,2845849,3096.68,14256,15.51,1747,1.90
259,614,41005,66.78,19578,31.89,4533934,7384.26,4914458,8004.00,7294,11.88,1460,2.38
260,387,23540,60.83,12787,33.04,2918059,7540.20,2296387,5933.82,6495,16.78,1034,2.67
261,735,48890,66.52,21743,29.58,7377420,10037.31,2585087,3517.13,10973,14.93,1411,1.92
262,824,64004,77.67,24551,29.79,4969630,6031.10,7035397,8538.10,4676,5.67,965,1.17
263,377,24572,65.18,13302,35.28,2515847,6673.33,2694126,7146.22,4474,11.87,723,1.92
264,408,32014,78.47,20858,51.12,3255583,7979.37,6925727,16974.82,7568,18.55,681,1.67
265,619,43029,69.51,24782,40.04,3634789,5872.03,6271097,10131.01,8905,14.39,1084,1.75
266,308,15066,48.92,13163,42.74,2576492,8365.23,1608646,5222.88,4703,15.27,928,3.01
267,415,12889,31.06,21697,52.28,4053557,9767.61,3698068,8911.01,7887,19.00,1627,3.92
268,354,15591,44.04,17390,49.12,2933685,8287.25,2682777,7578.47,4310,12.18,1257,3.55
269,290,16584,57.19,11538,39.79,2749602,9481.39,1286339,4435.65,6372,21.97,765,2.64
270,455,19630,43.14,19989,43.93,5031789,11058.88,2356638,5179.42,11667,25.64,1436,3.16
271,1124,88580,78.81,38290,34.07,6375063,5671.76,10251759,9120.78,10345,9.20,919,0.82
272,464,32033,69.04,16835,36.28,3508412,7561.23,3248698,7001.50,5653,12.18,716,1.54
273,269,13128,48.80,10864,40.39,2577290,9581.00,1204178,4476.50,7270,27.03,818,3.04
274,696,52419,75.31,23714,34.07,4148925,5961.10,5928977,8518.65,9001,12.93,724,1.04
275,319,21647,67.86,13021,40.82,2690829,8435.20,2406119,7542.69,4939,15.48,509,1.60
276,391,12954,33.13,17935,45.87,4392467,11233.93,1293070,3307.08,11531,29.49,1497,3.83
277,426,22743,53.39,17906,42.03,3257177,7645.96,2605498,6116.19,6831,16.04,1187,2.79
278,248,10296,41.52,11837,47.73,2231883,8999.53,1104693,4454.41,4107,16.56,921,3.71
279,467,27133,58.10,16408,35.13,4879626,10448.88,4202592,8999.13,11146,23.87,1272,2.72
280,873,63437,72.67,30825,35.31,5279083,6047.06,7444990,8528.05,8855,10.14,1607,1.84
281,959,88374,92.15,23954,24.98,8997128,9381.78,5140397,5360.16,21623,22.55,949,0.99
282,504,44660,88.61,17267,34.26,4502882,8934.29,4195855,8325.11,11579,22.97,781,1.55
283,572,40118,70.14,20387,35.64,3950219,6905.98,4542563,7941.54,8294,14.50,1097,1.92
284,594,55035,92.65,24571,41.37,5354630,9014.53,8042127,13538.93,11524,19.40,638,1.07
285,452,21681,47.97,22593,49.98,5234753,11581.31,4171572,9229.14,11385,25.19,1421,3.14
286,360,18906,52.52,17226,47.85,3293456,9148.49,2406005,6683.35,8642,24.01,1167,3.24
287,357,26911,75.38,20108,56.32,3241051,9078.57,5909789,16554.03,8889,24.90,878,2.46
288,427,20968,49.11,20083,47.03,5556790,13013.56,2123441,4972.93,10108,23.67,1287,3.01
289,769,60692,78.92,28099,36.54,5355115,6963.74,6920031,8998.74,7936,10.32,1051,1.37
290,470,33636,71.57,20320,43.23,3888519,8273.44,4617594,9824.67,9925,21.12,949,2.02
291,269,14541,54.06,11712,43.54,2891707,10749.84,1364265,5071.62,7821,29.07,769,2.86
292,566,41318,73.00,21458,37.91,4128380,7293.96,4752134,8396.00,8533,15.08,993,1.75
293,320,22214,69.42,13823,43.20,3000783,9377.45,2434687,7608.40,7351,22.97,659,2.06
294,439,7933,18.07,19398,44.19,5215731,11880.94,1173494,2673.11,9816,22.36,1595,3.63
295,292,14733,50.46,13593,46.55,3376728,11564.14,1695925,5807.96,6421,21.99,817,2.80
296,176,10245,58.21,8552,48.59,1933830,10987.67,938202,5330.69,4831,27.45,545,3.10
297,255,5349,20.98,14659,57.49,3872796,15187.44,841937,3301.71,9383,36.80,1063,4.17
298,1203,109128,90.71,42627,35.43,7882091,6552.03,12556617,10437.75,38451,31.96,544,0.45
299,592,54130,91.44,19890,33.60,4472113,7554.24,7410167,12517.17,19683,33.25,542,0.92
300,238,16033,67.37,8966,37.67,2606244,10950.61,2229886,9369.27,5995,25.19,502,2.11
301,751,64900,86.42,26738,35.60,5283687,7035.54,7175285,9554.31,28013,37.30,589,0.78
302,447,39129,87.54,15962,35.71,3985243,8915.53,5141286,11501.76,17679,39.55,495,1.11
303,370,11952,32.30,18166,49.10,5342079,14438.05,2126181,5746.44,8765,23.69,1383,3.74
304,1048,109165,104.17,37979,36.24,10250969,9781.46,12989364,12394.43,26935,25.70,651,0.62
305,418,37560,89.86,16785,40.16,4156384,9943.50,4999770,11961.17,11377,27.22,554,1.33
306,289,9171,31.73,15843,54.82,4348518,15046.78,1262655,4369.05,11827,40.92,1094,3.79
307,1037,105616,101.85,38622,37.24,8653381,8344.63,13546687,13063.34,16314,15.73,510,0.49
308,488,47266,96.86,19497,39.95,4629088,9485.84,5792437,11869.75,11625,23.82,398,0.82
309,303,21329,70.39,14434,47.64,3959000,13066.01,2203456,7272.13,8453,27.90,650,2.15
310,768,199685,260.01,72781,94.77,5439104,7082.17,6988502,9099.61,12294,16.01,643,0.84
311,359,66403,184.97,28127,78.35,3597917,10022.05,2604660,7255.32,8704,24.25,527,1.47
312,359,17151,47.77,21271,59.25,4914492,13689.39,1389518,3870.52,14848,41.36,1354,3.77
313,405,104655,258.41,42329,104.52,3552621,8771.90,2571605,6349.64,7960,19.65,654,1.61
314,209,37298,178.46,17824,85.28,2195344,10504.04,1130961,5411.30,6103,29.20,477,2.28
315,275,10108,36.76,18382,66.84,4639128,16869.56,935434,3401.58,10973,39.90,1147,4.17
316,598,76925,128.64,33146,55.43,4534147,7582.19,6857461,11467.33,8173,13.67,533,0.89
317,345,34402,99.72,16195,46.94,3776471,10946.29,2847068,8252.37,8519,24.69,457,1.32
318,241,16479,68.38,10436,43.30,3372120,13992.20,1354798,5621.57,9181,38.10,540,2.24
319,507,47507,93.70,17717,34.94,4131322,8148.56,7612842,15015.47,16361,32.27,578,1.14
320,349,31868,91.31,16397,46.98,4001366,11465.23,4297566,12313.94,9124,26.14,517,1.48
321,404,17683,43.77,21235,52.56,5924471,14664.53,2018404,4996.05,16091,39.83,1401,3.47
322,348,27491,79.00,15142,43.51,3807488,10941.06,5007085,14388.18,10433,29.98,724,2.08
323,173,11258,65.08,7729,44.68,2210949,12780.05,1675288,9683.75,5999,34.68,441,2.55
324,333,14905,44.76,27991,84.06,5193190,15595.17,6850191,20571.14,15437,46.36,1166,3.50
325,893,88407,99.00,39120,43.81,6171787,6911.30,14760917,16529.58,14199,15.90,461,0.52
326,441,41118,93.24,19424,44.05,4501981,10208.57,5523203,12524.27,9176,20.81,438,0.99
327,929,107390,115.60,32246,34.71,11195400,12051.02,10981210,11820.46,25856,27.83,600,0.65
328,763,78949,103.47,27782,36.41,6639855,8702.30,9489953,12437.68,14197,18.61,450,0.59
329,618,96935,156.85,41804,67.64,4625545,7484.70,4180257,6764.17,9392,15.20,472,0.76
330,696,55763,80.12,28913,41.54,9644198,13856.61,5382327,7733.23,22105,31.76,1356,1.95
331,423,34118,80.66,19947,47.16,5230541,12365.35,3889305,9194.57,12047,28.48,745,1.76
332,198,12897,65.14,9926,50.13,2807538,14179.48,1440295,7274.22,6728,33.98,483,2.44
333,355,17027,47.96,20470,57.66,6153171,17332.88,1899307,5350.16,13677,38.53,1145,3.23
334,440,38299,87.04,19952,45.35,4159309,9452.98,5483604,12462.74,9343,21.23,522,1.19
335,204,12963,63.54,11639,57.05,2972256,14569.88,1844941,9043.83,5376,26.35,495,2.43
336,252,17052,67.67,11890,47.18,3830880,15201.90,1363912,5412.35,15866,62.96,589,2.34
337,383,33529,87.54,14357,37.49,4203824,10976.04,3437184,8974.37,16204,42.31,543,1.42
338,191,12242,64.09,10266,53.75,3116402,16316.24,1242487,6505.17,5992,31.37,504,2.64
339,425,21777,51.24,21105,49.66,6337426,14911.59,4827208,11358.14,18509,43.55,1378,3.24
340,263,20484,77.89,11776,44.78,3717798,14136.11,3397933,12919.90,9328,35.47,557,2.12
341,132,6447,48.84,7351,55.69,2187766,16573.98,900449,6821.58,8070,61.14,421,3.19
342,361,21042,58.29,20603,57.07,5887729,16309.50,5035162,13947.82,12302,34.08,1140,3.16
343,412,38022,92.29,19030,46.19,3955384,9600.45,6183361,15008.16,6874,16.68,506,1.23
344,222,21012,94.65,22301,100.45,2968578,13371.97,9081001,40905.41,9720,43.78,440,1.98
345,284,21743,76.56,14923,52.55,4295125,15123.68,4144083,14591.84,9299,32.74,652,2.30
346,358,30603,85.48,15490,43.27,4523649,12635.89,4001941,11178.61,10962,30.62,599,1.67
347,278,26142,94.04,22035,79.26,3862851,13895.15,8761084,31514.69,10978,39.49,508,1.83
348,410,18359,44.78,25229,61.53,7790419,19001.02,3507493,8554.86,15327,37.38,1430,3.49
349,256,15418,60.23,13881,54.22,4386337,17134.13,1898232,7414.97,10812,42.23,709,2.77
350,788,96323,122.24,23709,30.09,10410395,13211.16,7018675,8906.95,28535,36.21,525,0.67
351,428,27118,63.36,23825,55.67,8021919,18742.80,3123134,7297.04,17920,41.87,1206,2.82
352,612,61302,100.17,27654,45.19,5660582,9249.32,9267278,15142.61,9155,14.96,480,0.78
353,542,60507,111.64,21846,40.31,6834359,12609.52,6076821,11211.85,16727,30.86,453,0.84
354,236,18350,77.75,11603,49.17,3824085,16203.75,1538732,6520.05,8332,35.31,533,2.26
355,528,50966,96.53,22666,42.93,5434656,10292.91,6767720,12817.65,15203,28.79,570,1.08
356,392,39288,100.22,16903,43.12,5669209,14462.27,3539364,9028.99,17212,43.91,488,1.24
357,396,17152,43.31,23414,59.13,7006027,17691.99,2151797,5433.83,25611,64.67,1341,3.39
358,295,19692,66.75,16232,55.02,4792589,16246.06,2458267,8333.11,15171,51.43,716,2.43
359,327,33767,103.26,11869,36.30,4002807,12241.00,6624076,20257.11,15701,48.02,515,1.57
360,294,11770,40.03,20101,68.37,6043423,20555.86,2942381,10008.10,16591,56.43,1104,3.76
361,370,34709,93.81,18737,50.64,4306852,11640.14,5280788,14272.40,8729,23.59,498,1.35
362,239,21795,91.19,11705,48.97,3251294,13603.74,4685577,19604.92,10206,42.70,484,2.03
363,152,7261,47.77,10251,67.44,3107021,20440.93,1765101,11612.51,6346,41.75,545,3.59
364,433,46572,107.56,30344,70.08,5117970,11819.79,13529661,31246.33,16528,38.17,589,1.36
365,290,29014,100.05,19619,67.65,4373101,15079.66,7322983,25251.67,10120,34.90,514,1.77
366,389,16104,41.40,23993,61.68,7355264,18908.13,2810844,7225.82,19293,49.60,1378,3.54
367,290,23716,81.78,21540,74.28,4747523,16370.77,6776142,23366.01,11259,38.82,658,2.27
368,236,19645,83.24,15331,64.96,3885332,16463.27,3945202,16716.96,12108,51.31,512,2.17
369,256,7909,30.89,19752,77.16,5720799,22346.87,1765305,6895.72,15161,59.22,1025,4.00
370,271,21333,78.72,18021,66.50,4147216,15303.38,4951100,18269.74,7250,26.75,567,2.09
371,152,10650,70.07,9397,61.82,2921776,19222.21,1209566,7957.67,7821,51.45,392,2.58
372,152,4304,28.32,11704,77.00,3532506,23240.17,778077,5118.93,9428,62.03,621,4.09
373,735,92473,125.81,22041,29.99,10517390,14309.37,6425344,8741.96,18764,25.53,550,0.75
374,333,33878,101.74,15902,47.75,5794082,17399.65,2608678,7833.87,12568,37.74,536,1.61
375,459,27274,59.42,26930,58.67,8828709,19234.66,3559976,7755.94,22129,48.21,1339,2.92
376,564,64075,113.61,27298,48.40,8932371,15837.54,4089177,7250.31,23128,41.01,915,1.62
377,235,22728,96.71,10315,43.89,4234776,18020.32,1774832,7552.48,7753,32.99,413,1.76
378,323,18317,56.71,21431,66.35,7178794,22225.37,1966883,6089.42,15742,48.74,1034,3.20
379,691,82956,120.05,28598,41.39,6961778,10074.93,15093768,21843.37,21924,31.73,516,0.75
380,332,35447,106.77,17634,53.11,4556784,13725.25,6047513,18215.40,13011,39.19,516,1.55
381,187,12175,65.11,12222,65.36,4218807,22560.47,1691520,9045.56,12114,64.78,551,2.95
382,406,39266,96.71,18358,45.22,4753631,11708.45,7696413,18956.68,14509,35.74,611,1.50
383,296,29414,99.37,15280,51.62,4645120,15692.97,4431281,14970.54,9378,31.68,451,1.52
384,495,37214,75.18,42114,85.08,9139819,18464.28,14583077,29460.76,27642,55.84,1362,2.75
385,349,34834,99.81,22801,65.33,5284885,15142.94,8208015,23518.67,10868,31.14,564,1.62
386,274,22891,83.54,16010,58.43,4939087,18025.86,3413518,12458.09,14569,53.17,573,2.09
387,377,25509,67.66,32153,85.29,7746558,20547.90,8800653,23343.91,24114,63.96,1103,2.93
388,190,14325,75.39,14153,74.49,3918191,20622.06,3555159,18711.36,11640,61.26,505,2.66
389,149,7035,47.21,12116,81.32,3477149,23336.57,1497979,10053.55,10174,68.28,510,3.42
390,191,11744,61.49,16440,86.07,4307278,22551.19,3695715,19349.29,10900,57.07,617,3.23
391,133,5727,43.06,11050,83.08,3021762,22720.02,1649205,12400.04,7692,57.83,523,3.93
392,110,3086,28.05,10688,97.16,3300291,30002.65,940475,8549.77,6226,56.60,466,4.24
393,394,15216,38.62,27490,69.77,9273624,23537.12,2642616,6707.15,20464,51.94,1471,3.73
394,266,20482,77.00,14995,56.37,5659159,21275.03,2209900,8307.89,11833,44.48,632,2.38
395,191,14788,77.42,11119,58.21,4021125,21053.01,1489362,7797.71,14142,74.04,507,2.65
396,870,100267,115.25,35460,40.76,15437631,17744.40,7102301,8163.56,41360,47.54,1135,1.30
397,356,40661,114.22,16172,45.43,6469656,18173.19,3750184,10534.22,16030,45.03,466,1.31
398,137,8213,59.95,10311,75.26,3600458,26280.72,1002239,7315.61,7594,55.43,430,3.14
399,519,68827,132.61,17278,33.29,8103103,15612.92,9437629,18184.26,19410,37.40,530,1.02
400,238,21108,88.69,11861,49.84,4308767,18104.06,3409466,14325.49,15796,66.37,560,2.35
401,138,7997,57.95,10937,79.25,3631545,26315.54,1276202,9247.84,8277,59.98,460,3.33
402,517,42136,81.50,28503,55.13,9900746,19150.38,7066048,13667.40,31010,59.98,1306,2.53
403,329,29068,88.35,18029,54.80,6686769,20324.53,4074294,12383.87,21157,64.31,754,2.29
404,276,33918,122.89,24128,87.42,4428651,16045.84,12271496,44461.94,18039,65.36,405,1.47
405,354,28938,81.75,29745,84.03,7812538,22069.32,8655689,24451.10,22065,62.33,930,2.63
406,509,58177,114.30,27664,54.35,6255264,12289.32,10291515,20219.09,12087,23.75,459,0.90
407,270,27142,100.53,23673,87.68,4574004,16940.76,9661882,35784.75,12133,44.94,506,1.87
408,264,20827,78.89,21645,81.99,5591138,21178.55,5825260,22065.38,13773,52.17,673,2.55
409,380,38036,100.09,21596,56.83,5080863,13370.69,6878880,18102.32,10752,28.29,572,1.51
410,221,17109,77.42,18666,84.46,4284781,19388.15,5060392,22897.70,13940,63.08,549,2.48
411,347,8501,24.50,29365,84.63,9121435,26286.56,3084302,8888.48,21648,62.39,1492,4.30
412,332,28347,85.38,21194,63.84,6630152,19970.34,4078238,12283.85,19030,57.32,728,2.19
413,229,20428,89.21,13589,59.34,4572838,19968.72,2701009,11794.80,15140,66.11,474,2.07
414,302,14142,46.83,24301,80.47,8561373,28348.92,2384410,7895.40,16898,55.95,1051,3.48
415,218,18338,84.12,14300,65.60,4909346,22519.94,2290729,10507.93,12033,55.20,535,2.45
416,175,14330,81.89,12433,71.05,4213380,24076.46,1772230,10127.03,10517,60.10,433,2.47
417,158,8003,50.65,12315,77.94,4194962,26550.39,1138094,7203.13,12409,78.54,551,3.49
418,159,7134,44.87,11319,71.19,4108010,25836.54,1207805,7596.26,11054,69.52,589,3.70
419,837,126117,150.68,26896,32.13,13512668,16144.17,15162526,18115.32,44208,52.82,472,0.56
420,470,32410,68.96,30573,65.05,11248171,23932.28,4909248,10445.21,26045,55.41,1410,3.00
421,255,22711,89.06,15491,60.75,5993496,23503.91,2977370,11675.96,16977,66.58,606,2.38
422,535,74789,139.79,19950,37.29,9022335,16864.18,8913445,16660.64,31618,59.10,503,0.94
423,618,71232,115.26,49245,79.68,11435495,18504.04,4499544,7280.82,29786,48.20,1135,1.84
424,687,94293,137.25,49155,71.55,8116349,11814.19,27401554,39885.81,17681,25.74,415,0.60
425,387,50341,130.08,22304,57.63,6801072,17573.83,9237796,23870.27,17928,46.33,380,0.98
426,218,17767,81.50,16016,73.47,5206733,23884.10,3112839,14279.08,14246,65.35,569,2.61
427,495,61791,124.83,35321,71.36,6096740,12316.65,17538405,35431.12,18130,36.63,498,1.01
428,263,25181,95.75,21207,80.63,6045719,22987.52,6101083,23198.03,15133,57.54,540,2.05
429,300,7003,23.34,26634,88.78,9339691,31132.30,2516767,8389.22,25512,85.04,1300,4.33
430,252,21891,86.87,22252,88.30,5616337,22287.05,6542840,25963.65,15675,62.20,595,2.36
431,228,25253,110.76,12825,56.25,4989422,21883.43,3591641,15752.81,10140,44.47,387,1.70
432,331,24488,73.98,25437,76.85,10293241,31097.40,3419860,10331.90,13855,41.86,937,2.83
433,498,62856,126.22,28244,56.71,6669949,13393.47,11561863,23216.59,12013,24.12,368,0.74
434,254,26042,102.53,16358,64.40,5311193,20910.21,4192375,16505.41,7314,28.80,426,1.68
435,175,13321,76.12,12921,73.83,4867412,27813.78,1949772,11141.55,8968,51.25,470,2.69
436,369,39625,107.38,22085,59.85,5782020,15669.43,7338206,19886.74,10978,29.75,520,1.41
437,176,15438,87.72,14538,82.60,4780668,27162.89,2754937,15653.05,4248,24.14,409,2.32
438,358,9867,27.56,30536,85.30,11167504,31194.15,2940684,8214.20,26203,73.19,1452,4.06
439,291,33928,116.59,18202,62.55,6346388,21808.89,9923983,34103.03,11122,38.22,617,2.12
440,255,29731,116.59,12854,50.41,5148691,20190.95,5353938,20995.84,14720,57.73,425,1.67
441,374,30855,82.50,29932,80.03,11344727,30333.49,5257044,14056.27,21716,58.06,941,2.52
442,857,168488,196.60,35729,41.69,13635333,15910.54,13622096,15895.09,48983,57.16,337,0.39
443,511,273977,536.16,91397,178.86,7607676,14887.82,5266783,10306.82,16940,33.15,360,0.70
444,1338,1459989,1091.17,501561,374.86,5342687,3993.04,14997387,11208.81,18807,14.06,352,0.26
445,628,361031,574.89,118014,187.92,6804694,10835.50,11080218,17643.66,22146,35.26,237,0.38
446,325,181717,559.13,65668,202.06,5785168,17800.52,3218154,9902.01,8371,25.76,377,1.16
447,655,465657,710.93,184903,282.29,8564446,13075.49,13745050,20984.81,27280,41.65,1025,1.56
448,311,148953,478.95,58609,188.45,5852410,18818.04,5076095,16321.85,13894,44.68,427,1.37
449,125,66550,532.40,24748,197.98,2234274,17874.19,1112167,8897.34,3755,30.04,176,1.41
450,358,123296,344.40,60413,168.75,9658136,26978.03,6516833,18203.44,14057,39.27,756,2.11
451,281,62411,222.10,25316,90.09,5454895,19412.44,4582340,16307.26,15192,54.06,330,1.17
452,181,31617,174.68,11189,61.82,3067781,16949.07,4226114,23348.70,10645,58.81,95,0.52
453,189,39230,207.57,17924,94.84,4779870,25290.32,2566989,13581.95,6683,35.36,329,1.74
454,187,25011,133.75,8891,47.55,3261707,17442.28,3266128,17465.93,7682,41.08,170,0.91
455,90,12098,134.42,7329,81.43,2771022,30789.13,1311679,14574.21,3173,35.26,155,1.72
456,66,6747,102.23,4781,72.44,1826079,27667.86,911593,13812.02,3106,47.06,167,2.53
457,88,9820,111.59,9173,104.24,3255683,36996.40,1208596,13734.05,2736,31.09,225,2.56
458,35,4066,116.17,3145,89.86,1107493,31642.66,379774,10850.69,0,0.00,65,1.86
459,288,40473,140.53,17692,61.43,7277470,25268.99,9920719,34446.94,14242,49.45,495,1.72
460,533,78909,148.05,27058,50.77,6542159,12274.22,15162255,28447.01,17886,33.56,221,0.41
461,216,34337,158.97,9314,43.12,2689045,12449.28,5086788,23549.94,6767,31.33,40,0.19
462,230,32731,142.31,10779,46.87,4547297,19770.86,7936685,34507.33,13635,59.28,285,1.24
463,397,63522,160.01,21142,53.25,4861961,12246.75,11460145,28866.86,16153,40.69,110,0.28
464,212,38308,180.70,23586,111.25,2399194,11316.95,17629335,83157.24,10778,50.84,56,0.26
465,733,131928,179.98,25753,35.13,11819140,16124.34,16639758,22700.90,34274,46.76,121,0.17
466,325,50880,156.55,15077,46.39,5917623,18208.07,6722976,20686.08,14726,45.31,172,0.53
467,130,24881,191.39,16778,129.06,1704294,13109.95,12816516,98588.58,7892,60.71,40,0.31
468,375,57133,152.35,20673,55.13,8785951,23429.20,7718528,20582.74,16271,43.39,355,0.95
469,235,36690,156.13,11457,48.75,4935893,21003.80,3465140,14745.28,11104,47.25,204,0.87
470,171,32608,190.69,10836,63.37,2306154,13486.28,4661189,27258.42,8593,50.25,11,0.06
471,209,30705,146.91,11256,53.86,4534850,21697.85,4040329,19331.72,10927,52.28,215,1.03
472,147,23555,160.24,6726,45.76,2770306,18845.62,2608874,17747.44,9674,65.81,97,0.66
473,131,24240,185.04,5283,40.33,2088826,15945.24,2403402,18346.58,8572,65.44,35,0.27
474,126,19721,156.52,8760,69.52,2291130,18183.57,3549090,28167.38,8992,71.37,116,0.92
475,53,8248,155.62,2350,44.34,931856,17582.19,842722,15900.42,3237,61.08,62,1.17
476,47,8486,180.55,1543,32.83,708266,15069.49,804765,17122.66,3063,65.17,12,0.26
477,26,3567,137.19,1399,53.81,630640,24255.38,303098,11657.62,2064,79.38,35,1.35
478,99,17725,179.04,3201,32.33,1636421,16529.51,1579046,15949.96,4177,42.19,6,0.06
479,217,43865,202.14,3735,17.21,2293402,10568.67,10673370,49186.04,15699,72.35,7,0.03
480,136,26620,195.74,3119,22.93,1753343,12892.23,4900937,36036.30,10967,80.64,10,0.07
481,114,20461,179.48,3686,32.33,1862725,16339.69,2107161,18483.87,5663,49.68,17,0.15
482,134,28323,211.37,3176,23.70,1500877,11200.57,6305367,47054.98,8859,66.11,0,0.00
483,73,14034,192.25,1880,25.75,967138,13248.47,2767195,37906.78,2471,33.85,10,0.14
484,131,29120,222.29,22088,168.61,1202499,9179.38,18510413,141300.86,9819,74.95,17,0.13
485,133,26541,199.56,11897,89.45,1611669,12117.81,10179819,76539.99,8274,62.21,2,0.02
486,27,5326,197.26,1252,46.37,733991,27184.85,1194191,44229.30,2169,80.33,6,0.22
487,421,72548,172.32,32285,76.69,3376579,8020.38,23492901,55802.62,6664,15.83,35,0.08
488,778,146654,188.50,25531,32.82,12365517,15893.98,15914444,20455.58,44699,57.45,0,0.00
489,282,53091,188.27,8161,28.94,4637899,16446.45,4879043,17301.57,17768,63.01,12,0.04
490,345,60410,175.10,18963,54.97,3658940,10605.62,12531353,36322.76,15008,43.50,1,0.00
491,411,77072,187.52,13859,33.72,6375398,15511.92,8119616,19755.76,24989,60.80,6,0.01
492,203,39923,196.67,6794,33.47,3272302,16119.71,3546671,17471.29,16063,79.13,0,0.00
493,129,22944,177.86,6180,47.91,1455726,11284.70,3643050,28240.70,5974,46.31,1,0.01
494,174,31024,178.30,5876,33.77,2594958,14913.55,3011669,17308.44,10345,59.45,2,0.01
495,71,13800,194.37,2329,32.80,1179162,16607.92,1130800,15926.76,6606,93.04,0,0.00
496,99,18545,187.32,6450,65.15,1398314,14124.38,3402899,34372.72,6052,61.13,0,0.00
497,144,28759,199.72,5516,38.31,2333115,16202.19,2943885,20443.65,8221,57.09,20,0.14
498,129,24269,188.13,3777,29.28,2162195,16761.20,2322755,18005.85,4327,33.54,0,0.00
499,187,39501,211.24,3508,18.76,2016159,10781.60,10806150,57786.90,14536,77.73,1,0.01
500,136,27666,203.43,3123,22.96,1776037,13059.10,5858375,43076.29,10800,79.41,6,0.04
501,96,18198,189.56,3083,32.11,1576552,16422.42,2146409,22358.43,4009,41.76,13,0.14
502,94,20598,219.13,1715,18.24,912508,9707.53,6479613,68932.05,5184,55.15,2,0.02
503,61,14037,230.11,2068,33.90,769609,12616.54,3013479,49401.30,3008,49.31,5,0.08
504,165,30224,183.18,22727,137.74,1403245,8504.52,19845444,120275.42,8704,52.75,13,0.08
505,59,14686,248.92,5823,98.69,520267,8818.08,6846946,116049.93,3275,55.51,6,0.10
506,33,8190,248.18,3270,99.09,345412,10467.03,2347001,71121.24,1665,50.45,11,0.33
507,212,44204,208.51,23007,108.52,2839368,13393.25,18890724,89107.19,22373,105.53,0,0.00
508,144,29337,203.73,7166,49.76,2245559,15594.16,5897756,40956.64,12860,89.31,0,0.00
509,76,14737,193.91,3042,40.03,1223929,16104.33,2274120,29922.63,3839,50.51,0,0.00
510,87,17025,195.69,4135,47.53,1373849,15791.37,3262038,37494.69,8567,98.47,7,0.08
511,681,136627,200.63,19347,28.41,12209829,17929.26,12475789,18319.81,58583,86.02,11,0.02
512,165,33012,200.07,5444,32.99,2919192,17692.07,3310507,20063.68,11278,68.35,14,0.08
513,55,11416,207.56,2731,49.65,894935,16271.55,2109687,38357.95,3066,55.75,6,0.11
514,713,133443,187.16,30792,43.19,9387913,13166.78,19711074,27645.27,35082,49.20,0,0.00
515,192,36979,192.60,8605,44.82,2609964,13593.56,5145432,26799.12,11997,62.48,6,0.03
516,125,24120,192.96,4159,33.27,2119591,16956.73,2683379,21467.03,8397,67.18,5,0.04
517,911,143230,157.22,81247,89.18,8807395,9667.83,11700813,12843.92,17657,19.38,0,0.00
518,267,51680,193.56,13968,52.31,3755666,14066.16,8312251,31132.03,17373,65.07,5,0.02
519,214,47441,221.69,4724,22.07,2379609,11119.67,13479848,62989.94,14455,67.55,4,0.02
520,204,40254,197.32,7669,37.59,2481268,12163.08,8245986,40421.50,11838,58.03,0,0.00
521,89,17076,191.87,3486,39.17,1229810,13818.09,2691851,30245.52,3505,39.38,0,0.00
522,102,20326,199.27,2279,22.34,1116100,10942.16,6011163,58932.97,4197,41.15,5,0.05
523,73,15263,209.08,2544,34.85,906811,12422.07,3280793,44942.37,2550,34.93,8,0.11
524,112,27216,243.00,20889,186.51,1027150,9170.98,20581658,183764.80,6601,58.94,1,0.01
525,63,15430,244.92,7356,116.76,587518,9325.68,9047607,143612.81,3941,62.56,0,0.00
526,114,23224,203.72,5307,46.55,1819367,15959.36,4788941,42008.25,9804,86.00,0,0.00
527,191,41027,214.80,17055,89.29,2767795,14491.07,15188170,79519.21,13122,68.70,0,0.00
528,88,18216,207.00,5664,64.36,1321383,15015.72,4979083,56580.49,11043,125.49,0,0.00
529,149,30347,203.67,10488,70.39,2405992,16147.60,6229329,41807.58,12388,83.14,14,0.09
530,99,21823,220.43,8175,82.58,1425570,14399.70,7536385,76125.10,5777,58.35,0,0.00
531,55,12738,231.60,2717,49.40,908576,16519.56,1925424,35007.71,5811,105.65,0,0.00
532,50,11141,222.82,2586,51.72,825606,16512.12,1838858,36777.16,3379,67.58,0,0.00
533,43,9205,214.07,1836,42.70,715590,16641.63,1406125,32700.58,2660,61.86,6,0.14
534,596,126080,211.54,16159,27.11,11318896,18991.44,10361609,17385.25,43367,72.76,12,0.02
535,280,61190,218.54,9257,33.06,5177437,18490.85,5729035,20460.84,17274,61.69,4,0.01
536,147,29394,199.96,4478,30.46,2678108,18218.42,3038747,20671.75,7632,51.92,6,0.04
537,340,71275,209.63,9994,29.39,6350892,18679.09,6045959,17782.23,27099,79.70,0,0.00
538,176,36081,205.01,5323,30.24,3267610,18565.97,3319444,18860.48,10428,59.25,1,0.01
539,187,43051,230.22,3820,20.43,2120691,11340.59,12611783,67442.69,15646,83.67,0,0.00
540,206,44321,215.15,8914,43.27,3274504,15895.65,8199691,39804.33,19269,93.54,49,0.24
541,919,168006,182.81,53830,58.57,8860819,9641.81,37117991,40389.54,25156,27.37,5,0.01
542,374,75338,201.44,17578,47.00,3539813,9464.74,19324097,51668.71,18466,49.37,30,0.08
543,93,19568,210.41,3703,39.82,1209813,13008.74,3844160,41335.05,4803,51.65,0,0.00
544,633,122962,194.25,51841,81.90,5533030,8740.96,40979682,64738.83,14253,22.52,80,0.13
545,316,64130,202.94,23554,74.54,3544170,11215.73,20550082,65031.91,15153,47.95,21,0.07
546,275,60481,219.93,8616,31.33,2966251,10786.37,6950510,25274.58,12580,45.75,466,1.69
547,291,59920,205.91,24376,83.77,3164585,10874.86,21253942,73037.60,13172,45.26,50,0.17
548,287,66145,230.47,10738,37.41,1844690,6427.49,8830539,30768.43,11676,40.68,750,2.61
549,107,22366,209.03,5060,47.29,1692132,15814.32,3847681,35959.64,11124,103.96,25,0.23
550,242,55757,230.40,6676,27.59,1070631,4424.10,4836162,19984.14,4934,20.39,803,3.32
551,110,24500,222.73,8412,76.47,1756081,15964.37,4872583,44296.21,13966,126.96,35,0.32
552,185,44180,238.81,1816,9.82,590077,3189.61,1306814,7063.86,3446,18.63,756,4.09
553,28,6324,225.86,1378,49.21,381756,13634.14,772343,27583.68,2481,88.61,27,0.96
554,279,64816,232.32,5010,17.96,2021603,7245.89,3116417,11169.95,12534,44.92,843,3.02
555,140,29584,211.31,4640,33.14,2446881,17477.72,3311574,23654.10,7438,53.13,36,0.26
556,238,54587,229.36,3586,15.07,1751634,7359.81,2427927,10201.37,6951,29.21,717,3.01
557,672,146678,218.27,18471,27.49,13037404,19400.90,12364677,18399.82,43687,65.01,60,0.09
558,390,90297,231.53,6976,17.89,4385509,11244.89,4387924,11251.09,19049,48.84,825,2.12
559,161,39327,244.27,2751,17.09,1811126,11249.23,12397107,77000.66,13919,86.45,10,0.06
560,551,128090,232.47,10622,19.28,7070598,12832.30,10423910,18918.17,32025,58.12,856,1.55
561,117,26185,223.80,3249,27.77,2039888,17434.94,2875658,24578.27,9268,79.21,31,0.26
562,305,74474,244.18,6958,22.81,1832348,6007.70,10377429,34024.36,13137,43.07,831,2.72
563,124,29125,234.88,3357,27.07,1997819,16111.44,4426999,35701.60,10390,83.79,30,0.24
564,344,86394,251.15,30842,89.66,3043728,8848.05,24986899,72636.33,25726,74.78,616,1.79
565,249,56197,225.69,13719,55.10,3825986,15365.41,13249318,53210.11,21324,85.64,122,0.49
566,237,54032,227.98,5416,22.85,2443474,10310.02,3331934,14058.79,11651,49.16,536,2.26
567,171,41310,241.58,16116,94.25,2001542,11704.92,14786544,86471.02,19163,112.06,180,1.05
568,578,121419,210.07,28430,49.19,5007746,8663.92,21629331,37420.99,26871,46.49,635,1.10
569,186,39674,213.30,9225,49.60,1606463,8636.90,7011663,37697.11,4294,23.09,235,1.26
570,157,37600,239.49,9685,61.69,1125884,7171.24,7886791,50234.34,7445,47.42,410,2.61
571,291,60839,209.07,15541,53.41,2516182,8646.67,11412367,39217.76,13147,45.18,280,0.96
572,151,33586,222.42,5306,35.14,903368,5982.57,3660574,24242.21,3444,22.81,330,2.19
573,241,54087,224.43,11389,47.26,3084284,12797.86,7394073,30680.80,11676,48.45,349,1.45
574,272,58639,215.58,9963,36.63,3122473,11479.68,7178707,26392.31,6123,22.51,323,1.19
575,207,47027,227.18,5943,28.71,2184302,10552.18,4024664,19442.82,13179,63.67,372,1.80
576,204,47804,234.33,4446,21.79,2053732,10067.31,3227732,15822.22,5529,27.10,497,2.44
577,182,42468,233.34,4686,25.75,1879554,10327.22,3169816,17416.57,2862,15.73,370,2.03
578,195,43247,221.78,3677,18.86,1677663,8603.40,2266897,11625.11,9557,49.01,480,2.46
579,212,56007,264.18,1827,8.62,1151499,5431.60,15032411,70907.60,14959,70.56,365,1.72
580,735,172244,234.35,18938,25.77,13230641,18000.87,16748609,22787.22,48114,65.46,365,0.50
581,249,60186,241.71,5580,22.41,3440975,13819.18,4082394,16395.16,14258,57.26,370,1.49
582,156,41912,268.67,2089,13.39,970909,6223.78,7571987,48538.38,8515,54.58,340,2.18
583,449,105160,234.21,11737,26.14,7696842,17142.19,10011228,22296.72,29467,65.63,305,0.68
584,426,103191,242.23,35855,84.17,5843954,13718.20,32548026,76403.82,33377,78.35,407,0.96
585,202,52358,259.20,13304,65.86,1962447,9715.08,14217463,70383.48,7994,39.57,392,1.94
586,207,48581,234.69,7150,34.54,3404601,16447.35,5862495,28321.23,15136,73.12,162,0.78
587,210,52946,252.12,19117,91.03,2412461,11487.91,18028053,85847.87,14517,69.13,270,1.29
588,98,23652,241.35,6446,65.78,1018778,10395.69,5859410,59789.90,5902,60.22,228,2.33
589,75,17689,235.85,3596,47.95,1147476,15299.68,1719320,22924.27,7111,94.81,74,0.99
590,87,21715,249.60,7738,88.94,1052335,12095.80,6219091,71483.80,4626,53.17,100,1.15
591,31,7941,256.16,1462,47.16,402356,12979.23,1136497,36661.19,3187,102.81,40,1.29
592,113,25776,228.11,3677,32.54,2141715,18953.23,2697640,23872.92,9720,86.02,36,0.32
593,139,30749,221.22,5298,38.12,2637445,18974.42,4378780,31502.01,6804,48.95,37,0.27
594,104,23096,222.08,4036,38.81,1987677,19112.28,2914904,28027.92,5171,49.72,21,0.20
595,482,98061,203.45,31516,65.39,6038730,12528.49,23130933,47989.49,11122,23.07,11,0.02
596,199,41461,208.35,10180,51.16,2929239,14719.79,7889652,39646.49,9228,46.37,11,0.06
597,57,13385,234.82,2809,49.28,960248,16846.46,1719770,30171.40,2776,48.70,13,0.23
598,283,58010,204.98,18069,63.85,3227954,11406.20,13665080,48286.50,6319,22.33,18,0.06
599,179,43452,242.75,6738,37.64,1640976,9167.46,15279839,85362.23,11970,66.87,16,0.09
600,83,21109,254.33,2478,29.86,878989,10590.23,6721044,80976.43,7871,94.83,12,0.14
601,93,20152,216.69,5417,58.25,1002677,10781.47,5321153,57216.70,1747,18.78,0,0.00
602,176,42477,241.35,5424,30.82,2530313,14376.78,11089500,63008.52,17853,101.44,16,0.09
603,723,170952,236.45,21516,29.76,14992224,20736.13,18781302,25976.90,43721,60.47,18,0.02
604,292,72778,249.24,27317,93.55,5015501,17176.37,27844076,95356.42,24396,83.55,20,0.07
605,167,41111,246.17,13049,78.14,2693924,16131.28,14245815,85304.28,16332,97.80,40,0.24
606,462,105639,228.66,20267,43.87,9225170,19967.90,15420371,33377.43,35028,75.82,21,0.05
607,179,46414,259.30,21930,122.51,2968223,16582.25,21914649,122428.21,12369,69.10,5,0.03
608,72,18593,258.24,8936,124.11,1084796,15066.61,9108145,126502.01,5969,82.90,23,0.32
609,127,30651,241.35,5644,44.44,2566716,20210.36,4427905,34865.39,9534,75.07,11,0.09
610,60,15454,257.57,5124,85.40,1063327,17722.12,4293169,71552.82,5421,90.35,16,0.27
611,53,15681,295.87,8527,160.89,585989,11056.40,2309683,43578.92,4320,81.51,6,0.11
612,112,25707,229.53,4132,36.89,2279199,20349.99,3238618,28916.23,13539,120.88,10,0.09
613,111,25582,230.47,4849,43.68,2181861,19656.41,3564655,32114.01,9755,87.88,5,0.05
614,42,13313,316.98,1431,34.07,854343,20341.50,1056727,25160.17,4709,112.12,5,0.12
615,65,14910,229.38,2504,38.52,1302240,20034.46,2037345,31343.77,4845,74.54,32,0.49
616,60,13993,233.22,2476,41.27,1206787,20113.12,1983593,33059.88,4554,75.90,0,0.00
617,79,17849,225.94,7081,89.63,1486298,18813.90,4161713,52679.91,8385,106.14,11,0.14
618,39,9419,241.51,1511,38.74,711154,18234.72,993136,25465.03,4145,106.28,30,0.77
619,262,79151,302.10,1507,5.75,1426424,5444.37,40906170,156130.42,23473,89.59,0,0.00
620,89,26729,300.33,1389,15.61,535269,6014.26,13684914,153763.08,5755,64.66,5,0.06
621,32,8924,278.88,515,16.09,267073,8346.03,3739305,116853.28,1757,54.91,21,0.66
622,572,135886,237.56,25926,45.33,6010766,10508.33,46731959,81699.23,11303,19.76,35,0.06
623,382,147835,387.00,57512,150.55,4859945,12722.37,77104179,201843.40,15106,39.54,16,0.04
624,189,70833,374.78,44336,234.58,2234514,11822.83,52432360,277419.89,12445,65.85,29,0.15
625,343,81992,239.04,27661,80.64,3801254,11082.37,31460834,91722.55,6801,19.83,1,0.00
626,807,233591,289.46,55149,68.34,16020176,19851.52,60725670,75248.66,59518,73.75,7,0.01
627,251,75064,299.06,30819,122.78,4329133,17247.54,33289339,132626.85,18769,74.78,5,0.02
628,229,55794,243.64,23408,102.22,3320412,14499.62,19496434,85137.27,16909,73.84,32,0.14
629,338,91556,270.88,18198,53.84,7099886,21005.58,17663756,52259.63,31850,94.23,0,0.00
630,122,36814,301.75,12674,103.89,2312873,18957.98,13081043,107221.66,11599,95.07,10,0.08
631,123,29183,237.26,10453,84.98,1527395,12417.85,9483828,77104.29,3172,25.79,0,0.00
632,197,49525,251.40,9440,47.92,3850499,19545.68,8207271,41661.27,15509,78.73,15,0.08
633,65,16092,247.57,3345,51.46,1294512,19915.57,2746359,42251.68,9921,152.63,11,0.17
634,94,17983,191.31,5210,55.43,1294255,13768.67,3824747,40688.80,6936,73.79,0,0.00
635,74,17130,231.49,3611,48.80,1305007,17635.23,2657216,35908.32,6061,81.91,0,0.00
636,34,8261,242.97,1561,45.91,593969,17469.68,1177772,34640.35,2802,82.41,10,0.29
637,32,7621,238.16,1913,59.78,580874,18152.31,1167515,36484.84,1105,34.53,11,0.34
638,24,6065,252.71,1958,81.58,346776,14449.00,932456,38852.33,918,38.25,17,0.71
639,144,40308,279.92,7124,49.47,1563083,10854.74,17595344,122189.89,22874,158.85,6,0.04
640,42,12423,295.79,715,17.02,388302,9245.29,5286864,125877.71,6251,148.83,8,0.19
641,23,5569,242.13,938,40.78,416371,18103.09,1061543,46154.04,626,27.22,0,0.00
642,92,26150,284.24,1440,15.65,1008366,10960.50,10583826,115041.59,8925,97.01,0,0.00
643,44,12907,293.34,1467,33.34,557221,12664.11,3913300,88938.64,3883,88.25,24,0.55
644,93,28099,302.14,22430,241.18,1030815,11084.03,24871271,267433.02,10109,108.70,18,0.19
645,82,24440,298.05,13163,160.52,870047,10610.33,17054417,207980.70,8898,108.51,11,0.13
646,25,7462,298.48,3276,131.04,328868,13154.72,3272762,130910.48,2123,84.92,19,0.76
647,68,20763,305.34,16501,242.66,746564,10978.88,18734803,275511.81,9236,135.82,17,0.25
648,27,7444,275.70,4660,172.59,369516,13685.78,5028711,186248.56,2942,108.96,15,0.56
649,925,222810,240.88,44077,47.65,16958635,18333.66,36226399,39163.67,51305,55.46,34,0.04
650,348,86008,247.15,27654,79.47,6222150,17879.74,22998596,66087.92,31566,90.71,18,0.05
651,61,15307,250.93,3118,51.11,942455,15450.08,2654934,43523.51,6111,100.18,56,0.92
652,504,121518,241.11,25736,51.06,8995998,17849.20,20755055,41180.66,31387,62.28,5,0.01
653,190,46629,245.42,10018,52.73,3178524,16729.07,8097771,42619.85,8917,46.93,65,0.34
654,50,12435,248.70,3419,68.38,828322,16566.44,2914865,58297.30,1781,35.62,15,0.30
655,159,38703,243.42,8197,51.55,2792493,17562.85,6558581,41248.94,9361,58.87,22,0.14
656,65,15956,245.48,3910,60.15,1121584,17255.14,2876350,44251.54,4214,64.83,13,0.20
657,33,8479,256.94,1743,52.82,644067,19517.18,1069106,32397.15,3242,98.24,22,0.67
658,70,20159,287.99,9256,132.23,1014772,14496.74,2990516,42721.66,3091,44.16,21,0.30
659,92,28660,311.52,2051,22.29,551940,5999.35,14979264,162818.09,8120,88.26,22,0.24
660,46,14244,309.65,843,18.33,304167,6612.33,6534704,142058.78,6771,147.20,5,0.11
661,85,20801,244.72,7977,93.85,1644312,19344.85,5969013,70223.68,11008,129.51,12,0.14
662,77,18388,238.81,1547,20.09,839149,10898.04,7305802,94880.55,10178,132.18,10,0.13
663,29,8493,292.86,585,20.17,360831,12442.45,3405514,117431.52,5576,192.28,3,0.10
664,80,25657,320.71,21513,268.91,817120,10214.00,25558140,319476.75,9084,113.55,7,0.09
665,60,18780,313.00,9455,157.58,517426,8623.77,14768480,246141.33,5616,93.60,8,0.13
666,22,6327,287.59,1806,82.09,320922,14587.36,3286156,149370.73,2423,110.14,0,0.00
667,76,24159,317.88,20579,270.78,787606,10363.24,23927954,314841.50,7233,95.17,5,0.07
668,19,5755,302.89,4203,221.21,211178,11114.63,4746520,249816.84,2880,151.58,5,0.26
669,13,3890,299.23,1529,117.62,139706,10746.62,2457196,189015.08,606,46.62,10,0.77
670,21,6539,311.38,5006,238.38,237985,11332.62,5628572,268027.24,3583,170.62,5,0.24
671,10,2486,248.60,479,47.90,213443,21344.30,370345,37034.50,0,0.00,0,0.00
672,652,171338,262.79,26931,41.31,15463199,23716.56,20420152,31319.25,64985,99.67,0,0.00
673,168,45036,268.07,6957,41.41,3981328,23698.38,5638483,33562.40,18785,111.82,0,0.00
674,27,7428,275.11,1925,71.30,598730,22175.19,1761855,65253.89,3664,135.70,0,0.00
675,302,80602,266.89,9971,33.02,7136445,23630.61,7822921,25903.71,31117,103.04,26,0.09
676,417,97436,233.66,29065,69.70,5662846,13579.97,25350789,60793.26,11435,27.42,13,0.03
677,140,33019,235.85,10031,71.65,1895507,13539.34,8159105,58279.32,3600,25.71,12,0.09
678,113,28032,248.07,5314,47.03,2478290,21931.77,3385995,29964.56,11012,97.45,10,0.09
679,310,78314,252.63,18728,60.41,3299709,10644.22,27377304,88313.88,22041,71.10,11,0.04
680,101,25453,252.01,6494,64.30,1133689,11224.64,8367829,82849.79,6914,68.46,0,0.00
681,45,11679,259.53,2098,46.62,712965,15843.67,2378708,52860.18,4494,99.87,27,0.60
682,105,27127,258.35,5758,54.84,1158854,11036.70,9303313,88602.98,6537,62.26,13,0.12
683,99,25237,254.92,9651,97.48,1671394,16882.77,8171958,82545.03,18745,189.34,8,0.08
684,76,24715,325.20,21468,282.47,771594,10152.55,24955018,328355.50,13384,176.11,21,0.28
685,35,10412,297.49,4794,136.97,321390,9182.57,7375269,210721.97,1608,45.94,11,0.31
686,22,5696,258.91,1810,82.27,337387,15335.77,1922782,87399.18,2970,135.00,25,1.14
687,28,9361,334.32,8784,313.71,284924,10175.86,10199019,364250.68,4468,159.57,0,0.00
688,27,8127,301.00,5057,187.30,255359,9457.74,5047811,186955.96,3477,128.78,26,0.96
689,9,2882,320.22,1173,130.33,138643,15404.78,738528,82058.67,0,0.00,15,1.67
690,34,5839,171.74,3493,102.74,440557,12957.56,3938191,115829.15,2984,87.76,7,0.21
691,8,2431,303.88,1466,183.25,50066,6258.25,1808308,226038.50,1689,211.12,21,2.62
692,5,1206,241.20,260,52.00,88297,17659.40,220976,44195.20,1815,363.00,0,0.00
693,9,2711,301.22,998,110.89,178186,19798.44,995911,110656.78,1122,124.67,7,0.78
694,69,17546,254.29,8733,126.57,1449288,21004.17,5566262,80670.46,13293,192.65,0,0.00
695,598,163889,274.06,19879,33.24,14876582,24877.23,16415539,27450.73,66028,110.41,6,0.01
696,148,40746,275.31,5080,34.32,3688717,24923.76,4190882,28316.77,12506,84.50,0,0.00
697,29,8379,288.93,1441,49.69,712664,24574.62,807455,27843.28,6149,212.03,9,0.31
698,272,75465,277.44,9929,36.50,6739055,24775.94,7665186,28180.83,29239,107.50,0,0.00
699,110,32945,299.50,3255,29.59,2035119,18501.08,7660112,69637.38,15557,141.43,48,0.44
700,18,5647,313.72,898,49.89,315260,17514.44,2039616,113312.00,1498,83.22,0,0.00
701,75,20927,279.03,2686,35.81,1816051,24214.01,2247043,29960.57,9308,124.11,21,0.28
702,64,20295,317.11,1710,26.72,1006501,15726.58,6981073,109079.27,10072,157.38,7,0.11
703,364,86534,237.73,27902,76.65,4230785,11623.04,26920785,73958.20,13291,36.51,0,0.00
704,158,41512,262.73,20122,127.35,1954204,12368.38,20596474,130357.43,10649,67.40,1,0.01
705,126,40417,320.77,22360,177.46,1871330,14851.83,11439704,90791.30,17444,138.44,10,0.08
706,211,50615,239.88,17288,81.93,2410063,11422.10,16661948,78966.58,5572,26.41,0,0.00
707,103,27924,271.11,15795,153.35,1111014,10786.54,16572540,160898.45,7643,74.20,6,0.06
708,25,6395,255.80,2430,97.20,313336,12533.44,1959605,78384.20,2252,90.08,40,1.60
709,80,19860,248.25,6813,85.16,929487,11618.59,5892132,73651.65,4924,61.55,15,0.19
710,42,11875,282.74,6799,161.88,431219,10267.12,5409753,128803.64,1266,30.14,11,0.26
711,14,3733,266.64,1371,97.93,153144,10938.86,1366364,97597.43,570,40.71,0,0.00
712,23,5755,250.22,2418,105.13,258241,11227.87,2467623,107287.96,431,18.74,0,0.00
713,5,1395,279.00,189,37.80,33909,6781.80,158252,31650.40,0,0.00,18,3.60
714,3,643,214.33,254,84.67,34078,11359.33,134792,44930.67,275,91.67,8,2.67
715,3,872,290.67,111,37.00,22364,7454.67,75147,25049.00,0,0.00,11,3.67
716,75,19915,265.53,9127,121.69,1603972,21386.29,5988758,79850.11,15591,207.88,21,0.28
717,7,1832,261.71,758,108.29,96441,13777.29,163374,23339.14,66,9.43,16,2.29
718,608,167532,275.55,20763,34.15,15408436,25342.82,18032849,29659.29,45093,74.17,5,0.01
719,175,50670,289.54,5819,33.25,4280669,24460.97,7445878,42547.87,11958,68.33,0,0.00
720,34,10706,314.88,1607,47.26,688075,20237.50,1253225,36859.56,2973,87.44,32,0.94
721,336,92412,275.04,15291,45.51,7646570,22757.65,13318441,39638.22,20721,61.67,0,0.00
722,118,33431,283.31,5629,47.70,2485855,21066.57,5702250,48324.15,12025,101.91,0,0.00
723,22,6404,291.09,1434,65.18,393368,17880.36,1655915,75268.86,4297,195.32,5,0.23
724,130,36033,277.18,9435,72.58,2629183,20224.48,8862456,68172.74,13890,106.85,0,0.00
725,55,15635,284.27,3973,72.24,1053625,19156.82,3880864,70561.16,8515,154.82,0,0.00
726,25,7583,303.32,2490,99.60,499547,19981.88,2133319,85332.76,5261,210.44,16,0.64
727,105,28488,271.31,12595,119.95,2162882,20598.88,9331151,88868.10,21382,203.64,1,0.01
728,16,4865,304.06,1508,94.25,292268,18266.75,1024420,64026.25,2546,159.12,11,0.69
729,11,3364,305.82,1802,163.82,177013,16092.09,1464426,133129.64,3109,282.64,0,0.00
730,359,87173,242.82,29709,82.75,4289123,11947.42,27062333,75382.54,12455,34.69,5,0.01
731,120,29594,246.62,10053,83.78,1409326,11744.38,9354358,77952.98,6148,51.23,17,0.14
732,16,4056,253.50,1223,76.44,231893,14493.31,1113766,69610.38,668,41.75,0,0.00
733,197,48070,244.01,16614,84.34,2344637,11901.71,15164757,76978.46,8636,43.84,19,0.10
734,58,14332,247.10,4770,82.24,1058543,18250.74,4452985,76775.60,620,10.69,11,0.19
735,12,3036,253.00,1002,83.50,158856,13238.00,846871,70572.58,1175,97.92,1,0.08
736,92,22568,245.30,7734,84.07,1098630,11941.63,7107590,77256.41,3092,33.61,0,0.00
737,36,9116,253.22,3003,83.42,808453,22457.03,2574038,71501.06,248,6.89,2,0.06
738,77,20476,265.92,9601,124.69,1608559,20890.38,6339946,82336.96,17642,229.12,27,0.35
739,24,6477,269.88,1602,66.75,300316,12513.17,1802185,75091.04,1022,42.58,11,0.46
740,15,4055,270.33,1128,75.20,143692,9579.47,1359764,90650.93,892,59.47,18,1.20
741,467,136159,291.56,16409,35.14,12352263,26450.24,14260995,30537.46,52635,112.71,20,0.04
742,133,39149,294.35,5613,42.20,3412199,25655.63,4617151,34715.42,11684,87.85,27,0.20
743,20,6025,301.25,950,47.50,453438,22671.90,1048552,52427.60,1317,65.85,0,0.00
744,225,66208,294.26,8303,36.90,5973361,26548.27,7016750,31185.56,24203,107.57,7,0.03
745,74,22501,304.07,4098,55.38,1916097,25893.20,3521056,47581.84,7802,105.43,5,0.07
746,39,6620,169.74,1581,40.54,709611,18195.15,1248885,32022.69,3854,98.82,14,0.36
747,80,24497,306.21,4662,58.27,2058640,25733.00,3548657,44358.21,9277,115.96,10,0.12
748,24,7459,310.79,1599,66.62,562514,23438.08,1141937,47580.71,5431,226.29,22,0.92
749,86,24132,280.60,10436,121.35,1995813,23207.13,6409465,74528.66,19975,232.27,1,0.01
750,12,3676,306.33,601,50.08,313874,26156.17,353301,29441.75,854,71.17,0,0.00
751,10,3291,329.10,1020,102.00,175232,17523.20,846314,84631.40,980,98.00,10,1.00
752,13,7714,593.38,6726,517.38,120201,9246.23,862713,66362.54,2184,168.00,0,0.00
753,3,910,303.33,219,73.00,68704,22901.33,120249,40083.00,880,293.33,2,0.67
754,5,3559,711.80,1648,329.60,60848,12169.60,865752,173150.40,673,134.60,7,1.40
755,3,785,261.67,178,59.33,75928,25309.33,100797,33599.00,704,234.67,0,0.00
756,1,281,281.00,33,33.00,8131,8131.00,913,913.00,0,0.00,11,11.00
757,352,89115,253.17,30357,86.24,4332478,12308.18,28698019,81528.46,16179,45.96,12,0.03
758,102,26318,258.02,9444,92.59,1251615,12270.74,8117457,79582.91,3653,35.81,0,0.00
759,25,6934,277.36,1775,71.00,282875,11315.00,1926269,77050.76,1096,43.84,22,0.88
760,268,69180,258.13,26473,98.78,4058305,15142.93,22193113,82810.12,27833,103.85,14,0.05
761,84,21553,256.58,7251,86.32,1020292,12146.33,6791015,80845.42,1584,18.86,11,0.13
762,15,4117,274.47,1053,70.20,202288,13485.87,1153623,76908.20,311,20.73,6,0.40
763,77,19676,255.53,6629,86.09,950867,12348.92,6396488,83071.27,1708,22.18,18,0.23
764,423,125782,297.36,16953,40.08,11182084,26435.19,16201360,38301.09,27087,64.04,54,0.13
765,90,27148,301.64,3946,43.84,2393414,26593.49,3545011,39389.01,9014,100.16,0,0.00
766,36,9921,275.58,2895,80.42,628166,17449.06,2650478,73624.39,2063,57.31,9,0.25
767,168,50622,301.32,6519,38.80,4509698,26843.44,6117331,36412.68,12721,75.72,0,0.00
768,51,15332,300.63,2701,52.96,1339257,26259.94,1913754,37524.59,5594,109.69,19,0.37
769,14,4586,327.57,757,54.07,344390,24599.29,458234,32731.00,1839,131.36,12,0.86
770,53,16702,315.13,2780,52.45,1320805,24920.85,1662909,31375.64,7466,140.87,12,0.23
771,95,27504,289.52,10993,115.72,2293441,24141.48,7317091,77022.01,21601,227.38,17,0.18
772,18,5813,322.94,1481,82.28,405429,22523.83,1153642,64091.22,2923,162.39,14,0.78
773,14,4478,319.86,752,53.71,365476,26105.43,483292,34520.86,3095,221.07,6,0.43
774,31,4310,139.03,1057,34.10,573390,18496.45,911499,29403.19,2285,73.71,0,0.00
775,6,1859,309.83,327,54.50,139977,23329.50,183508,30584.67,1501,250.17,6,1.00
776,8,2602,325.25,355,44.38,133002,16625.25,209955,26244.38,213,26.62,23,2.88
777,2,698,349.00,429,214.50,37543,18771.50,333090,166545.00,325,162.50,0,0.00
779,4,1266,316.50,399,99.75,50869,12717.25,360766,90191.50,0,0.00,17,4.25
780,1,347,347.00,4,4.00,892,892.00,12403,12403.00,0,0.00,6,6.00
781,1,277,277.00,49,49.00,6242,6242.00,596,596.00,152,152.00,11,11.00
782,75,21488,286.51,10250,136.67,1711244,22816.59,7002997,93373.29,19715,262.87,18,0.24
783,2,582,291.00,115,57.50,16090,8045.00,69028,34514.00,617,308.50,5,2.50
784,345,90193,261.43,30655,88.86,4434560,12853.80,30805811,89292.21,6300,18.26,12,0.03
785,104,27118,260.75,9121,87.70,1362117,13097.28,8973486,86283.52,3486,33.52,35,0.34
786,16,4040,252.50,1349,84.31,237412,14838.25,1284680,80292.50,749,46.81,8,0.50
787,522,150885,289.05,31191,59.75,11240884,21534.26,30718897,58848.46,25444,48.74,17,0.03
788,129,36834,285.53,8490,65.81,2560627,19849.82,8240297,63878.27,4776,37.02,6,0.05
789,19,5560,292.63,1417,74.58,376550,19818.42,1209949,63681.53,2251,118.47,0,0.00
790,203,59121,291.24,12098,59.60,4441098,21877.33,11733324,57799.63,7999,39.40,20,0.10
791,84,23175,275.89,5651,67.27,1976850,23533.93,3972665,47293.63,2085,24.82,6,0.07
792,34,8397,246.97,2127,62.56,915328,26921.41,647035,19030.44,0,0.00,11,0.32
793,107,31298,292.50,12487,116.70,2626755,24549.11,11105212,103787.03,4676,43.70,0,0.00
794,19,5823,306.47,1331,70.05,385393,20283.84,1152569,60661.53,724,38.11,6,0.32
795,9,2936,326.22,629,69.89,236976,26330.67,393801,43755.67,2804,311.56,2,0.22
796,10,2920,292.00,1061,106.10,228482,22848.20,579513,57951.30,2177,217.70,17,1.70
797,5,1507,301.40,381,76.20,80500,16100.00,237116,47423.20,143,28.60,10,2.00
798,8,2722,340.25,598,74.75,122761,15345.12,170719,21339.88,152,19.00,23,2.88
799,88,15411,175.12,8087,91.90,484740,5508.41,328575,3733.81,395,4.49,2697,30.65
800,7,2079,297.00,666,95.14,90327,12903.86,252494,36070.57,0,0.00,22,3.14
801,2,662,331.00,31,15.50,16475,8237.50,9035,4517.50,0,0.00,11,5.50
802,29,3634,125.31,1040,35.86,498478,17188.90,913531,31501.07,2609,89.97,6,0.21
803,3,1048,349.33,174,58.00,9209,3069.67,116095,38698.33,0,0.00,18,6.00
804,78,23042,295.41,11043,141.58,1924845,24677.50,9844141,126206.94,126,1.62,18,0.23
805,4,1451,362.75,48,12.00,26235,6558.75,34287,8571.75,190,47.50,22,5.50
806,4,1323,330.75,370,92.50,35621,8905.25,248768,62192.00,344,86.00,11,2.75
808,3,948,316.00,114,38.00,87532,29177.33,106734,35578.00,257,85.67,0,0.00
809,3,810,270.00,152,50.67,67956,22652.00,168300,56100.00,0,0.00,15,5.00
810,215,68585,319.00,8170,38.00,6262352,29127.22,8020871,37306.38,20266,94.26,0,0.00
811,465,127124,273.38,40442,86.97,6673961,14352.60,40594059,87299.05,37145,79.88,22,0.05
812,126,34815,276.31,11531,91.52,1723694,13680.11,11059750,87775.79,9149,72.61,18,0.14
813,86,26711,310.59,4454,51.79,2112289,24561.50,4508073,52419.45,7731,89.90,20,0.23
814,264,72243,273.65,23607,89.42,3677913,13931.49,23216364,87940.77,17831,67.54,24,0.09
815,165,46614,282.51,19304,116.99,3120947,18914.83,18283042,110806.32,5216,31.61,6,0.04
816,31,9191,296.48,2206,71.16,624935,20159.19,1939282,62557.48,5281,170.35,55,1.77
817,106,29562,278.89,10093,95.22,1463594,13807.49,9456950,89216.51,7042,66.43,0,0.00
818,42,14923,355.31,3686,87.76,678555,16156.07,3491640,83134.29,2763,65.79,17,0.40
819,10,2410,241.00,782,78.20,140587,14058.70,718100,71810.00,1466,146.60,49,4.90
820,29,8250,284.48,2700,93.10,415406,14324.34,2367005,81620.86,1232,42.48,0,0.00
821,9,2812,312.44,639,71.00,151208,16800.89,550268,61140.89,864,96.00,5,0.56
822,4,1107,276.75,381,95.25,53309,13327.25,388444,97111.00,0,0.00,0,0.00
823,6,1766,294.33,399,66.50,87662,14610.33,340200,56700.00,0,0.00,17,2.83
824,5,1689,337.80,261,52.20,94314,18862.80,185689,37137.80,773,154.60,10,2.00
825,2,556,278.00,202,101.00,26665,13332.50,188840,94420.00,0,0.00,0,0.00
826,78,24602,315.41,12115,155.32,2046968,26243.18,10605710,135970.64,0,0.00,0,0.00
827,1,409,409.00,19,19.00,4491,4491.00,35607,35607.00,714,714.00,0,0.00
828,4,1110,277.50,190,47.50,66852,16713.00,33208,8302.00,209,52.25,31,7.75
829,2,637,318.50,183,91.50,30840,15420.00,150922,75461.00,0,0.00,5,2.50
830,31,3907,126.03,1115,35.97,562656,18150.19,1061129,34229.97,2693,86.87,0,0.00
831,6,2958,493.00,1102,183.67,100721,16786.83,599703,99950.50,40,6.67,12,2.00
832,1,281,281.00,98,98.00,13649,13649.00,97108,97108.00,0,0.00,0,0.00
833,139,45507,327.39,5453,39.23,4143713,29810.88,5424387,39024.37,11465,82.48,11,0.08
834,30,9811,327.03,1233,41.10,857309,28576.97,1199600,39986.67,2525,84.17,6,0.20
835,4,1170,292.50,164,41.00,33199,8299.75,186510,46627.50,0,0.00,12,3.00
836,53,17462,329.47,2122,40.04,1588021,29962.66,2035052,38397.21,5357,101.08,0,0.00
837,80,24375,304.69,11682,146.03,2127803,26597.54,10919562,136494.52,239,2.99,10,0.12
838,358,99552,278.08,33711,94.16,4917734,13736.69,36255928,101273.54,9677,27.03,0,0.00
839,115,32528,282.85,10461,90.97,1668769,14511.03,10952194,95236.47,3833,33.33,21,0.18
840,13,3629,279.15,1235,95.00,188553,14504.08,1182611,90970.08,419,32.23,11,0.85
841,207,58292,281.60,19453,93.98,2852172,13778.61,20652763,99771.80,10417,50.32,1,0.00
842,63,17759,281.89,5934,94.19,912322,14481.30,6224245,98797.54,1294,20.54,12,0.19
843,17,4828,284.00,1654,97.29,233143,13714.29,1687872,99286.59,472,27.76,0,0.00
844,67,19057,284.43,6444,96.18,956299,14273.12,6387494,95335.73,4679,69.84,12,0.18
845,27,7639,282.93,2623,97.15,371306,13752.07,2799701,103692.63,0,0.00,0,0.00
846,9,3171,352.33,1580,175.56,104462,11606.89,729795,81088.33,0,0.00,0,0.00
847,22,6305,286.59,2120,96.36,321713,14623.32,2127163,96689.23,988,44.91,0,0.00
848,83,25392,305.93,12385,149.22,2146872,25865.93,11851877,142793.70,224,2.70,0,0.00
849,3,963,321.00,278,92.67,61629,20543.00,257899,85966.33,0,0.00,0,0.00
850,5,1521,304.20,385,77.00,86669,17333.80,241502,48300.40,634,126.80,17,3.40
851,3,964,321.33,278,92.67,51792,17264.00,240780,80260.00,221,73.67,5,1.67
852,2,597,298.50,101,50.50,50206,25103.00,29667,14833.50,724,362.00,13,6.50
853,1,320,320.00,103,103.00,16621,16621.00,6918,6918.00,0,0.00,0,0.00
856,90,30330,337.00,3600,40.00,2778368,30870.76,3975629,44173.66,2390,26.56,0,0.00
857,20,6864,343.20,1063,53.15,549846,27492.30,802624,40131.20,524,26.20,6,0.30
858,32,4237,132.41,1219,38.09,605527,18922.72,1034696,32334.25,3554,111.06,22,0.69
859,102,32493,318.56,13039,127.83,2876747,28203.40,12710562,124613.35,845,8.28,0,0.00
860,8,2565,320.62,398,49.75,217217,27152.12,382555,47819.38,0,0.00,10,1.25
861,7,2540,362.86,425,60.71,103221,14745.86,115356,16479.43,224,32.00,16,2.29
862,5,1510,302.00,382,76.40,119900,23980.00,294466,58893.20,802,160.40,12,2.40
863,5,1591,318.20,344,68.80,52405,10481.00,162167,32433.40,141,28.20,22,4.40
864,3,959,319.67,282,94.00,62833,20944.33,234987,78329.00,0,0.00,0,0.00
865,329,94534,287.34,31776,96.58,4656211,14152.62,35490529,107873.95,17667,53.70,7,0.02
866,95,27422,288.65,9341,98.33,1346486,14173.54,10266287,108066.18,3870,40.74,0,0.00
867,22,6415,291.59,1946,88.45,300065,13639.32,2143450,97429.55,179,8.14,11,0.50
868,249,72275,290.26,24330,97.71,3545139,14237.51,26399811,106023.34,7966,31.99,6,0.02
869,79,22985,290.95,7833,99.15,1149613,14552.06,8200663,103805.86,2462,31.16,11,0.14
870,93,29088,312.77,13837,148.78,2370101,25484.96,13380068,143871.70,699,7.52,6,0.06
871,75,21512,286.83,7333,97.77,1066945,14225.93,7822329,104297.72,2377,31.69,49,0.65
872,25,7104,284.16,2381,95.24,362000,14480.00,2363332,94533.28,1784,71.36,14,0.56
873,10,3178,317.80,855,85.50,150611,15061.10,787344,78734.40,670,67.00,11,1.10
874,14,4089,292.07,1405,100.36,198917,14208.36,1546916,110494.00,0,0.00,0,0.00
875,5,1462,292.40,506,101.20,71032,14206.40,552464,110492.80,0,0.00,0,0.00
877,7,2947,421.00,1276,182.29,98661,14094.43,593026,84718.00,0,0.00,12,1.71
878,1,396,396.00,132,132.00,3416,3416.00,68380,68380.00,0,0.00,6,6.00
879,62,21497,346.73,2657,42.85,1906608,30751.74,2859816,46126.06,6009,96.92,13,0.21
880,10,3476,347.60,419,41.90,316319,31631.90,466290,46629.00,787,78.70,0,0.00
881,85,27133,319.21,13049,153.52,2332047,27435.85,12933409,152157.75,0,0.00,12,0.14
882,18,6565,364.72,1344,74.67,526757,29264.28,971200,53955.56,1493,82.94,10,0.56
883,2,696,348.00,86,43.00,63143,31571.50,76658,38329.00,332,166.00,0,0.00
884,2,579,289.50,198,99.00,29179,14589.50,165684,82842.00,0,0.00,0,0.00
885,185,81329,439.62,469,2.54,1114818,6026.04,64800065,350270.62,21361,115.46,0,0.00
886,103,35621,345.83,1425,13.83,1020107,9903.95,25508576,247656.08,12580,122.14,12,0.12
887,38,27304,718.53,10771,283.45,588759,15493.66,22291173,586609.82,4824,126.95,10,0.26
888,142,67355,474.33,5770,40.63,1017486,7165.39,54137042,381246.77,17912,126.14,0,0.00
889,1022,513831,502.77,61520,60.20,7847351,7678.43,425165256,416012.97,125598,122.89,16,0.02
890,331,186269,562.75,39993,120.82,3207397,9690.02,156475315,472735.09,41552,125.53,0,0.00
891,956,827750,865.85,403356,421.92,19049846,19926.62,742258779,776421.32,121329,126.91,0,0.00
892,999,526355,526.88,186477,186.66,15119695,15134.83,403624120,404028.15,102177,102.28,5,0.01
893,268,129348,482.64,42852,159.90,3437826,12827.71,88327838,329581.49,25565,95.39,241,0.90
894,291,245549,843.81,118609,407.59,5703143,19598.43,221085722,759744.75,36325,124.83,8,0.03
895,389,187454,481.89,70183,180.42,5798575,14906.36,131244135,337388.52,38460,98.87,51,0.13
896,106,42775,403.54,12960,122.26,1422124,13416.26,26658699,251497.16,10116,95.43,18,0.17
897,85,64698,761.15,30671,360.84,1602871,18857.31,55986751,658667.66,6282,73.91,17,0.20
898,122,50470,413.69,18730,153.52,1822355,14937.34,30347665,248751.35,10945,89.71,10,0.08
899,31,10742,346.52,3655,117.90,472407,15238.94,4809650,155150.00,2953,95.26,22,0.71
900,19,10905,573.95,4494,236.53,366310,19279.47,8337058,438792.53,1275,67.11,0,0.00
901,101,32805,324.80,11448,113.35,1511418,14964.53,14857057,147099.57,4171,41.30,16,0.16
902,70,24258,346.54,5916,84.51,1438404,20548.63,8467604,120965.77,6425,91.79,6,0.09
903,96,31965,332.97,14884,155.04,2636710,27465.73,15327831,159664.91,2967,30.91,0,0.00
904,58,18939,326.53,6609,113.95,925992,15965.38,6745241,116297.26,5611,96.74,0,0.00
905,33,10535,319.24,2793,84.64,574565,17411.06,3155266,95614.12,1663,50.39,28,0.85
906,5,1576,315.20,461,92.20,91737,18347.40,530639,106127.80,0,0.00,0,0.00
907,15,4312,287.47,1563,104.20,251824,16788.27,1677703,111846.87,311,20.73,8,0.53
908,13,4501,346.23,1482,114.00,200950,15457.69,1571997,120922.85,1562,120.15,22,1.69
909,3,925,308.33,315,105.00,47701,15900.33,332434,110811.33,860,286.67,0,0.00
910,10,4809,480.90,1550,155.00,144607,14460.70,2771602,277160.20,275,27.50,11,1.10
911,1,323,323.00,108,108.00,16707,16707.00,110985,110985.00,0,0.00,0,0.00
912,1,387,387.00,19,19.00,13338,13338.00,8616,8616.00,0,0.00,5,5.00
913,4,1156,289.00,426,106.50,84585,21146.25,360723,90180.75,0,0.00,11,2.75
914,118,33310,282.29,15352,130.10,3089958,26186.08,15911816,134845.90,6535,55.38,11,0.09
915,5,1861,372.20,313,62.60,49519,9903.80,322344,64468.80,0,0.00,17,3.40
916,5,1618,323.60,158,31.60,45119,9023.80,548295,109659.00,880,176.00,15,3.00
917,9,3452,383.56,894,99.33,173156,19239.56,301154,33461.56,355,39.44,5,0.56
918,3,1102,367.33,83,27.67,28631,9543.67,33225,11075.00,212,70.67,17,5.67
919,352,107360,305.00,36256,103.00,5267896,14965.61,41105501,116776.99,32955,93.62,0,0.00
920,158,54641,345.83,11906,75.35,1959057,12399.09,29522375,186850.47,11602,73.43,44,0.28
921,31,12086,389.87,2502,80.71,356652,11504.90,7300007,235484.10,3206,103.42,12,0.39
922,256,109674,428.41,44631,174.34,4120585,16096.04,66316462,259048.68,26616,103.97,65,0.25
923,88,33529,381.01,10134,115.16,1219232,13854.91,18906555,214847.22,9300,105.68,41,0.47
924,28,11686,417.36,3025,108.04,349884,12495.86,6904269,246581.04,3209,114.61,23,0.82
925,174,62736,360.55,26900,154.60,3973482,22836.10,32049976,184195.26,12500,71.84,11,0.06
926,27,10389,384.78,3704,137.19,408346,15123.93,5259857,194809.52,2298,85.11,5,0.19
927,7,2764,394.86,1088,155.43,110514,15787.71,1513309,216187.00,886,126.57,1,0.14
928,23,8449,367.35,3069,133.43,407166,17702.87,4118293,179056.22,2417,105.09,2,0.09
929,6,1798,299.67,645,107.50,85443,14240.50,625605,104267.50,142,23.67,11,1.83
930,4,1215,303.75,342,85.50,61321,15330.25,264494,66123.50,0,0.00,16,4.00
931,1,454,454.00,104,104.00,19251,19251.00,14952,14952.00,0,0.00,0,0.00
933,3,939,313.00,81,27.00,41570,13856.67,405708,135236.00,902,300.67,15,5.00
934,2,550,275.00,173,86.50,42451,21225.50,130374,65187.00,0,0.00,10,5.00
935,1,383,383.00,22,22.00,12973,12973.00,11806,11806.00,0,0.00,5,5.00
936,86,28861,335.59,14339,166.73,2518929,29289.87,14804476,172145.07,2431,28.27,52,0.60
937,4,1435,358.75,118,29.50,65483,16370.75,33646,8411.50,0,0.00,26,6.50
938,3,1052,350.67,245,81.67,68333,22777.67,69612,23204.00,0,0.00,10,3.33
939,3,950,316.67,285,95.00,48391,16130.33,32102,10700.67,63,21.00,16,5.33
940,12,4921,410.08,1893,157.75,161034,13419.50,759078,63256.50,951,79.25,28,2.33
941,3,860,286.67,172,57.33,49599,16533.00,30746,10248.67,328,109.33,25,8.33
942,33,4521,137.00,1254,38.00,684569,20744.52,1327228,40219.03,4532,137.33,0,0.00
943,5,1292,258.40,310,62.00,47058,9411.60,225866,45173.20,0,0.00,32,6.40
944,2,1147,573.50,586,293.00,41236,20618.00,888222,444111.00,73,36.50,10,5.00
945,3,1307,435.67,51,17.00,17913,5971.00,672609,224203.00,683,227.67,6,2.00
946,311,97480,313.44,32900,105.79,4801078,15437.55,38305342,123168.30,25824,83.04,0,0.00
947,188,61761,328.52,25656,136.47,4141618,22029.88,27962965,148739.18,12972,69.00,0,0.00
948,17,5364,315.53,1705,100.29,249545,14679.12,2110987,124175.71,1868,109.88,1,0.06
949,183,58459,319.45,19806,108.23,2814942,15382.20,22809534,124642.26,17438,95.29,12,0.07
950,50,15902,318.04,5469,109.38,783453,15669.06,6071123,121422.46,5594,111.88,0,0.00
951,7,2347,335.29,829,118.43,96632,13804.57,902592,128941.71,914,130.57,6,0.86
952,52,16680,320.77,5433,104.48,787144,15137.38,6255636,120300.69,5212,100.23,13,0.25
953,19,6111,321.63,2010,105.79,284965,14998.16,2258576,118872.42,674,35.47,6,0.32
954,5,1607,321.40,554,110.80,77721,15544.20,660973,132194.60,0,0.00,0,0.00
955,20,7159,357.95,2436,121.80,311731,15586.55,3103976,155198.80,1871,93.55,5,0.25
956,8,2569,321.12,880,110.00,123207,15400.88,940233,117529.12,1102,137.75,0,0.00
958,91,31566,346.88,15511,170.45,2742216,30134.24,16297616,179094.68,2757,30.30,16,0.18
959,1,240,240.00,145,145.00,14639,14639.00,4699,4699.00,252,252.00,10,10.00
961,1,239,239.00,71,71.00,30976,30976.00,6835,6835.00,0,0.00,10,10.00
962,1,349,349.00,177,177.00,15138,15138.00,121535,121535.00,0,0.00,0,0.00
963,1,243,243.00,63,63.00,26139,26139.00,5844,5844.00,0,0.00,11,11.00
965,2,905,452.50,43,21.50,22926,11463.00,274398,137199.00,489,244.50,6,3.00
966,2,718,359.00,129,64.50,30032,15016.00,141939,70969.50,0,0.00,6,3.00
967,1,441,441.00,1,1.00,1970,1970.00,63903,63903.00,0,0.00,6,6.00
968,3,951,317.00,199,66.33,62377,20792.33,137679,45893.00,0,0.00,16,5.33
969,89,30867,346.82,15402,173.06,2720663,30569.25,16497094,185360.61,2032,22.83,6,0.07
970,36,5074,140.94,1418,39.39,760360,21121.11,1455015,40417.08,6718,186.61,20,0.56
971,2,783,391.50,221,110.50,46273,23136.50,115036,57518.00,597,298.50,6,3.00
972,8,3032,379.00,931,116.38,146979,18372.38,236438,29554.75,486,60.75,43,5.38
973,302,97344,322.33,32768,108.50,4784955,15844.22,37031444,122620.68,51405,170.22,15,0.05
974,85,28087,330.44,9725,114.41,1352827,15915.61,11042566,129912.54,10192,119.91,0,0.00
975,9,2746,305.11,924,102.67,169947,18883.00,993869,110429.89,999,111.00,0,0.00
976,134,43558,325.06,14680,109.55,2108131,15732.32,16478540,122974.18,20978,156.55,6,0.04
977,68,22315,328.16,7545,110.96,1155717,16995.84,8011421,117815.01,8935,131.40,18,0.26
978,10,3455,345.50,1125,112.50,137599,13759.90,1093265,109326.50,1405,140.50,12,1.20
979,43,13762,320.05,4673,108.67,668949,15556.95,5494475,127778.49,2546,59.21,6,0.14
980,106,37153,350.50,17721,167.18,3078268,29040.26,19302862,182102.47,2823,26.63,10,0.09
981,3,835,278.33,153,51.00,31645,10548.33,145799,48599.67,208,69.33,49,16.33
982,9,2950,327.78,1009,112.11,143471,15941.22,1193811,132645.67,374,41.56,0,0.00
983,5,1393,278.60,551,110.20,82799,16559.80,413415,82683.00,669,133.80,6,1.20
984,3,981,327.00,334,111.33,48181,16060.33,411991,137330.33,0,0.00,0,0.00
985,1,329,329.00,113,113.00,16014,16014.00,139856,139856.00,0,0.00,0,0.00
986,1,328,328.00,112,112.00,16003,16003.00,139868,139868.00,0,0.00,0,0.00
987,12,7379,614.92,3431,285.92,96961,8080.08,87326,7277.17,0,0.00,0,0.00
988,2,676,338.00,233,116.50,32026,16013.00,279747,139873.50,0,0.00,0,0.00
989,2,967,483.50,464,232.00,23572,11786.00,885093,442546.50,0,0.00,6,3.00
990,1,489,489.00,26,26.00,12693,12693.00,11076,11076.00,343,343.00,6,6.00
991,157,54412,346.57,23568,150.11,3905470,24875.61,27213756,173336.03,3866,24.62,0,0.00
992,33,10943,331.61,3766,114.12,548047,16607.48,4611046,139728.67,1674,50.73,0,0.00
993,7,2588,369.71,640,91.43,113578,16225.43,755944,107992.00,0,0.00,13,1.86
994,51,16779,329.00,5742,112.59,865338,16967.41,6911545,135520.49,3971,77.86,11,0.22
995,25,8443,337.72,2653,106.12,401498,16059.92,3293794,131751.76,966,38.64,12,0.48
996,8,2797,349.62,993,124.12,118077,14759.62,1102082,137760.25,698,87.25,6,0.75
997,14,4651,332.21,1582,113.00,227079,16219.93,1967491,140535.07,657,46.93,0,0.00
998,39,7060,181.03,2283,58.54,839106,21515.54,2045496,52448.62,6152,157.74,0,0.00
1000,266,88536,332.84,29649,111.46,4332633,16288.09,37195801,139833.84,26880,101.05,10,0.04
1001,61,20612,337.90,6946,113.87,1006105,16493.52,8148671,133584.77,5527,90.61,0,0.00
1002,94,34168,363.49,16747,178.16,2927401,31142.56,18670264,198619.83,4255,45.27,6,0.06
1003,81,26763,330.41,8995,111.05,1357620,16760.74,11104989,137098.63,9664,119.31,21,0.26
1004,12,4676,389.67,1680,140.00,192050,16004.17,2284605,190383.75,1413,117.75,6,0.50
1005,3,1035,345.00,412,137.33,64729,21576.33,501044,167014.67,0,0.00,0,0.00
1006,9,3012,334.67,1028,114.22,147181,16353.44,1219436,135492.89,548,60.89,0,0.00
1007,10,3190,319.00,1081,108.10,226686,22668.60,912837,91283.70,2534,253.40,32,3.20
1008,11,3841,349.18,1517,137.91,211531,19230.09,127111,11555.55,888,80.73,24,2.18
1009,6,1959,326.50,597,99.50,112188,18698.00,344928,57488.00,1348,224.67,11,1.83
1010,2,688,344.00,312,156.00,41734,20867.00,37716,18858.00,0,0.00,0,0.00
1012,1,417,417.00,22,22.00,15527,15527.00,7113,7113.00,288,288.00,6,6.00
1013,93,34461,370.55,16777,180.40,2947575,31694.35,18987649,204168.27,1883,20.25,12,0.13
1014,1,370,370.00,185,185.00,31448,31448.00,129488,129488.00,267,267.00,0,0.00
1016,1,338,338.00,116,116.00,16528,16528.00,86762,86762.00,0,0.00,0,0.00
1018,1,343,343.00,116,116.00,16537,16537.00,77040,77040.00,620,620.00,0,0.00
1019,2,908,454.00,60,30.00,32956,16478.00,36628,18314.00,334,167.00,11,5.50
1020,1,912,912.00,451,451.00,22840,22840.00,885053,885053.00,0,0.00,1,1.00
1021,1,406,406.00,25,25.00,14959,14959.00,15568,15568.00,0,0.00,6,6.00
1022,2,816,408.00,156,78.00,33109,16554.50,154271,77135.50,356,178.00,6,3.00
1024,95,35513,373.82,17267,181.76,3036393,31962.03,19909748,209576.29,2113,22.24,6,0.06
1026,36,5364,149.00,1476,41.00,811952,22554.22,1690103,46947.31,8251,229.19,0,0.00
1027,213,72979,342.62,24275,113.97,3581048,16812.43,32654635,153308.15,6526,30.64,17,0.08
1028,54,18672,345.78,6085,112.69,883686,16364.56,8183315,151542.87,1922,35.59,12,0.22
1029,6,1983,330.50,554,92.33,107869,17978.17,689620,114936.67,0,0.00,5,0.83
1030,70,24177,345.39,7920,113.14,1160359,16576.56,10451282,149304.03,3471,49.59,12,0.17
1031,17,6234,366.71,2139,125.82,271735,15984.41,2751836,161872.71,1351,79.47,16,0.94
1032,3,966,322.00,349,116.33,49906,16635.33,391016,130338.67,932,310.67,7,2.33
1033,9,3369,374.33,1042,115.78,128227,14247.44,1209425,134380.56,459,51.00,25,2.78
1034,6,1766,294.33,1367,227.83,54117,9019.50,20210,3368.33,0,0.00,6,1.00
1035,97,36654,377.88,17672,182.19,3119155,32156.24,20686170,213259.48,2243,23.12,11,0.11
1036,2,762,381.00,687,343.50,89637,44818.50,536722,268361.00,0,0.00,11,5.50
1037,4,1493,373.25,344,86.00,79712,19928.00,314657,78664.25,0,0.00,5,1.25
1038,2,874,437.00,217,108.50,43646,21823.00,221918,110959.00,1001,500.50,6,3.00
1039,2,511,255.50,55,27.50,20853,10426.50,19445,9722.50,957,478.50,5,2.50
1040,1,413,413.00,26,26.00,15621,15621.00,17031,17031.00,0,0.00,6,6.00
1041,1,500,500.00,29,29.00,13435,13435.00,8618,8618.00,206,206.00,6,6.00
1042,2,785,392.50,141,70.50,40583,20291.50,141030,70515.00,163,81.50,6,3.00
1046,96,36705,382.34,17937,186.84,3163327,32951.32,21035504,219119.83,683,7.11,11,0.11
1047,2,869,434.50,193,96.50,34873,17436.50,280358,140179.00,526,263.00,7,3.50
1050,1,441,441.00,25,25.00,18360,18360.00,16269,16269.00,0,0.00,5,5.00
1051,2,666,333.00,118,59.00,68181,34090.50,23751,11875.50,0,0.00,5,2.50
1052,1,417,417.00,26,26.00,15794,15794.00,17740,17740.00,0,0.00,6,6.00
1054,170,52475,308.68,17607,103.57,3142412,18484.78,23892794,140545.85,8903,52.37,5,0.03
1055,27,9489,351.44,3211,118.93,466560,17280.00,4431969,164147.00,0,0.00,0,0.00
1056,3,1230,410.00,270,90.00,49078,16359.33,338435,112811.67,275,91.67,6,2.00
1057,140,52328,373.77,23673,169.09,3941897,28156.41,25763734,184026.67,16525,118.04,0,0.00
1058,8,2764,345.50,986,123.25,132579,16572.38,1214394,151799.25,744,93.00,6,0.75
1059,3,1093,364.33,288,96.00,43035,14345.00,278775,92925.00,0,0.00,6,2.00
1060,5,1760,352.00,601,120.20,86513,17302.60,820735,164147.00,0,0.00,0,0.00
1062,2,777,388.50,137,68.50,35360,17680.00,148094,74047.00,0,0.00,6,3.00
1064,1,427,427.00,28,28.00,15903,15903.00,11304,11304.00,324,324.00,6,6.00
1066,1,494,494.00,265,265.00,6852,6852.00,271990,271990.00,0,0.00,7,7.00
1067,1,491,491.00,1,1.00,2630,2630.00,114003,114003.00,0,0.00,6,6.00
1068,97,37739,389.06,18866,194.49,3169685,32677.16,19151529,197438.44,33468,345.03,6,0.06
1071,8,3733,466.62,861,107.62,171633,21454.12,164410,20551.25,0,0.00,7,0.88
1073,1,478,478.00,62,62.00,24643,24643.00,25559,25559.00,0,0.00,6,6.00
1075,1,435,435.00,30,30.00,18096,18096.00,22208,22208.00,0,0.00,5,5.00
1076,1,451,451.00,26,26.00,18677,18677.00,9859,9859.00,255,255.00,5,5.00
1078,8,3788,473.50,988,123.50,175624,21953.00,296749,37093.62,0,0.00,0,0.00
1079,99,38777,391.69,19365,195.61,3299013,33323.36,20024434,202267.01,30567,308.76,0,0.00
1080,1,365,365.00,163,163.00,21525,21525.00,13846,13846.00,742,742.00,0,0.00
1081,249,104112,418.12,46784,187.89,4155473,16688.65,34566731,138822.21,14503,58.24,12,0.05
1082,97,27379,282.26,8952,92.29,1934968,19948.12,11810728,121760.08,15953,164.46,6,0.06
1083,7,2619,374.14,765,109.29,124704,17814.86,1052325,150332.14,0,0.00,6,0.86
1084,85,30648,360.56,10379,122.11,1502643,17678.15,14141625,166372.06,4872,57.32,0,0.00
1085,33,12006,363.82,3959,119.97,585285,17735.91,5436545,164743.79,1053,31.91,5,0.15
1086,5,1818,363.60,621,124.20,88317,17663.40,769957,153991.40,380,76.00,0,0.00
1087,24,8730,363.75,3033,126.38,440299,18345.79,4009639,167068.29,1394,58.08,0,0.00
1088,11,5002,454.73,1586,144.18,158044,14367.64,1523441,138494.64,531,48.27,61,5.55
1089,2,809,404.50,159,79.50,36416,18208.00,196499,98249.50,0,0.00,5,2.50
1090,98,38808,396.00,19404,198.00,3305617,33730.79,19211240,196033.06,31514,321.57,0,0.00
1091,1,431,431.00,28,28.00,17118,17118.00,20708,20708.00,0,0.00,6,6.00
1093,1,537,537.00,31,31.00,15915,15915.00,20888,20888.00,0,0.00,6,6.00
1098,6,2793,465.50,605,100.83,91710,15285.00,544656,90776.00,641,106.83,35,5.83
1099,1,530,530.00,4,4.00,5686,5686.00,259595,259595.00,0,0.00,2,2.00
1101,99,39600,400.00,19800,200.00,3388216,34224.40,19733771,199331.02,27122,273.96,0,0.00
1102,1,474,474.00,50,50.00,20430,20430.00,12949,12949.00,425,425.00,6,6.00
1104,1,367,367.00,125,125.00,18090,18090.00,172702,172702.00,0,0.00,0,0.00
1105,1,439,439.00,31,31.00,18412,18412.00,22288,22288.00,0,0.00,6,6.00
1106,1,489,489.00,49,49.00,19746,19746.00,16076,16076.00,0,0.00,6,6.00
1107,3,1747,582.33,726,242.00,85902,28634.00,1117151,372383.67,1015,338.33,11,3.67
1108,99,36671,370.41,12118,122.40,1776667,17946.13,17503922,176807.29,1876,18.95,5,0.05
1109,17,6910,406.47,2448,144.00,312328,18372.24,3369219,198189.35,425,25.00,0,0.00
1110,39,6279,161.00,1716,44.00,954252,24468.00,2236398,57343.54,5193,133.15,0,0.00
1111,34,13159,387.03,4598,135.24,624334,18362.76,6878025,202294.85,0,0.00,0,0.00
1112,104,42013,403.97,20755,199.57,3532459,33965.95,21669438,208359.98,20566,197.75,19,0.18
1113,1,162,162.00,45,45.00,24225,24225.00,41740,41740.00,856,856.00,0,0.00
1114,3,1305,435.00,156,52.00,36814,12271.33,111867,37289.00,0,0.00,16,5.33
1115,1,312,312.00,103,103.00,14764,14764.00,119896,119896.00,0,0.00,5,5.00
1116,1,407,407.00,204,204.00,32384,32384.00,208314,208314.00,999,999.00,0,0.00
1117,2,848,424.00,672,336.00,25950,12975.00,387768,193884.00,0,0.00,13,6.50
1118,2,567,283.50,22,11.00,28632,14316.00,68895,34447.50,868,434.00,20,10.00
1119,1,522,522.00,1,1.00,3730,3730.00,229503,229503.00,0,0.00,7,7.00
1121,2,938,469.00,56,28.00,41187,20593.50,36395,18197.50,466,233.00,10,5.00
1122,1,508,508.00,320,320.00,26244,26244.00,348529,348529.00,344,344.00,0,0.00
1123,101,41208,408.00,20604,204.00,3463601,34293.08,20220786,200205.80,48491,480.11,0,0.00
1125,2,819,409.50,96,48.00,64323,32161.50,30184,15092.00,1223,611.50,5,2.50
1126,4,1716,429.00,372,93.00,98035,24508.75,340233,85058.25,1170,292.50,10,2.50
1127,2,1024,512.00,62,31.00,36685,18342.50,34869,17434.50,278,139.00,12,6.00
1128,32,8598,268.69,3638,113.69,617886,19308.94,409919,12809.97,0,0.00,6,0.19
1129,2,575,287.50,51,25.50,35048,17524.00,24452,12226.00,1593,796.50,8,4.00
1134,103,42550,413.11,21328,207.07,3558362,34547.20,20804837,201988.71,44624,433.24,7,0.07
1135,32,12135,379.22,3968,124.00,595027,18594.59,5701552,178173.50,860,26.88,6,0.19
1136,5,1591,318.20,514,102.80,74461,14892.20,761530,152306.00,0,0.00,51,10.20
1138,47,9081,193.21,2411,51.30,1109464,23605.62,3357390,71433.83,1640,34.89,62,1.32
1139,3,2026,675.33,621,207.00,69272,23090.67,213537,71179.00,602,200.67,15,5.00
1140,1,414,414.00,208,208.00,33099,33099.00,209482,209482.00,999,999.00,0,0.00
1141,5,1988,397.60,550,110.00,113903,22780.60,314469,62893.80,553,110.60,0,0.00
1142,2,983,491.50,147,73.50,43811,21905.50,132957,66478.50,0,0.00,5,2.50
1143,1,432,432.00,64,64.00,9288,9288.00,47561,47561.00,0,0.00,6,6.00
1144,2,876,438.00,247,123.50,48812,24406.00,99953,49976.50,70,35.00,0,0.00
1145,103,42848,416.00,21424,208.00,3636521,35306.03,20855023,202475.95,39528,383.77,0,0.00
1146,3,1462,487.33,62,20.67,43956,14652.00,139038,46346.00,132,44.00,17,5.67
1147,2,1039,519.50,68,34.00,38659,19329.50,57168,28584.00,0,0.00,10,5.00
1148,4,1971,492.75,410,102.50,90091,22522.75,87113,21778.25,553,138.25,5,1.25
1149,1,382,382.00,164,164.00,23849,23849.00,24577,24577.00,0,0.00,0,0.00
1150,1,386,386.00,170,170.00,23849,23849.00,24577,24577.00,0,0.00,0,0.00
1151,2,665,332.50,289,144.50,79396,39698.00,218229,109114.50,999,499.50,0,0.00
1152,3,1346,448.67,210,70.00,61583,20527.67,196263,65421.00,767,255.67,11,3.67
1153,1,535,535.00,4,4.00,2987,2987.00,144455,144455.00,0,0.00,6,6.00
1154,1,463,463.00,33,33.00,20082,20082.00,15034,15034.00,309,309.00,5,5.00
1155,1,474,474.00,29,29.00,20871,20871.00,21000,21000.00,0,0.00,6,6.00
1156,104,43680,420.00,21840,210.00,3727422,35840.60,21846508,210062.58,33694,323.98,0,0.00
1157,1,535,535.00,273,273.00,7067,7067.00,293220,293220.00,0,0.00,6,6.00
1158,1,77,77.00,4,4.00,14,14.00,0,0.00,0,0.00,52,52.00
1159,3,1200,400.00,369,123.00,73710,24570.00,373334,124444.67,999,333.00,12,4.00
1161,1,445,445.00,63,63.00,8866,8866.00,43136,43136.00,0,0.00,6,6.00
1162,1,465,465.00,33,33.00,20601,20601.00,30068,30068.00,0,0.00,5,5.00
1165,3,1411,470.33,127,42.33,54489,18163.00,89662,29887.33,316,105.33,16,5.33
1166,44,8164,185.55,2006,45.59,1120881,25474.57,2756133,62639.39,6397,145.39,11,0.25
1167,107,45380,424.11,22384,209.20,3796166,35478.19,23471578,219360.54,49061,458.51,5,0.05
1168,2,1080,540.00,577,288.50,14903,7451.50,653420,326710.00,0,0.00,13,6.50
1169,3,1267,422.33,157,52.33,59627,19875.67,223554,74518.00,972,324.00,13,4.33
1170,3,1358,452.67,356,118.67,69266,23088.67,307281,102427.00,1095,365.00,14,4.67
1171,85,33269,391.40,11044,129.93,1629092,19165.79,16605786,195362.19,3327,39.14,5,0.06
1172,28,11062,395.07,3685,131.61,522308,18653.86,5594411,199800.39,96,3.43,13,0.46
1173,8,4443,555.38,802,100.25,121587,15198.38,1549903,193737.88,0,0.00,12,1.50
1174,50,19534,390.68,6606,132.12,959620,19192.40,9990352,199807.04,1145,22.90,0,0.00
1175,24,13798,574.92,6619,275.79,326363,13598.46,2273741,94739.21,572,23.83,100,4.17
1176,2,789,394.50,271,135.50,38432,19216.00,405334,202667.00,0,0.00,0,0.00
1177,22,9108,414.00,2903,131.95,414843,18856.50,3979896,180904.36,1917,87.14,18,0.82
1178,111,47448,427.46,23225,209.23,3984373,35895.25,23451821,211277.67,29034,261.57,6,0.05
1179,1,394,394.00,135,135.00,19259,19259.00,202666,202666.00,0,0.00,0,0.00
1180,2,1562,781.00,774,387.00,43227,21613.50,279648,139824.00,912,456.00,0,0.00
1182,2,508,254.00,70,35.00,39372,19686.00,35137,17568.50,1114,557.00,7,3.50
1183,1,473,473.00,34,34.00,21263,21263.00,31863,31863.00,0,0.00,5,5.00
1184,4,1895,473.75,445,111.25,112797,28199.25,375478,93869.50,1380,345.00,6,1.50
1189,107,46224,432.00,23112,216.00,3966582,37070.86,23304473,217798.81,27784,259.66,0,0.00
1190,3,1435,478.33,273,91.00,53206,17735.33,291132,97044.00,0,0.00,10,3.33
1191,1,390,390.00,131,131.00,19204,19204.00,202666,202666.00,0,0.00,0,0.00
1192,3,1453,484.33,310,103.33,80168,26722.67,264760,88253.33,1057,352.33,11,3.67
1193,1,554,554.00,303,303.00,7472,7472.00,188100,188100.00,361,361.00,6,6.00
1194,42,7266,173.00,1974,47.00,1103035,26262.74,2749992,65476.00,9893,235.55,0,0.00
1196,3,949,316.33,141,47.00,41355,13785.00,82573,27524.33,826,275.33,17,5.67
1197,3,1205,401.67,386,128.67,54879,18293.00,463711,154570.33,0,0.00,12,4.00
1198,3,1430,476.67,131,43.67,55147,18382.33,102917,34305.67,79,26.33,18,6.00
1199,3,1033,344.33,136,45.33,22505,7501.67,381169,127056.33,0,0.00,60,20.00
1200,108,47088,436.00,23544,218.00,4046464,37467.26,24143281,223548.90,27211,251.95,0,0.00
1203,1,559,559.00,1,1.00,2853,2853.00,108525,108525.00,437,437.00,6,6.00
1204,3,1458,486.00,264,88.00,57492,19164.00,644553,214851.00,2020,673.33,10,3.33
1207,2,1134,567.00,333,166.50,11906,5953.00,616083,308041.50,0,0.00,11,5.50
1209,1,503,503.00,32,32.00,24016,24016.00,18278,18278.00,172,172.00,5,5.00
1211,112,49366,440.77,24177,215.87,4190702,37416.98,25176267,224788.10,27507,245.60,10,0.09
1213,4,2038,509.50,367,91.75,66264,16566.00,497462,124365.50,1309,327.25,12,3.00
1214,1,505,505.00,32,32.00,24219,24219.00,28246,28246.00,0,0.00,5,5.00
1215,1,564,564.00,3,3.00,3312,3312.00,178503,178503.00,0,0.00,6,6.00
1218,1,551,551.00,61,61.00,25387,25387.00,15278,15278.00,247,247.00,5,5.00
1219,3,1367,455.67,254,84.67,52470,17490.00,227194,75731.33,1024,341.33,12,4.00
1221,3,1497,499.00,93,31.00,69204,23068.00,61779,20593.00,822,274.00,18,6.00
1222,162,60137,371.22,27366,168.93,5662625,34954.48,28729878,177344.93,35554,219.47,13,0.08
1223,3,1426,475.33,289,96.33,80456,26818.67,261362,87120.67,1418,472.67,12,4.00
1224,1,487,487.00,36,36.00,22052,22052.00,26311,26311.00,135,135.00,5,5.00
1225,1,561,561.00,59,59.00,24286,24286.00,22972,22972.00,566,566.00,6,6.00
1227,1,59,59.00,23,23.00,26722,26722.00,16413,16413.00,0,0.00,8,8.00
1233,112,49962,446.09,24961,222.87,4133601,36907.15,26218689,234095.44,93284,832.89,0,0.00
1234,3,1714,571.33,67,22.33,32957,10985.67,429030,143010.00,556,185.33,17,5.67
1237,1,450,450.00,226,226.00,36256,36256.00,217213,217213.00,999,999.00,0,0.00
1238,2,746,373.00,116,58.00,81910,40955.00,39846,19923.00,670,335.00,5,2.50
1242,2,931,465.50,199,99.50,44305,22152.50,235200,117600.00,0,0.00,6,3.00
1243,2,982,491.00,105,52.50,34556,17278.00,86974,43487.00,0,0.00,12,6.00
1244,118,53595,454.19,25702,217.81,4315766,36574.29,27164153,230204.69,94047,797.01,30,0.25
1245,2,1074,537.00,127,63.50,37579,18789.50,263335,131667.50,80,40.00,6,3.00
1246,2,932,466.00,152,76.00,21535,10767.50,120861,60430.50,590,295.00,12,6.00
1247,3,1128,376.00,79,26.33,14010,4670.00,240152,80050.67,586,195.33,68,22.67
1248,3,1331,443.67,458,152.67,62160,20720.00,100637,33545.67,0,0.00,6,2.00
1250,45,8432,187.38,2232,49.60,1216269,27028.20,3181821,70707.13,11450,254.44,6,0.13
1254,1,575,575.00,64,64.00,27052,27052.00,30966,30966.00,0,0.00,5,5.00
1255,113,51528,456.00,25764,228.00,4239078,37513.96,27495712,243324.88,92357,817.32,0,0.00
1256,1,184,184.00,51,51.00,26620,26620.00,41644,41644.00,535,535.00,0,0.00
1257,2,1121,560.50,378,189.00,34567,17283.50,292806,146403.00,223,111.50,10,5.00
1259,2,983,491.50,264,132.00,63068,31534.00,235073,117536.50,938,469.00,5,2.50
1261,64,26816,419.00,9024,141.00,1320859,20638.42,14745809,230403.27,2901,45.33,0,0.00
1262,26,10944,420.92,3697,142.19,536217,20623.73,5812737,223566.81,1557,59.88,0,0.00
1263,10,4318,431.80,1320,132.00,208942,20894.20,2062775,206277.50,2263,226.30,6,0.60
1264,53,22325,421.23,7538,142.23,1097266,20703.13,11580194,218494.23,4807,90.70,0,0.00
1265,13,5586,429.69,1751,134.69,271666,20897.38,2699070,207620.77,1738,133.69,6,0.46
1266,119,54651,459.25,26828,225.45,4428661,37215.64,28956642,243333.13,93180,783.03,6,0.05
1267,24,10331,430.46,3216,134.00,504054,21002.25,5038548,209939.50,1502,62.58,12,0.50
1268,4,1692,423.00,577,144.25,82830,20707.50,940227,235056.75,0,0.00,0,0.00
1269,42,16216,386.10,7412,176.48,943765,22470.60,261841,6234.31,0,0.00,6,0.14
1270,6,2546,424.33,866,144.33,123196,20532.67,1371916,228652.67,1142,190.33,0,0.00
1273,3,1435,478.33,285,95.00,45392,15130.67,713381,237793.67,0,0.00,6,2.00
1274,1,475,475.00,79,79.00,11055,11055.00,40041,40041.00,447,447.00,6,6.00
1275,2,940,470.00,312,156.00,49041,24520.50,275623,137811.50,933,466.50,6,3.00
1276,2,704,352.00,38,19.00,8813,4406.50,60646,30323.00,0,0.00,8,4.00
1277,117,54429,465.21,27094,231.57,4423324,37806.19,29404843,251323.44,91296,780.31,13,0.11
1278,45,8325,185.00,2250,50.00,1256766,27928.13,3268470,72632.67,15908,353.51,0,0.00
1279,1,597,597.00,5,5.00,3666,3666.00,216155,216155.00,0,0.00,6,6.00
1280,1,597,597.00,342,342.00,8876,8876.00,464440,464440.00,0,0.00,6,6.00
1281,1,554,554.00,63,63.00,26752,26752.00,30383,30383.00,0,0.00,7,7.00
1282,1,190,190.00,53,53.00,27918,27918.00,63909,63909.00,168,168.00,0,0.00
1283,1,466,466.00,234,234.00,38400,38400.00,176344,176344.00,773,773.00,0,0.00
1286,1,524,524.00,34,34.00,25581,25581.00,28551,28551.00,71,71.00,6,6.00
1288,118,55414,469.61,27530,233.31,4520880,38312.54,30048473,254648.08,91241,773.23,12,0.10
1290,2,957,478.50,181,90.50,46985,23492.50,267428,133714.00,0,0.00,6,3.00
1291,1,471,471.00,235,235.00,38975,38975.00,172539,172539.00,680,680.00,0,0.00
1292,1,341,341.00,52,52.00,29832,29832.00,4352,4352.00,0,0.00,0,0.00
1293,1,605,605.00,343,343.00,8568,8568.00,235072,235072.00,305,305.00,6,6.00
1299,119,56123,471.62,27991,235.22,4630888,38915.03,30893845,259612.14,91018,764.86,0,0.00
1301,1,539,539.00,36,36.00,27364,27364.00,24720,24720.00,172,172.00,5,5.00
1304,1,486,486.00,82,82.00,11952,11952.00,78647,78647.00,0,0.00,6,6.00
1305,1,486,486.00,84,84.00,11966,11966.00,78647,78647.00,0,0.00,6,6.00
1306,47,9125,194.15,2499,53.17,1338722,28483.45,3711782,78974.09,14157,301.21,0,0.00
1307,1,190,190.00,52,52.00,28918,28918.00,85958,85958.00,0,0.00,0,0.00
1308,1,542,542.00,37,37.00,27578,27578.00,36564,36564.00,0,0.00,5,5.00
1309,1,576,576.00,69,69.00,28668,28668.00,34341,34341.00,0,0.00,5,5.00
1310,118,56168,476.00,28084,238.00,4676760,39633.56,30983274,262570.12,81516,690.81,0,0.00
1311,2,1147,573.50,36,18.00,30252,15126.00,167667,83833.50,428,214.00,12,6.00
1313,1,617,617.00,354,354.00,8678,8678.00,266236,266236.00,454,454.00,6,6.00
1314,2,1095,547.50,242,121.00,43225,21612.50,301204,150602.00,1049,524.50,6,3.00
1315,1,536,536.00,35,35.00,26730,26730.00,34384,34384.00,0,0.00,6,6.00
1316,2,1410,705.00,564,282.00,31678,15839.00,30268,15134.00,0,0.00,0,0.00
1318,1,616,616.00,352,352.00,9136,9136.00,492100,492100.00,0,0.00,6,6.00
1320,1,474,474.00,254,254.00,42160,42160.00,1623,1623.00,0,0.00,0,0.00
1321,120,57600,480.00,28800,240.00,4782199,39851.66,32538564,271154.70,89945,749.54,0,0.00
1324,1,618,618.00,354,354.00,8668,8668.00,282877,282877.00,487,487.00,6,6.00
1325,1,561,561.00,73,73.00,13698,13698.00,179369,179369.00,331,331.00,0,0.00
1327,2,523,261.50,118,59.00,26059,13029.50,85249,42624.50,0,0.00,36,18.00
1331,1,292,292.00,94,94.00,20171,20171.00,2418,2418.00,0,0.00,0,0.00
1332,121,58576,484.10,29126,240.71,4858313,40151.35,33198395,274366.90,81143,670.60,6,0.05
1333,4,2060,515.00,696,174.00,121303,30325.75,244107,61026.75,790,197.50,0,0.00
1334,47,9071,193.00,2444,52.00,1379293,29346.66,3676575,78225.00,12748,271.23,0,0.00
1335,1,25,25.00,35,35.00,13705,13705.00,665,665.00,0,0.00,30,30.00
1336,2,741,370.50,90,45.00,57090,28545.00,126210,63105.00,0,0.00,6,3.00
1338,1,545,545.00,36,36.00,27567,27567.00,36564,36564.00,0,0.00,6,6.00
1339,1,433,433.00,147,147.00,20719,20719.00,235058,235058.00,0,0.00,2,2.00
1343,121,59048,488.00,29524,244.00,4898475,40483.26,33641796,278031.37,92973,768.37,0,0.00
1346,1,489,489.00,245,245.00,39776,39776.00,230553,230553.00,999,999.00,0,0.00
1347,1,279,279.00,187,187.00,27800,27800.00,2947,2947.00,0,0.00,0,0.00
1351,84,37826,450.31,12571,149.65,1859350,22135.12,21240826,252866.98,9451,112.51,5,0.06
1352,27,12167,450.63,4105,152.04,595993,22073.81,6683833,247549.37,2411,89.30,0,0.00
1353,2,907,453.50,307,153.50,44328,22164.00,539692,269846.00,0,0.00,0,0.00
1354,162,78038,481.72,36095,222.81,5890788,36362.89,43217276,266773.31,89714,553.79,0,0.00
1355,22,10090,458.64,3290,149.55,494874,22494.27,5273114,239687.00,2465,112.05,5,0.23
1356,24,9284,386.83,2638,109.92,1192967,49706.96,499478,20811.58,0,0.00,0,0.00
1357,19,8882,467.47,2714,142.84,443124,23322.32,4344315,228648.16,1829,96.26,18,0.95
1358,8,3725,465.62,1117,139.62,182813,22851.62,1745392,218174.00,898,112.25,6,0.75
1359,3,1659,553.00,111,37.00,84568,28189.33,103797,34599.00,610,203.33,18,6.00
1360,1,453,453.00,154,154.00,21547,21547.00,137430,137430.00,647,647.00,0,0.00
1361,4,1821,455.25,618,154.50,88827,22206.75,1079413,269853.25,0,0.00,0,0.00
1362,50,11003,220.06,3335,66.70,1495761,29915.22,4115957,82319.14,15472,309.44,0,0.00
1363,24,19411,808.79,4230,176.25,1403984,58499.33,413459,17227.46,0,0.00,0,0.00
1364,3,1600,533.33,630,210.00,44784,14928.00,716025,238675.00,696,232.00,13,4.33
1365,124,61460,495.65,30658,247.24,5109297,41204.01,35339498,284995.95,87232,703.48,0,0.00
1367,2,925,462.50,448,224.00,67263,33631.50,430785,215392.50,598,299.00,6,3.00
1368,2,936,468.00,406,203.00,56208,28104.00,40104,20052.00,0,0.00,0,0.00
1376,124,62000,500.00,31000,250.00,5165866,41660.21,33456811,269812.99,89984,725.68,0,0.00
1377,1,404,404.00,166,166.00,21450,21450.00,101855,101855.00,684,684.00,3,3.00
1378,1,505,505.00,253,253.00,40876,40876.00,234905,234905.00,994,994.00,0,0.00
1380,1,518,518.00,94,94.00,13728,13728.00,103691,103691.00,0,0.00,5,5.00
1381,1,511,511.00,91,91.00,13284,13284.00,97106,97106.00,0,0.00,6,6.00
1382,2,1073,536.50,129,64.50,42525,21262.50,138231,69115.50,0,0.00,12,6.00
1383,2,1137,568.50,163,81.50,44128,22064.00,136764,68382.00,0,0.00,12,6.00
1385,1,513,513.00,91,91.00,13284,13284.00,97106,97106.00,0,0.00,6,6.00
1387,125,63000,504.00,31500,252.00,5277905,42223.24,34738788,277910.30,82183,657.46,0,0.00
1389,2,588,294.00,225,112.50,22813,11406.50,269990,134995.00,1188,594.00,84,42.00
1390,49,9849,201.00,2646,54.00,1496798,30546.90,4157128,84839.35,17192,350.86,0,0.00
1391,1,509,509.00,254,254.00,42539,42539.00,208632,208632.00,548,548.00,0,0.00
1392,1,622,622.00,76,76.00,32112,32112.00,36295,36295.00,724,724.00,6,6.00
1393,1,202,202.00,55,55.00,30772,30772.00,97281,97281.00,0,0.00,0,0.00
1396,1,692,692.00,26,26.00,7613,7613.00,61038,61038.00,1224,1224.00,0,0.00
1398,126,64008,508.00,32004,254.00,5271604,41838.13,38965531,309250.25,113514,900.90,0,0.00
1403,1,570,570.00,39,39.00,30078,30078.00,43506,43506.00,0,0.00,6,6.00
1404,1,376,376.00,122,122.00,17735,17735.00,172676,172676.00,0,0.00,5,5.00
1408,3,1675,558.33,263,87.67,59203,19734.33,249433,83144.33,0,0.00,18,6.00
1409,128,65537,512.01,32770,256.02,5461149,42665.23,38181771,298295.09,94380,737.34,0,0.00
1410,2,1254,627.00,123,61.50,46006,23003.00,54164,27082.00,750,375.00,6,3.00
1411,1,521,521.00,94,94.00,13728,13728.00,103691,103691.00,0,0.00,6,6.00
1413,1,515,515.00,258,258.00,43802,43802.00,254078,254078.00,352,352.00,0,0.00
1415,1,555,555.00,94,94.00,14244,14244.00,90870,90870.00,0,0.00,5,5.00
1418,50,10250,205.00,2750,55.00,1563517,31270.34,4347393,86947.86,16104,322.08,0,0.00
1420,130,67456,518.89,33076,254.43,5528104,42523.88,39863702,306643.86,93548,719.60,0,0.00
1421,1,206,206.00,56,56.00,31405,31405.00,101228,101228.00,0,0.00,0,0.00
1425,1,62,62.00,27,27.00,75584,75584.00,19507,19507.00,376,376.00,2,2.00
1431,129,67080,520.00,33540,260.00,5549204,43017.09,38653180,299637.05,109572,849.40,0,0.00
1432,3,1908,636.00,96,32.00,24342,8114.00,690462,230154.00,505,168.33,16,5.33
1433,1,475,475.00,161,161.00,23460,23460.00,158053,158053.00,0,0.00,0,0.00
1434,5,3813,762.60,526,105.20,70945,14189.00,2108138,421627.60,0,0.00,26,5.20
1435,2,1380,690.00,6,3.00,11540,5770.00,785882,392941.00,0,0.00,10,5.00
1436,6,5457,909.50,1341,223.50,79075,13179.17,3812499,635416.50,865,144.17,30,5.00
1437,4,2517,629.25,687,171.75,74889,18722.25,1106638,276659.50,0,0.00,17,4.25
1438,12,11816,984.67,3572,297.67,188596,15716.33,7641263,636771.92,1496,124.67,60,5.00
1439,3,2195,731.67,642,214.00,48903,16301.00,692877,230959.00,331,110.33,17,5.67
1440,3,2788,929.33,1153,384.33,84250,28083.33,2010697,670232.33,994,331.33,10,3.33
1441,67,32208,480.72,10668,159.22,1581753,23608.25,18625441,277991.66,11277,168.31,5,0.07
1442,162,84971,524.51,38123,235.33,6294767,38856.59,49811440,307478.02,105341,650.25,35,0.22
1443,5,3766,753.20,1484,296.80,133743,26748.60,2657723,531544.60,323,64.60,10,2.00
1444,56,29061,518.95,9006,160.82,1239851,22140.20,17150768,306263.71,7753,138.45,30,0.54
1445,25,12273,490.92,3920,156.80,570071,22802.84,7229432,289177.28,3455,138.20,5,0.20
1446,63,17815,282.78,5506,87.40,1905170,30240.79,8636866,137093.11,18535,294.21,80,1.27
1447,17,8197,482.18,2772,163.06,398488,23440.47,4797071,282180.65,3875,227.94,0,0.00
1448,9,7387,820.78,2278,253.11,165557,18395.22,5051624,561291.56,507,56.33,30,3.33
1449,6,4525,754.17,1265,210.83,125160,20860.00,2381644,396940.67,1479,246.50,21,3.50
1450,10,9292,929.20,2884,288.40,190524,19052.40,5572030,557203.00,1718,171.80,46,4.60
1451,2,1181,590.50,167,83.50,29449,14724.50,699979,349989.50,0,0.00,5,2.50
1452,4,3459,864.75,1057,264.25,70844,17711.00,2040408,510102.00,367,91.75,15,3.75
1453,139,74348,534.88,35855,257.95,5889641,42371.52,43071799,309869.06,114497,823.72,15,0.11
1454,3,3423,1141.00,1338,446.00,62351,20783.67,2272519,757506.33,279,93.00,15,5.00
1455,9,7157,795.22,903,100.33,81287,9031.89,4283349,475927.67,890,98.89,45,5.00
1456,2,1394,697.00,2,1.00,11540,5770.00,785882,392941.00,0,0.00,10,5.00
1457,18,12887,715.94,3148,174.89,394095,21894.17,3733137,207396.50,0,0.00,20,1.11
1458,2,1179,589.50,164,82.00,29754,14877.00,699999,349999.50,0,0.00,5,2.50
1459,6,4636,772.67,458,76.33,49786,8297.67,2848934,474822.33,0,0.00,30,5.00
1460,5,4386,877.20,900,180.00,59086,11817.20,2947279,589455.80,0,0.00,25,5.00
1461,3,2099,699.67,6,2.00,16809,5603.00,888185,296061.67,534,178.00,15,5.00
1462,5,3783,756.60,549,109.80,52249,10449.80,1996192,399238.40,553,110.60,26,5.20
1463,5,5124,1024.80,1888,377.60,97546,19509.20,2773099,554619.80,599,119.80,26,5.20
1464,136,73918,543.51,36008,264.76,5726060,42103.38,43333512,318628.76,160564,1180.62,20,0.15
1465,5,5128,1025.60,1889,377.80,97417,19483.40,3411703,682340.60,741,148.20,26,5.20
1466,6,3972,662.00,937,156.17,92897,15482.83,1725305,287550.83,1263,210.50,28,4.67
1467,4,3093,773.25,551,137.75,47068,11767.00,1787621,446905.25,0,0.00,21,5.25
1468,4,4147,1036.75,1341,335.25,68306,17076.50,2956306,739076.50,117,29.25,20,5.00
1469,10,9547,954.70,2962,296.20,185740,18574.00,6394589,639458.90,1649,164.90,45,4.50
1470,3,3007,1002.33,899,299.67,47306,15768.67,1997193,665731.00,265,88.33,15,5.00
1471,3,3447,1149.00,1339,446.33,62164,20721.33,1958761,652920.33,478,159.33,15,5.00
1472,3,3007,1002.33,896,298.67,46298,15432.67,1612850,537616.67,1247,415.67,15,5.00
1473,3,3007,1002.33,896,298.67,46824,15608.00,2041877,680625.67,721,240.33,15,5.00
1474,55,14088,256.15,3862,70.22,1741802,31669.13,6988321,127060.38,15879,288.71,15,0.27
1475,135,73145,541.81,36095,267.37,5790058,42889.32,42946093,318119.21,160926,1192.04,10,0.07
1476,1,65,65.00,26,26.00,75572,75572.00,19506,19506.00,376,376.00,4,4.00
1478,1,1154,1154.00,448,448.00,20901,20901.00,884230,884230.00,0,0.00,5,5.00
1479,1,221,221.00,60,60.00,32645,32645.00,109333,109333.00,0,0.00,0,0.00
1483,2,1651,825.50,752,376.00,86921,43460.50,829205,414602.50,838,419.00,0,0.00
1485,1,504,504.00,183,183.00,24161,24161.00,308442,308442.00,0,0.00,0,0.00
1486,134,72360,540.00,36180,270.00,5858534,43720.40,42412428,316510.66,161577,1205.80,0,0.00
1487,2,1700,850.00,722,361.00,64639,32319.50,859629,429814.50,1705,852.50,5,2.50
1488,2,1008,504.00,430,215.00,61320,30660.00,47640,23820.00,0,0.00,0,0.00
1490,1,547,547.00,103,103.00,15060,15060.00,124742,124742.00,0,0.00,6,6.00
1492,2,2028,1014.00,911,455.50,44869,22434.50,212487,106243.50,1844,922.00,6,3.00
1497,136,73984,544.00,36992,272.00,5992945,44065.77,43245618,317982.49,164273,1207.89,0,0.00
1502,53,11501,217.00,3074,58.00,1759338,33195.06,5033443,94970.62,14599,275.45,0,0.00
1504,5,1856,371.20,692,138.40,122831,24566.20,44406,8881.20,0,0.00,47,9.40
1508,138,75502,547.12,37326,270.48,6084752,44092.41,44108544,319627.13,163993,1188.36,0,0.00
1512,1,563,563.00,102,102.00,13941,13941.00,104528,104528.00,833,833.00,6,6.00
1514,1,1512,1512.00,757,757.00,35451,35451.00,1314356,1314356.00,0,0.00,0,0.00
1516,1,752,752.00,26,26.00,9641,9641.00,87126,87126.00,0,0.00,0,0.00
1517,1,553,553.00,279,279.00,45124,45124.00,258325,258325.00,993,993.00,0,0.00
1518,4,4126,1031.50,1856,464.00,95520,23880.00,606430,151607.50,0,0.00,12,3.00
1519,137,75624,552.00,37812,276.00,6134348,44776.26,43926180,320629.05,165201,1205.85,0,0.00
1529,1,765,765.00,3,3.00,8748,8748.00,539752,539752.00,532,532.00,0,0.00
1530,192,88662,461.78,41550,216.41,8043787,41894.72,49915050,259974.22,186527,971.49,0,0.00
1531,72,36648,509.00,12312,171.00,1801807,25025.10,23742986,329763.69,7082,98.36,0,0.00
1532,30,15332,511.07,5167,172.23,747551,24918.37,9540353,318011.77,6142,204.73,0,0.00
1533,3,1583,527.67,627,209.00,96008,32002.67,953911,317970.33,990,330.00,0,0.00
1534,57,28813,505.49,9697,170.12,1435392,25182.32,18899395,331568.33,6040,105.96,0,0.00
1535,19,9687,509.84,3210,168.95,482458,25392.53,5603515,294921.84,4315,227.11,0,0.00
1536,2,1026,513.00,347,173.50,49096,24548.00,576747,288373.50,1197,598.50,0,0.00
1537,15,7681,512.07,2597,173.13,377214,25147.60,5199405,346627.00,0,0.00,0,0.00
1538,3,1599,533.00,460,153.33,66541,22180.33,838340,279446.67,0,0.00,5,1.67
1540,4,2054,513.50,696,174.00,100681,25170.25,1386539,346634.75,0,0.00,0,0.00
1541,141,79502,563.84,39572,280.65,6391072,45326.75,46236031,327915.11,167697,1189.34,0,0.00
1543,2,1079,539.50,320,160.00,47150,23575.00,547038,273519.00,259,129.50,0,0.00
1545,1,561,561.00,283,283.00,24360,24360.00,314296,314296.00,0,0.00,0,0.00
1546,1,566,566.00,109,109.00,15948,15948.00,139856,139856.00,0,0.00,6,6.00
1548,3,1214,404.67,402,134.00,61415,20471.67,477202,159067.33,1406,468.67,16,5.33
1549,1,514,514.00,175,175.00,24842,24842.00,205550,205550.00,446,446.00,0,0.00
1550,1,514,514.00,174,174.00,25384,25384.00,182028,182028.00,0,0.00,0,0.00
1551,12,9165,763.75,3948,329.00,306205,25517.08,209949,17495.75,0,0.00,0,0.00
1552,140,78960,564.00,39480,282.00,6416531,45832.36,45529877,325213.41,168823,1205.88,0,0.00
1554,2,1039,519.50,348,174.00,50583,25291.50,588602,294301.00,296,148.00,0,0.00
1558,56,12943,231.12,3584,64.00,1925593,34385.59,5993221,107021.80,18523,330.77,0,0.00
1560,1,479,479.00,166,166.00,24197,24197.00,307042,307042.00,86,86.00,6,6.00
1561,1,226,226.00,61,61.00,34486,34486.00,122058,122058.00,0,0.00,0,0.00
1562,3,1636,545.33,664,221.33,100465,33488.33,962217,320739.00,295,98.33,0,0.00
1563,143,81811,572.10,40806,285.36,6602709,46172.79,47330442,330982.11,171395,1198.57,0,0.00
1564,1,541,541.00,204,204.00,25124,25124.00,346626,346626.00,0,0.00,0,0.00
1568,1,520,520.00,176,176.00,25680,25680.00,346810,346810.00,0,0.00,0,0.00
1570,1,574,574.00,112,112.00,16392,16392.00,147737,147737.00,0,0.00,6,6.00
1571,1,574,574.00,112,112.00,15421,15421.00,140134,140134.00,968,968.00,6,6.00
1572,1,575,575.00,112,112.00,16392,16392.00,147737,147737.00,0,0.00,6,6.00
1573,1,683,683.00,175,175.00,32545,32545.00,25563,25563.00,0,0.00,0,0.00
1574,143,81800,572.03,40725,284.79,6624543,46325.48,46795780,327243.22,171239,1197.48,6,0.04
1577,1,104,104.00,2,2.00,22,22.00,0,0.00,0,0.00,71,71.00
1580,1,574,574.00,289,289.00,47215,47215.00,272993,272993.00,988,988.00,0,0.00
1585,143,82368,576.00,41184,288.00,6705017,46888.23,47222753,330229.04,172447,1205.92,0,0.00
1586,56,12824,229.00,3416,61.00,1938662,34618.96,6032403,107721.48,28761,513.59,0,0.00
1589,2,663,331.50,303,151.50,47748,23874.00,340724,170362.00,1309,654.50,10,5.00
1594,1,234,234.00,65,65.00,35130,35130.00,126473,126473.00,0,0.00,0,0.00
1596,144,83520,580.00,41760,290.00,6802587,47240.19,47808081,332000.56,173655,1205.94,0,0.00
1597,1,583,583.00,115,115.00,16836,16836.00,155834,155834.00,0,0.00,6,6.00
1598,2,1410,705.00,94,47.00,33652,16826.00,39480,19740.00,0,0.00,0,0.00
1599,3,1194,398.00,446,148.67,81173,27057.67,435093,145031.00,988,329.33,42,14.00
1600,1,592,592.00,112,112.00,16244,16244.00,145086,145086.00,0,0.00,6,6.00
1602,1,585,585.00,115,115.00,16836,16836.00,155834,155834.00,0,0.00,6,6.00
1607,145,84680,584.00,42340,292.00,6900861,47592.14,48404177,333821.91,174863,1205.95,0,0.00
1608,2,1134,567.00,339,169.50,49405,24702.50,158230,79115.00,62,31.00,6,3.00
1610,1,585,585.00,293,293.00,48257,48257.00,281270,281270.00,988,988.00,0,0.00
1614,57,13281,233.00,3534,62.00,2008259,35232.61,6253058,109702.77,29528,518.04,0,0.00
1618,146,85848,588.00,42924,294.00,6999839,47944.10,49011191,335693.09,176071,1205.97,0,0.00
1621,69,37243,539.75,12603,182.65,1849840,26809.28,24876310,360526.23,9660,140.00,0,0.00
1622,24,14051,585.46,5066,211.08,643585,26816.04,8228921,342871.71,2799,116.62,0,0.00
1623,6,3003,500.50,917,152.83,157920,26320.00,1807048,301174.67,1520,253.33,6,1.00
1624,57,30828,540.84,10381,182.12,1512509,26535.25,20942044,367404.28,4565,80.09,0,0.00
1625,21,11443,544.90,3787,180.33,544953,25950.14,6808813,324229.19,4623,220.14,6,0.29
1626,4,2214,553.50,666,166.50,96511,24127.75,1144356,286089.00,662,165.50,6,1.50
1627,19,10306,542.42,3480,183.16,503931,26522.68,6713663,353350.68,1956,102.95,0,0.00
1628,7,3850,550.00,1221,174.43,175539,25077.00,2030674,290096.29,1561,223.00,6,0.86
1629,149,88164,591.70,43995,295.27,7175137,48155.28,50304929,337616.97,178267,1196.42,0,0.00
1640,149,88764,595.73,44660,299.73,7248976,48650.85,50596898,339576.50,180023,1208.21,5,0.03
1642,58,13746,237.00,3654,63.00,2082693,35908.50,6380092,110001.59,28338,488.59,0,0.00
1645,3,3196,1065.33,940,313.33,56353,18784.33,98982,32994.00,0,0.00,0,0.00
1646,1,240,240.00,65,65.00,36357,36357.00,135512,135512.00,0,0.00,0,0.00
1647,1,602,602.00,301,301.00,50683,50683.00,309159,309159.00,542,542.00,0,0.00
1649,1,600,600.00,121,121.00,17724,17724.00,172676,172676.00,0,0.00,6,6.00
1651,149,89400,600.00,44700,300.00,7300997,48999.98,50899241,341605.64,179695,1206.01,0,0.00
1654,2,1206,603.00,423,211.50,67523,33761.50,460688,230344.00,944,472.00,6,3.00
1655,1,601,601.00,303,303.00,25845,25845.00,281931,281931.00,251,251.00,0,0.00
1659,2,1288,644.00,233,116.50,47474,23737.00,230861,115430.50,0,0.00,11,5.50
1661,1,547,547.00,184,184.00,27277,27277.00,388687,388687.00,0,0.00,0,0.00
1662,150,90600,604.00,45300,302.00,7402791,49351.94,51551427,343676.18,180903,1206.02,0,0.00
1668,1,608,608.00,304,304.00,51383,51383.00,322758,322758.00,537,537.00,0,0.00
1670,59,14219,241.00,3776,64.00,2154419,36515.58,6670566,113060.44,27921,473.24,0,0.00
1671,1,557,557.00,2,2.00,2850,2850.00,133903,133903.00,0,0.00,30,30.00
1672,1,382,382.00,23,23.00,3072,3072.00,5267,5267.00,0,0.00,45,45.00
1673,151,91808,608.00,45904,304.00,7505289,49703.90,52215281,345796.56,182111,1206.03,0,0.00
1674,1,244,244.00,66,66.00,36962,36962.00,140136,140136.00,0,0.00,0,0.00
1676,1,609,609.00,305,305.00,50468,50468.00,295577,295577.00,955,955.00,0,0.00
1684,153,93134,608.72,46513,304.01,7608502,49728.77,52890953,345692.50,183319,1198.16,76,0.50
1687,1,613,613.00,307,307.00,52129,52129.00,332793,332793.00,532,532.00,0,0.00
1688,1,553,553.00,186,186.00,28043,28043.00,389090,389090.00,0,0.00,0,0.00
1691,1,622,622.00,122,122.00,17724,17724.00,172676,172676.00,0,0.00,6,6.00
1692,4,3102,775.50,2068,517.00,81498,20374.50,30268,7567.00,0,0.00,0,0.00
1693,3,1954,651.33,561,187.00,104491,34830.33,89137,29712.33,0,0.00,0,0.00
1695,153,94248,616.00,47124,308.00,7712397,50407.82,53578593,350186.88,184527,1206.06,0,0.00
1698,61,15317,251.10,4209,69.00,2289973,37540.54,7543218,123659.31,21708,355.87,0,0.00
1701,1,625,625.00,121,121.00,17724,17724.00,172676,172676.00,0,0.00,7,7.00
1702,1,626,626.00,123,123.00,17766,17766.00,172691,172691.00,0,0.00,6,6.00
1704,1,247,247.00,67,67.00,37010,37010.00,111229,111229.00,1447,1447.00,0,0.00
1706,154,95480,620.00,47740,310.00,7817007,50759.79,54278351,352456.82,185735,1206.07,0,0.00
1709,1,621,621.00,311,311.00,52778,52778.00,341535,341535.00,528,528.00,0,0.00
1711,74,42106,569.00,14134,191.00,2062612,27873.14,30450518,411493.49,15558,210.24,0,0.00
1712,32,18266,570.81,6150,192.19,892321,27885.03,12684848,396401.50,6346,198.31,0,0.00
1713,3,1716,572.00,578,192.67,82930,27643.33,1148486,382828.67,1319,439.67,0,0.00
1714,53,30245,570.66,10181,192.09,1484509,28009.60,22064251,416306.62,4555,85.94,0,0.00
1715,11,6290,571.82,2125,193.18,307362,27942.00,4597778,417979.82,1669,151.73,0,0.00
1716,1,574,574.00,194,194.00,27745,27745.00,295326,295326.00,347,347.00,0,0.00
1717,173,107020,618.61,51835,299.62,8423475,48690.61,61993078,358341.49,191719,1108.20,0,0.00
1718,4,2297,574.25,778,194.50,111089,27772.25,1590329,397582.25,1349,337.25,0,0.00
1719,4,2315,578.75,785,196.25,112472,28118.00,1732051,433012.75,0,0.00,0,0.00
1720,4,2344,586.00,892,223.00,136131,34032.75,1613716,403429.00,1010,252.50,0,0.00
1721,1,574,574.00,194,194.00,28140,28140.00,433036,433036.00,0,0.00,0,0.00
1723,1,574,574.00,194,194.00,28151,28151.00,433036,433036.00,0,0.00,0,0.00
1725,1,579,579.00,197,197.00,28215,28215.00,433020,433020.00,0,0.00,0,0.00
1726,62,15762,254.23,4221,68.08,2333962,37644.55,7803499,125862.89,37278,601.26,0,0.00
1728,158,99120,627.34,49462,313.05,8099883,51265.08,55779477,353034.66,188151,1190.83,0,0.00
1729,1,115,115.00,2,2.00,11,11.00,0,0.00,0,0.00,78,78.00
1731,1,629,629.00,315,315.00,52030,52030.00,319216,319216.00,1021,1021.00,0,0.00
1733,1,257,257.00,70,70.00,38216,38216.00,149646,149646.00,0,0.00,0,0.00
1734,1,562,562.00,187,187.00,28924,28924.00,389691,389691.00,0,0.00,0,0.00
1739,165,107214,649.78,53983,327.17,8349851,50605.16,56619153,343146.38,189359,1147.63,0,0.00
1745,1,637,637.00,319,319.00,53332,53332.00,323905,323905.00,713,713.00,0,0.00
1750,159,101063,635.62,50439,317.23,8280482,52078.50,57515752,361734.29,189782,1193.60,0,0.00
1753,1,118,118.00,3,3.00,27,27.00,2,2.00,0,0.00,79,79.00
1754,63,16327,259.16,4475,71.03,2435392,38657.02,8057382,127894.95,33526,532.16,0,0.00
1757,1,639,639.00,131,131.00,19204,19204.00,202666,202666.00,0,0.00,6,6.00
1759,1,738,738.00,101,101.00,19955,19955.00,503435,503435.00,0,0.00,0,0.00
1761,160,102403,640.02,51044,319.02,8384701,52404.38,58201836,363761.47,190985,1193.66,0,0.00
1762,1,640,640.00,320,320.00,53079,53079.00,328770,328770.00,1026,1026.00,0,0.00
1772,161,103684,644.00,51842,322.00,8521627,52929.36,58951384,366157.66,193214,1200.09,0,0.00
1775,1,566,566.00,190,190.00,33826,33826.00,389786,389786.00,0,0.00,0,0.00
1779,3,1466,488.67,271,90.33,41766,13922.00,583837,194612.33,0,0.00,86,28.67
1780,1,651,651.00,132,132.00,19204,19204.00,202666,202666.00,0,0.00,6,6.00
1782,64,16448,257.00,4352,68.00,2491674,38932.41,8158094,127470.22,28458,444.66,0,0.00
1783,161,104328,648.00,52164,324.00,8577789,53278.19,59407281,368989.32,193391,1201.19,0,0.00
1786,2,1448,724.00,372,186.00,73866,36933.00,373466,186733.00,674,337.00,0,0.00
1794,162,105624,652.00,52812,326.00,8688086,53630.16,60208625,371658.18,194594,1201.20,0,0.00
1795,1,264,264.00,70,70.00,39492,39492.00,154597,154597.00,0,0.00,0,0.00
1801,60,35940,599.00,12060,201.00,1766010,29433.50,26996024,449933.73,7789,129.82,0,0.00
1802,26,15625,600.96,5261,202.35,765672,29448.92,11639342,447667.00,2976,114.46,0,0.00
1803,7,4219,602.71,1420,202.86,206262,29466.00,3111290,444470.00,677,96.71,0,0.00
1804,55,33035,600.64,11118,202.15,1611848,29306.33,23535091,427910.75,14759,268.35,0,0.00
1805,179,116564,651.20,56714,316.84,9270442,51790.18,68227845,381161.15,197655,1104.22,0,0.00
1806,5,3020,604.00,1019,203.80,147903,29580.60,2398984,479796.80,0,0.00,0,0.00
1807,14,8434,602.43,2844,203.14,411401,29385.79,5955189,425370.64,2816,201.14,0,0.00
1808,9,5436,604.00,1839,204.33,264060,29340.00,3945737,438415.22,2234,248.22,0,0.00
1809,1,603,603.00,205,205.00,29586,29586.00,479796,479796.00,0,0.00,0,0.00
1810,66,17571,266.23,4689,71.05,2603447,39446.17,8731269,132291.95,38508,583.45,0,0.00
1811,1,606,606.00,205,205.00,29621,29621.00,479798,479798.00,0,0.00,0,0.00
1812,2,1268,634.00,538,269.00,84154,42077.00,822311,411155.50,1026,513.00,0,0.00
1813,8,5606,700.75,1599,199.88,292084,36510.50,719758,89969.75,0,0.00,0,0.00
1814,2,1206,603.00,408,204.00,59204,29602.00,677299,338649.50,113,56.50,0,0.00
1815,1,609,609.00,206,206.00,29821,29821.00,479796,479796.00,0,0.00,0,0.00
1816,165,108900,660.00,54450,330.00,8965631,54337.16,62197932,376957.16,198026,1200.16,0,0.00
1827,165,109560,664.00,54780,332.00,9023201,54686.07,62694065,379964.03,198203,1201.23,0,0.00
1828,1,730,730.00,254,254.00,29564,29564.00,479796,479796.00,0,0.00,0,0.00
1833,6,3713,618.83,1598,266.33,214743,35790.50,108288,18048.00,0,0.00,0,0.00
1838,231,128113,554.60,59994,259.71,11752849,50878.13,72054016,311922.15,242730,1050.78,0,0.00
1841,1,193,193.00,11,11.00,355,355.00,126,126.00,0,0.00,41,41.00
1842,2,797,398.50,339,169.50,53205,26602.50,388383,194191.50,1791,895.50,83,41.50
1844,1,269,269.00,72,72.00,39940,39940.00,134429,134429.00,1612,1612.00,0,0.00
1848,1,612,612.00,251,251.00,36900,36900.00,23736,23736.00,1272,1272.00,0,0.00
1849,167,112224,672.00,56112,336.00,9251758,55399.75,64384076,385533.39,200454,1200.32,0,0.00
1851,1,678,678.00,334,334.00,56455,56455.00,373264,373264.00,653,653.00,0,0.00
1852,2,1344,672.00,478,239.00,76590,38295.00,592098,296049.00,1026,513.00,6,3.00
1853,2,900,450.00,247,123.50,104158,52079.00,514189,257094.50,888,444.00,0,0.00
1856,1,673,673.00,141,141.00,20684,20684.00,235056,235056.00,0,0.00,6,6.00
1860,168,113568,676.00,56784,338.00,9366256,55751.52,65268159,388500.95,201667,1200.40,0,0.00
1861,1,80,80.00,32,32.00,44214,44214.00,3216,3216.00,1032,1032.00,24,24.00
1863,1,677,677.00,339,339.00,56258,56258.00,360801,360801.00,1026,1026.00,0,0.00
1866,67,17788,265.49,4733,70.64,2707394,40408.87,8944821,133504.79,45556,679.94,42,0.63
1867,1,679,679.00,141,141.00,20438,20438.00,164564,164564.00,240,240.00,6,6.00
1868,1,632,632.00,235,235.00,30394,30394.00,483576,483576.00,0,0.00,0,0.00
1869,1,270,270.00,72,72.00,41309,41309.00,174788,174788.00,0,0.00,0,0.00
1871,169,114920,680.00,57460,340.00,9481491,56103.50,66166611,391518.41,202869,1200.41,0,0.00
1872,2,1320,660.00,546,273.00,83723,41861.50,755544,377772.00,3014,1507.00,0,0.00
1875,1,619,619.00,210,210.00,30720,30720.00,345221,345221.00,306,306.00,0,0.00
1876,1,683,683.00,141,141.00,20684,20684.00,235056,235056.00,0,0.00,6,6.00
1879,1,41,41.00,53,53.00,19261,19261.00,935,935.00,0,0.00,42,42.00
1880,4,1974,493.50,188,47.00,116654,29163.50,51465,12866.25,0,0.00,0,0.00
1882,170,116280,684.00,58140,342.00,9595982,56446.95,67006580,394156.35,203978,1199.87,0,0.00
1886,1,128,128.00,3,3.00,22,22.00,0,0.00,0,0.00,85,85.00
1889,1,690,690.00,346,346.00,55968,55968.00,379294,379294.00,1351,1351.00,0,0.00
1891,78,49062,629.00,16458,211.00,2400752,30778.87,38751034,496808.13,20612,264.26,0,0.00
1892,30,18929,630.97,6365,212.17,927386,30912.87,15450139,515004.63,3917,130.57,0,0.00
1893,176,120875,686.79,60023,341.04,9894112,56216.55,70423689,400134.60,206207,1171.63,0,0.00
1894,111,46079,415.13,14283,128.68,4153922,37422.72,30923772,278592.54,59353,534.71,0,0.00
1895,12,7589,632.42,2563,213.58,368708,30725.67,5774318,481193.17,3955,329.58,0,0.00
1896,5,3164,632.80,1068,213.60,155088,31017.60,2523387,504677.40,260,52.00,0,0.00
1897,20,12651,632.55,4265,213.25,616426,30821.30,9233921,461696.05,4918,245.90,0,0.00
1898,1,278,278.00,75,75.00,41585,41585.00,101231,101231.00,1220,1220.00,0,0.00
1899,1,633,633.00,214,214.00,31086,31086.00,529001,529001.00,0,0.00,0,0.00
1900,1,633,633.00,213,213.00,31100,31100.00,529016,529016.00,0,0.00,0,0.00
1901,3,1901,633.67,646,215.33,91627,30542.33,1182347,394115.67,1624,541.33,0,0.00
1902,1,634,634.00,217,217.00,31082,31082.00,528988,528988.00,0,0.00,0,0.00
1904,172,119024,692.00,59512,346.00,9826892,57133.09,68765230,399797.85,206382,1199.90,0,0.00
1907,1,129,129.00,3,3.00,27,27.00,2,2.00,0,0.00,86,86.00
1910,1,696,696.00,348,348.00,56777,56777.00,387988,387988.00,1298,1298.00,0,0.00
1915,173,120408,696.00,60204,348.00,9944970,57485.38,69721432,403014.06,207579,1199.88,0,0.00
1918,1,699,699.00,349,349.00,58020,58020.00,380348,380348.00,1026,1026.00,0,0.00
1919,1,638,638.00,219,219.00,30747,30747.00,354784,354784.00,401,401.00,0,0.00
1922,69,19466,282.12,5204,75.42,2890341,41889.00,10010564,145080.64,43926,636.61,0,0.00
1926,174,121800,700.00,60900,350.00,10064552,57842.25,70525860,405321.03,208268,1196.94,0,0.00
1927,4,4324,1081.00,1692,423.00,156510,39127.50,109698,27424.50,0,0.00,0,0.00
1928,2,965,482.50,236,118.00,65616,32808.00,346695,173347.50,584,292.00,7,3.50
1930,1,130,130.00,4,4.00,25,25.00,0,0.00,0,0.00,87,87.00
1932,1,702,702.00,352,352.00,58381,58381.00,384405,384405.00,1026,1026.00,0,0.00
1933,3,2247,749.00,633,211.00,118959,39653.00,100500,33500.00,948,316.00,0,0.00
1937,175,123200,704.00,61600,352.00,10183998,58194.27,71511958,408639.76,209466,1196.95,0,0.00
1938,2,1338,669.00,365,182.50,53556,26778.00,667254,333627.00,611,305.50,7,3.50
1943,1,706,706.00,354,354.00,58755,58755.00,388514,388514.00,1026,1026.00,0,0.00
1948,176,124608,708.00,62304,354.00,10298504,58514.23,72279064,410676.50,210662,1196.94,0,0.00
1950,69,19389,281.00,5106,74.00,2936076,42551.83,10004527,144993.14,51012,739.30,0,0.00
1953,1,282,282.00,75,75.00,41645,41645.00,102849,102849.00,728,728.00,0,0.00
1954,1,710,710.00,356,356.00,59085,59085.00,392673,392673.00,1026,1026.00,0,0.00
1957,1,131,131.00,5,5.00,47,47.00,0,0.00,0,0.00,88,88.00
1959,177,126024,712.00,63012,356.00,10419309,58866.15,73294730,414094.52,211861,1196.95,0,0.00
1962,1,711,711.00,151,151.00,22164,22164.00,269846,269846.00,0,0.00,6,6.00
1963,2,1369,684.50,370,185.00,54301,27150.50,608465,304232.50,1437,718.50,6,3.00
1968,2,830,415.00,319,159.50,49758,24879.00,42818,21409.00,1914,957.00,0,0.00
1970,178,127448,716.00,63724,358.00,10539078,59208.30,74214096,416933.12,213057,1196.95,0,0.00
1971,1,717,717.00,153,153.00,22188,22188.00,269848,269848.00,0,0.00,6,6.00
1972,1,717,717.00,153,153.00,22188,22188.00,269848,269848.00,0,0.00,6,6.00
1974,40,3948,98.70,3666,91.65,384648,9616.20,70453,1761.33,0,0.00,94,2.35
1976,1,718,718.00,361,361.00,59792,59792.00,401141,401141.00,1026,1026.00,0,0.00
1978,70,19950,285.00,5250,75.00,3030344,43290.63,10460766,149439.51,49830,711.86,0,0.00
1981,252,176614,700.85,80428,319.16,13036529,51732.26,114933694,456086.09,224511,890.92,0,0.00
1982,28,18497,660.61,6218,222.07,904115,32289.82,15072815,538314.82,6534,233.36,0,0.00
1983,5,3314,662.80,1114,222.80,162620,32524.00,2902880,580576.00,0,0.00,0,0.00
1984,57,37713,661.63,12797,224.51,1875615,32905.53,30951378,543006.63,7489,131.39,0,0.00
1985,20,13258,662.90,4469,223.45,645807,32290.35,10328995,516449.75,4915,245.75,0,0.00
1986,6,3979,663.17,1343,223.83,195292,32548.67,3483475,580579.17,0,0.00,0,0.00
1987,12,7938,661.50,2677,223.08,389587,32465.58,6625520,552126.67,967,80.58,0,0.00
1988,3,1986,662.00,671,223.67,97658,32552.67,1741743,580581.00,0,0.00,0,0.00
1989,1,669,669.00,219,219.00,34419,34419.00,529496,529496.00,0,0.00,0,0.00
1990,2,1329,664.50,449,224.50,65124,32562.00,1161156,580578.00,0,0.00,0,0.00
1992,180,130320,724.00,65160,362.00,10789284,59940.47,76794638,426636.88,215147,1195.26,0,0.00
1993,1,137,137.00,3,3.00,12,12.00,1,1.00,0,0.00,90,90.00
1996,1,729,729.00,364,364.00,60484,60484.00,409811,409811.00,1026,1026.00,0,0.00
2003,182,132418,727.57,66100,363.19,10946299,60144.50,78414594,430849.42,216344,1188.70,0,0.00
2004,2,1324,662.00,443,221.50,65002,32501.00,933698,466849.00,1481,740.50,0,0.00
2006,71,20519,289.00,5396,76.00,3150909,44379.00,14331918,201858.00,0,0.00,0,0.00
2007,2,1037,518.50,417,208.50,140905,70452.50,450006,225003.00,1914,957.00,0,0.00
2012,1,293,293.00,78,78.00,43682,43682.00,147341,147341.00,1668,1668.00,0,0.00
2014,183,133956,732.00,66978,366.00,11099290,60651.86,79488348,434362.56,218517,1194.08,0,0.00
2021,33,21677,656.88,9623,291.61,1343226,40703.82,919659,27868.45,0,0.00,0,0.00
2025,183,134688,736.00,67344,368.00,11163174,61000.95,80193802,438217.50,218688,1195.02,0,0.00
2027,1,748,748.00,358,358.00,59781,59781.00,398900,398900.00,1026,1026.00,0,0.00
2034,72,21096,293.00,5544,77.00,3240864,45012.00,14941512,207521.00,0,0.00,0,0.00
2035,1,743,743.00,374,374.00,61583,61583.00,423216,423216.00,1026,1026.00,0,0.00
2036,184,136160,740.00,68080,370.00,11288188,61348.85,81335540,442040.98,220122,1196.32,0,0.00
2037,1,294,294.00,78,78.00,44813,44813.00,191291,191291.00,84,84.00,0,0.00
2039,1,743,743.00,371,371.00,61892,61892.00,427747,427747.00,1026,1026.00,0,0.00
2043,1,738,738.00,162,162.00,23657,23657.00,307038,307038.00,0,0.00,6,6.00
2045,1,643,643.00,253,253.00,36323,36323.00,529328,529328.00,77,77.00,7,7.00
2047,185,137640,744.00,68820,372.00,11476256,62033.82,80574812,435539.52,200798,1085.39,0,0.00
2050,1,745,745.00,373,373.00,62242,62242.00,432354,432354.00,1026,1026.00,0,0.00
2052,1,741,741.00,162,162.00,23655,23655.00,307036,307036.00,0,0.00,6,6.00
2057,1,380,380.00,53,53.00,8393,8393.00,3468,3468.00,0,0.00,40,40.00
2058,186,139128,748.00,69564,374.00,11543437,62061.49,83684566,449917.02,221998,1193.54,0,0.00
2059,2,1495,747.50,326,163.00,47301,23650.50,614074,307037.00,0,0.00,12,6.00
2061,1,751,751.00,375,375.00,62596,62596.00,437015,437015.00,1026,1026.00,0,0.00
2062,73,21681,297.00,5694,78.00,3330041,45617.00,15566301,213237.00,0,0.00,0,0.00
2064,1,139,139.00,4,4.00,36,36.00,0,0.00,0,0.00,93,93.00
2065,1,298,298.00,79,79.00,45628,45628.00,213237,213237.00,0,0.00,0,0.00
2068,3,3102,1034.00,2162,720.67,80558,26852.67,38916,12972.00,0,0.00,0,0.00
2069,187,140624,752.00,70312,376.00,11667718,62394.21,84863520,453815.61,224367,1199.82,0,0.00
2070,2,1978,989.00,690,345.00,112424,56212.00,33718,16859.00,0,0.00,0,0.00
2071,69,47541,689.00,15939,231.00,2330968,33782.14,40846516,591978.49,15251,221.03,0,0.00
2072,23,15827,688.13,5346,232.43,779013,33870.13,13275719,577205.17,6633,288.39,5,0.22
2073,4,2768,692.00,934,233.50,134492,33623.00,2292474,573118.50,1518,379.50,0,0.00
2074,57,39370,690.70,13231,232.12,1919434,33674.28,33390108,585791.37,19403,340.40,0,0.00
2075,14,9695,692.50,3267,233.36,476027,34001.93,8779115,627079.64,194,13.86,0,0.00
2076,4,2777,694.25,939,234.75,132879,33219.75,2148667,537166.75,3218,804.50,0,0.00
2077,17,11840,696.47,4109,241.71,603046,35473.29,9812827,577225.12,5452,320.71,0,0.00
2078,6,4168,694.67,1408,234.67,204174,34029.00,3807405,634567.50,0,0.00,0,0.00
2079,3,2077,692.33,700,233.33,101769,33923.00,1726665,575555.00,325,108.33,0,0.00
2080,190,143522,755.38,71535,376.50,11863380,62438.84,87062762,458225.06,226930,1194.37,0,0.00
2081,1,693,693.00,234,234.00,33325,33325.00,349219,349219.00,728,728.00,0,0.00
2083,3,1640,546.67,565,188.33,89367,29789.00,662400,220800.00,1580,526.67,100,33.33
2084,1,695,695.00,235,235.00,34071,34071.00,634596,634596.00,0,0.00,0,0.00
2090,74,22274,301.00,5846,79.00,3422500,46250.00,16210144,219056.00,0,0.00,0,0.00
2091,190,144400,760.00,72200,380.00,11991984,63115.71,87761907,461904.77,226885,1194.13,0,0.00
2096,1,305,305.00,81,81.00,46274,46274.00,219058,219058.00,0,0.00,0,0.00
2102,191,145550,762.04,72717,380.72,12225724,64009.03,86536850,453072.51,204679,1071.62,0,0.00
2103,1,140,140.00,2,2.00,11,11.00,0,0.00,0,0.00,95,95.00
2105,2,1469,734.50,619,309.50,99260,49630.00,1090952,545476.00,1026,513.00,0,0.00
2113,191,146688,768.00,73344,384.00,12251448,64143.71,87568032,458471.37,205757,1077.26,0,0.00
2115,9,7156,795.11,3725,413.89,290867,32318.56,225417,25046.33,1914,212.67,141,15.67
2118,76,23180,305.00,6080,80.00,3560980,46855.00,17094528,224928.00,0,0.00,0,0.00
2119,1,770,770.00,387,387.00,64368,64368.00,461058,461058.00,1026,1026.00,0,0.00
2122,1,762,762.00,172,172.00,24466,24466.00,178501,178501.00,663,663.00,7,7.00
2124,192,148224,772.00,74112,386.00,12389443,64528.35,89740198,467396.86,206455,1075.29,0,0.00
2131,1,778,778.00,390,390.00,64722,64722.00,466019,466019.00,1026,1026.00,0,0.00
2135,193,149768,776.00,74884,388.00,12518036,64860.29,91130350,472177.98,208801,1081.87,0,0.00
2138,1,777,777.00,389,389.00,65252,65252.00,477605,477605.00,955,955.00,0,0.00
2142,1,771,771.00,172,172.00,25135,25135.00,346626,346626.00,0,0.00,6,6.00
2146,273,176481,646.45,82172,301.00,16311488,59749.04,110651115,405315.44,210431,770.81,110,0.40
2149,1,310,310.00,82,82.00,47499,47499.00,230903,230903.00,0,0.00,0,0.00
2150,1,783,783.00,392,392.00,65410,65410.00,476085,476085.00,1026,1026.00,0,0.00
2157,195,152880,784.00,76440,392.00,12785079,65564.51,93968844,481891.51,210953,1081.81,0,0.00
2161,68,48892,719.00,16388,241.00,2389160,35134.71,40546861,596277.37,23662,347.97,0,0.00
2162,41,29330,715.37,9585,233.78,1408445,34352.32,24972089,609075.34,13415,327.20,0,0.00
2163,4,2893,723.25,975,243.75,140736,35184.00,2424974,606243.50,1194,298.50,0,0.00
2164,56,40418,721.75,13709,244.80,2005895,35819.55,35689302,637308.96,13287,237.27,0,0.00
2165,10,7223,722.30,2434,243.40,354627,35462.70,6742658,674265.80,314,31.40,0,0.00
2166,2,1445,722.50,487,243.50,69150,34575.00,1216480,608240.00,1853,926.50,0,0.00
2167,13,9391,722.38,3160,243.08,461599,35507.62,8982446,690957.38,0,0.00,0,0.00
2168,201,158067,786.40,78446,390.28,13087833,65113.60,97882550,486977.86,217110,1080.15,0,0.00
2169,2,1448,724.00,488,244.00,67411,33705.50,1083463,541731.50,3689,1844.50,0,0.00
2170,2,1448,724.00,490,245.00,71044,35522.00,1381916,690958.00,0,0.00,0,0.00
2174,78,24893,319.14,6710,86.03,3769288,48324.21,18730042,240128.74,1026,13.15,0,0.00
2176,1,319,319.00,85,85.00,48093,48093.00,236931,236931.00,0,0.00,0,0.00
2177,1,729,729.00,246,246.00,35563,35563.00,690975,690975.00,0,0.00,0,0.00
2179,197,156024,792.00,78012,396.00,13048397,66235.52,96868666,491719.12,215283,1092.81,0,0.00
2185,1,794,794.00,398,398.00,66671,66671.00,495674,495674.00,946,946.00,0,0.00
2188,1,145,145.00,1,1.00,0,0.00,0,0.00,0,0.00,99,99.00
2190,198,157608,796.00,78804,398.00,13177868,66554.89,98336904,496651.03,218526,1103.67,0,0.00
2194,1,739,739.00,240,240.00,38146,38146.00,635416,635416.00,0,0.00,0,0.00
2197,1,800,800.00,402,402.00,66832,66832.00,496821,496821.00,1026,1026.00,0,0.00
2200,2,1523,761.50,431,215.50,63190,31595.00,815624,407812.00,544,272.00,6,3.00
2201,200,160000,800.00,80000,400.00,13378233,66891.16,100313060,501565.30,221756,1108.78,0,0.00
2202,78,24726,317.00,6474,83.00,3800628,48726.00,18958836,243062.00,0,0.00,0,0.00
2205,2,1121,560.50,487,243.50,83193,41596.50,843533,421766.50,343,171.50,0,0.00
2209,16,13113,819.56,5217,326.06,710781,44423.81,240499,15031.19,0,0.00,0,0.00
2212,202,162395,803.94,80983,400.91,13539408,67026.77,102217112,506025.31,223921,1108.52,6,0.03
2216,1,748,748.00,269,269.00,36048,36048.00,633367,633367.00,107,107.00,0,0.00
2223,203,163947,807.62,81635,402.14,13646876,67225.99,103808760,511373.20,224138,1104.13,6,0.03
2224,1,810,810.00,405,405.00,65201,65201.00,432858,432858.00,1906,1906.00,0,0.00
2225,1,781,781.00,206,206.00,28949,28949.00,264579,264579.00,626,626.00,7,7.00
2226,1,798,798.00,182,182.00,26615,26615.00,388616,388616.00,0,0.00,6,6.00
2230,80,25680,321.00,6720,84.00,3946480,49331.00,19939680,249246.00,0,0.00,0,0.00
2234,202,164024,812.00,82012,406.00,13715363,67897.84,104367227,516669.44,227313,1125.31,0,0.00
2235,1,802,802.00,183,183.00,26240,26240.00,250556,250556.00,383,383.00,6,6.00
2237,1,150,150.00,2,2.00,22,22.00,0,0.00,0,0.00,101,101.00
2242,1,822,822.00,410,410.00,68241,68241.00,518361,518361.00,1026,1026.00,0,0.00
2245,203,165648,816.00,82824,408.00,13870783,68328.98,106709079,525660.49,223092,1098.98,0,0.00
2247,1,339,339.00,59,59.00,9145,9145.00,4110,4110.00,0,0.00,39,39.00
2251,78,57991,743.47,19404,248.77,2928723,37547.73,53536342,686363.36,24544,314.67,0,0.00
2252,33,24747,749.91,8560,259.39,1215632,36837.33,24141242,731552.79,4567,138.39,6,0.18
2253,6,4509,751.50,1520,253.33,221554,36925.67,4363800,727300.00,225,37.50,0,0.00
2254,40,30024,750.60,10081,252.03,1471256,36781.40,27856303,696407.57,7742,193.55,0,0.00
2255,21,15792,752.00,5315,253.10,773560,36836.19,15034799,715942.81,2916,138.86,0,0.00
2256,208,171274,823.43,84240,405.00,13911812,66883.71,107021744,514527.62,305118,1466.91,94,0.45
2257,7,5337,762.43,1936,276.57,287450,41064.29,4707891,672555.86,2314,330.57,0,0.00
2258,85,29775,350.29,8071,94.95,4177565,49147.82,23639116,278107.25,6085,71.59,0,0.00
2259,1,754,754.00,254,254.00,36071,36071.00,388946,388946.00,932,932.00,0,0.00
2260,3,2261,753.67,761,253.67,111018,37006.00,2249272,749757.33,0,0.00,0,0.00
2261,2,1084,542.00,341,170.50,86996,43498.00,1005281,502640.50,0,0.00,0,0.00
2262,1,756,756.00,255,255.00,37024,37024.00,749746,749746.00,0,0.00,0,0.00
2264,1,824,824.00,412,412.00,68953,68953.00,529428,529428.00,1026,1026.00,0,0.00
2267,205,168920,824.00,84460,412.00,13938792,67994.11,104703589,510749.21,294920,1438.63,0,0.00
2268,1,759,759.00,258,258.00,37044,37044.00,749763,749763.00,0,0.00,0,0.00
2270,1,827,827.00,413,413.00,66658,66658.00,437834,437834.00,1895,1895.00,0,0.00
2278,207,171323,827.65,85536,413.22,14149424,68354.71,105346019,508917.97,285632,1379.86,0,0.00
2279,1,757,757.00,255,255.00,37220,37220.00,559105,559105.00,149,149.00,0,0.00
2281,1,42,42.00,9,9.00,12448,12448.00,650,650.00,2200,2200.00,25,25.00
2285,1,833,833.00,417,417.00,69647,69647.00,540695,540695.00,1026,1026.00,0,0.00
2286,81,26649,329.00,6966,86.00,4090755,50503.15,20711885,255702.28,5358,66.15,0,0.00
2289,209,173313,829.25,86452,413.65,14377502,68791.88,107113333,512503.99,277782,1329.10,0,0.00
2290,2,879,439.50,432,216.00,79934,39967.00,437157,218578.50,4057,2028.50,25,12.50
2300,209,174662,835.70,87196,417.21,14499283,69374.56,109712688,524941.09,266968,1277.36,0,0.00
2302,1,155,155.00,4,4.00,11,11.00,0,0.00,0,0.00,104,104.00
2303,8,7417,927.12,2675,334.38,322996,40374.50,766879,95859.88,2280,285.00,47,5.88
2305,2,1546,773.00,514,257.00,77709,38854.50,1536470,768235.00,0,0.00,0,0.00
2306,2,1649,824.50,386,193.00,56179,28089.50,866012,433006.00,0,0.00,13,6.50
2311,209,175560,840.00,87780,420.00,14619407,69949.32,111406079,533043.44,262375,1255.38,0,0.00
2314,83,28133,338.95,7325,88.25,4222365,50871.87,21974742,264755.93,4764,57.40,6,0.07
2315,4,2732,683.00,1033,258.25,198311,49577.75,2244182,561045.50,1835,458.75,0,0.00
2320,1,776,776.00,261,261.00,37923,37923.00,786190,786190.00,0,0.00,0,0.00
2322,210,177240,844.00,88620,422.00,14487845,68989.74,114256236,544077.31,357731,1703.48,0,0.00
2323,2,993,496.50,195,97.50,28109,14054.50,433009,216504.50,0,0.00,111,55.50
2325,1,157,157.00,2,2.00,23,23.00,1,1.00,0,0.00,105,105.00
2327,1,850,850.00,425,425.00,67242,67242.00,544562,544562.00,2280,2280.00,0,0.00
2330,1,925,925.00,167,167.00,29401,29401.00,696441,696441.00,0,0.00,0,0.00
2332,1,825,825.00,203,203.00,29586,29586.00,479796,479796.00,0,0.00,7,7.00
2333,211,178928,848.00,89464,424.00,14675240,69550.90,111045163,526280.39,344972,1634.94,0,0.00
2337,1,851,851.00,426,426.00,68995,68995.00,443075,443075.00,1813,1813.00,0,0.00
2341,73,56867,779.00,19053,261.00,2787389,38183.41,55162190,755646.44,18967,259.82,0,0.00
2342,109,48269,442.83,14124,129.58,5293504,48564.26,42696763,391713.42,6998,64.20,0,0.00
2343,7,5477,782.43,1843,263.29,269108,38444.00,5676552,810936.00,0,0.00,0,0.00
2344,254,213405,840.18,101318,398.89,16468206,64835.46,142155286,559666.48,337961,1330.56,0,0.00
2345,22,16763,761.95,5614,255.18,856780,38944.55,16391697,745077.14,2592,117.82,0,0.00
2346,4,3125,781.25,1053,263.25,152319,38079.75,2834740,708685.00,923,230.75,0,0.00
2347,13,10175,782.69,3425,263.46,496294,38176.46,10121541,778580.08,3761,289.31,0,0.00
2348,9,7060,784.44,2379,264.33,345621,38402.33,6961427,773491.89,693,77.00,0,0.00
2349,1,784,784.00,265,265.00,38325,38325.00,717479,717479.00,144,144.00,0,0.00
2350,5,4219,843.80,1103,220.60,179446,35889.20,3291344,658268.80,0,0.00,0,0.00
2351,2,1640,820.00,693,346.50,106418,53209.00,1352917,676458.50,2277,1138.50,0,0.00
2353,1,786,786.00,271,271.00,38047,38047.00,584026,584026.00,404,404.00,0,0.00
2355,213,182328,856.00,91164,428.00,15061768,70712.53,110441854,518506.36,317164,1489.03,0,0.00
2359,1,798,798.00,276,276.00,36227,36227.00,144676,144676.00,2030,2030.00,0,0.00
2360,1,861,861.00,431,431.00,68259,68259.00,542260,542260.00,2277,2277.00,0,0.00
2366,214,184040,860.00,92020,430.00,15254481,71282.62,113256579,529236.35,301940,1410.93,0,0.00
2367,1,772,772.00,258,258.00,39295,39295.00,750821,750821.00,0,0.00,0,0.00
2369,1,861,861.00,431,431.00,70143,70143.00,451215,451215.00,1769,1769.00,0,0.00
2370,84,28644,341.00,7476,89.00,4401322,52396.69,23243205,276704.82,6183,73.61,0,0.00
2371,1,787,787.00,269,269.00,38584,38584.00,810936,810936.00,0,0.00,0,0.00
2375,1,757,757.00,266,266.00,38027,38027.00,749761,749761.00,0,0.00,6,6.00
2376,1,343,343.00,91,91.00,51657,51657.00,201583,201583.00,1948,1948.00,0,0.00
2377,216,186624,864.00,93312,432.00,15566154,72065.53,121116886,560726.32,274072,1268.85,0,0.00
2388,216,187488,868.00,93744,434.00,15654089,72472.63,123948552,573835.89,269151,1246.07,0,0.00
2391,1,869,869.00,435,435.00,69353,69353.00,543602,543602.00,2275,2275.00,0,0.00
2392,1,852,852.00,202,202.00,29564,29564.00,479796,479796.00,0,0.00,6,6.00
2394,1,846,846.00,217,217.00,29843,29843.00,292671,292671.00,1241,1241.00,7,7.00
2397,3,5640,1880.00,3760,1253.33,174511,58170.33,136253,45417.67,0,0.00,0,0.00
2398,85,29325,345.00,7650,90.00,4503525,52982.65,24113982,283693.91,5786,68.07,0,0.00
2399,218,190096,872.00,95048,436.00,15899570,72933.81,129783997,595339.44,263036,1206.59,0,0.00
2401,1,348,348.00,91,91.00,52574,52574.00,172077,172077.00,1671,1671.00,0,0.00
2406,1,835,835.00,318,318.00,38791,38791.00,705193,705193.00,140,140.00,0,0.00
2410,218,190968,876.00,95484,438.00,15972414,73267.95,131021030,601013.90,264345,1212.59,0,0.00
2412,1,861,861.00,202,202.00,29575,29575.00,479796,479796.00,0,0.00,6,6.00
2413,2,1738,869.00,641,320.50,101132,50566.00,937541,468770.50,1758,879.00,6,3.00
2415,1,863,863.00,201,201.00,29564,29564.00,479796,479796.00,0,0.00,6,6.00
2420,1,866,866.00,203,203.00,29575,29575.00,479796,479796.00,0,0.00,6,6.00
2421,219,192720,880.00,96360,440.00,16122784,73620.02,132824308,606503.69,265553,1212.57,0,0.00
2426,86,30014,349.00,7826,91.00,4611747,53624.97,24990119,290582.78,5456,63.44,0,0.00
2427,1,884,884.00,442,442.00,72121,72121.00,472728,472728.00,1714,1714.00,0,0.00
2429,1,350,350.00,92,92.00,53332,53332.00,162306,162306.00,1528,1528.00,0,0.00
2431,68,55012,809.00,18428,271.00,2693802,39614.74,54476343,801122.69,20966,308.32,0,0.00
2432,253,221237,874.45,106218,419.83,17569643,69445.23,160631795,634908.28,283607,1120.98,0,0.00
2433,3,2442,814.00,821,273.67,119772,39924.00,2623578,874526.00,0,0.00,0,0.00
2434,47,38110,810.85,12791,272.15,1862026,39617.57,36989389,787008.28,14880,316.60,0,0.00
2435,21,17144,816.38,5913,281.57,866742,41273.43,17294229,823534.71,4997,237.95,0,0.00
2436,2,1632,816.00,549,274.50,79873,39936.50,1749055,874527.50,0,0.00,0,0.00
2437,12,9753,812.75,3277,273.08,473124,39427.00,9294745,774562.08,6237,519.75,0,0.00
2438,9,7329,814.33,2469,274.33,357985,39776.11,7169339,796593.22,1541,171.22,0,0.00
2440,5,4076,815.20,1377,275.40,199771,39954.20,4372638,874527.60,0,0.00,0,0.00
2441,3,1807,602.33,556,185.33,81146,27048.67,1603234,534411.33,233,77.67,107,35.67
2443,221,196248,888.00,98124,444.00,16418376,74291.29,136474848,617533.25,270389,1223.48,0,0.00
2444,4,3243,810.75,987,246.75,159095,39773.75,128733,32183.25,0,0.00,94,23.50
2445,1,819,819.00,277,277.00,40055,40055.00,874540,874540.00,0,0.00,0,0.00
2446,1,889,889.00,446,446.00,71116,71116.00,546897,546897.00,2275,2275.00,0,0.00
2453,1,800,800.00,266,266.00,40764,40764.00,812011,812011.00,0,0.00,0,0.00
2454,309,228735,740.24,107016,346.33,21282071,68874.02,164213640,531435.73,279216,903.61,0,0.00
2457,2,1625,812.50,688,344.00,109538,54769.00,1267363,633681.50,1386,693.00,5,2.50
2461,1,358,358.00,95,95.00,53948,53948.00,164980,164980.00,1528,1528.00,0,0.00
2465,223,199808,896.00,99904,448.00,16716652,74962.57,140192056,628663.93,275269,1234.39,0,0.00
2468,1,899,899.00,449,449.00,73699,73699.00,507412,507412.00,1653,1653.00,0,0.00
2471,1,831,831.00,273,273.00,40136,40136.00,875158,875158.00,0,0.00,0,0.00
2473,1,877,877.00,212,212.00,29455,29455.00,387657,387657.00,1584,1584.00,6,6.00
2476,224,201600,900.00,100800,450.00,16863117,75281.77,142072949,634254.24,278952,1245.32,0,0.00
2480,1,905,905.00,453,453.00,72174,72174.00,549476,549476.00,2275,2275.00,0,0.00
2482,88,31416,357.00,8184,93.00,4829188,54877.14,26820479,304778.17,4837,54.97,0,0.00
2485,1,358,358.00,94,94.00,54448,54448.00,179918,179918.00,1696,1696.00,0,0.00
2487,225,203400,904.00,101700,452.00,17017612,75633.83,143976532,639895.70,280193,1245.30,0,0.00
2490,1,907,907.00,453,453.00,74446,74446.00,524329,524329.00,1626,1626.00,0,0.00
2491,3,3995,1331.67,1880,626.67,159800,53266.67,142269,47423.00,0,0.00,0,0.00
2498,226,205208,908.00,102604,454.00,17177761,76007.79,145714408,644754.02,282784,1251.26,0,0.00
2499,1,866,866.00,232,232.00,32572,32572.00,367599,367599.00,1437,1437.00,7,7.00
2501,1,911,911.00,455,455.00,72875,72875.00,551444,551444.00,2275,2275.00,0,0.00
2505,1,894,894.00,213,213.00,31068,31068.00,528988,528988.00,0,0.00,6,6.00
2509,227,207024,912.00,103512,456.00,17333686,76359.85,147651240,650445.99,284031,1251.24,0,0.00
2510,91,33386,366.88,8673,95.31,5024185,55210.82,28522962,313439.14,6631,72.87,6,0.07
2512,1,913,913.00,457,457.00,75309,75309.00,535616,535616.00,1598,1598.00,0,0.00
2513,1,900,900.00,216,216.00,31073,31073.00,528987,528987.00,0,0.00,6,6.00
2516,1,837,837.00,283,283.00,40145,40145.00,415283,415283.00,1088,1088.00,0,0.00
2520,229,209764,916.00,104882,458.00,17563936,76698.41,150163714,655736.74,287548,1255.67,0,0.00
2521,76,63095,830.20,21078,277.34,3071433,40413.59,63127984,830631.37,33782,444.50,114,1.50
2522,23,19337,840.74,6486,282.00,944880,41081.74,19455864,845907.13,7385,321.09,0,0.00
2523,4,3371,842.75,1132,283.00,165616,41404.00,3762064,940516.00,0,0.00,0,0.00
2524,43,36151,840.72,12135,282.21,1760408,40939.72,36604333,851263.56,20425,475.00,0,0.00
2525,20,16838,841.90,5662,283.10,818069,40903.45,17506973,875348.65,10222,511.10,0,0.00
2526,5,4218,843.60,1419,283.80,206213,41242.60,4271210,854242.00,914,182.80,0,0.00
2527,9,7581,842.33,2553,283.67,366461,40717.89,7574481,841609.00,6379,708.78,0,0.00
2528,7,5899,842.71,1989,284.14,287630,41090.00,6488840,926977.14,2382,340.29,0,0.00
2529,3,2537,845.67,853,284.33,124218,41406.00,2763251,921083.67,86,28.67,0,0.00
2530,4,3866,966.50,898,224.50,234983,58745.75,2025329,506332.25,3406,851.50,0,0.00
2531,231,212367,919.34,105910,458.48,17730527,76755.53,153474542,664391.96,286525,1240.37,0,0.00
2533,1,844,844.00,286,286.00,40497,40497.00,502354,502354.00,953,953.00,0,0.00
2534,1,921,921.00,461,461.00,76112,76112.00,553734,553734.00,1566,1566.00,0,0.00
2538,92,33649,365.75,8926,97.02,5118687,55637.90,28740655,312398.42,4417,48.01,47,0.51
2541,2,1015,507.50,285,142.50,40869,20434.50,625212,312606.00,545,272.50,115,57.50
2542,231,213444,924.00,106722,462.00,17880020,77402.68,154154210,667334.24,290041,1255.59,0,0.00
2543,1,170,170.00,2,2.00,11,11.00,0,0.00,0,0.00,115,115.00
2544,2,1211,605.50,382,191.00,97943,48971.50,1263107,631553.50,0,0.00,0,0.00
2547,1,882,882.00,263,263.00,39567,39567.00,831237,831237.00,0,0.00,0,0.00
2552,1,871,871.00,331,331.00,41455,41455.00,887866,887866.00,0,0.00,0,0.00
2553,231,214368,928.00,107184,464.00,17964426,77768.08,155628248,673715.36,289019,1251.16,0,0.00
2560,1,847,847.00,286,286.00,42685,42685.00,940707,940707.00,0,0.00,0,0.00
2564,233,217156,932.00,108578,466.00,18198900,78106.87,158237865,679132.47,292535,1255.52,0,0.00
2566,92,33948,369.00,8832,96.00,5218518,56723.02,29887210,324860.98,4624,50.26,0,0.00
2569,1,935,935.00,469,469.00,76674,76674.00,546182,546182.00,1637,1637.00,0,0.00
2572,1,902,902.00,233,233.00,34028,34028.00,634568,634568.00,0,0.00,7,7.00
2575,234,218998,935.89,109266,466.95,17383167,74287.04,159257995,680589.72,597092,2551.68,7,0.03
2579,1,941,941.00,471,471.00,77388,77388.00,559238,559238.00,1610,1610.00,0,0.00
2580,1,917,917.00,223,223.00,32537,32537.00,580578,580578.00,0,0.00,6,6.00
2581,1,515,515.00,49,49.00,45423,45423.00,17051,17051.00,0,0.00,0,0.00
2585,4,2643,660.75,840,210.00,219251,54812.75,899032,224758.00,0,0.00,53,13.25
2586,223,209620,940.00,104810,470.00,16682118,74807.70,151683063,680193.11,571195,2561.41,0,0.00
2587,9,7722,858.00,3778,419.78,598437,66493.00,5446314,605146.00,20504,2278.22,117,13.00
2588,1,853,853.00,286,286.00,41129,41129.00,535395,535395.00,1709,1709.00,0,0.00
2589,1,941,941.00,471,471.00,75726,75726.00,559282,559282.00,2269,2269.00,0,0.00
2591,1,921,921.00,222,222.00,32524,32524.00,580576,580576.00,0,0.00,6,6.00
2592,1,942,942.00,476,476.00,74803,74803.00,680789,680789.00,2563,2563.00,0,0.00
2593,1,921,921.00,222,222.00,32535,32535.00,580576,580576.00,0,0.00,6,6.00
2594,92,34316,373.00,8924,97.00,5275762,57345.24,30674866,333422.46,3876,42.13,0,0.00
2595,1,375,375.00,98,98.00,56979,56979.00,187377,187377.00,1668,1668.00,0,0.00
2597,226,213326,943.92,106425,470.91,16943459,74971.06,153651392,679873.42,576321,2550.09,6,0.03
2598,5,4714,942.80,2117,423.40,333155,66631.00,3304168,660833.60,10252,2050.40,6,1.20
2600,3,2837,945.67,1420,473.33,225503,75167.67,2042696,680898.67,7689,2563.00,0,0.00
2601,2,1890,945.00,946,473.00,150336,75168.00,1361796,680898.00,5126,2563.00,0,0.00
2603,1,946,946.00,474,474.00,78129,78129.00,578571,578571.00,1582,1582.00,0,0.00
2608,191,181068,948.00,90534,474.00,14430053,75550.02,129753668,679338.58,488499,2557.59,0,0.00
2609,17,16159,950.53,8083,475.47,1284147,75538.06,11571537,680678.65,43539,2561.12,0,0.00
2611,101,89947,890.56,34360,340.20,5175691,51244.47,85782631,849332.98,106692,1056.36,0,0.00
2612,42,36576,870.86,12268,292.10,1785402,42509.57,37332754,888875.10,15675,373.21,0,0.00
2613,5,4441,888.20,1648,329.60,246118,49223.60,4244422,848884.40,3542,708.40,0,0.00
2614,41,35703,870.80,11976,292.10,1737369,42374.85,36197131,882856.85,21286,519.17,0,0.00
2615,13,11337,872.08,3810,293.08,547604,42123.38,10502009,807846.85,10013,770.23,0,0.00
2616,4,3576,894.00,1361,340.25,202126,50531.50,3416293,854073.25,4709,1177.25,0,0.00
2617,15,13084,872.27,4399,293.27,639924,42661.60,13902147,926809.80,3669,244.60,0,0.00
2618,4,3495,873.75,1176,294.00,167755,41938.75,3289257,822314.25,3866,966.50,0,0.00
2619,164,155967,951.02,77701,473.79,12376014,75463.50,112193721,684108.05,414936,2530.10,0,0.00
2620,23,21948,954.26,10974,477.13,1744757,75859.00,15669118,681266.00,58949,2563.00,0,0.00
2621,1,874,874.00,294,294.00,42009,42009.00,552587,552587.00,926,926.00,0,0.00
2622,144,83638,580.82,33283,231.13,9225444,64065.58,66767799,463665.27,131862,915.71,0,0.00
2624,1,877,877.00,297,297.00,42934,42934.00,1008911,1008911.00,0,0.00,0,0.00
2625,1,380,380.00,99,99.00,56701,56701.00,329811,329811.00,2564,2564.00,0,0.00
2628,1,955,955.00,480,480.00,79135,79135.00,621556,621556.00,1463,1463.00,0,0.00
2630,168,160608,956.00,80304,478.00,12810938,76255.58,114200910,679767.32,429594,2557.11,0,0.00
2631,21,20126,958.38,10064,479.24,1601124,76244.00,14305683,681223.00,53781,2561.00,0,0.00
2632,2,2820,1410.00,2726,1363.00,22607,11303.50,1457,728.50,0,0.00,47,23.50
2633,47,44910,955.53,22322,474.94,3551488,75563.57,32277877,686763.34,117806,2506.51,0,0.00
2634,3,2784,928.00,1252,417.33,195356,65118.67,1885180,628393.33,5985,1995.00,0,0.00
2635,1,869,869.00,315,315.00,42884,42884.00,1008906,1008906.00,0,0.00,0,0.00
2638,2,1755,877.50,767,383.50,113624,56812.00,1381120,690560.00,2706,1353.00,5,2.50
2641,173,166080,960.00,83040,480.00,13250811,76594.28,117908361,681551.22,443119,2561.38,0,0.00
2642,21,20206,962.19,10105,481.19,1608516,76596.00,14313222,681582.00,53781,2561.00,0,0.00
2644,42,40390,961.67,20202,481.00,3218593,76633.17,28501290,678602.14,107205,2552.50,0,0.00
2645,3,2894,964.67,1449,483.00,229826,76608.67,2044748,681582.67,7683,2561.00,0,0.00
2646,1,842,842.00,286,286.00,42249,42249.00,940550,940550.00,0,0.00,6,6.00
2647,2,1896,948.00,713,356.50,109143,54571.50,1059747,529873.50,4036,2018.00,6,3.00
2650,94,35814,381.00,9306,99.00,5510441,58621.71,32964696,350688.26,364,3.87,0,0.00
2652,167,160200,959.28,80013,479.12,12775325,76498.95,112971852,676478.16,424472,2541.75,120,0.72
2653,22,20674,939.73,10247,465.77,1671907,75995.77,14501261,659148.23,55100,2504.55,0,0.00
2655,49,47323,965.78,23670,483.06,3771019,76959.57,33417595,681991.73,125489,2561.00,0,0.00
2658,2,1962,981.00,979,489.50,153923,76961.50,1363984,681992.00,5122,2561.00,0,0.00
2659,1,968,968.00,484,484.00,76974,76974.00,681993,681993.00,2561,2561.00,0,0.00
2661,1,941,941.00,231,231.00,34004,34004.00,634566,634566.00,0,0.00,6,6.00
2663,177,171336,968.00,85668,484.00,13683071,77305.49,120662407,681708.51,452978,2559.20,0,0.00
2664,17,16497,970.41,8250,485.29,1314100,77300.00,11601650,682450.00,43537,2561.00,0,0.00
2666,43,41857,973.42,20916,486.42,3323359,77287.42,29344159,682422.30,110123,2561.00,0,0.00
2667,2,1950,975.00,974,487.00,154626,77313.00,1364904,682452.00,5122,2561.00,0,0.00
2669,2,1906,953.00,735,367.50,112880,56440.00,1373406,686703.00,2561,1280.50,7,3.50
2671,1,983,983.00,501,501.00,76948,76948.00,681991,681991.00,2561,2561.00,0,0.00
2674,167,161532,967.26,80677,483.10,12891119,77192.33,113258823,678196.54,424829,2543.89,121,0.72
2675,26,25357,975.27,12684,487.85,2020724,77720.15,17755888,682918.77,66586,2561.00,0,0.00
2676,1,971,971.00,476,476.00,77184,77184.00,681347,681347.00,2563,2563.00,0,0.00
2677,48,46742,973.79,23374,486.96,3728974,77686.96,32660562,680428.38,122570,2553.54,0,0.00
2678,99,39905,403.08,11071,111.83,5892902,59524.26,31237637,315531.69,49520,500.20,0,0.00
2679,6,7896,1316.00,6345,1057.50,165346,27557.67,40655,6775.83,0,0.00,47,7.83
2680,1,950,950.00,231,231.00,34004,34004.00,634566,634566.00,0,0.00,6,6.00
2682,2,1906,953.00,465,232.50,68021,34010.50,1269134,634567.00,0,0.00,12,6.00
2683,1,738,738.00,0,0.00,100135,100135.00,83007,83007.00,2629,2629.00,72,72.00
2684,1,953,953.00,233,233.00,34015,34015.00,634566,634566.00,0,0.00,6,6.00
2685,165,161040,976.00,80520,488.00,12871701,78010.31,112661994,682799.96,422207,2558.83,0,0.00
2686,26,25441,978.50,12722,489.31,2027821,77993.12,17770941,683497.73,66586,2561.00,0,0.00
2687,1,982,982.00,491,491.00,78004,78004.00,683518,683518.00,2561,2561.00,0,0.00
2688,47,45953,977.72,22983,489.00,3666739,78015.72,32125380,683518.72,120367,2561.00,0,0.00
2689,3,2915,971.67,1214,404.67,189953,63317.67,1949046,649682.00,5217,1739.00,6,2.00
2692,1,983,983.00,495,495.00,78004,78004.00,683518,683518.00,2561,2561.00,0,0.00
2695,2,1163,581.50,494,247.00,78048,39024.00,683530,341765.00,2561,1280.50,122,61.00
2696,176,172480,980.00,86240,490.00,13790656,78356.00,120406352,684127.00,450736,2561.00,0,0.00
2697,16,15722,982.62,7861,491.31,1253696,78356.00,10946032,684127.00,40976,2561.00,0,0.00
2699,49,48101,981.65,24060,491.02,3841974,78407.63,33295171,679493.29,124834,2547.63,0,0.00
2701,67,60233,899.00,20167,301.00,2940004,43880.66,66901776,998533.97,32315,482.31,0,0.00
2702,28,25224,900.86,8455,301.96,1227558,43841.36,27702014,989357.64,14602,521.50,0,0.00
2703,6,5488,914.67,2005,334.17,298208,49701.33,5119038,853173.00,4529,754.83,0,0.00
2704,51,45933,900.65,15406,302.08,2234886,43821.29,47671563,934736.53,28182,552.59,0,0.00
2705,22,19844,902.00,6671,303.23,968843,44038.32,21598151,981734.14,7397,336.23,0,0.00
2706,96,37344,389.00,9696,101.00,5707040,59448.33,29988012,312375.12,83973,874.72,0,0.00
2707,169,164755,974.88,79561,470.78,12636931,74774.74,120312555,711908.61,397466,2351.87,0,0.00
2708,30,29093,969.77,13667,455.57,2153547,71784.90,21580602,719353.40,63825,2127.50,0,0.00
2709,2,1897,948.50,807,403.50,122744,61372.00,1763825,881912.50,2561,1280.50,0,0.00
2710,60,58976,982.93,29205,486.75,4653371,77556.18,41348089,689134.82,149731,2495.52,0,0.00
2711,5,4860,972.00,2283,456.60,358491,71698.20,3376271,675254.20,11032,2206.40,0,0.00
2713,6,5926,987.67,2964,494.00,472412,78735.33,4108726,684787.67,15366,2561.00,0,0.00
2716,1,991,991.00,499,499.00,78719,78719.00,684786,684786.00,2561,2561.00,0,0.00
2718,126,124488,988.00,62244,494.00,9961560,79060.00,86372370,685495.00,322686,2561.00,0,0.00
2719,29,28634,987.38,14169,488.59,2258141,77866.93,20273593,699089.41,71708,2472.69,0,0.00
2720,2,1984,992.00,992,496.00,158120,79060.00,1370990,685495.00,5122,2561.00,0,0.00
2721,72,70446,978.42,35155,488.26,5613674,77967.69,48669197,675961.07,181831,2525.43,123,1.71
2722,11,10414,946.73,5097,463.36,906594,82417.64,6787370,617033.64,27743,2522.09,0,0.00
2724,9,8987,998.56,4490,498.89,712483,79164.78,6054201,672689.00,22691,2521.22,0,0.00
2727,3,2888,962.67,1309,436.33,202743,67581.00,2450706,816902.00,5122,1707.33,0,0.00
2729,135,133920,992.00,66960,496.00,10721691,79419.93,92531333,685417.28,345377,2558.35,0,0.00
2730,17,16900,994.12,8450,497.06,1350004,79412.00,11666318,686254.00,43537,2561.00,0,0.00
2731,1,996,996.00,498,498.00,79412,79412.00,686254,686254.00,2561,2561.00,0,0.00
2732,69,68466,992.26,34095,494.13,5446075,78928.62,47675331,690946.83,174148,2523.88,0,0.00
2733,10,9962,996.20,4980,498.00,795119,79511.90,6756930,675693.00,25313,2531.30,0,0.00
2734,98,38514,393.00,9996,102.00,5847700,59670.41,31050362,316840.43,77612,791.96,0,0.00
2735,15,14334,955.60,7079,471.93,1171086,78072.40,9823832,654922.13,36687,2445.80,0,0.00
2738,1,996,996.00,498,498.00,79468,79468.00,686284,686284.00,2561,2561.00,0,0.00
2740,113,112569,996.19,56299,498.22,9013164,79762.51,77531572,686120.11,289096,2558.37,0,0.00
2741,20,19962,998.10,9981,499.05,1595280,79764.00,13741260,687063.00,51220,2561.00,0,0.00
2742,2,2003,1001.50,1001,500.50,160581,80290.50,1262076,631038.00,4764,2382.00,0,0.00
2743,90,88982,988.69,44453,493.92,7097657,78862.86,61150377,679448.63,228000,2533.33,124,1.38
2744,13,12982,998.62,6496,499.69,1036406,79723.54,8928193,686784.08,33293,2561.00,0,0.00
2745,3,2021,673.67,756,252.00,130246,43415.33,1378807,459602.33,5201,1733.67,36,12.00
2746,11,11111,1010.09,5541,503.73,876436,79676.00,7552145,686558.64,28171,2561.00,0,0.00
2747,2,1998,999.00,1001,500.50,159574,79787.00,1374126,687063.00,5122,2561.00,0,0.00
2748,1,1007,1007.00,515,515.00,79412,79412.00,686254,686254.00,2561,2561.00,0,0.00
2750,2,1526,763.00,649,324.50,195094,97547.00,726531,363265.50,4991,2495.50,0,0.00
2751,62,62000,1000.00,31000,500.00,4968073,80130.21,42548429,686264.98,158485,2556.21,0,0.00
2752,33,33002,1000.06,16356,495.64,2611385,79132.88,23093830,699813.03,81952,2483.39,0,0.00
2753,6,6026,1004.33,3013,502.17,480696,80116.00,4127532,687922.00,15366,2561.00,0,0.00
2754,66,66126,1001.91,33071,501.08,5288408,80127.39,45402900,687922.73,169026,2561.00,0,0.00
2755,24,24017,1000.71,11855,493.96,1888592,78691.33,16257848,677410.33,59939,2497.46,0,0.00
2756,1,1005,1005.00,503,503.00,80127,80127.00,687922,687922.00,2561,2561.00,0,0.00
2757,36,36113,1003.14,18073,502.03,2885012,80139.22,24765230,687923.06,92196,2561.00,0,0.00
2758,9,9510,1056.67,4530,503.33,723174,80352.67,6191333,687925.89,23049,2561.00,0,0.00
2759,2,2012,1006.00,1008,504.00,160276,80138.00,1375844,687922.00,5122,2561.00,0,0.00
2760,12,12068,1005.67,6018,501.50,962562,80213.50,8249601,687466.75,30734,2561.17,0,0.00
2762,162,103164,636.81,42224,260.64,11067541,68318.15,74388559,459188.64,243812,1505.01,0,0.00
2763,32,32191,1005.97,16097,503.03,2575728,80491.50,21931801,685368.78,81591,2549.72,0,0.00
2764,1,1007,1007.00,504,504.00,80468,80468.00,688831,688831.00,2561,2561.00,0,0.00
2765,71,71399,1005.62,35713,503.00,5716197,80509.82,48799579,687318.01,181085,2550.49,0,0.00
2766,27,26606,985.41,13211,489.30,2152644,79727.56,18188644,673653.48,67034,2482.74,0,0.00
2767,6,6164,1027.33,3072,512.00,482172,80362.00,4131220,688536.67,15366,2561.00,0,0.00
2768,34,34247,1007.26,17139,504.09,2736707,80491.38,23420290,688832.06,87074,2561.00,0,0.00
2769,11,11101,1009.18,5555,505.00,885403,80491.18,7577154,688832.18,28171,2561.00,0,0.00
2771,8,8039,1004.88,3777,472.12,599012,74876.50,5512783,689097.88,17927,2240.88,6,0.75
2772,1,1015,1015.00,506,506.00,80507,80507.00,688837,688837.00,2561,2561.00,0,0.00
2773,63,62948,999.17,30840,489.52,4987182,79161.62,42690398,677625.37,152997,2428.52,13,0.21
2774,24,24244,1010.17,12122,505.08,1939680,80820.00,16554960,689790.00,61464,2561.00,0,0.00
2775,4,4024,1006.00,1737,434.25,278580,69645.00,2753489,688372.25,7685,1921.25,6,1.50
2776,94,94884,1009.40,47208,502.21,7552832,80349.28,64841488,689803.06,238173,2533.76,6,0.06
2777,21,21249,1011.86,10627,506.05,1697467,80831.76,14485606,689790.76,53781,2561.00,0,0.00
2778,3,3043,1014.33,1522,507.33,242495,80831.67,2069372,689790.67,7683,2561.00,0,0.00
2779,30,30340,1011.33,15181,506.03,2425303,80843.43,20693740,689791.33,76830,2561.00,0,0.00
2780,8,8102,1012.75,4057,507.12,646740,80842.50,5518324,689790.50,20488,2561.00,0,0.00
2782,5,5069,1013.80,2535,507.00,404279,80855.80,3448964,689792.80,12805,2561.00,0,0.00
2783,2,2028,1014.00,1016,508.00,161730,80865.00,1379582,689791.00,5122,2561.00,0,0.00
2784,74,74891,1012.04,37448,506.05,6006411,81167.72,51118117,690785.36,189514,2561.00,0,0.00
2785,31,31438,1014.13,15719,507.06,2519572,81276.52,21215819,684381.26,78282,2525.23,0,0.00
2786,6,6097,1016.17,3050,508.33,487032,81172.00,4144794,690799.00,15366,2561.00,0,0.00
2787,77,78070,1013.90,39043,507.05,6251138,81183.61,53191581,690799.75,197197,2561.00,0,0.00
2788,19,19301,1015.84,9654,508.11,1542489,81183.63,13125193,690799.63,48659,2561.00,0,0.00
2789,5,5158,1031.60,2567,513.40,404658,80931.60,3448403,689680.60,12805,2561.00,0,0.00
2790,131,72194,551.10,26553,202.69,8649225,66024.62,53235069,406374.57,151328,1155.18,0,0.00
2791,77,71796,932.42,24541,318.71,3599865,46751.49,74506757,967620.22,43743,568.09,0,0.00
2792,41,38257,933.10,12997,317.00,1893334,46178.88,41873807,1021312.37,24142,588.83,0,0.00
2793,13,12711,977.77,5442,418.62,840053,64619.46,10308225,792940.38,21374,1644.15,0,0.00
2794,37,34428,930.49,11547,312.08,1672114,45192.27,36041238,974087.51,24484,661.73,0,0.00
2795,86,86034,1000.40,40569,471.73,6435205,74827.97,65677906,763696.58,184433,2144.57,0,0.00
2796,38,37670,991.32,17809,468.66,2861039,75290.50,27962888,735865.47,83160,2188.42,0,0.00
2797,17,16078,945.76,5898,346.94,880082,51769.53,15923233,936660.76,13095,770.29,0,0.00
2798,82,82959,1011.70,40570,494.76,6466586,78860.80,58002276,707344.83,200638,2446.80,0,0.00
2799,17,17343,1020.18,8675,510.29,1386111,81535.94,11761596,691858.59,43537,2561.00,0,0.00
2800,4,3997,999.25,1847,461.75,290484,72621.00,3228462,807115.50,7683,1920.75,0,0.00
2801,37,37704,1019.03,18870,510.00,3018192,81572.76,25500483,689202.24,94455,2552.84,0,0.00
2802,5,5101,1020.20,2552,510.40,407747,81549.40,3459306,691861.20,12805,2561.00,0,0.00
2803,2,2042,1021.00,1023,511.50,163126,81563.00,1383716,691858.00,5122,2561.00,0,0.00
2804,4,4085,1021.25,2043,510.75,326259,81564.75,2767470,691867.50,10244,2561.00,0,0.00
2805,1,1021,1021.00,512,512.00,81579,81579.00,691858,691858.00,2561,2561.00,0,0.00
2806,68,69360,1020.00,34680,510.00,5567568,81876.00,47121756,692967.00,174148,2561.00,0,0.00
2807,31,31598,1019.29,15648,504.77,2500597,80664.42,21737541,701211.00,79129,2552.55,0,0.00
2808,7,7170,1024.29,3588,512.57,572844,81834.86,4849675,692810.71,17927,2561.00,0,0.00
2809,75,76631,1021.75,38326,511.01,6143883,81918.44,51886897,691825.29,191322,2550.96,0,0.00
2810,26,26617,1023.73,13316,512.15,2129082,81887.77,18017156,692967.54,66586,2561.00,0,0.00
2811,2,1059,529.50,549,274.50,126194,63097.00,700522,350261.00,5346,2673.00,5,2.50
2812,35,35830,1023.71,17953,512.94,2865011,81857.46,24253486,692956.74,89635,2561.00,0,0.00
2813,8,8277,1034.62,4134,516.75,654818,81852.25,5542633,692829.12,20488,2561.00,0,0.00
2815,7,7173,1024.71,3591,513.00,573375,81910.71,4850781,692968.71,17927,2561.00,0,0.00
2816,1,1026,1026.00,514,514.00,81911,81911.00,692969,692969.00,2561,2561.00,0,0.00
2817,56,57344,1024.00,28672,512.00,4604768,82228.00,38871056,694126.00,143416,2561.00,0,0.00
2818,132,73471,556.60,26972,204.33,8849365,67040.64,54413919,412226.66,136254,1032.23,0,0.00
2819,3,3086,1028.67,1543,514.33,246684,82228.00,2082378,694126.00,7683,2561.00,0,0.00
2820,79,71355,903.23,35444,448.66,6061397,76726.54,47989327,607459.84,175756,2224.76,52,0.66
2821,31,31251,1008.10,15534,501.10,2528405,81561.45,21156006,682451.81,79380,2560.65,0,0.00
2822,7,7202,1028.86,3606,515.14,575699,82242.71,4858884,694126.29,17927,2561.00,0,0.00
2823,28,28775,1027.68,14398,514.21,2303088,82253.14,19435575,694127.68,71708,2561.00,0,0.00
2824,16,16468,1029.25,8242,515.12,1316020,82251.25,11106049,694128.06,40976,2561.00,0,0.00
2825,2,1966,983.00,860,430.00,128107,64053.50,1847014,923507.00,2561,1280.50,0,0.00
2826,4,4111,1027.75,2052,513.00,327385,81846.25,2769181,692295.25,10244,2561.00,0,0.00
2828,37,37197,1005.32,18505,500.14,2974014,80378.76,24874023,672270.89,91793,2480.89,128,3.46
2829,28,28830,1029.64,14425,515.18,2312857,82602.04,19317639,689915.68,71338,2547.79,0,0.00
2830,8,8251,1031.38,4126,515.75,661340,82667.50,5423342,677917.75,20048,2506.00,0,0.00
2831,43,44203,1027.98,21956,510.60,3519700,81853.49,30198580,702292.56,106614,2479.40,0,0.00
2832,28,28815,1029.11,14198,507.07,2270762,81098.64,19571260,698973.57,68946,2462.36,7,0.25
2833,10,10312,1031.20,5164,516.40,826007,82600.70,6933807,693380.70,25565,2556.50,0,0.00
2834,8,8249,1031.12,4128,516.00,660891,82611.38,5553291,694161.38,20466,2558.25,0,0.00
2835,15,15490,1032.67,7753,516.87,1239469,82631.27,10377137,691809.13,38291,2552.73,0,0.00
2836,5,5180,1036.00,2592,518.40,413103,82620.60,3471988,694397.60,12794,2558.80,0,0.00
2837,6,6194,1032.33,3102,517.00,495870,82645.00,4152383,692063.83,15319,2553.17,0,0.00
2838,4,4129,1032.25,2071,517.75,333274,83318.50,2746106,686526.50,9325,2331.25,0,0.00
2839,2,2073,1036.50,1038,519.00,165328,82664.00,1386880,693440.00,5110,2555.00,0,0.00
2840,1,1035,1035.00,517,517.00,82649,82649.00,695367,695367.00,2561,2561.00,0,0.00
2844,1,1040,1040.00,519,519.00,85354,85354.00,654507,654507.00,1665,1665.00,0,0.00
2845,1,1037,1037.00,519,519.00,82805,82805.00,686039,686039.00,2539,2539.00,0,0.00
2846,101,41309,409.00,10706,106.00,6239017,61772.45,31988332,316716.16,123658,1224.34,0,0.00
2848,8,1372,171.50,8,1.00,0,0.00,0,0.00,0,0.00,1032,129.00
2849,5,2054,410.80,630,126.00,144963,28992.60,1025155,205031.00,5111,1022.20,387,77.40
2850,11,1920,174.55,13,1.18,130,11.82,3,0.27,0,0.00,1419,129.00
2851,14,4183,298.79,1068,76.29,167529,11966.36,1343831,95987.93,4996,356.86,1548,110.57
2852,5,760,152.00,19,3.80,60,12.00,2,0.40,0,0.00,645,129.00
2853,13,2068,159.08,33,2.54,301,23.15,12,0.92,0,0.00,1677,129.00
2854,4,551,137.75,13,3.25,97,24.25,6,1.50,0,0.00,516,129.00
2855,2,350,175.00,10,5.00,49,24.50,2,1.00,0,0.00,258,129.00
2856,6,1018,169.67,20,3.33,202,33.67,15,2.50,0,0.00,774,129.00
2857,2,340,170.00,8,4.00,70,35.00,4,2.00,0,0.00,258,129.00
2858,3,1418,472.67,261,87.00,37046,12348.67,749750,249916.67,0,0.00,264,88.00
2860,1,1010,1010.00,251,251.00,36964,36964.00,749746,749746.00,0,0.00,6,6.00
2862,2,2026,1013.00,504,252.00,73954,36977.00,1499496,749748.00,0,0.00,12,6.00
2864,1,235,235.00,8,8.00,555,555.00,52,52.00,0,0.00,129,129.00
2865,1,230,230.00,6,6.00,547,547.00,51,51.00,0,0.00,129,129.00
2867,4,5085,1271.25,3466,866.50,97240,24310.00,1500949,375237.25,0,0.00,59,14.75
2868,1,201,201.00,6,6.00,345,345.00,0,0.00,0,0.00,129,129.00
2869,2,2061,1030.50,768,384.00,121232,60616.00,1441908,720954.00,2561,1280.50,6,3.00
2874,102,42126,413.00,10914,107.00,6389353,62640.72,32195220,315639.41,111610,1094.22,0,0.00
2875,1,1060,1060.00,519,519.00,83984,83984.00,695468,695468.00,2561,2561.00,0,0.00
2880,1,419,419.00,109,109.00,62482,62482.00,334220,334220.00,2550,2550.00,0,0.00
2881,83,79597,959.00,26643,321.00,3870412,46631.47,85991827,1036046.11,57330,690.72,0,0.00
2882,24,23058,960.75,7731,322.12,1117531,46563.79,25052479,1043853.29,18202,758.42,0,0.00
2883,10,9690,969.00,3714,371.40,505874,50587.40,10088401,1008840.10,8865,886.50,6,0.60
2884,46,44188,960.61,14816,322.09,2156889,46888.89,51717068,1124284.09,20517,446.02,0,0.00
2885,14,13493,963.79,4719,337.07,679554,48539.57,14110713,1007908.07,18963,1354.50,6,0.43
2886,3,2891,963.67,972,324.00,140013,46671.00,3164686,1054895.33,1988,662.67,0,0.00
2887,12,11546,962.17,3879,323.25,556737,46394.75,13151666,1095972.17,11420,951.67,0,0.00
2888,8,7705,963.12,2596,324.50,371450,46431.25,8242690,1030336.25,7317,914.62,0,0.00
2889,1,1046,1046.00,520,520.00,82979,82979.00,693044,693044.00,2561,2561.00,0,0.00
2890,1,966,966.00,325,325.00,47364,47364.00,1228480,1228480.00,0,0.00,0,0.00
2891,3,2897,965.67,975,325.00,141190,47063.33,3158646,1052882.00,900,300.00,0,0.00
2893,1,965,965.00,325,325.00,47370,47370.00,1228478,1228478.00,0,0.00,0,0.00
2896,1,1059,1059.00,520,520.00,84838,84838.00,694446,694446.00,2561,2561.00,0,0.00
2900,2,1171,585.50,294,147.00,62208,31104.00,776504,388252.00,0,0.00,129,64.50
2902,103,42951,417.00,11124,108.00,6534868,63445.32,32943046,319835.40,100576,976.47,0,0.00
2905,1,1055,1055.00,527,527.00,83439,83439.00,694889,694889.00,2561,2561.00,0,0.00
2908,1,420,420.00,110,110.00,63084,63084.00,335331,335331.00,2550,2550.00,0,0.00
2910,1,1038,1038.00,514,514.00,83785,83785.00,692932,692932.00,2601,2601.00,0,0.00
2918,2,1518,759.00,585,292.50,86666,43333.00,697367,348683.50,2641,1320.50,108,54.00
2919,1,980,980.00,323,323.00,47525,47525.00,1229039,1229039.00,0,0.00,0,0.00
2923,1,1027,1027.00,262,262.00,38444,38444.00,810936,810936.00,0,0.00,6,6.00
2930,104,43784,421.00,11336,109.00,6688646,64313.90,34511230,331838.75,85764,824.65,0,0.00
2933,1,422,422.00,110,110.00,63733,63733.00,336546,336546.00,2550,2550.00,0,0.00
2934,1,1057,1057.00,515,515.00,81704,81704.00,693216,693216.00,2561,2561.00,0,0.00
2951,1,1040,1040.00,262,262.00,38455,38455.00,810936,810936.00,0,0.00,6,6.00
2952,1,1041,1041.00,262,262.00,38455,38455.00,810936,810936.00,0,0.00,6,6.00
2953,1,1043,1043.00,262,262.00,38457,38457.00,810938,810938.00,0,0.00,6,6.00
2955,1,1043,1043.00,261,261.00,38444,38444.00,810936,810936.00,0,0.00,6,6.00
2958,105,44625,425.00,11550,110.00,6771169,64487.32,36270127,345429.78,127393,1213.27,0,0.00
2961,6,5640,940.00,2256,376.00,360114,60019.00,142692,23782.00,0,0.00,0,0.00
2962,1,428,428.00,112,112.00,64338,64338.00,337816,337816.00,2550,2550.00,0,0.00
2965,2,2086,1043.00,535,267.50,78407,39203.50,1685468,842734.00,0,0.00,13,6.50
2966,1003,8923691,8897.00,2974898,2966.00,0,0.00,0,0.00,0,0.00,0,0.00
2967,200,1779751,8898.75,593425,2967.12,0,0.00,0,0.00,0,0.00,0,0.00
2968,25,222522,8900.88,74210,2968.40,0,0.00,0,0.00,0,0.00,0,0.00
2969,276,2456016,8898.61,818918,2967.09,3251,11.78,163,0.59,0,0.00,0,0.00
2970,91,809936,8900.40,270119,2968.34,1065,11.70,44,0.48,0,0.00,0,0.00
2971,85,179015,2106.06,59792,703.44,3528782,41515.08,83594159,983460.69,34021,400.25,0,0.00
2972,82,642817,7839.23,214389,2614.50,535508,6530.59,14242399,173687.79,3055,37.26,0,0.00
2973,24,189918,7913.25,63356,2639.83,146906,6121.08,3919418,163309.08,0,0.00,0,0.00
2974,53,76239,1438.47,25514,481.40,2416907,45602.02,58235838,1098789.40,23882,450.60,0,0.00
2975,22,77211,3509.59,25781,1171.86,725784,32990.18,16510268,750466.73,6692,304.18,0,0.00
2976,4,3980,995.00,1340,335.00,189218,47304.50,3608291,902072.75,6036,1509.00,0,0.00
2977,19,42594,2241.79,14245,749.74,770755,40566.05,17959713,945248.05,10738,565.16,0,0.00
2978,9,24758,2750.89,8274,919.33,335021,37224.56,7902757,878084.11,6930,770.00,0,0.00
2979,1,1000,1000.00,329,329.00,49926,49926.00,785860,785860.00,689,689.00,0,0.00
2980,2,1992,996.00,668,334.00,95415,47707.50,2143313,1071656.50,2264,1132.00,0,0.00
2981,1,930,930.00,329,329.00,50651,50651.00,1153257,1153257.00,0,0.00,5,5.00
2983,1,997,997.00,335,335.00,48852,48852.00,1306470,1306470.00,0,0.00,0,0.00
2984,1,996,996.00,335,335.00,48871,48871.00,1306496,1306496.00,0,0.00,0,0.00
2986,106,45474,429.00,11766,111.00,6859402,64711.34,35842253,338134.46,72511,684.07,0,0.00
2987,1,8918,8918.00,2987,2987.00,0,0.00,0,0.00,0,0.00,0,0.00
2988,1,8897,8897.00,2988,2988.00,0,0.00,0,0.00,0,0.00,0,0.00
2989,2,9352,4676.00,3101,1550.50,65027,32513.50,337502,168751.00,2539,1269.50,0,0.00
2991,1,8904,8904.00,2968,2968.00,604,604.00,108,108.00,0,0.00,0,0.00
2994,1,8907,8907.00,2972,2972.00,560,560.00,13,13.00,0,0.00,0,0.00
2997,1,8925,8925.00,2995,2995.00,11,11.00,0,0.00,0,0.00,0,0.00
3005,1,1002,1002.00,334,334.00,49276,49276.00,1306730,1306730.00,0,0.00,0,0.00
3006,2,9925,4962.50,3294,1647.00,48916,24458.00,1236489,618244.50,0,0.00,0,0.00
3009,239,2157214,9026.00,719151,3009.00,0,0.00,0,0.00,0,0.00,0,0.00
3010,97,875704,9027.88,291979,3010.09,0,0.00,0,0.00,0,0.00,0,0.00
3011,21,189615,9029.29,63237,3011.29,0,0.00,0,0.00,0,0.00,0,0.00
3012,230,2076346,9027.59,692308,3010.03,2670,11.61,133,0.58,0,0.00,0,0.00
3013,74,660186,8921.43,220362,2977.86,86226,1165.22,694377,9383.47,2561,34.61,7,0.09
3014,114,109548,960.95,33066,290.05,6988922,61306.33,36699881,321928.78,70700,620.18,0,0.00
3015,50,451459,9029.18,150553,3011.06,1168,23.36,59,1.18,0,0.00,0,0.00
3016,16,144490,9030.62,48194,3012.12,373,23.31,18,1.12,0,0.00,0,0.00
3017,8,72253,9031.62,24103,3012.88,223,27.88,34,4.25,0,0.00,0,0.00
3018,11,91304,8300.36,30455,2768.64,50181,4561.91,1306562,118778.36,0,0.00,0,0.00
3019,1,9030,9030.00,3012,3012.00,53,53.00,15,15.00,0,0.00,0,0.00
3020,4,11584,2896.00,3669,917.25,144141,36035.25,1663087,415771.75,3930,982.50,12,3.00
3021,1,9031,9031.00,3012,3012.00,67,67.00,30,30.00,0,0.00,0,0.00
3022,1,9033,9033.00,3013,3013.00,67,67.00,30,30.00,0,0.00,0,0.00
3023,1,9036,9036.00,3014,3014.00,257,257.00,0,0.00,0,0.00,0,0.00
3024,1,1013,1013.00,338,338.00,49336,49336.00,704799,704799.00,1085,1085.00,0,0.00
3025,1,9037,9037.00,3014,3014.00,270,270.00,2,2.00,0,0.00,0,0.00
3028,1,1055,1055.00,284,284.00,41415,41415.00,940516,940516.00,0,0.00,7,7.00
3029,1,1010,1010.00,337,337.00,47369,47369.00,850726,850726.00,2295,2295.00,0,0.00
3031,1,9048,9048.00,3031,3031.00,0,0.00,0,0.00,0,0.00,0,0.00
3036,1,1068,1068.00,272,272.00,39935,39935.00,874526,874526.00,0,0.00,6,6.00
3037,1,978,978.00,369,369.00,53780,53780.00,1228898,1228898.00,77,77.00,7,7.00
3042,108,47196,437.00,12204,113.00,7126839,65989.25,37940539,351301.29,69202,640.76,0,0.00
3043,2,2171,1085.50,811,405.50,125827,62913.50,1576123,788061.50,2561,1280.50,6,3.00
3046,1,9044,9044.00,3017,3017.00,812,812.00,59,59.00,0,0.00,0,0.00
3048,2,10013,5006.50,3278,1639.00,40931,20465.50,879928,439964.00,0,0.00,6,3.00
3049,1,9034,9034.00,3011,3011.00,670,670.00,71,71.00,0,0.00,0,0.00
3052,1,443,443.00,117,117.00,66315,66315.00,339833,339833.00,2539,2539.00,0,0.00
3054,1,9049,9049.00,3012,3012.00,232,232.00,780,780.00,0,0.00,0,0.00
3055,3,752,250.67,423,141.00,63967,21322.33,2115,705.00,0,0.00,94,31.33
3057,2,2187,1093.50,854,427.00,149980,74990.00,1713905,856952.50,2841,1420.50,0,0.00
3061,52,52988,1019.00,17732,341.00,2581413,49642.56,64290507,1236355.90,33283,640.06,0,0.00
3062,21,21437,1020.81,7185,342.14,1040303,49538.24,26536083,1263623.00,15636,744.57,0,0.00
3063,3,3065,1021.67,1028,342.67,149471,49823.67,3480519,1160173.00,1376,458.67,0,0.00
3064,27,27549,1020.33,9237,342.11,1342173,49710.11,30325146,1123153.56,15760,583.70,0,0.00
3065,4,4085,1021.25,1371,342.75,196096,49024.00,3547948,886987.00,5071,1267.75,0,0.00
3066,2,2047,1023.50,687,343.50,100590,50295.00,2773712,1386856.00,0,0.00,0,0.00
3067,9,17220,1913.33,5763,640.33,394893,43877.00,8798908,977656.44,8413,934.78,0,0.00
3068,1,1023,1023.00,344,344.00,50306,50306.00,1386856,1386856.00,0,0.00,0,0.00
3070,112,50554,451.38,13229,118.12,7427307,66315.24,42023664,375211.29,75442,673.59,0,0.00
3071,1,1024,1024.00,345,345.00,47375,47375.00,1300586,1300586.00,2958,2958.00,0,0.00
3074,1,9059,9059.00,3010,3010.00,353,353.00,2016,2016.00,0,0.00,0,0.00
3076,1,1024,1024.00,346,346.00,50339,50339.00,1386856,1386856.00,0,0.00,0,0.00
3078,1,8918,8918.00,2971,2971.00,2250,2250.00,1074,1074.00,40,40.00,0,0.00
3084,1,8956,8956.00,3025,3025.00,1518,1518.00,13338,13338.00,0,0.00,0,0.00
3093,1,1016,1016.00,340,340.00,51159,51159.00,1307543,1307543.00,0,0.00,0,0.00
3098,111,49395,445.00,12765,115.00,7468717,67285.74,40564496,365445.91,71848,647.28,0,0.00
3103,1,1024,1024.00,551,551.00,87029,87029.00,694366,694366.00,2561,2561.00,9,9.00
3112,1,1071,1071.00,303,303.00,44408,44408.00,1079696,1079696.00,0,0.00,7,7.00
3114,1,1094,1094.00,282,282.00,40238,40238.00,474954,474954.00,1161,1161.00,6,6.00
3119,1,8897,8897.00,2971,2971.00,3379,3379.00,443,443.00,0,0.00,5,5.00
3126,112,50939,454.81,13158,117.48,7494628,66916.32,41596074,371393.52,236714,2113.52,6,0.05
3129,1,452,452.00,117,117.00,68149,68149.00,344297,344297.00,2539,2539.00,0,0.00
3131,2,1844,922.00,607,303.50,114749,57374.50,512612,256306.00,977,488.50,6,3.00
3132,1,1103,1103.00,283,283.00,39160,39160.00,756746,756746.00,2240,2240.00,6,6.00
3133,2,2202,1101.00,564,282.00,80586,40293.00,1697262,848631.00,2240,1120.00,12,6.00
3136,1,1104,1104.00,283,283.00,39823,39823.00,505614,505614.00,1589,1589.00,6,6.00
3137,1,1104,1104.00,282,282.00,41404,41404.00,940516,940516.00,0,0.00,6,6.00
3139,1,1082,1082.00,303,303.00,44377,44377.00,1079698,1079698.00,0,0.00,7,7.00
3140,1,1106,1106.00,283,283.00,39196,39196.00,742731,742731.00,2214,2214.00,6,6.00
3149,3,2397,799.00,564,188.00,158296,52765.33,112800,37600.00,0,0.00,47,15.67
3150,1,539,539.00,93,93.00,120588,120588.00,75270,75270.00,1765,1765.00,0,0.00
3151,35,36715,1049.00,12285,351.00,1775082,50716.63,39837462,1138213.20,36573,1044.94,0,0.00
3152,7,7352,1050.29,2462,351.71,359682,51383.14,9169692,1309956.00,2657,379.57,0,0.00
3154,140,79554,568.24,22726,162.33,9049507,64639.34,75246116,537472.26,254912,1820.80,0,0.00
3155,6,14161,2360.17,4771,795.17,265912,44318.67,6837051,1139508.50,2435,405.83,5,0.83
3156,2,2108,1054.00,708,354.00,101346,50673.00,2324650,1162325.00,2201,1100.50,0,0.00
3157,9,9474,1052.67,3178,353.11,459852,51094.67,11121545,1235727.22,6218,690.89,0,0.00
3158,3,3160,1053.33,1060,353.33,153588,51196.00,3691597,1230532.33,1788,596.00,0,0.00
3161,1,1055,1055.00,355,355.00,51799,51799.00,1469648,1469648.00,0,0.00,0,0.00
3163,1,1053,1053.00,355,355.00,51808,51808.00,1469646,1469646.00,0,0.00,0,0.00
3165,1,989,989.00,441,441.00,51660,51660.00,1238680,1238680.00,2888,2888.00,7,7.00
3167,1,1015,1015.00,561,561.00,102634,102634.00,695368,695368.00,2561,2561.00,5,5.00
3176,1,8899,8899.00,3005,3005.00,8528,8528.00,306,306.00,0,0.00,5,5.00
3181,1,1007,1007.00,565,565.00,93176,93176.00,692074,692074.00,2759,2759.00,5,5.00
3182,113,51641,457.00,13334,118.00,7744914,68539.06,43184491,382163.64,234180,2072.39,0,0.00
3183,1,459,459.00,119,119.00,69516,69516.00,322551,322551.00,2396,2396.00,0,0.00
3185,1,1113,1113.00,291,291.00,42219,42219.00,630541,630541.00,662,662.00,6,6.00
3187,1,9115,9115.00,3098,3098.00,2298,2298.00,30798,30798.00,0,0.00,0,0.00
3199,1,61,61.00,78,78.00,32896,32896.00,1600,1600.00,0,0.00,72,72.00
3206,1,63,63.00,21,21.00,17486,17486.00,910,910.00,3080,3080.00,35,35.00
3207,1,1148,1148.00,546,546.00,86155,86155.00,725586,725586.00,2561,2561.00,0,0.00
3210,114,52554,461.00,13566,119.00,7894879,69253.32,44170993,387464.85,230981,2026.15,0,0.00
3214,1,67,67.00,20,20.00,17535,17535.00,946,946.00,3080,3080.00,35,35.00
3221,2,1599,799.50,416,208.00,113163,56581.50,1332308,666154.00,2371,1185.50,6,3.00
3222,1,1133,1133.00,293,293.00,42169,42169.00,607702,607702.00,725,725.00,6,6.00
3223,1,1132,1132.00,292,292.00,42884,42884.00,1008906,1008906.00,0,0.00,6,6.00
3226,1,1133,1133.00,291,291.00,42884,42884.00,1008906,1008906.00,0,0.00,6,6.00
3227,1,1133,1133.00,294,294.00,42906,42906.00,1008906,1008906.00,0,0.00,6,6.00
3229,1,1138,1138.00,293,293.00,42897,42897.00,1008908,1008908.00,0,0.00,6,6.00
3238,115,53475,465.00,13800,120.00,8036027,69878.50,45378560,394596.17,231408,2012.24,0,0.00
3241,5,5395,1079.00,1805,361.00,263436,52687.20,6199306,1239861.20,2773,554.60,0,0.00
3242,3,3242,1080.67,1086,362.00,156601,52200.33,4564913,1521637.67,3128,1042.67,0,0.00
3243,1,2162,2162.00,2162,2162.00,18377,18377.00,0,0.00,0,0.00,0,0.00
3244,4,4322,1080.50,1448,362.00,208610,52152.50,4965870,1241467.50,4403,1100.75,0,0.00
3245,7,7574,1082.00,2540,362.86,359196,51313.71,7456740,1065248.57,13573,1939.00,0,0.00
3247,2,1553,776.50,486,243.00,124505,62252.50,1836632,918316.00,1976,988.00,0,0.00
3248,1,1087,1087.00,365,365.00,53271,53271.00,1554839,1554839.00,0,0.00,0,0.00
3250,1,8898,8898.00,3037,3037.00,5937,5937.00,951,951.00,117,117.00,5,5.00
3253,1,561,561.00,105,105.00,123745,123745.00,75572,75572.00,1835,1835.00,0,0.00
3264,1,1088,1088.00,366,366.00,53468,53468.00,1554843,1554843.00,0,0.00,0,0.00
3266,116,54404,469.00,14036,121.00,8189077,70595.49,46674331,402364.92,230178,1984.29,0,0.00
3267,1,471,471.00,122,122.00,72130,72130.00,278778,278778.00,1738,1738.00,0,0.00
3272,1,396,396.00,6,6.00,39,39.00,3,3.00,0,0.00,135,135.00
3277,1,1144,1144.00,302,302.00,44364,44364.00,1079696,1079696.00,0,0.00,6,6.00
3289,1,1150,1150.00,301,301.00,44364,44364.00,1079696,1079696.00,0,0.00,6,6.00
3293,2,1780,890.00,510,255.00,185475,92737.50,1275798,637899.00,2916,1458.00,7,3.50
3294,118,55814,473.00,14396,122.00,8409068,71263.29,48287035,409212.16,230033,1949.43,0,0.00
3296,1,1143,1143.00,296,296.00,42892,42892.00,1008906,1008906.00,0,0.00,8,8.00
3299,1,9172,9172.00,3153,3153.00,3624,3624.00,49110,49110.00,73,73.00,0,0.00
3310,1,1162,1162.00,302,302.00,42965,42965.00,545931,545931.00,1394,1394.00,6,6.00
3316,1,1162,1162.00,303,303.00,44386,44386.00,1079696,1079696.00,0,0.00,6,6.00
3320,1,1166,1166.00,304,304.00,43584,43584.00,637121,637121.00,788,788.00,6,6.00
3322,118,56286,477.00,14514,123.00,8527814,72269.61,48828838,413803.71,206087,1746.50,0,0.00
3323,1,479,479.00,124,124.00,70131,70131.00,278582,278582.00,1652,1652.00,0,0.00
3331,2,2218,1109.00,742,371.00,107689,53844.50,2472767,1236383.50,1754,877.00,0,0.00
3332,1,1159,1159.00,311,311.00,43181,43181.00,1054055,1054055.00,2660,2660.00,7,7.00
3334,1,1112,1112.00,372,372.00,53010,53010.00,826661,826661.00,1724,1724.00,0,0.00
3335,2,2224,1112.00,746,373.00,105936,52968.00,1657574,828787.00,3524,1762.00,0,0.00
3336,1,1117,1117.00,375,375.00,54735,54735.00,1642426,1642426.00,0,0.00,0,0.00
3337,2,1912,956.00,467,233.50,123865,61932.50,978245,489122.50,2366,1183.00,47,23.50
3340,1,1114,1114.00,374,374.00,53226,53226.00,832747,832747.00,1529,1529.00,0,0.00
3344,1,1114,1114.00,374,374.00,52207,52207.00,1071366,1071366.00,2637,2637.00,0,0.00
3345,1,1287,1287.00,773,773.00,91721,91721.00,908088,908088.00,1747,1747.00,0,0.00
3350,120,57720,481.00,14880,124.00,8715287,72627.39,51163520,426362.67,228857,1907.14,0,0.00
3364,1,1075,1075.00,408,408.00,55542,55542.00,696825,696825.00,1790,1790.00,6,6.00
3365,1,1173,1173.00,311,311.00,43501,43501.00,842861,842861.00,2339,2339.00,6,6.00
3369,1,9026,9026.00,3056,3056.00,18944,18944.00,3348,3348.00,0,0.00,5,5.00
3375,1,1308,1308.00,663,663.00,49356,49356.00,1056587,1056587.00,149,149.00,0,0.00
3378,121,58685,485.00,15125,125.00,8908385,73623.02,52343846,432593.77,206997,1710.72,0,0.00
3384,1,376,376.00,47,47.00,49256,49256.00,10481,10481.00,0,0.00,0,0.00
3388,1,1184,1184.00,311,311.00,45844,45844.00,1152886,1152886.00,0,0.00,6,6.00
3391,2,1226,613.00,373,186.50,100616,50308.00,1237546,618773.00,3342,1671.00,13,6.50
3401,1,1191,1191.00,312,312.00,45844,45844.00,1152886,1152886.00,0,0.00,6,6.00
3402,1,1191,1191.00,311,311.00,45844,45844.00,1152886,1152886.00,0,0.00,6,6.00
3406,122,60365,494.80,15560,127.54,9001999,73786.88,53879405,441634.47,237006,1942.67,6,0.05
3412,2,1690,845.00,441,220.50,120341,60170.50,1517455,758727.50,2536,1268.00,6,3.00
3414,2,1578,789.00,317,158.50,45877,22938.50,1152886,576443.00,0,0.00,141,70.50
3422,1,1139,1139.00,381,381.00,53568,53568.00,1123006,1123006.00,2633,2633.00,0,0.00
3424,1,1142,1142.00,382,382.00,54810,54810.00,899287,899287.00,1401,1401.00,0,0.00
3431,11,12502,1136.55,4277,388.82,722202,65654.73,438745,39885.91,0,0.00,0,0.00
3434,122,60146,493.00,15494,127.00,9150315,75002.58,52261788,428375.31,217064,1779.21,0,0.00
3435,1,495,495.00,128,128.00,74455,74455.00,394070,394070.00,728,728.00,0,0.00
3457,3,2721,907.00,907,302.33,140836,46945.33,1744867,581622.33,3559,1186.33,160,53.33
3462,124,61628,497.00,15872,128.00,9333698,75271.76,55650046,448790.69,223765,1804.56,0,0.00
3490,124,62124,501.00,15996,129.00,9461080,76299.03,52970720,427183.23,229736,1852.71,0,0.00
3491,1,502,502.00,130,130.00,76367,76367.00,372452,372452.00,2536,2536.00,0,0.00
3495,1,144,144.00,62,62.00,188278,188278.00,48684,48684.00,1007,1007.00,5,5.00
3496,2,2444,1222.00,646,323.00,92047,46023.50,2274407,1137203.50,2642,1321.00,12,6.00
3501,1,1225,1225.00,323,323.00,45822,45822.00,620482,620482.00,1520,1520.00,6,6.00
3511,1,1169,1169.00,391,391.00,57684,57684.00,1824806,1824806.00,0,0.00,0,0.00
3518,125,63125,505.00,16250,130.00,9509621,76076.97,54634004,437072.03,208840,1670.72,0,0.00
3519,1,507,507.00,131,131.00,75019,75019.00,326851,326851.00,1372,1372.00,0,0.00
3520,1,1220,1220.00,333,333.00,48815,48815.00,1306466,1306466.00,0,0.00,7,7.00
3525,3,6909,2303.00,2068,689.33,382345,127448.33,443821,147940.33,0,0.00,0,0.00
3536,1,1219,1219.00,343,343.00,50284,50284.00,1386856,1386856.00,0,0.00,7,7.00
3546,126,64134,509.00,16506,131.00,9693254,76930.59,59715375,473931.55,289630,2298.65,0,0.00
3548,1,1141,1141.00,412,412.00,56807,56807.00,889227,889227.00,1466,1466.00,6,6.00
3549,1,510,510.00,132,132.00,77644,77644.00,378214,378214.00,2536,2536.00,0,0.00
3552,1,140,140.00,57,57.00,188211,188211.00,48667,48667.00,1007,1007.00,7,7.00
3554,1,1235,1235.00,334,334.00,48820,48820.00,1306468,1306468.00,0,0.00,7,7.00
3556,1,1238,1238.00,331,331.00,46690,46690.00,773174,773174.00,2111,2111.00,6,6.00
3564,1,1242,1242.00,331,331.00,48804,48804.00,1306466,1306466.00,0,0.00,6,6.00
3572,1,658,658.00,47,47.00,162432,162432.00,16920,16920.00,0,0.00,0,0.00
3574,127,65151,513.00,16764,132.00,9893644,77902.71,59767134,470607.35,238314,1876.49,0,0.00
3577,1,514,514.00,133,133.00,77211,77211.00,400380,400380.00,896,896.00,0,0.00
3578,1,1248,1248.00,333,333.00,48826,48826.00,1306466,1306466.00,0,0.00,6,6.00
3583,1,1251,1251.00,332,332.00,48815,48815.00,1306466,1306466.00,0,0.00,6,6.00
3585,1,9283,9283.00,3010,3010.00,11,11.00,0,0.00,0,0.00,5,5.00
3586,1,1252,1252.00,333,333.00,48826,48826.00,1306466,1306466.00,0,0.00,6,6.00
3587,1,1255,1255.00,334,334.00,48845,48845.00,1306473,1306473.00,0,0.00,6,6.00
3588,1,1254,1254.00,332,332.00,48815,48815.00,1306466,1306466.00,0,0.00,6,6.00
3592,1,1261,1261.00,336,336.00,47640,47640.00,684155,684155.00,1170,1170.00,6,6.00
3593,1,467,467.00,93,93.00,92660,92660.00,12905,12905.00,0,0.00,0,0.00
3596,1,9288,9288.00,3011,3011.00,22,22.00,0,0.00,0,0.00,5,5.00
3602,128,66176,517.00,17024,133.00,10036360,78409.06,62552027,488687.71,237584,1856.12,0,0.00
3605,1,520,520.00,134,134.00,78912,78912.00,384290,384290.00,2536,2536.00,0,0.00
3619,2,3901,1950.50,1974,987.00,288956,144478.00,292622,146311.00,0,0.00,47,23.50
3625,1,789,789.00,280,280.00,74026,74026.00,44407,44407.00,119,119.00,0,0.00
3630,129,67209,521.00,17286,134.00,10111943,78387.16,61130665,473881.12,279307,2165.17,0,0.00
3633,1,1078,1078.00,515,515.00,82591,82591.00,695335,695335.00,2561,2561.00,36,36.00
3634,1,524,524.00,136,136.00,78645,78645.00,431524,431524.00,812,812.00,0,0.00
3645,1,1268,1268.00,341,341.00,50284,50284.00,1386856,1386856.00,0,0.00,6,6.00
3650,1,1270,1270.00,341,341.00,50284,50284.00,1386856,1386856.00,0,0.00,6,6.00
3658,130,68250,525.00,17550,135.00,10367699,79751.53,63206699,486205.38,256125,1970.19,0,0.00
3662,1,532,532.00,138,138.00,80234,80234.00,390700,390700.00,2536,2536.00,0,0.00
3666,1,1280,1280.00,342,342.00,50284,50284.00,1386856,1386856.00,0,0.00,6,6.00
3670,1,1282,1282.00,342,342.00,48903,48903.00,706807,706807.00,1376,1376.00,6,6.00
3676,1,1285,1285.00,342,342.00,48292,48292.00,760954,760954.00,1988,1988.00,6,6.00
3677,1,1269,1269.00,376,376.00,49612,49612.00,1162559,1162559.00,2768,2768.00,7,7.00
3681,1,1286,1286.00,343,343.00,49041,49041.00,721556,721556.00,1250,1250.00,6,6.00
3686,131,69299,529.00,17816,136.00,10507988,80213.65,64582774,492998.27,288863,2205.06,0,0.00
3714,133,70889,533.00,18221,137.00,10757271,80881.74,66512965,500097.48,410452,3086.11,0,0.00
3742,133,71421,537.00,18354,138.00,10837064,81481.68,66871385,502792.37,411012,3090.32,0,0.00
3750,1,1091,1091.00,517,517.00,82615,82615.00,695337,695337.00,2561,2561.00,41,41.00
3752,1,547,547.00,143,143.00,81580,81580.00,502355,502355.00,647,647.00,0,0.00
3756,245,2760415,11267.00,920220,3756.00,0,0.00,0,0.00,0,0.00,0,0.00
3757,87,981918,11286.41,326871,3757.14,0,0.00,0,0.00,0,0.00,0,0.00
3758,14,157792,11270.86,52621,3758.64,0,0.00,0,0.00,0,0.00,0,0.00
3759,224,2513476,11220.88,838004,3741.09,163433,729.61,55512,247.82,3402,15.19,0,0.00
3760,51,574786,11270.31,191662,3758.08,600,11.76,31,0.61,0,0.00,0,0.00
3761,7,78897,11271.00,26313,3759.00,77,11.00,0,0.00,0,0.00,0,0.00
3762,79,880403,11144.34,293486,3715.01,51557,652.62,805321,10193.94,2049,25.94,6,0.08
3763,20,225439,11271.95,75185,3759.25,458,22.90,15,0.75,0,0.00,0,0.00
3764,4,45094,11273.50,15037,3759.25,144,36.00,21,5.25,0,0.00,0,0.00
3765,19,214185,11272.89,71438,3759.89,696,36.63,28,1.47,0,0.00,0,0.00
3766,5,56369,11273.80,18801,3760.20,204,40.80,26,5.20,0,0.00,0,0.00
3767,1,11270,11270.00,3759,3759.00,43,43.00,1,1.00,0,0.00,0,0.00
3768,1,11273,11273.00,3761,3761.00,72,72.00,5,5.00,0,0.00,0,0.00
3770,135,73035,541.00,18765,139.00,11093836,82176.56,68199824,505183.88,415713,3079.36,0,0.00
3771,1,11274,11274.00,3760,3760.00,81,81.00,14,14.00,0,0.00,0,0.00
3773,1,11278,11278.00,3762,3762.00,268,268.00,0,0.00,0,0.00,0,0.00
3774,1,11329,11329.00,3782,3782.00,22,22.00,0,0.00,0,0.00,0,0.00
3783,1,11278,11278.00,3760,3760.00,139,139.00,136,136.00,0,0.00,0,0.00
3784,1,1302,1302.00,533,533.00,59866,59866.00,911617,911617.00,301,301.00,2,2.00
3788,1,11277,11277.00,3762,3762.00,419,419.00,101,101.00,0,0.00,0,0.00
3789,1,11278,11278.00,3763,3763.00,419,419.00,101,101.00,0,0.00,0,0.00
3790,2,11853,5926.50,3926,1963.00,80654,40327.00,470330,235165.00,728,364.00,0,0.00
3798,136,74120,545.00,19040,140.00,11255888,82763.88,69124642,508269.43,420062,3088.69,0,0.00
3802,1,11319,11319.00,3794,3794.00,3576,3576.00,731,731.00,0,0.00,0,0.00
3807,1,1175,1175.00,47,47.00,33135,33135.00,62040,62040.00,0,0.00,0,0.00
3822,1,11319,11319.00,3783,3783.00,1528,1528.00,1874,1874.00,0,0.00,0,0.00
3826,136,74664,549.00,19176,141.00,11347479,83437.35,69405824,510336.94,419355,3083.49,0,0.00
3831,1,1494,1494.00,266,266.00,259406,259406.00,59976,59976.00,3626,3626.00,0,0.00
3832,1,551,551.00,143,143.00,84209,84209.00,411800,411800.00,2536,2536.00,0,0.00
3833,1,1486,1486.00,262,262.00,259406,259406.00,59976,59976.00,3626,3626.00,0,0.00
3836,1,641,641.00,182,182.00,161474,161474.00,55176,55176.00,3402,3402.00,0,0.00
3838,1,1334,1334.00,361,361.00,53244,53244.00,1554836,1554836.00,0,0.00,6,6.00
3854,137,75761,553.00,19454,142.00,11513796,84042.31,70231973,512642.14,422444,3083.53,0,0.00
3858,1,558,558.00,144,144.00,82644,82644.00,530423,530423.00,3712,3712.00,0,0.00
3859,1,1344,1344.00,362,362.00,51249,51249.00,825116,825116.00,2003,2003.00,6,6.00
3860,1,1347,1347.00,363,363.00,53257,53257.00,1554838,1554838.00,0,0.00,6,6.00
3868,1,11327,11327.00,3761,3761.00,595,595.00,5565,5565.00,0,0.00,0,0.00
3878,1,11267,11267.00,3758,3758.00,856,856.00,74,74.00,0,0.00,5,5.00
3882,138,76866,557.00,19734,143.00,11691546,84721.35,70814834,513150.97,424567,3076.57,0,0.00
3885,1,558,558.00,144,144.00,85520,85520.00,419458,419458.00,2536,2536.00,0,0.00
3888,1,520,520.00,71,71.00,9826,9826.00,39446,39446.00,494,494.00,136,136.00
3900,1,664,664.00,61,61.00,24994,24994.00,15407,15407.00,242,242.00,135,135.00
3901,8,9776,1222.00,3760,470.00,640328,80041.00,335016,41877.00,0,0.00,0,0.00
3910,139,77979,561.00,20016,144.00,11860328,85326.10,71666225,515584.35,427656,3076.66,0,0.00
3916,1,565,565.00,146,146.00,84389,84389.00,530499,530499.00,3572,3572.00,0,0.00
3936,1,11267,11267.00,3774,3774.00,2356,2356.00,133,133.00,0,0.00,7,7.00
3938,140,79100,565.00,20300,145.00,12037662,85983.30,72513863,517956.16,430731,3076.65,0,0.00
3942,2,1941,970.50,519,259.50,141595,70797.50,2073155,1036577.50,2529,1264.50,6,3.00
3952,1,1078,1078.00,515,515.00,82591,82591.00,695335,695335.00,2561,2561.00,48,48.00
3961,1,60,60.00,62,62.00,62196,62196.00,10585,10585.00,3899,3899.00,7,7.00
3966,142,80798,569.00,20732,146.00,12294912,86583.89,73934241,520663.67,437301,3079.58,0,0.00
3982,1,657,657.00,65,65.00,90407,90407.00,231054,231054.00,3607,3607.00,0,0.00
3985,1,74,74.00,74,74.00,62355,62355.00,10591,10591.00,3899,3899.00,7,7.00
3994,142,81366,573.00,20874,147.00,12389408,87249.35,74305862,523280.72,436888,3076.68,0,0.00
3995,1,0,0.00,47,47.00,188,188.00,0,0.00,3854,3854.00,47,47.00
3997,1,576,576.00,148,148.00,88213,88213.00,437589,437589.00,2522,2522.00,0,0.00
4018,1,1394,1394.00,381,381.00,56204,56204.00,1732416,1732416.00,0,0.00,6,6.00
4020,1,724,724.00,1,1.00,2960,2960.00,144453,144453.00,0,0.00,136,136.00
4022,143,82511,577.00,21164,148.00,12563167,87854.31,75225585,526053.04,439970,3076.71,0,0.00
4026,1,582,582.00,151,151.00,87662,87662.00,542681,542681.00,3348,3348.00,0,0.00
4040,1,1876,1876.00,47,47.00,155212,155212.00,37385,37385.00,0,0.00,0,0.00
4050,144,83664,581.00,21456,149.00,12746196,88515.25,76165092,528924.25,443052,3076.75,0,0.00
4053,1,584,584.00,150,150.00,89531,89531.00,446160,446160.00,2522,2522.00,0,0.00
4056,1,1111,1111.00,518,518.00,82618,82618.00,695337,695337.00,2561,2561.00,55,55.00
4058,1,11367,11367.00,3795,3795.00,4555,4555.00,3388,3388.00,268,268.00,0,0.00
4078,145,84825,585.00,21750,150.00,12922431,89120.21,77118464,531851.48,446134,3076.79,0,0.00
4086,1,590,590.00,153,153.00,90220,90220.00,450657,450657.00,2522,2522.00,0,0.00
4089,2,752,376.00,282,141.00,176861,88430.50,29939,14969.50,0,0.00,47,23.50
4106,146,85994,589.00,22046,151.00,13111822,89807.00,77795439,532845.47,447621,3065.90,0,0.00
4107,1,591,591.00,152,152.00,88284,88284.00,470319,470319.00,1372,1372.00,0,0.00
4114,1,1112,1112.00,515,515.00,82580,82580.00,695335,695335.00,2561,2561.00,58,58.00
4132,1,278,278.00,529,529.00,154813,154813.00,116559,116559.00,3977,3977.00,37,37.00
4134,148,87764,593.00,22496,152.00,13382086,90419.50,79239011,535398.72,453203,3062.18,0,0.00
4135,1,279,279.00,530,530.00,154458,154458.00,117780,117780.00,3977,3977.00,37,37.00
4137,1,282,282.00,530,530.00,154473,154473.00,117784,117784.00,3977,3977.00,37,37.00
4145,1,793,793.00,344,344.00,8889,8889.00,464442,464442.00,0,0.00,136,136.00
4147,30,0,0.00,15840,528.00,1699341,56644.70,1182367,39412.23,123191,4106.37,150,5.00
4148,20,31,1.55,10582,529.10,1136875,56843.75,788638,39431.90,82111,4105.55,100,5.00
4149,3,6,2.00,1588,529.33,175857,58619.00,122986,40995.33,12312,4104.00,15,5.00
4150,14,20,1.43,7409,529.21,799466,57104.71,556906,39779.00,57436,4102.57,70,5.00
4151,2,5,2.50,1059,529.50,111949,55974.50,76520,38260.00,8208,4104.00,10,5.00
4153,9,34,3.78,4772,530.22,508979,56553.22,354251,39361.22,36952,4105.78,45,5.00
4154,1,7,7.00,531,531.00,54637,54637.00,37842,37842.00,4114,4114.00,5,5.00
4155,2,18,9.00,1066,533.00,119515,59757.50,84674,42337.00,8207,4103.50,10,5.00
4156,1,9,9.00,531,531.00,57939,57939.00,40207,40207.00,4104,4104.00,5,5.00
4157,1,8,8.00,534,534.00,56781,56781.00,38883,38883.00,4104,4104.00,5,5.00
4159,1,5,5.00,531,531.00,56812,56812.00,38913,38913.00,4104,4104.00,5,5.00
4162,148,88356,597.00,22644,153.00,13478794,91072.93,79679777,538376.87,453763,3065.97,0,0.00
4166,1,602,602.00,155,155.00,89554,89554.00,485679,485679.00,1372,1372.00,0,0.00
4176,1,21,21.00,514,514.00,52421,52421.00,43841,43841.00,4103,4103.00,5,5.00
4178,4,12,3.00,2112,528.00,226952,56738.00,155121,38780.25,16415,4103.75,24,6.00
4179,2,6,3.00,1056,528.00,115098,57549.00,78409,39204.50,8208,4104.00,12,6.00
4181,2,10,5.00,1058,529.00,115991,57995.50,79202,39601.00,8208,4104.00,12,6.00
4183,1,2068,2068.00,47,47.00,26790,26790.00,175827,175827.00,0,0.00,0,0.00
4190,149,89549,601.00,22946,154.00,13660007,91677.90,80700612,541614.85,456834,3066.00,0,0.00
4194,2,633,316.50,671,335.50,140711,70355.50,498327,249163.50,6489,3244.50,5,2.50
4201,1,1117,1117.00,514,514.00,82580,82580.00,695335,695335.00,2561,2561.00,62,62.00
4204,1,33,33.00,532,532.00,60349,60349.00,44408,44408.00,4103,4103.00,5,5.00
4211,1,22,22.00,533,533.00,59603,59603.00,41634,41634.00,4112,4112.00,5,5.00
4218,150,90750,605.00,23250,155.00,13848621,92324.14,81641937,544279.58,459894,3065.96,0,0.00
4222,1,608,608.00,157,157.00,90912,90912.00,507011,507011.00,1347,1347.00,0,0.00
4230,1,1410,1410.00,94,94.00,85493,85493.00,175357,175357.00,0,0.00,0,0.00
4236,1,1120,1120.00,516,516.00,82593,82593.00,695337,695337.00,2561,2561.00,63,63.00
4245,1,1119,1119.00,514,514.00,82580,82580.00,695335,695335.00,2561,2561.00,64,64.00
4246,151,91959,609.00,23556,156.00,14032295,92929.11,82698575,547672.68,462965,3065.99,0,0.00
4249,1,612,612.00,157,157.00,89382,89382.00,466634,466634.00,2422,2422.00,0,0.00
4274,152,93176,613.00,23864,157.00,14223113,93573.11,83498443,549331.86,465583,3063.05,0,0.00
4277,1,4230,4230.00,2162,2162.00,97619,97619.00,396116,396116.00,0,0.00,0,0.00
4282,1,709,709.00,104,104.00,94737,94737.00,260199,260199.00,3393,3393.00,0,0.00
4283,1,618,618.00,161,161.00,92167,92167.00,521853,521853.00,1344,1344.00,0,0.00
4302,153,94401,617.00,24174,158.00,14409257,94178.15,84591526,552885.79,468651,3063.08,0,0.00
4305,1,618,618.00,159,159.00,90668,90668.00,474347,474347.00,2411,2411.00,0,0.00
4323,4,1648,412.00,2112,528.00,752649,188162.25,505796,126449.00,16908,4227.00,148,37.00
4326,3,1241,413.67,1587,529.00,538437,179479.00,377891,125963.67,12738,4246.00,111,37.00
4327,2,833,416.50,1061,530.50,378642,189321.00,254241,127120.50,8400,4200.00,74,37.00
4330,154,95634,621.00,24486,159.00,14605209,94839.02,85705751,556530.85,471719,3063.11,0,0.00
4334,1,626,626.00,162,162.00,93406,93406.00,538403,538403.00,1344,1344.00,0,0.00
4358,155,96875,625.00,24800,160.00,14793818,95443.99,86836511,560235.55,474787,3063.14,0,0.00
4361,1,626,626.00,161,161.00,96731,96731.00,498760,498760.00,2578,2578.00,0,0.00
4371,3,4089,1363.00,1551,517.00,270156,90052.00,158484,52828.00,0,0.00,0,0.00
4386,156,98124,629.00,25116,161.00,14992356,96104.85,87989175,564033.17,477852,3063.15,0,0.00
4392,1,633,633.00,164,164.00,92233,92233.00,504007,504007.00,2583,2583.00,0,0.00
4414,157,99381,633.00,25434,162.00,15183441,96709.82,89159281,567893.51,480920,3063.18,0,0.00
4418,1,637,637.00,166,166.00,94432,94432.00,508429,508429.00,1795,1795.00,0,0.00
4419,1,769,769.00,94,94.00,97514,97514.00,263140,263140.00,4139,4139.00,0,0.00
4442,158,100646,637.00,25754,163.00,15383171,97361.84,90318494,571636.04,483988,3063.22,0,0.00
4445,1,638,638.00,164,164.00,95994,95994.00,577385,577385.00,1316,1316.00,0,0.00
4465,1,155,155.00,65,65.00,243143,243143.00,61580,61580.00,1565,1565.00,6,6.00
4470,159,101919,641.00,26076,164.00,15576723,97966.81,91528661,575651.96,487056,3063.25,0,0.00
4471,1,641,641.00,165,165.00,94040,94040.00,516708,516708.00,2604,2604.00,0,0.00
4498,161,103845,645.00,26565,165.00,15875118,98603.22,93285129,579410.74,492728,3060.42,0,0.00
4511,1,1139,1139.00,515,515.00,82580,82580.00,695335,695335.00,2561,2561.00,76,76.00
4512,1,1692,1692.00,940,940.00,158108,158108.00,2820,2820.00,0,0.00,0,0.00
4526,161,104489,649.00,26726,166.00,15976473,99232.75,94014533,583941.20,493192,3063.30,0,0.00
4529,1,652,652.00,167,167.00,97111,97111.00,545702,545702.00,1708,1708.00,0,0.00
4554,162,105786,653.00,27054,167.00,16182783,99893.72,95290754,588214.53,496260,3063.33,0,0.00
4559,1,1457,1457.00,517,517.00,93624,93624.00,57528,57528.00,0,0.00,0,0.00
4572,1,677,677.00,174,174.00,98815,98815.00,602674,602674.00,1372,1372.00,0,0.00
4582,163,107091,657.00,27384,168.00,16381287,100498.69,96584293,592541.67,499328,3063.36,0,0.00
4588,1,662,662.00,172,172.00,96583,96583.00,538268,538268.00,2604,2604.00,0,0.00
4600,1,1144,1144.00,515,515.00,82591,82591.00,695335,695335.00,2561,2561.00,80,80.00
4606,1,517,517.00,47,47.00,148379,148379.00,14194,14194.00,3290,3290.00,0,0.00
4610,165,109065,661.00,27885,169.00,16687383,101135.65,98444672,596634.38,505014,3060.69,0,0.00
4638,165,109725,665.00,28050,170.00,16791158,101764.59,99237370,601438.61,505478,3063.50,0,0.00
4640,1,668,668.00,172,172.00,99742,99742.00,584944,584944.00,1652,1652.00,0,0.00
4666,166,111054,669.00,28386,171.00,17002616,102425.40,100599759,606022.64,508574,3063.70,0,0.00
4674,1,674,674.00,174,174.00,99368,99368.00,612266,612266.00,4555,4555.00,0,0.00
4693,1,1846,1846.00,514,514.00,74713,74713.00,2059128,2059128.00,1032,1032.00,131,131.00
4694,167,112391,673.00,28724,172.00,17206072,103030.37,101980258,610660.23,511642,3063.72,0,0.00
4697,1,676,676.00,173,173.00,99117,99117.00,561078,561078.00,2604,2604.00,0,0.00
4700,1,846,846.00,47,47.00,232979,232979.00,30033,30033.00,0,0.00,0,0.00
4703,1,247,247.00,528,528.00,56724,56724.00,38150,38150.00,4104,4104.00,10,10.00
4722,168,113736,677.00,29064,173.00,17420118,103691.18,103387111,615399.47,514738,3063.92,0,0.00
4724,1,258,258.00,528,528.00,57459,57459.00,39297,39297.00,4104,4104.00,10,10.00
4725,2,520,260.00,1058,529.00,114918,57459.00,78594,39297.00,8208,4104.00,20,10.00
4734,1,681,681.00,177,177.00,99803,99803.00,566973,566973.00,2604,2604.00,0,0.00
4736,1,264,264.00,530,530.00,58659,58659.00,40149,40149.00,4104,4104.00,10,10.00
4749,1,258,258.00,528,528.00,58394,58394.00,38888,38888.00,4104,4104.00,11,11.00
4750,169,115089,681.00,29406,174.00,17626050,104296.15,104812494,620192.27,517806,3063.94,0,0.00
4753,1,682,682.00,175,175.00,103973,103973.00,586399,586399.00,3628,3628.00,0,0.00
4754,1,1157,1157.00,515,515.00,82593,82593.00,695337,695337.00,2561,2561.00,87,87.00
4759,1,1577,1577.00,531,531.00,77765,77765.00,1573569,1573569.00,0,0.00,0,0.00
4778,170,116450,685.00,29750,175.00,17838235,104930.79,106231583,624891.66,520595,3062.32,0,0.00
4782,2,1849,924.50,695,347.50,187793,93896.50,1294610,647305.00,5993,2996.50,88,44.00
4784,86,133472,1552.00,48160,560.00,6579279,76503.24,10932562,127122.81,41074,477.60,0,0.00
4785,42,65258,1553.76,23567,561.12,3215608,76562.10,5382474,128154.14,17636,419.90,0,0.00
4786,8,12446,1555.75,4501,562.62,613587,76698.38,1041337,130167.12,2295,286.88,0,0.00
4787,74,114975,1553.72,41516,561.03,5657823,76457.07,9324791,126010.69,39539,534.31,0,0.00
4788,30,46673,1555.77,16866,562.20,2296695,76556.50,3846059,128201.97,13149,438.30,0,0.00
4789,8,12452,1556.50,4505,563.12,612025,76503.12,1012088,126511.00,3910,488.75,0,0.00
4790,27,42000,1555.56,15181,562.26,2065282,76491.93,3410723,126323.07,13795,510.93,0,0.00
4791,7,10896,1556.57,3945,563.57,535501,76500.14,900198,128599.71,3520,502.86,0,0.00
4792,4,6231,1557.75,2256,564.00,306436,76609.00,495180,123795.00,1609,402.25,0,0.00
4793,8,12461,1557.62,4504,563.00,612445,76555.62,1020283,127535.38,3711,463.88,0,0.00
4795,1,1558,1558.00,564,564.00,76804,76804.00,132644,132644.00,235,235.00,0,0.00
4796,2,3118,1559.00,1128,564.00,153302,76651.00,255004,127502.00,755,377.50,0,0.00
4797,1,1560,1560.00,564,564.00,76300,76300.00,120572,120572.00,727,727.00,0,0.00
4798,2,3116,1558.00,1130,565.00,152767,76383.50,253322,126661.00,1332,666.00,0,0.00
4799,1,1559,1559.00,565,565.00,76728,76728.00,126249,126249.00,312,312.00,0,0.00
4803,2,3119,1559.50,1127,563.50,154412,77206.00,258922,129461.00,786,393.00,0,0.00
4806,172,118508,689.00,30272,176.00,18148262,105513.15,108287025,629575.73,526264,3059.67,0,0.00
4815,5,7775,1555.00,2800,560.00,382952,76590.40,640890,128178.00,1957,391.40,5,1.00
4818,1,1556,1556.00,561,561.00,76691,76691.00,130014,130014.00,303,303.00,1,1.00
4819,1,1557,1557.00,562,562.00,76691,76691.00,130014,130014.00,303,303.00,1,1.00
4820,1,1558,1558.00,562,562.00,76869,76869.00,135288,135288.00,131,131.00,1,1.00
4821,1,1578,1578.00,569,569.00,78630,78630.00,130200,130200.00,415,415.00,0,0.00
4830,1,1578,1578.00,564,564.00,76198,76198.00,114643,114643.00,1007,1007.00,0,0.00
4834,172,119196,693.00,30444,177.00,18265848,106196.79,109201293,634891.24,526728,3062.37,0,0.00
4835,2,560,280.00,1056,528.00,316856,158428.00,236558,118279.00,9530,4765.00,74,37.00
4839,1,1160,1160.00,514,514.00,82580,82580.00,695335,695335.00,2561,2561.00,91,91.00
4840,2,1861,930.50,1098,549.00,259570,129785.00,241968,120984.00,5359,2679.50,37,18.50
4841,6,7476,1246.00,2803,467.17,687074,114512.33,641289,106881.50,14022,2337.00,74,12.33
4843,1,704,704.00,185,185.00,106838,106838.00,621167,621167.00,3320,3320.00,0,0.00
4862,173,120581,697.00,30794,178.00,18476723,106801.87,110719909,639999.47,529796,3062.40,0,0.00
4869,1,703,703.00,182,182.00,102939,102939.00,597630,597630.00,2604,2604.00,0,0.00
4888,17,249288,14664.00,83096,4888.00,0,0.00,0,0.00,0,0.00,0,0.00
4889,16,234657,14666.06,78225,4889.06,0,0.00,0,0.00,0,0.00,0,0.00
4890,174,121974,701.00,31146,179.00,18698533,107462.83,112266659,645210.68,532864,3062.44,0,0.00
4891,23,337305,14665.43,112448,4889.04,266,11.57,10,0.43,0,0.00,0,0.00
4892,14,205354,14668.14,68464,4890.29,199,14.21,12,0.86,0,0.00,0,0.00
4893,2,29339,14669.50,9787,4893.50,25,12.50,0,0.00,0,0.00,0,0.00
4894,9,132013,14668.11,44013,4890.33,226,25.11,19,2.11,0,0.00,0,0.00
4895,3,44008,14669.33,14675,4891.67,74,24.67,3,1.00,0,0.00,0,0.00
4896,1,14671,14671.00,4892,4892.00,24,24.00,2,2.00,0,0.00,0,0.00
4898,3,44010,14670.00,14931,4977.00,367,122.33,9,3.00,0,0.00,1,0.33
4899,1,708,708.00,182,182.00,103572,103572.00,603997,603997.00,2604,2604.00,0,0.00
4901,1,14672,14672.00,4892,4892.00,257,257.00,0,0.00,0,0.00,0,0.00
4903,1,14673,14673.00,4894,4894.00,248,248.00,0,0.00,0,0.00,0,0.00
4915,1,174,174.00,70,70.00,263018,263018.00,68082,68082.00,1450,1450.00,9,9.00
4918,176,138069,784.48,36394,206.78,18913220,107461.48,113833364,646780.48,535932,3045.07,0,0.00
4922,1,14683,14683.00,4895,4895.00,965,965.00,117,117.00,0,0.00,0,0.00
4927,1,1166,1166.00,514,514.00,82580,82580.00,695335,695335.00,2561,2561.00,95,95.00
4928,1,14676,14676.00,4894,4894.00,567,567.00,184,184.00,0,0.00,0,0.00
4931,1,710,710.00,185,185.00,104234,104234.00,610436,610436.00,2604,2604.00,0,0.00
4935,1,4888,4888.00,2491,2491.00,108466,108466.00,489745,489745.00,4538,4538.00,0,0.00
4944,1,14703,14703.00,4899,4899.00,3781,3781.00,144,144.00,0,0.00,0,0.00
4946,176,124784,709.00,31856,181.00,19136291,108728.93,115428282,655842.51,539000,3062.50,0,0.00
4955,1,714,714.00,184,184.00,104836,104836.00,616959,616959.00,2604,2604.00,0,0.00
4960,1,14698,14698.00,4922,4922.00,830,830.00,3304,3304.00,0,0.00,0,0.00
4974,177,126201,713.00,32214,182.00,19352127,109334.05,117043575,661263.14,542068,3062.53,0,0.00
4975,1,715,715.00,183,183.00,105434,105434.00,623556,623556.00,2604,2604.00,0,0.00
5002,178,127626,717.00,32574,183.00,19579113,109995.02,118687833,666785.58,545136,3062.56,0,0.00
5006,2,15413,7706.50,5081,2540.50,108424,54212.00,631312,315656.00,2604,1302.00,0,0.00
5023,1,1180,1180.00,518,518.00,82604,82604.00,695337,695337.00,2561,2561.00,99,99.00
5027,8,3296,412.00,4224,528.00,1524251,190531.38,1000468,125058.50,39164,4895.50,296,37.00
5028,1,412,412.00,529,529.00,188204,188204.00,126017,126017.00,4958,4958.00,37,37.00
5029,5,5210,1042.00,2269,453.80,506409,101281.80,334270,66854.00,7967,1593.40,84,16.80
5030,185,131547,711.06,36111,195.19,20938413,113180.61,121112972,654664.71,577819,3123.35,222,1.20
5031,4,1663,415.75,2122,530.50,737304,184326.00,502000,125500.00,19818,4954.50,148,37.00
5033,4,1964,491.00,1775,443.75,675983,168995.75,1011667,252916.75,17382,4345.50,111,27.75
5034,3,1251,417.00,1595,531.67,560087,186695.67,377735,125911.67,14864,4954.67,111,37.00
5036,2,834,417.00,1062,531.00,373875,186937.50,251175,125587.50,9726,4863.00,74,37.00
5049,1,522,522.00,572,572.00,191048,191048.00,123708,123708.00,4959,4959.00,37,37.00
5058,180,130500,725.00,33300,185.00,20032091,111289.39,122819573,682330.96,550187,3056.59,0,0.00
5059,2,1903,951.50,700,350.00,189913,94956.50,1339156,669578.00,5165,2582.50,101,50.50
5061,1,432,432.00,544,544.00,188815,188815.00,126105,126105.00,4943,4943.00,37,37.00
5074,1,477,477.00,146,146.00,24355,24355.00,2165,2165.00,4785,4785.00,0,0.00
5086,181,131949,729.00,33666,186.00,20252912,111894.54,124552200,688133.70,553248,3056.62,0,0.00
5087,1,1184,1184.00,518,518.00,82591,82591.00,695335,695335.00,2561,2561.00,102,102.00
5090,1,732,732.00,188,188.00,107977,107977.00,650732,650732.00,2604,2604.00,0,0.00
5094,1,377,377.00,529,529.00,183797,183797.00,121556,121556.00,4927,4927.00,37,37.00
5100,1,379,379.00,531,531.00,180514,180514.00,122151,122151.00,4927,4927.00,37,37.00
5103,1,1728,1728.00,581,581.00,87265,87265.00,141922,141922.00,104,104.00,0,0.00
5104,1,1179,1179.00,515,515.00,82580,82580.00,695335,695335.00,2561,2561.00,103,103.00
5114,183,134139,733.00,34221,187.00,20593837,112534.63,127061218,694323.60,558727,3053.15,0,0.00
5123,1,846,846.00,94,94.00,112377,112377.00,32853,32853.00,0,0.00,0,0.00
5142,183,134871,737.00,34404,188.00,20708531,113161.37,128188906,700485.83,559184,3055.65,0,0.00
5149,1,743,743.00,192,192.00,109257,109257.00,664789,664789.00,2604,2604.00,0,0.00
5170,184,136344,741.00,34776,189.00,20945459,113834.02,129753908,705184.28,561587,3052.10,0,0.00
5171,1,1936,1936.00,1448,1448.00,209846,209846.00,57570,57570.00,4412,4412.00,0,0.00
5174,1,744,744.00,191,191.00,109876,109876.00,671933,671933.00,2604,2604.00,0,0.00
5195,1,1185,1185.00,515,515.00,82591,82591.00,695335,695335.00,2561,2561.00,107,107.00
5198,185,137825,745.00,35150,190.00,21217213,114687.64,127631263,689898.72,509812,2755.74,0,0.00
5201,1,748,748.00,191,191.00,110511,110511.00,679158,679158.00,2604,2604.00,0,0.00
5216,1,2062,2062.00,1580,1580.00,209806,209806.00,57570,57570.00,4412,4412.00,0,0.00
5226,186,139314,749.00,35526,191.00,21405031,115080.81,133339558,716879.34,566360,3044.95,0,0.00
5227,1,751,751.00,192,192.00,111131,111131.00,686457,686457.00,2604,2604.00,0,0.00
5230,1,413,413.00,554,554.00,200894,200894.00,123941,123941.00,4865,4865.00,44,44.00
5254,188,141564,753.00,36096,192.00,21743279,115655.74,135910750,722929.52,575023,3058.63,0,0.00
5259,1,1194,1194.00,516,516.00,82580,82580.00,695335,695335.00,2561,2561.00,110,110.00
5282,188,142316,757.00,36284,193.00,21872398,116342.54,137090333,729203.90,575144,3059.28,0,0.00
5286,1,1197,1197.00,519,519.00,82604,82604.00,695337,695337.00,2561,2561.00,111,111.00
5287,1,762,762.00,197,197.00,112461,112461.00,701293,701293.00,2604,2604.00,0,0.00
5296,1,507,507.00,153,153.00,27531,27531.00,2838,2838.00,4785,4785.00,0,0.00
5310,190,144590,761.00,36860,194.00,22221241,116953.90,139814953,735868.17,578828,3046.46,0,0.00
5311,26,40514,1558.23,10998,423.00,4839872,186148.92,1343401,51669.27,0,0.00,0,0.00
5315,1,416,416.00,528,528.00,204839,204839.00,131847,131847.00,5123,5123.00,37,37.00
5318,1,417,417.00,529,529.00,203279,203279.00,130535,130535.00,5242,5242.00,37,37.00
5321,1,420,420.00,530,530.00,196942,196942.00,133298,133298.00,5230,5230.00,37,37.00
5323,1,1791,1791.00,560,560.00,76546,76546.00,127910,127910.00,434,434.00,5,5.00
5325,1,1792,1792.00,560,560.00,76562,76562.00,129242,129242.00,424,424.00,5,5.00
5333,1,1796,1796.00,560,560.00,76378,76378.00,126134,126134.00,600,600.00,5,5.00
5338,190,145350,765.00,37050,195.00,22400605,117897.92,137858837,725572.83,523995,2757.87,0,0.00
5341,1,768,768.00,196,196.00,113676,113676.00,716443,716443.00,2604,2604.00,0,0.00
5345,1,1802,1802.00,560,560.00,76267,76267.00,127629,127629.00,713,713.00,5,5.00
5354,1,1806,1806.00,562,562.00,76515,76515.00,128251,128251.00,479,479.00,5,5.00
5357,1,1808,1808.00,560,560.00,76510,76510.00,125034,125034.00,470,470.00,5,5.00
5363,1,1811,1811.00,560,560.00,76769,76769.00,131307,131307.00,217,217.00,5,5.00
5366,192,148355,772.68,37436,194.98,22834351,118928.91,140155917,729978.73,532013,2770.90,144,0.75
5368,1,1813,1813.00,560,560.00,76508,76508.00,129218,129218.00,472,472.00,5,5.00
5369,2,2585,1292.50,759,379.50,190510,95255.00,844693,422346.50,3420,1710.00,5,2.50
5373,1,1816,1816.00,561,561.00,76414,76414.00,128697,128697.00,576,576.00,5,5.00
5382,1,1656,1656.00,46,46.00,276022,276022.00,46552,46552.00,880,880.00,0,0.00
5387,1,161,161.00,1048,1048.00,163914,163914.00,371057,371057.00,5344,5344.00,37,37.00
5394,192,148416,773.00,37824,197.00,22885001,119192.71,143423476,746997.27,528185,2750.96,0,0.00
5395,1,775,775.00,198,198.00,114929,114929.00,731901,731901.00,2604,2604.00,0,0.00
5405,3,10716,3572.00,2820,940.00,193593,64531.00,1241082,413694.00,0,0.00,0,0.00
5411,3,1248,416.00,1584,528.00,650816,216938.67,397425,132475.00,15707,5235.67,111,37.00
5412,1,418,418.00,529,529.00,157306,157306.00,131095,131095.00,5342,5342.00,37,37.00
5413,1,419,419.00,530,530.00,208778,208778.00,133935,133935.00,5343,5343.00,37,37.00
5414,5,2099,419.80,2650,530.00,1022913,204582.60,666377,133275.40,26395,5279.00,185,37.00
5415,2,840,420.00,1060,530.00,425516,212758.00,265522,132761.00,10684,5342.00,74,37.00
5417,2,842,421.00,1060,530.00,415852,207926.00,268388,134194.00,10576,5288.00,74,37.00
5420,1,419,419.00,531,531.00,215368,215368.00,134003,134003.00,5237,5237.00,37,37.00
5422,193,149961,777.00,38214,198.00,23121698,119801.54,145357917,753149.83,532851,2760.89,0,0.00
5425,1,778,778.00,199,199.00,116003,116003.00,749832,749832.00,2411,2411.00,0,0.00
5426,1,1500,1500.00,24,24.00,200606,200606.00,166074,166074.00,5258,5258.00,144,144.00
5450,194,151514,781.00,38606,199.00,23366492,120445.84,146058454,752878.63,535597,2760.81,0,0.00
5455,2,1222,611.00,736,368.00,275782,137891.00,878439,439219.50,7942,3971.00,37,18.50
5457,70,1145900,16370.00,381990,5457.00,0,0.00,0,0.00,0,0.00,0,0.00
5458,21,343811,16371.95,114621,5458.14,0,0.00,0,0.00,0,0.00,0,0.00
5459,6,98245,16374.17,32756,5459.33,0,0.00,0,0.00,0,0.00,0,0.00
5460,48,785839,16371.65,261984,5458.00,559,11.65,31,0.65,0,0.00,0,0.00
5461,16,261980,16373.75,87346,5459.12,190,11.88,14,0.88,0,0.00,0,0.00
5462,3,49130,16376.67,16381,5460.33,37,12.33,4,1.33,0,0.00,0,0.00
5463,11,180106,16373.27,60049,5459.00,256,23.27,14,1.27,0,0.00,0,0.00
5464,5,81873,16374.60,27301,5460.20,117,23.40,4,0.80,0,0.00,0,0.00
5465,2,32749,16374.50,10920,5460.00,56,28.00,3,1.50,0,0.00,0,0.00
5466,2,32748,16374.00,10920,5460.00,68,34.00,2,1.00,0,0.00,0,0.00
5467,2,32753,16376.50,10918,5459.00,91,45.50,42,21.00,0,0.00,0,0.00
5469,2,17496,8748.00,5706,2853.00,35558,17779.00,690956,345478.00,0,0.00,136,68.00
5478,195,153075,785.00,39000,200.00,23604979,121051.17,148295437,760489.42,538329,2760.66,0,0.00
5482,1,788,788.00,202,202.00,117231,117231.00,764608,764608.00,2408,2408.00,0,0.00
5484,2,16498,8249.00,5508,2754.00,29945,14972.50,1565,782.50,5280,2640.00,60,30.00
5490,1,416,416.00,886,886.00,257852,257852.00,134065,134065.00,5230,5230.00,42,42.00
5497,1,16378,16378.00,5459,5459.00,670,670.00,71,71.00,0,0.00,0,0.00
5499,6,16315,2719.17,7458,1243.00,888455,148075.83,1666446,277741.00,2337,389.50,7,1.17
5506,196,154644,789.00,39396,201.00,23850171,121684.55,150562746,768177.28,546507,2788.30,0,0.00
5508,2,1632,816.00,1046,523.00,293421,146710.50,831606,415803.00,8000,4000.00,158,79.00
5512,1,794,794.00,205,205.00,117472,117472.00,763757,763757.00,2604,2604.00,0,0.00
5513,1,420,420.00,530,530.00,212796,212796.00,136152,136152.00,5439,5439.00,37,37.00
5524,1,16384,16384.00,5462,5462.00,1439,1439.00,474,474.00,0,0.00,0,0.00
5534,197,156221,793.00,39794,202.00,24090999,122289.34,152853625,775906.73,549368,2788.67,0,0.00
5539,1,272,272.00,496,496.00,113867,113867.00,111776,111776.00,5472,5472.00,37,37.00
5540,1,796,796.00,204,204.00,118509,118509.00,781941,781941.00,2408,2408.00,0,0.00
5542,2,550,275.00,995,497.50,228674,114337.00,223933,111966.50,10944,5472.00,74,37.00
5548,1,275,275.00,499,499.00,113912,113912.00,111776,111776.00,5472,5472.00,37,37.00
5553,1,286,286.00,502,502.00,113571,113571.00,111770,111770.00,5472,5472.00,37,37.00
5562,198,157806,797.00,40194,203.00,24338697,122922.71,155166303,783668.20,557624,2816.28,0,0.00
5565,1,800,800.00,204,204.00,118740,118740.00,780155,780155.00,2604,2604.00,0,0.00
5571,1,1211,1211.00,516,516.00,82602,82602.00,695335,695335.00,2561,2561.00,124,124.00
5590,200,160200,801.00,40800,204.00,24700569,123502.85,158266625,791333.12,565846,2829.23,0,0.00
5618,200,161000,805.00,41000,205.00,24832242,124161.21,159860123,799300.61,568772,2843.86,0,0.00
5621,1,806,806.00,206,206.00,120004,120004.00,796861,796861.00,2604,2604.00,0,0.00
5646,202,163418,809.00,41612,206.00,25199461,124749.81,162924594,806557.40,576462,2853.77,0,0.00
5669,1,638,638.00,1182,1182.00,167875,167875.00,454676,454676.00,5344,5344.00,37,37.00
5674,202,164226,813.00,41814,207.00,24200568,119804.79,164205339,812897.72,575432,2848.67,0,0.00
5675,8,9558,1194.75,4112,514.00,661004,82625.50,5513517,689189.62,20364,2545.50,1032,129.00
5676,5,5610,1122.00,2270,454.00,451799,90359.80,3571098,714219.60,12788,2557.60,516,103.20
5677,1,1168,1168.00,519,519.00,82668,82668.00,689225,689225.00,2544,2544.00,129,129.00
5678,10,11957,1195.70,5151,515.10,826371,82637.10,6896538,689653.80,25473,2547.30,1290,129.00
5679,5,6016,1203.20,2582,516.40,413265,82653.00,3458157,691631.40,12752,2550.40,645,129.00
5680,1,1231,1231.00,515,515.00,82667,82667.00,686038,686038.00,2539,2539.00,129,129.00
5681,4,4778,1194.50,2064,516.00,330582,82645.50,2768742,692185.50,10210,2552.50,516,129.00
5682,2,2406,1203.00,1035,517.50,165370,82685.00,1375618,687809.00,5083,2541.50,258,129.00
5685,1,1236,1236.00,520,520.00,82679,82679.00,686049,686049.00,2539,2539.00,129,129.00
5702,203,165851,817.00,42224,208.00,24862687,122476.29,168210255,828621.95,566052,2788.43,0,0.00
5706,1,1246,1246.00,517,517.00,82824,82824.00,686337,686337.00,2539,2539.00,129,129.00
5710,1,16375,16375.00,5484,5484.00,4018,4018.00,291,291.00,0,0.00,8,8.00
5714,1,825,825.00,212,212.00,122871,122871.00,687462,687462.00,4832,4832.00,0,0.00
5730,204,167484,821.00,42636,209.00,24976313,122432.91,167243205,819819.63,771966,3784.15,0,0.00
5732,1,414,414.00,529,529.00,162303,162303.00,123024,123024.00,5681,5681.00,37,37.00
5734,2,1237,618.50,740,370.00,289242,144621.00,955763,477881.50,8173,4086.50,37,18.50
5758,205,169125,825.00,43050,210.00,25301598,123422.43,165695794,808272.17,750604,3661.48,0,0.00
5759,1,827,827.00,211,211.00,124145,124145.00,692776,692776.00,4832,4832.00,0,0.00
5781,4,8225,2056.25,2021,505.25,397432,99358.00,621105,155276.25,0,0.00,0,0.00
5786,206,170774,829.00,43466,211.00,25636250,124447.82,165536149,803573.54,727943,3533.70,0,0.00
5790,1,832,832.00,213,213.00,123802,123802.00,848857,848857.00,2604,2604.00,0,0.00
5802,1,381,381.00,532,532.00,163843,163843.00,121444,121444.00,5631,5631.00,37,37.00
5814,208,173264,833.00,44096,212.00,26074273,125357.08,168198327,808645.80,712178,3423.93,0,0.00
5819,1,1222,1222.00,515,515.00,82591,82591.00,695335,695335.00,2561,2561.00,135,135.00
5828,1,1034,1034.00,47,47.00,303526,303526.00,47705,47705.00,0,0.00,0,0.00
5842,208,174096,837.00,44304,213.00,26307859,126480.09,172240530,828079.47,679065,3264.74,0,0.00
5845,1,838,838.00,214,214.00,123255,123255.00,857587,857587.00,5812,5812.00,0,0.00
5851,1,1232,1232.00,530,530.00,84300,84300.00,685864,685864.00,2641,2641.00,136,136.00
5870,209,175769,841.00,44726,214.00,26401047,126320.80,176133260,842742.87,667454,3193.56,0,0.00
5872,1,845,845.00,216,216.00,127247,127247.00,700871,700871.00,4685,4685.00,0,0.00
5875,2,5828,2914.00,3008,1504.00,141094,70547.00,768450,384225.00,0,0.00,47,23.50
5898,210,177450,845.00,45150,215.00,26603052,126681.20,180064353,857449.30,911820,4342.00,0,0.00
5908,1,852,852.00,220,220.00,124614,124614.00,858227,858227.00,5812,5812.00,0,0.00
5926,211,179139,849.00,45576,216.00,26966125,127801.54,175194868,830307.43,878012,4161.19,0,0.00
5931,340,1008100,2965.00,340,1.00,11629855,34205.46,2606475051,7666103.09,1474162,4335.77,0,0.00
5932,176,516878,2936.81,983,5.59,6359861,36135.57,1348094487,7659627.77,762673,4333.37,5,0.03
5933,41,121603,2965.93,63,1.54,1399055,34123.29,313502402,7646400.05,181137,4417.98,0,0.00
5934,118,350070,2966.69,241,2.04,4034089,34187.19,896371225,7596366.31,515088,4365.15,0,0.00
5935,423,2299449,5436.05,1044564,2469.42,49952184,118090.27,6628508101,15670231.92,1855609,4386.78,0,0.00
5936,196,1115743,5692.57,534205,2725.54,24854692,126809.65,3219841404,16427762.27,855061,4362.56,0,0.00
5937,59,270095,4577.88,95066,1611.29,5251755,89012.80,772230966,13088660.44,250405,4244.15,0,0.00
5938,143,792403,5541.28,368109,2574.19,17392480,121625.73,2297904008,16069258.80,627924,4391.08,0,0.00
5939,57,314658,5520.32,145496,2552.56,6890256,120881.68,911063039,15983562.09,249811,4382.65,0,0.00
5940,17,89069,5239.35,38616,2271.53,1896111,111535.94,256689956,15099409.18,70634,4154.94,0,0.00
5941,38,222662,5859.53,109869,2891.29,5043208,132716.00,663277580,17454673.16,154216,4058.32,0,0.00
5942,11,62347,5667.91,29697,2699.73,1387888,126171.64,184182429,16743857.18,44981,4089.18,0,0.00
5943,6,35630,5938.33,17816,2969.33,810575,135095.83,102213839,17035639.83,26025,4337.50,0,0.00
5944,2,11876,5938.00,5940,2970.00,268400,134200.00,32101811,16050905.50,10478,5239.00,0,0.00
5945,3,17823,5941.00,8911,2970.33,408233,136077.67,55747547,18582515.67,10114,3371.33,0,0.00
5946,1,5941,5941.00,2970,2970.00,135433,135433.00,16168807,16168807.00,4018,4018.00,0,0.00
5947,1,5941,5941.00,2971,2971.00,135925,135925.00,17868852,17868852.00,3528,3528.00,0,0.00
5953,1,2983,2983.00,23,23.00,33923,33923.00,6914026,6914026.00,4619,4619.00,0,0.00
5954,213,183911,863.43,46049,216.19,27383352,128560.34,182073767,854806.42,847628,3979.47,0,0.00
5956,1,3085,3085.00,49,49.00,34460,34460.00,7122040,7122040.00,4081,4081.00,0,0.00
5960,1,859,859.00,219,219.00,125914,125914.00,859179,859179.00,5812,5812.00,0,0.00
5962,126,373968,2968.00,126,1.00,4294660,34084.60,970656330,7703621.67,561534,4456.62,126,1.00
5963,85,255316,3003.72,3092,36.38,2992422,35204.96,663650716,7807655.48,385044,4529.93,84,0.99
5964,12,35636,2969.67,24,2.00,407156,33929.67,95224728,7935394.00,55338,4611.50,12,1.00
5965,48,142571,2970.23,112,2.33,1655615,34491.98,372005691,7750118.56,195702,4077.12,47,0.98
5966,179,982629,5489.55,451052,2519.84,21462955,119904.78,2827387530,15795461.06,767547,4287.97,179,1.00
5967,74,436416,5897.51,216624,2927.35,9888097,133622.93,1271483955,17182215.61,327014,4419.11,74,1.00
5968,19,92066,4845.58,35639,1875.74,1867871,98309.00,271970527,14314238.26,74930,3943.68,19,1.00
5969,52,280104,5386.62,131366,2526.27,6577433,126489.10,789080116,15174617.62,227917,4383.02,331,6.37
5970,39,228661,5863.10,112799,2892.28,5160807,132328.38,660583648,16938042.26,175612,4502.87,39,1.00
5971,7,38617,5516.71,17821,2545.86,842444,120349.14,107284323,15326331.86,32646,4663.71,7,1.00
5972,9,50496,5610.67,23759,2639.89,1114769,123863.22,144619868,16068874.22,39260,4362.22,9,1.00
5973,5,29699,5939.80,14846,2969.20,671912,134382.40,86393015,17278603.00,25227,5045.40,5,1.00
5974,5,29709,5941.80,14849,2969.80,674134,134826.80,88998575,17799715.00,23012,4602.40,5,1.00
5975,1,5944,5944.00,2970,2970.00,135397,135397.00,16100240,16100240.00,4046,4046.00,1,1.00
5976,1,5942,5942.00,2971,2971.00,136228,136228.00,19502395,19502395.00,3218,3218.00,1,1.00
5978,1,5947,5947.00,2974,2974.00,136894,136894.00,19814297,19814297.00,3088,3088.00,0,0.00
5982,213,182541,857.00,46434,218.00,27717715,130130.12,174670456,820049.09,808576,3796.13,0,0.00
5985,1,858,858.00,219,219.00,126560,126560.00,859767,859767.00,5812,5812.00,0,0.00
5993,30,89130,2971.00,30,1.00,1023951,34131.70,221253966,7375132.20,132282,4409.40,60,2.00
5994,5,14860,2972.00,10,2.00,169281,33856.20,39844912,7968982.40,23425,4685.00,10,2.00
5996,8,23776,2972.00,17,2.12,276617,34577.12,64617952,8077244.00,31804,3975.50,16,2.00
5997,12,65348,5445.67,29676,2473.00,1414829,117902.42,187124023,15593668.58,56316,4693.00,24,2.00
5998,9,53465,5940.56,26706,2967.33,1219306,135478.44,160921839,17880204.33,35343,3927.00,18,2.00
6000,3,17824,5941.33,8904,2968.00,401144,133714.67,55956926,18652308.67,17108,5702.67,6,2.00
6001,1,5944,5944.00,2969,2969.00,135057,135057.00,15620804,15620804.00,4362,4362.00,2,2.00
6002,1,2974,2974.00,4,4.00,34453,34453.00,7086600,7086600.00,4121,4121.00,2,2.00
6003,1,5944,5944.00,2970,2970.00,135535,135535.00,16528440,16528440.00,3882,3882.00,2,2.00
6010,215,187257,870.96,46878,218.04,28153483,130946.43,187671664,872891.46,774784,3603.65,1,0.00
6013,1,864,864.00,220,220.00,131106,131106.00,713827,713827.00,4496,4496.00,0,0.00
6017,231,694848,3008.00,231,1.00,8044529,34824.80,1833848071,7938736.24,987627,4275.44,0,0.00
6018,95,285942,3009.92,202,2.13,3299571,34732.33,733959588,7725890.40,414951,4367.91,0,0.00
6019,17,51208,3012.24,56,3.29,591241,34778.88,133507945,7853408.53,73461,4321.24,0,0.00
6020,220,662148,3009.76,454,2.06,7635876,34708.53,1732843463,7876561.20,968798,4403.63,0,0.00
6021,253,1345567,5318.45,584141,2308.86,28635686,113184.53,3916288712,15479402.02,1108550,4381.62,0,0.00
6022,110,623284,5666.22,292124,2655.67,13750003,125000.03,1823990949,16581735.90,476834,4334.85,0,0.00
6023,99,343336,3468.04,45456,459.15,4983636,50339.76,943114115,9526405.20,424222,4285.07,0,0.00
6024,249,1439140,5779.68,689607,2769.51,32074380,128812.77,4163725306,16721788.38,1096130,4402.13,6,0.02
6025,70,406599,5808.56,195811,2797.30,9094554,129922.20,1226239582,17517708.31,294578,4208.26,0,0.00
6026,31,141610,4568.06,48274,1557.23,2709298,87396.71,404769535,13057081.77,140751,4540.35,0,0.00
6027,95,569164,5991.20,283148,2980.51,12917164,135970.15,1656960143,17441685.72,417591,4395.69,3,0.03
6028,22,129452,5884.18,63241,2874.59,2914208,132464.00,367299419,16695428.14,93332,4242.36,3,0.14
6029,3,17991,5997.00,8994,2998.00,407190,135730.00,50224434,16741478.00,15151,5050.33,3,1.00
6030,17,102437,6025.71,51233,3013.71,2335061,137356.53,302227694,17778099.65,69802,4106.00,0,0.00
6031,6,36078,6013.00,18040,3006.67,821360,136893.33,101267059,16877843.17,25361,4226.83,3,0.50
6032,3,15072,5024.00,6035,2011.67,306772,102257.33,42899811,14299937.00,15346,5115.33,0,0.00
6033,3,18076,6025.33,9045,3015.00,412011,137337.00,51742184,17247394.67,12410,4136.67,0,0.00
6034,1,6026,6026.00,3016,3016.00,136089,136089.00,17262291,17262291.00,5388,5388.00,0,0.00
6037,1,3007,3007.00,4,4.00,34283,34283.00,6922407,6922407.00,4655,4655.00,1,1.00
6038,216,186840,865.00,47520,220.00,28292243,130982.61,190987960,884203.52,697968,3231.33,0,0.00
6040,2,6138,3069.00,51,25.50,68961,34480.50,15648250,7824125.00,9476,4738.00,0,0.00
6043,1,2986,2986.00,6,6.00,36208,36208.00,6920627,6920627.00,4653,4653.00,0,0.00
6044,1,3022,3022.00,6,6.00,34814,34814.00,7257192,7257192.00,5065,5065.00,0,0.00
6057,1,6031,6031.00,3014,3014.00,137604,137604.00,16226601,16226601.00,4158,4158.00,0,0.00
6058,1,3017,3017.00,8,8.00,34512,34512.00,7857160,7857160.00,5497,5497.00,0,0.00
6060,1,431,431.00,532,532.00,166731,166731.00,124550,124550.00,5569,5569.00,42,42.00
6063,2,6027,3013.50,3062,1531.00,140890,70445.00,16072524,8036262.00,7934,3967.00,47,23.50
6066,216,187704,869.00,47736,221.00,28464143,131778.44,195202456,903715.07,685506,3173.64,0,0.00
6068,1,6034,6034.00,3013,3013.00,136892,136892.00,17680592,17680592.00,5498,5498.00,0,0.00
6069,1,872,872.00,222,222.00,128592,128592.00,860496,860496.00,5798,5798.00,0,0.00
6079,1,6022,6022.00,3011,3011.00,136471,136471.00,16143443,16143443.00,4965,4965.00,0,0.00
6080,1,3036,3036.00,11,11.00,38562,38562.00,7207225,7207225.00,5007,5007.00,0,0.00
6094,217,189441,873.00,48174,222.00,29223837,134672.06,203722051,938811.29,665294,3065.87,0,0.00
6097,1,874,874.00,223,223.00,129247,129247.00,860689,860689.00,5798,5798.00,0,0.00
6107,1,5990,5990.00,2987,2987.00,137422,137422.00,15650798,15650798.00,4760,4760.00,0,0.00
6110,1,94,94.00,47,47.00,67351,67351.00,7614,7614.00,0,0.00,0,0.00
6115,4,1956,489.00,2112,528.00,698585,174646.25,531453,132863.25,24184,6046.00,148,37.00
6116,2,979,489.50,1058,529.00,359310,179655.00,266210,133105.00,12092,6046.00,74,37.00
6118,1,491,491.00,529,529.00,179668,179668.00,133107,133107.00,6046,6046.00,37,37.00
6119,2,984,492.00,1060,530.00,359334,179667.00,266212,133106.00,12092,6046.00,74,37.00
6121,3,1472,490.67,1590,530.00,538193,179397.67,399002,133000.67,18138,6046.00,111,37.00
6122,220,192172,873.51,49676,225.80,29855921,135708.73,206794441,939974.73,686516,3120.53,74,0.34
6123,1,494,494.00,532,532.00,179677,179677.00,133105,133105.00,6046,6046.00,37,37.00
6124,1,493,493.00,531,531.00,179690,179690.00,133107,133107.00,6046,6046.00,37,37.00
6125,3,2639,879.67,1278,426.00,396005,132001.67,1560194,520064.67,13089,4363.00,186,62.00
6126,1,2966,2966.00,9,9.00,33942,33942.00,7347248,7347248.00,5361,5361.00,6,6.00
6130,1,3030,3030.00,24,24.00,36326,36326.00,7707334,7707334.00,5435,5435.00,0,0.00
6143,1,6002,6002.00,2991,2991.00,137714,137714.00,16146610,16146610.00,5060,5060.00,0,0.00
6150,219,192939,881.00,49056,224.00,29764399,135910.50,209352961,955949.59,677506,3093.63,0,0.00
6154,1,884,884.00,226,226.00,134840,134840.00,747940,747940.00,4370,4370.00,0,0.00
6159,1,6023,6023.00,3016,3016.00,139253,139253.00,15854080,15854080.00,4695,4695.00,5,5.00
6173,1,792,792.00,201,201.00,272396,272396.00,93742,93742.00,5832,5832.00,0,0.00
6178,220,194700,885.00,49500,225.00,30039631,136543.78,212210767,964594.40,686720,3121.45,0,0.00
6181,1,886,886.00,227,227.00,131259,131259.00,862202,862202.00,5787,5787.00,0,0.00
6182,5,2268,453.60,2645,529.00,792217,158443.40,655207,131041.40,30550,6110.00,185,37.00
6190,1,3095,3095.00,2,2.00,34132,34132.00,8806963,8806963.00,5915,5915.00,0,0.00
6201,1,6014,6014.00,2994,2994.00,139363,139363.00,16635651,16635651.00,3853,3853.00,1,1.00
6206,221,196469,889.00,49946,226.00,30309913,137148.93,215087295,973245.68,689830,3121.40,0,0.00
6210,1,894,894.00,229,229.00,131917,131917.00,862936,862936.00,5787,5787.00,0,0.00
6225,1,6021,6021.00,3134,3134.00,145474,145474.00,20456364,20456364.00,3209,3209.00,7,7.00
6234,222,198246,893.00,50394,227.00,30587675,137782.32,217995262,981960.64,699117,3149.18,0,0.00
6238,1,895,895.00,229,229.00,132031,132031.00,910451,910451.00,3528,3528.00,0,0.00
6246,2,556,278.00,1058,529.00,240612,120306.00,234294,117147.00,12352,6176.00,74,37.00
6247,1,6020,6020.00,3034,3034.00,141287,141287.00,18582597,18582597.00,3478,3478.00,8,8.00
6248,1,281,281.00,531,531.00,120154,120154.00,117205,117205.00,6176,6176.00,37,37.00
6250,1,279,279.00,531,531.00,120316,120316.00,117146,117146.00,6176,6176.00,37,37.00
6251,1,1927,1927.00,705,705.00,130096,130096.00,109322,109322.00,0,0.00,0,0.00
6259,1,3010,3010.00,1,1.00,34135,34135.00,7171557,7171557.00,4965,4965.00,3,3.00
6262,223,200031,897.00,50844,228.00,30860405,138387.47,220924054,990690.83,702255,3149.13,0,0.00
6266,1,900,900.00,230,230.00,131320,131320.00,797584,797584.00,4200,4200.00,0,0.00
6290,224,201824,901.00,51296,229.00,31140645,139020.74,223886064,999491.36,711637,3176.95,0,0.00
6291,1,903,903.00,231,231.00,133857,133857.00,864249,864249.00,5784,5784.00,0,0.00
6303,1,3152,3152.00,5,5.00,36921,36921.00,7916980,7916980.00,3731,3731.00,0,0.00
6304,1,613,613.00,192,192.00,32125,32125.00,3188,3188.00,5742,5742.00,0,0.00
6310,1,6115,6115.00,3043,3043.00,141803,141803.00,15986571,15986571.00,4324,4324.00,0,0.00
6318,225,203625,905.00,51750,230.00,31415823,139625.88,226867588,1008300.39,714803,3176.90,0,0.00
6325,1,909,909.00,233,233.00,132767,132767.00,830361,830361.00,4137,4137.00,0,0.00
6346,226,205434,909.00,52206,231.00,30273861,133955.14,227973836,1008733.79,717519,3174.86,0,0.00
6347,1,911,911.00,232,232.00,135179,135179.00,867539,867539.00,5784,5784.00,0,0.00
6374,227,207251,913.00,52664,232.00,30545155,134560.15,231000078,1017621.49,720683,3174.81,0,0.00
6380,1,917,917.00,235,235.00,134148,134148.00,840580,840580.00,4060,4060.00,0,0.00
6402,228,209076,917.00,53124,233.00,30824065,135193.27,234066371,1026606.89,723844,3174.75,0,0.00
6403,1,918,918.00,234,234.00,136492,136492.00,870912,870912.00,5784,5784.00,0,0.00
6430,229,210909,921.00,53586,234.00,31097807,135798.28,237164096,1035651.07,727008,3174.71,0,0.00
6433,1,922,922.00,235,235.00,135566,135566.00,867588,867588.00,3976,3976.00,0,0.00
6435,4,1648,412.00,2112,528.00,533853,133463.25,494181,123545.25,25465,6366.25,148,37.00
6436,2,828,414.00,1058,529.00,269155,134577.50,246972,123486.00,12733,6366.50,74,37.00
6437,2,830,415.00,1060,530.00,268341,134170.50,246828,123414.00,12733,6366.50,74,37.00
6438,5,2073,414.60,2645,529.00,667312,133462.40,617399,123479.80,31852,6370.40,185,37.00
6439,5,6894,1378.80,3175,635.00,666193,133238.60,595152,119030.40,12752,2550.40,74,14.80
6441,4,1662,415.50,2121,530.25,529097,132274.25,493561,123390.25,25486,6371.50,148,37.00
6442,2,833,416.50,1062,531.00,265131,132565.50,246720,123360.00,12734,6367.00,74,37.00
6446,1,3069,3069.00,47,47.00,159794,159794.00,58428,58428.00,2784,2784.00,47,47.00
6458,230,212750,925.00,54050,235.00,31379207,136431.33,240302505,1044793.50,730172,3174.66,0,0.00
6461,1,926,926.00,236,236.00,137825,137825.00,874826,874826.00,5784,5784.00,0,0.00
6474,6,19236,3206.00,6,1.00,208240,34706.67,45743520,7623920.00,23006,3834.33,30,5.00
6475,8,25648,3206.00,8,1.00,269516,33689.50,59585856,7448232.00,38812,4851.50,40,5.00
6476,15,48105,3207.00,15,1.00,514787,34319.13,118835048,7922336.53,63331,4222.07,75,5.00
6477,2,6414,3207.00,2,1.00,67548,33774.00,15906808,7953404.00,9534,4767.00,10,5.00
6478,23,82684,3594.96,8923,387.96,1085042,47175.74,204839254,8906054.52,104009,4522.13,115,5.00
6479,16,80999,5062.44,29677,1854.81,1560295,97518.44,224059172,14003698.25,65002,4062.62,80,5.00
6480,12,53344,4445.33,14845,1237.08,920995,76749.58,149601137,12466761.42,45837,3819.75,60,5.00
6481,10,38030,3803.00,5950,595.00,548325,54832.50,101672714,10167271.40,38856,3885.60,50,5.00
6482,18,108218,6012.11,50440,2802.22,2328021,129334.50,305875038,16993057.67,80407,4467.06,90,5.00
6483,15,60021,4001.40,11884,792.27,917474,61164.93,147957731,9863848.73,64143,4276.20,75,5.00
6484,35,150956,4313.03,38595,1102.71,2510298,71722.80,409138793,11689679.80,149879,4282.26,175,5.00
6485,10,52891,5289.10,20782,2078.20,1047470,104747.00,137993388,13799338.80,44013,4401.30,50,5.00
6486,236,233626,989.94,57488,243.59,31928565,135290.53,292513247,1239462.91,753738,3193.81,25,0.11
6487,13,71429,5494.54,29677,2282.85,1447898,111376.77,203684721,15668055.46,61804,4754.15,65,5.00
6488,28,140402,5014.36,50454,1801.93,2675411,95550.39,378169420,13506050.71,118441,4230.04,140,5.00
6489,9,46719,5191.00,17809,1978.78,915086,101676.22,129134574,14348286.00,37004,4111.56,45,5.00
6490,31,129306,4171.16,29694,957.87,2069891,66770.68,339708808,10958348.65,133535,4307.58,155,5.00
6491,4,21760,5440.00,8907,2226.75,438780,109695.00,61215868,15303967.00,18000,4500.00,20,5.00
6492,17,87292,5134.82,32643,1920.18,1683403,99023.71,233792039,13752472.88,81298,4782.24,85,5.00
6493,18,84580,4698.89,26723,1484.61,1520863,84492.39,221528731,12307151.72,80714,4484.11,90,5.00
6494,42,194415,4628.93,59367,1413.50,3452314,82197.95,525745230,12517743.57,183706,4373.95,210,5.00
6495,8,34644,4330.50,8916,1114.50,575753,71969.12,87017399,10877174.88,35185,4398.12,40,5.00
6496,3,12618,4206.00,2971,990.33,204230,68076.67,33972205,11324068.33,12270,4090.00,15,5.00
6497,22,76716,3487.09,5966,271.18,956814,43491.55,185715761,8441625.50,92952,4225.09,110,5.00
6498,32,174187,5443.34,71227,2225.84,3520857,110026.78,481410796,15044087.38,133228,4163.38,160,5.00
6499,7,43301,6185.86,20773,2967.57,940282,134326.00,118683572,16954796.00,35552,5078.86,35,5.00
6500,15,42601,2840.07,1073,71.53,710954,47396.93,104934117,6995607.80,67348,4489.87,139,9.27
6501,29,176431,6083.83,83085,2865.00,3820135,131728.79,487068418,16795462.69,121811,4200.38,145,5.00
6502,8,34662,4332.75,8909,1113.62,574631,71828.88,85200074,10650009.25,36285,4535.62,40,5.00
6503,14,48054,3432.43,2990,213.57,580358,41454.14,122195010,8728215.00,60148,4296.29,70,5.00
6504,21,106215,5057.86,38598,1838.00,2025548,96454.67,273767062,13036526.76,95173,4532.05,105,5.00
6505,18,75813,4211.83,17840,991.11,1217711,67650.61,190694260,10594125.56,81301,4516.72,90,5.00
6506,24,104043,4335.12,26739,1114.12,1728850,72035.42,273219412,11384142.17,104050,4335.42,120,5.00
6507,32,159423,4981.97,56406,1762.69,3011148,94098.38,422071308,13189728.38,138755,4336.09,166,5.19
6508,29,120090,4141.03,26756,922.62,1904220,65662.76,307730811,10611407.28,121430,4187.24,153,5.28
6509,23,85975,3738.04,11916,518.09,1195711,51987.43,213030848,9262210.78,94440,4106.09,118,5.13
6510,21,106237,5058.90,38598,1838.00,2034057,96859.86,282995893,13475994.90,86723,4129.67,108,5.14
6511,27,128554,4761.26,41571,1539.67,2337581,86577.07,338698962,12544406.00,115228,4267.70,139,5.15
6512,18,67632,3757.33,12130,673.89,1126724,62595.78,167927934,9329329.67,73509,4083.83,85,4.72
6513,21,106246,5059.33,38604,1838.29,2028457,96593.19,284791061,13561479.10,92326,4396.48,111,5.29
6514,255,303004,1188.25,70088,274.85,33332621,130716.16,466806383,1830613.27,840419,3295.76,125,0.49
6515,20,105959,5297.95,41560,2078.00,2103873,105193.65,293770585,14688529.25,79164,3958.20,109,5.45
6516,22,112533,5115.14,41581,1890.05,2171914,98723.36,317908013,14450364.23,88324,4014.73,112,5.09
6517,13,68631,5279.31,26722,2055.54,1352145,104011.15,182408956,14031458.15,56768,4366.77,68,5.23
6518,27,137316,5085.78,50456,1868.74,2644099,97929.59,373417598,13830281.41,111265,4120.93,156,5.78
6519,14,74810,5343.57,29696,2121.14,1490627,106473.36,203735577,14552541.21,57709,4122.07,75,5.36
6520,8,49565,6195.62,23761,2970.12,1078103,134762.88,132801991,16600248.88,37476,4684.50,40,5.00
6521,10,47086,4708.60,14855,1485.50,847356,84735.60,118934749,11893474.90,42523,4252.30,54,5.40
6522,27,161096,5966.52,74196,2748.00,3443317,127530.26,462966468,17146906.22,118976,4406.52,158,5.85
6523,13,59648,4588.31,17813,1370.23,1048218,80632.15,152066603,11697431.00,58024,4463.38,77,5.92
6524,10,41094,4109.40,8912,891.20,645678,64567.80,102882632,10288263.20,42373,4237.30,59,5.90
6525,3,18558,6186.00,8901,2967.00,405552,135184.00,54910795,18303598.33,12661,4220.33,18,6.00
6526,1,6190,6190.00,2969,2969.00,135600,135600.00,16779341,16779341.00,3802,3802.00,6,6.00
6527,3,18561,6187.00,8901,2967.00,405381,135127.00,53505099,17835033.00,12833,4277.67,18,6.00
6528,5,19068,3813.60,2972,594.40,271513,54302.60,46810385,9362077.00,22057,4411.40,30,6.00
6529,3,9665,3221.67,6,2.00,102863,34287.67,24097616,8032538.67,12761,4253.67,18,6.00
6531,2,6442,3221.00,4,2.00,67776,33888.00,15986592,7993296.00,9328,4664.00,12,6.00
6532,2,6444,3222.00,2,1.00,68372,34186.00,15186056,7593028.00,8710,4355.00,12,6.00
6533,1,3223,3223.00,2,2.00,34324,34324.00,7014600,7014600.00,4217,4217.00,6,6.00
6535,3,9671,3223.67,4,1.33,104165,34721.67,25219192,8406397.33,11471,3823.67,18,6.00
6536,5,16125,3225.00,8,1.60,174378,34875.60,39005073,7801014.60,18329,3665.80,30,6.00
6538,4,12904,3226.00,10,2.50,137470,34367.50,30030057,7507514.25,16742,4185.50,24,6.00
6539,5,22072,4414.40,5945,1189.00,371178,74235.60,56949712,11389942.40,23305,4661.00,30,6.00
6540,1,6194,6194.00,2968,2968.00,134798,134798.00,15555489,15555489.00,4608,4608.00,6,6.00
6541,4,15874,3968.50,2976,744.00,236622,59155.50,39009627,9752406.75,18459,4614.75,24,6.00
6542,238,246304,1034.89,67325,282.88,32027434,134569.05,325937613,1369485.77,1546775,6499.05,32,0.13
6543,2,6456,3228.00,6,3.00,68083,34041.50,15211840,7605920.00,9024,4512.00,12,6.00
6544,2,8682,4341.00,3389,1694.50,579465,289732.50,15706699,7853349.50,10920,5460.00,6,3.00
6545,6,16846,2807.67,4202,700.33,736017,122669.50,40356666,6726111.00,27757,4626.17,156,26.00
6546,6,34213,5702.17,14840,2473.33,707993,117998.83,93571655,15595275.83,27607,4601.17,36,6.00
6547,8,49582,6197.75,23745,2968.12,1079494,134936.75,133025089,16628136.12,35756,4469.50,48,6.00
6548,1,941,941.00,241,241.00,137890,137890.00,876246,876246.00,4088,4088.00,0,0.00
6549,9,55835,6203.89,26758,2973.11,1222829,135869.89,158687645,17631960.56,35642,3960.22,53,5.89
6550,1,6199,6199.00,2969,2969.00,134656,134656.00,15654072,15654072.00,4759,4759.00,6,6.00
6552,1,6201,6201.00,2969,2969.00,135530,135530.00,16493033,16493033.00,3899,3899.00,6,6.00
6553,1,6200,6200.00,2971,2971.00,134383,134383.00,16101209,16101209.00,5044,5044.00,6,6.00
6554,1,3234,3234.00,4,4.00,35580,35580.00,8792648,8792648.00,3031,3031.00,6,6.00
6558,1,6190,6190.00,2967,2967.00,136254,136254.00,19860232,19860232.00,3152,3152.00,7,7.00
6559,1,6191,6191.00,2968,2968.00,135340,135340.00,16056296,16056296.00,4066,4066.00,7,7.00
6567,1,419,419.00,530,530.00,147369,147369.00,124154,124154.00,6494,6494.00,37,37.00
6568,1,1424,1424.00,362,362.00,51184,51184.00,841043,841043.00,2069,2069.00,136,136.00
6570,221,213216,964.78,55547,251.34,29971216,135616.36,254913225,1153453.51,1443656,6532.38,7,0.03
6571,11,15642,1422.00,5375,488.64,1490825,135529.55,26353142,2395740.18,70119,6374.45,7,0.64
6572,1,1283,1283.00,519,519.00,82607,82607.00,695338,695338.00,2561,2561.00,169,169.00
6573,3,2308,769.33,1013,337.67,423494,141164.67,2081150,693716.67,18818,6272.67,37,12.33
6574,1,6201,6201.00,2969,2969.00,135905,135905.00,17929786,17929786.00,3514,3514.00,7,7.00
6575,1,944,944.00,241,241.00,135651,135651.00,1073405,1073405.00,6540,6540.00,0,0.00
6576,1,971,971.00,251,251.00,135614,135614.00,1073403,1073403.00,6540,6540.00,0,0.00
6596,1,3268,3268.00,3,3.00,33660,33660.00,7775169,7775169.00,5451,5451.00,5,5.00
6598,222,209790,945.00,53280,240.00,30243128,136230.31,238141628,1072710.04,1450956,6535.84,0,0.00
6599,8,7588,948.50,1935,241.88,1089752,136219.00,8589272,1073659.00,52320,6540.00,0,0.00
6601,3,2842,947.33,724,241.33,411793,137264.33,3052586,1017528.67,17084,5694.67,0,0.00
6602,2,1892,946.00,482,241.00,272464,136232.00,2147318,1073659.00,13080,6540.00,0,0.00
6618,1,6210,6210.00,2972,2972.00,138604,138604.00,19835156,19835156.00,3120,3120.00,5,5.00
6623,1,1070,1070.00,290,290.00,136219,136219.00,1073659,1073659.00,6540,6540.00,0,0.00
6626,199,188851,949.00,47959,241.00,27253022,136949.86,213269482,1071705.94,1298401,6524.63,0,0.00
6627,10,9510,951.00,2422,242.20,1369130,136913.00,10736820,1073682.00,65330,6533.00,0,0.00
6629,26,24718,950.69,6292,242.00,3560042,136924.69,27915750,1073682.69,169858,6533.00,0,0.00
6631,1,3272,3272.00,2,2.00,35505,35505.00,7707768,7707768.00,3653,3653.00,6,6.00
6635,1,953,953.00,243,243.00,136936,136936.00,1074047,1074047.00,6540,6540.00,0,0.00
6654,163,155339,953.00,39446,242.00,22412556,137500.34,174926172,1073166.70,1065096,6534.33,0,0.00
6655,21,20059,955.19,5105,243.10,2887185,137485.00,22563009,1074429.00,137340,6540.00,0,0.00
6657,47,44880,954.89,11422,243.02,6462357,137496.96,50498205,1074429.89,307380,6540.00,0,0.00
6658,3,2874,958.00,735,245.00,416128,138709.33,3129630,1043210.00,16804,5601.33,0,0.00
6659,1,957,957.00,245,245.00,137529,137529.00,1074429,1074429.00,6540,6540.00,0,0.00
6673,1,967,967.00,261,261.00,137485,137485.00,1074429,1074429.00,6540,6540.00,0,0.00
6682,167,159819,957.00,40581,243.00,23082653,138219.48,179063560,1072236.89,1089338,6522.98,0,0.00
6683,21,20151,959.57,5130,244.29,2901675,138175.00,22565004,1074524.00,137193,6533.00,0,0.00
6685,43,41229,958.81,10493,244.02,5942038,138186.93,46204566,1074524.79,280919,6533.00,0,0.00
6686,2,1927,963.50,492,246.00,276374,138187.00,2149050,1074525.00,13066,6533.00,0,0.00
6687,1,982,982.00,253,253.00,138175,138175.00,1074524,1074524.00,6533,6533.00,0,0.00
6688,2,1920,960.00,490,245.00,276416,138208.00,2149048,1074524.00,13066,6533.00,0,0.00
6710,170,163370,961.00,41480,244.00,23594931,138793.71,182775949,1075152.64,1110778,6533.99,0,0.00
6711,18,17340,963.33,4413,245.17,2500512,138917.33,19152794,1064044.11,116677,6482.06,0,0.00
6713,46,44311,963.28,11274,245.09,6386202,138830.48,49457296,1075158.61,300525,6533.15,0,0.00
6714,1,966,966.00,247,247.00,138791,138791.00,1075170,1075170.00,6533,6533.00,0,0.00
6715,2,1929,964.50,493,246.50,277649,138824.50,2150340,1075170.00,13066,6533.00,0,0.00
6716,2,1928,964.00,492,246.00,277628,138814.00,2150342,1075171.00,13066,6533.00,0,0.00
6718,2,1955,977.50,524,262.00,277005,138502.50,2149699,1074849.50,13066,6533.00,0,0.00
6720,1,965,965.00,246,246.00,138824,138824.00,1075182,1075182.00,6533,6533.00,0,0.00
6721,2,4136,2068.00,1504,752.00,280214,140107.00,253236,126618.00,0,0.00,0,0.00
6738,160,154400,965.00,39200,245.00,22318058,139487.86,171771941,1073574.63,1043600,6522.50,0,0.00
6739,26,25155,967.50,6404,246.31,3625466,139441.00,27973868,1075918.00,169858,6533.00,0,0.00
6740,1,970,970.00,250,250.00,139441,139441.00,1075918,1075918.00,6533,6533.00,0,0.00
6741,51,49300,966.67,12547,246.02,7112089,139452.73,54871852,1075918.67,333183,6533.00,0,0.00
6742,2,7179,3589.50,3272,1636.00,278890,139445.00,16842806,8421403.00,11384,5692.00,13,6.50
6744,1,971,971.00,251,251.00,139441,139441.00,1075918,1075918.00,6533,6533.00,0,0.00
6745,1,976,976.00,246,246.00,138776,138776.00,1074774,1074774.00,6533,6533.00,0,0.00
6758,1,1065,1065.00,285,285.00,139441,139441.00,1075918,1075918.00,6533,6533.00,0,0.00
6766,173,167637,969.00,42558,246.00,24232954,140074.88,186058948,1075485.25,1129383,6528.23,0,0.00
6767,21,20393,971.10,5188,247.05,2940966,140046.00,22611120,1076720.00,137193,6533.00,0,0.00
6769,42,40768,970.67,10374,247.00,5882422,140057.67,45222268,1076720.67,274386,6533.00,0,0.00
6770,2,1950,975.00,498,249.00,280116,140058.00,2153442,1076721.00,13066,6533.00,0,0.00
6773,1,1013,1013.00,243,243.00,138065,138065.00,1077972,1077972.00,6610,6610.00,0,0.00
6788,1,458,458.00,529,529.00,155925,155925.00,130132,130132.00,6718,6718.00,37,37.00
6791,2,916,458.00,1059,529.50,313689,156844.50,260250,130125.00,13420,6710.00,74,37.00
6792,1,460,460.00,531,531.00,157215,157215.00,130887,130887.00,6702,6702.00,37,37.00
6794,163,158599,973.00,40261,247.00,22938175,140725.00,175312816,1075538.75,1063738,6526.00,0,0.00
6795,26,25367,975.65,6456,248.31,3663914,140919.77,27793235,1068970.58,168920,6496.92,0,0.00
6797,46,44826,974.48,11408,248.00,6476332,140789.83,49283728,1071385.39,299286,6506.22,0,0.00
6798,2,1955,977.50,501,250.50,281461,140730.50,2151008,1075504.00,13052,6526.00,0,0.00
6799,1,113,113.00,110,110.00,106693,106693.00,18152,18152.00,6684,6684.00,12,12.00
6800,1,975,975.00,250,250.00,140750,140750.00,1075504,1075504.00,6526,6526.00,0,0.00
6801,2,1949,974.50,502,251.00,281483,140741.50,2151020,1075510.00,13052,6526.00,0,0.00
6803,1,975,975.00,256,256.00,140725,140725.00,1075740,1075740.00,6526,6526.00,0,0.00
6815,1,0,0.00,47,47.00,3102,3102.00,0,0.00,3760,3760.00,47,47.00
6816,1,984,984.00,252,252.00,141238,141238.00,1075555,1075555.00,6526,6526.00,0,0.00
6819,1,420,420.00,528,528.00,161839,161839.00,130788,130788.00,6751,6751.00,37,37.00
6820,2,1426,713.00,780,390.00,303892,151946.00,1206687,603343.50,13284,6642.00,37,18.50
6822,176,170910,971.08,44210,251.19,24917415,141576.22,187578972,1065789.61,1149014,6528.49,74,0.42
6823,22,21546,979.36,5482,249.18,3109260,141330.00,23682636,1076483.45,143572,6526.00,0,0.00
6825,44,43068,978.82,10956,249.00,6221494,141397.59,47177618,1072218.59,286234,6505.32,0,0.00
6826,2,1965,982.50,503,251.50,282687,141343.50,2152927,1076463.50,13052,6526.00,0,0.00
6830,3,2446,815.33,1075,358.33,436732,145577.33,2286594,762198.00,19809,6603.00,37,12.33
6833,1,995,995.00,254,254.00,141789,141789.00,1075626,1075626.00,6526,6526.00,0,0.00
6850,169,165789,981.00,42081,249.00,24000953,142017.47,181892272,1076285.63,1102127,6521.46,0,0.00
6851,19,18683,983.32,4753,250.16,2700211,142116.37,20282950,1067523.68,123084,6478.11,0,0.00
6853,54,53062,982.63,13501,250.02,7667929,141998.69,58173316,1077283.63,352404,6526.00,0,0.00
6857,1,984,984.00,251,251.00,142029,142029.00,1077298,1077298.00,6526,6526.00,0,0.00
6858,1,1034,1034.00,294,294.00,144355,144355.00,1076963,1076963.00,6526,6526.00,0,0.00
6862,1,1041,1041.00,273,273.00,141987,141987.00,1077283,1077283.00,6526,6526.00,0,0.00
6870,1,991,991.00,251,251.00,142087,142087.00,1077403,1077403.00,6526,6526.00,0,0.00
6878,146,143810,985.00,36500,250.00,20826096,142644.49,157095940,1075999.59,951119,6514.51,0,0.00
6879,22,21722,987.36,5526,251.18,3137024,142592.00,23724734,1078397.00,143572,6526.00,0,0.00
6880,1,989,989.00,252,252.00,142592,142592.00,1078397,1078397.00,6526,6526.00,0,0.00
6881,60,59199,986.65,15061,251.02,8556224,142603.73,64703858,1078397.63,391560,6526.00,0,0.00
6882,4,3954,988.50,1008,252.00,570414,142603.50,4313590,1078397.50,26104,6526.00,0,0.00
6883,1,987,987.00,252,252.00,142620,142620.00,1078402,1078402.00,6526,6526.00,0,0.00
6884,2,1978,989.00,504,252.00,285232,142616.00,2156798,1078399.00,13052,6526.00,0,0.00
6885,2,1975,987.50,504,252.00,285250,142625.00,2156809,1078404.50,13052,6526.00,0,0.00
6887,1,985,985.00,259,259.00,142592,142592.00,1078397,1078397.00,6526,6526.00,0,0.00
6888,2,2014,1007.00,518,259.00,285253,142626.50,2156826,1078413.00,13052,6526.00,0,0.00
6893,1,1034,1034.00,309,309.00,141655,141655.00,1091482,1091482.00,6533,6533.00,0,0.00
6906,127,125603,989.00,31877,251.00,18193131,143253.00,137110851,1079613.00,828802,6526.00,0,0.00
6907,17,16853,991.35,4287,252.18,2435301,143253.00,18353421,1079613.00,110942,6526.00,0,0.00
6908,1,1000,1000.00,265,265.00,142966,142966.00,1079151,1079151.00,6526,6526.00,0,0.00
6909,83,89475,1078.01,24214,291.73,11759313,141678.47,81906678,986827.45,489457,5897.07,47,0.57
6910,17,17028,1001.65,4364,256.71,2442496,143676.24,18006125,1059183.82,109265,6427.35,0,0.00
6912,8,7940,992.50,2024,253.00,1146212,143276.50,8636916,1079614.50,52208,6526.00,0,0.00
6913,2,1986,993.00,508,254.00,286557,143278.50,2159228,1079614.00,13052,6526.00,0,0.00
6914,1,990,990.00,253,253.00,143857,143857.00,1078586,1078586.00,6526,6526.00,0,0.00
6915,2,2054,1027.00,533,266.50,286517,143258.50,2159226,1079613.00,13052,6526.00,0,0.00
6919,1,418,418.00,530,530.00,156023,156023.00,133701,133701.00,6847,6847.00,37,37.00
6921,1,422,422.00,530,530.00,155695,155695.00,133662,133662.00,6847,6847.00,37,37.00
6934,121,120177,993.20,30519,252.22,17406213,143853.00,130785573,1080872.50,789646,6526.00,0,0.00
6935,34,33841,995.32,8609,253.21,4891172,143858.00,36750022,1080883.00,221884,6526.00,0,0.00
6936,1,997,997.00,257,257.00,149088,149088.00,915462,915462.00,5756,5756.00,0,0.00
6937,66,65646,994.64,16699,253.02,9497857,143906.92,71160381,1078187.59,429806,6512.21,0,0.00
6938,13,12961,997.00,3307,254.38,1870294,143868.77,14051487,1080883.62,84838,6526.00,0,0.00
6940,10,9968,996.80,2541,254.10,1438821,143882.10,10808848,1080884.80,65260,6526.00,0,0.00
6941,1,997,997.00,256,256.00,143883,143883.00,1080883,1080883.00,6526,6526.00,0,0.00
6947,3,1464,488.00,1584,528.00,452342,150780.67,392755,130918.33,20634,6878.00,111,37.00
6948,5,2449,489.80,2645,529.00,752060,150412.00,652375,130475.00,34390,6878.00,185,37.00
6950,1,489,489.00,529,529.00,150423,150423.00,130475,130475.00,6878,6878.00,37,37.00
6951,4,1968,492.00,2122,530.50,601894,150473.50,522330,130582.50,27512,6878.00,148,37.00
6952,1,493,493.00,531,531.00,150651,150651.00,131440,131440.00,6878,6878.00,37,37.00
6953,4,2562,640.50,1881,470.25,595167,148791.75,1472312,368078.00,27160,6790.00,111,27.75
6954,1,491,491.00,531,531.00,150434,150434.00,130475,130475.00,6878,6878.00,37,37.00
6962,114,113658,997.00,28842,253.00,16475166,144519.00,123377070,1082255.00,743964,6526.00,0,0.00
6963,25,24975,999.00,6352,254.08,3618205,144728.20,26893060,1075722.40,162380,6495.20,0,0.00
6965,83,82884,998.60,21083,254.01,11998501,144560.25,89651772,1080141.83,540748,6515.04,0,0.00
6966,8,8021,1002.62,2048,256.00,1156250,144531.25,8658050,1082256.25,52208,6526.00,0,0.00
6967,1,1000,1000.00,255,255.00,144556,144556.00,1082257,1082257.00,6526,6526.00,0,0.00
6968,11,11002,1000.18,2806,255.09,1589991,144544.64,11904817,1082256.09,71786,6526.00,0,0.00
6969,1,1000,1000.00,256,256.00,144541,144541.00,1082255,1082255.00,6526,6526.00,0,0.00
6973,1,1008,1008.00,258,258.00,144561,144561.00,1080946,1080946.00,6526,6526.00,0,0.00
6979,1,840,840.00,528,528.00,386316,386316.00,693912,693912.00,6573,6573.00,197,197.00
6980,3,2302,767.33,1314,438.00,699493,233164.33,1909930,636643.33,20011,6670.33,234,78.00
6982,1,841,841.00,529,529.00,386827,386827.00,693024,693024.00,6574,6574.00,197,197.00
6983,2,1691,845.50,1062,531.00,773179,386589.50,1386942,693471.00,13147,6573.50,394,197.00
6985,2,1281,640.50,1032,516.00,524387,262193.50,794242,397121.00,13481,6740.50,234,117.00
6989,2,1993,996.50,576,288.00,299590,149795.00,2159870,1079935.00,13059,6529.50,5,2.50
6990,69,69069,1001.00,17526,254.00,10018842,145200.61,74612804,1081344.99,449524,6514.84,0,0.00
6991,28,28086,1003.07,7141,255.04,4065930,145211.79,30170121,1077504.32,181818,6493.50,0,0.00
6992,4,4022,1005.50,1025,256.25,580496,145124.00,4334724,1083681.00,26104,6526.00,0,0.00
6993,65,65154,1002.37,16576,255.02,9433802,145135.42,70439289,1083681.37,424190,6526.00,0,0.00
6994,22,22106,1004.82,5633,256.05,3192986,145135.73,23840998,1083681.73,143572,6526.00,0,0.00
6995,4,4028,1007.00,1029,257.25,580542,145135.50,4334726,1083681.50,26104,6526.00,0,0.00
6996,35,35142,1004.06,8963,256.09,5080134,145146.69,37928867,1083681.91,228410,6526.00,0,0.00
6997,8,8058,1007.25,2057,257.12,1161184,145148.00,8669464,1083683.00,52208,6526.00,0,0.00
6998,2,2016,1008.00,516,258.00,290294,145147.00,2167364,1083682.00,13052,6526.00,0,0.00
6999,9,9064,1007.11,2313,257.00,1306441,145160.11,9753157,1083684.11,58734,6526.00,0,0.00
7000,3,3028,1009.33,775,258.33,435479,145159.67,3251051,1083683.67,19578,6526.00,0,0.00
7003,1,1006,1006.00,258,258.00,145188,145188.00,1083696,1083696.00,6526,6526.00,0,0.00
7009,1,1019,1019.00,259,259.00,145735,145735.00,1082463,1082463.00,6526,6526.00,0,0.00
7011,1,1032,1032.00,253,253.00,144277,144277.00,1083733,1083733.00,6526,6526.00,0,0.00
7018,59,59295,1005.00,15045,255.00,8605281,145852.22,63728316,1080140.95,383486,6499.76,0,0.00
7019,27,27192,1007.11,6913,256.04,3938646,145875.78,29078389,1076977.37,174010,6444.81,0,0.00
7020,2,2018,1009.00,514,257.00,291622,145811.00,2165940,1082970.00,13030,6515.00,0,0.00
7021,80,80553,1006.91,20482,256.02,11665817,145822.71,86638966,1082987.07,521200,6515.00,0,0.00
7022,25,25214,1008.56,6427,257.08,3645560,145822.40,27074614,1082984.56,162875,6515.00,0,0.00
7023,2,2024,1012.00,517,258.50,291646,145823.00,2166060,1083030.00,13030,6515.00,0,0.00
7024,43,43361,1008.40,11051,257.00,6270879,145834.40,46568360,1082985.12,280145,6515.00,0,0.00
7025,12,44566,3713.83,19350,1612.50,1683835,140319.58,109354950,9112912.50,66687,5557.25,60,5.00
7027,6,6068,1011.33,1548,258.00,875084,145847.33,6497840,1082973.33,39090,6515.00,0,0.00
7029,7,24171,3453.00,7,1.00,238452,34064.57,52283576,7469082.29,31337,4476.71,70,10.00
7030,3,7917,2639.00,263,87.67,212100,70700.00,16488577,5496192.33,17353,5784.33,20,6.67
7032,1,1083,1083.00,287,287.00,143537,143537.00,1097933,1097933.00,6533,6533.00,0,0.00
7037,2,6914,3457.00,2,1.00,68839,34419.50,16414448,8207224.00,8244,4122.00,20,10.00
7038,2,6916,3458.00,4,2.00,67894,33947.00,14960392,7480196.00,9188,4594.00,20,10.00
7040,1,1031,1031.00,261,261.00,146987,146987.00,1082564,1082564.00,6526,6526.00,0,0.00
7042,6,38557,6426.17,17803,2967.17,807068,134511.33,102757374,17126229.00,29356,4892.67,60,10.00
7043,2,12854,6427.00,5936,2968.00,268279,134139.50,34133643,17066821.50,10527,5263.50,20,10.00
7045,5,17305,3461.00,5,1.00,172197,34439.40,38620948,7724189.60,20509,4101.80,50,10.00
7046,55,57951,1053.65,13827,251.40,7942432,144407.85,65521228,1191295.05,355916,6471.20,10,0.18
7047,31,31347,1011.19,7970,257.10,4538896,146416.00,33621702,1084571.03,201965,6515.00,0,0.00
7048,3,3039,1013.00,774,258.00,439248,146416.00,3253774,1084591.33,19545,6515.00,0,0.00
7049,91,91984,1010.81,23389,257.02,13330244,146486.20,98541257,1082870.96,592106,6506.66,0,0.00
7050,26,26321,1012.35,6709,258.04,3807110,146427.31,28198596,1084561.38,169390,6515.00,0,0.00
7051,2,2028,1014.00,518,259.00,292854,146427.00,2169104,1084552.00,13030,6515.00,0,0.00
7052,30,30368,1012.27,7741,258.03,4393181,146439.37,32536834,1084561.13,195450,6515.00,0,0.00
7053,5,5077,1015.40,1295,259.00,732202,146440.40,5422890,1084578.00,32575,6515.00,0,0.00
7054,1,1017,1017.00,261,261.00,146438,146438.00,1084552,1084552.00,6515,6515.00,0,0.00
7055,5,5070,1014.00,1295,259.00,732255,146451.00,5422770,1084554.00,32575,6515.00,0,0.00
7056,4,20277,5069.25,9161,2290.25,555461,138865.25,60561282,15140320.50,15741,3935.25,33,8.25
7057,4,25736,6434.00,11868,2967.00,540831,135207.75,71516922,17879230.50,16783,4195.75,40,10.00
7058,3,19304,6434.67,8902,2967.33,405762,135254.00,50906071,16968690.33,12448,4149.33,30,10.00
7059,3,19307,6435.67,8905,2968.33,407689,135896.33,53700219,17900073.00,10525,3508.33,30,10.00
7060,2,12870,6435.00,5936,2968.00,268874,134437.00,32060747,16030373.50,9956,4978.00,20,10.00
7062,1,1025,1025.00,272,272.00,146416,146416.00,1084552,1084552.00,6515,6515.00,0,0.00
7065,5,17355,3471.00,5,1.00,171580,34316.00,40713984,8142796.80,21125,4225.00,50,10.00
7066,1,3472,3472.00,2,2.00,35369,35369.00,8831524,8831524.00,3173,3173.00,10,10.00
7067,1,3474,3474.00,3,3.00,35417,35417.00,8813860,8813860.00,3125,3125.00,10,10.00
7068,4,13888,3472.00,8,2.00,133914,33478.50,30036032,7509008.00,20294,5073.50,40,10.00
7069,4,20352,5088.00,9178,2294.50,547644,136911.00,56972335,14243083.75,23512,5878.00,30,7.50
7070,2,12884,6442.00,5936,2968.00,269822,134911.00,31339211,15669605.50,8990,4495.00,20,10.00
7072,1,6441,6441.00,2969,2969.00,134422,134422.00,16010034,16010034.00,4998,4998.00,10,10.00
7073,1,6442,6442.00,2969,2969.00,136419,136419.00,19784156,19784156.00,2998,2998.00,10,10.00
7074,74,74962,1013.00,19018,257.00,10887978,147134.84,80015939,1081296.47,479288,6476.86,0,0.00
7075,30,30450,1015.00,7740,258.00,4412310,147077.00,32563716,1085457.20,195450,6515.00,0,0.00
7076,6,6100,1016.67,1554,259.00,882462,147077.00,6512460,1085410.00,39090,6515.00,0,0.00
7077,77,78062,1013.79,19987,259.57,11372781,147698.45,83575298,1085393.48,501680,6515.32,5,0.06
7078,28,28483,1017.25,7257,259.18,4118488,147088.86,30393274,1085474.07,182420,6515.00,0,0.00
7080,23,23369,1016.04,5958,259.04,3383305,147100.22,24964811,1085426.57,149845,6515.00,0,0.00
7081,9,14596,1621.78,5049,561.00,1312755,145861.67,26898673,2988741.44,55574,6174.89,10,1.11
7082,3,3061,1020.33,784,261.33,441299,147099.67,3256232,1085410.67,19545,6515.00,0,0.00
7083,3,3048,1016.00,780,260.00,441330,147110.00,3256230,1085410.00,19545,6515.00,0,0.00
7084,4,14935,3733.75,6458,1614.50,566100,141525.00,37995113,9498778.25,20007,5001.75,20,5.00
7085,4,16892,4223.00,2972,743.00,238310,59577.50,41275749,10318937.25,16727,4181.75,40,10.00
7087,3,19348,6449.33,8907,2969.00,404126,134708.67,52617575,17539191.67,14158,4719.33,30,10.00
7088,5,26275,5255.00,8905,1781.00,473907,94781.40,62229535,12445907.00,21409,4281.80,53,10.60
7089,1,3483,3483.00,3,3.00,33939,33939.00,6912432,6912432.00,4613,4613.00,10,10.00
7096,1,3486,3486.00,2,2.00,34373,34373.00,7040896,7040896.00,4179,4179.00,10,10.00
7097,3,13420,4473.33,2973,991.00,205412,68470.67,33566687,11188895.67,11941,3980.33,30,10.00
7100,1,3493,3493.00,5,5.00,32911,32911.00,8146443,8146443.00,5657,5657.00,10,10.00
7102,70,71190,1017.00,18060,258.00,10337740,147682.00,76102130,1087173.29,456050,6515.00,0,0.00
7103,33,33632,1019.15,8550,259.09,4873506,147682.00,35876592,1087169.45,214995,6515.00,0,0.00
7104,2,7479,3739.50,3229,1614.50,284032,142016.00,20898530,10449265.00,9595,4797.50,10,5.00
7105,77,78462,1018.99,19953,259.13,11374819,147724.92,83554086,1085118.00,500756,6503.32,0,0.00
7106,18,18369,1020.50,4682,260.11,2658482,147693.44,19570088,1087227.11,117270,6515.00,0,0.00
7107,4,4087,1021.75,1044,261.00,596137,149034.25,4199071,1049767.75,25301,6325.25,0,0.00
7108,25,25516,1020.64,6500,260.00,3692641,147705.64,27180157,1087206.28,162875,6515.00,0,0.00
7109,12,12269,1022.42,3132,261.00,1772475,147706.25,13047566,1087297.17,78180,6515.00,0,0.00
7110,3,3077,1025.67,788,262.67,443186,147728.67,3261809,1087269.67,19545,6515.00,0,0.00
7111,7,7154,1022.00,1828,261.14,1034022,147717.43,7611112,1087301.71,45605,6515.00,0,0.00
7115,1,3617,3617.00,56,56.00,32931,32931.00,8067600,8067600.00,5621,5621.00,10,10.00
7118,1,1017,1017.00,303,303.00,150992,150992.00,1082555,1082555.00,6631,6631.00,7,7.00
7129,1,1032,1032.00,271,271.00,147991,147991.00,1087964,1087964.00,6515,6515.00,0,0.00
7130,63,64323,1021.00,16317,259.00,9346484,148356.89,68424595,1086104.68,408522,6484.48,0,0.00
7131,23,23529,1023.00,5985,260.22,3411544,148328.00,25030302,1088274.00,149845,6515.00,0,0.00
7132,2,2052,1026.00,523,261.50,296656,148328.00,2176548,1088274.00,13030,6515.00,0,0.00
7133,75,76724,1022.99,19510,260.13,11125460,148339.47,81620604,1088274.72,488625,6515.00,0,0.00
7134,26,26644,1024.77,6787,261.04,3856832,148339.69,28295142,1088274.69,169390,6515.00,0,0.00
7135,4,4102,1025.50,1046,261.50,593394,148348.50,4353110,1088277.50,26060,6515.00,0,0.00
7136,37,37902,1024.38,9658,261.03,5489006,148351.51,40266188,1088275.35,241055,6515.00,0,0.00
7137,14,13794,985.29,4080,291.43,2232261,159447.21,14370883,1026491.64,90767,6483.36,6,0.43
7138,1,1025,1025.00,262,262.00,148376,148376.00,1088276,1088276.00,6515,6515.00,0,0.00
7139,12,9246,770.50,4475,372.92,1701958,141829.83,8234634,686219.50,80960,6746.67,185,15.42
7140,2,828,414.00,1058,529.00,264901,132450.50,246300,123150.00,14142,7071.00,74,37.00
7141,1,1026,1026.00,264,264.00,148363,148363.00,1088276,1088276.00,6515,6515.00,0,0.00
7142,5,5743,1148.60,1856,371.20,582331,116466.20,8384999,1676999.80,32448,6489.60,121,24.20
7143,1,3377,3377.00,529,529.00,144172,144172.00,123050,123050.00,7071,7071.00,37,37.00
7145,1,416,416.00,530,530.00,132626,132626.00,123252,123252.00,7071,7071.00,37,37.00
7153,1,1062,1062.00,286,286.00,150878,150878.00,1087832,1087832.00,6515,6515.00,0,0.00
7158,43,44075,1025.00,11180,260.00,6405338,148961.35,46790856,1088159.44,279725,6505.23,0,0.00
7159,36,36976,1027.11,9399,261.08,5370930,149192.50,40115388,1114316.33,231538,6431.61,0,0.00
7160,6,6196,1032.67,1579,263.17,896694,149449.00,6382523,1063753.83,38191,6365.17,0,0.00
7161,81,83136,1026.37,21142,261.01,12070559,149019.25,88147271,1088237.91,526763,6503.25,0,0.00
7162,29,29834,1028.76,7601,262.10,4321841,149029.00,31460698,1084851.66,188036,6484.00,0,0.00
7163,4,4130,1032.50,1059,264.75,595784,148946.00,4360675,1090168.75,26060,6515.00,0,0.00
7164,27,27750,1027.78,7078,262.15,4021790,148955.19,29434552,1090168.59,175905,6515.00,0,0.00
7165,10,10302,1030.20,2631,263.10,1489569,148956.90,10901692,1090169.20,65150,6515.00,0,0.00
7166,3,3091,1030.33,791,263.67,446884,148961.33,3270511,1090170.33,19545,6515.00,0,0.00
7167,10,10301,1030.10,2636,263.60,1489560,148956.00,10897159,1089715.90,65150,6515.00,0,0.00
7168,1,1061,1061.00,275,275.00,148944,148944.00,1090168,1090168.00,6515,6515.00,0,0.00
7169,1,1029,1029.00,264,264.00,148983,148983.00,1090173,1090173.00,6515,6515.00,0,0.00
7178,1,1041,1041.00,268,268.00,148841,148841.00,1087904,1087904.00,6515,6515.00,0,0.00
7180,1,1036,1036.00,264,264.00,149346,149346.00,1090214,1090214.00,6515,6515.00,0,0.00
7185,1,1043,1043.00,273,273.00,149203,149203.00,1090476,1090476.00,6515,6515.00,0,0.00
7186,20,20580,1029.00,5220,261.00,3009149,150457.45,21732673,1086633.65,129921,6496.05,0,0.00
7187,23,23694,1030.17,6017,261.61,3461239,150488.65,25000349,1086971.70,149415,6496.30,0,0.00
7188,5,5166,1033.20,1316,263.20,748156,149631.20,5450634,1090126.80,32560,6512.00,0,0.00
7189,31,31990,1031.94,8135,262.42,4664267,150460.23,33692044,1086840.13,201383,6496.23,0,0.00
7190,14,14450,1032.14,3686,263.29,2105403,150385.93,15222481,1087320.07,90979,6498.50,0,0.00
7191,13,14329,1102.23,3748,288.31,2151186,165475.85,12129618,933047.54,69180,5321.54,0,0.00
7192,12,12384,1032.00,3157,263.08,1799550,149962.50,13068447,1089037.25,78074,6506.17,0,0.00
7193,12,12405,1033.75,3167,263.92,1797573,149797.75,13074979,1089581.58,78102,6508.50,0,0.00
7194,1,1038,1038.00,269,269.00,152195,152195.00,1025223,1025223.00,4228,4228.00,0,0.00
7195,3,3102,1034.00,792,264.00,448836,149612.00,3270459,1090153.00,19536,6512.00,0,0.00
7197,1,1035,1035.00,264,264.00,149621,149621.00,1090163,1090163.00,6512,6512.00,0,0.00
7199,1,1034,1034.00,264,264.00,152002,152002.00,1082509,1082509.00,6470,6470.00,0,0.00
7206,1,1038,1038.00,263,263.00,149960,149960.00,1090250,1090250.00,6515,6515.00,0,0.00
7207,1,1032,1032.00,264,264.00,152775,152775.00,1076786,1076786.00,6456,6456.00,0,0.00
7218,2,2260,1130.00,609,304.50,299253,149626.50,2182971,1091485.50,13027,6513.50,0,0.00
7231,1,831,831.00,782,782.00,285242,285242.00,496040,496040.00,5887,5887.00,134,134.00
7238,1,21714,21714.00,21714,21714.00,0,0.00,0,0.00,0,0.00,0,0.00
7243,1,1037,1037.00,264,264.00,151723,151723.00,1012207,1012207.00,4452,4452.00,0,0.00
7265,1,1073,1073.00,273,273.00,153044,153044.00,1090477,1090477.00,6512,6512.00,0,0.00
7304,1,988,988.00,394,394.00,204434,204434.00,1085424,1085424.00,6526,6526.00,5,5.00
7322,1,2317,2317.00,694,694.00,142592,142592.00,1078397,1078397.00,6526,6526.00,0,0.00
7366,1,719,719.00,226,226.00,37646,37646.00,3759,3759.00,6699,6699.00,0,0.00
7368,1,3461,3461.00,880,880.00,115174,115174.00,278176,278176.00,2143,2143.00,0,0.00
7379,3,6909,2303.00,2397,799.00,461070,153690.00,458955,152985.00,0,0.00,0,0.00
7381,1,1024,1024.00,341,341.00,152431,152431.00,1088466,1088466.00,6515,6515.00,7,7.00
7395,1,1196,1196.00,278,278.00,157558,157558.00,1094982,1094982.00,6515,6515.00,0,0.00
7407,2,2078,1039.00,579,289.50,306293,153146.50,2170555,1085277.50,12971,6485.50,13,6.50
7432,1,1029,1029.00,287,287.00,153766,153766.00,1090450,1090450.00,6512,6512.00,8,8.00
7439,1,1030,1030.00,315,315.00,153418,153418.00,1090327,1090327.00,6515,6515.00,9,9.00
7452,1,736,736.00,235,235.00,38782,38782.00,3984,3984.00,6699,6699.00,0,0.00
7459,1,1119,1119.00,293,293.00,156421,156421.00,1091300,1091300.00,6459,6459.00,0,0.00
7468,1,1113,1113.00,45,45.00,173559,173559.00,509806,509806.00,7225,7225.00,1,1.00
7511,236,886180,3755.00,236,1.00,10117190,42869.45,2411803583,10219506.71,1402144,5941.29,0,0.00
7512,100,375688,3756.88,212,2.12,4295193,42951.93,1021137392,10211373.92,585886,5858.86,0,0.00
7513,16,60139,3758.69,54,3.38,687444,42965.25,163267182,10204198.88,93528,5845.50,0,0.00
7514,207,777634,3756.69,424,2.05,8893935,42965.87,2101120113,10150338.71,1212309,5856.57,0,0.00
7515,319,2100288,6583.97,901925,2827.35,44341551,139001.73,6301795242,19754844.02,1883798,5905.32,0,0.00
7516,130,928246,7140.35,439759,3382.76,20524621,157881.70,2814885017,21652961.67,764682,5882.17,0,0.00
7517,81,379625,4686.73,75382,930.64,6042108,74593.93,1076045040,13284506.67,467483,5771.40,0,0.00
7518,238,1702331,7152.65,808079,3395.29,37671808,158284.91,5167819298,21713526.46,1408829,5919.45,0,0.00
7519,70,514953,7356.47,251879,3598.27,11552015,165028.79,1575464060,22506629.43,423109,6044.41,0,0.00
7520,22,112800,5127.27,30140,1370.00,1960807,89127.59,328862309,14948286.77,135468,6157.64,0,0.00
7521,55,402198,7312.69,195493,3554.42,9006837,163760.67,1220533297,22191514.49,320832,5833.31,0,0.00
7522,30,214299,7143.30,101550,3385.00,4736140,157871.33,650887826,21696260.87,177595,5919.83,0,0.00
7523,5,37622,7524.40,18815,3763.00,848906,169781.20,115681767,23136353.40,33887,6777.40,0,0.00
7524,10,67659,6765.90,30098,3009.80,1454643,145464.30,201604142,20160414.20,55599,5559.90,0,0.00
7525,2,15038,7519.00,7520,3760.00,341283,170641.50,45342426,22671213.00,11898,5949.00,0,0.00
7527,1,7520,7520.00,3761,3761.00,169876,169876.00,23318726,23318726.00,6722,6722.00,0,0.00
7530,2,7539,3769.50,23,11.50,85994,42997.00,20621592,10310796.00,11932,5966.00,0,0.00
7531,1,3759,3759.00,17,17.00,42235,42235.00,10430532,10430532.00,6599,6599.00,0,0.00
7535,1,3756,3756.00,23,23.00,44261,44261.00,10318390,10318390.00,4561,4561.00,0,0.00
7536,1,3763,3763.00,8,8.00,43202,43202.00,9858502,9858502.00,5705,5705.00,0,0.00
7537,1,7523,7523.00,3762,3762.00,171183,171183.00,22505123,22505123.00,5864,5864.00,0,0.00
7543,1,3788,3788.00,33,33.00,43534,43534.00,9724110,9724110.00,5277,5277.00,0,0.00
7554,1,7520,7520.00,3761,3761.00,171637,171637.00,23471495,23471495.00,6173,6173.00,0,0.00
7582,1,7554,7554.00,3767,3767.00,175623,175623.00,22801367,22801367.00,4694,4694.00,0,0.00
7625,1,560,560.00,530,530.00,210610,210610.00,295240,295240.00,7518,7518.00,69,69.00
7632,2,7448,3724.00,2,1.00,66716,33358.00,14636592,7318296.00,10366,5183.00,30,15.00
7636,4,26772,6693.00,11868,2967.00,539780,134945.00,70295025,17573756.25,17842,4460.50,60,15.00
7639,1,6694,6694.00,2968,2968.00,135637,135637.00,16855809,16855809.00,3780,3780.00,15,15.00
7640,1,6696,6696.00,2970,2970.00,135775,135775.00,17380524,17380524.00,3643,3643.00,15,15.00
7656,1,1346,1346.00,516,516.00,82591,82591.00,695335,695335.00,2561,2561.00,218,218.00
7661,1,2350,2350.00,846,846.00,160129,160129.00,165017,165017.00,0,0.00,0,0.00
7710,123,2844867,23129.00,948330,7710.00,0,0.00,0,0.00,0,0.00,0,0.00
7711,36,810880,22524.44,270161,7504.47,154690,4296.94,1142022,31722.83,4427,122.97,0,0.00
7712,5,115659,23131.80,38560,7712.00,0,0.00,0,0.00,0,0.00,0,0.00
7713,76,1757925,23130.59,586037,7711.01,884,11.63,45,0.59,0,0.00,0,0.00
7714,20,462659,23132.95,154246,7712.30,247,12.35,18,0.90,0,0.00,0,0.00
7715,1,23131,23131.00,7712,7712.00,28,28.00,5,5.00,0,0.00,0,0.00
7716,18,416388,23132.67,138817,7712.06,451,25.06,27,1.50,0,0.00,0,0.00
7717,5,115676,23135.20,38565,7713.00,121,24.20,11,2.20,0,0.00,0,0.00
7719,1,23134,23134.00,7713,7713.00,35,35.00,2,2.00,0,0.00,0,0.00
7721,1,23136,23136.00,7713,7713.00,47,47.00,5,5.00,0,0.00,0,0.00
7723,1,1113,1113.00,38,38.00,173443,173443.00,510245,510245.00,7232,7232.00,5,5.00
7751,1,23150,23150.00,7711,7711.00,221,221.00,780,780.00,0,0.00,0,0.00
7755,2,0,0.00,94,47.00,11844,5922.00,0,0.00,3760,1880.00,94,47.00
7828,1,7514,7514.00,3801,3801.00,187833,187833.00,22106653,22106653.00,5018,5018.00,5,5.00
7836,1,23133,23133.00,7742,7742.00,2062,2062.00,23,23.00,0,0.00,6,6.00
7843,10,4120,412.00,5280,528.00,1308490,130849.00,1233632,123363.20,77750,7775.00,370,37.00
7844,2,826,413.00,1058,529.00,262218,131109.00,246844,123422.00,15550,7775.00,74,37.00
7845,1,415,415.00,530,530.00,130800,130800.00,123303,123303.00,7775,7775.00,37,37.00
7846,4,1656,414.00,2117,529.25,524423,131105.75,493692,123423.00,31100,7775.00,148,37.00
7847,1,414,414.00,530,530.00,131088,131088.00,123422,123422.00,7775,7775.00,37,37.00
7957,1,7689,7689.00,3779,3779.00,187504,187504.00,23447252,23447252.00,4817,4817.00,0,0.00
7977,1,3909,3909.00,55,55.00,49698,49698.00,10603319,10603319.00,6644,6644.00,0,0.00
8007,1,564,564.00,531,531.00,207361,207361.00,315820,315820.00,7903,7903.00,69,69.00
8014,1,23250,23250.00,7726,7726.00,10827,10827.00,5694,5694.00,0,0.00,0,0.00
8015,1,7700,7700.00,3787,3787.00,188327,188327.00,21894089,21894089.00,5310,5310.00,0,0.00
8084,1,1410,1410.00,47,47.00,444620,444620.00,96726,96726.00,0,0.00,0,0.00
8095,1,1139,1139.00,47,47.00,194786,194786.00,187416,187416.00,2574,2574.00,47,47.00
8133,1,565,565.00,531,531.00,174221,174221.00,145414,145414.00,8058,8058.00,37,37.00
8193,1,1219,1219.00,641,641.00,374914,374914.00,820550,820550.00,6693,6693.00,197,197.00
8227,1,488,488.00,528,528.00,152007,152007.00,132709,132709.00,8155,8155.00,37,37.00
8228,2,979,489.50,1058,529.00,302825,151412.50,263981,131990.50,16317,8158.50,74,37.00
8275,1,17396,17396.00,5970,5970.00,82228,82228.00,694126,694126.00,2561,2561.00,0,0.00
8386,1,653,653.00,528,528.00,130855,130855.00,123254,123254.00,7775,7775.00,42,42.00
8416,1,655,655.00,528,528.00,131077,131077.00,123422,123422.00,7775,7775.00,43,43.00
8522,1,1348,1348.00,514,514.00,82580,82580.00,695335,695335.00,2561,2561.00,258,258.00
8544,1,1456,1456.00,291,291.00,241075,241075.00,49770,49770.00,4674,4674.00,0,0.00
8667,1,1314,1314.00,89,89.00,196587,196587.00,910389,910389.00,7303,7303.00,0,0.00
8777,1,600,600.00,530,530.00,212226,212226.00,325053,325053.00,8670,8670.00,69,69.00
8893,1,1142,1142.00,262,262.00,149588,149588.00,1090151,1090151.00,6512,6512.00,77,77.00
8977,1,1081,1081.00,47,47.00,571988,571988.00,95363,95363.00,7380,7380.00,139,139.00
8980,1,1149,1149.00,262,262.00,149589,149589.00,1090152,1090152.00,6512,6512.00,81,81.00
9020,1,1120,1120.00,263,263.00,149599,149599.00,1090151,1090151.00,6512,6512.00,80,80.00
9038,1,1150,1150.00,264,264.00,149599,149599.00,1090151,1090151.00,6512,6512.00,83,83.00
9059,1,280,280.00,528,528.00,123209,123209.00,118750,118750.00,8992,8992.00,37,37.00
9090,1,1156,1156.00,262,262.00,149582,149582.00,1090625,1090625.00,6512,6512.00,86,86.00
9092,1,1895,1895.00,419,419.00,382702,382702.00,144674,144674.00,2275,2275.00,5,5.00
9176,1,1160,1160.00,261,261.00,149577,149577.00,1090151,1090151.00,6512,6512.00,90,90.00
9212,1,1598,1598.00,47,47.00,515167,515167.00,128075,128075.00,0,0.00,0,0.00
9213,1,1746,1746.00,504,504.00,181483,181483.00,1832001,1832001.00,6526,6526.00,0,0.00
9251,1,416,416.00,528,528.00,133978,133978.00,123976,123976.00,9183,9183.00,37,37.00
9315,1,380,380.00,528,528.00,130953,130953.00,122746,122746.00,9247,9247.00,37,37.00
9324,1,324,324.00,132,132.00,496126,496126.00,124391,124391.00,4000,4000.00,14,14.00
9377,1,992,992.00,141,141.00,460600,460600.00,48739,48739.00,4747,4747.00,141,141.00
9379,1,412,412.00,528,528.00,132534,132534.00,123351,123351.00,9311,9311.00,37,37.00
9403,1,1176,1176.00,263,263.00,149599,149599.00,1090151,1090151.00,6512,6512.00,100,100.00
9445,1,1180,1180.00,263,263.00,149588,149588.00,1090151,1090151.00,6512,6512.00,102,102.00
9447,1,3478,3478.00,1222,1222.00,139731,139731.00,322937,322937.00,0,0.00,0,0.00
9478,1,453,453.00,529,529.00,143325,143325.00,128385,128385.00,9407,9407.00,37,37.00
9527,1,1929,1929.00,415,415.00,357891,357891.00,139676,139676.00,5887,5887.00,0,0.00
9541,1,1184,1184.00,263,263.00,149593,149593.00,1090625,1090625.00,6512,6512.00,106,106.00
9552,1,1188,1188.00,262,262.00,149590,149590.00,1090153,1090153.00,6512,6512.00,107,107.00
9588,1,1178,1178.00,264,264.00,149616,149616.00,1090626,1090626.00,6512,6512.00,107,107.00
9614,1,1171,1171.00,262,262.00,149588,149588.00,1090151,1090151.00,6512,6512.00,108,108.00
9619,1,1192,1192.00,264,264.00,149596,149596.00,1090625,1090625.00,6512,6512.00,110,110.00
9621,1,3146,3146.00,1147,1147.00,153379,153379.00,261795,261795.00,875,875.00,0,0.00
9623,100,178100,1781.00,56300,563.00,20349706,203497.06,41079813,410798.13,958192,9581.92,0,0.00
9624,31,55258,1782.52,17483,563.97,6307969,203482.87,12572475,405563.71,297038,9581.87,0,0.00
9625,12,21415,1784.58,6785,565.42,2441959,203496.58,4901301,408441.75,114996,9583.00,0,0.00
9626,68,121231,1782.81,38363,564.16,13837760,203496.47,27655039,406691.75,651551,9581.63,0,0.00
9627,25,44618,1784.72,14128,565.12,5087945,203517.80,10226468,409058.72,239212,9568.48,0,0.00
9628,9,16062,1784.67,5093,565.89,1831826,203536.22,3764375,418263.89,86247,9583.00,0,0.00
9629,30,53548,1784.93,16964,565.47,6105272,203509.07,12199777,406659.23,287476,9582.53,0,0.00
9630,10,17860,1786.00,5659,565.90,2035143,203514.30,4041145,404114.50,95830,9583.00,0,0.00
9631,2,3575,1787.50,1135,567.50,407563,203781.50,936484,468242.00,18803,9401.50,0,0.00
9632,7,12502,1786.00,3962,566.00,1424645,203520.71,2819603,402800.43,67081,9583.00,0,0.00
9633,1,1787,1787.00,568,568.00,203478,203478.00,372328,372328.00,9583,9583.00,0,0.00
9635,1,416,416.00,528,528.00,145237,145237.00,130192,130192.00,9567,9567.00,37,37.00
9640,1,1791,1791.00,568,568.00,203567,203567.00,439218,439218.00,9583,9583.00,0,0.00
9646,1,1793,1793.00,564,564.00,203633,203633.00,404191,404191.00,9583,9583.00,0,0.00
9648,1,1803,1803.00,570,570.00,204301,204301.00,408062,408062.00,9583,9583.00,0,0.00
9653,1,1845,1845.00,639,639.00,198537,198537.00,460128,460128.00,9327,9327.00,0,0.00
9654,3,5352,1784.00,1689,563.00,610381,203460.33,1191661,397220.33,28735,9578.33,3,1.00
9655,1,1785,1785.00,564,564.00,203465,203465.00,404026,404026.00,9583,9583.00,1,1.00
9658,1,1785,1785.00,564,564.00,203491,203491.00,407405,407405.00,9583,9583.00,1,1.00
9659,1,1186,1186.00,262,262.00,149590,149590.00,1090153,1090153.00,6512,6512.00,111,111.00
9662,1,1799,1799.00,581,581.00,203851,203851.00,387052,387052.00,9583,9583.00,0,0.00
9668,1,491,491.00,528,528.00,150095,150095.00,132488,132488.00,9567,9567.00,38,38.00
9699,1,452,452.00,528,528.00,147650,147650.00,131389,131389.00,9631,9631.00,37,37.00
9710,1,1210,1210.00,268,268.00,151029,151029.00,1090627,1090627.00,6512,6512.00,111,111.00
9712,1,1826,1826.00,564,564.00,204014,204014.00,412227,412227.00,9583,9583.00,0,0.00
9721,1,1823,1823.00,577,577.00,206150,206150.00,413943,413943.00,9583,9583.00,0,0.00
9729,1,0,0.00,47,47.00,9776,9776.00,0,0.00,0,0.00,47,47.00
9744,1,1808,1808.00,571,571.00,205846,205846.00,410847,410847.00,9583,9583.00,0,0.00
9754,1,1201,1201.00,264,264.00,149599,149599.00,1090151,1090151.00,6512,6512.00,116,116.00
9775,1,1203,1203.00,263,263.00,149599,149599.00,1090151,1090151.00,6512,6512.00,117,117.00
9777,20,97760,4888.00,20,1.00,1109552,55477.60,279372532,13968626.60,161226,8061.30,0,0.00
9778,13,63570,4890.00,28,2.15,718994,55307.23,176063301,13543330.85,107013,8231.77,0,0.00
9779,23,215124,9353.22,102697,4465.09,4759589,206938.65,672766910,29250735.22,192105,8352.39,0,0.00
9780,38,268952,7077.68,83198,2189.42,4930791,129757.66,819681313,21570560.87,309397,8142.03,0,0.00
9781,10,53811,5381.10,4922,492.20,722545,72254.50,152270102,15227010.20,79195,7919.50,0,0.00
9782,26,239613,9215.88,112507,4327.19,5259429,202285.73,753073000,28964346.15,215567,8291.04,0,0.00
9783,19,141831,7464.79,48952,2576.42,2711329,142701.53,427661764,22508513.89,158279,8330.47,0,0.00
9784,3,14686,4895.33,13,4.33,166142,55380.67,42230921,14076973.67,24549,8183.00,0,0.00
9785,14,127172,9083.71,58715,4193.93,2772159,198011.36,404692239,28906588.50,112271,8019.36,0,0.00
9786,2,19568,9784.00,9786,4893.00,444238,222119.00,61716350,30858175.00,15300,7650.00,0,0.00
9787,3,19570,6523.33,4904,1634.67,334933,111644.33,57440056,19146685.33,21999,7333.00,0,0.00
9788,1,9782,9782.00,4893,4893.00,220467,220467.00,32771414,32771414.00,9309,9309.00,0,0.00
9789,1,9785,9785.00,4895,4895.00,222683,222683.00,31198348,31198348.00,7094,7094.00,0,0.00
9790,2,9787,4893.50,10,5.00,108313,54156.50,29905568,14952784.00,18910,9455.00,0,0.00
9791,2,19570,9785.00,9788,4894.00,443664,221832.00,65687247,32843623.50,15942,7971.00,0,0.00
9792,1,9786,9786.00,4893,4893.00,220361,220361.00,33554603,33554603.00,9442,9442.00,0,0.00
9793,1,4902,4902.00,10,10.00,55285,55285.00,13097703,13097703.00,8407,8407.00,0,0.00
9794,1,1781,1781.00,906,906.00,207311,207311.00,387424,387424.00,9655,9655.00,5,5.00
9796,1,9790,9790.00,4896,4896.00,222534,222534.00,30483482,30483482.00,7280,7280.00,0,0.00
9797,1,4891,4891.00,4,4.00,54753,54753.00,14157595,14157595.00,9137,9137.00,0,0.00
9810,1,9788,9788.00,4896,4896.00,223948,223948.00,32408831,32408831.00,6846,6846.00,0,0.00
9814,2,14705,7352.50,4917,2458.50,277126,138563.00,46927454,23463727.00,18247,9123.50,0,0.00
9815,1,4907,4907.00,12,12.00,56465,56465.00,13108160,13108160.00,8421,8421.00,0,0.00
9819,1,4908,4908.00,10,10.00,56489,56489.00,13399080,13399080.00,8703,8703.00,0,0.00
9823,1,0,0.00,47,47.00,1128,1128.00,0,0.00,8742,8742.00,47,47.00
9824,1,4899,4899.00,3,3.00,55069,55069.00,15072775,15072775.00,9497,9497.00,0,0.00
9835,1,4916,4916.00,9,9.00,57233,57233.00,13093637,13093637.00,8401,8401.00,0,0.00
9842,1,4921,4921.00,5,5.00,54154,54154.00,14997102,14997102.00,9719,9719.00,0,0.00
9899,1,4890,4890.00,27,27.00,59425,59425.00,13808212,13808212.00,7129,7129.00,6,6.00
9907,1,293,293.00,517,517.00,370882,370882.00,345330,345330.00,9494,9494.00,12,12.00
9922,2,3762,1881.00,1198,599.00,416221,208110.50,874216,437108.00,19684,9842.00,0,0.00
9955,1,416,416.00,528,528.00,135118,135118.00,123986,123986.00,9887,9887.00,37,37.00
9958,1,417,417.00,529,529.00,135129,135129.00,123986,123986.00,9887,9887.00,37,37.00
9966,1,4953,4953.00,26,26.00,57492,57492.00,13868877,13868877.00,8993,8993.00,0,0.00
9967,1,1214,1214.00,261,261.00,149577,149577.00,1090151,1090151.00,6512,6512.00,126,126.00
9989,1,1215,1215.00,261,261.00,149577,149577.00,1090151,1090151.00,6512,6512.00,127,127.00
10022,1,9778,9778.00,4911,4911.00,229085,229085.00,29204126,29204126.00,7930,7930.00,5,5.00
10033,14,16790,1199.29,3654,261.00,2126597,151899.79,15139489,1081392.07,90601,6471.50,1806,129.00
10034,11,12977,1179.73,2880,261.82,1666596,151508.73,11906290,1082390.00,71257,6477.91,1419,129.00
10035,3,3619,1206.33,788,262.67,451895,150631.67,3261381,1087127.00,19483,6494.33,387,129.00
10036,12,14249,1187.42,3148,262.33,1810538,150878.17,13029232,1085769.33,77909,6492.42,1548,129.00
10037,13,15548,1196.00,3415,262.69,1961335,150871.92,14018964,1078381.85,82546,6349.69,1677,129.00
10038,4,4841,1210.25,1053,263.25,600494,150123.50,4359646,1089911.50,26020,6505.00,516,129.00
10039,5,5953,1190.60,1316,263.20,752702,150540.40,5438360,1087672.00,32497,6499.40,645,129.00
10040,7,8447,1206.71,1851,264.43,1058547,151221.00,7587812,1083973.14,45377,6482.43,903,129.00
10041,2,3199,1599.50,827,413.50,354576,177288.00,1493248,746624.00,16067,8033.50,135,67.50
10042,1,1230,1230.00,264,264.00,150889,150889.00,1085424,1085424.00,6487,6487.00,129,129.00
10043,1,1171,1171.00,265,265.00,150848,150848.00,1086108,1086108.00,6487,6487.00,129,129.00
10056,1,1173,1173.00,265,265.00,151640,151640.00,1083403,1083403.00,6484,6484.00,129,129.00
10061,1,1241,1241.00,266,266.00,152674,152674.00,1082456,1082456.00,6470,6470.00,129,129.00
10087,1,1218,1218.00,261,261.00,149577,149577.00,1090151,1090151.00,6512,6512.00,131,131.00
10104,1,1188,1188.00,267,267.00,155246,155246.00,1022755,1022755.00,6204,6204.00,129,129.00
10111,1,659,659.00,528,528.00,142788,142788.00,128576,128576.00,9470,9470.00,43,43.00
10151,1,504,504.00,1303,1303.00,384666,384666.00,230777,230777.00,8431,8431.00,37,37.00
10153,1,502,502.00,1335,1335.00,384675,384675.00,230808,230808.00,8431,8431.00,37,37.00
10178,1,1223,1223.00,262,262.00,149588,149588.00,1090151,1090151.00,6512,6512.00,135,135.00
10179,2,904,452.00,1056,528.00,283463,141731.50,256574,128287.00,20222,10111.00,74,37.00
10191,1,2022,2022.00,563,563.00,203474,203474.00,407637,407637.00,9583,9583.00,6,6.00
10195,1,2024,2024.00,563,563.00,203437,203437.00,378986,378986.00,9583,9583.00,6,6.00
10196,1,2024,2024.00,563,563.00,203490,203490.00,409691,409691.00,9583,9583.00,6,6.00
10197,1,2025,2025.00,563,563.00,203431,203431.00,378643,378643.00,9583,9583.00,6,6.00
10201,1,2039,2039.00,563,563.00,203497,203497.00,408329,408329.00,9583,9583.00,5,5.00
10209,1,2043,2043.00,564,564.00,203482,203482.00,411441,411441.00,9583,9583.00,5,5.00
10233,1,2044,2044.00,564,564.00,203497,203497.00,408329,408329.00,9583,9583.00,6,6.00
10234,1,2043,2043.00,563,563.00,203511,203511.00,420992,420992.00,9583,9583.00,6,6.00
10241,1,2046,2046.00,564,564.00,203473,203473.00,406034,406034.00,9583,9583.00,6,6.00
10261,17,19628,1154.59,9012,530.12,7746964,455703.76,17582090,1034240.59,164283,9663.71,6743,396.65
10262,6,6608,1101.33,3176,529.33,2679898,446649.67,6447351,1074558.50,58210,9701.67,2526,421.00
10263,1,1103,1103.00,530,530.00,495813,495813.00,1074567,1074567.00,9721,9721.00,421,421.00
10264,7,7707,1101.00,3706,529.43,3174281,453468.71,7520848,1074406.86,67681,9668.71,2947,421.00
10265,3,3308,1102.67,1589,529.67,1219863,406621.00,3219698,1073232.67,29111,9703.67,1263,421.00
10266,1,1105,1105.00,531,531.00,503676,503676.00,1083131,1083131.00,9607,9607.00,421,421.00
10267,6,6617,1102.83,3180,530.00,3019041,503173.50,6452514,1075419.00,57894,9649.00,2526,421.00
10268,1,1102,1102.00,531,531.00,350699,350699.00,1073860,1073860.00,9773,9773.00,421,421.00
10270,1,1102,1102.00,529,529.00,475205,475205.00,1074477,1074477.00,9665,9665.00,421,421.00
10271,3,3313,1104.33,1597,532.33,1391104,463701.33,3218786,1072928.67,29113,9704.33,1263,421.00
10272,1,1109,1109.00,535,535.00,482639,482639.00,1073430,1073430.00,9667,9667.00,421,421.00
10325,2,2086,1043.00,1056,528.00,957295,478647.50,2044155,1022077.50,19319,9659.50,842,421.00
10328,2,2088,1044.00,1058,529.00,969252,484626.00,2045193,1022596.50,19378,9689.00,842,421.00
10339,3,1464,488.00,1584,528.00,447168,149056.00,395850,131950.00,30813,10271.00,111,37.00
10340,2,2276,1138.00,576,288.00,734775,367387.50,295940,147970.00,10271,5135.50,37,18.50
10342,2,836,418.00,1058,529.00,288836,144418.00,260226,130113.00,20542,10271.00,74,37.00
10403,3,2137,712.33,1317,439.00,446107,148702.33,1352939,450979.67,27182,9060.67,219,73.00
10414,1,1091,1091.00,998,998.00,550811,550811.00,770983,770983.00,9741,9741.00,234,234.00
10434,1,4606,4606.00,1175,1175.00,324582,324582.00,618708,618708.00,0,0.00,0,0.00
10542,1,2086,2086.00,666,666.00,218597,218597.00,535701,535701.00,9583,9583.00,0,0.00
10543,1,1792,1792.00,355,355.00,396938,396938.00,360120,360120.00,8942,8942.00,210,210.00
10562,1,1245,1245.00,262,262.00,149588,149588.00,1090151,1090151.00,6512,6512.00,152,152.00
10575,1,0,0.00,47,47.00,10622,10622.00,0,0.00,0,0.00,47,47.00
10666,1,1260,1260.00,264,264.00,149599,149599.00,1090151,1090151.00,6512,6512.00,157,157.00
10733,1,2262,2262.00,563,563.00,203468,203468.00,405519,405519.00,9583,9583.00,11,11.00
10741,2,2254,1127.00,1056,528.00,1137616,568808.00,2300956,1150478.00,20092,10046.00,842,421.00
10744,3,3386,1128.67,1587,529.00,1702951,567650.33,3458780,1152926.67,30238,10079.33,1263,421.00
10758,1,2257,2257.00,564,564.00,203506,203506.00,414852,414852.00,9583,9583.00,14,14.00
10804,1,835,835.00,56,56.00,0,0.00,0,0.00,0,0.00,89,89.00
10818,1,1271,1271.00,263,263.00,149601,149601.00,1090153,1090153.00,6512,6512.00,164,164.00
10857,1,0,0.00,47,47.00,4042,4042.00,0,0.00,6862,6862.00,47,47.00
10913,69,376464,5456.00,69,1.00,4266440,61832.46,1074981045,15579435.43,627225,9090.22,0,0.00
10914,23,125528,5457.74,47,2.04,1410780,61338.26,358710684,15596116.70,220439,9584.30,0,0.00
10915,4,21837,5459.25,12,3.00,245916,61479.00,61551708,15387927.00,37774,9443.50,0,0.00
10916,53,289258,5457.70,107,2.02,3266901,61639.64,823247510,15532971.89,492623,9294.77,0,0.00
10917,73,731387,10019.00,332978,4561.34,15811274,216592.79,2324062660,31836474.79,685294,9387.59,0,0.00
10918,28,294790,10528.21,141945,5069.46,6551457,233980.61,935286513,33403089.75,258924,9247.29,0,0.00
10919,14,98264,7018.86,21870,1562.14,1601102,114364.43,298204263,21300304.50,134279,9591.36,0,0.00
10920,56,567728,10138.00,262064,4679.71,12364898,220801.75,1807673832,32279889.86,514308,9184.07,0,0.00
10921,25,267510,10700.40,131043,5241.72,5988850,239554.00,858243104,34329724.16,237876,9515.04,0,0.00
10922,6,49148,8191.33,16399,2733.17,925841,154306.83,150917939,25152989.83,56508,9418.00,0,0.00
10923,19,196560,10345.26,92832,4885.89,4329402,227863.26,628762337,33092754.58,173143,9112.79,0,0.00
10924,5,54604,10920.80,27307,5461.40,1239626,247925.20,175561668,35112333.60,42905,8581.00,0,0.00
10925,1,10923,10923.00,5462,5462.00,248463,248463.00,35060189,35060189.00,8044,8044.00,0,0.00
10927,1,10920,10920.00,5462,5462.00,247920,247920.00,34329891,34329891.00,8596,8596.00,0,0.00
10932,1,5464,5464.00,5,5.00,62128,62128.00,15718438,15718438.00,9295,9295.00,0,0.00
10936,1,5571,5571.00,47,47.00,60899,60899.00,15509325,15509325.00,10023,10023.00,0,0.00
10947,1,10919,10919.00,5486,5486.00,247594,247594.00,34506886,34506886.00,8902,8902.00,0,0.00
11006,1,10927,10927.00,5459,5459.00,247052,247052.00,35862284,35862284.00,9442,9442.00,2,2.00
11043,2,976,488.00,1056,528.00,302104,151052.00,265302,132651.00,21950,10975.00,74,37.00
11105,1,494,494.00,528,528.00,150934,150934.00,132503,132503.00,10975,10975.00,39,39.00
11119,1,1279,1279.00,262,262.00,149588,149588.00,1090151,1090151.00,6512,6512.00,177,177.00
11130,1,1296,1296.00,264,264.00,149614,149614.00,1090155,1090155.00,6512,6512.00,178,178.00
11160,1,5458,5458.00,40,40.00,65532,65532.00,15521249,15521249.00,10393,10393.00,8,8.00
11318,1,1302,1302.00,261,261.00,149577,149577.00,1090151,1090151.00,6512,6512.00,187,187.00
11354,1,1299,1299.00,262,262.00,149588,149588.00,1090151,1090151.00,6512,6512.00,188,188.00
11373,1,2539,2539.00,563,563.00,203454,203454.00,396083,396083.00,9583,9583.00,17,17.00
11429,1,5646,5646.00,31,31.00,79772,79772.00,15357706,15357706.00,8901,8901.00,0,0.00
11430,1,1307,1307.00,261,261.00,149577,149577.00,1090151,1090151.00,6512,6512.00,192,192.00
11490,1,1614,1614.00,1004,1004.00,557232,557232.00,1030070,1030070.00,9741,9741.00,236,236.00
11515,2,0,0.00,94,47.00,15510,7755.00,0,0.00,7614,3807.00,94,47.00
11708,1,3702,3702.00,1641,1641.00,164165,164165.00,417466,417466.00,0,0.00,0,0.00
11711,1,2434,2434.00,1219,1219.00,524515,524515.00,143925,143925.00,11030,11030.00,0,0.00
11797,1,2541,2541.00,1317,1317.00,524515,524515.00,143925,143925.00,11030,11030.00,0,0.00
11815,1,1332,1332.00,262,262.00,149588,149588.00,1090151,1090151.00,6512,6512.00,209,209.00
11962,1,1346,1346.00,263,263.00,149588,149588.00,1090151,1090151.00,6512,6512.00,216,216.00
12074,1,301,301.00,1008,1008.00,280930,280930.00,343153,343153.00,11432,11432.00,42,42.00
12121,1,966,966.00,528,528.00,150788,150788.00,132651,132651.00,10975,10975.00,47,47.00
12158,1,1335,1335.00,262,262.00,149577,149577.00,1090151,1090151.00,6512,6512.00,223,223.00
12173,1,470,470.00,47,47.00,174981,174981.00,20116,20116.00,0,0.00,47,47.00
12176,1,0,0.00,47,47.00,188,188.00,0,0.00,12035,12035.00,47,47.00
12177,1,186,186.00,1078,1078.00,566901,566901.00,153528,153528.00,11941,11941.00,11,11.00
12241,1,1361,1361.00,264,264.00,149577,149577.00,1090151,1090151.00,6512,6512.00,228,228.00
12380,1,1197,1197.00,379,379.00,61020,61020.00,5703,5703.00,11484,11484.00,0,0.00
12462,1,1378,1378.00,261,261.00,149582,149582.00,1090625,1090625.00,6512,6512.00,239,239.00
12549,1,0,0.00,47,47.00,1190,1190.00,0,0.00,11406,11406.00,47,47.00
12596,1,2162,2162.00,47,47.00,726808,726808.00,249476,249476.00,0,0.00,0,0.00
12598,1,1389,1389.00,262,262.00,149588,149588.00,1090151,1090151.00,6512,6512.00,245,245.00
12709,1,1400,1400.00,263,263.00,149588,149588.00,1090151,1090151.00,6512,6512.00,250,250.00
12737,1,0,0.00,47,47.00,6478,6478.00,0,0.00,6306,6306.00,47,47.00
12779,1,1872,1872.00,143,143.00,286850,286850.00,1167988,1167988.00,10970,10970.00,7,7.00
12880,1,1437,1437.00,261,261.00,152881,152881.00,1077186,1077186.00,6456,6456.00,258,258.00
12883,1,1438,1438.00,262,262.00,152948,152948.00,1077210,1077210.00,6456,6456.00,258,258.00
12884,1,1290,1290.00,262,262.00,149646,149646.00,1090175,1090175.00,6512,6512.00,258,258.00
12894,1,2163,2163.00,564,564.00,203524,203524.00,413379,413379.00,9583,9583.00,136,136.00
13198,1,2465,2465.00,564,564.00,203498,203498.00,423953,423953.00,9583,9583.00,119,119.00
13395,1,0,0.00,47,47.00,1128,1128.00,0,0.00,12314,12314.00,47,47.00
13415,2,7380,3690.00,0,0.00,1001350,500675.00,830070,415035.00,26290,13145.00,720,360.00
13489,1,0,0.00,47,47.00,13536,13536.00,0,0.00,0,0.00,47,47.00
13634,1,798,798.00,1638,1638.00,580017,580017.00,344302,344302.00,11601,11601.00,74,74.00
13724,1,2350,2350.00,47,47.00,776319,776319.00,196667,196667.00,3566,3566.00,0,0.00
13751,1,3827,3827.00,1147,1147.00,240668,240668.00,503968,503968.00,4914,4914.00,6,6.00
13832,1,1462,1462.00,263,263.00,149577,149577.00,1090151,1090151.00,6512,6512.00,300,300.00
13865,2,6956,3478.00,2350,1175.00,679996,339998.00,996071,498035.50,5170,2585.00,0,0.00
13912,1,3243,3243.00,564,564.00,469671,469671.00,589897,589897.00,12643,12643.00,0,0.00
13960,1,3645,3645.00,391,391.00,592297,592297.00,206915,206915.00,1717,1717.00,116,116.00
14429,1,0,0.00,47,47.00,1128,1128.00,0,0.00,13348,13348.00,47,47.00
14523,2,0,0.00,94,47.00,29140,14570.00,0,0.00,0,0.00,94,47.00
14627,1,1521,1521.00,261,261.00,149577,149577.00,1090151,1090151.00,6512,6512.00,337,337.00
14852,1,2538,2538.00,47,47.00,867902,867902.00,353205,353205.00,0,0.00,0,0.00
14862,1,1065,1065.00,534,534.00,556028,556028.00,1253927,1253927.00,13858,13858.00,645,645.00
14975,1,1101,1101.00,530,530.00,518005,518005.00,1336525,1336525.00,14058,14058.00,661,661.00
14976,1,1103,1103.00,532,532.00,577705,577705.00,1328382,1328382.00,14048,14048.00,661,661.00
15033,1,1043,1043.00,528,528.00,529508,529508.00,1263388,1263388.00,14122,14122.00,661,661.00
15041,1,1100,1100.00,529,529.00,499689,499689.00,1334184,1334184.00,14115,14115.00,665,665.00
15182,1,1099,1099.00,528,528.00,575666,575666.00,1325951,1325951.00,14086,14086.00,673,673.00
15419,104,801736,7709.00,104,1.00,8964402,86196.17,2340916096,22508808.62,1457450,14013.94,0,0.00
15420,39,300722,7710.82,81,2.08,3376209,86569.46,893059896,22898971.69,531991,13640.79,0,0.00
15421,4,30851,7712.75,13,3.25,344368,86092.00,89197160,22299290.00,56472,14118.00,0,0.00
15422,86,663107,7710.55,177,2.06,7423889,86324.29,1955164306,22734468.67,1195198,13897.65,0,0.00
15423,146,2058875,14101.88,933107,6391.14,44324023,303589.20,6737798855,46149307.23,2028401,13893.16,0,0.00
15424,40,586126,14653.15,277653,6941.32,12894684,322367.10,1943850310,48596257.75,551551,13788.77,0,0.00
15425,18,200533,11140.72,61740,3430.00,3653181,202954.50,633113011,35172945.06,248085,13782.50,0,0.00
15426,68,1002544,14743.29,478171,7031.93,22122471,325330.46,3289526024,48375382.71,946709,13922.19,0,0.00
15427,26,401072,15425.85,200540,7713.08,9066465,348710.19,1320931055,50805040.58,355529,13674.19,0,0.00
15428,7,69419,9917.00,15453,2207.57,1129712,161387.43,214301721,30614531.57,96248,13749.71,0,0.00
15429,18,277658,15425.44,138840,7713.33,6271423,348412.39,924274422,51348579.00,251717,13984.28,0,0.00
15430,3,46282,15427.33,23142,7714.00,1048282,349427.33,155612532,51870844.00,38897,12965.67,0,0.00
15431,2,30856,15428.00,15430,7715.00,697212,348606.00,98855524,49427762.00,27572,13786.00,0,0.00
15432,5,61966,12393.20,31886,6377.20,2030358,406071.60,205302817,41060563.40,69258,13851.60,10,2.00
15435,1,15422,15422.00,7723,7723.00,348138,348138.00,49325480,49325480.00,14226,14226.00,0,0.00
15436,1,15432,15432.00,7717,7717.00,349016,349016.00,50110202,50110202.00,13404,13404.00,0,0.00
15438,1,7709,7709.00,20,20.00,84969,84969.00,23369956,23369956.00,15241,15241.00,0,0.00
15439,1,15490,15490.00,7739,7739.00,348358,348358.00,49241992,49241992.00,14032,14032.00,0,0.00
15441,1,15427,15427.00,7725,7725.00,349044,349044.00,50300502,50300502.00,13349,13349.00,0,0.00
15446,1,2662,2662.00,1517,1517.00,626469,626469.00,2197382,2197382.00,9980,9980.00,239,239.00
15448,1,2245,2245.00,561,561.00,327006,327006.00,683756,683756.00,15401,15401.00,0,0.00
15450,1,1129,1129.00,529,529.00,622837,622837.00,1422172,1422172.00,14538,14538.00,661,661.00
15452,4,8991,2247.75,2252,563.00,1308126,327031.50,2787334,696833.50,61604,15401.00,0,0.00
15523,1,1128,1128.00,529,529.00,628993,628993.00,1429157,1429157.00,14557,14557.00,665,665.00
15557,1,0,0.00,47,47.00,10332,10332.00,0,0.00,5272,5272.00,47,47.00
15599,1,15510,15510.00,7713,7713.00,347954,347954.00,53374110,53374110.00,15378,15378.00,0,0.00
15626,2,8975,4487.50,542,271.00,543497,271748.50,23861278,11930639.00,28139,14069.50,692,346.00
15633,1,7788,7788.00,15,15.00,92827,92827.00,21934621,21934621.00,14225,14225.00,0,0.00
15648,1,7712,7712.00,53,53.00,89773,89773.00,22475087,22475087.00,13261,13261.00,8,8.00
15675,1,1191,1191.00,528,528.00,451624,451624.00,1521134,1521134.00,14837,14837.00,695,695.00
15677,1,15507,15507.00,7741,7741.00,352324,352324.00,49290930,49290930.00,14158,14158.00,0,0.00
15704,91,207207,2277.00,51051,561.00,30619548,336478.55,69028052,758550.02,1424651,15655.51,0,0.00
15705,39,88875,2278.85,21924,562.15,13122878,336484.05,29920197,767184.54,610628,15657.13,0,0.00
15706,8,18252,2281.50,4506,563.25,2691860,336482.50,5978815,747351.88,125262,15657.75,0,0.00
15707,61,138992,2278.56,34285,562.05,20525712,336487.08,45884406,752203.38,954925,15654.51,0,0.00
15708,23,52457,2280.74,12954,563.22,7738993,336477.96,17239954,749563.22,360126,15657.65,0,0.00
15709,5,11404,2280.80,2828,565.60,1683334,336666.80,3934558,786911.60,77665,15533.00,0,0.00
15710,36,82090,2280.28,20275,563.19,12114833,336523.14,27092495,752569.31,563036,15639.89,0,0.00
15711,9,20539,2282.11,5075,563.89,3028693,336521.44,6796752,755194.67,140923,15658.11,0,0.00
15712,2,4562,2281.00,1129,564.50,672985,336492.50,1526062,763031.00,31315,15657.50,0,0.00
15713,1,2281,2281.00,563,563.00,336511,336511.00,772756,772756.00,15657,15657.00,0,0.00
15714,4,9129,2282.25,2260,565.00,1346022,336505.50,2967413,741853.25,62626,15656.50,0,0.00
15715,2,4566,2283.00,1130,565.00,673103,336551.50,1523680,761840.00,31315,15657.50,0,0.00
15718,1,2284,2284.00,566,566.00,336622,336622.00,843075,843075.00,15657,15657.00,0,0.00
15719,1,2286,2286.00,567,567.00,336630,336630.00,800339,800339.00,15659,15659.00,0,0.00
15728,1,2282,2282.00,561,561.00,336493,336493.00,774534,774534.00,15658,15658.00,0,0.00
15735,1,2297,2297.00,579,579.00,336828,336828.00,752698,752698.00,15659,15659.00,0,0.00
15736,3,6842,2280.67,1684,561.33,1009404,336468.00,2284966,761655.33,46971,15657.00,3,1.00
15737,1,2280,2280.00,561,561.00,336392,336392.00,745382,745382.00,15657,15657.00,1,1.00
15738,1,2280,2280.00,561,561.00,336439,336439.00,708162,708162.00,15656,15656.00,1,1.00
15739,1,2282,2282.00,563,563.00,336419,336419.00,759318,759318.00,15657,15657.00,1,1.00
15740,2,10014,5007.00,568,284.00,421603,210801.50,23933761,11966880.50,30804,15402.00,5,2.50
15748,1,2305,2305.00,568,568.00,338654,338654.00,774915,774915.00,15658,15658.00,0,0.00
15765,1,2327,2327.00,575,575.00,340285,340285.00,774678,774678.00,15658,15658.00,0,0.00
15794,1,1264,1264.00,532,532.00,676009,676009.00,1571768,1571768.00,14620,14620.00,692,692.00
15799,1,2326,2326.00,609,609.00,337744,337744.00,756745,756745.00,15659,15659.00,0,0.00
15823,1,2316,2316.00,576,576.00,338325,338325.00,714746,714746.00,15656,15656.00,0,0.00
15980,1,2726,2726.00,47,47.00,908019,908019.00,238936,238936.00,7366,7366.00,0,0.00
16098,1,4428,4428.00,0,0.00,600810,600810.00,498042,498042.00,15774,15774.00,432,432.00
16117,1,2451,2451.00,561,561.00,336469,336469.00,768239,768239.00,15657,15657.00,7,7.00
16172,1,2482,2482.00,562,562.00,336434,336434.00,758379,758379.00,15657,15657.00,6,6.00
16215,1,0,0.00,47,47.00,16262,16262.00,0,0.00,0,0.00,47,47.00
16255,1,2524,2524.00,563,563.00,336415,336415.00,738290,738290.00,15657,15657.00,5,5.00
16258,1,2523,2523.00,561,561.00,336405,336405.00,758233,758233.00,15657,15657.00,5,5.00
16274,1,2519,2519.00,561,561.00,336427,336427.00,704386,704386.00,15658,15658.00,6,6.00
16277,1,2520,2520.00,561,561.00,336454,336454.00,708302,708302.00,15656,15656.00,6,6.00
16279,1,2520,2520.00,561,561.00,336462,336462.00,730120,730120.00,15658,15658.00,6,6.00
16282,1,2535,2535.00,561,561.00,336436,336436.00,758200,758200.00,15657,15657.00,5,5.00
16283,1,2537,2537.00,562,562.00,336436,336436.00,758200,758200.00,15657,15657.00,5,5.00
16289,1,2538,2538.00,561,561.00,336423,336423.00,762162,762162.00,15657,15657.00,5,5.00
16303,1,2521,2521.00,562,562.00,336477,336477.00,763511,763511.00,15657,15657.00,8,8.00
16309,1,0,0.00,47,47.00,1128,1128.00,0,0.00,15228,15228.00,47,47.00
16311,1,2524,2524.00,561,561.00,336462,336462.00,707863,707863.00,15656,15656.00,7,7.00
16312,1,2538,2538.00,561,561.00,336436,336436.00,758200,758200.00,15657,15657.00,6,6.00
16313,1,2537,2537.00,561,561.00,336424,336424.00,750532,750532.00,15657,15657.00,6,6.00
16316,1,2538,2538.00,563,563.00,336469,336469.00,769036,769036.00,15657,15657.00,7,7.00
16321,1,2544,2544.00,562,562.00,336468,336468.00,786616,786616.00,15657,15657.00,6,6.00
16322,1,2545,2545.00,564,564.00,336453,336453.00,784698,784698.00,15657,15657.00,6,6.00
16346,1,2541,2541.00,561,561.00,336436,336436.00,758200,758200.00,15657,15657.00,7,7.00
16882,1,2780,2780.00,561,561.00,336419,336419.00,754632,754632.00,15657,15657.00,12,12.00
16893,1,2799,2799.00,562,562.00,336449,336449.00,758202,758202.00,15657,15657.00,11,11.00
16906,1,2792,2792.00,561,561.00,336420,336420.00,772409,772409.00,15657,15657.00,12,12.00
17108,1,2914,2914.00,47,47.00,1008996,1008996.00,475170,475170.00,0,0.00,0,0.00
17155,1,0,0.00,47,47.00,17202,17202.00,0,0.00,0,0.00,47,47.00
17343,1,0,0.00,47,47.00,2168,2168.00,0,0.00,15222,15222.00,47,47.00
17777,1,3320,3320.00,1126,1126.00,364219,364219.00,2960791,2960791.00,17019,17019.00,0,0.00
17897,1,314,314.00,708,708.00,44045,44045.00,1767,1767.00,9205,9205.00,51,51.00
18074,1,6482,6482.00,262,262.00,209469,209469.00,16612209,16612209.00,16912,16912.00,0,0.00
18165,1,1590,1590.00,528,528.00,958482,958482.00,6360105,6360105.00,11590,11590.00,5742,5742.00
18189,1,0,0.00,47,47.00,4550,4550.00,0,0.00,13686,13686.00,47,47.00
18236,2,6204,3102.00,94,47.00,2159086,1079543.00,1085982,542991.00,0,0.00,0,0.00
18283,1,0,0.00,47,47.00,2068,2068.00,0,0.00,16262,16262.00,47,47.00
18471,1,0,0.00,47,47.00,2236,2236.00,0,0.00,16282,16282.00,47,47.00
18540,1,7592,7592.00,1796,1796.00,1186549,1186549.00,413830,413830.00,3434,3434.00,0,0.00
18630,1,7774,7774.00,1978,1978.00,1186549,1186549.00,413830,413830.00,3434,3434.00,0,0.00
18635,1,2358,2358.00,1739,1739.00,392953,392953.00,674131,674131.00,12182,12182.00,42,42.00
18781,1,5166,5166.00,0,0.00,700945,700945.00,581049,581049.00,18403,18403.00,504,504.00
18784,1,5168,5168.00,1,1.00,700957,700957.00,581050,581050.00,18403,18403.00,504,504.00
19035,1,0,0.00,47,47.00,2068,2068.00,0,0.00,17014,17014.00,47,47.00
19185,1,2740,2740.00,564,564.00,336495,336495.00,784386,784386.00,15657,15657.00,136,136.00
19223,1,0,0.00,47,47.00,19270,19270.00,0,0.00,0,0.00,47,47.00
19364,1,3290,3290.00,47,47.00,1126666,1126666.00,385198,385198.00,6238,6238.00,0,0.00
19462,1,2800,2800.00,561,561.00,336428,336428.00,763957,763957.00,15657,15657.00,143,143.00
19802,1,1884,1884.00,529,529.00,868214,868214.00,6787930,6787930.00,14121,14121.00,5605,5605.00
19805,1,1886,1886.00,530,530.00,1038097,1038097.00,6748288,6748288.00,13779,13779.00,5605,5605.00
19832,1,1887,1887.00,529,529.00,1038085,1038085.00,6748287,6748287.00,13779,13779.00,5606,5606.00
19851,1,1017,1017.00,531,531.00,756572,756572.00,3143009,3143009.00,19270,19270.00,419,419.00
19862,1,1892,1892.00,529,529.00,1038087,1038087.00,6748289,6748289.00,13779,13779.00,5607,5607.00
19985,1,3955,3955.00,1297,1297.00,411063,411063.00,1473678,1473678.00,19065,19065.00,0,0.00
20069,1,0,0.00,47,47.00,2068,2068.00,0,0.00,18048,18048.00,47,47.00
20076,1,1553,1553.00,1028,1028.00,1023660,1023660.00,5203916,5203916.00,14320,14320.00,5140,5140.00
20163,1,0,0.00,47,47.00,20210,20210.00,0,0.00,0,0.00,47,47.00
20407,1,2144,2144.00,528,528.00,1038074,1038074.00,6748287,6748287.00,13779,13779.00,5611,5611.00
20412,1,2149,2149.00,530,530.00,1038087,1038087.00,6748289,6748289.00,13779,13779.00,5611,5611.00
20443,1,2155,2155.00,531,531.00,1032034,1032034.00,6765700,6765700.00,13779,13779.00,5612,5612.00
20491,1,3831,3831.00,1122,1122.00,412826,412826.00,903650,903650.00,16399,16399.00,0,0.00
20492,1,3478,3478.00,47,47.00,1220637,1220637.00,692310,692310.00,0,0.00,0,0.00
20493,1,3832,3832.00,1123,1123.00,413125,413125.00,923612,923612.00,16124,16124.00,0,0.00
20506,1,2157,2157.00,530,530.00,1038098,1038098.00,6748289,6748289.00,13779,13779.00,5614,5614.00
20568,1,2186,2186.00,529,529.00,936160,936160.00,7206601,7206601.00,14821,14821.00,5607,5607.00
20743,1,1892,1892.00,529,529.00,1092398,1092398.00,7464548,7464548.00,14358,14358.00,5926,5926.00
20859,1,2441,2441.00,529,529.00,930417,930417.00,7179457,7179457.00,14601,14601.00,5610,5610.00
21009,1,0,0.00,47,47.00,10619,10619.00,0,0.00,10437,10437.00,47,47.00
21053,1,513,513.00,1004,1004.00,894260,894260.00,3746852,3746852.00,15595,15595.00,4970,4970.00
21103,1,0,0.00,47,47.00,2068,2068.00,0,0.00,19082,19082.00,47,47.00
21191,1,2028,2028.00,530,530.00,1137505,1137505.00,7708590,7708590.00,14765,14765.00,5927,5927.00
21385,1,376,376.00,47,47.00,116748,116748.00,6110,6110.00,20680,20680.00,235,235.00
21484,1,2665,2665.00,530,530.00,955531,955531.00,7342941,7342941.00,14632,14632.00,5616,5616.00
21620,1,3666,3666.00,47,47.00,1291184,1291184.00,773808,773808.00,0,0.00,0,0.00
21651,1,2511,2511.00,528,528.00,904549,904549.00,7025616,7025616.00,14770,14770.00,5619,5619.00
21855,1,0,0.00,47,47.00,2068,2068.00,0,0.00,19834,19834.00,47,47.00
21866,1,2445,2445.00,528,528.00,1185017,1185017.00,7887730,7887730.00,14926,14926.00,5930,5930.00
21949,1,0,0.00,47,47.00,21996,21996.00,0,0.00,0,0.00,47,47.00
22134,1,2537,2537.00,528,528.00,1151571,1151571.00,7715945,7715945.00,14612,14612.00,5936,5936.00
22331,1,1812,1812.00,158,158.00,21464,21464.00,1005,1005.00,0,0.00,178,178.00
22535,1,1014,1014.00,528,528.00,835373,835373.00,3099223,3099223.00,21658,21658.00,419,419.00
22541,1,1018,1018.00,530,530.00,836506,836506.00,3117973,3117973.00,21354,21354.00,419,419.00
22542,1,1018,1018.00,531,531.00,830651,830651.00,3124755,3124755.00,21354,21354.00,419,419.00
22889,1,3901,3901.00,47,47.00,1306135,1306135.00,605628,605628.00,16564,16564.00,0,0.00
23219,1,6036,6036.00,564,564.00,380519,380519.00,10751677,10751677.00,20462,20462.00,0,0.00
23650,1,5121,5121.00,1700,1700.00,472096,472096.00,1388918,1388918.00,22769,22769.00,6,6.00
24017,1,4089,4089.00,47,47.00,1435991,1435991.00,970597,970597.00,0,0.00,0,0.00
24058,1,1771,1771.00,531,531.00,1128884,1128884.00,7448355,7448355.00,17720,17720.00,5799,5799.00
24064,1,2961,2961.00,611,611.00,1066571,1066571.00,367117,367117.00,22842,22842.00,0,0.00
24111,1,0,0.00,47,47.00,1128,1128.00,0,0.00,23030,23030.00,47,47.00
24651,1,2056,2056.00,532,532.00,999424,999424.00,6798240,6798240.00,16849,16849.00,5808,5808.00
24667,1,2092,2092.00,530,530.00,1205237,1205237.00,7876453,7876453.00,18355,18355.00,5798,5798.00
24735,1,2082,2082.00,530,530.00,1080761,1080761.00,7265824,7265824.00,17857,17857.00,5817,5817.00
24761,1,2266,2266.00,528,528.00,942473,942473.00,7498252,7498252.00,18246,18246.00,5797,5797.00
25145,1,4277,4277.00,47,47.00,1491166,1491166.00,905521,905521.00,2806,2806.00,0,0.00
25311,1,2511,2511.00,528,528.00,943907,943907.00,7499064,7499064.00,18246,18246.00,5802,5802.00
25318,1,2344,2344.00,530,530.00,1080750,1080750.00,7265824,7265824.00,17857,17857.00,5822,5822.00
25390,1,2507,2507.00,529,529.00,1042907,1042907.00,8144353,8144353.00,18860,18860.00,5803,5803.00
25407,1,2495,2495.00,587,587.00,1081771,1081771.00,7264269,7264269.00,17857,17857.00,5824,5824.00
25474,1,9541,9541.00,1457,1457.00,1731715,1731715.00,338212,338212.00,24346,24346.00,0,0.00
26158,1,1699,1699.00,530,530.00,1222607,1222607.00,4627553,4627553.00,25300,25300.00,547,547.00
26159,2,3399,1699.50,1064,532.00,2440864,1220432.00,9254966,4627483.00,50479,25239.50,1094,547.00
26169,1,1704,1704.00,532,532.00,1234094,1234094.00,4609441,4609441.00,25348,25348.00,547,547.00
26179,1,4136,4136.00,1692,1692.00,4062210,4062210.00,572178,572178.00,17860,17860.00,0,0.00
26273,1,4465,4465.00,47,47.00,1529595,1529595.00,646994,646994.00,12706,12706.00,0,0.00
26367,1,282,282.00,282,282.00,416326,416326.00,71017,71017.00,26179,26179.00,47,47.00
26411,1,1648,1648.00,528,528.00,1158391,1158391.00,7103198,7103198.00,20938,20938.00,5413,5413.00
26413,1,1651,1651.00,530,530.00,1158391,1158391.00,7103198,7103198.00,20938,20938.00,5413,5413.00
26415,1,1651,1651.00,530,530.00,1180279,1180279.00,7093335,7093335.00,20938,20938.00,5413,5413.00
26452,1,3020,3020.00,528,528.00,943965,943965.00,7507560,7507560.00,18316,18316.00,5812,5812.00
26453,1,1786,1786.00,529,529.00,998553,998553.00,6802311,6802311.00,16849,16849.00,5920,5920.00
26490,1,1858,1858.00,529,529.00,998552,998552.00,6802310,6802310.00,16849,16849.00,5920,5920.00
26706,1,6362,6362.00,2182,2182.00,504172,504172.00,3279757,3279757.00,17020,17020.00,0,0.00
26720,1,1261,1261.00,744,744.00,1028400,1028400.00,178083,178083.00,14740,14740.00,50,50.00
27401,1,4653,4653.00,47,47.00,1647632,1647632.00,1283476,1283476.00,0,0.00,0,0.00
27677,1,1802,1802.00,528,528.00,1208336,1208336.00,5303101,5303101.00,26651,26651.00,577,577.00
27680,2,3608,1804.00,1059,529.50,2399487,1199743.50,10577075,5288537.50,53186,26593.00,1154,577.00
27681,2,3610,1805.00,1060,530.00,2406583,1203291.50,10573932,5286966.00,53162,26581.00,1154,577.00
27683,1,1804,1804.00,531,531.00,1180096,1180096.00,5274434,5274434.00,26964,26964.00,577,577.00
27721,5,9000,1800.00,2640,528.00,6090700,1218140.00,26211530,5242306.00,133189,26637.80,2895,579.00
27722,2,3604,1802.00,1058,529.00,2383658,1191829.00,10539116,5269558.00,53508,26754.00,1158,579.00
27723,1,1806,1806.00,531,531.00,1215289,1215289.00,5268891,5268891.00,26796,26796.00,579,579.00
27724,7,12616,1802.29,3706,529.43,8470566,1210080.86,36731098,5247299.71,186380,26625.71,4053,579.00
27725,4,7214,1803.50,2123,530.75,4815770,1203942.50,20998276,5249569.00,106886,26721.50,2316,579.00
27726,1,1803,1803.00,529,529.00,1185190,1185190.00,5257888,5257888.00,27099,27099.00,579,579.00
27727,2,3604,1802.00,1060,530.00,2428922,1214461.00,10500245,5250122.50,53564,26782.00,1158,579.00
27731,1,1805,1805.00,532,532.00,1243757,1243757.00,5231832,5231832.00,26799,26799.00,579,579.00
27754,1,1820,1820.00,535,535.00,1230560,1230560.00,5248753,5248753.00,26796,26796.00,579,579.00
28751,1,7179,7179.00,1871,1871.00,575576,575576.00,2023971,2023971.00,26375,26375.00,0,0.00
29327,1,1715,1715.00,530,530.00,1182694,1182694.00,7292690,7292690.00,23738,23738.00,5413,5413.00
29329,2,3429,1714.50,1060,530.00,2372679,1186339.50,14608617,7304308.50,47476,23738.00,10826,5413.00
29333,1,1716,1716.00,530,530.00,1183022,1183022.00,7368833,7368833.00,23741,23741.00,5413,5413.00
29518,1,1715,1715.00,529,529.00,1180002,1180002.00,7319775,7319775.00,23923,23923.00,5413,5413.00
30459,1,5777,5777.00,1272,1272.00,640107,640107.00,2489448,2489448.00,23489,23489.00,2,2.00
31637,1,4553,4553.00,1162,1162.00,662985,662985.00,1966682,1966682.00,31058,31058.00,8,8.00
31757,1,2142,2142.00,40,40.00,2543791,2543791.00,3213692,3213692.00,29745,29745.00,771,771.00
32196,1,8856,8856.00,0,0.00,1201620,1201620.00,996084,996084.00,31548,31548.00,864,864.00
32713,1,5509,5509.00,1704,1704.00,673587,673587.00,3714556,3714556.00,32423,32423.00,0,0.00
33568,2,3935,1967.50,1061,530.50,2662416,1331208.00,13890032,6945016.00,64560,32280.00,1346,673.00
33569,1,1807,1807.00,530,530.00,1336336,1336336.00,6764045,6764045.00,32166,32166.00,673,673.00
33571,1,1966,1966.00,530,530.00,1364427,1364427.00,6944082,6944082.00,32086,32086.00,673,673.00
33609,1,1960,1960.00,528,528.00,1299562,1299562.00,6896771,6896771.00,32165,32165.00,675,675.00
33611,1,1802,1802.00,530,530.00,1294172,1294172.00,6706920,6706920.00,32380,32380.00,675,675.00
33612,4,7688,1922.00,2116,529.00,5248527,1312131.75,27363847,6840961.75,130045,32511.25,2700,675.00
33615,3,5574,1858.00,1590,530.00,3964319,1321439.67,20252837,6750945.67,97085,32361.67,2025,675.00
33618,1,1804,1804.00,531,531.00,1316628,1316628.00,6695123,6695123.00,32380,32380.00,675,675.00
33726,1,1827,1827.00,536,536.00,1320792,1320792.00,6690781,6690781.00,32214,32214.00,675,675.00
33939,1,1805,1805.00,532,532.00,1284823,1284823.00,6730610,6730610.00,32806,32806.00,675,675.00
34341,1,1802,1802.00,528,528.00,1303143,1303143.00,6748870,6748870.00,32806,32806.00,735,735.00
34347,2,3610,1805.00,1060,530.00,2644775,1322387.50,13432029,6716014.50,65749,32874.50,1470,735.00
34444,1,1803,1803.00,530,530.00,1291172,1291172.00,6730659,6730659.00,33046,33046.00,739,739.00
34447,1,1802,1802.00,530,530.00,1319571,1319571.00,6701120,6701120.00,33047,33047.00,739,739.00
34761,1,1762,1762.00,528,528.00,1281294,1281294.00,7690598,7690598.00,33561,33561.00,739,739.00
36125,1,6789,6789.00,1961,1961.00,706804,706804.00,2856450,2856450.00,26561,26561.00,5,5.00
36228,1,2942,2942.00,541,541.00,1538288,1538288.00,11625120,11625120.00,30229,30229.00,5861,5861.00
37545,1,2702,2702.00,530,530.00,1714259,1714259.00,9947752,9947752.00,35969,35969.00,835,835.00
38313,1,67562,67562.00,33547,33547.00,86139,86139.00,140362,140362.00,613,613.00,0,0.00
38587,1,4935,4935.00,47,47.00,1371098,1371098.00,1522589,1522589.00,34263,34263.00,0,0.00
40592,2,5988,2994.00,1058,529.00,3098185,1549092.50,22194347,11097173.50,68844,34422.00,11082,5541.00
40596,1,3156,3156.00,531,531.00,1633360,1633360.00,11216402,11216402.00,34454,34454.00,5541,5541.00
42017,1,5299,5299.00,1125,1125.00,734321,734321.00,201495,201495.00,15442,15442.00,600,600.00
45038,1,16959,16959.00,2465,2465.00,2963831,2963831.00,1034575,1034575.00,8585,8585.00,0,0.00
45090,1,2699,2699.00,529,529.00,1751780,1751780.00,12001655,12001655.00,43260,43260.00,931,931.00
45091,1,2696,2696.00,528,528.00,1751767,1751767.00,12001653,12001653.00,43260,43260.00,931,931.00
45535,1,2696,2696.00,528,528.00,1729245,1729245.00,11987263,11987263.00,44557,44557.00,931,931.00
45603,1,4400,4400.00,528,528.00,1928204,1928204.00,15785087,15785087.00,39681,39681.00,5669,5669.00
45606,1,4401,4401.00,529,529.00,1928267,1928267.00,15785099,15785099.00,39681,39681.00,5669,5669.00
45607,1,4403,4403.00,530,530.00,1933396,1933396.00,15782862,15782862.00,39683,39683.00,5669,5669.00
45608,1,4404,4404.00,531,531.00,1935646,1935646.00,15808596,15808596.00,39681,39681.00,5669,5669.00
45665,1,4432,4432.00,559,559.00,1953450,1953450.00,15785234,15785234.00,39683,39683.00,5669,5669.00
46217,1,17460,17460.00,2622,2622.00,3038338,3038338.00,1051711,1051711.00,9621,9621.00,0,0.00
46248,1,4277,4277.00,1316,1316.00,225600,225600.00,18941,18941.00,45684,45684.00,0,0.00
46407,1,2705,2705.00,530,530.00,1770799,1770799.00,11982062,11982062.00,44731,44731.00,1055,1055.00
47302,1,2701,2701.00,529,529.00,1716107,1716107.00,12037172,12037172.00,45800,45800.00,1055,1055.00
47391,3,8088,2696.00,1584,528.00,5146161,1715387.00,36112656,12037552.00,137688,45896.00,3177,1059.00
47392,3,8093,2697.67,1587,529.00,5146161,1715387.00,36112656,12037552.00,137688,45896.00,3177,1059.00
47394,3,8091,2697.00,1587,529.00,5146194,1715398.00,36112656,12037552.00,137688,45896.00,3177,1059.00
47395,1,2700,2700.00,530,530.00,1715400,1715400.00,12037554,12037554.00,45896,45896.00,1059,1059.00
47398,2,5402,2701.00,1062,531.00,3430820,1715410.00,24075106,12037553.00,91792,45896.00,2118,1059.00
47400,1,2700,2700.00,531,531.00,1715421,1715421.00,12037553,12037553.00,45896,45896.00,1059,1059.00
47410,1,2703,2703.00,531,531.00,1716119,1716119.00,12037553,12037553.00,45896,45896.00,1059,1059.00
47411,1,2697,2697.00,528,528.00,1715387,1715387.00,12037552,12037552.00,45896,45896.00,1059,1059.00
47583,1,3704,3704.00,528,528.00,2069987,2069987.00,16529086,16529086.00,46193,46193.00,1091,1091.00
47584,2,7412,3706.00,1058,529.00,4182099,2091049.50,33053383,16526691.50,92543,46271.50,2182,1091.00
47586,2,7412,3706.00,1058,529.00,4229158,2114579.00,33032230,16516115.00,91783,45891.50,2182,1091.00
47589,2,7416,3708.00,1060,530.00,4163511,2081755.50,33066932,16533466.00,92306,46153.00,2182,1091.00
49631,5,17940,3588.00,2640,528.00,10776051,2155210.20,104119663,20823932.60,238974,47794.80,6255,1251.00
49633,1,3588,3588.00,528,528.00,2141943,2141943.00,20804972,20804972.00,48130,48130.00,1251,1251.00
49634,3,10771,3590.33,1587,529.00,6395487,2131829.00,62517611,20839203.67,143601,47867.00,3753,1251.00
49635,3,10788,3596.00,1592,530.67,6395127,2131709.00,62462380,20820793.33,144112,48037.33,3753,1251.00
50403,1,6578,6578.00,1677,1677.00,629418,629418.00,172710,172710.00,13236,13236.00,840,840.00
51878,2,9252,4626.00,1058,529.00,4037902,2018951.00,32178433,16089216.50,91261,45630.50,11338,5669.00
51879,1,4627,4627.00,530,530.00,2000027,2000027.00,16094576,16094576.00,45630,45630.00,5669,5669.00
51881,1,4628,4628.00,530,530.00,2000040,2000040.00,16094578,16094578.00,45630,45630.00,5669,5669.00
55182,1,20806,20806.00,3064,3064.00,3630635,3630635.00,1258626,1258626.00,11338,11338.00,0,0.00
55331,1,5936,5936.00,528,528.00,2372491,2372491.00,21521446,21521446.00,48914,48914.00,5797,5797.00
55332,1,5938,5938.00,529,529.00,2395274,2395274.00,21477222,21477222.00,48935,48935.00,5797,5797.00
55333,1,5939,5939.00,530,530.00,2357875,2357875.00,21545889,21545889.00,49487,49487.00,5797,5797.00
55334,3,17813,5937.67,1587,529.00,7109623,2369874.33,64571627,21523875.67,147910,49303.33,17391,5797.00
55337,1,5938,5938.00,530,530.00,2395119,2395119.00,21476820,21476820.00,48936,48936.00,5797,5797.00
55338,1,5941,5941.00,531,531.00,2346634,2346634.00,21526568,21526568.00,49490,49490.00,5797,5797.00
56813,1,4449,4449.00,145,145.00,69983,69983.00,87861,87861.00,1883,1883.00,445,445.00
57764,1,4401,4401.00,529,529.00,2025026,2025026.00,16765342,16765342.00,51192,51192.00,5989,5989.00
58143,1,8428,8428.00,8540,8540.00,4523916,4523916.00,1269508,1269508.00,54862,54862.00,427,427.00
62819,2,11872,5936.00,1056,528.00,4805372,2402686.00,43043368,21521684.00,112644,56322.00,11594,5797.00
62820,1,5938,5938.00,529,529.00,2390737,2390737.00,21521441,21521441.00,56322,56322.00,5797,5797.00
62822,6,35626,5937.67,3174,529.00,14402889,2400481.50,129127757,21521292.83,337932,56322.00,34782,5797.00
62825,4,23754,5938.50,2120,530.00,9605865,2401466.25,86080271,21520067.75,225288,56322.00,23188,5797.00
62826,1,5940,5940.00,531,531.00,2401088,2401088.00,21519652,21519652.00,56322,56322.00,5797,5797.00
63253,1,13059,13059.00,3573,3573.00,1231802,1231802.00,3370400,3370400.00,33984,33984.00,0,0.00
63395,2,12448,6224.00,1056,528.00,4866455,2433227.50,43918604,21959302.00,114720,57360.00,11594,5797.00
63397,2,12456,6228.00,1060,530.00,4873022,2436511.00,43911648,21955824.00,114720,57360.00,11594,5797.00
63398,7,43579,6225.57,3703,529.00,17053501,2436214.43,153698424,21956917.71,401520,57360.00,40579,5797.00
63399,2,12455,6227.50,1061,530.50,4873047,2436523.50,43911649,21955824.50,114720,57360.00,11594,5797.00
63400,1,4236,4236.00,44,44.00,5086744,5086744.00,6427314,6427314.00,59490,59490.00,1542,1542.00
63401,4,24906,6226.50,2120,530.00,9748187,2437046.75,87824886,21956221.50,229440,57360.00,23188,5797.00
63402,1,6227,6227.00,531,531.00,2436533,2436533.00,21955824,21955824.00,57360,57360.00,5797,5797.00
63454,1,4258,4258.00,64,64.00,5087052,5087052.00,6427374,6427374.00,59490,59490.00,1542,1542.00
64863,1,4280,4280.00,528,528.00,2250975,2250975.00,20146879,20146879.00,63514,63514.00,1187,1187.00
65315,7,70228,10032.57,6634,947.71,21295680,3042240.00,171655659,24522237.00,367589,52512.71,35550,5078.57
65316,2,15204,7602.00,1058,529.00,5685413,2842706.50,56712967,28356483.50,117660,58830.00,11850,5925.00
65319,1,7602,7602.00,530,530.00,2829607,2829607.00,28361879,28361879.00,58830,58830.00,5925,5925.00
65322,1,7603,7603.00,531,531.00,2826965,2826965.00,28360507,28360507.00,58830,58830.00,5925,5925.00
66057,1,24937,24937.00,3781,3781.00,4336061,4336061.00,1491245,1491245.00,14609,14609.00,0,0.00
71206,1,3710,3710.00,531,531.00,2286173,2286173.00,25367411,25367411.00,68746,68746.00,1539,1539.00
71694,1,3713,3713.00,529,529.00,2327984,2327984.00,25360951,25360951.00,69175,69175.00,1599,1599.00
74467,1,7600,7600.00,528,528.00,2876874,2876874.00,28341393,28341393.00,67916,67916.00,5925,5925.00
74473,1,7604,7604.00,530,530.00,2894461,2894461.00,28350142,28350142.00,67916,67916.00,5925,5925.00
80906,1,6193,6193.00,130,130.00,170653,170653.00,95768,95768.00,2104,2104.00,623,623.00
83301,1,6066,6066.00,530,530.00,3181329,3181329.00,39822374,39822374.00,80870,80870.00,1827,1827.00
84788,1,7003,7003.00,1269,1269.00,3577644,3577644.00,1086593,1086593.00,61899,61899.00,141,141.00
84837,1,10977,10977.00,10088,10088.00,5054329,5054329.00,2400135,2400135.00,81633,81633.00,101,101.00
85413,1,5184,5184.00,530,530.00,2802542,2802542.00,37020180,37020180.00,83038,83038.00,1859,1859.00
85779,1,5186,5186.00,528,528.00,2862894,2862894.00,37030203,37030203.00,82898,82898.00,1919,1919.00
86371,12,112704,9392.00,6336,528.00,40413714,3367809.50,437009471,36417455.92,957238,79769.83,72636,6053.00
86372,4,37573,9393.25,2116,529.00,13469898,3367474.50,145662623,36415655.75,319084,79771.00,24212,6053.00
86374,1,9395,9395.00,529,529.00,3367560,3367560.00,36415327,36415327.00,79771,79771.00,6053,6053.00
87009,1,9647,9647.00,529,529.00,3367311,3367311.00,36415341,36415341.00,79771,79771.00,6060,6060.00
87749,1,21949,21949.00,7332,7332.00,2217319,2217319.00,24622830,24622830.00,0,0.00,0,0.00
88128,1,10127,10127.00,528,528.00,3366244,3366244.00,36417282,36417282.00,79771,79771.00,6072,6072.00
88579,1,10358,10358.00,528,528.00,3368142,3368142.00,36418563,36418563.00,79771,79771.00,6074,6074.00
88824,1,10015,10015.00,1436,1436.00,734321,734321.00,201495,201495.00,15442,15442.00,1680,1680.00
89237,1,10607,10607.00,528,528.00,3368019,3368019.00,36414252,36414252.00,79771,79771.00,6083,6083.00
96803,2,26720,13360.00,1056,528.00,8856780,4428390.00,112832369,56416184.50,180281,90140.50,12618,6309.00
96804,1,13362,13362.00,529,529.00,4471418,4471418.00,56413119,56413119.00,90395,90395.00,6309,6309.00
96806,2,26723,13361.50,1058,529.00,8954164,4477082.00,112814114,56407057.00,180283,90141.50,12618,6309.00
96808,1,13364,13364.00,531,531.00,4443899,4443899.00,56413107,56413107.00,90397,90397.00,6309,6309.00
97627,1,13627,13627.00,528,528.00,4466354,4466354.00,56390833,56390833.00,89886,89886.00,6323,6323.00
99096,1,14332,14332.00,528,528.00,4480675,4480675.00,56409149,56409149.00,90397,90397.00,6333,6333.00
100168,1,14807,14807.00,528,528.00,4417191,4417191.00,56442621,56442621.00,90395,90395.00,6343,6343.00
101281,1,6068,6068.00,530,530.00,3281538,3281538.00,54608599,54608599.00,98622,98622.00,2179,2179.00
105797,1,14946,14946.00,3619,3619.00,4871832,4871832.00,1308386,1308386.00,103682,103682.00,0,0.00
107311,1,29795,29795.00,9677,9677.00,1878879,1878879.00,9769418,9769418.00,44096,44096.00,11,11.00
107811,7,108752,15536.00,3696,528.00,35491373,5070196.14,479984567,68569223.86,705426,100775.14,45059,6437.00
107814,5,77689,15537.80,2645,529.00,25361013,5072202.60,342840642,68568128.40,503878,100775.60,32185,6437.00
110092,1,40732,40732.00,4910,4910.00,7329912,7329912.00,2534388,2534388.00,23712,23712.00,0,0.00
119078,2,35682,17841.00,1058,529.00,11430824,5715412.00,164466568,82233284.00,223908,111954.00,13130,6565.00
120418,1,12723,12723.00,966,966.00,1258836,1258836.00,345420,345420.00,26472,26472.00,2160,2160.00
123730,1,19782,19782.00,528,528.00,5748533,5748533.00,82219878,82219878.00,111954,111954.00,6616,6616.00
125259,1,20493,20493.00,528,528.00,5716571,5716571.00,82233249,82233249.00,111954,111954.00,6628,6628.00
126101,1,34686,34686.00,0,0.00,4584239,4584239.00,3868147,3868147.00,123563,123563.00,3384,3384.00
145511,1,10832,10832.00,142,142.00,107867,107867.00,91485,91485.00,2723,2723.00,1157,1157.00
158491,1,10587,10587.00,104,104.00,12716818,12716818.00,16068285,16068285.00,148725,148725.00,3855,3855.00
158500,1,10590,10590.00,110,110.00,12716860,12716860.00,16068285,16068285.00,148725,148725.00,3855,3855.00
190197,1,12707,12707.00,130,130.00,15260218,15260218.00,19281942,19281942.00,178470,178470.00,4626,4626.00
200530,1,14958,14958.00,189,189.00,119996,119996.00,150622,150622.00,3228,3228.00,1602,1602.00
221898,1,14826,14826.00,153,153.00,17803590,17803590.00,22495599,22495599.00,208215,208215.00,5397,5397.00
221900,1,14826,14826.00,154,154.00,17803604,17803604.00,22495599,22495599.00,208215,208215.00,5397,5397.00
245532,1,37041,37041.00,34537,34537.00,1559475,1559475.00,713806,713806.00,4164,4164.00,1,1.00
261700,1,45120,45120.00,7331,7331.00,36964546,36964546.00,32957831,32957831.00,226258,226258.00,141,141.00
319531,1,103848,103848.00,35044,35044.00,5002321,5002321.00,4992443,4992443.00,307782,307782.00,0,0.00
380385,1,25411,25411.00,254,254.00,30520394,30520394.00,38563884,38563884.00,356940,356940.00,9252,9252.00
418347,1,154583,154583.00,18377,18377.00,28357403,28357403.00,9749492,9749492.00,32994,32994.00,0,0.00
483379,1,33215,33215.00,1036,1036.00,16885312,16885312.00,29699800,29699800.00,481962,481962.00,47,47.00
605548,1,71158,71158.00,1128,1128.00,54309505,54309505.00,44891927,44891927.00,599763,599763.00,2491,2491.00
1489759,1,99499,99499.00,940,940.00,133640740,133640740.00,148992773,148992773.00,1398015,1398015.00,36237,36237.00
1833326,1,329991,329991.00,43962,43962.00,36943798,36943798.00,15798724,15798724.00,44971,44971.00,157,157.00
79403166,1,5642925,5642925.00,34246,34246.00,1945573252,1945573252.00,5671795601,5671795601.00,79177077,79177077.00,10215,10215.00
