rust,gimli-0.33.0,arch::tests::test_aarch64_registers,success,29.450,0.25196737750000003,0.016425238749935095,0.24756894750000003,0.24045342900000002,0.297438908,10,2026-07-10T17:05:59Z,1936897.2
rust,gimli-0.33.0,arch::tests::test_power64_registers,success,29.450,0.25773183580000003,0.014061736745231285,0.257416153,0.23649819600000002,0.289526659,10,2026-07-10T17:06:02Z,1936897.2
rust,gimli-0.33.0,case_fold::tests::test_case_fold,success,29.450,0.25784753690000006,0.011673586239983743,0.25568844700000004,0.24249647600000002,0.282364025,10,2026-07-10T17:06:05Z,1936897.2
rust,gimli-0.33.0,case_fold::tests::test_case_folding_djb_hash,success,29.450,0.2594005749,0.017800672926708835,0.2495360735,0.244491177,0.295126793,10,2026-07-10T17:06:07Z,1936897.2
rust,gimli-0.33.0,constants::tests::test_dw_eh_pe_application,success,29.450,0.24848452410000008,0.007018786708442813,0.24663704300000003,0.241850214,0.26401845900000004,10,2026-07-10T17:06:10Z,1936897.2
rust,gimli-0.33.0,constants::tests::test_dw_eh_pe_format,success,29.450,0.2578190959000001,0.011028760439567435,0.2576373435,0.239324538,0.271083597,10,2026-07-10T17:06:13Z,1936897.2
rust,gimli-0.33.0,constants::tests::test_dw_eh_pe_is_absent,success,29.450,0.25289257600000004,0.0092514056062616,0.25144145500000004,0.242003766,0.27045201700000004,10,2026-07-10T17:06:16Z,1936897.2
rust,gimli-0.33.0,constants::tests::test_dw_eh_pe_is_valid_encoding_bad_application,success,29.450,0.24846791540000002,0.007865223051151043,0.2464132825,0.237564985,0.26704429300000004,10,2026-07-10T17:06:19Z,1936897.2
rust,gimli-0.33.0,constants::tests::test_dw_eh_pe_is_valid_encoding_bad_format,success,29.450,0.25275443040000006,0.008333288638530426,0.2527361935,0.23869947900000002,0.264039062,10,2026-07-10T17:06:21Z,1936897.2
rust,gimli-0.33.0,constants::tests::test_dw_eh_pe_is_valid_encoding_ok,success,29.450,0.2525736195,0.014065265084919652,0.24742836750000002,0.241118084,0.28429337600000004,10,2026-07-10T17:06:24Z,1936897.2
rust,gimli-0.33.0,leb128::tests::dogfood_signed,success,29.450,0.25624385969999997,0.01340891660082677,0.253305452,0.24351011800000003,0.290721746,10,2026-07-10T17:06:27Z,1936897.2
rust,gimli-0.33.0,leb128::tests::dogfood_unsigned,success,29.450,0.2527014523,0.00841903420099795,0.249916715,0.24438484500000002,0.271619424,10,2026-07-10T17:06:30Z,1936897.2
rust,gimli-0.33.0,leb128::tests::test_low_bits_of_byte,success,29.450,0.24522678520000002,0.0037189949590081092,0.245661715,0.23664853600000002,0.248704324,10,2026-07-10T17:06:32Z,1936897.2
rust,gimli-0.33.0,leb128::tests::test_low_bits_of_u64,success,29.450,0.26073383269999995,0.02337484057157637,0.2508080375,0.238617816,0.29895733500000005,10,2026-07-10T17:06:35Z,1936897.2
rust,gimli-0.33.0,leb128::tests::test_read_multiple,success,29.450,0.24987813530000005,0.014011335832742026,0.24633181550000002,0.23464725400000003,0.281032273,10,2026-07-10T17:06:38Z,1936897.2
rust,gimli-0.33.0,leb128::tests::test_read_signed,success,29.450,0.2499474217,0.007082701296149521,0.24902510500000002,0.24026490700000003,0.26182916100000003,10,2026-07-10T17:06:41Z,1936897.2
rust,gimli-0.33.0,leb128::tests::test_read_signed_63_bits,success,29.450,0.24585300460000004,0.003610095209337561,0.24607439050000002,0.240252708,0.251704767,10,2026-07-10T17:06:44Z,1936897.2
rust,gimli-0.33.0,leb128::tests::test_read_signed_not_enough_data,success,29.450,0.24928352729999997,0.010621847358963833,0.2486242265,0.236169699,0.26612743,10,2026-07-10T17:06:46Z,1936897.2
rust,gimli-0.33.0,leb128::tests::test_read_signed_overflow,success,29.450,0.2457232763,0.006308508018206822,0.24419075450000002,0.23510836100000002,0.255596465,10,2026-07-10T17:06:49Z,1936897.2
rust,gimli-0.33.0,leb128::tests::test_read_u16,success,29.450,0.2527714829,0.011536678063085155,0.24900008350000002,0.24162123200000002,0.28309574400000004,10,2026-07-10T17:06:52Z,1936897.2
rust,gimli-0.33.0,leb128::tests::test_read_unsigned,success,29.450,0.25185701900000007,0.006883298921656988,0.25071105000000005,0.244915859,0.26853312,10,2026-07-10T17:06:55Z,1936897.2
rust,gimli-0.33.0,leb128::tests::test_read_unsigned_invalid,success,29.450,0.25441192330000006,0.015609833825843598,0.248726889,0.23956131600000002,0.28187554800000003,10,2026-07-10T17:06:57Z,1936897.2
rust,gimli-0.33.0,leb128::tests::test_read_unsigned_not_enough_data,success,29.450,0.26801721990000005,0.02153747363645594,0.256822478,0.246211426,0.296378022,10,2026-07-10T17:07:00Z,1936897.2
rust,gimli-0.33.0,leb128::tests::test_read_unsigned_overflow,success,29.450,0.2581419735,0.01009776128324717,0.25494218,0.24395290400000003,0.27893856100000003,10,2026-07-10T17:07:03Z,1936897.2
rust,gimli-0.33.0,leb128::tests::test_write_signed_not_enough_space,success,29.450,0.26037739900000006,0.014958882166902025,0.25754533350000003,0.241849643,0.289513145,10,2026-07-10T17:07:06Z,1936897.2
rust,gimli-0.33.0,leb128::tests::test_write_unsigned_not_enough_space,success,29.450,0.2501077597,0.008865413387171391,0.249506734,0.23929438700000003,0.267834809,10,2026-07-10T17:07:09Z,1936897.2
rust,gimli-0.33.0,read::abbrev::tests::test_abbreviations_insert,success,29.450,0.27255342890000006,0.013626959086975577,0.27300303800000003,0.254440192,0.29101275600000004,10,2026-07-10T17:07:12Z,1936897.2
rust,gimli-0.33.0,read::abbrev::tests::test_debug_abbrev_ok,success,29.450,0.26331383770000005,0.01841118086276353,0.2557395,0.250070883,0.307671837,10,2026-07-10T17:07:15Z,1936897.2
rust,gimli-0.33.0,read::abbrev::tests::test_get_abbrev_zero,success,29.450,0.26164124060000005,0.00872521923340432,0.2601810975,0.250947818,0.276319056,10,2026-07-10T17:07:18Z,1936897.2
rust,gimli-0.33.0,read::abbrev::tests::test_parse_abbreviation_has_children,success,29.450,0.25759168650000003,0.012209403978272665,0.25332959600000005,0.24177186,0.27779606100000004,10,2026-07-10T17:07:20Z,1936897.2
rust,gimli-0.33.0,read::abbrev::tests::test_parse_abbreviation_implicit_const_no_const,success,29.450,0.2610128778,0.014161729565987002,0.26067342400000004,0.24389432100000003,0.289619134,10,2026-07-10T17:07:23Z,1936897.2
rust,gimli-0.33.0,read::abbrev::tests::test_parse_abbreviation_implicit_const_ok,success,29.450,0.2481294244,0.008040296700525364,0.246788754,0.24025230600000003,0.268075899,10,2026-07-10T17:07:26Z,1936897.2
rust,gimli-0.33.0,read::abbrev::tests::test_parse_abbreviation_ok,success,29.450,0.2484017207,0.01077257303409887,0.24646044350000001,0.23909533500000002,0.276845006,10,2026-07-10T17:07:29Z,1936897.2
rust,gimli-0.33.0,read::abbrev::tests::test_parse_abbreviation_tag_ok,success,29.450,0.24807335840000003,0.008209945726891902,0.2477986895,0.235375558,0.26514466400000003,10,2026-07-10T17:07:32Z,1936897.2
rust,gimli-0.33.0,read::abbrev::tests::test_parse_abbreviation_tag_zero,success,29.450,0.2520480805,0.010153975342682984,0.2496260825,0.23928205300000002,0.271489647,10,2026-07-10T17:07:34Z,1936897.2
rust,gimli-0.33.0,read::abbrev::tests::test_parse_abbreviations_duplicate,success,29.450,0.2597538011,0.011699019180026046,0.258029728,0.24575869900000002,0.280353615,10,2026-07-10T17:07:37Z,1936897.2
rust,gimli-0.33.0,read::abbrev::tests::test_parse_abbreviations_ok,success,29.450,0.24953081480000003,0.008268893022469494,0.250692117,0.237380269,0.26390006800000004,10,2026-07-10T17:07:40Z,1936897.2
rust,gimli-0.33.0,read::abbrev::tests::test_parse_attribute_specifications_form_zero,success,29.450,0.2606882463000001,0.01379546885564838,0.254248978,0.24645872700000002,0.290161879,10,2026-07-10T17:07:43Z,1936897.2
rust,gimli-0.33.0,read::abbrev::tests::test_parse_attribute_specifications_name_zero,success,29.450,0.24941431249999998,0.006889942218130882,0.2486599805,0.23913519500000002,0.26235584900000003,10,2026-07-10T17:07:46Z,1936897.2
rust,gimli-0.33.0,read::abbrev::tests::test_parse_null_abbreviation_ok,success,29.450,0.2573135445,0.014031495262186765,0.251365968,0.24720367000000001,0.290338694,10,2026-07-10T17:07:48Z,1936897.2
rust,gimli-0.33.0,read::abbrev::tests::test_parse_null_attribute_specification_ok,success,29.450,0.2662509639,0.01838649993067981,0.260689544,0.24711507100000002,0.29253685300000004,10,2026-07-10T17:07:51Z,1936897.2
rust,gimli-0.33.0,read::addr::tests::test_get_address,success,29.450,0.2552014039,0.008853660950914196,0.254297433,0.24724700200000002,0.27685811400000004,10,2026-07-10T17:07:54Z,1936897.2
rust,gimli-0.33.0,read::addr::tests::test_iterator,success,29.450,0.265980439,0.006190271778803409,0.2662102825,0.25491092600000004,0.276573532,10,2026-07-10T17:07:57Z,1936897.2
rust,gimli-0.33.0,read::aranges::tests::test_iterate_headers,success,29.450,0.26362776600000004,0.011594017098235562,0.26654221850000004,0.24231748900000002,0.275900065,10,2026-07-10T17:08:00Z,1936897.2
rust,gimli-0.33.0,read::aranges::tests::test_parse_entry_ok,success,29.450,0.26022063990000005,0.013613563302886737,0.25413798750000005,0.25059468500000004,0.294277016,10,2026-07-10T17:08:03Z,1936897.2
rust,gimli-0.33.0,read::aranges::tests::test_parse_entry_overflow_32,success,29.450,0.258031674,0.01028389600096408,0.2549109895,0.25005303700000003,0.28362590800000004,10,2026-07-10T17:08:06Z,1936897.2
rust,gimli-0.33.0,read::aranges::tests::test_parse_entry_overflow_64,success,29.450,0.2663313482,0.01235818386381313,0.262732206,0.245986897,0.291565945,10,2026-07-10T17:08:09Z,1936897.2
rust,gimli-0.33.0,read::aranges::tests::test_parse_entry_tombstone_32,success,29.450,0.26525890080000003,0.010549862756903351,0.265526223,0.252808266,0.28006674400000003,10,2026-07-10T17:08:12Z,1936897.2
rust,gimli-0.33.0,read::aranges::tests::test_parse_entry_tombstone_64,success,29.450,0.26490577190000003,0.013873725115957525,0.26439310550000006,0.249981202,0.29194415100000004,10,2026-07-10T17:08:14Z,1936897.2
rust,gimli-0.33.0,read::aranges::tests::test_parse_entry_zero,success,29.450,0.2675904371,0.01045561549318027,0.2668304885,0.255011115,0.279594962,10,2026-07-10T17:08:17Z,1936897.2
rust,gimli-0.33.0,read::aranges::tests::test_parse_header_div_by_zero_error,success,29.450,0.26692169720000003,0.01441596406531939,0.2664248235,0.250567417,0.30030690800000004,10,2026-07-10T17:08:20Z,1936897.2
rust,gimli-0.33.0,read::aranges::tests::test_parse_header_ok,success,29.450,0.2638298296,0.014913118571179424,0.25754136250000004,0.24538568600000002,0.29818694700000004,10,2026-07-10T17:08:23Z,1936897.2
rust,gimli-0.33.0,read::aranges::tests::test_parse_header_overflow_error,success,29.450,0.2549663812,0.005549931027331379,0.252249709,0.247205433,0.26339668,10,2026-07-10T17:08:26Z,1936897.2
rust,gimli-0.33.0,read::cfi::tests::iter_register_rules,success,29.450,0.2583068851,0.011667727717206349,0.25478886050000005,0.24508010100000002,0.278339697,10,2026-07-10T17:08:29Z,1936897.2
rust,gimli-0.33.0,read::cfi::tests::register_rule_map_eq,success,29.450,0.26043917480000006,0.00942207732469027,0.26082330900000006,0.248890466,0.27921711400000004,10,2026-07-10T17:08:32Z,1936897.2
rust,gimli-0.33.0,read::cfi::tests::size_of_register_rule_map,success,29.450,0.2508044701,0.005262716268235531,0.250068416,0.24515929800000003,0.261354702,10,2026-07-10T17:08:35Z,1936897.2
rust,gimli-0.33.0,read::cfi::tests::size_of_unwind_ctx,success,29.450,0.26112033619999997,0.013832380331297134,0.256356123,0.24570694,0.286335353,10,2026-07-10T17:08:37Z,1936897.2
rust,gimli-0.33.0,read::cfi::tests::test_augmentation_parse_L,success,29.450,0.26419785509999993,0.01610316770126247,0.26073253250000006,0.241936952,0.2959829,10,2026-07-10T17:08:40Z,1936897.2
rust,gimli-0.33.0,read::cfi::tests::test_augmentation_parse_P,success,29.450,0.26032662440000004,0.014458736347119517,0.255663016,0.246640829,0.28824929800000004,10,2026-07-10T17:08:43Z,1936897.2
rust,gimli-0.33.0,read::cfi::tests::test_augmentation_parse_R,success,29.450,0.2692462747,0.01914149624202809,0.2664229675,0.24970867700000002,0.317164076,10,2026-07-10T17:08:46Z,1936897.2
rust,gimli-0.33.0,read::cfi::tests::test_augmentation_parse_S,success,29.450,0.2667970763,0.020310619274847466,0.2620092795,0.24576808400000003,0.317625404,10,2026-07-10T17:08:49Z,1936897.2
rust,gimli-0.33.0,read::cfi::tests::test_augmentation_parse_all,success,29.450,0.27057347730000003,0.018076684920848008,0.2640872355,0.25200683700000004,0.30829195400000003,10,2026-07-10T17:08:52Z,1936897.2
rust,gimli-0.33.0,read::cfi::tests::test_augmentation_parse_just_signal_trampoline,success,29.450,0.2668672971,0.010834705198699246,0.27094584200000005,0.250474048,0.278368744,10,2026-07-10T17:08:55Z,1936897.2
rust,gimli-0.33.0,read::cfi::tests::test_augmentation_parse_not_z_augmentation,success,29.450,0.26191651730000004,0.009385777134647872,0.2650316575,0.248240812,0.275410829,10,2026-07-10T17:08:58Z,1936897.2
rust,gimli-0.33.0,read::cfi::tests::test_augmentation_parse_unknown_part_of_z_augmentation,success,29.450,0.2563168729,0.008261756961272744,0.2555775925,0.24556722700000003,0.271561846,10,2026-07-10T17:09:01Z,1936897.2
rust,gimli-0.33.0,read::cfi::tests::test_call_frame_instruction_iter_err,success,29.450,0.25929832690000004,0.011200664706221802,0.25768879050000004,0.242825533,0.278026625,10,2026-07-10T17:09:04Z,1936897.2
rust,gimli-0.33.0,read::cfi::tests::test_call_frame_instruction_iter_ok,success,29.450,0.26944230090000004,0.018077446822623605,0.270114676,0.251614367,0.31304950800000003,10,2026-07-10T17:09:07Z,1936897.2
rust,gimli-0.33.0,read::cfi::tests::test_cfi_entries_iter,success,29.450,0.26508146250000003,0.011268373677044941,0.2616364675,0.252375617,0.28648996000000004,10,2026-07-10T17:09:10Z,1936897.2
rust,gimli-0.33.0,read::cfi::tests::test_debug_frame_skips_zero_length,success,29.450,0.24460851390000005,0.00708870991923352,0.24244179400000002,0.234100739,0.25471923900000004,10,2026-07-10T17:09:12Z,1936897.2
rust,gimli-0.33.0,read::cfi::tests::test_eh_frame_cie_personality_function_relative_bad_context,success,29.450,0.25732598910000004,0.015787102112914606,0.25274809200000004,0.23966626900000002,0.28457688800000003,10,2026-07-10T17:09:15Z,1936897.2
rust,gimli-0.33.0,read::cfi::tests::test_eh_frame_fde_empty_augmentation,success,29.450,0.2604928190000001,0.012197170039145737,0.25493022350000005,0.246420982,0.27985755100000004,10,2026-07-10T17:09:18Z,1936897.2
rust,gimli-0.33.0,read::cfi::tests::test_eh_frame_fde_for_address_good,success,29.450,0.25849671350000003,0.014645978031031511,0.24995208500000005,0.244811358,0.28545210600000004,10,2026-07-10T17:09:21Z,1936897.2
rust,gimli-0.33.0,read::cfi::tests::test_eh_frame_fde_lsda_augmentation,success,29.450,0.2511444646,0.011625910006124597,0.2532054535,0.238187575,0.273660661,10,2026-07-10T17:09:24Z,1936897.2
rust,gimli-0.33.0,read::cfi::tests::test_eh_frame_fde_lsda_function_relative,success,29.450,0.24121675130000003,0.007110685765251792,0.2403632575,0.229604469,0.254529208,10,2026-07-10T17:09:26Z,1936897.2
rust,gimli-0.33.0,read::cfi::tests::test_eh_frame_fde_no_augmentation,success,29.450,0.24453113230000004,0.009543724484697461,0.24274699300000002,0.23212647600000003,0.26626755,10,2026-07-10T17:09:29Z,1936897.2
rust,gimli-0.33.0,read::cfi::tests::test_eh_frame_fde_ok,success,29.450,0.2514315096,0.012303943324220868,0.253501998,0.23385924700000002,0.27241806300000004,10,2026-07-10T17:09:32Z,1936897.2
rust,gimli-0.33.0,read::cfi::tests::test_eh_frame_fde_out_of_bounds,success,29.450,0.24953359620000004,0.010479201996790888,0.24851173650000002,0.23780077000000002,0.265553178,10,2026-07-10T17:09:34Z,1936897.2
rust,gimli-0.33.0,read::cfi::tests::test_eh_frame_hdr_good,success,29.450,0.2391660173,0.0077939374669671385,0.238533287,0.230913727,0.25753981400000003,10,2026-07-10T17:09:37Z,1936897.2
rust,gimli-0.33.0,read::cfi::tests::test_eh_frame_hdr_indirect_length,success,29.450,0.24487225190000003,0.01281634952599657,0.2415516225,0.23307638300000003,0.27485310700000004,10,2026-07-10T17:09:40Z,1936897.2
rust,gimli-0.33.0,read::cfi::tests::test_eh_frame_hdr_indirect_ptrs,success,29.450,0.2441025212,0.015360104993211677,0.241879391,0.230736128,0.28457318600000003,10,2026-07-10T17:09:42Z,1936897.2
rust,gimli-0.33.0,read::cfi::tests::test_eh_frame_hdr_omit_count,success,29.450,0.24095344239999994,0.009590565962858108,0.23959438250000004,0.231528429,0.260949317,10,2026-07-10T17:09:45Z,1936897.2
rust,gimli-0.33.0,read::cfi::tests::test_eh_frame_hdr_omit_ehptr,success,29.450,0.24173749569999997,0.005567052399694277,0.241373944,0.233295564,0.252163409,10,2026-07-10T17:09:48Z,1936897.2
rust,gimli-0.33.0,read::cfi::tests::test_eh_frame_hdr_omit_table,success,29.450,0.2387627692,0.005914382122025052,0.23746254200000003,0.230287822,0.24812571200000003,10,2026-07-10T17:09:50Z,1936897.2
rust,gimli-0.33.0,read::cfi::tests::test_eh_frame_hdr_unknown_version,success,29.450,0.2397960802,0.008696073918135958,0.23641724000000003,0.22924507500000002,0.25772842100000004,10,2026-07-10T17:09:53Z,1936897.2
rust,gimli-0.33.0,read::cfi::tests::test_eh_frame_hdr_varlen_table,success,29.450,0.24089570360000004,0.011572395142487405,0.23804016600000003,0.22938058300000003,0.265509846,10,2026-07-10T17:09:56Z,1936897.2
rust,gimli-0.33.0,read::cfi::tests::test_eh_frame_resolve_cie_offset_ok,success,29.450,0.2394592693,0.007417704527114196,0.23696490950000001,0.23149171000000002,0.251332989,10,2026-07-10T17:09:58Z,1936897.2
rust,gimli-0.33.0,read::cfi::tests::test_eh_frame_resolve_cie_offset_out_of_bounds,success,29.450,0.23397945980000007,0.005008869774456616,0.23191454300000003,0.22727629700000002,0.244800227,10,2026-07-10T17:10:01Z,1936897.2
rust,gimli-0.33.0,read::cfi::tests::test_eh_frame_resolve_cie_offset_underflow,success,29.450,0.23620481620000003,0.0074535376178320985,0.235035228,0.22873415800000002,0.253916006,10,2026-07-10T17:10:04Z,1936897.2
rust,gimli-0.33.0,read::cfi::tests::test_eh_frame_stops_at_zero_length,success,29.450,0.2336832497,0.0047697908657407355,0.23305382200000002,0.22798620700000002,0.240578807,10,2026-07-10T17:10:06Z,1936897.2
rust,gimli-0.33.0,read::cfi::tests::test_eval_advance_loc,success,29.450,0.23937334790000003,0.01583709127999052,0.2323875545,0.227823135,0.278905067,10,2026-07-10T17:10:09Z,1936897.2
rust,gimli-0.33.0,read::cfi::tests::test_eval_advance_loc_overflow_32,success,29.450,0.23671081810000003,0.005396262073799449,0.235879104,0.23056979800000002,0.249267707,10,2026-07-10T17:10:11Z,1936897.2
rust,gimli-0.33.0,read::cfi::tests::test_eval_advance_loc_overflow_64,success,29.450,0.2433790181,0.006560299202634914,0.24406785800000003,0.234840868,0.255473695,10,2026-07-10T17:10:14Z,1936897.2
rust,gimli-0.33.0,read::cfi::tests::test_eval_def_cfa,success,29.450,0.24592104730000003,0.024054936694926077,0.23901344000000002,0.22869867900000002,0.311290769,10,2026-07-10T17:10:17Z,1936897.2
rust,gimli-0.33.0,read::cfi::tests::test_eval_def_cfa_expression,success,29.450,0.24352565340000004,0.010582053593470678,0.24009623700000002,0.23415569400000003,0.262660428,10,2026-07-10T17:10:20Z,1936897.2
rust,gimli-0.33.0,read::cfi::tests::test_eval_def_cfa_offset,success,29.450,0.23795718059999998,0.009865077792418962,0.23380824800000002,0.225993297,0.257458065,10,2026-07-10T17:10:22Z,1936897.2
rust,gimli-0.33.0,read::cfi::tests::test_eval_def_cfa_offset_invalid_context,success,29.450,0.23724350570000002,0.004202757093884023,0.236872325,0.22966227600000003,0.24588283200000002,10,2026-07-10T17:10:25Z,1936897.2
rust,gimli-0.33.0,read::cfi::tests::test_eval_def_cfa_register,success,29.450,0.239597521,0.010558531153175668,0.23616189650000002,0.231039928,0.26789129,10,2026-07-10T17:10:27Z,1936897.2
rust,gimli-0.33.0,read::cfi::tests::test_eval_def_cfa_register_invalid_context,success,29.450,0.23846982580000003,0.003993696797534409,0.23841645300000003,0.23256151600000002,0.246300117,10,2026-07-10T17:10:30Z,1936897.2
rust,gimli-0.33.0,read::cfi::tests::test_eval_def_cfa_sf,success,29.450,0.2386269708,0.004951589697759121,0.23927890550000003,0.229117122,0.24373586000000003,10,2026-07-10T17:10:33Z,1936897.2
rust,gimli-0.33.0,read::cfi::tests::test_eval_expression,success,29.450,0.24123473610000007,0.010878273068084136,0.23785395200000004,0.23176211100000002,0.26756909500000003,10,2026-07-10T17:10:35Z,1936897.2
rust,gimli-0.33.0,read::cfi::tests::test_eval_negate_ra_state,success,29.450,0.24910743710000002,0.01979055273331896,0.24870080850000004,0.23280565600000003,0.30075813700000004,10,2026-07-10T17:10:38Z,1936897.2
rust,gimli-0.33.0,read::cfi::tests::test_eval_nop,success,29.450,0.2411326728,0.012310190863258344,0.23814030750000004,0.22485169100000002,0.261074474,10,2026-07-10T17:10:41Z,1936897.2
rust,gimli-0.33.0,read::cfi::tests::test_eval_offset,success,29.450,0.24048571080000003,0.0106575967943959,0.23853660200000001,0.22778493200000002,0.26087203800000003,10,2026-07-10T17:10:43Z,1936897.2
rust,gimli-0.33.0,read::cfi::tests::test_eval_offset_extended_sf,success,29.450,0.23715487430000004,0.01054057158818929,0.23471600350000002,0.22640848200000002,0.259255992,10,2026-07-10T17:10:46Z,1936897.2
rust,gimli-0.33.0,read::cfi::tests::test_eval_remember_state,success,29.450,0.2384162114,0.015250272666936371,0.2357393915,0.224368857,0.27588681800000003,10,2026-07-10T17:10:49Z,1936897.2
rust,gimli-0.33.0,read::cfi::tests::test_eval_restore,success,29.450,0.24259289509999998,0.011662333000928464,0.24297250750000002,0.227770841,0.264376743,10,2026-07-10T17:10:51Z,1936897.2
rust,gimli-0.33.0,read::cfi::tests::test_eval_restore_havent_saved_initial_context,success,29.450,0.24054145030000001,0.009052585691689327,0.238477355,0.231290185,0.257044168,10,2026-07-10T17:10:54Z,1936897.2
rust,gimli-0.33.0,read::cfi::tests::test_eval_restore_state,success,29.450,0.23366196670000003,0.005136797140180507,0.23449158400000003,0.22298636700000002,0.241004616,10,2026-07-10T17:10:57Z,1936897.2
rust,gimli-0.33.0,read::cfi::tests::test_eval_same_value,success,29.450,0.2340761235,0.004351801409952979,0.23390173400000003,0.22673257900000002,0.24061794500000003,10,2026-07-10T17:10:59Z,1936897.2
rust,gimli-0.33.0,read::cfi::tests::test_eval_set_loc,success,29.450,0.2373979442,0.007828408158294308,0.23480775850000002,0.228961191,0.25294066600000004,10,2026-07-10T17:11:02Z,1936897.2
rust,gimli-0.33.0,read::cfi::tests::test_eval_set_loc_backwards,success,29.450,0.2351990752,0.005310872031898902,0.23603561500000003,0.226170377,0.243490172,10,2026-07-10T17:11:04Z,1936897.2
rust,gimli-0.33.0,read::cfi::tests::test_eval_undefined,success,29.450,0.23660159649999998,0.012831145966099182,0.23423946550000002,0.22234283800000001,0.260878749,10,2026-07-10T17:11:07Z,1936897.2
rust,gimli-0.33.0,read::cfi::tests::test_eval_val_expression,success,29.450,0.2317278162,0.00646863425021413,0.23058073950000002,0.22457642900000002,0.24315217800000002,10,2026-07-10T17:11:10Z,1936897.2
rust,gimli-0.33.0,read::cfi::tests::test_eval_val_offset,success,29.450,0.2320826068,0.0069313326401950655,0.2315848425,0.224382622,0.247280139,10,2026-07-10T17:11:12Z,1936897.2
rust,gimli-0.33.0,read::cfi::tests::test_eval_val_offset_sf,success,29.450,0.2329320602,0.009056342184166646,0.2311199355,0.22537499600000002,0.257171565,10,2026-07-10T17:11:15Z,1936897.2
rust,gimli-0.33.0,read::cfi::tests::test_parse_cfi_entry_on_cie_32_ok,success,29.450,0.2341437294,0.010116202211536068,0.23140781200000002,0.22175897700000002,0.259529189,10,2026-07-10T17:11:17Z,1936897.2
rust,gimli-0.33.0,read::cfi::tests::test_parse_cfi_entry_on_fde_32_ok,success,29.450,0.2741928327,0.0619811441211546,0.24248318150000003,0.22997932100000001,0.39197062400000005,10,2026-07-10T17:11:20Z,1936897.2
rust,gimli-0.33.0,read::cfi::tests::test_parse_cfi_instruction_advance_loc,success,29.450,0.37004186950000006,0.14343467219119638,0.30557399500000004,0.24668165200000003,0.6690577120000001,10,2026-07-10T17:11:24Z,1936897.2
rust,gimli-0.33.0,read::cfi::tests::test_parse_cfi_instruction_advance_loc1,success,29.450,0.4338427232,0.2099775959133814,0.34831082950000003,0.26659619900000003,0.8829969950000001,10,2026-07-10T17:11:29Z,1936897.2
rust,gimli-0.33.0,read::cfi::tests::test_parse_cfi_instruction_advance_loc2,success,29.450,0.36575343600000004,0.14398299100923123,0.30431689100000003,0.24428553200000003,0.6972057620000001,10,2026-07-10T17:11:33Z,1936897.2
rust,gimli-0.33.0,read::cfi::tests::test_parse_cfi_instruction_advance_loc4,success,29.450,0.3810755827,0.2116330548459282,0.3221903105,0.243057559,0.973288608,10,2026-07-10T17:11:37Z,1936897.2
rust,gimli-0.33.0,read::cfi::tests::test_parse_cfi_instruction_def_cfa,success,29.450,0.3595640269,0.19757318220413025,0.3089118285,0.23572790400000002,0.903830302,10,2026-07-10T17:11:41Z,1936897.2
rust,gimli-0.33.0,read::cfi::tests::test_parse_cfi_instruction_def_cfa_expression,success,29.450,0.320067962,0.06453213199558812,0.31930936600000004,0.237614123,0.44480873800000004,10,2026-07-10T17:11:45Z,1936897.2
rust,gimli-0.33.0,read::cfi::tests::test_parse_cfi_instruction_def_cfa_offset,success,29.450,0.3108740392,0.06890673116993216,0.30689397549999997,0.235770428,0.48250903500000003,10,2026-07-10T17:11:48Z,1936897.2
rust,gimli-0.33.0,read::cfi::tests::test_parse_cfi_instruction_def_cfa_offset_sf,success,29.450,0.34258806030000005,0.09569442659361056,0.31245674100000004,0.23905067500000002,0.5367464590000001,10,2026-07-10T17:11:52Z,1936897.2
rust,gimli-0.33.0,read::cfi::tests::test_parse_cfi_instruction_def_cfa_register,success,29.450,0.3380117486,0.09131289271847687,0.326317478,0.240490271,0.49805174700000004,10,2026-07-10T17:11:56Z,1936897.2
rust,gimli-0.33.0,read::cfi::tests::test_parse_cfi_instruction_def_cfa_sf,success,29.450,0.2557729127,0.019977703915274196,0.25158914600000004,0.236748763,0.303266977,10,2026-07-10T17:11:59Z,1936897.2
rust,gimli-0.33.0,read::cfi::tests::test_parse_cfi_instruction_expression,success,29.450,0.31417702,0.12378251051086699,0.2731785405,0.24217239100000001,0.654961038,10,2026-07-10T17:12:02Z,1936897.2
rust,gimli-0.33.0,read::cfi::tests::test_parse_cfi_instruction_negate_ra_state,success,29.450,0.36434467040000007,0.16127170492716691,0.31122520600000003,0.24091177000000003,0.6795723410000001,10,2026-07-10T17:12:06Z,1936897.2
rust,gimli-0.33.0,read::cfi::tests::test_parse_cfi_instruction_nop,success,29.450,0.33604682520000007,0.07051599024412607,0.31115913000000006,0.275274145,0.47317868500000004,10,2026-07-10T17:12:10Z,1936897.2
rust,gimli-0.33.0,read::cfi::tests::test_parse_cfi_instruction_offset,success,29.450,0.3605889011,0.14625160670404075,0.308588328,0.231630946,0.738970486,10,2026-07-10T17:12:13Z,1936897.2
rust,gimli-0.33.0,read::cfi::tests::test_parse_cfi_instruction_offset_extended,success,29.450,0.41518374329999996,0.28131944156376965,0.3122472385,0.236341509,1.120769929,10,2026-07-10T17:12:19Z,1936897.2
rust,gimli-0.33.0,read::cfi::tests::test_parse_cfi_instruction_offset_extended_sf,success,29.450,0.33469956210000007,0.08493011745511443,0.328138087,0.238717059,0.5234816520000001,10,2026-07-10T17:12:22Z,1936897.2
rust,gimli-0.33.0,read::cfi::tests::test_parse_cfi_instruction_register,success,29.450,0.3472540463,0.06720199677623025,0.3495190785,0.253829707,0.456725635,10,2026-07-10T17:12:26Z,1936897.2
rust,gimli-0.33.0,read::cfi::tests::test_parse_cfi_instruction_remember_state,success,29.450,0.3160733221,0.052037809174980826,0.31415393550000004,0.249279566,0.41367048,10,2026-07-10T17:12:30Z,1936897.2
rust,gimli-0.33.0,read::cfi::tests::test_parse_cfi_instruction_restore,success,29.450,0.32362201100000004,0.07935702838680032,0.3144678595,0.22976525900000003,0.47022716400000003,10,2026-07-10T17:12:33Z,1936897.2
rust,gimli-0.33.0,read::cfi::tests::test_parse_cfi_instruction_restore_extended,success,29.450,0.3207224433,0.053381526516806395,0.3214895655,0.245929693,0.42014137700000004,10,2026-07-10T17:12:37Z,1936897.2
rust,gimli-0.33.0,read::cfi::tests::test_parse_cfi_instruction_restore_state,success,29.450,0.25934443020000003,0.016725326503858603,0.259613254,0.228590859,0.28890762400000003,10,2026-07-10T17:12:40Z,1936897.2
rust,gimli-0.33.0,read::cfi::tests::test_parse_cfi_instruction_same_value,success,29.450,0.25129159300000004,0.012807844517611284,0.249132676,0.23406990800000002,0.279072561,10,2026-07-10T17:12:43Z,1936897.2
rust,gimli-0.33.0,read::cfi::tests::test_parse_cfi_instruction_set_loc,success,29.450,0.2569158033000001,0.01901368975283832,0.252468858,0.23564994600000003,0.284519691,10,2026-07-10T17:12:46Z,1936897.2
rust,gimli-0.33.0,read::cfi::tests::test_parse_cfi_instruction_set_loc_encoding,success,29.450,0.2459189473,0.013753071660069503,0.24207462800000001,0.23007913800000002,0.272956072,10,2026-07-10T17:12:48Z,1936897.2
rust,gimli-0.33.0,read::cfi::tests::test_parse_cfi_instruction_undefined,success,29.450,0.2404836349,0.010342450042526196,0.237986048,0.22689082800000002,0.259255909,10,2026-07-10T17:12:51Z,1936897.2
rust,gimli-0.33.0,read::cfi::tests::test_parse_cfi_instruction_unknown_instruction,success,29.450,0.23061394470000002,0.006043717404706074,0.2297416,0.219728789,0.239326962,10,2026-07-10T17:12:54Z,1936897.2
rust,gimli-0.33.0,read::cfi::tests::test_parse_cfi_instruction_val_expression,success,29.450,0.2268873648,0.007183721021236572,0.22415803,0.21930770800000002,0.24278068500000002,10,2026-07-10T17:12:56Z,1936897.2
rust,gimli-0.33.0,read::cfi::tests::test_parse_cfi_instruction_val_offset,success,29.450,0.2345909929,0.014618764605921642,0.23256830950000001,0.218301025,0.271648904,10,2026-07-10T17:12:59Z,1936897.2
rust,gimli-0.33.0,read::cfi::tests::test_parse_cfi_instruction_val_offset_sf,success,29.450,0.2362793563,0.0106184363366473,0.2341339695,0.224764087,0.255601144,10,2026-07-10T17:13:01Z,1936897.2
rust,gimli-0.33.0,read::cfi::tests::test_parse_cie_32_bad_version,success,29.450,0.2362611302,0.019227486707463062,0.231132328,0.224228692,0.289225385,10,2026-07-10T17:13:04Z,1936897.2
rust,gimli-0.33.0,read::cfi::tests::test_parse_cie_32_ok,success,29.450,0.22846933839999997,0.00457206987831148,0.2273468615,0.223571381,0.23898639900000002,10,2026-07-10T17:13:06Z,1936897.2
rust,gimli-0.33.0,read::cfi::tests::test_parse_cie_64_ok,success,29.450,0.2323995571,0.011695500027196283,0.228675413,0.22435391300000002,0.26421874100000003,10,2026-07-10T17:13:09Z,1936897.2
rust,gimli-0.33.0,read::cfi::tests::test_parse_cie_bad_id_32,success,29.450,0.23032765260000004,0.009546462398315624,0.2290046865,0.21880389900000002,0.253563609,10,2026-07-10T17:13:11Z,1936897.2
rust,gimli-0.33.0,read::cfi::tests::test_parse_cie_from_offset,success,29.450,0.23111986740000004,0.012325915884474,0.2270199995,0.218972834,0.256804181,10,2026-07-10T17:13:14Z,1936897.2
rust,gimli-0.33.0,read::cfi::tests::test_parse_cie_incomplete_id_32,success,29.450,0.2371647168,0.01255129039081544,0.23371580600000003,0.222289027,0.258213593,10,2026-07-10T17:13:17Z,1936897.2
rust,gimli-0.33.0,read::cfi::tests::test_parse_cie_incomplete_length_32,success,29.450,0.2295925403,0.0036179432119631217,0.23014218050000002,0.224959404,0.23544413700000003,10,2026-07-10T17:13:19Z,1936897.2
rust,gimli-0.33.0,read::cfi::tests::test_parse_cie_incomplete_length_64,success,29.450,0.2276915292,0.006836700693406399,0.22573865800000004,0.21910031900000002,0.239859693,10,2026-07-10T17:13:22Z,1936897.2
rust,gimli-0.33.0,read::cfi::tests::test_parse_cie_length_too_big,success,29.450,0.23990283329999995,0.012428147081051485,0.2376160415,0.22615927800000002,0.26061518300000003,10,2026-07-10T17:13:24Z,1936897.2
rust,gimli-0.33.0,read::cfi::tests::test_parse_cie_unknown_augmentation,success,29.450,0.23247304860000004,0.008393480867737255,0.2300886185,0.22216669600000002,0.250892938,10,2026-07-10T17:13:27Z,1936897.2
rust,gimli-0.33.0,read::cfi::tests::test_parse_encoded_pointer_absptr,success,29.450,0.2331050308,0.007771730345591311,0.23181843200000002,0.22362703,0.25162855,10,2026-07-10T17:13:29Z,1936897.2
rust,gimli-0.33.0,read::cfi::tests::test_parse_encoded_pointer_aligned,success,29.450,0.22784097869999997,0.006097022834894857,0.22813793300000001,0.221155864,0.23802416,10,2026-07-10T17:13:32Z,1936897.2
rust,gimli-0.33.0,read::cfi::tests::test_parse_encoded_pointer_bad_encoding,success,29.450,0.2348881875,0.00835208601381303,0.23317435250000002,0.226713145,0.253266431,10,2026-07-10T17:13:35Z,1936897.2
rust,gimli-0.33.0,read::cfi::tests::test_parse_encoded_pointer_datarel,success,29.450,0.2288658647,0.0053215387720715384,0.228595251,0.22069212800000002,0.238837653,10,2026-07-10T17:13:37Z,1936897.2
rust,gimli-0.33.0,read::cfi::tests::test_parse_encoded_pointer_datarel_undefined,success,29.450,0.2252969875,0.012688236594541664,0.22102837150000001,0.215875282,0.25946309100000003,10,2026-07-10T17:13:40Z,1936897.2
rust,gimli-0.33.0,read::cfi::tests::test_parse_encoded_pointer_funcrel,success,29.450,0.2285814614,0.01508306009642824,0.222714862,0.216834348,0.264786215,10,2026-07-10T17:13:42Z,1936897.2
rust,gimli-0.33.0,read::cfi::tests::test_parse_encoded_pointer_funcrel_undefined,success,29.450,0.22238360240000005,0.004352854877419546,0.2217683935,0.21791901100000002,0.227747042,10,2026-07-10T17:13:45Z,1936897.2
rust,gimli-0.33.0,read::cfi::tests::test_parse_encoded_pointer_indirect,success,29.450,0.2279307705,0.005254190186537795,0.22611994700000002,0.220871179,0.234611382,10,2026-07-10T17:13:47Z,1936897.2
rust,gimli-0.33.0,read::cfi::tests::test_parse_encoded_pointer_omit,success,29.450,0.229342582,0.008718211961989417,0.2270504305,0.220537259,0.248159962,10,2026-07-10T17:13:50Z,1936897.2
rust,gimli-0.33.0,read::cfi::tests::test_parse_encoded_pointer_pcrel,success,29.450,0.224846803,0.005331079308330704,0.222867078,0.219235551,0.233038708,10,2026-07-10T17:13:52Z,1936897.2
rust,gimli-0.33.0,read::cfi::tests::test_parse_encoded_pointer_pcrel_undefined,success,29.450,0.23845435300000006,0.010110683394957116,0.240449211,0.22203623600000003,0.25600126700000003,10,2026-07-10T17:13:55Z,1936897.2
rust,gimli-0.33.0,read::cfi::tests::test_parse_encoded_pointer_sdata2,success,29.450,0.2306618471,0.007077485135102446,0.22961291100000003,0.22181611,0.246028768,10,2026-07-10T17:13:57Z,1936897.2
rust,gimli-0.33.0,read::cfi::tests::test_parse_encoded_pointer_sdata4,success,29.450,0.22629146090000002,0.007086677515455549,0.223076801,0.21959661000000003,0.24047922300000002,10,2026-07-10T17:14:00Z,1936897.2
rust,gimli-0.33.0,read::cfi::tests::test_parse_encoded_pointer_sdata8,success,29.450,0.23117472770000003,0.02062593940287996,0.2267930515,0.21640487800000002,0.286933064,10,2026-07-10T17:14:02Z,1936897.2
rust,gimli-0.33.0,read::cfi::tests::test_parse_encoded_pointer_sleb128,success,29.450,0.23108888200000002,0.012097822299147312,0.2246023735,0.221391947,0.256732597,10,2026-07-10T17:14:05Z,1936897.2
rust,gimli-0.33.0,read::cfi::tests::test_parse_encoded_pointer_textrel,success,29.450,0.22655858429999998,0.007429668969246585,0.2245635615,0.216230837,0.24199362100000002,10,2026-07-10T17:14:07Z,1936897.2
rust,gimli-0.33.0,read::cfi::tests::test_parse_encoded_pointer_textrel_undefined,success,29.450,0.22268142480000003,0.0054736818006890986,0.221712293,0.21538483400000002,0.23530768600000002,10,2026-07-10T17:14:10Z,1936897.2
rust,gimli-0.33.0,read::cfi::tests::test_parse_encoded_pointer_udata2,success,29.450,0.22315477320000002,0.005253025456885945,0.22237874000000002,0.218563052,0.23578145700000003,10,2026-07-10T17:14:12Z,1936897.2
rust,gimli-0.33.0,read::cfi::tests::test_parse_encoded_pointer_udata4,success,29.450,0.2310291823,0.014876775440098688,0.222516277,0.218550983,0.256872776,10,2026-07-10T17:14:15Z,1936897.2
rust,gimli-0.33.0,read::cfi::tests::test_parse_encoded_pointer_udata8,success,29.450,0.218736569,0.003350114230982348,0.218097109,0.21482382500000002,0.22503457300000002,10,2026-07-10T17:14:17Z,1936897.2
rust,gimli-0.33.0,read::cfi::tests::test_parse_encoded_pointer_uleb128,success,29.450,0.228949324,0.01588145375360027,0.22185893700000003,0.21698112400000003,0.263531214,10,2026-07-10T17:14:20Z,1936897.2
rust,gimli-0.33.0,read::cfi::tests::test_parse_fde_32_ok,success,29.450,0.2227521905,0.005995658033418726,0.22197080400000002,0.216877905,0.236554271,10,2026-07-10T17:14:22Z,1936897.2
rust,gimli-0.33.0,read::cfi::tests::test_parse_fde_64_ok,success,29.450,0.22543576280000002,0.00792214791904756,0.22351365750000002,0.216801251,0.24127162100000002,10,2026-07-10T17:14:25Z,1936897.2
rust,gimli-0.33.0,read::cfi::tests::test_parse_fde_incomplete_cie_pointer_32,success,29.450,0.22147546939999999,0.00443120447248973,0.22161866300000002,0.215846958,0.22903134500000003,10,2026-07-10T17:14:27Z,1936897.2
rust,gimli-0.33.0,read::cfi::tests::test_parse_fde_incomplete_length_32,success,29.450,0.22482299160000002,0.010224045356848217,0.2230886095,0.216514546,0.252980686,10,2026-07-10T17:14:30Z,1936897.2
rust,gimli-0.33.0,read::cfi::tests::test_parse_fde_incomplete_length_64,success,29.450,0.22097422740000003,0.0074114293785921565,0.219723671,0.214544283,0.241246116,10,2026-07-10T17:14:32Z,1936897.2
rust,gimli-0.33.0,read::cfi::tests::test_parse_pointer_encoding_bad_encoding,success,29.450,0.2226719833,0.00993791478791141,0.22129270950000002,0.21315829500000003,0.24665513000000003,10,2026-07-10T17:14:35Z,1936897.2
rust,gimli-0.33.0,read::cfi::tests::test_parse_pointer_encoding_ok,success,29.450,0.21896580950000005,0.003453525874616393,0.2187470525,0.21335018500000003,0.224009598,10,2026-07-10T17:14:37Z,1936897.2
rust,gimli-0.33.0,read::cfi::tests::test_unwind_context_reuse,success,29.450,0.21759055830000004,0.0032151229988510084,0.21836703200000002,0.212214119,0.221399331,10,2026-07-10T17:14:39Z,1936897.2
rust,gimli-0.33.0,read::cfi::tests::test_unwind_info_for_address_not_found,success,29.450,0.22586571180000004,0.013799982393668577,0.2191600795,0.212700243,0.25201797800000003,10,2026-07-10T17:14:42Z,1936897.2
rust,gimli-0.33.0,read::cfi::tests::test_unwind_info_for_address_ok,success,29.450,0.22791670079999998,0.012500660973074102,0.2259434555,0.21386078500000003,0.253762457,10,2026-07-10T17:14:44Z,1936897.2
rust,gimli-0.33.0,read::cfi::tests::test_unwind_table_cie_invalid_rule,success,29.450,0.2206874294,0.013450601095581894,0.21532358550000003,0.21103173600000003,0.257030839,10,2026-07-10T17:14:47Z,1936897.2
rust,gimli-0.33.0,read::cfi::tests::test_unwind_table_cie_no_rule,success,29.450,0.21972600260000003,0.004148500966991576,0.22125400850000002,0.21294817200000002,0.22443833000000002,10,2026-07-10T17:14:49Z,1936897.2
rust,gimli-0.33.0,read::cfi::tests::test_unwind_table_cie_single_rule,success,29.450,0.2200790296,0.006368466957951064,0.217406375,0.212156276,0.23312298,10,2026-07-10T17:14:52Z,1936897.2
rust,gimli-0.33.0,read::cfi::tests::test_unwind_table_next_row,success,29.450,0.2221857978,0.010390579131797107,0.2202058865,0.21216996200000002,0.24723108600000002,10,2026-07-10T17:14:54Z,1936897.2
rust,gimli-0.33.0,read::dwarf::tests::test_dwarf_unit_variance,success,29.450,0.21765082530000002,0.003516607242998665,0.2171812365,0.21264354500000002,0.224482011,10,2026-07-10T17:14:57Z,1936897.2
rust,gimli-0.33.0,read::dwarf::tests::test_dwarf_variance,success,29.450,0.21927410650000004,0.0057204437184751504,0.21803579950000002,0.212447548,0.231014096,10,2026-07-10T17:14:59Z,1936897.2
rust,gimli-0.33.0,read::dwarf::tests::test_format_error,success,29.450,0.22086283590000005,0.002947097540186255,0.22036920000000002,0.21626452300000001,0.22711619500000002,10,2026-07-10T17:15:01Z,1936897.2
rust,gimli-0.33.0,read::dwarf::tests::test_send,success,29.450,0.22148435060000002,0.004816178165890534,0.2192775335,0.21736585600000002,0.23271038700000002,10,2026-07-10T17:15:04Z,1936897.2
rust,gimli-0.33.0,read::endian_reader::tests::bytes_and_len_and_range_and_eq,success,29.450,0.22631384850000003,0.018102961347435203,0.2219774425,0.21244093600000002,0.275403031,10,2026-07-10T17:15:06Z,1936897.2
rust,gimli-0.33.0,read::endian_reader::tests::empty,success,29.450,0.22204761909999998,0.007219816332197231,0.22000385300000003,0.21489501500000002,0.23783398500000003,10,2026-07-10T17:15:09Z,1936897.2
rust,gimli-0.33.0,read::endian_reader::tests::endian,success,29.450,0.2278095286,0.011656575837619773,0.22484704650000004,0.211361509,0.245446612,10,2026-07-10T17:15:11Z,1936897.2
rust,gimli-0.33.0,read::endian_reader::tests::find,success,29.450,0.2164295842,0.006238000129367544,0.21638906000000002,0.20582215,0.225516463,10,2026-07-10T17:15:14Z,1936897.2
rust,gimli-0.33.0,read::endian_reader::tests::indexing,success,29.450,0.21103965010000003,0.004341656283587544,0.209806852,0.20587313000000002,0.217554288,10,2026-07-10T17:15:16Z,1936897.2
rust,gimli-0.33.0,read::endian_reader::tests::indexing_out_of_bounds,success,29.450,0.21818699550000004,0.012036233258100444,0.21445981800000002,0.205836025,0.24533293800000003,10,2026-07-10T17:15:18Z,1936897.2
rust,gimli-0.33.0,read::endian_reader::tests::offset_from,success,29.450,0.2149566717,0.00807177048630851,0.21414979,0.20514954700000002,0.233326054,10,2026-07-10T17:15:21Z,1936897.2
rust,gimli-0.33.0,read::endian_reader::tests::read_u8_array,success,29.450,0.21182107570000003,0.006286778549857006,0.20963041650000003,0.20403458900000002,0.226041455,10,2026-07-10T17:15:23Z,1936897.2
rust,gimli-0.33.0,read::endian_reader::tests::skip,success,29.450,0.2157405229,0.012401309201809298,0.21213926700000002,0.203885789,0.24666320800000002,10,2026-07-10T17:15:26Z,1936897.2
rust,gimli-0.33.0,read::endian_reader::tests::test_reader_split,success,29.450,0.2155974939,0.008932013487424983,0.2122618455,0.20707941200000002,0.236080861,10,2026-07-10T17:15:28Z,1936897.2
rust,gimli-0.33.0,read::endian_reader::tests::test_reader_split_out_of_bounds,success,29.450,0.20904348170000003,0.0043538608183867206,0.207854798,0.20403474300000002,0.216895693,10,2026-07-10T17:15:30Z,1936897.2
rust,gimli-0.33.0,read::endian_reader::tests::to_slice,success,29.450,0.21069023010000004,0.00312358726185424,0.2100156575,0.20587957,0.216291017,10,2026-07-10T17:15:33Z,1936897.2
rust,gimli-0.33.0,read::endian_reader::tests::to_string_err,success,29.450,0.21212821190000003,0.006459265963979817,0.2132121085,0.201815287,0.222629015,10,2026-07-10T17:15:35Z,1936897.2
rust,gimli-0.33.0,read::endian_reader::tests::to_string_lossy,success,29.450,0.2156665639,0.012066086635530769,0.2110198795,0.205884698,0.243734208,10,2026-07-10T17:15:37Z,1936897.2
rust,gimli-0.33.0,read::endian_reader::tests::to_string_ok,success,29.450,0.2088013523,0.004102529508765947,0.209303107,0.20232543500000003,0.21535173900000001,10,2026-07-10T17:15:40Z,1936897.2
rust,gimli-0.33.0,read::endian_reader::tests::truncate,success,29.450,0.2099160103,0.006617455631833116,0.20910015850000002,0.20472055,0.227295391,10,2026-07-10T17:15:42Z,1936897.2
rust,gimli-0.33.0,read::endian_slice::tests::test_endian_slice_split_at,success,29.450,0.2088830293,0.0045705608420795706,0.20786577150000002,0.20287495800000002,0.217454329,10,2026-07-10T17:15:44Z,1936897.2
rust,gimli-0.33.0,read::endian_slice::tests::test_endian_slice_split_at_out_of_bounds,success,29.450,0.2083394557,0.0034636339697783113,0.20724905050000003,0.203718949,0.21288931300000002,10,2026-07-10T17:15:47Z,1936897.2
rust,gimli-0.33.0,read::index::tests::test_cu_index,success,29.450,0.20899043420000002,0.0032315982221356654,0.21020590700000003,0.20378726100000003,0.21265002500000002,10,2026-07-10T17:15:49Z,1936897.2
rust,gimli-0.33.0,read::index::tests::test_empty,success,29.450,0.20885034090000004,0.004864073072038896,0.2084154745,0.202751961,0.21701883900000002,10,2026-07-10T17:15:51Z,1936897.2
rust,gimli-0.33.0,read::index::tests::test_hash,success,29.450,0.2078073666,0.005205729028686229,0.20859245850000002,0.201602736,0.217777836,10,2026-07-10T17:15:53Z,1936897.2
rust,gimli-0.33.0,read::index::tests::test_tu_index,success,29.450,0.2099847728,0.0059447089631508064,0.20896804600000002,0.20148523200000001,0.22480909300000002,10,2026-07-10T17:15:56Z,1936897.2
rust,gimli-0.33.0,read::index::tests::test_version_2,success,29.450,0.2123814873,0.0036944883607105583,0.213585779,0.20536917500000001,0.217003201,10,2026-07-10T17:15:58Z,1936897.2
rust,gimli-0.33.0,read::index::tests::test_version_2_sections,success,29.450,0.20910806540000001,0.003285512879874793,0.21032925000000002,0.20293782900000001,0.212004682,10,2026-07-10T17:16:00Z,1936897.2
rust,gimli-0.33.0,read::index::tests::test_version_5,success,29.450,0.2208260969,0.005495353776394255,0.21950394500000003,0.213857866,0.23028155500000003,10,2026-07-10T17:16:03Z,1936897.2
rust,gimli-0.33.0,read::index::tests::test_version_5_invalid,success,29.450,0.21612873979999997,0.007444348069342924,0.21275474500000002,0.209476706,0.230521466,10,2026-07-10T17:16:05Z,1936897.2
rust,gimli-0.33.0,read::index::tests::test_version_5_sections,success,29.450,0.21747450000000002,0.006868590767340822,0.2152206825,0.20930305400000002,0.23240152800000002,10,2026-07-10T17:16:08Z,1936897.2
rust,gimli-0.33.0,read::index::tests::test_zero_slots,success,29.450,0.2156671153,0.007160880318779295,0.21448750700000002,0.202968839,0.226239454,10,2026-07-10T17:16:10Z,1936897.2
rust,gimli-0.33.0,read::line::tests::test_exec_advance_line,success,29.450,0.21629520840000005,0.007863421753516972,0.2165316995,0.20765998500000002,0.229577154,10,2026-07-10T17:16:12Z,1936897.2
rust,gimli-0.33.0,read::line::tests::test_exec_advance_line_overflow,success,29.450,0.21469776840000004,0.005033619775710411,0.2138396755,0.208881918,0.225203175,10,2026-07-10T17:16:15Z,1936897.2
rust,gimli-0.33.0,read::line::tests::test_exec_advance_pc,success,29.450,0.2104908827,0.004603287600109977,0.21042740100000001,0.204782871,0.21736648700000002,10,2026-07-10T17:16:17Z,1936897.2
rust,gimli-0.33.0,read::line::tests::test_exec_advance_pc_overflow_32,success,29.450,0.2164450572,0.0052299206968150665,0.21492396000000002,0.210835822,0.226417956,10,2026-07-10T17:16:20Z,1936897.2
rust,gimli-0.33.0,read::line::tests::test_exec_advance_pc_overflow_64,success,29.450,0.21545665390000002,0.006338124254284132,0.215441846,0.20484153800000002,0.22877343300000003,10,2026-07-10T17:16:22Z,1936897.2
rust,gimli-0.33.0,read::line::tests::test_exec_const_add_pc,success,29.450,0.2165580248,0.010324729028091844,0.2139285655,0.205735043,0.24055408,10,2026-07-10T17:16:24Z,1936897.2
rust,gimli-0.33.0,read::line::tests::test_exec_const_add_pc_overflow,success,29.450,0.2095086697,0.005162841899953446,0.20847136850000003,0.20371592600000002,0.21908818100000002,10,2026-07-10T17:16:27Z,1936897.2
rust,gimli-0.33.0,read::line::tests::test_exec_copy,success,29.450,0.21095042590000004,0.006182119059644126,0.20802739450000002,0.20661546,0.226842381,10,2026-07-10T17:16:29Z,1936897.2
rust,gimli-0.33.0,read::line::tests::test_exec_define_file,success,29.450,0.21096371330000002,0.00923811268684942,0.2086394775,0.20008270700000003,0.22757600900000002,10,2026-07-10T17:16:31Z,1936897.2
rust,gimli-0.33.0,read::line::tests::test_exec_end_sequence,success,29.450,0.20897124179999998,0.0041352410585429366,0.2078126925,0.204246116,0.215169924,10,2026-07-10T17:16:34Z,1936897.2
rust,gimli-0.33.0,read::line::tests::test_exec_fixed_add_pc,success,29.450,0.21369777240000004,0.012191546659813887,0.2084051315,0.20479260200000002,0.23796223000000002,10,2026-07-10T17:16:36Z,1936897.2
rust,gimli-0.33.0,read::line::tests::test_exec_fixed_add_pc_overflow,success,29.450,0.21425526680000004,0.005889613274291833,0.21470848650000002,0.20610735400000002,0.225534539,10,2026-07-10T17:16:38Z,1936897.2
rust,gimli-0.33.0,read::line::tests::test_exec_negate_statement,success,29.450,0.21294948629999996,0.004768096578241562,0.21131278600000003,0.2068102,0.21992612,10,2026-07-10T17:16:41Z,1936897.2
rust,gimli-0.33.0,read::line::tests::test_exec_set_address,success,29.450,0.20982973090000004,0.004219948016962944,0.21025094,0.203383265,0.21476329100000002,10,2026-07-10T17:16:43Z,1936897.2
rust,gimli-0.33.0,read::line::tests::test_exec_set_address_backwards,success,29.450,0.21060051400000002,0.010468028868345969,0.20659866650000003,0.20189145400000003,0.236422087,10,2026-07-10T17:16:45Z,1936897.2
rust,gimli-0.33.0,read::line::tests::test_exec_set_address_tombstone,success,29.450,0.21536832890000004,0.00883457067117344,0.21355903250000002,0.204053103,0.23237407300000001,10,2026-07-10T17:16:48Z,1936897.2
rust,gimli-0.33.0,read::line::tests::test_exec_set_basic_block,success,29.450,0.213884456,0.006373217666653965,0.21252619550000001,0.20653937900000002,0.22624970600000002,10,2026-07-10T17:16:50Z,1936897.2
rust,gimli-0.33.0,read::line::tests::test_exec_set_column,success,29.450,0.21530554740000002,0.010995177217493074,0.2110517215,0.20282804200000001,0.237264364,10,2026-07-10T17:16:52Z,1936897.2
rust,gimli-0.33.0,read::line::tests::test_exec_set_discriminator,success,29.450,0.21762520800000001,0.010163816712945835,0.2137132905,0.20650221900000001,0.233932842,10,2026-07-10T17:16:55Z,1936897.2
rust,gimli-0.33.0,read::line::tests::test_exec_set_file_in_bounds,success,29.450,0.21536895940000003,0.008785955280202037,0.213804082,0.20601728300000002,0.229105207,10,2026-07-10T17:16:57Z,1936897.2
rust,gimli-0.33.0,read::line::tests::test_exec_set_file_out_of_bounds,success,29.450,0.2101960188,0.003944979655252391,0.209922214,0.20526244700000001,0.215585672,10,2026-07-10T17:17:00Z,1936897.2
rust,gimli-0.33.0,read::line::tests::test_exec_set_isa,success,29.450,0.2187656328,0.011368516038709156,0.21267777250000003,0.207971485,0.24146387500000002,10,2026-07-10T17:17:02Z,1936897.2
rust,gimli-0.33.0,read::line::tests::test_exec_set_prologue_end,success,29.450,0.2118928099,0.00485474233006695,0.210937598,0.206245154,0.223327662,10,2026-07-10T17:17:04Z,1936897.2
rust,gimli-0.33.0,read::line::tests::test_exec_special_line_underflow,success,29.450,0.21084366009999997,0.007902931826640404,0.2086451645,0.204527078,0.231441586,10,2026-07-10T17:17:07Z,1936897.2
rust,gimli-0.33.0,read::line::tests::test_exec_special_negative_line_advance,success,29.450,0.20890966470000003,0.0021998355602845547,0.2093537385,0.204657323,0.212211162,10,2026-07-10T17:17:09Z,1936897.2
rust,gimli-0.33.0,read::line::tests::test_exec_special_noop,success,29.450,0.20780991500000004,0.005317855450456533,0.20797192350000002,0.20092870200000001,0.216665392,10,2026-07-10T17:17:11Z,1936897.2
rust,gimli-0.33.0,read::line::tests::test_exec_special_positive_address_advance,success,29.450,0.21572338270000002,0.010649459438409926,0.21452515500000002,0.202976767,0.236929246,10,2026-07-10T17:17:14Z,1936897.2
rust,gimli-0.33.0,read::line::tests::test_exec_special_positive_address_and_line_advance,success,29.450,0.21406691590000002,0.009917840964336223,0.2109069415,0.205221117,0.238332129,10,2026-07-10T17:17:16Z,1936897.2
rust,gimli-0.33.0,read::line::tests::test_exec_special_positive_address_and_negative_line_advance,success,29.450,0.21415955610000004,0.010815393206308942,0.21282873400000002,0.202437751,0.240139712,10,2026-07-10T17:17:18Z,1936897.2
rust,gimli-0.33.0,read::line::tests::test_exec_special_positive_line_advance,success,29.450,0.21439032940000002,0.010136360502057008,0.21220157450000002,0.20318737,0.2361032,10,2026-07-10T17:17:21Z,1936897.2
rust,gimli-0.33.0,read::line::tests::test_exec_unknown_extended,success,29.450,0.20956189370000003,0.004192425827509627,0.208780596,0.20425126200000002,0.218522439,10,2026-07-10T17:17:23Z,1936897.2
rust,gimli-0.33.0,read::line::tests::test_exec_unknown_standard_0,success,29.450,0.20629140750000002,0.0035667926381678997,0.20488575400000003,0.202844511,0.214071579,10,2026-07-10T17:17:25Z,1936897.2
rust,gimli-0.33.0,read::line::tests::test_exec_unknown_standard_1,success,29.450,0.21133490520000003,0.008134436211785735,0.20934430450000002,0.202814463,0.223801937,10,2026-07-10T17:17:28Z,1936897.2
rust,gimli-0.33.0,read::line::tests::test_exec_unknown_standard_n,success,29.450,0.2132140625,0.005817397833088055,0.21237712150000002,0.205082269,0.222881147,10,2026-07-10T17:17:30Z,1936897.2
rust,gimli-0.33.0,read::line::tests::test_file_entry_directory,success,29.450,0.20683162039999997,0.0025848433659303753,0.207832752,0.201965777,0.209607483,10,2026-07-10T17:17:32Z,1936897.2
rust,gimli-0.33.0,read::line::tests::test_file_entry_file_index_in_bounds,success,29.450,0.2092175122,0.003619525008892063,0.2089525795,0.203605898,0.21436922400000002,10,2026-07-10T17:17:35Z,1936897.2
rust,gimli-0.33.0,read::line::tests::test_file_entry_file_index_out_of_bounds,success,29.450,0.2116069457,0.007200128932816572,0.209519715,0.20403427200000002,0.22846342600000002,10,2026-07-10T17:17:37Z,1936897.2
rust,gimli-0.33.0,read::line::tests::test_parse_debug_line_32_ok,success,29.450,0.21157620380000003,0.006721782772292745,0.208541115,0.20517932200000003,0.22495219400000002,10,2026-07-10T17:17:39Z,1936897.2
rust,gimli-0.33.0,read::line::tests::test_parse_debug_line_header_length_too_short,success,29.450,0.20720058560000001,0.004980247766887553,0.20545548000000002,0.20158483700000002,0.21566586000000001,10,2026-07-10T17:17:42Z,1936897.2
rust,gimli-0.33.0,read::line::tests::test_parse_debug_line_unit_length_too_short,success,29.450,0.21196449950000001,0.008678606228685338,0.2104281145,0.201454145,0.22713738800000002,10,2026-07-10T17:17:44Z,1936897.2
rust,gimli-0.33.0,read::line::tests::test_parse_debug_line_v5_ok,success,29.450,0.2169596382,0.008181927462685711,0.2164406795,0.20647171,0.23090833300000002,10,2026-07-10T17:17:46Z,1936897.2
rust,gimli-0.33.0,read::line::tests::test_parse_extended_opcodes,success,29.450,0.21708091530000004,0.00920372213310615,0.21471086450000001,0.20744788900000002,0.23674201700000003,10,2026-07-10T17:17:49Z,1936897.2
rust,gimli-0.33.0,read::line::tests::test_parse_special_opcodes,success,29.450,0.2099074886,0.006182789738112045,0.208720866,0.20242131900000002,0.218740062,10,2026-07-10T17:17:51Z,1936897.2
rust,gimli-0.33.0,read::line::tests::test_parse_standard_opcodes,success,29.450,0.21825706500000003,0.008896004278041762,0.21686553000000003,0.205090036,0.23153568300000002,10,2026-07-10T17:17:53Z,1936897.2
rust,gimli-0.33.0,read::line::tests::test_parse_unknown_standard_opcode_many_args,success,29.450,0.2096960621,0.00537869659142689,0.20810659850000002,0.202981938,0.22018531700000002,10,2026-07-10T17:17:56Z,1936897.2
rust,gimli-0.33.0,read::line::tests::test_parse_unknown_standard_opcode_no_args,success,29.450,0.21177995580000003,0.008860502576243701,0.21042988,0.20152919600000002,0.234623922,10,2026-07-10T17:17:58Z,1936897.2
rust,gimli-0.33.0,read::line::tests::test_parse_unknown_standard_opcode_one_arg,success,29.450,0.2098741988,0.0049808187853282605,0.20943064500000003,0.20127704100000002,0.21703243900000002,10,2026-07-10T17:18:00Z,1936897.2
rust,gimli-0.33.0,read::line::tests::test_sequences,success,29.450,0.2119233953,0.008645883510599892,0.2094284025,0.204293211,0.233117707,10,2026-07-10T17:18:03Z,1936897.2
rust,gimli-0.33.0,read::loclists::tests::test_get_offset,success,29.450,0.2122214928,0.013851697277860581,0.20708247000000002,0.20142767,0.24105451400000003,10,2026-07-10T17:18:05Z,1936897.2
rust,gimli-0.33.0,read::loclists::tests::test_location_list,success,29.450,0.20765174080000004,0.00500956087272749,0.2061945645,0.20247261700000002,0.21545190900000002,10,2026-07-10T17:18:07Z,1936897.2
rust,gimli-0.33.0,read::loclists::tests::test_locations_invalid,success,29.450,0.21284891740000003,0.009871625924312968,0.210408471,0.204073219,0.23695970600000002,10,2026-07-10T17:18:10Z,1936897.2
rust,gimli-0.33.0,read::loclists::tests::test_loclists,success,29.450,0.21088600070000002,0.005465332544145183,0.208746583,0.20612833200000003,0.22410549300000002,10,2026-07-10T17:18:12Z,1936897.2
rust,gimli-0.33.0,read::loclists::tests::test_loclists_gnu_v4_split_dwarf,success,29.450,0.20753507259999998,0.005964771263688288,0.2074327695,0.199928813,0.22043791100000001,10,2026-07-10T17:18:14Z,1936897.2
rust,gimli-0.33.0,read::macros::tests::get_macros_1,success,29.450,0.2056486943,0.004307449214538619,0.205237693,0.197870864,0.21410431800000002,10,2026-07-10T17:18:17Z,1936897.2
rust,gimli-0.33.0,read::macros::tests::get_macros_2,success,29.450,0.2141912101,0.005684960844852061,0.21172127000000002,0.207205882,0.22395998700000003,10,2026-07-10T17:18:19Z,1936897.2
rust,gimli-0.33.0,read::macros::tests::test_get_macinfo,success,29.450,0.21295174500000003,0.007694685929983524,0.210505974,0.204249819,0.231805385,10,2026-07-10T17:18:21Z,1936897.2
rust,gimli-0.33.0,read::names::tests::test_debug_names,success,29.450,0.21473598740000002,0.011459602058448195,0.2112919215,0.20533616000000002,0.24237538700000003,10,2026-07-10T17:18:24Z,1936897.2
rust,gimli-0.33.0,read::names::tests::test_debug_names_abbrev_table_empty,success,29.450,0.21436465740000005,0.005406066125543318,0.213188404,0.20670236,0.222262028,10,2026-07-10T17:18:26Z,1936897.2
rust,gimli-0.33.0,read::names::tests::test_debug_names_abbrev_table_invalid,success,29.450,0.2107361654,0.006267889132841227,0.20837507600000002,0.204721755,0.224585836,10,2026-07-10T17:18:28Z,1936897.2
rust,gimli-0.33.0,read::names::tests::test_debug_names_augmentation,success,29.450,0.21313434499999998,0.008875690081146506,0.20971138050000002,0.20607782400000002,0.23692042700000002,10,2026-07-10T17:18:31Z,1936897.2
rust,gimli-0.33.0,read::names::tests::test_debug_names_invalid_version,success,29.450,0.21050611739999997,0.008021491127762433,0.20912259500000002,0.197066444,0.22704131200000002,10,2026-07-10T17:18:33Z,1936897.2
rust,gimli-0.33.0,read::names::tests::test_debug_names_no_hash_table,success,29.450,0.21281431360000003,0.0045428746493239615,0.2130359635,0.205939708,0.21992,10,2026-07-10T17:18:35Z,1936897.2
rust,gimli-0.33.0,read::names::tests::test_debug_names_truncated,success,29.450,0.20880184500000004,0.005682232477066724,0.208002962,0.20236982,0.22059935400000003,10,2026-07-10T17:18:38Z,1936897.2
rust,gimli-0.33.0,read::op::tests::test_compute_pc,success,29.450,0.20928493020000008,0.0054964280046494425,0.20745828650000003,0.204174978,0.21893715500000002,10,2026-07-10T17:18:40Z,1936897.2
rust,gimli-0.33.0,read::op::tests::test_eval_arith,success,29.450,0.21062134970000002,0.005810415812043973,0.210482124,0.20236889100000002,0.224493776,10,2026-07-10T17:18:42Z,1936897.2
rust,gimli-0.33.0,read::op::tests::test_eval_arith64,success,29.450,0.21117668009999999,0.003558389817959438,0.20958845850000002,0.20723948900000003,0.218999209,10,2026-07-10T17:18:45Z,1936897.2
rust,gimli-0.33.0,read::op::tests::test_eval_call,success,29.450,0.2114258656,0.004742362962813747,0.2092409515,0.20778879900000002,0.22050117500000002,10,2026-07-10T17:18:47Z,1936897.2
rust,gimli-0.33.0,read::op::tests::test_eval_compare,success,29.450,0.21250284270000003,0.0049353234276508055,0.211616132,0.20625447200000002,0.22229062500000002,10,2026-07-10T17:18:49Z,1936897.2
rust,gimli-0.33.0,read::op::tests::test_eval_context,success,29.450,0.21379105350000005,0.006833578737716833,0.21153569,0.203547479,0.225341808,10,2026-07-10T17:18:52Z,1936897.2
rust,gimli-0.33.0,read::op::tests::test_eval_empty_stack,success,29.450,0.2103185626,0.005248361215258107,0.20927550150000002,0.20316625800000002,0.220977735,10,2026-07-10T17:18:54Z,1936897.2
rust,gimli-0.33.0,read::op::tests::test_eval_lit_and_reg,success,29.450,0.20945571759999998,0.0046034895769607965,0.2094886605,0.20395975600000002,0.219120954,10,2026-07-10T17:18:56Z,1936897.2
rust,gimli-0.33.0,read::op::tests::test_eval_max_iterations,success,29.450,0.21345592520000004,0.00719497627026229,0.2104398295,0.20644730700000002,0.227764546,10,2026-07-10T17:18:59Z,1936897.2
rust,gimli-0.33.0,read::op::tests::test_eval_memory,success,29.450,0.21436480610000003,0.006410054554180148,0.214721993,0.20493971700000002,0.22534182700000002,10,2026-07-10T17:19:01Z,1936897.2
rust,gimli-0.33.0,read::op::tests::test_eval_pieces,success,29.450,0.21201245540000002,0.004553292647231044,0.21067637250000001,0.207751709,0.22194872300000001,10,2026-07-10T17:19:03Z,1936897.2
rust,gimli-0.33.0,read::op::tests::test_eval_register,success,29.450,0.2136002355,0.013703677142363249,0.20900474200000002,0.203667399,0.25141492800000004,10,2026-07-10T17:19:06Z,1936897.2
rust,gimli-0.33.0,read::op::tests::test_eval_stack,success,29.450,0.2103172975,0.0044679110015896735,0.2102909065,0.203873884,0.21573313500000002,10,2026-07-10T17:19:08Z,1936897.2
rust,gimli-0.33.0,read::op::tests::test_eval_typed_stack,success,29.450,0.2085719912,0.0042744042887004514,0.207576229,0.20539579300000002,0.220074558,10,2026-07-10T17:19:10Z,1936897.2
rust,gimli-0.33.0,read::op::tests::test_op_convert,success,29.450,0.21048306600000002,0.006637280704015927,0.2095219255,0.20263518000000003,0.224054679,10,2026-07-10T17:19:13Z,1936897.2
rust,gimli-0.33.0,read::op::tests::test_op_parse_bit_piece,success,29.450,0.2110998335,0.0072822664425734665,0.21069047350000003,0.20201064300000002,0.226616335,10,2026-07-10T17:19:15Z,1936897.2
rust,gimli-0.33.0,read::op::tests::test_op_parse_bregx,success,29.450,0.20738688700000002,0.003933466749277678,0.20561228750000002,0.203613279,0.216314679,10,2026-07-10T17:19:17Z,1936897.2
rust,gimli-0.33.0,read::op::tests::test_op_parse_const_type,success,29.450,0.21331398570000001,0.008627797323020556,0.2102293695,0.204561609,0.22699616,10,2026-07-10T17:19:20Z,1936897.2
rust,gimli-0.33.0,read::op::tests::test_op_parse_deref_type,success,29.450,0.21242826460000003,0.005376532316461174,0.21108401850000003,0.20354685600000003,0.22134235600000002,10,2026-07-10T17:19:22Z,1936897.2
rust,gimli-0.33.0,read::op::tests::test_op_parse_entry_value,success,29.450,0.2106118127,0.006789948871947945,0.2083378735,0.20506229,0.22685215700000003,10,2026-07-10T17:19:24Z,1936897.2
rust,gimli-0.33.0,read::op::tests::test_op_parse_fivebyte,success,29.450,0.21093412179999999,0.006757265290903475,0.20966888150000002,0.20390244600000001,0.223784581,10,2026-07-10T17:19:27Z,1936897.2
rust,gimli-0.33.0,read::op::tests::test_op_parse_gnu_parameter_ref,success,29.450,0.2122024782,0.005546878568520399,0.20947286,0.206612491,0.22248682800000003,10,2026-07-10T17:19:29Z,1936897.2
rust,gimli-0.33.0,read::op::tests::test_op_parse_implicit_pointer,success,29.450,0.2099815252,0.010636964272942997,0.20623027450000003,0.201051682,0.23776866200000002,10,2026-07-10T17:19:31Z,1936897.2
rust,gimli-0.33.0,read::op::tests::test_op_parse_implicit_value,success,29.450,0.2120244086,0.004625146687305129,0.2116810795,0.205324377,0.218738742,10,2026-07-10T17:19:34Z,1936897.2
rust,gimli-0.33.0,read::op::tests::test_op_parse_ninebyte,success,29.450,0.21249083289999998,0.005333864491665276,0.21138740550000001,0.205137965,0.221287863,10,2026-07-10T17:19:36Z,1936897.2
rust,gimli-0.33.0,read::op::tests::test_op_parse_onebyte,success,29.450,0.2111664207,0.005885114877078593,0.2090998395,0.20519898900000003,0.22459045100000002,10,2026-07-10T17:19:38Z,1936897.2
rust,gimli-0.33.0,read::op::tests::test_op_parse_regval_type,success,29.450,0.20941167870000005,0.005052748458619918,0.20750047650000003,0.20281532600000002,0.218103502,10,2026-07-10T17:19:41Z,1936897.2
rust,gimli-0.33.0,read::op::tests::test_op_parse_sleb,success,29.450,0.21195043699999996,0.006840079276447248,0.21163406950000002,0.204220105,0.22312488100000002,10,2026-07-10T17:19:43Z,1936897.2
rust,gimli-0.33.0,read::op::tests::test_op_parse_threebyte,success,29.450,0.2108777974,0.006995196236392451,0.20974578500000002,0.20304031800000003,0.22175127,10,2026-07-10T17:19:45Z,1936897.2
rust,gimli-0.33.0,read::op::tests::test_op_parse_twobyte,success,29.450,0.20853538940000002,0.004081101062604533,0.208694076,0.19966287100000002,0.21428680400000003,10,2026-07-10T17:19:48Z,1936897.2
rust,gimli-0.33.0,read::op::tests::test_op_parse_uleb,success,29.450,0.2097623343,0.006016398603222973,0.21015364350000001,0.20139246900000002,0.22054857400000002,10,2026-07-10T17:19:50Z,1936897.2
rust,gimli-0.33.0,read::op::tests::test_op_reinterpret,success,29.450,0.20865319000000002,0.003838596928234298,0.20741217150000002,0.20336856,0.213746335,10,2026-07-10T17:19:52Z,1936897.2
rust,gimli-0.33.0,read::op::tests::test_op_wasm,success,29.450,0.21346421840000002,0.005969495077299836,0.2114203105,0.20706494,0.22271598,10,2026-07-10T17:19:55Z,1936897.2
rust,gimli-0.33.0,read::reader::test::test_min_tombstone,success,29.450,0.20970172610000004,0.005202864191860275,0.2108709775,0.20173206800000001,0.217949686,10,2026-07-10T17:19:57Z,1936897.2
rust,gimli-0.33.0,read::rnglists::tests::test_get_offset,success,29.450,0.21080640170000003,0.003738228124339483,0.2102719715,0.20660228700000002,0.21576154500000003,10,2026-07-10T17:19:59Z,1936897.2
rust,gimli-0.33.0,read::rnglists::tests::test_ranges,success,29.450,0.20831398610000001,0.0035635064516324247,0.20767741350000002,0.20233874500000001,0.21558178500000003,10,2026-07-10T17:20:02Z,1936897.2
rust,gimli-0.33.0,read::rnglists::tests::test_ranges_invalid,success,29.450,0.21000270650000002,0.004156494060669059,0.21097346,0.20357002800000001,0.21715909400000002,10,2026-07-10T17:20:04Z,1936897.2
rust,gimli-0.33.0,read::rnglists::tests::test_raw_range,success,29.450,0.2063445342,0.0047133692269893295,0.204837757,0.200058751,0.21704552000000002,10,2026-07-10T17:20:06Z,1936897.2
rust,gimli-0.33.0,read::rnglists::tests::test_rnglists,success,29.450,0.21122439669999998,0.0060899466433130935,0.20963312300000003,0.203760609,0.224032157,10,2026-07-10T17:20:08Z,1936897.2
rust,gimli-0.33.0,read::str::tests::test_get_str_offset,success,29.450,0.2129080704,0.0076244256956689935,0.211566726,0.20654053800000002,0.23261741200000002,10,2026-07-10T17:20:11Z,1936897.2
rust,gimli-0.33.0,read::tests::test_parse_initial_length_32_ok,success,29.450,0.21678364590000002,0.021151142027680533,0.21006777050000003,0.204090875,0.27466596600000004,10,2026-07-10T17:20:13Z,1936897.2
rust,gimli-0.33.0,read::tests::test_parse_initial_length_64_incomplete,success,29.450,0.20909118910000002,0.005792167504470279,0.2099733685,0.201408459,0.21729251200000002,10,2026-07-10T17:20:16Z,1936897.2
rust,gimli-0.33.0,read::tests::test_parse_initial_length_64_ok,success,29.450,0.21112779130000003,0.006343402450300191,0.21001741200000001,0.20380762300000002,0.22128418300000002,10,2026-07-10T17:20:18Z,1936897.2
rust,gimli-0.33.0,read::tests::test_parse_initial_length_incomplete,success,29.450,0.2065568172,0.0034237719541746095,0.20603167300000003,0.201538506,0.212646848,10,2026-07-10T17:20:20Z,1936897.2
rust,gimli-0.33.0,read::tests::test_parse_initial_length_unknown_reserved_value,success,29.450,0.20742191229999998,0.004396417427444028,0.2078092325,0.200993092,0.21312924100000002,10,2026-07-10T17:20:22Z,1936897.2
rust,gimli-0.33.0,read::tests::test_parse_offset_32,success,29.450,0.20656797590000003,0.004904393334393805,0.20618348150000002,0.199243325,0.21627414900000003,10,2026-07-10T17:20:25Z,1936897.2
rust,gimli-0.33.0,read::tests::test_parse_offset_64_large,success,29.450,0.20638577930000004,0.006070571854196311,0.204533786,0.20035371100000002,0.22006134700000002,10,2026-07-10T17:20:27Z,1936897.2
rust,gimli-0.33.0,read::tests::test_parse_offset_64_small,success,29.450,0.2131113225,0.007657249829698349,0.213175305,0.20260546200000001,0.22628467900000002,10,2026-07-10T17:20:29Z,1936897.2
rust,gimli-0.33.0,read::unit::tests::test_attribute_udata_sdata_value,success,29.450,0.2038243944,0.004868333163354357,0.20517789,0.197558865,0.210036562,10,2026-07-10T17:20:32Z,1936897.2
rust,gimli-0.33.0,read::unit::tests::test_attribute_value,success,29.450,0.2078474387,0.005517638931434329,0.20645729750000003,0.201021516,0.217733854,10,2026-07-10T17:20:34Z,1936897.2
rust,gimli-0.33.0,read::unit::tests::test_cursor_next_dfs,success,29.450,0.20489183170000005,0.0038776306534455893,0.20421058000000003,0.19947608700000002,0.212060882,10,2026-07-10T17:20:36Z,1936897.2
rust,gimli-0.33.0,read::unit::tests::test_cursor_next_entry,success,29.450,0.2233957685,0.028975748918073245,0.2081532745,0.19998341600000002,0.276638738,10,2026-07-10T17:20:39Z,1936897.2
rust,gimli-0.33.0,read::unit::tests::test_cursor_next_entry_incomplete,success,29.450,0.26310848659999997,0.025977824432272967,0.266709969,0.231435889,0.301245988,10,2026-07-10T17:20:42Z,1936897.2
rust,gimli-0.33.0,read::unit::tests::test_cursor_next_sibling_continuation,success,29.450,0.2416725059,0.029756474665396507,0.234415649,0.207753672,0.29137475700000004,10,2026-07-10T17:20:44Z,1936897.2
rust,gimli-0.33.0,read::unit::tests::test_cursor_next_sibling_no_sibling_ptr,success,29.450,0.2100545887,0.0059448906026619945,0.20734482750000002,0.20361346700000002,0.21946536200000002,10,2026-07-10T17:20:47Z,1936897.2
rust,gimli-0.33.0,read::unit::tests::test_debug_info_next_sibling_with_ptr,success,29.450,0.21268790230000004,0.009366454876764066,0.2117297245,0.203030285,0.23457930700000001,10,2026-07-10T17:20:49Z,1936897.2
rust,gimli-0.33.0,read::unit::tests::test_debug_info_offset,success,29.450,0.20543118760000004,0.006799559969030253,0.2033838835,0.19633641300000002,0.215696345,10,2026-07-10T17:20:51Z,1936897.2
rust,gimli-0.33.0,read::unit::tests::test_debug_types_next_sibling_with_ptr,success,29.450,0.2093195076,0.0041655895238612625,0.2095173495,0.203485131,0.217462218,10,2026-07-10T17:20:53Z,1936897.2
rust,gimli-0.33.0,read::unit::tests::test_debug_types_offset,success,29.450,0.20728010990000004,0.007643035010469051,0.20292380850000002,0.200184458,0.218213379,10,2026-07-10T17:20:56Z,1936897.2
rust,gimli-0.33.0,read::unit::tests::test_entries_at_offset,success,29.450,0.208404224,0.005666292169447717,0.20822511500000002,0.200154578,0.21903364700000003,10,2026-07-10T17:20:58Z,1936897.2
rust,gimli-0.33.0,read::unit::tests::test_entries_raw,success,29.450,0.2057617015,0.004665847881175471,0.206100095,0.197857894,0.21535046500000002,10,2026-07-10T17:21:00Z,1936897.2
rust,gimli-0.33.0,read::unit::tests::test_entries_tree,success,29.450,0.2058284683,0.004226032169321083,0.20636792250000002,0.19878595100000002,0.213322117,10,2026-07-10T17:21:03Z,1936897.2
rust,gimli-0.33.0,read::unit::tests::test_length_including_self,success,29.450,0.20681688190000008,0.005404458889060581,0.205778111,0.200229711,0.21926914700000003,10,2026-07-10T17:21:05Z,1936897.2
rust,gimli-0.33.0,read::unit::tests::test_parse_attribute_addr,success,29.450,0.20636154070000004,0.004400067675924898,0.2051825785,0.19944514900000002,0.21452063200000002,10,2026-07-10T17:21:07Z,1936897.2
rust,gimli-0.33.0,read::unit::tests::test_parse_attribute_addr8,success,29.450,0.2065773051,0.0041802190991678,0.2056266065,0.202117772,0.21531849800000002,10,2026-07-10T17:21:09Z,1936897.2
rust,gimli-0.33.0,read::unit::tests::test_parse_attribute_addrx,success,29.450,0.20692690849999998,0.004301561207031395,0.2065860995,0.199940857,0.212700457,10,2026-07-10T17:21:12Z,1936897.2
rust,gimli-0.33.0,read::unit::tests::test_parse_attribute_addrx1,success,29.450,0.2076070211,0.006264970194642633,0.20757358800000003,0.199429045,0.219597599,10,2026-07-10T17:21:14Z,1936897.2
rust,gimli-0.33.0,read::unit::tests::test_parse_attribute_addrx2,success,29.450,0.2052978588,0.005615249281678132,0.2043952015,0.19897819700000002,0.214086466,10,2026-07-10T17:21:16Z,1936897.2
rust,gimli-0.33.0,read::unit::tests::test_parse_attribute_addrx3,success,29.450,0.2061634462,0.0051226636959383395,0.2036138845,0.200261463,0.21615084,10,2026-07-10T17:21:19Z,1936897.2
rust,gimli-0.33.0,read::unit::tests::test_parse_attribute_addrx4,success,29.450,0.20868764370000004,0.008912331500857575,0.20502383400000002,0.19965422200000002,0.22952809200000002,10,2026-07-10T17:21:21Z,1936897.2
rust,gimli-0.33.0,read::unit::tests::test_parse_attribute_block,success,29.450,0.2066755542,0.005703303131999891,0.20530726,0.201556908,0.22075044200000002,10,2026-07-10T17:21:23Z,1936897.2
rust,gimli-0.33.0,read::unit::tests::test_parse_attribute_block1,success,29.450,0.2033691791,0.0049120564758755566,0.20162625450000002,0.19769282400000002,0.21284113500000001,10,2026-07-10T17:21:25Z,1936897.2
rust,gimli-0.33.0,read::unit::tests::test_parse_attribute_block2,success,29.450,0.20420867449999996,0.003551348744828527,0.2039242235,0.20004686200000002,0.20957803700000002,10,2026-07-10T17:21:28Z,1936897.2
rust,gimli-0.33.0,read::unit::tests::test_parse_attribute_block4,success,29.450,0.2075267681,0.0068083623541243705,0.20449496500000003,0.198170499,0.21741907700000002,10,2026-07-10T17:21:30Z,1936897.2
rust,gimli-0.33.0,read::unit::tests::test_parse_attribute_data1,success,29.450,0.20389075940000004,0.005702581003035032,0.20399932950000002,0.19404442700000002,0.21583923500000002,10,2026-07-10T17:21:32Z,1936897.2
rust,gimli-0.33.0,read::unit::tests::test_parse_attribute_data16,success,29.450,0.2033695426,0.003899082245520442,0.2035490845,0.19820665,0.210553969,10,2026-07-10T17:21:34Z,1936897.2
rust,gimli-0.33.0,read::unit::tests::test_parse_attribute_data2,success,29.450,0.2041508453,0.00435950264696057,0.204049661,0.19822929,0.213525513,10,2026-07-10T17:21:37Z,1936897.2
rust,gimli-0.33.0,read::unit::tests::test_parse_attribute_data4,success,29.450,0.203883584,0.0036280276699748736,0.20377156800000001,0.19896455100000002,0.208706263,10,2026-07-10T17:21:39Z,1936897.2
rust,gimli-0.33.0,read::unit::tests::test_parse_attribute_data8,success,29.450,0.20654253350000004,0.006388155174269038,0.20496865800000003,0.19833614900000002,0.218605192,10,2026-07-10T17:21:41Z,1936897.2
rust,gimli-0.33.0,read::unit::tests::test_parse_attribute_exprloc,success,29.450,0.2028714811,0.0056695305156145275,0.2010265685,0.197272894,0.216735207,10,2026-07-10T17:21:43Z,1936897.2
rust,gimli-0.33.0,read::unit::tests::test_parse_attribute_flag_false,success,29.450,0.20753267830000005,0.0066973872892993275,0.204959956,0.19966650500000002,0.217611677,10,2026-07-10T17:21:46Z,1936897.2
rust,gimli-0.33.0,read::unit::tests::test_parse_attribute_flag_present,success,29.450,0.20237805120000002,0.004461580243810955,0.202516839,0.19630165800000002,0.20893413700000002,10,2026-07-10T17:21:48Z,1936897.2
rust,gimli-0.33.0,read::unit::tests::test_parse_attribute_flag_true,success,29.450,0.2048650528,0.004062523754363887,0.20461620900000002,0.19903078500000002,0.21273583100000001,10,2026-07-10T17:21:50Z,1936897.2
rust,gimli-0.33.0,read::unit::tests::test_parse_attribute_gnu_ref_alt_32,success,29.450,0.20470066130000003,0.005683815916897148,0.20485984550000003,0.19494699100000001,0.21247932600000002,10,2026-07-10T17:21:52Z,1936897.2
rust,gimli-0.33.0,read::unit::tests::test_parse_attribute_gnu_ref_alt_64,success,29.450,0.20130997770000003,0.004574307515701903,0.200257126,0.193305774,0.21009987900000002,10,2026-07-10T17:21:55Z,1936897.2
rust,gimli-0.33.0,read::unit::tests::test_parse_attribute_gnu_strp_alt_32,success,29.450,0.2033688026,0.005008123080706762,0.20197022850000002,0.197616646,0.213383074,10,2026-07-10T17:21:57Z,1936897.2
rust,gimli-0.33.0,read::unit::tests::test_parse_attribute_gnu_strp_alt_64,success,29.450,0.2035228688,0.004658615208693405,0.20364483650000004,0.19770195000000002,0.21062434700000002,10,2026-07-10T17:21:59Z,1936897.2
rust,gimli-0.33.0,read::unit::tests::test_parse_attribute_indirect,success,29.450,0.2069300423,0.005643357367989677,0.206135545,0.19899945500000002,0.216361359,10,2026-07-10T17:22:01Z,1936897.2
rust,gimli-0.33.0,read::unit::tests::test_parse_attribute_indirect_implicit_const,success,29.450,0.20265914340000002,0.004352821848251346,0.20251167750000001,0.19547303700000002,0.20940966400000002,10,2026-07-10T17:22:04Z,1936897.2
rust,gimli-0.33.0,read::unit::tests::test_parse_attribute_loclistx,success,29.450,0.20296739400000002,0.004328658467499833,0.2039781905,0.196213416,0.207460096,10,2026-07-10T17:22:06Z,1936897.2
rust,gimli-0.33.0,read::unit::tests::test_parse_attribute_ref1,success,29.450,0.20299953189999997,0.006780042450196864,0.20243749300000002,0.193622756,0.21767459700000003,10,2026-07-10T17:22:08Z,1936897.2
rust,gimli-0.33.0,read::unit::tests::test_parse_attribute_ref2,success,29.450,0.20063374280000007,0.0036343690646612704,0.20081390650000003,0.19462720500000003,0.20733379300000002,10,2026-07-10T17:22:10Z,1936897.2
rust,gimli-0.33.0,read::unit::tests::test_parse_attribute_ref4,success,29.450,0.20348069300000002,0.0062971393298748325,0.2021370985,0.19525239500000002,0.215919662,10,2026-07-10T17:22:13Z,1936897.2
rust,gimli-0.33.0,read::unit::tests::test_parse_attribute_ref8,success,29.450,0.2020183259,0.004346790873121264,0.201071254,0.196943859,0.209209382,10,2026-07-10T17:22:15Z,1936897.2
rust,gimli-0.33.0,read::unit::tests::test_parse_attribute_ref_sup4,success,29.450,0.20755266090000002,0.005945786961570827,0.2080953525,0.196775434,0.216113834,10,2026-07-10T17:22:17Z,1936897.2
rust,gimli-0.33.0,read::unit::tests::test_parse_attribute_ref_sup8,success,29.450,0.19922579660000003,0.00279016013652388,0.19968688350000002,0.194143956,0.20257006600000002,10,2026-07-10T17:22:19Z,1936897.2
rust,gimli-0.33.0,read::unit::tests::test_parse_attribute_refaddr8_version2,success,29.450,0.2054737952,0.007662537932225562,0.20359630150000002,0.196100417,0.21951376600000003,10,2026-07-10T17:22:22Z,1936897.2
rust,gimli-0.33.0,read::unit::tests::test_parse_attribute_refaddr_32,success,29.450,0.20371784490000003,0.005287842917561032,0.20281806800000002,0.19659953700000002,0.21254609500000002,10,2026-07-10T17:22:24Z,1936897.2
rust,gimli-0.33.0,read::unit::tests::test_parse_attribute_refaddr_64,success,29.450,0.20708345,0.0029130998511202972,0.2073351135,0.203500539,0.21151522,10,2026-07-10T17:22:26Z,1936897.2
rust,gimli-0.33.0,read::unit::tests::test_parse_attribute_refaddr_version2,success,29.450,0.2034991739,0.005352036356435757,0.20193732250000002,0.197715675,0.21263393200000003,10,2026-07-10T17:22:28Z,1936897.2
rust,gimli-0.33.0,read::unit::tests::test_parse_attribute_refsig8,success,29.450,0.19999942830000003,0.0035577087841527407,0.20087736150000002,0.19444229100000002,0.205017249,10,2026-07-10T17:22:31Z,1936897.2
rust,gimli-0.33.0,read::unit::tests::test_parse_attribute_refudata,success,29.450,0.20554143549999998,0.005367335469211604,0.2050408815,0.19741835000000002,0.214351853,10,2026-07-10T17:22:33Z,1936897.2
rust,gimli-0.33.0,read::unit::tests::test_parse_attribute_rnglistx,success,29.450,0.2012760422,0.003951683864458284,0.2003019735,0.195952542,0.208699308,10,2026-07-10T17:22:35Z,1936897.2
rust,gimli-0.33.0,read::unit::tests::test_parse_attribute_sdata,success,29.450,0.2038285049,0.004542235434309642,0.2025507685,0.19896074100000002,0.212121992,10,2026-07-10T17:22:37Z,1936897.2
rust,gimli-0.33.0,read::unit::tests::test_parse_attribute_sec_offset_32,success,29.450,0.2030677053,0.004371515538991533,0.202437213,0.19759452600000002,0.210543425,10,2026-07-10T17:22:40Z,1936897.2
rust,gimli-0.33.0,read::unit::tests::test_parse_attribute_sec_offset_64,success,29.450,0.20330090709999998,0.0045294785632162375,0.20250807400000004,0.196090493,0.211881434,10,2026-07-10T17:22:42Z,1936897.2
rust,gimli-0.33.0,read::unit::tests::test_parse_attribute_string,success,29.450,0.2019197725,0.002385272295208813,0.20147892,0.198670805,0.205841508,10,2026-07-10T17:22:44Z,1936897.2
rust,gimli-0.33.0,read::unit::tests::test_parse_attribute_strp_32,success,29.450,0.203514344,0.005226289675112718,0.202315821,0.195958933,0.21136954500000002,10,2026-07-10T17:22:46Z,1936897.2
rust,gimli-0.33.0,read::unit::tests::test_parse_attribute_strp_64,success,29.450,0.20276256850000002,0.007122360630569771,0.20127221500000003,0.19436551700000002,0.21658339000000001,10,2026-07-10T17:22:49Z,1936897.2
rust,gimli-0.33.0,read::unit::tests::test_parse_attribute_strp_sup_32,success,29.450,0.2054069943,0.006536702840007312,0.20501890450000002,0.197702509,0.22098608300000003,10,2026-07-10T17:22:51Z,1936897.2
rust,gimli-0.33.0,read::unit::tests::test_parse_attribute_strp_sup_64,success,29.450,0.2012026278,0.002350230257143127,0.20126966950000003,0.19788776100000002,0.204775962,10,2026-07-10T17:22:53Z,1936897.2
rust,gimli-0.33.0,read::unit::tests::test_parse_attribute_strx,success,29.450,0.20553477280000004,0.005974423798551996,0.20563568250000003,0.197643229,0.21549214700000002,10,2026-07-10T17:22:55Z,1936897.2
rust,gimli-0.33.0,read::unit::tests::test_parse_attribute_strx1,success,29.450,0.20380049110000004,0.0067968970977810225,0.202131842,0.19789488100000002,0.22189978700000001,10,2026-07-10T17:22:58Z,1936897.2
rust,gimli-0.33.0,read::unit::tests::test_parse_attribute_strx2,success,29.450,0.20316783750000003,0.004937267609419279,0.2020130415,0.19851141,0.21414924100000002,10,2026-07-10T17:23:00Z,1936897.2
rust,gimli-0.33.0,read::unit::tests::test_parse_attribute_strx3,success,29.450,0.20347500229999999,0.006844727628630817,0.200920171,0.195739346,0.214909908,10,2026-07-10T17:23:02Z,1936897.2
rust,gimli-0.33.0,read::unit::tests::test_parse_attribute_strx4,success,29.450,0.20110232210000004,0.004779072073665243,0.20137676100000002,0.193950446,0.211111243,10,2026-07-10T17:23:04Z,1936897.2
rust,gimli-0.33.0,read::unit::tests::test_parse_attribute_udata,success,29.450,0.2081079629,0.018904353478923618,0.20039927150000003,0.19254423,0.244520234,10,2026-07-10T17:23:07Z,1936897.2
rust,gimli-0.33.0,read::unit::tests::test_parse_type_unit_abbrevs,success,29.450,0.2027856989,0.004141521866223481,0.2038770595,0.19485755400000002,0.20795516300000003,10,2026-07-10T17:23:09Z,1936897.2
rust,gimli-0.33.0,read::unit::tests::test_parse_type_unit_header_32_ok,success,29.450,0.2031721558,0.00219398533985605,0.2030085855,0.199889324,0.206701573,10,2026-07-10T17:23:11Z,1936897.2
rust,gimli-0.33.0,read::unit::tests::test_parse_type_unit_header_64_ok,success,29.450,0.2025314468,0.004004331651848364,0.2041504375,0.195483665,0.207036505,10,2026-07-10T17:23:13Z,1936897.2
rust,gimli-0.33.0,read::unit::tests::test_parse_unit_header_32_ok,success,29.450,0.20369445969999997,0.0041771426264491434,0.20260042100000003,0.197125617,0.210773811,10,2026-07-10T17:23:16Z,1936897.2
rust,gimli-0.33.0,read::unit::tests::test_parse_unit_header_64_ok,success,29.450,0.20253955760000003,0.004875093534157389,0.20043457800000003,0.198360018,0.21258352000000003,10,2026-07-10T17:23:18Z,1936897.2
rust,gimli-0.33.0,read::unit::tests::test_parse_v5_partial_unit_header_32_ok,success,29.450,0.202623077,0.005094400323065905,0.202277567,0.19665632900000002,0.21277183500000002,10,2026-07-10T17:23:20Z,1936897.2
rust,gimli-0.33.0,read::unit::tests::test_parse_v5_partial_unit_header_64_ok,success,29.450,0.2061344942,0.0058516080465339645,0.20430591050000002,0.19811847100000002,0.21681376600000002,10,2026-07-10T17:23:22Z,1936897.2
rust,gimli-0.33.0,read::unit::tests::test_parse_v5_skeleton_unit_header_32_ok,success,29.450,0.2037280871,0.006188810297615444,0.20303661250000002,0.196315855,0.214152636,10,2026-07-10T17:23:25Z,1936897.2
rust,gimli-0.33.0,read::unit::tests::test_parse_v5_skeleton_unit_header_64_ok,success,29.450,0.2012998565,0.006311226902217252,0.19958127000000003,0.19626980900000002,0.21801640000000003,10,2026-07-10T17:23:27Z,1936897.2
rust,gimli-0.33.0,read::unit::tests::test_parse_v5_split_compilation_unit_header_32_ok,success,29.450,0.20661950320000005,0.008057995767178914,0.20357478350000002,0.199360476,0.223439557,10,2026-07-10T17:23:29Z,1936897.2
rust,gimli-0.33.0,read::unit::tests::test_parse_v5_split_compilation_unit_header_64_ok,success,29.450,0.20725940980000002,0.009823401582982118,0.20476109050000002,0.19749781500000002,0.23298642200000003,10,2026-07-10T17:23:31Z,1936897.2
rust,gimli-0.33.0,read::unit::tests::test_parse_v5_split_type_unit_header_32_ok,success,29.450,0.20400376950000002,0.005320417391841992,0.201664711,0.199833108,0.21726352100000001,10,2026-07-10T17:23:34Z,1936897.2
rust,gimli-0.33.0,read::unit::tests::test_parse_v5_split_type_unit_header_64_ok,success,29.450,0.2047628269,0.004729863174796814,0.201803083,0.200653879,0.21322427100000002,10,2026-07-10T17:23:36Z,1936897.2
rust,gimli-0.33.0,read::unit::tests::test_parse_v5_type_unit_header_32_ok,success,29.450,0.20496749519999996,0.005586745860573192,0.2035904315,0.197917528,0.215138299,10,2026-07-10T17:23:38Z,1936897.2
rust,gimli-0.33.0,read::unit::tests::test_parse_v5_type_unit_header_64_ok,success,29.450,0.2051779152,0.004081802444147433,0.205138775,0.19900473700000001,0.210877416,10,2026-07-10T17:23:40Z,1936897.2
rust,gimli-0.33.0,read::unit::tests::test_parse_v5_unit_header_32_ok,success,29.450,0.20694447840000002,0.011133409473053248,0.20277193000000002,0.196024092,0.233536551,10,2026-07-10T17:23:43Z,1936897.2
rust,gimli-0.33.0,read::unit::tests::test_parse_v5_unit_header_64_ok,success,29.450,0.2067449425,0.007024078936547397,0.203413421,0.199493414,0.21791258400000002,10,2026-07-10T17:23:45Z,1936897.2
rust,gimli-0.33.0,read::unit::tests::test_unit_header_variance,success,29.450,0.20598028780000002,0.006272283500367025,0.20402156400000002,0.198805203,0.21727528200000001,10,2026-07-10T17:23:47Z,1936897.2
rust,gimli-0.33.0,read::unit::tests::test_unit_version_incomplete,success,29.450,0.20581312840000004,0.007108594412706672,0.204971798,0.19881141200000002,0.22410337000000002,10,2026-07-10T17:23:50Z,1936897.2
rust,gimli-0.33.0,read::unit::tests::test_unit_version_unknown_version,success,29.450,0.2070494342,0.005799663061500114,0.205811337,0.198886535,0.218219075,10,2026-07-10T17:23:52Z,1936897.2
rust,gimli-0.33.0,read::unit::tests::test_units,success,29.450,0.20470269329999996,0.004387383628027985,0.2032681885,0.20094286800000002,0.21605976000000002,10,2026-07-10T17:23:54Z,1936897.2
rust,gimli-0.33.0,read::value::tests::value_abs,success,29.450,0.20461186510000004,0.0054955600522129285,0.2033453005,0.19950652200000002,0.21911607400000002,10,2026-07-10T17:23:56Z,1936897.2
rust,gimli-0.33.0,read::value::tests::value_add,success,29.450,0.2086499313,0.005313651538026542,0.209042886,0.20075272000000002,0.21673054000000003,10,2026-07-10T17:23:59Z,1936897.2
rust,gimli-0.33.0,read::value::tests::value_and,success,29.450,0.20481088090000005,0.003928930744765539,0.203501553,0.19874998600000002,0.21147035900000002,10,2026-07-10T17:24:01Z,1936897.2
rust,gimli-0.33.0,read::value::tests::value_convert,success,29.450,0.20551845820000003,0.0035452616532141343,0.20509654500000002,0.200909951,0.211260631,10,2026-07-10T17:24:03Z,1936897.2
rust,gimli-0.33.0,read::value::tests::value_div,success,29.450,0.207146608,0.004265770327170801,0.2059159955,0.202300322,0.21578318800000001,10,2026-07-10T17:24:05Z,1936897.2
rust,gimli-0.33.0,read::value::tests::value_eq,success,29.450,0.2044912149,0.0027855012138829974,0.20437015800000002,0.200370435,0.20878304,10,2026-07-10T17:24:08Z,1936897.2
rust,gimli-0.33.0,read::value::tests::value_ge,success,29.450,0.20583648290000003,0.003976681065325019,0.2059891895,0.200150019,0.212056977,10,2026-07-10T17:24:10Z,1936897.2
rust,gimli-0.33.0,read::value::tests::value_gt,success,29.450,0.20778212960000006,0.005457001035636435,0.20660084450000002,0.201449554,0.214889569,10,2026-07-10T17:24:12Z,1936897.2
rust,gimli-0.33.0,read::value::tests::value_le,success,29.450,0.20570569260000005,0.006447536381536972,0.20289821700000002,0.20068217300000002,0.218774887,10,2026-07-10T17:24:15Z,1936897.2
rust,gimli-0.33.0,read::value::tests::value_lt,success,29.450,0.2058890495,0.005118018167802269,0.2050915405,0.199189257,0.214327649,10,2026-07-10T17:24:17Z,1936897.2
rust,gimli-0.33.0,read::value::tests::value_mul,success,29.450,0.20629864290000005,0.006140637468334871,0.205139523,0.198911147,0.216965922,10,2026-07-10T17:24:19Z,1936897.2
rust,gimli-0.33.0,read::value::tests::value_ne,success,29.450,0.20945712209999998,0.008562348393367102,0.20706165,0.2012787,0.23055275800000002,10,2026-07-10T17:24:21Z,1936897.2
rust,gimli-0.33.0,read::value::tests::value_neg,success,29.450,0.2056124756,0.003326270030390138,0.2047500545,0.201461575,0.210599057,10,2026-07-10T17:24:24Z,1936897.2
rust,gimli-0.33.0,read::value::tests::value_not,success,29.450,0.2027166787,0.003643095435594602,0.201586435,0.198397774,0.209488261,10,2026-07-10T17:24:26Z,1936897.2
rust,gimli-0.33.0,read::value::tests::value_or,success,29.450,0.2082640115,0.007555977016868543,0.2044261595,0.201414681,0.220852646,10,2026-07-10T17:24:28Z,1936897.2
rust,gimli-0.33.0,read::value::tests::value_reinterpret,success,29.450,0.20363533779999998,0.0055574526678238085,0.20449384,0.19659579800000002,0.21333922800000002,10,2026-07-10T17:24:30Z,1936897.2
rust,gimli-0.33.0,read::value::tests::value_rem,success,29.450,0.2033101705,0.004370419120251266,0.2046583895,0.196230401,0.210818047,10,2026-07-10T17:24:33Z,1936897.2
rust,gimli-0.33.0,read::value::tests::value_shl,success,29.450,0.20554357369999998,0.005033507472720611,0.20603540650000002,0.197071616,0.212374381,10,2026-07-10T17:24:35Z,1936897.2
rust,gimli-0.33.0,read::value::tests::value_shr,success,29.450,0.20693473240000002,0.006962552232583494,0.20528732800000002,0.197837863,0.22102322600000002,10,2026-07-10T17:24:37Z,1936897.2
rust,gimli-0.33.0,read::value::tests::value_shra,success,29.450,0.20487478660000003,0.006741261698161011,0.2022420225,0.19983366000000002,0.220626717,10,2026-07-10T17:24:40Z,1936897.2
rust,gimli-0.33.0,read::value::tests::value_sub,success,29.450,0.20603767250000002,0.006437755090514536,0.205182845,0.19888333600000002,0.214907289,10,2026-07-10T17:24:42Z,1936897.2
rust,gimli-0.33.0,read::value::tests::value_xor,success,29.450,0.20670718230000001,0.005538694242918615,0.2073824055,0.19942938400000002,0.21665255800000002,10,2026-07-10T17:24:44Z,1936897.2
rust,gimli-0.33.0,read::value::tests::valuetype_from_encoding,success,29.450,0.20707663680000002,0.004940078134700657,0.206162232,0.199441943,0.215699825,10,2026-07-10T17:24:46Z,1936897.2
rust,gimli-0.33.0,write::abbrev::tests::test_abbreviation_table,success,29.450,0.2057764293,0.003161977502570189,0.2053321455,0.199763922,0.21005152400000002,10,2026-07-10T17:24:49Z,1936897.2
rust,gimli-0.33.0,write::cfi::tests::test_frame_instruction,success,29.450,0.20612564510000003,0.004042445240026815,0.2057589025,0.20149297800000002,0.21236464500000002,10,2026-07-10T17:24:51Z,1936897.2
rust,gimli-0.33.0,write::cfi::tests::test_frame_table,success,29.450,0.21109451270000004,0.006274544680028611,0.210141657,0.20450720600000002,0.221879914,10,2026-07-10T17:24:53Z,1936897.2
rust,gimli-0.33.0,write::endian_vec::tests::test_endian_vec,success,29.450,0.2111205109,0.01387846443996326,0.20712180700000002,0.20308487800000002,0.249204942,10,2026-07-10T17:24:56Z,1936897.2
rust,gimli-0.33.0,write::line::tests::test_advance,success,29.450,0.22990796850000006,0.008644263316065054,0.2281256915,0.221536172,0.25290765000000004,10,2026-07-10T17:24:58Z,1936897.2
rust,gimli-0.33.0,write::line::tests::test_file_source,success,29.450,0.2096880049,0.005371948088064731,0.20803367500000003,0.20401580800000002,0.219338783,10,2026-07-10T17:25:00Z,1936897.2
rust,gimli-0.33.0,write::line::tests::test_line_instruction,success,29.450,0.21272414310000004,0.007771023970502661,0.210646243,0.20393560300000002,0.224456375,10,2026-07-10T17:25:03Z,1936897.2
rust,gimli-0.33.0,write::line::tests::test_line_program,success,29.450,0.2097815054,0.0072103805157049065,0.20662861100000002,0.20297219300000002,0.22520547300000002,10,2026-07-10T17:25:05Z,1936897.2
rust,gimli-0.33.0,write::line::tests::test_line_row,success,29.450,0.21859161700000004,0.0077409609487934985,0.2161899935,0.20960935900000002,0.229971116,10,2026-07-10T17:25:07Z,1936897.2
rust,gimli-0.33.0,write::line::tests::test_line_sequence,success,29.450,0.20752166030000002,0.0052892833687261595,0.2063753335,0.200478604,0.21564159900000002,10,2026-07-10T17:25:10Z,1936897.2
rust,gimli-0.33.0,write::line::tests::test_line_string,success,29.450,0.21034496370000003,0.005643865913735451,0.2111823445,0.20291794600000002,0.220309681,10,2026-07-10T17:25:12Z,1936897.2
rust,gimli-0.33.0,write::line::tests::test_missing_comp_dir,success,29.450,0.21061885340000003,0.006674162299207732,0.207901803,0.205562495,0.22653287400000002,10,2026-07-10T17:25:14Z,1936897.2
rust,gimli-0.33.0,write::line::tests::test_separate_working_dir,success,29.450,0.20662644150000004,0.004191875246309546,0.20629775350000001,0.200432929,0.21238402,10,2026-07-10T17:25:17Z,1936897.2
rust,gimli-0.33.0,write::loc::tests::test_loc_list,success,29.450,0.20702573920000003,0.004301735982381833,0.20580857200000002,0.20112665100000002,0.215574763,10,2026-07-10T17:25:19Z,1936897.2
rust,gimli-0.33.0,write::op::tests::test_expression_as_raw,success,29.450,0.20744583590000004,0.0034989701274592035,0.2077529875,0.20264072800000002,0.211795259,10,2026-07-10T17:25:21Z,1936897.2
rust,gimli-0.33.0,write::op::tests::test_expression_raw,success,29.450,0.20632376180000006,0.00443394078473144,0.205489515,0.20162722500000002,0.21606133100000002,10,2026-07-10T17:25:24Z,1936897.2
rust,gimli-0.33.0,write::op::tests::test_forward_ref,success,29.450,0.20790998530000002,0.004416436358143949,0.20743685,0.20240075100000002,0.215934078,10,2026-07-10T17:25:26Z,1936897.2
rust,gimli-0.33.0,write::op::tests::test_missing_debuginfo_ref,success,29.450,0.20901750150000004,0.0038851108753974657,0.20890721550000002,0.203898257,0.21475955200000002,10,2026-07-10T17:25:28Z,1936897.2
rust,gimli-0.33.0,write::op::tests::test_missing_unit_ref,success,29.450,0.2074388875,0.005488879865780457,0.20646440800000002,0.200804696,0.215869733,10,2026-07-10T17:25:30Z,1936897.2
rust,gimli-0.33.0,write::op::tests::test_operation,success,29.450,0.20928529830000003,0.0067170769516089026,0.207859195,0.20099392300000002,0.22025044300000002,10,2026-07-10T17:25:33Z,1936897.2
rust,gimli-0.33.0,write::range::tests::test_range,success,29.450,0.20573241720000005,0.004556561451453929,0.20637481600000002,0.198687665,0.212366312,10,2026-07-10T17:25:35Z,1936897.2
rust,gimli-0.33.0,write::relocate::tests::test_relocate_writer,success,29.450,0.20867352290000002,0.012443762436719042,0.20492590450000003,0.19650818,0.23928046500000003,10,2026-07-10T17:25:37Z,1936897.2
rust,gimli-0.33.0,write::str::tests::test_string_table,success,29.450,0.2049763555,0.004136285147288279,0.2049118185,0.19845052500000002,0.21211897100000002,10,2026-07-10T17:25:40Z,1936897.2
rust,gimli-0.33.0,write::unit::tests::test_attribute_value,success,29.450,0.20906017429999996,0.007437737757216984,0.2054699855,0.20237475300000002,0.22218463900000002,10,2026-07-10T17:25:42Z,1936897.2
rust,gimli-0.33.0,write::unit::tests::test_delete_child,success,29.450,0.20976591780000003,0.006367723093767514,0.209005055,0.20087395400000002,0.223149604,10,2026-07-10T17:25:44Z,1936897.2
rust,gimli-0.33.0,write::unit::tests::test_line_program_used,success,29.450,0.20288947000000004,0.0033079763694037786,0.2029684465,0.197061545,0.206994445,10,2026-07-10T17:25:46Z,1936897.2
rust,gimli-0.33.0,write::unit::tests::test_line_ref,success,29.450,0.20517901040000003,0.006680069227753198,0.2032281565,0.19801473700000002,0.21484903600000002,10,2026-07-10T17:25:49Z,1936897.2
rust,gimli-0.33.0,write::unit::tests::test_missing_debuginfo_ref,success,29.450,0.20414031519999995,0.0064980941480622025,0.20301512900000002,0.195418731,0.214977456,10,2026-07-10T17:25:51Z,1936897.2
rust,gimli-0.33.0,write::unit::tests::test_missing_unit_ref,success,29.450,0.20358554020000003,0.0027383401322272584,0.2034055615,0.199472493,0.208133582,10,2026-07-10T17:25:53Z,1936897.2
rust,gimli-0.33.0,write::unit::tests::test_sibling,success,29.450,0.2040332659,0.004140262145162131,0.20319709800000002,0.19793523100000002,0.21145480400000002,10,2026-07-10T17:25:55Z,1936897.2
rust,gimli-0.33.0,write::unit::tests::test_unit_ref,success,29.450,0.20328931580000004,0.003741143444675372,0.203835194,0.197321879,0.20856143900000002,10,2026-07-10T17:25:58Z,1936897.2
rust,gimli-0.33.0,write::unit::tests::test_unit_table,success,29.450,0.208338898,0.008006926036139563,0.205504656,0.198189529,0.22365230600000002,10,2026-07-10T17:26:00Z,1936897.2
rust,gimli-0.33.0,write::writer::tests::test_writer,success,29.450,0.20397418000000003,0.006046207544962364,0.20180025350000003,0.196645869,0.21509725700000001,10,2026-07-10T17:26:02Z,1936897.2
rust,url-2.5.8,slicing::test_count_digits,success,17.225,0.1339508479,0.001523713089597429,0.133607739,0.13194446,0.136684313,10,2026-07-10T17:26:36Z,1936897.2
rust,url-2.5.8,append_empty_segment_then_mutate,success,17.225,0.13396027790000004,0.0031048622786517158,0.13241747950000002,0.13063686800000002,0.13957981800000002,10,2026-07-10T17:26:37Z,1936897.2
rust,url-2.5.8,append_trailing_slash,success,17.225,0.13440360980000002,0.003300850047200129,0.133935824,0.130123382,0.14254049000000002,10,2026-07-10T17:26:39Z,1936897.2
rust,url-2.5.8,extend_query_pairs_then_mutate,success,17.225,0.13670435790000002,0.0057042258315225785,0.1334610135,0.132581754,0.147113149,10,2026-07-10T17:26:40Z,1936897.2
rust,url-2.5.8,form_urlencoded_encoding_override,success,17.225,0.13342990680000005,0.004144919047127347,0.1321154235,0.128157915,0.13949009,10,2026-07-10T17:26:42Z,1936897.2
rust,url-2.5.8,from_str,success,17.225,0.1355699368,0.0036732967526952177,0.134385798,0.13250898800000002,0.142401521,10,2026-07-10T17:26:43Z,1936897.2
rust,url-2.5.8,host,success,17.225,0.13443122600000001,0.003042904256738694,0.13376356050000002,0.130881686,0.13996756500000002,10,2026-07-10T17:26:45Z,1936897.2
rust,url-2.5.8,host_serialization,success,17.225,0.1349969699,0.005845407340511135,0.1330866085,0.129238082,0.14800622400000002,10,2026-07-10T17:26:46Z,1936897.2
rust,url-2.5.8,issue_124,success,17.225,0.1342004981,0.0029108572443233387,0.1332409445,0.131315135,0.1400067,10,2026-07-10T17:26:48Z,1936897.2
rust,url-2.5.8,issue_197,success,17.225,0.1340438443,0.0022744967505558093,0.13363337800000002,0.130665689,0.13784136500000002,10,2026-07-10T17:26:49Z,1936897.2
rust,url-2.5.8,issue_241,success,17.225,0.1336024928,0.002219276021346091,0.13307322100000002,0.130775751,0.138761995,10,2026-07-10T17:26:51Z,1936897.2
rust,url-2.5.8,issue_61,success,17.225,0.13516976780000003,0.004355828562335652,0.1334974385,0.131459983,0.145409702,10,2026-07-10T17:26:52Z,1936897.2
rust,url-2.5.8,issue_864,success,17.225,0.1327224529,0.0030728063899515736,0.1319737405,0.129035527,0.138860104,10,2026-07-10T17:26:54Z,1936897.2
rust,url-2.5.8,issue_974,success,17.225,0.1369236618,0.005755350534855296,0.134649402,0.132600361,0.15175944200000002,10,2026-07-10T17:26:55Z,1936897.2
rust,url-2.5.8,new_directory_paths,success,17.225,0.1338494684,0.003570113338696634,0.133554278,0.129221592,0.141303895,10,2026-07-10T17:26:57Z,1936897.2
rust,url-2.5.8,new_file_paths,success,17.225,0.13515506979999997,0.002648734283322414,0.134827304,0.13131214400000002,0.13891508700000002,10,2026-07-10T17:26:58Z,1936897.2
rust,url-2.5.8,new_path_bad_utf8,success,17.225,0.1333863868,0.0024380900713226687,0.133644604,0.12907654300000002,0.13715934800000001,10,2026-07-10T17:27:00Z,1936897.2
rust,url-2.5.8,no_panic,success,17.225,0.13496828680000003,0.004832397238234933,0.13440100800000002,0.12635670200000002,0.144966476,10,2026-07-10T17:27:01Z,1936897.2
rust,url-2.5.8,parse_with_params,success,17.225,0.1339826148,0.002912172197192742,0.1333386655,0.130042299,0.139851642,10,2026-07-10T17:27:03Z,1936897.2
rust,url-2.5.8,path_backslash_fun,success,17.225,0.13478459800000003,0.00448328758167208,0.135601857,0.12800255100000002,0.14255841,10,2026-07-10T17:27:04Z,1936897.2
rust,url-2.5.8,pop_if_empty_in_bounds,success,17.225,0.1339175629,0.002021481101427168,0.134078732,0.130595543,0.137175626,10,2026-07-10T17:27:06Z,1936897.2
rust,url-2.5.8,size,success,17.225,0.13179463930000002,0.0013629325547823636,0.13198219900000002,0.129480293,0.13389805500000002,10,2026-07-10T17:27:07Z,1936897.2
rust,url-2.5.8,test_authority,success,17.225,0.1363289668,0.004681923771442576,0.135141908,0.13018306100000002,0.14410708700000002,10,2026-07-10T17:27:09Z,1936897.2
rust,url-2.5.8,test_domain,success,17.225,0.13356839650000002,0.0032075626781698386,0.13366787800000002,0.128086056,0.13761330200000002,10,2026-07-10T17:27:10Z,1936897.2
rust,url-2.5.8,test_domain_encoding_quirks,success,17.225,0.1351821493,0.0032447088168358435,0.1349640015,0.12993576,0.14085265200000002,10,2026-07-10T17:27:12Z,1936897.2
rust,url-2.5.8,test_equality,success,17.225,0.13339813350000002,0.002640619738690151,0.132774226,0.130160656,0.138353479,10,2026-07-10T17:27:13Z,1936897.2
rust,url-2.5.8,test_file_with_drive,success,17.225,0.13579380880000003,0.004279265167824311,0.1342852475,0.131466249,0.143521162,10,2026-07-10T17:27:15Z,1936897.2
rust,url-2.5.8,test_file_with_drive_and_path,success,17.225,0.13462544050000003,0.004176677307744948,0.13300309500000002,0.13053503400000002,0.142649559,10,2026-07-10T17:27:16Z,1936897.2
rust,url-2.5.8,test_form_serialize,success,17.225,0.13392858359999998,0.0032372530547457876,0.1333604075,0.13014751100000002,0.140797354,10,2026-07-10T17:27:18Z,1936897.2
rust,url-2.5.8,test_form_urlencoded,success,17.225,0.13457281840000002,0.00192036824168625,0.133927715,0.131676032,0.137757032,10,2026-07-10T17:27:19Z,1936897.2
rust,url-2.5.8,test_fragment,success,17.225,0.13569948890000003,0.003486771725986487,0.1353582955,0.131023098,0.14158499100000002,10,2026-07-10T17:27:21Z,1936897.2
rust,url-2.5.8,test_has_authority,success,17.225,0.1357592983,0.005538653920610716,0.134922118,0.129853345,0.150043579,10,2026-07-10T17:27:22Z,1936897.2
rust,url-2.5.8,test_idna,success,17.225,0.134347238,0.0015250902217249656,0.133780576,0.132710175,0.136650659,10,2026-07-10T17:27:24Z,1936897.2
rust,url-2.5.8,test_leading_dots,success,17.225,0.13331111560000003,0.002207831101877295,0.1338983045,0.12939467100000002,0.135788601,10,2026-07-10T17:27:25Z,1936897.2
rust,url-2.5.8,test_make_relative,success,17.225,0.13510503570000001,0.003380149315428901,0.1337114225,0.131692639,0.141750079,10,2026-07-10T17:27:27Z,1936897.2
rust,url-2.5.8,test_no_base_url,success,17.225,0.134243403,0.0027766326238947954,0.133562902,0.130397824,0.138112218,10,2026-07-10T17:27:28Z,1936897.2
rust,url-2.5.8,test_non_special_path,success,17.225,0.1362708608,0.0034885504579288415,0.13616345550000003,0.131191698,0.142772763,10,2026-07-10T17:27:30Z,1936897.2
rust,url-2.5.8,test_non_special_path2,success,17.225,0.13565922800000002,0.0037503425295269902,0.134955946,0.131031446,0.14131970100000002,10,2026-07-10T17:27:31Z,1936897.2
rust,url-2.5.8,test_non_special_path3,success,17.225,0.13816490939999998,0.008915035846208702,0.1354175225,0.131526144,0.16236197900000002,10,2026-07-10T17:27:33Z,1936897.2
rust,url-2.5.8,test_null_host_with_leading_empty_path_segment,success,17.225,0.1325491064,0.004061085530949881,0.1304750895,0.128594798,0.141691376,10,2026-07-10T17:27:34Z,1936897.2
rust,url-2.5.8,test_options_reuse,success,17.225,0.1372970521,0.004444433923505407,0.1371051245,0.131467878,0.14290228800000002,10,2026-07-10T17:27:36Z,1936897.2
rust,url-2.5.8,test_origin_blob_equality,success,17.225,0.1332249047,0.002631992063114937,0.1325037275,0.129918858,0.137925857,10,2026-07-10T17:27:37Z,1936897.2
rust,url-2.5.8,test_origin_hash,success,17.225,0.13705882870000002,0.005757389674311113,0.134566254,0.130306262,0.14578966100000001,10,2026-07-10T17:27:39Z,1936897.2
rust,url-2.5.8,test_origin_opaque,success,17.225,0.1364428009,0.005292781637333044,0.133998534,0.132245346,0.148486221,10,2026-07-10T17:27:40Z,1936897.2
rust,url-2.5.8,test_origin_unicode_serialization,success,17.225,0.1383108697,0.00913055640056096,0.13552362900000003,0.13046728500000002,0.1619566,10,2026-07-10T17:27:42Z,1936897.2
rust,url-2.5.8,test_parse_url_with_single_byte_control_host,success,17.225,0.13824438760000005,0.0041667998543825,0.1379114205,0.13332354100000002,0.145502466,10,2026-07-10T17:27:43Z,1936897.2
rust,url-2.5.8,test_query,success,17.225,0.1361399037,0.003060535905746937,0.135693813,0.131595128,0.14074755900000002,10,2026-07-10T17:27:45Z,1936897.2
rust,url-2.5.8,test_relative,success,17.225,0.1359561809,0.002668665104357836,0.13589594800000002,0.13203475,0.14109889,10,2026-07-10T17:27:46Z,1936897.2
rust,url-2.5.8,test_relative_empty,success,17.225,0.13505772040000003,0.0023523974983782063,0.13448727300000002,0.131627247,0.13877045100000002,10,2026-07-10T17:27:48Z,1936897.2
rust,url-2.5.8,test_serialization,success,17.225,0.1360735038,0.0027740568343882876,0.135176092,0.13336224800000002,0.142298551,10,2026-07-10T17:27:49Z,1936897.2
rust,url-2.5.8,test_set_empty_host,success,17.225,0.13899420680000002,0.0028838387534460925,0.1389590585,0.134735444,0.14354006900000002,10,2026-07-10T17:27:51Z,1936897.2
rust,url-2.5.8,test_set_empty_hostname,success,17.225,0.13580589980000002,0.002467705727100324,0.136052546,0.132606992,0.139656165,10,2026-07-10T17:27:52Z,1936897.2
rust,url-2.5.8,test_set_empty_password,success,17.225,0.1379594327,0.003959980598927981,0.136798783,0.133985936,0.147289054,10,2026-07-10T17:27:54Z,1936897.2
rust,url-2.5.8,test_set_empty_query,success,17.225,0.1361664957,0.005228903554400656,0.134631436,0.130591218,0.145956992,10,2026-07-10T17:27:55Z,1936897.2
rust,url-2.5.8,test_set_empty_username_and_password,success,17.225,0.1369837256,0.0031852734902508,0.1366160545,0.13248214,0.14336674800000002,10,2026-07-10T17:27:57Z,1936897.2
rust,url-2.5.8,test_set_host,success,17.225,0.1354970399,0.001478111068113052,0.135487619,0.13209705500000002,0.137505461,10,2026-07-10T17:27:58Z,1936897.2
rust,url-2.5.8,test_set_href,success,17.225,0.1353599243,0.0032853369987723394,0.13455533349999999,0.13247045500000001,0.143094414,10,2026-07-10T17:28:00Z,1936897.2
rust,url-2.5.8,test_set_ip_host,success,17.225,0.13562212850000002,0.0022046114260430585,0.13566301000000003,0.13311018500000002,0.139465687,10,2026-07-10T17:28:01Z,1936897.2
rust,url-2.5.8,test_set_scheme_empty_err,success,17.225,0.13670803380000002,0.002975298308696301,0.137077104,0.13220248,0.140818567,10,2026-07-10T17:28:03Z,1936897.2
rust,url-2.5.8,test_set_scheme_to_file_with_host,success,17.225,0.1369596392,0.00355911381920122,0.135439806,0.134095647,0.14418550600000002,10,2026-07-10T17:28:04Z,1936897.2
rust,url-2.5.8,test_slicing,success,17.225,0.1351643068,0.0021175025036825716,0.135384334,0.131490942,0.13837337900000002,10,2026-07-10T17:28:06Z,1936897.2
rust,url-2.5.8,test_socket_addrs,success,17.225,0.13576996970000002,0.004051206189735845,0.134904401,0.13143875100000002,0.14186296,10,2026-07-10T17:28:07Z,1936897.2
rust,url-2.5.8,test_strip_trailing_spaces_from_opaque_path,success,17.225,0.13694622450000002,0.004379480391363145,0.13611378500000001,0.13203942300000002,0.14753327400000002,10,2026-07-10T17:28:09Z,1936897.2
rust,url-2.5.8,test_syntax_violation_callback,success,17.225,0.1370432801,0.00275681490033039,0.1364979325,0.13325229500000002,0.14160044100000002,10,2026-07-10T17:28:10Z,1936897.2
rust,url-2.5.8,test_syntax_violation_callback_lifetimes,success,17.225,0.13910382680000002,0.007020117605807297,0.137370229,0.131435402,0.151333546,10,2026-07-10T17:28:12Z,1936897.2
rust,url-2.5.8,test_syntax_violation_callback_types,success,17.225,0.1357349173,0.004820480405220989,0.134336264,0.12952644200000002,0.143774228,10,2026-07-10T17:28:13Z,1936897.2
rust,url-2.5.8,test_url_from_file_path,success,17.225,0.13650405670000001,0.004558107452917523,0.1355414145,0.13146454300000002,0.14640613200000002,10,2026-07-10T17:28:15Z,1936897.2
rust,semver-1.0.28,test,success,17.636,0.18376910149999998,0.0050393587935650495,0.18221240100000002,0.177915817,0.191675184,10,2026-07-10T17:28:48Z,1936897.2
rust,semver-1.0.28,test_eq,success,17.636,0.18226969330000004,0.004964066211369711,0.1817704105,0.17549477900000002,0.191918053,10,2026-07-10T17:28:50Z,1936897.2
rust,semver-1.0.28,test_new,success,17.636,0.2202956682,0.003825137407985635,0.219675481,0.21444465000000001,0.228300931,10,2026-07-10T17:28:53Z,1936897.2
rust,semver-1.0.28,test_prerelease,success,17.636,0.18427342670000005,0.008187064951334519,0.182985639,0.171911653,0.19873178900000002,10,2026-07-10T17:28:55Z,1936897.2
rust,semver-1.0.28,test_align,success,17.636,0.18262922599999998,0.006155570392990276,0.1805489825,0.176889566,0.19560402400000002,10,2026-07-10T17:28:57Z,1936897.2
rust,semver-1.0.28,test_display,success,17.636,0.18242033810000002,0.0033379351946037105,0.18143114300000002,0.177973725,0.187237433,10,2026-07-10T17:28:59Z,1936897.2
rust,semver-1.0.28,test_ge,success,17.636,0.1839829489,0.004450780257772225,0.18310510950000003,0.178267416,0.19342478700000001,10,2026-07-10T17:29:01Z,1936897.2
rust,semver-1.0.28,test_gt,success,17.636,0.18819070080000003,0.01146830181985366,0.18350572050000002,0.179346623,0.21802013,10,2026-07-10T17:29:03Z,1936897.2
rust,semver-1.0.28,test_le,success,17.636,0.1821392214,0.005317246341291665,0.18045884550000002,0.175931773,0.19055101900000002,10,2026-07-10T17:29:05Z,1936897.2
rust,semver-1.0.28,test_lt,success,17.636,0.1806817067,0.003965876332303147,0.17901247750000002,0.17661400100000002,0.18854915200000003,10,2026-07-10T17:29:07Z,1936897.2
rust,semver-1.0.28,test_ne,success,17.636,0.18264615480000007,0.004409849250095412,0.1839108035,0.17355547300000002,0.188039899,10,2026-07-10T17:29:09Z,1936897.2
rust,semver-1.0.28,test_parse,success,17.636,0.18083705960000002,0.004760437646006377,0.18173009150000002,0.172422028,0.18800085200000002,10,2026-07-10T17:29:11Z,1936897.2
rust,semver-1.0.28,test_spec_order,success,17.636,0.1825064762,0.007245596676240603,0.18271072050000003,0.170471631,0.19518728700000001,10,2026-07-10T17:29:13Z,1936897.2
rust,semver-1.0.28,test_any,success,17.636,0.18358207070000004,0.0046059071532043114,0.1831963565,0.178025756,0.189747785,10,2026-07-10T17:29:15Z,1936897.2
rust,semver-1.0.28,test_basic,success,17.636,0.1806340479,0.003462130364293361,0.179910749,0.176329753,0.185427387,10,2026-07-10T17:29:17Z,1936897.2
rust,semver-1.0.28,test_caret,success,17.636,0.18134429200000005,0.00453638026694248,0.18165152650000002,0.172830234,0.190317812,10,2026-07-10T17:29:19Z,1936897.2
rust,semver-1.0.28,test_cargo3202,success,17.636,0.1814788025,0.004736596388536234,0.18201477500000002,0.172381002,0.19127372,10,2026-07-10T17:29:21Z,1936897.2
rust,semver-1.0.28,test_comparator_parse,success,17.636,0.1835047902,0.00472332755841404,0.1837683845,0.175684853,0.19204975400000002,10,2026-07-10T17:29:23Z,1936897.2
rust,semver-1.0.28,test_default,success,17.636,0.1838389442,0.002488509685482672,0.18375832350000001,0.180009196,0.18778119000000001,10,2026-07-10T17:29:25Z,1936897.2
rust,semver-1.0.28,test_digit_after_wildcard,success,17.636,0.18180272960000005,0.004900117333386512,0.1806127575,0.17692638500000002,0.19283050200000001,10,2026-07-10T17:29:27Z,1936897.2
rust,semver-1.0.28,test_eq_hash,success,17.636,0.18299995649999998,0.004767752219095807,0.1825330795,0.176821217,0.19164023300000002,10,2026-07-10T17:29:29Z,1936897.2
rust,semver-1.0.28,test_exact,success,17.636,0.1828912283,0.0034498093605180857,0.1836724865,0.17780436800000002,0.189028838,10,2026-07-10T17:29:31Z,1936897.2
rust,semver-1.0.28,test_greater_than,success,17.636,0.18151367560000004,0.005543289728081234,0.179129027,0.17784169100000002,0.195901928,10,2026-07-10T17:29:33Z,1936897.2
rust,semver-1.0.28,test_leading_digit_in_pre_and_build,success,17.636,0.1854858034,0.016898888572757724,0.1803991695,0.17416957400000002,0.232649409,10,2026-07-10T17:29:35Z,1936897.2
rust,semver-1.0.28,test_less_than,success,17.636,0.17914763210000004,0.002417893026718904,0.179537793,0.175048165,0.18187239300000002,10,2026-07-10T17:29:37Z,1936897.2
rust,semver-1.0.28,test_logical_or,success,17.636,0.1803492089,0.005345729109381773,0.17933803850000002,0.17445743300000002,0.191995569,10,2026-07-10T17:29:39Z,1936897.2
rust,semver-1.0.28,test_multiple,success,17.636,0.181838074,0.004397352929858724,0.1822943085,0.17453295300000002,0.18752816600000002,10,2026-07-10T17:29:41Z,1936897.2
rust,semver-1.0.28,test_pre,success,17.636,0.1822985825,0.004202975112700354,0.18204690550000002,0.175713652,0.19018600100000002,10,2026-07-10T17:29:43Z,1936897.2
rust,semver-1.0.28,test_tilde,success,17.636,0.18138774890000003,0.005742113837033528,0.1808465795,0.173284148,0.189053033,10,2026-07-10T17:29:45Z,1936897.2
rust,semver-1.0.28,test_whitespace_delimited_comparator_sets,success,17.636,0.1793447808,0.004787967461190341,0.1786569885,0.17296334000000002,0.190097871,10,2026-07-10T17:29:47Z,1936897.2
rust,semver-1.0.28,test_wildcard,success,17.636,0.18221030710000002,0.005655952674037489,0.18022234400000003,0.176125428,0.192217262,10,2026-07-10T17:29:49Z,1936897.2
rust,semver-1.0.28,test_wildcard_and_another,success,17.636,0.1807771201,0.004924084559832024,0.18084015950000001,0.173043517,0.190732581,10,2026-07-10T17:29:51Z,1936897.2
rust,concurrent-queue-2.5.0,capacity,success,17.286,0.19977381060000002,0.00885540918930728,0.19955025850000002,0.185028559,0.216312095,10,2026-07-10T17:30:24Z,1936897.2
rust,concurrent-queue-2.5.0,close,success,17.286,0.1982404715,0.005222586903800671,0.19664817950000002,0.191286116,0.20791219800000002,10,2026-07-10T17:30:26Z,1936897.2
rust,concurrent-queue-2.5.0,drops,success,17.286,0.6166571733000001,0.06074329130397005,0.6266559165000001,0.5268894430000001,0.7165172110000001,10,2026-07-10T17:30:33Z,1936897.2
rust,concurrent-queue-2.5.0,force_push,success,17.286,0.19678484950000003,0.004527228192749715,0.19766392800000002,0.188786223,0.20376675400000002,10,2026-07-10T17:30:35Z,1936897.2
rust,concurrent-queue-2.5.0,len,success,17.286,0.209094077,0.004527779070149292,0.209273898,0.203271098,0.215340267,10,2026-07-10T17:30:37Z,1936897.2
rust,concurrent-queue-2.5.0,len_empty_full,success,17.286,0.2011758367,0.004102559187952592,0.20204435600000004,0.19344037500000003,0.20825341700000002,10,2026-07-10T17:30:39Z,1936897.2
rust,concurrent-queue-2.5.0,linearizable,success,17.286,0.27299810550000003,0.008858255453706299,0.2765338395,0.25188366700000003,0.28183699700000003,10,2026-07-10T17:30:42Z,1936897.2
rust,concurrent-queue-2.5.0,mpmc,success,17.286,0.2891434068,0.013317934181744403,0.28686249350000004,0.271829308,0.307782172,10,2026-07-10T17:30:46Z,1936897.2
rust,concurrent-queue-2.5.0,mpmc_ring_buffer,success,17.286,0.3365313648,0.013763890056178254,0.32962154200000005,0.323267367,0.35776262400000003,10,2026-07-10T17:30:49Z,1936897.2
rust,concurrent-queue-2.5.0,smoke,success,17.286,0.19099537390000002,0.00494355173437096,0.190322973,0.18176662300000002,0.19968739800000002,10,2026-07-10T17:30:51Z,1936897.2
rust,concurrent-queue-2.5.0,spsc,success,17.286,0.2803204368,0.007546232572551041,0.28188580900000004,0.266948198,0.293032097,10,2026-07-10T17:30:55Z,1936897.2
rust,concurrent-queue-2.5.0,spsc_ring_buffer,success,17.286,0.25329518970000003,0.015653041366595885,0.24795228500000002,0.234798055,0.27650017600000004,10,2026-07-10T17:30:57Z,1936897.2
rust,concurrent-queue-2.5.0,zero_capacity,success,17.286,0.1970309831,0.00997366076652644,0.1962861635,0.18515715800000002,0.21858586300000002,10,2026-07-10T17:31:00Z,1936897.2
rust,tracing-log-0.2.0,test::debug_callsite_is_correct,success,18.962,0.1978980532,0.005774734497492271,0.1976985,0.190237089,0.20866062600000002,10,2026-07-10T17:31:39Z,1936897.2
rust,tracing-log-0.2.0,test::error_callsite_is_correct,success,18.962,0.1980321271,0.006258494718073902,0.19635237700000002,0.19051646300000002,0.210395826,10,2026-07-10T17:31:41Z,1936897.2
rust,tracing-log-0.2.0,test::info_callsite_is_correct,success,18.962,0.20031452740000005,0.0043557575985074745,0.199793868,0.192916264,0.207778497,10,2026-07-10T17:31:43Z,1936897.2
rust,tracing-log-0.2.0,test::trace_callsite_is_correct,success,18.962,0.197474398,0.0037324003849569026,0.197546501,0.192122074,0.203168855,10,2026-07-10T17:31:45Z,1936897.2
rust,tracing-log-0.2.0,test::warn_callsite_is_correct,success,18.962,0.19685968280000002,0.005179641789167318,0.19616697500000002,0.191050258,0.20892966500000001,10,2026-07-10T17:31:47Z,1936897.2
rust,tracing-log-0.2.0,normalized_metadata,success,18.962,0.19677379150000002,0.004527066268515261,0.19629585300000002,0.190246458,0.206780189,10,2026-07-10T17:31:50Z,1936897.2
rust,tracing-log-0.2.0,can_initialize_log_tracer_with_level,success,18.962,0.19779963260000002,0.006756930001254974,0.195529939,0.18869782300000001,0.207635061,10,2026-07-10T17:31:52Z,1936897.2
rust,redox_syscall-0.8.0,sigabi::tests::singlethread_mask,success,2.379,0.0603554775,0.0021354925165221385,0.060171310500000005,0.056675135,0.064384961,10,2026-07-10T17:32:12Z,1936897.2
