rust,bytes-1.11.1,bytes_mut::tests::test_original_capacity_from_repr,success,8.139,0.1318147413,0.0040836902688097376,0.131493582,0.12665906700000001,0.13802687900000002,10,2026-07-10T17:05:29Z,1936897.0
rust,bytes-1.11.1,bytes_mut::tests::test_original_capacity_to_repr,success,8.139,0.13963146960000003,0.0058649409016798566,0.13855166750000003,0.13353852200000002,0.154159038,10,2026-07-10T17:05:30Z,1936897.0
rust,bytes-1.11.1,box_bytes::advance,success,8.139,0.13400022009999998,0.007655314103694467,0.13149489050000002,0.12511272,0.14927309800000002,10,2026-07-10T17:05:32Z,1936897.0
rust,bytes-1.11.1,box_bytes::advance_past_end,success,8.139,0.1352360639,0.007176953392812941,0.1329340765,0.12824032600000002,0.147349852,10,2026-07-10T17:05:33Z,1936897.0
rust,bytes-1.11.1,box_bytes::advance_to_end,success,8.139,0.1347299339,0.007333024001981656,0.131918797,0.127757751,0.15260589200000002,10,2026-07-10T17:05:35Z,1936897.0
rust,bytes-1.11.1,box_bytes::chunks_vectored_empty,success,8.139,0.13420847430000002,0.004842673007741648,0.1343752645,0.12669978,0.140841102,10,2026-07-10T17:05:36Z,1936897.0
rust,bytes-1.11.1,box_bytes::chunks_vectored_is_complete,success,8.139,0.1338486651,0.00939096955546484,0.131180309,0.12448843500000001,0.15703992700000002,10,2026-07-10T17:05:38Z,1936897.0
rust,bytes-1.11.1,box_bytes::copy_to_bytes,success,8.139,0.12914585979999998,0.004066880805860974,0.1287561955,0.121723012,0.137366387,10,2026-07-10T17:05:39Z,1936897.0
rust,bytes-1.11.1,box_bytes::copy_to_bytes_big,success,8.139,0.134357265,0.01026663862306705,0.1331274675,0.124785133,0.16193130900000002,10,2026-07-10T17:05:40Z,1936897.0
rust,bytes-1.11.1,box_bytes::copy_to_bytes_overflow,success,8.139,0.1293574236,0.006210656110273168,0.1276507355,0.121803642,0.14108541400000002,10,2026-07-10T17:05:42Z,1936897.0
rust,bytes-1.11.1,box_bytes::copy_to_bytes_to_end,success,8.139,0.13728046160000001,0.007989359960874742,0.134826273,0.127754847,0.14760214700000002,10,2026-07-10T17:05:43Z,1936897.0
rust,bytes-1.11.1,box_bytes::copy_to_slice,success,8.139,0.12854194430000002,0.00505766611670229,0.1261729105,0.12386037300000001,0.139392705,10,2026-07-10T17:05:45Z,1936897.0
rust,bytes-1.11.1,box_bytes::copy_to_slice_big,success,8.139,0.12964389030000004,0.004909278557576645,0.1292857495,0.12211239500000001,0.13881531900000002,10,2026-07-10T17:05:46Z,1936897.0
rust,bytes-1.11.1,box_bytes::copy_to_slice_overflow,success,8.139,0.1289409507,0.0029980515354210385,0.12888157,0.12534557300000002,0.135221525,10,2026-07-10T17:05:48Z,1936897.0
rust,bytes-1.11.1,box_bytes::copy_to_slice_to_end,success,8.139,0.1389508874,0.010895564109183145,0.14018196300000002,0.124322099,0.155137767,10,2026-07-10T17:05:49Z,1936897.0
rust,bytes-1.11.1,box_bytes::empty_state,success,8.139,0.12890369570000001,0.005446746033727503,0.127447796,0.122227127,0.13908794900000002,10,2026-07-10T17:05:51Z,1936897.0
rust,bytes-1.11.1,box_bytes::fresh_state,success,8.139,0.13133637280000005,0.00831276538508104,0.12744626450000002,0.12121712000000001,0.150314254,10,2026-07-10T17:05:52Z,1936897.0
rust,bytes-1.11.1,box_bytes::get_f32_be,success,8.139,0.12446514989999999,0.0019103698550563097,0.12424288600000001,0.12081900100000001,0.127551633,10,2026-07-10T17:05:54Z,1936897.0
rust,bytes-1.11.1,box_bytes::get_f32_be_overflow,success,8.139,0.13604452520000002,0.013368538849117175,0.1340692615,0.12073958100000001,0.165716796,10,2026-07-10T17:05:55Z,1936897.0
rust,bytes-1.11.1,box_bytes::get_f32_le,success,8.139,0.1310019566,0.00502690226879433,0.1306218915,0.124511941,0.13759891300000002,10,2026-07-10T17:05:56Z,1936897.0
rust,bytes-1.11.1,box_bytes::get_f32_le_overflow,success,8.139,0.12702722250000004,0.0033583296646470346,0.12580715450000002,0.12266540000000001,0.134288028,10,2026-07-10T17:05:58Z,1936897.0
rust,bytes-1.11.1,box_bytes::get_f32_ne,success,8.139,0.1254901323,0.0036526158987077555,0.12517662300000001,0.120600649,0.131509602,10,2026-07-10T17:05:59Z,1936897.0
rust,bytes-1.11.1,box_bytes::get_f32_ne_overflow,success,8.139,0.13195220010000003,0.007235503856394224,0.1323946305,0.12051979800000001,0.141659093,10,2026-07-10T17:06:01Z,1936897.0
rust,bytes-1.11.1,box_bytes::get_f64_be,success,8.139,0.1289420435,0.002945991043982589,0.12833625650000002,0.125286764,0.13502471300000002,10,2026-07-10T17:06:02Z,1936897.0
rust,bytes-1.11.1,box_bytes::get_f64_be_overflow,success,8.139,0.1273459327,0.0032388825602377162,0.127515604,0.12319376600000001,0.13422677300000002,10,2026-07-10T17:06:04Z,1936897.0
rust,bytes-1.11.1,box_bytes::get_f64_le,success,8.139,0.1301260605,0.01060360983152364,0.12705268349999999,0.12136500700000001,0.15731028400000002,10,2026-07-10T17:06:05Z,1936897.0
rust,bytes-1.11.1,box_bytes::get_f64_le_overflow,success,8.139,0.13154577560000003,0.007736123092959809,0.1302935535,0.121289852,0.14526877900000001,10,2026-07-10T17:06:06Z,1936897.0
rust,bytes-1.11.1,box_bytes::get_f64_ne,success,8.139,0.12701436370000002,0.004651013600208355,0.1267147945,0.120207217,0.132866072,10,2026-07-10T17:06:08Z,1936897.0
rust,bytes-1.11.1,box_bytes::get_f64_ne_overflow,success,8.139,0.12610471660000003,0.003716864286380422,0.124722308,0.12223626900000001,0.135248542,10,2026-07-10T17:06:09Z,1936897.0
rust,bytes-1.11.1,box_bytes::get_i128_be,success,8.139,0.1333801469,0.02683957741577605,0.1249438035,0.12120573800000001,0.209390068,10,2026-07-10T17:06:11Z,1936897.0
rust,bytes-1.11.1,box_bytes::get_i128_be_overflow,success,8.139,0.12826194640000002,0.0060101316705603635,0.1258008515,0.122945022,0.140353065,10,2026-07-10T17:06:12Z,1936897.0
rust,bytes-1.11.1,box_bytes::get_i128_le,success,8.139,0.131785182,0.003915654382044638,0.131477685,0.126781308,0.13869756600000002,10,2026-07-10T17:06:14Z,1936897.0
rust,bytes-1.11.1,box_bytes::get_i128_le_overflow,success,8.139,0.12691981260000001,0.003786824131760639,0.125555153,0.12310968900000001,0.132805208,10,2026-07-10T17:06:15Z,1936897.0
rust,bytes-1.11.1,box_bytes::get_i128_ne,success,8.139,0.12666119420000002,0.005999588686038008,0.12558866300000002,0.120047068,0.139956369,10,2026-07-10T17:06:16Z,1936897.0
rust,bytes-1.11.1,box_bytes::get_i128_ne_overflow,success,8.139,0.12620396350000002,0.0032652837641235946,0.1254146415,0.12290920200000001,0.131633041,10,2026-07-10T17:06:18Z,1936897.0
rust,bytes-1.11.1,box_bytes::get_i16_be,success,8.139,0.13172159300000003,0.015315316975584914,0.12510257600000002,0.12216249000000001,0.171868964,10,2026-07-10T17:06:19Z,1936897.0
rust,bytes-1.11.1,box_bytes::get_i16_be_overflow,success,8.139,0.12693731980000003,0.0028256104390691236,0.1271569445,0.12135870000000001,0.13072060500000002,10,2026-07-10T17:06:21Z,1936897.0
rust,bytes-1.11.1,box_bytes::get_i16_le,success,8.139,0.12602138499999999,0.004435794445870493,0.12403456300000001,0.122561028,0.134857594,10,2026-07-10T17:06:22Z,1936897.0
rust,bytes-1.11.1,box_bytes::get_i16_le_overflow,success,8.139,0.12550627490000002,0.0021119840617185594,0.1250349715,0.122193276,0.13007738100000002,10,2026-07-10T17:06:24Z,1936897.0
rust,bytes-1.11.1,box_bytes::get_i16_ne,success,8.139,0.13046093320000002,0.0067121145074851216,0.12871764700000002,0.122802821,0.14290264600000002,10,2026-07-10T17:06:25Z,1936897.0
rust,bytes-1.11.1,box_bytes::get_i16_ne_overflow,success,8.139,0.1265115891,0.0038076721608697878,0.12708259850000003,0.121921839,0.13423717100000002,10,2026-07-10T17:06:26Z,1936897.0
rust,bytes-1.11.1,box_bytes::get_i32_be,success,8.139,0.126444589,0.005952881938684171,0.123489386,0.12104816800000001,0.140390957,10,2026-07-10T17:06:28Z,1936897.0
rust,bytes-1.11.1,box_bytes::get_i32_be_overflow,success,8.139,0.1265287964,0.004480487891248355,0.126509655,0.12000890600000001,0.136767686,10,2026-07-10T17:06:29Z,1936897.0
rust,bytes-1.11.1,box_bytes::get_i32_le,success,8.139,0.12510405080000003,0.002622924952065825,0.1255627125,0.12122323,0.128267152,10,2026-07-10T17:06:31Z,1936897.0
rust,bytes-1.11.1,box_bytes::get_i32_le_overflow,success,8.139,0.12650143090000002,0.004961921291691593,0.125838964,0.121313505,0.13831184600000002,10,2026-07-10T17:06:32Z,1936897.0
rust,bytes-1.11.1,box_bytes::get_i32_ne,success,8.139,0.1248698973,0.0030502076242485904,0.124236076,0.12065920100000001,0.129976161,10,2026-07-10T17:06:33Z,1936897.0
rust,bytes-1.11.1,box_bytes::get_i32_ne_overflow,success,8.139,0.1258549073,0.0018595573882395913,0.1266095605,0.12281451500000001,0.12803018500000002,10,2026-07-10T17:06:35Z,1936897.0
rust,bytes-1.11.1,box_bytes::get_i64_be,success,8.139,0.12561858609999998,0.006005625645364933,0.12455624950000002,0.118458239,0.136889174,10,2026-07-10T17:06:36Z,1936897.0
rust,bytes-1.11.1,box_bytes::get_i64_be_overflow,success,8.139,0.12379591270000001,0.002630629240937445,0.12305196950000001,0.12084035400000001,0.12944919400000002,10,2026-07-10T17:06:37Z,1936897.0
rust,bytes-1.11.1,box_bytes::get_i64_le,success,8.139,0.1284749187,0.0030693684883804197,0.1282671365,0.123924325,0.133025796,10,2026-07-10T17:06:39Z,1936897.0
rust,bytes-1.11.1,box_bytes::get_i64_le_overflow,success,8.139,0.1269279691,0.0026807220665073083,0.1271456635,0.122368286,0.132638047,10,2026-07-10T17:06:40Z,1936897.0
rust,bytes-1.11.1,box_bytes::get_i64_ne,success,8.139,0.125551673,0.002625577855116851,0.12480156,0.12288228500000001,0.129526193,10,2026-07-10T17:06:42Z,1936897.0
rust,bytes-1.11.1,box_bytes::get_i64_ne_overflow,success,8.139,0.1254563123,0.0016561027974049385,0.12517904000000002,0.12262386600000001,0.127858883,10,2026-07-10T17:06:43Z,1936897.0
rust,bytes-1.11.1,box_bytes::get_i8,success,8.139,0.1292696179,0.004683680204176048,0.1285461585,0.12327394100000001,0.13959743200000002,10,2026-07-10T17:06:45Z,1936897.0
rust,bytes-1.11.1,box_bytes::get_i8_overflow,success,8.139,0.12778550950000003,0.004441129854765148,0.12613733100000002,0.123211783,0.13673711200000002,10,2026-07-10T17:06:46Z,1936897.0
rust,bytes-1.11.1,box_bytes::get_int_be,success,8.139,0.13106259090000003,0.0049163398869330865,0.131325506,0.12425342600000001,0.14071239200000002,10,2026-07-10T17:06:47Z,1936897.0
rust,bytes-1.11.1,box_bytes::get_int_be_overflow,success,8.139,0.1278721498,0.004942716203945936,0.126395333,0.120930115,0.137776338,10,2026-07-10T17:06:49Z,1936897.0
rust,bytes-1.11.1,box_bytes::get_int_le,success,8.139,0.12790786459999998,0.0035314852174423467,0.12781224900000002,0.12238786200000001,0.1343244,10,2026-07-10T17:06:50Z,1936897.0
rust,bytes-1.11.1,box_bytes::get_int_le_overflow,success,8.139,0.12857122400000004,0.0035133115844852457,0.128461243,0.12322036200000001,0.13490871000000002,10,2026-07-10T17:06:52Z,1936897.0
rust,bytes-1.11.1,box_bytes::get_int_ne,success,8.139,0.130871256,0.004473234076472756,0.1302774835,0.125314836,0.139512215,10,2026-07-10T17:06:53Z,1936897.0
rust,bytes-1.11.1,box_bytes::get_int_ne_overflow,success,8.139,0.1281064174,0.0024965815360756035,0.12879876150000003,0.124326982,0.13259647400000002,10,2026-07-10T17:06:55Z,1936897.0
rust,bytes-1.11.1,box_bytes::get_u128_be,success,8.139,0.12807487639999998,0.004210527424417496,0.1255952415,0.12411852000000001,0.135482553,10,2026-07-10T17:06:56Z,1936897.0
rust,bytes-1.11.1,box_bytes::get_u128_be_overflow,success,8.139,0.1284643054,0.0031205989855050504,0.12743184950000003,0.124935375,0.134205986,10,2026-07-10T17:06:57Z,1936897.0
rust,bytes-1.11.1,box_bytes::get_u128_le,success,8.139,0.13059555199999998,0.006388277545728668,0.13115925150000002,0.12330408100000001,0.143984426,10,2026-07-10T17:06:59Z,1936897.0
rust,bytes-1.11.1,box_bytes::get_u128_le_overflow,success,8.139,0.12991305660000002,0.006438353920845116,0.127811106,0.12215576,0.140208607,10,2026-07-10T17:07:00Z,1936897.0
rust,bytes-1.11.1,box_bytes::get_u128_ne,success,8.139,0.12500354340000003,0.002896671764908483,0.12364342950000001,0.12150759600000001,0.129947751,10,2026-07-10T17:07:02Z,1936897.0
rust,bytes-1.11.1,box_bytes::get_u128_ne_overflow,success,8.139,0.13118679910000003,0.005258594243800697,0.130271983,0.12371316500000001,0.140225145,10,2026-07-10T17:07:03Z,1936897.0
rust,bytes-1.11.1,box_bytes::get_u16_be,success,8.139,0.1290483656,0.005549169940185611,0.127707548,0.122628306,0.140871873,10,2026-07-10T17:07:05Z,1936897.0
rust,bytes-1.11.1,box_bytes::get_u16_be_overflow,success,8.139,0.13120776580000001,0.010803152434552982,0.126897494,0.123326613,0.15440504300000002,10,2026-07-10T17:07:06Z,1936897.0
rust,bytes-1.11.1,box_bytes::get_u16_le,success,8.139,0.12610679810000003,0.003554695337715973,0.1254622975,0.121122691,0.133072825,10,2026-07-10T17:07:07Z,1936897.0
rust,bytes-1.11.1,box_bytes::get_u16_le_overflow,success,8.139,0.1310369366,0.005563484175998446,0.129280911,0.12476751600000001,0.140039617,10,2026-07-10T17:07:09Z,1936897.0
rust,bytes-1.11.1,box_bytes::get_u16_ne,success,8.139,0.13046151470000003,0.004872170384620028,0.131079064,0.123490788,0.139765305,10,2026-07-10T17:07:10Z,1936897.0
rust,bytes-1.11.1,box_bytes::get_u16_ne_overflow,success,8.139,0.13563100160000002,0.007722393907734528,0.1354126535,0.12611450800000001,0.149824164,10,2026-07-10T17:07:12Z,1936897.0
rust,bytes-1.11.1,box_bytes::get_u32_be,success,8.139,0.1316680348,0.004983158817793943,0.1303894605,0.12413796,0.13950447000000002,10,2026-07-10T17:07:13Z,1936897.0
rust,bytes-1.11.1,box_bytes::get_u32_be_overflow,success,8.139,0.1311563367,0.008824761685613169,0.127517408,0.12409753500000001,0.152914571,10,2026-07-10T17:07:15Z,1936897.0
rust,bytes-1.11.1,box_bytes::get_u32_le,success,8.139,0.13402148490000004,0.010820387724032076,0.130584121,0.125591024,0.163133627,10,2026-07-10T17:07:16Z,1936897.0
rust,bytes-1.11.1,box_bytes::get_u32_le_overflow,success,8.139,0.13510110800000003,0.00669598710540069,0.1345977135,0.126173752,0.14674952800000002,10,2026-07-10T17:07:18Z,1936897.0
rust,bytes-1.11.1,box_bytes::get_u32_ne,success,8.139,0.13017274610000001,0.0033095811444906254,0.1293017775,0.12637183000000002,0.136322621,10,2026-07-10T17:07:19Z,1936897.0
rust,bytes-1.11.1,box_bytes::get_u32_ne_overflow,success,8.139,0.1293708133,0.006568859948877179,0.126519866,0.122741972,0.143904668,10,2026-07-10T17:07:21Z,1936897.0
rust,bytes-1.11.1,box_bytes::get_u64_be,success,8.139,0.13181209740000005,0.005884622700035056,0.131764705,0.122402941,0.14140306600000002,10,2026-07-10T17:07:22Z,1936897.0
rust,bytes-1.11.1,box_bytes::get_u64_be_overflow,success,8.139,0.12910898590000003,0.006289731910827193,0.128182118,0.12085144900000001,0.139674441,10,2026-07-10T17:07:23Z,1936897.0
rust,bytes-1.11.1,box_bytes::get_u64_le,success,8.139,0.12729620300000002,0.0032158869434021557,0.12624449000000001,0.12412403400000001,0.13225092000000002,10,2026-07-10T17:07:25Z,1936897.0
rust,bytes-1.11.1,box_bytes::get_u64_le_overflow,success,8.139,0.1265748157,0.002947085651172319,0.126347688,0.12236310400000001,0.131344351,10,2026-07-10T17:07:26Z,1936897.0
rust,bytes-1.11.1,box_bytes::get_u64_ne,success,8.139,0.12748875580000002,0.00379729945072231,0.1270793965,0.11988040800000001,0.133682458,10,2026-07-10T17:07:28Z,1936897.0
rust,bytes-1.11.1,box_bytes::get_u64_ne_overflow,success,8.139,0.1265609432,0.0051870521863139375,0.1253698945,0.122210383,0.139004546,10,2026-07-10T17:07:29Z,1936897.0
rust,bytes-1.11.1,box_bytes::get_u8,success,8.139,0.12674756110000002,0.0033772673347397474,0.12557669,0.12342888,0.132091213,10,2026-07-10T17:07:30Z,1936897.0
rust,bytes-1.11.1,box_bytes::get_u8_overflow,success,8.139,0.1286875144,0.003418827910562596,0.1281130445,0.124143419,0.134002206,10,2026-07-10T17:07:32Z,1936897.0
rust,bytes-1.11.1,box_bytes::get_uint_be,success,8.139,0.1273945098,0.0037645392909788754,0.127687147,0.120380384,0.13268523200000001,10,2026-07-10T17:07:33Z,1936897.0
rust,bytes-1.11.1,box_bytes::get_uint_be_overflow,success,8.139,0.13199289820000001,0.009054474059700527,0.12842012800000002,0.122166889,0.146945555,10,2026-07-10T17:07:35Z,1936897.0
rust,bytes-1.11.1,box_bytes::get_uint_le,success,8.139,0.1292046284,0.005770851486142504,0.126910929,0.123003703,0.141331113,10,2026-07-10T17:07:36Z,1936897.0
rust,bytes-1.11.1,box_bytes::get_uint_le_overflow,success,8.139,0.12999651259999997,0.007879073086735794,0.127267706,0.12298370300000001,0.14932214100000002,10,2026-07-10T17:07:38Z,1936897.0
rust,bytes-1.11.1,box_bytes::get_uint_ne,success,8.139,0.1269303024,0.003809978711338108,0.12672376950000003,0.12114789000000001,0.133432873,10,2026-07-10T17:07:39Z,1936897.0
rust,bytes-1.11.1,box_bytes::get_uint_ne_overflow,success,8.139,0.13034853010000003,0.003490081289674896,0.1298402435,0.125098191,0.13581979400000002,10,2026-07-10T17:07:40Z,1936897.0
rust,bytes-1.11.1,bytes::advance,success,8.139,0.128883557,0.00442458679035242,0.127758,0.12338261,0.13946324300000001,10,2026-07-10T17:07:42Z,1936897.0
rust,bytes-1.11.1,bytes::advance_past_end,success,8.139,0.1272386352,0.0033963740034564866,0.1273457005,0.12204690400000001,0.13224701,10,2026-07-10T17:07:43Z,1936897.0
rust,bytes-1.11.1,bytes::advance_to_end,success,8.139,0.13029684219999998,0.008292437838784559,0.12754902950000002,0.12442144200000001,0.152722305,10,2026-07-10T17:07:45Z,1936897.0
rust,bytes-1.11.1,bytes::chunks_vectored_empty,success,8.139,0.12817114400000001,0.0033032953502104834,0.1281511185,0.12395062400000001,0.13482005,10,2026-07-10T17:07:46Z,1936897.0
rust,bytes-1.11.1,bytes::chunks_vectored_is_complete,success,8.139,0.1290632594,0.004479476123229299,0.12868004500000002,0.121647608,0.138890808,10,2026-07-10T17:07:48Z,1936897.0
rust,bytes-1.11.1,bytes::copy_to_bytes,success,8.139,0.1275380068,0.0046140638869471146,0.1261949535,0.122656915,0.135806736,10,2026-07-10T17:07:49Z,1936897.0
rust,bytes-1.11.1,bytes::copy_to_bytes_big,success,8.139,0.12980023689999998,0.003119285852863921,0.1299635255,0.123875174,0.134275209,10,2026-07-10T17:07:50Z,1936897.0
rust,bytes-1.11.1,bytes::copy_to_bytes_overflow,success,8.139,0.128123512,0.0048678698189750765,0.12735983,0.12276205300000001,0.139627031,10,2026-07-10T17:07:52Z,1936897.0
rust,bytes-1.11.1,bytes::copy_to_bytes_to_end,success,8.139,0.1289875321,0.004720274753715869,0.128707258,0.12196923100000001,0.138736216,10,2026-07-10T17:07:53Z,1936897.0
rust,bytes-1.11.1,bytes::copy_to_slice,success,8.139,0.12928290550000002,0.005542839640895413,0.12797518600000002,0.12320980100000001,0.142094302,10,2026-07-10T17:07:55Z,1936897.0
rust,bytes-1.11.1,bytes::copy_to_slice_big,success,8.139,0.1316135733,0.006139376650905659,0.1298384365,0.12451756300000001,0.143408735,10,2026-07-10T17:07:56Z,1936897.0
rust,bytes-1.11.1,bytes::copy_to_slice_overflow,success,8.139,0.1359410348,0.010152498801611969,0.13345755,0.128639407,0.16334029800000002,10,2026-07-10T17:07:58Z,1936897.0
rust,bytes-1.11.1,bytes::copy_to_slice_to_end,success,8.139,0.13394874180000002,0.005072370847103874,0.131207759,0.128384088,0.143746976,10,2026-07-10T17:07:59Z,1936897.0
rust,bytes-1.11.1,bytes::empty_state,success,8.139,0.1306234332,0.0037745420663558593,0.13099077750000002,0.12428704700000001,0.135375553,10,2026-07-10T17:08:01Z,1936897.0
rust,bytes-1.11.1,bytes::fresh_state,success,8.139,0.13208059830000002,0.00565400946630926,0.131121483,0.125521827,0.14030383600000002,10,2026-07-10T17:08:02Z,1936897.0
rust,bytes-1.11.1,bytes::get_f32_be,success,8.139,0.12983758559999997,0.0038506573306483693,0.1297812355,0.12480882700000001,0.13686635,10,2026-07-10T17:08:03Z,1936897.0
rust,bytes-1.11.1,bytes::get_f32_be_overflow,success,8.139,0.1306240141,0.003808628425075868,0.12955796400000003,0.12573201,0.137204991,10,2026-07-10T17:08:05Z,1936897.0
rust,bytes-1.11.1,bytes::get_f32_le,success,8.139,0.13339407610000004,0.0045944541919428,0.1332027755,0.127347616,0.142439485,10,2026-07-10T17:08:06Z,1936897.0
rust,bytes-1.11.1,bytes::get_f32_le_overflow,success,8.139,0.1336229597,0.005993191767098935,0.13351704250000002,0.12621534,0.142624621,10,2026-07-10T17:08:08Z,1936897.0
rust,bytes-1.11.1,bytes::get_f32_ne,success,8.139,0.1323870339,0.005190762980838659,0.1332257065,0.12549342400000002,0.14041714400000002,10,2026-07-10T17:08:09Z,1936897.0
rust,bytes-1.11.1,bytes::get_f32_ne_overflow,success,8.139,0.13011513260000002,0.004150010320171779,0.129611788,0.12559394200000001,0.13946186300000002,10,2026-07-10T17:08:11Z,1936897.0
rust,bytes-1.11.1,bytes::get_f64_be,success,8.139,0.1316839762,0.0045679833893736855,0.13123244700000003,0.12567535100000002,0.138354489,10,2026-07-10T17:08:12Z,1936897.0
rust,bytes-1.11.1,bytes::get_f64_be_overflow,success,8.139,0.13366126730000003,0.006090149610613423,0.13087342350000003,0.126900159,0.14426168,10,2026-07-10T17:08:14Z,1936897.0
rust,bytes-1.11.1,bytes::get_f64_le,success,8.139,0.1339990471,0.006715741842419585,0.13292537999999998,0.125518558,0.149710016,10,2026-07-10T17:08:15Z,1936897.0
rust,bytes-1.11.1,bytes::get_f64_le_overflow,success,8.139,0.1342089515,0.005977433517447755,0.13278131650000002,0.127116786,0.14653596900000002,10,2026-07-10T17:08:17Z,1936897.0
rust,bytes-1.11.1,bytes::get_f64_ne,success,8.139,0.13723536210000004,0.006667619625880829,0.1355349835,0.12817461600000002,0.14918953000000001,10,2026-07-10T17:08:18Z,1936897.0
rust,bytes-1.11.1,bytes::get_f64_ne_overflow,success,8.139,0.1343029537,0.0077617118072805455,0.13224041250000002,0.128589261,0.154236747,10,2026-07-10T17:08:20Z,1936897.0
rust,bytes-1.11.1,bytes::get_i128_be,success,8.139,0.1310291694,0.0037078348571668914,0.1303547255,0.125447621,0.138917483,10,2026-07-10T17:08:21Z,1936897.0
rust,bytes-1.11.1,bytes::get_i128_be_overflow,success,8.139,0.1346486059,0.006841714748074209,0.1324492425,0.127771827,0.14804736400000001,10,2026-07-10T17:08:23Z,1936897.0
rust,bytes-1.11.1,bytes::get_i128_le,success,8.139,0.12989731910000002,0.005165641962255273,0.12914148450000001,0.12374913000000001,0.141347998,10,2026-07-10T17:08:24Z,1936897.0
rust,bytes-1.11.1,bytes::get_i128_le_overflow,success,8.139,0.1305431139,0.0025653324295778694,0.12949769,0.12852153900000002,0.13670190100000001,10,2026-07-10T17:08:26Z,1936897.0
rust,bytes-1.11.1,bytes::get_i128_ne,success,8.139,0.1252361729,0.0017484082255089068,0.12506798950000003,0.12307944200000001,0.128939677,10,2026-07-10T17:08:27Z,1936897.0
rust,bytes-1.11.1,bytes::get_i128_ne_overflow,success,8.139,0.1283528081,0.0033361499771230436,0.12783382650000003,0.12363059400000001,0.136202761,10,2026-07-10T17:08:28Z,1936897.0
rust,bytes-1.11.1,bytes::get_i16_be,success,8.139,0.13219246760000003,0.005274990359523645,0.13291996300000003,0.124526044,0.14079539700000002,10,2026-07-10T17:08:30Z,1936897.0
rust,bytes-1.11.1,bytes::get_i16_be_overflow,success,8.139,0.13264320819999997,0.005833715929932401,0.1332691825,0.12380098,0.139632106,10,2026-07-10T17:08:31Z,1936897.0
rust,bytes-1.11.1,bytes::get_i16_le,success,8.139,0.1310013283,0.004035629240140961,0.130193773,0.12512767,0.136349363,10,2026-07-10T17:08:33Z,1936897.0
rust,bytes-1.11.1,bytes::get_i16_le_overflow,success,8.139,0.1281383342,0.002164162675639489,0.127857617,0.125383314,0.13101352200000002,10,2026-07-10T17:08:34Z,1936897.0
rust,bytes-1.11.1,bytes::get_i16_ne,success,8.139,0.1346553333,0.009580549349931836,0.1317881635,0.125585405,0.157083957,10,2026-07-10T17:08:36Z,1936897.0
rust,bytes-1.11.1,bytes::get_i16_ne_overflow,success,8.139,0.1298181209,0.008523723396807821,0.127639587,0.123569331,0.15250707500000002,10,2026-07-10T17:08:37Z,1936897.0
rust,bytes-1.11.1,bytes::get_i32_be,success,8.139,0.13749883280000003,0.012169326389487475,0.137498534,0.123368586,0.159930171,10,2026-07-10T17:08:39Z,1936897.0
rust,bytes-1.11.1,bytes::get_i32_be_overflow,success,8.139,0.1298010914,0.0054339288044002905,0.128246114,0.12318665300000001,0.14177752300000002,10,2026-07-10T17:08:40Z,1936897.0
rust,bytes-1.11.1,bytes::get_i32_le,success,8.139,0.1349331537,0.007503715748176186,0.1328536985,0.126034359,0.149368886,10,2026-07-10T17:08:42Z,1936897.0
rust,bytes-1.11.1,bytes::get_i32_le_overflow,success,8.139,0.12894592970000002,0.004004786350063001,0.1278384525,0.12443435700000001,0.13710808900000002,10,2026-07-10T17:08:43Z,1936897.0
rust,bytes-1.11.1,bytes::get_i32_ne,success,8.139,0.1347720714,0.008436581547293672,0.1313983915,0.127637325,0.15560191,10,2026-07-10T17:08:45Z,1936897.0
rust,bytes-1.11.1,bytes::get_i32_ne_overflow,success,8.139,0.13162911110000003,0.005700008523825738,0.129384495,0.12500228200000002,0.141619815,10,2026-07-10T17:08:46Z,1936897.0
rust,bytes-1.11.1,bytes::get_i64_be,success,8.139,0.13259852759999996,0.00727138623845486,0.130416062,0.127181343,0.150720771,10,2026-07-10T17:08:47Z,1936897.0
rust,bytes-1.11.1,bytes::get_i64_be_overflow,success,8.139,0.1297608793,0.002883048178636248,0.1293304125,0.126106689,0.13555996,10,2026-07-10T17:08:49Z,1936897.0
rust,bytes-1.11.1,bytes::get_i64_le,success,8.139,0.12948289070000002,0.0032241124608825954,0.12945674350000003,0.12536460000000002,0.135047322,10,2026-07-10T17:08:50Z,1936897.0
rust,bytes-1.11.1,bytes::get_i64_le_overflow,success,8.139,0.13012246340000003,0.0022031101275253387,0.1302464265,0.12660327400000002,0.13326865200000002,10,2026-07-10T17:08:52Z,1936897.0
rust,bytes-1.11.1,bytes::get_i64_ne,success,8.139,0.13348355960000002,0.005262759520152337,0.132533132,0.128361955,0.146934326,10,2026-07-10T17:08:53Z,1936897.0
rust,bytes-1.11.1,bytes::get_i64_ne_overflow,success,8.139,0.13739845820000002,0.008737446252753665,0.1341819155,0.12735105000000002,0.152232382,10,2026-07-10T17:08:55Z,1936897.0
rust,bytes-1.11.1,bytes::get_i8,success,8.139,0.1352806112,0.013668304405180045,0.13010992850000003,0.127098337,0.17332197800000002,10,2026-07-10T17:08:56Z,1936897.0
rust,bytes-1.11.1,bytes::get_i8_overflow,success,8.139,0.12803135650000003,0.0035205623635032484,0.12749559850000003,0.12342491400000001,0.133470589,10,2026-07-10T17:08:58Z,1936897.0
rust,bytes-1.11.1,bytes::get_int_be,success,8.139,0.12849904969999998,0.00451220640465999,0.127694056,0.12232485400000001,0.137722918,10,2026-07-10T17:08:59Z,1936897.0
rust,bytes-1.11.1,bytes::get_int_be_overflow,success,8.139,0.13104906840000002,0.0014548089412872672,0.1307883015,0.12950095,0.13357813100000002,10,2026-07-10T17:09:01Z,1936897.0
rust,bytes-1.11.1,bytes::get_int_le,success,8.139,0.13416306390000002,0.012455407738356294,0.130550118,0.12411854700000001,0.166141492,10,2026-07-10T17:09:02Z,1936897.0
rust,bytes-1.11.1,bytes::get_int_le_overflow,success,8.139,0.1271839959,0.00444904980263213,0.12787960250000002,0.12129663,0.134037663,10,2026-07-10T17:09:03Z,1936897.0
rust,bytes-1.11.1,bytes::get_int_ne,success,8.139,0.12778132800000003,0.0031759155727397576,0.12818703850000002,0.12267124700000001,0.13124438300000002,10,2026-07-10T17:09:05Z,1936897.0
rust,bytes-1.11.1,bytes::get_int_ne_overflow,success,8.139,0.13942539450000002,0.030094681110367203,0.1304104865,0.12704790600000002,0.224897919,10,2026-07-10T17:09:06Z,1936897.0
rust,bytes-1.11.1,bytes::get_u128_be,success,8.139,0.13029095620000003,0.0042206812113212725,0.129251519,0.12497028600000001,0.13922837500000002,10,2026-07-10T17:09:08Z,1936897.0
rust,bytes-1.11.1,bytes::get_u128_be_overflow,success,8.139,0.1346137205,0.017046736732602645,0.12848581350000002,0.121942146,0.179027653,10,2026-07-10T17:09:09Z,1936897.0
rust,bytes-1.11.1,bytes::get_u128_le,success,8.139,0.1278588825,0.004941205409701367,0.12765542600000002,0.122034235,0.138296561,10,2026-07-10T17:09:11Z,1936897.0
rust,bytes-1.11.1,bytes::get_u128_le_overflow,success,8.139,0.1234014315,0.002375661391344277,0.12352067600000001,0.120398954,0.127564236,10,2026-07-10T17:09:12Z,1936897.0
rust,bytes-1.11.1,bytes::get_u128_ne,success,8.139,0.12693214300000003,0.002823814650137256,0.1269811385,0.12255631800000001,0.13189109200000002,10,2026-07-10T17:09:14Z,1936897.0
rust,bytes-1.11.1,bytes::get_u128_ne_overflow,success,8.139,0.127698924,0.004958481096785681,0.1275243375,0.121322497,0.134354262,10,2026-07-10T17:09:15Z,1936897.0
rust,bytes-1.11.1,bytes::get_u16_be,success,8.139,0.12639608000000002,0.003466364554858014,0.125510424,0.12246865900000001,0.133445256,10,2026-07-10T17:09:16Z,1936897.0
rust,bytes-1.11.1,bytes::get_u16_be_overflow,success,8.139,0.1300418022,0.007236037502094346,0.1278310145,0.123864371,0.14883410300000002,10,2026-07-10T17:09:18Z,1936897.0
rust,bytes-1.11.1,bytes::get_u16_le,success,8.139,0.12744141459999997,0.0077528777736969885,0.12557764500000002,0.119664689,0.14295944700000002,10,2026-07-10T17:09:19Z,1936897.0
rust,bytes-1.11.1,bytes::get_u16_le_overflow,success,8.139,0.13034615030000002,0.008003475274748437,0.12741208850000002,0.122994638,0.148806889,10,2026-07-10T17:09:21Z,1936897.0
rust,bytes-1.11.1,bytes::get_u16_ne,success,8.139,0.1252396222,0.0032925661484675757,0.1252403305,0.12051631700000001,0.130503444,10,2026-07-10T17:09:22Z,1936897.0
rust,bytes-1.11.1,bytes::get_u16_ne_overflow,success,8.139,0.12965191950000002,0.01039296785720115,0.12697953550000002,0.12281472300000001,0.156980628,10,2026-07-10T17:09:23Z,1936897.0
rust,bytes-1.11.1,bytes::get_u32_be,success,8.139,0.12452304710000002,0.003844626828568251,0.12483457,0.11791051400000001,0.13291289,10,2026-07-10T17:09:25Z,1936897.0
rust,bytes-1.11.1,bytes::get_u32_be_overflow,success,8.139,0.12287732960000004,0.003520838256214947,0.12198811150000001,0.11906486200000001,0.130938981,10,2026-07-10T17:09:26Z,1936897.0
rust,bytes-1.11.1,bytes::get_u32_le,success,8.139,0.12274221330000001,0.003019166343927816,0.1222804425,0.11882549,0.12944543,10,2026-07-10T17:09:28Z,1936897.0
rust,bytes-1.11.1,bytes::get_u32_le_overflow,success,8.139,0.1236176555,0.002263034361774243,0.122770457,0.12160607500000001,0.12869613500000002,10,2026-07-10T17:09:29Z,1936897.0
rust,bytes-1.11.1,bytes::get_u32_ne,success,8.139,0.12319395879999999,0.0038355471206948846,0.12251395600000001,0.118036704,0.131969798,10,2026-07-10T17:09:30Z,1936897.0
rust,bytes-1.11.1,bytes::get_u32_ne_overflow,success,8.139,0.12948190790000003,0.0091324500714273,0.126491811,0.118905328,0.141809029,10,2026-07-10T17:09:32Z,1936897.0
rust,bytes-1.11.1,bytes::get_u64_be,success,8.139,0.1255949951,0.002756447716763993,0.12498086300000001,0.122155569,0.131989123,10,2026-07-10T17:09:33Z,1936897.0
rust,bytes-1.11.1,bytes::get_u64_be_overflow,success,8.139,0.1240284296,0.0016074167871968584,0.12442175850000001,0.12090487200000001,0.126676897,10,2026-07-10T17:09:34Z,1936897.0
rust,bytes-1.11.1,bytes::get_u64_le,success,8.139,0.1225020332,0.003598805104178851,0.12224441150000001,0.118556246,0.13077597600000002,10,2026-07-10T17:09:36Z,1936897.0
rust,bytes-1.11.1,bytes::get_u64_le_overflow,success,8.139,0.1260631358,0.004361374724259337,0.1245942485,0.12217515300000001,0.13668823300000002,10,2026-07-10T17:09:37Z,1936897.0
rust,bytes-1.11.1,bytes::get_u64_ne,success,8.139,0.12423118430000002,0.0030094946378502042,0.123024823,0.12167267100000001,0.13033851500000002,10,2026-07-10T17:09:39Z,1936897.0
rust,bytes-1.11.1,bytes::get_u64_ne_overflow,success,8.139,0.1229435985,0.004535029421104175,0.121688077,0.11747613600000001,0.13033053,10,2026-07-10T17:09:40Z,1936897.0
rust,bytes-1.11.1,bytes::get_u8,success,8.139,0.1239790283,0.0048201402414417135,0.12240326550000001,0.120154618,0.136345828,10,2026-07-10T17:09:41Z,1936897.0
rust,bytes-1.11.1,bytes::get_u8_overflow,success,8.139,0.1256380122,0.004557389576177346,0.1248260525,0.11888098700000001,0.133956309,10,2026-07-10T17:09:43Z,1936897.0
rust,bytes-1.11.1,bytes::get_uint_be,success,8.139,0.12400012730000001,0.0038710808027138904,0.12216716550000001,0.12093612100000001,0.133560687,10,2026-07-10T17:09:44Z,1936897.0
rust,bytes-1.11.1,bytes::get_uint_be_overflow,success,8.139,0.122814303,0.002579296673122004,0.122664454,0.117400086,0.126238811,10,2026-07-10T17:09:45Z,1936897.0
rust,bytes-1.11.1,bytes::get_uint_le,success,8.139,0.12271724070000001,0.0021582347842978846,0.12312081100000001,0.119549864,0.126179877,10,2026-07-10T17:09:47Z,1936897.0
rust,bytes-1.11.1,bytes::get_uint_le_overflow,success,8.139,0.123259343,0.0030540958824768804,0.122718194,0.11869773800000001,0.127968556,10,2026-07-10T17:09:48Z,1936897.0
rust,bytes-1.11.1,bytes::get_uint_ne,success,8.139,0.12157710260000001,0.004119551767594923,0.12036563900000001,0.11802875700000001,0.132184155,10,2026-07-10T17:09:50Z,1936897.0
rust,bytes-1.11.1,bytes::get_uint_ne_overflow,success,8.139,0.12281173910000001,0.0027303153328419975,0.123776941,0.118705532,0.126415746,10,2026-07-10T17:09:51Z,1936897.0
rust,bytes-1.11.1,bytes_mut::advance,success,8.139,0.1237125693,0.00431996539842388,0.12318000200000001,0.116964098,0.13153598500000002,10,2026-07-10T17:09:52Z,1936897.0
rust,bytes-1.11.1,bytes_mut::advance_past_end,success,8.139,0.1210837548,0.002380048868331012,0.12023004400000001,0.118400637,0.127136936,10,2026-07-10T17:09:54Z,1936897.0
rust,bytes-1.11.1,bytes_mut::advance_to_end,success,8.139,0.1227799976,0.003932614116176141,0.122963136,0.116426254,0.12869075300000002,10,2026-07-10T17:09:55Z,1936897.0
rust,bytes-1.11.1,bytes_mut::chunks_vectored_empty,success,8.139,0.12785511360000001,0.007790897015391407,0.12477255000000001,0.119067583,0.142528115,10,2026-07-10T17:09:56Z,1936897.0
rust,bytes-1.11.1,bytes_mut::chunks_vectored_is_complete,success,8.139,0.12433393400000001,0.0038697320747356993,0.12332112650000002,0.120002226,0.13372999000000002,10,2026-07-10T17:09:58Z,1936897.0
rust,bytes-1.11.1,bytes_mut::copy_to_bytes,success,8.139,0.12013348449999998,0.003402233991913784,0.11889692,0.117071669,0.127932461,10,2026-07-10T17:09:59Z,1936897.0
rust,bytes-1.11.1,bytes_mut::copy_to_bytes_big,success,8.139,0.12048970889999999,0.002438346860087635,0.12007032650000002,0.117437206,0.12417910800000001,10,2026-07-10T17:10:00Z,1936897.0
rust,bytes-1.11.1,bytes_mut::copy_to_bytes_overflow,success,8.139,0.1216245883,0.003793555238205568,0.122401358,0.116167659,0.129096964,10,2026-07-10T17:10:02Z,1936897.0
rust,bytes-1.11.1,bytes_mut::copy_to_bytes_to_end,success,8.139,0.12154785630000002,0.0025861060506282853,0.12074780900000001,0.118688447,0.127423693,10,2026-07-10T17:10:03Z,1936897.0
rust,bytes-1.11.1,bytes_mut::copy_to_slice,success,8.139,0.12247998950000001,0.004837785548788211,0.12091062100000001,0.11767287900000001,0.131643733,10,2026-07-10T17:10:04Z,1936897.0
rust,bytes-1.11.1,bytes_mut::copy_to_slice_big,success,8.139,0.11996746040000002,0.002672055588119933,0.11876230500000001,0.117143811,0.12572760300000002,10,2026-07-10T17:10:06Z,1936897.0
rust,bytes-1.11.1,bytes_mut::copy_to_slice_overflow,success,8.139,0.12255633480000001,0.004943932580457896,0.12067262950000002,0.11638203400000001,0.13262041400000002,10,2026-07-10T17:10:07Z,1936897.0
rust,bytes-1.11.1,bytes_mut::copy_to_slice_to_end,success,8.139,0.12876613850000002,0.018490041342211445,0.122779937,0.11862987300000001,0.17972020900000002,10,2026-07-10T17:10:09Z,1936897.0
rust,bytes-1.11.1,bytes_mut::empty_state,success,8.139,0.12310078910000002,0.004876365251016091,0.122811945,0.11717145400000001,0.134616474,10,2026-07-10T17:10:10Z,1936897.0
rust,bytes-1.11.1,bytes_mut::fresh_state,success,8.139,0.12282090140000004,0.004203415474280707,0.12250869800000001,0.11763781000000001,0.12815411000000002,10,2026-07-10T17:10:11Z,1936897.0
rust,bytes-1.11.1,bytes_mut::get_f32_be,success,8.139,0.1261854713,0.007141316180125314,0.1237598805,0.120153306,0.14250216000000002,10,2026-07-10T17:10:13Z,1936897.0
rust,bytes-1.11.1,bytes_mut::get_f32_be_overflow,success,8.139,0.1236255822,0.0029742264045824265,0.123003841,0.119556541,0.12899036800000002,10,2026-07-10T17:10:14Z,1936897.0
rust,bytes-1.11.1,bytes_mut::get_f32_le,success,8.139,0.12190521430000001,0.0043315533476221265,0.12016281450000002,0.117439439,0.129448538,10,2026-07-10T17:10:15Z,1936897.0
rust,bytes-1.11.1,bytes_mut::get_f32_le_overflow,success,8.139,0.12296677870000002,0.004390596341534637,0.12218830700000001,0.117732446,0.129064169,10,2026-07-10T17:10:17Z,1936897.0
rust,bytes-1.11.1,bytes_mut::get_f32_ne,success,8.139,0.12386239969999999,0.0043585159494559655,0.12203487300000002,0.119066875,0.129836269,10,2026-07-10T17:10:18Z,1936897.0
rust,bytes-1.11.1,bytes_mut::get_f32_ne_overflow,success,8.139,0.1240679778,0.004307588389352033,0.12344877800000001,0.119982745,0.13478282600000002,10,2026-07-10T17:10:20Z,1936897.0
rust,bytes-1.11.1,bytes_mut::get_f64_be,success,8.139,0.12332883570000001,0.004316642432292539,0.12203393450000001,0.118384978,0.131833915,10,2026-07-10T17:10:21Z,1936897.0
rust,bytes-1.11.1,bytes_mut::get_f64_be_overflow,success,8.139,0.12360165279999999,0.00923340886271589,0.12101316150000001,0.116135049,0.148541388,10,2026-07-10T17:10:22Z,1936897.0
rust,bytes-1.11.1,bytes_mut::get_f64_le,success,8.139,0.12247344389999999,0.0034746057494689938,0.12254590800000001,0.11790552500000001,0.12660153700000001,10,2026-07-10T17:10:24Z,1936897.0
rust,bytes-1.11.1,bytes_mut::get_f64_le_overflow,success,8.139,0.1211702013,0.0025161308934591124,0.12073716350000001,0.11760485200000001,0.12632184600000002,10,2026-07-10T17:10:25Z,1936897.0
rust,bytes-1.11.1,bytes_mut::get_f64_ne,success,8.139,0.12202981640000002,0.0038509675009478447,0.12074398450000001,0.11835948900000001,0.129325098,10,2026-07-10T17:10:26Z,1936897.0
rust,bytes-1.11.1,bytes_mut::get_f64_ne_overflow,success,8.139,0.12214126120000002,0.004156342173571182,0.1207913055,0.11872094700000001,0.13321670800000002,10,2026-07-10T17:10:28Z,1936897.0
rust,bytes-1.11.1,bytes_mut::get_i128_be,success,8.139,0.12364009680000002,0.0032712441273874105,0.12420985150000001,0.11905283900000001,0.130965195,10,2026-07-10T17:10:29Z,1936897.0
rust,bytes-1.11.1,bytes_mut::get_i128_be_overflow,success,8.139,0.12111191240000001,0.0028137607491610923,0.12087361500000002,0.11734910600000001,0.125835893,10,2026-07-10T17:10:30Z,1936897.0
rust,bytes-1.11.1,bytes_mut::get_i128_le,success,8.139,0.1240910381,0.005646524789796961,0.12180145950000001,0.118210721,0.135399046,10,2026-07-10T17:10:32Z,1936897.0
rust,bytes-1.11.1,bytes_mut::get_i128_le_overflow,success,8.139,0.1231937404,0.0037146173172960383,0.122537221,0.11909407300000001,0.130989553,10,2026-07-10T17:10:33Z,1936897.0
rust,bytes-1.11.1,bytes_mut::get_i128_ne,success,8.139,0.1228702254,0.006165104801922569,0.12152401100000002,0.11671832700000001,0.13847273100000002,10,2026-07-10T17:10:34Z,1936897.0
rust,bytes-1.11.1,bytes_mut::get_i128_ne_overflow,success,8.139,0.1250369126,0.004246965001189389,0.125168483,0.11861400400000001,0.132617816,10,2026-07-10T17:10:36Z,1936897.0
rust,bytes-1.11.1,bytes_mut::get_i16_be,success,8.139,0.1248563646,0.006249135295335281,0.12299270100000001,0.117721871,0.135361314,10,2026-07-10T17:10:37Z,1936897.0
rust,bytes-1.11.1,bytes_mut::get_i16_be_overflow,success,8.139,0.1236544692,0.004630131305631142,0.1222889825,0.11932634,0.13488075400000002,10,2026-07-10T17:10:39Z,1936897.0
rust,bytes-1.11.1,bytes_mut::get_i16_le,success,8.139,0.12425365670000002,0.005335340465693179,0.121527833,0.11864030900000001,0.132257135,10,2026-07-10T17:10:40Z,1936897.0
rust,bytes-1.11.1,bytes_mut::get_i16_le_overflow,success,8.139,0.1243759839,0.006695444190163863,0.1240156375,0.11485587600000001,0.13978589600000002,10,2026-07-10T17:10:41Z,1936897.0
rust,bytes-1.11.1,bytes_mut::get_i16_ne,success,8.139,0.1249798161,0.003999469545238811,0.124647086,0.119314233,0.130823159,10,2026-07-10T17:10:43Z,1936897.0
rust,bytes-1.11.1,bytes_mut::get_i16_ne_overflow,success,8.139,0.1228857167,0.00634978677292751,0.12004542500000001,0.11718059700000001,0.133380395,10,2026-07-10T17:10:44Z,1936897.0
rust,bytes-1.11.1,bytes_mut::get_i32_be,success,8.139,0.12332743529999998,0.0058223503435505565,0.1208729965,0.11925755800000001,0.135377954,10,2026-07-10T17:10:45Z,1936897.0
rust,bytes-1.11.1,bytes_mut::get_i32_be_overflow,success,8.139,0.12042018960000003,0.002923650666169465,0.1202515145,0.11674772800000001,0.12493184,10,2026-07-10T17:10:47Z,1936897.0
rust,bytes-1.11.1,bytes_mut::get_i32_le,success,8.139,0.12351488420000004,0.005985645807925578,0.12251415350000001,0.11585028200000001,0.133368235,10,2026-07-10T17:10:48Z,1936897.0
rust,bytes-1.11.1,bytes_mut::get_i32_le_overflow,success,8.139,0.12206301860000002,0.004636249872505461,0.12078085350000001,0.11843450100000001,0.134282339,10,2026-07-10T17:10:50Z,1936897.0
rust,bytes-1.11.1,bytes_mut::get_i32_ne,success,8.139,0.123724122,0.0024926778493635656,0.124122412,0.119250375,0.126895014,10,2026-07-10T17:10:51Z,1936897.0
rust,bytes-1.11.1,bytes_mut::get_i32_ne_overflow,success,8.139,0.121131813,0.002583486063360512,0.12101161800000002,0.11726331100000001,0.126824454,10,2026-07-10T17:10:52Z,1936897.0
rust,bytes-1.11.1,bytes_mut::get_i64_be,success,8.139,0.12414212660000001,0.006280213242712884,0.12214484450000002,0.11801568800000001,0.13785577000000002,10,2026-07-10T17:10:54Z,1936897.0
rust,bytes-1.11.1,bytes_mut::get_i64_be_overflow,success,8.139,0.1230186033,0.0026375903232528203,0.12239135300000001,0.119598491,0.12847007500000002,10,2026-07-10T17:10:55Z,1936897.0
rust,bytes-1.11.1,bytes_mut::get_i64_le,success,8.139,0.12038124390000002,0.003908074695778287,0.119377863,0.11617738600000001,0.12826342000000002,10,2026-07-10T17:10:56Z,1936897.0
rust,bytes-1.11.1,bytes_mut::get_i64_le_overflow,success,8.139,0.119186125,0.0024713293913240747,0.11911043,0.11611876700000001,0.12355614100000001,10,2026-07-10T17:10:58Z,1936897.0
rust,bytes-1.11.1,bytes_mut::get_i64_ne,success,8.139,0.12178936280000001,0.004350691695504001,0.12049814150000002,0.11707905800000001,0.131947381,10,2026-07-10T17:10:59Z,1936897.0
rust,bytes-1.11.1,bytes_mut::get_i64_ne_overflow,success,8.139,0.12018660269999999,0.002432020848829129,0.1199756065,0.11619505200000001,0.124542489,10,2026-07-10T17:11:00Z,1936897.0
rust,bytes-1.11.1,bytes_mut::get_i8,success,8.139,0.12195239090000001,0.005460655516170717,0.119214049,0.117394469,0.13433071600000002,10,2026-07-10T17:11:02Z,1936897.0
rust,bytes-1.11.1,bytes_mut::get_i8_overflow,success,8.139,0.12062255699999999,0.002863825431651829,0.12035435900000001,0.11693890900000001,0.12567598100000002,10,2026-07-10T17:11:03Z,1936897.0
rust,bytes-1.11.1,bytes_mut::get_int_be,success,8.139,0.12419660880000001,0.002359945654744228,0.1248520745,0.12024633000000001,0.128570651,10,2026-07-10T17:11:04Z,1936897.0
rust,bytes-1.11.1,bytes_mut::get_int_be_overflow,success,8.139,0.1211570015,0.005936713722911472,0.12010038950000002,0.11556021100000001,0.134878991,10,2026-07-10T17:11:06Z,1936897.0
rust,bytes-1.11.1,bytes_mut::get_int_le,success,8.139,0.12240390290000003,0.004064153424601093,0.12111063200000001,0.118127986,0.129216616,10,2026-07-10T17:11:07Z,1936897.0
rust,bytes-1.11.1,bytes_mut::get_int_le_overflow,success,8.139,0.1190458851,0.0018526418831233344,0.11847283750000001,0.116635267,0.12177773900000001,10,2026-07-10T17:11:08Z,1936897.0
rust,bytes-1.11.1,bytes_mut::get_int_ne,success,8.139,0.11952517280000001,0.0038029870677070764,0.11812072050000001,0.114733945,0.127210566,10,2026-07-10T17:11:10Z,1936897.0
rust,bytes-1.11.1,bytes_mut::get_int_ne_overflow,success,8.139,0.11965329809999999,0.003714946089260833,0.118722954,0.116277743,0.12813016200000002,10,2026-07-10T17:11:11Z,1936897.0
rust,bytes-1.11.1,bytes_mut::get_u128_be,success,8.139,0.12230450680000002,0.004893781310854891,0.12124539850000002,0.115474476,0.13139538,10,2026-07-10T17:11:12Z,1936897.0
rust,bytes-1.11.1,bytes_mut::get_u128_be_overflow,success,8.139,0.12032747930000003,0.0037658374310453498,0.11962445800000002,0.115929292,0.127624593,10,2026-07-10T17:11:14Z,1936897.0
rust,bytes-1.11.1,bytes_mut::get_u128_le,success,8.139,0.12023269580000003,0.0043825490455216415,0.1195979545,0.11423567500000001,0.13073199100000002,10,2026-07-10T17:11:15Z,1936897.0
rust,bytes-1.11.1,bytes_mut::get_u128_le_overflow,success,8.139,0.11937704710000001,0.0029817458150801323,0.11866746150000002,0.11621334700000001,0.126369525,10,2026-07-10T17:11:16Z,1936897.0
rust,bytes-1.11.1,bytes_mut::get_u128_ne,success,8.139,0.12435187350000003,0.00517950394672058,0.1227480165,0.117961933,0.13324818900000002,10,2026-07-10T17:11:18Z,1936897.0
rust,bytes-1.11.1,bytes_mut::get_u128_ne_overflow,success,8.139,0.1202654667,0.0030029794014971613,0.1204149535,0.115995474,0.127042588,10,2026-07-10T17:11:19Z,1936897.0
rust,bytes-1.11.1,bytes_mut::get_u16_be,success,8.139,0.1843815511,0.046447096121386436,0.1904370615,0.12127946,0.24982347700000002,10,2026-07-10T17:11:21Z,1936897.0
rust,bytes-1.11.1,bytes_mut::get_u16_be_overflow,success,8.139,0.19778767269999997,0.09307823918887863,0.170339188,0.124331093,0.428867865,10,2026-07-10T17:11:24Z,1936897.0
rust,bytes-1.11.1,bytes_mut::get_u16_le,success,8.139,0.19387131680000003,0.08337897137180636,0.168884942,0.123239128,0.38796893800000004,10,2026-07-10T17:11:26Z,1936897.0
rust,bytes-1.11.1,bytes_mut::get_u16_le_overflow,success,8.139,0.23369633080000002,0.2727010609306498,0.140857953,0.11920092700000001,1.005009808,10,2026-07-10T17:11:28Z,1936897.0
rust,bytes-1.11.1,bytes_mut::get_u16_ne,success,8.139,0.2868919447,0.31783728310288345,0.1661494305,0.122914804,1.168294118,10,2026-07-10T17:11:31Z,1936897.0
rust,bytes-1.11.1,bytes_mut::get_u16_ne_overflow,success,8.139,0.19141657410000004,0.08754844274722809,0.1413489535,0.122234988,0.33472207000000004,10,2026-07-10T17:11:34Z,1936897.0
rust,bytes-1.11.1,bytes_mut::get_u32_be,success,8.139,0.20866717659999998,0.11557390710944773,0.13798559050000003,0.122279408,0.39994834700000004,10,2026-07-10T17:11:36Z,1936897.0
rust,bytes-1.11.1,bytes_mut::get_u32_be_overflow,success,8.139,0.193069875,0.13287903345341434,0.159832908,0.11807569000000001,0.5593482940000001,10,2026-07-10T17:11:38Z,1936897.0
rust,bytes-1.11.1,bytes_mut::get_u32_le,success,8.139,0.1668941522,0.04096528417797865,0.1629978495,0.12110955600000001,0.264621375,10,2026-07-10T17:11:40Z,1936897.0
rust,bytes-1.11.1,bytes_mut::get_u32_le_overflow,success,8.139,0.18646495190000006,0.04392294873716745,0.17809863,0.12576320100000002,0.24368712,10,2026-07-10T17:11:42Z,1936897.0
rust,bytes-1.11.1,bytes_mut::get_u32_ne,success,8.139,0.16955885860000003,0.04346959141997441,0.16523437400000002,0.116373136,0.24594770000000002,10,2026-07-10T17:11:44Z,1936897.0
rust,bytes-1.11.1,bytes_mut::get_u32_ne_overflow,success,8.139,0.1676960348,0.0464596615875817,0.15760849100000002,0.122524907,0.251654299,10,2026-07-10T17:11:46Z,1936897.0
rust,bytes-1.11.1,bytes_mut::get_u64_be,success,8.139,0.1729214433,0.04086920329573389,0.16935660600000002,0.126179759,0.233465318,10,2026-07-10T17:11:48Z,1936897.0
rust,bytes-1.11.1,bytes_mut::get_u64_be_overflow,success,8.139,0.1737967455,0.05275694828412916,0.1665850295,0.11846074200000001,0.24576392900000002,10,2026-07-10T17:11:50Z,1936897.0
rust,bytes-1.11.1,bytes_mut::get_u64_le,success,8.139,0.196843382,0.06583644354024175,0.1954134415,0.13012710600000002,0.32565739600000004,10,2026-07-10T17:11:52Z,1936897.0
rust,bytes-1.11.1,bytes_mut::get_u64_le_overflow,success,8.139,0.1717136207,0.04543588133345353,0.1646705395,0.12173244200000001,0.240789247,10,2026-07-10T17:11:54Z,1936897.0
rust,bytes-1.11.1,bytes_mut::get_u64_ne,success,8.139,0.17176535399999998,0.059203767063033395,0.14654321,0.11852844800000001,0.285415601,10,2026-07-10T17:11:56Z,1936897.0
rust,bytes-1.11.1,bytes_mut::get_u64_ne_overflow,success,8.139,0.12758416079999998,0.007687742349234884,0.12321149750000002,0.11955070000000001,0.139055689,10,2026-07-10T17:11:57Z,1936897.0
rust,bytes-1.11.1,bytes_mut::get_u8,success,8.139,0.129602402,0.013579140896326562,0.12438226200000001,0.116945924,0.16393490700000002,10,2026-07-10T17:11:59Z,1936897.0
rust,bytes-1.11.1,bytes_mut::get_u8_overflow,success,8.139,0.1370747429,0.01843419237363766,0.13590194249999998,0.120136611,0.184107806,10,2026-07-10T17:12:00Z,1936897.0
rust,bytes-1.11.1,bytes_mut::get_uint_be,success,8.139,0.20406730350000002,0.1310808264836145,0.14645758650000001,0.119286951,0.5308682720000001,10,2026-07-10T17:12:02Z,1936897.0
rust,bytes-1.11.1,bytes_mut::get_uint_be_overflow,success,8.139,0.28783921380000005,0.2886968363202208,0.14698132800000002,0.116702545,1.042090728,10,2026-07-10T17:12:05Z,1936897.0
rust,bytes-1.11.1,bytes_mut::get_uint_le,success,8.139,0.2121851843,0.19211410960408884,0.144850425,0.11959726100000001,0.751551045,10,2026-07-10T17:12:08Z,1936897.0
rust,bytes-1.11.1,bytes_mut::get_uint_le_overflow,success,8.139,0.2016672496,0.1393622834356342,0.1514778295,0.118735875,0.55520174,10,2026-07-10T17:12:10Z,1936897.0
rust,bytes-1.11.1,bytes_mut::get_uint_ne,success,8.139,0.22537482480000004,0.1514205786848085,0.15676542300000001,0.12177690000000001,0.5892578390000001,10,2026-07-10T17:12:13Z,1936897.0
rust,bytes-1.11.1,bytes_mut::get_uint_ne_overflow,success,8.139,0.24395845240000003,0.3229734498703644,0.1420889995,0.122545255,1.161594921,10,2026-07-10T17:12:15Z,1936897.0
rust,bytes-1.11.1,chain_limited_slices::advance,success,8.139,0.3152513888,0.32547202326592367,0.16605002200000002,0.125623876,1.046989622,10,2026-07-10T17:12:19Z,1936897.0
rust,bytes-1.11.1,chain_limited_slices::advance_past_end,success,8.139,0.21148109110000002,0.12900434296258348,0.150080683,0.12084220500000001,0.5095358280000001,10,2026-07-10T17:12:21Z,1936897.0
rust,bytes-1.11.1,chain_limited_slices::advance_to_end,success,8.139,0.17741618150000002,0.06740353922657201,0.13942488000000003,0.11945374800000001,0.30470609200000004,10,2026-07-10T17:12:23Z,1936897.0
rust,bytes-1.11.1,chain_limited_slices::chunks_vectored_empty,success,8.139,0.1774950974,0.06053002987007838,0.15199352100000002,0.120886423,0.298159434,10,2026-07-10T17:12:25Z,1936897.0
rust,bytes-1.11.1,chain_limited_slices::chunks_vectored_is_complete,success,8.139,0.20818578180000005,0.07283231333086224,0.19287577,0.124538349,0.323534038,10,2026-07-10T17:12:27Z,1936897.0
rust,bytes-1.11.1,chain_limited_slices::copy_to_bytes,success,8.139,0.1575519492,0.042461795337786164,0.1415581165,0.121732828,0.23912528900000002,10,2026-07-10T17:12:29Z,1936897.0
rust,bytes-1.11.1,chain_limited_slices::copy_to_bytes_big,success,8.139,0.1939986533,0.05136656021216171,0.19658530950000003,0.11968980300000001,0.25999725100000004,10,2026-07-10T17:12:31Z,1936897.0
rust,bytes-1.11.1,chain_limited_slices::copy_to_bytes_overflow,success,8.139,0.19375033660000002,0.0780703908126022,0.1595517885,0.120863624,0.355035288,10,2026-07-10T17:12:33Z,1936897.0
rust,bytes-1.11.1,chain_limited_slices::copy_to_bytes_to_end,success,8.139,0.1800911738,0.05047307293434547,0.17655034200000003,0.12622144600000001,0.28603842,10,2026-07-10T17:12:35Z,1936897.0
rust,bytes-1.11.1,chain_limited_slices::copy_to_slice,success,8.139,0.21799638960000003,0.10029191519691713,0.2014341925,0.11906530700000001,0.448825409,10,2026-07-10T17:12:38Z,1936897.0
rust,bytes-1.11.1,chain_limited_slices::copy_to_slice_big,success,8.139,0.12905910620000002,0.0149878726948342,0.12146396050000001,0.11674221000000001,0.162083745,10,2026-07-10T17:12:39Z,1936897.0
rust,bytes-1.11.1,chain_limited_slices::copy_to_slice_overflow,success,8.139,0.13111157960000003,0.011407098905015407,0.1270421095,0.118796435,0.14509091400000002,10,2026-07-10T17:12:40Z,1936897.0
rust,bytes-1.11.1,chain_limited_slices::copy_to_slice_to_end,success,8.139,0.1271826803,0.012556345812452886,0.120271837,0.116910893,0.149381264,10,2026-07-10T17:12:42Z,1936897.0
rust,bytes-1.11.1,chain_limited_slices::empty_state,success,8.139,0.1262546874,0.004727724597276537,0.1263384515,0.118484321,0.133156676,10,2026-07-10T17:12:43Z,1936897.0
rust,bytes-1.11.1,chain_limited_slices::fresh_state,success,8.139,0.12857780680000003,0.012364092988056468,0.12186784850000001,0.11877556600000001,0.15567576500000002,10,2026-07-10T17:12:45Z,1936897.0
rust,bytes-1.11.1,chain_limited_slices::get_f32_be,success,8.139,0.1259491398,0.00890058746609257,0.1236399725,0.117467709,0.148488916,10,2026-07-10T17:12:46Z,1936897.0
rust,bytes-1.11.1,chain_limited_slices::get_f32_be_overflow,success,8.139,0.12778595510000001,0.014744879165916854,0.12361960150000001,0.119081242,0.16871079800000002,10,2026-07-10T17:12:47Z,1936897.0
rust,bytes-1.11.1,chain_limited_slices::get_f32_le,success,8.139,0.12185842179999999,0.004807746365851094,0.11976727250000001,0.11864906300000001,0.131247043,10,2026-07-10T17:12:49Z,1936897.0
rust,bytes-1.11.1,chain_limited_slices::get_f32_le_overflow,success,8.139,0.1233250696,0.004241609336090338,0.1216154115,0.117713308,0.12976985800000002,10,2026-07-10T17:12:50Z,1936897.0
rust,bytes-1.11.1,chain_limited_slices::get_f32_ne,success,8.139,0.1229779143,0.007009862999214009,0.12072479950000001,0.116895152,0.140520465,10,2026-07-10T17:12:52Z,1936897.0
rust,bytes-1.11.1,chain_limited_slices::get_f32_ne_overflow,success,8.139,0.12345176529999999,0.0043390939657427475,0.12328008750000001,0.11663191,0.130273307,10,2026-07-10T17:12:53Z,1936897.0
rust,bytes-1.11.1,chain_limited_slices::get_f64_be,success,8.139,0.11816072590000001,0.0036476092804091534,0.117270811,0.114251192,0.124519268,10,2026-07-10T17:12:54Z,1936897.0
rust,bytes-1.11.1,chain_limited_slices::get_f64_be_overflow,success,8.139,0.12079523789999999,0.005594101309894749,0.11996696600000001,0.115296492,0.13482728700000002,10,2026-07-10T17:12:56Z,1936897.0
rust,bytes-1.11.1,chain_limited_slices::get_f64_le,success,8.139,0.11967738539999999,0.002842073655887826,0.1196380235,0.11590489100000001,0.124855223,10,2026-07-10T17:12:57Z,1936897.0
rust,bytes-1.11.1,chain_limited_slices::get_f64_le_overflow,success,8.139,0.1252301453,0.01262000495296976,0.12303146350000001,0.11477703400000001,0.157599551,10,2026-07-10T17:12:58Z,1936897.0
rust,bytes-1.11.1,chain_limited_slices::get_f64_ne,success,8.139,0.1205484829,0.004528806965150305,0.11978231350000001,0.11377243100000001,0.12712457700000002,10,2026-07-10T17:13:00Z,1936897.0
rust,bytes-1.11.1,chain_limited_slices::get_f64_ne_overflow,success,8.139,0.11864718869999999,0.003348043613622279,0.11887732100000001,0.115197303,0.12538758900000002,10,2026-07-10T17:13:01Z,1936897.0
rust,bytes-1.11.1,chain_limited_slices::get_i128_be,success,8.139,0.11823654079999998,0.0030711746430301416,0.1178790975,0.114282168,0.12540947400000002,10,2026-07-10T17:13:02Z,1936897.0
rust,bytes-1.11.1,chain_limited_slices::get_i128_be_overflow,success,8.139,0.1255397399,0.02301063033001783,0.11718832700000001,0.114981419,0.1902549,10,2026-07-10T17:13:04Z,1936897.0
rust,bytes-1.11.1,chain_limited_slices::get_i128_le,success,8.139,0.1188197572,0.004743861574955644,0.11782271300000001,0.113521652,0.12738654100000002,10,2026-07-10T17:13:05Z,1936897.0
rust,bytes-1.11.1,chain_limited_slices::get_i128_le_overflow,success,8.139,0.1172873321,0.0012977383368937964,0.11709756600000001,0.11591221900000001,0.11902984200000001,10,2026-07-10T17:13:06Z,1936897.0
rust,bytes-1.11.1,chain_limited_slices::get_i128_ne,success,8.139,0.1242749791,0.008479426210886699,0.12102847950000001,0.115925472,0.144719962,10,2026-07-10T17:13:08Z,1936897.0
rust,bytes-1.11.1,chain_limited_slices::get_i128_ne_overflow,success,8.139,0.12041139249999999,0.002374923319617626,0.1200967975,0.11678977800000001,0.124504977,10,2026-07-10T17:13:09Z,1936897.0
rust,bytes-1.11.1,chain_limited_slices::get_i16_be,success,8.139,0.11887824690000001,0.0019436179252076637,0.11850882300000001,0.11614856400000001,0.122144657,10,2026-07-10T17:13:10Z,1936897.0
rust,bytes-1.11.1,chain_limited_slices::get_i16_be_overflow,success,8.139,0.11891923630000001,0.004263586326036464,0.117603566,0.115414837,0.12955669,10,2026-07-10T17:13:12Z,1936897.0
rust,bytes-1.11.1,chain_limited_slices::get_i16_le,success,8.139,0.11648764070000002,0.0029283227752848954,0.115256831,0.113130621,0.122621822,10,2026-07-10T17:13:13Z,1936897.0
rust,bytes-1.11.1,chain_limited_slices::get_i16_le_overflow,success,8.139,0.1206242166,0.005331179346203287,0.1203742065,0.11401176,0.128150323,10,2026-07-10T17:13:14Z,1936897.0
rust,bytes-1.11.1,chain_limited_slices::get_i16_ne,success,8.139,0.12008671420000001,0.0029896461972753305,0.119349434,0.11670116700000001,0.126886717,10,2026-07-10T17:13:16Z,1936897.0
rust,bytes-1.11.1,chain_limited_slices::get_i16_ne_overflow,success,8.139,0.12086106270000001,0.007937050690137065,0.11742782850000001,0.11521835400000001,0.140939599,10,2026-07-10T17:13:17Z,1936897.0
rust,bytes-1.11.1,chain_limited_slices::get_i32_be,success,8.139,0.12026943200000002,0.004012033462679882,0.1206285255,0.11499264000000001,0.128069902,10,2026-07-10T17:13:18Z,1936897.0
rust,bytes-1.11.1,chain_limited_slices::get_i32_be_overflow,success,8.139,0.12058702130000001,0.0039041250684709854,0.1196849925,0.11616332900000001,0.126599182,10,2026-07-10T17:13:20Z,1936897.0
rust,bytes-1.11.1,chain_limited_slices::get_i32_le,success,8.139,0.1196391634,0.00458688502607518,0.11801291750000001,0.113688299,0.127114705,10,2026-07-10T17:13:21Z,1936897.0
rust,bytes-1.11.1,chain_limited_slices::get_i32_le_overflow,success,8.139,0.12233232740000002,0.00596574003104544,0.1209796045,0.11341173700000001,0.13579058700000002,10,2026-07-10T17:13:22Z,1936897.0
rust,bytes-1.11.1,chain_limited_slices::get_i32_ne,success,8.139,0.12642290080000002,0.0050948741202765675,0.12577729850000002,0.120961407,0.137727937,10,2026-07-10T17:13:24Z,1936897.0
rust,bytes-1.11.1,chain_limited_slices::get_i32_ne_overflow,success,8.139,0.12043624950000001,0.004715914389770197,0.1184469045,0.116271075,0.130179814,10,2026-07-10T17:13:25Z,1936897.0
rust,bytes-1.11.1,chain_limited_slices::get_i64_be,success,8.139,0.11841511090000001,0.002676897764643637,0.11796457900000001,0.11488305300000001,0.12390319400000001,10,2026-07-10T17:13:26Z,1936897.0
rust,bytes-1.11.1,chain_limited_slices::get_i64_be_overflow,success,8.139,0.11638564850000002,0.0020434188252346046,0.11602836200000001,0.113405322,0.12010480300000001,10,2026-07-10T17:13:28Z,1936897.0
rust,bytes-1.11.1,chain_limited_slices::get_i64_le,success,8.139,0.1203075718,0.0033414823732309073,0.11885623850000002,0.116399522,0.12519169900000002,10,2026-07-10T17:13:29Z,1936897.0
rust,bytes-1.11.1,chain_limited_slices::get_i64_le_overflow,success,8.139,0.1181948983,0.004885763955920987,0.11681548150000001,0.11458932100000001,0.131502995,10,2026-07-10T17:13:30Z,1936897.0
rust,bytes-1.11.1,chain_limited_slices::get_i64_ne,success,8.139,0.1192513672,0.004869311552152925,0.11718042000000001,0.114489718,0.129557222,10,2026-07-10T17:13:32Z,1936897.0
rust,bytes-1.11.1,chain_limited_slices::get_i64_ne_overflow,success,8.139,0.1182233036,0.004732702573521821,0.11614879,0.11420531800000001,0.12946015400000002,10,2026-07-10T17:13:33Z,1936897.0
rust,bytes-1.11.1,chain_limited_slices::get_i8,success,8.139,0.12009249910000001,0.004142891388785706,0.1194373125,0.11530228000000001,0.129599768,10,2026-07-10T17:13:34Z,1936897.0
rust,bytes-1.11.1,chain_limited_slices::get_i8_overflow,success,8.139,0.11713969519999998,0.0023125389141912976,0.11747824650000001,0.113428898,0.122148325,10,2026-07-10T17:13:35Z,1936897.0
rust,bytes-1.11.1,chain_limited_slices::get_int_be,success,8.139,0.1193974387,0.0039042309240140192,0.11798251800000001,0.116182249,0.126622586,10,2026-07-10T17:13:37Z,1936897.0
rust,bytes-1.11.1,chain_limited_slices::get_int_be_overflow,success,8.139,0.11618213630000003,0.003729377083069237,0.1153872645,0.11197129300000001,0.12357364300000001,10,2026-07-10T17:13:38Z,1936897.0
rust,bytes-1.11.1,chain_limited_slices::get_int_le,success,8.139,0.11538167070000001,0.002010367672999479,0.1145462545,0.11244113800000001,0.118775447,10,2026-07-10T17:13:39Z,1936897.0
rust,bytes-1.11.1,chain_limited_slices::get_int_le_overflow,success,8.139,0.1183849195,0.0029898886401844927,0.117833724,0.11292850200000001,0.12304535400000001,10,2026-07-10T17:13:41Z,1936897.0
rust,bytes-1.11.1,chain_limited_slices::get_int_ne,success,8.139,0.1168346473,0.003587658724253778,0.11643070700000001,0.111776127,0.125152368,10,2026-07-10T17:13:42Z,1936897.0
rust,bytes-1.11.1,chain_limited_slices::get_int_ne_overflow,success,8.139,0.11488741659999999,0.0017209141796476267,0.1142540695,0.112952703,0.118888778,10,2026-07-10T17:13:43Z,1936897.0
rust,bytes-1.11.1,chain_limited_slices::get_u128_be,success,8.139,0.1169051971,0.003096032824800527,0.11745266700000001,0.112910204,0.122074655,10,2026-07-10T17:13:44Z,1936897.0
rust,bytes-1.11.1,chain_limited_slices::get_u128_be_overflow,success,8.139,0.11961869330000001,0.004010835312358624,0.11836606800000002,0.11448071200000001,0.12751695500000002,10,2026-07-10T17:13:46Z,1936897.0
rust,bytes-1.11.1,chain_limited_slices::get_u128_le,success,8.139,0.1180501889,0.004180498668613975,0.11700376950000001,0.11334555900000001,0.12478956100000001,10,2026-07-10T17:13:47Z,1936897.0
rust,bytes-1.11.1,chain_limited_slices::get_u128_le_overflow,success,8.139,0.11896713509999998,0.0035923025215576186,0.118210651,0.113741093,0.12496286000000001,10,2026-07-10T17:13:48Z,1936897.0
rust,bytes-1.11.1,chain_limited_slices::get_u128_ne,success,8.139,0.11908936080000002,0.002705437865464986,0.11839161000000001,0.11563651700000001,0.12472361700000001,10,2026-07-10T17:13:50Z,1936897.0
rust,bytes-1.11.1,chain_limited_slices::get_u128_ne_overflow,success,8.139,0.11687827860000002,0.0029278685647385295,0.11618637300000001,0.11392234500000001,0.12325667400000001,10,2026-07-10T17:13:51Z,1936897.0
rust,bytes-1.11.1,chain_limited_slices::get_u16_be,success,8.139,0.1184346865,0.00455183155641656,0.1178879305,0.112921485,0.128880302,10,2026-07-10T17:13:52Z,1936897.0
rust,bytes-1.11.1,chain_limited_slices::get_u16_be_overflow,success,8.139,0.11833555100000001,0.0032435224403321843,0.11804767900000002,0.11397419800000001,0.12467982200000001,10,2026-07-10T17:13:54Z,1936897.0
rust,bytes-1.11.1,chain_limited_slices::get_u16_le,success,8.139,0.12036289290000002,0.004059555334094898,0.12194165350000001,0.1137924,0.126118475,10,2026-07-10T17:13:55Z,1936897.0
rust,bytes-1.11.1,chain_limited_slices::get_u16_le_overflow,success,8.139,0.1172107375,0.004193158979234555,0.1154783995,0.11337739000000001,0.125655235,10,2026-07-10T17:13:56Z,1936897.0
rust,bytes-1.11.1,chain_limited_slices::get_u16_ne,success,8.139,0.11816120379999999,0.0035329452507486584,0.117628119,0.11418214600000001,0.126386137,10,2026-07-10T17:13:58Z,1936897.0
rust,bytes-1.11.1,chain_limited_slices::get_u16_ne_overflow,success,8.139,0.1174551911,0.0027323911467799474,0.11844569900000002,0.11344825800000001,0.12141686,10,2026-07-10T17:13:59Z,1936897.0
rust,bytes-1.11.1,chain_limited_slices::get_u32_be,success,8.139,0.11615146030000001,0.0035636881103474176,0.1152553865,0.11306416200000001,0.125841439,10,2026-07-10T17:14:00Z,1936897.0
rust,bytes-1.11.1,chain_limited_slices::get_u32_be_overflow,success,8.139,0.1160544899,0.0023552794182766642,0.115768596,0.11214750600000001,0.119372263,10,2026-07-10T17:14:02Z,1936897.0
rust,bytes-1.11.1,chain_limited_slices::get_u32_le,success,8.139,0.12129033460000001,0.005435070738309018,0.120306679,0.115366116,0.128789869,10,2026-07-10T17:14:03Z,1936897.0
rust,bytes-1.11.1,chain_limited_slices::get_u32_le_overflow,success,8.139,0.11670968720000001,0.0031442076057255513,0.116370848,0.11330137000000001,0.12406164100000001,10,2026-07-10T17:14:04Z,1936897.0
rust,bytes-1.11.1,chain_limited_slices::get_u32_ne,success,8.139,0.11969143919999999,0.009436935007450954,0.11705806600000002,0.113020723,0.14614233000000001,10,2026-07-10T17:14:05Z,1936897.0
rust,bytes-1.11.1,chain_limited_slices::get_u32_ne_overflow,success,8.139,0.11885188610000001,0.00475829087611418,0.11695584750000002,0.11369923800000001,0.12783386200000002,10,2026-07-10T17:14:07Z,1936897.0
rust,bytes-1.11.1,chain_limited_slices::get_u64_be,success,8.139,0.11598221040000001,0.00415057439124689,0.11435302250000001,0.11178309700000001,0.12460968400000001,10,2026-07-10T17:14:08Z,1936897.0
rust,bytes-1.11.1,chain_limited_slices::get_u64_be_overflow,success,8.139,0.1164697638,0.0028956117365854703,0.11583842200000001,0.113373599,0.12238976400000001,10,2026-07-10T17:14:09Z,1936897.0
rust,bytes-1.11.1,chain_limited_slices::get_u64_le,success,8.139,0.1186679912,0.004214278375419177,0.11709202600000002,0.11351018400000001,0.126637643,10,2026-07-10T17:14:11Z,1936897.0
rust,bytes-1.11.1,chain_limited_slices::get_u64_le_overflow,success,8.139,0.11561814820000002,0.003595812001951954,0.114785583,0.11144709400000001,0.124234625,10,2026-07-10T17:14:12Z,1936897.0
rust,bytes-1.11.1,chain_limited_slices::get_u64_ne,success,8.139,0.11577368560000001,0.0033508585251440727,0.1151902565,0.11198020900000001,0.12393040200000001,10,2026-07-10T17:14:13Z,1936897.0
rust,bytes-1.11.1,chain_limited_slices::get_u64_ne_overflow,success,8.139,0.11908945509999999,0.0042828469122242465,0.118914616,0.113914446,0.125648073,10,2026-07-10T17:14:15Z,1936897.0
rust,bytes-1.11.1,chain_limited_slices::get_u8,success,8.139,0.1172072426,0.00398485669389414,0.1163674635,0.11241912300000001,0.12461224500000001,10,2026-07-10T17:14:16Z,1936897.0
rust,bytes-1.11.1,chain_limited_slices::get_u8_overflow,success,8.139,0.1155750377,0.0030135528884508507,0.1149420725,0.11236518100000001,0.12323595000000001,10,2026-07-10T17:14:17Z,1936897.0
rust,bytes-1.11.1,chain_limited_slices::get_uint_be,success,8.139,0.1187589631,0.006378902802654219,0.116525762,0.11240909700000001,0.131219736,10,2026-07-10T17:14:18Z,1936897.0
rust,bytes-1.11.1,chain_limited_slices::get_uint_be_overflow,success,8.139,0.11579092049999999,0.0022584191015304973,0.11537609400000001,0.11298310700000001,0.1213182,10,2026-07-10T17:14:20Z,1936897.0
rust,bytes-1.11.1,chain_limited_slices::get_uint_le,success,8.139,0.11809631699999998,0.004541428827027679,0.117178746,0.11332916500000001,0.123959964,10,2026-07-10T17:14:21Z,1936897.0
rust,bytes-1.11.1,chain_limited_slices::get_uint_le_overflow,success,8.139,0.11644079920000001,0.005247031068482312,0.1140677645,0.11094054,0.12465566900000001,10,2026-07-10T17:14:22Z,1936897.0
rust,bytes-1.11.1,chain_limited_slices::get_uint_ne,success,8.139,0.11827869720000002,0.004931978246204701,0.117380759,0.111520145,0.125754808,10,2026-07-10T17:14:24Z,1936897.0
rust,bytes-1.11.1,chain_limited_slices::get_uint_ne_overflow,success,8.139,0.1164674582,0.004032227287476816,0.11473024200000001,0.112014339,0.12190354800000001,10,2026-07-10T17:14:25Z,1936897.0
rust,bytes-1.11.1,chain_small_big_u8_slice::advance,success,8.139,0.11530732400000002,0.0026524876515816027,0.114042377,0.11176210600000001,0.11991264700000001,10,2026-07-10T17:14:26Z,1936897.0
rust,bytes-1.11.1,chain_small_big_u8_slice::advance_past_end,success,8.139,0.1161686283,0.002541322661981447,0.11571510100000001,0.112521727,0.12042021700000001,10,2026-07-10T17:14:27Z,1936897.0
rust,bytes-1.11.1,chain_small_big_u8_slice::advance_to_end,success,8.139,0.11633473300000001,0.0024887253791120553,0.11563391850000002,0.11364603200000001,0.12028690800000001,10,2026-07-10T17:14:29Z,1936897.0
rust,bytes-1.11.1,chain_small_big_u8_slice::chunks_vectored_empty,success,8.139,0.11939516580000001,0.008549016594521277,0.1167446485,0.112808216,0.140796957,10,2026-07-10T17:14:30Z,1936897.0
rust,bytes-1.11.1,chain_small_big_u8_slice::chunks_vectored_is_complete,success,8.139,0.1149891945,0.0018360564081717368,0.1147386885,0.11256155000000001,0.118262398,10,2026-07-10T17:14:31Z,1936897.0
rust,bytes-1.11.1,chain_small_big_u8_slice::copy_to_bytes,success,8.139,0.1143931204,0.0032256485399278574,0.11426259350000001,0.110640313,0.12001665700000001,10,2026-07-10T17:14:33Z,1936897.0
rust,bytes-1.11.1,chain_small_big_u8_slice::copy_to_bytes_big,success,8.139,0.115226296,0.0020268641805863572,0.1146644845,0.112067473,0.11862665600000001,10,2026-07-10T17:14:34Z,1936897.0
rust,bytes-1.11.1,chain_small_big_u8_slice::copy_to_bytes_overflow,success,8.139,0.11613442870000001,0.0031910077348646457,0.116149896,0.11132272,0.121105798,10,2026-07-10T17:14:35Z,1936897.0
rust,bytes-1.11.1,chain_small_big_u8_slice::copy_to_bytes_to_end,success,8.139,0.11560610180000001,0.003626640901477772,0.1140204595,0.110939328,0.12125361300000001,10,2026-07-10T17:14:37Z,1936897.0
rust,bytes-1.11.1,chain_small_big_u8_slice::copy_to_slice,success,8.139,0.11467791700000003,0.0035295476706295762,0.11370305300000001,0.110417265,0.12013087900000001,10,2026-07-10T17:14:38Z,1936897.0
rust,bytes-1.11.1,chain_small_big_u8_slice::copy_to_slice_big,success,8.139,0.11550882259999999,0.003296073249251472,0.113884488,0.11222470600000001,0.120415453,10,2026-07-10T17:14:39Z,1936897.0
rust,bytes-1.11.1,chain_small_big_u8_slice::copy_to_slice_overflow,success,8.139,0.11499789629999999,0.0022204258859170357,0.115162413,0.112056098,0.117765984,10,2026-07-10T17:14:40Z,1936897.0
rust,bytes-1.11.1,chain_small_big_u8_slice::copy_to_slice_to_end,success,8.139,0.11369834490000001,0.0021112129280756804,0.1136664765,0.11086887100000001,0.11881999000000001,10,2026-07-10T17:14:42Z,1936897.0
rust,bytes-1.11.1,chain_small_big_u8_slice::empty_state,success,8.139,0.11490559389999999,0.0032976075673564883,0.113856471,0.11176385900000001,0.122302638,10,2026-07-10T17:14:43Z,1936897.0
rust,bytes-1.11.1,chain_small_big_u8_slice::fresh_state,success,8.139,0.1155199144,0.002803048139993722,0.1156618925,0.11119669300000001,0.11962581600000001,10,2026-07-10T17:14:44Z,1936897.0
rust,bytes-1.11.1,chain_small_big_u8_slice::get_f32_be,success,8.139,0.11797255700000002,0.0049848695457455836,0.11693542900000001,0.11299084100000001,0.126863381,10,2026-07-10T17:14:45Z,1936897.0
rust,bytes-1.11.1,chain_small_big_u8_slice::get_f32_be_overflow,success,8.139,0.1149420735,0.0023982899386677946,0.11520854850000001,0.11082188300000001,0.11780636700000001,10,2026-07-10T17:14:47Z,1936897.0
rust,bytes-1.11.1,chain_small_big_u8_slice::get_f32_le,success,8.139,0.1159916924,0.0033938361994439994,0.1153047065,0.112183059,0.12201577100000001,10,2026-07-10T17:14:48Z,1936897.0
rust,bytes-1.11.1,chain_small_big_u8_slice::get_f32_le_overflow,success,8.139,0.11546596990000002,0.0038709341917479304,0.11413428450000002,0.11122540400000001,0.12323101600000001,10,2026-07-10T17:14:49Z,1936897.0
rust,bytes-1.11.1,chain_small_big_u8_slice::get_f32_ne,success,8.139,0.1159329968,0.003864788392120894,0.11551432850000001,0.110723125,0.122410922,10,2026-07-10T17:14:51Z,1936897.0
rust,bytes-1.11.1,chain_small_big_u8_slice::get_f32_ne_overflow,success,8.139,0.11565546130000001,0.003215191958744855,0.1159089055,0.111582816,0.12123847400000001,10,2026-07-10T17:14:52Z,1936897.0
rust,bytes-1.11.1,chain_small_big_u8_slice::get_f64_be,success,8.139,0.1146697888,0.002198033203050289,0.1141461695,0.11182070200000001,0.11987740000000001,10,2026-07-10T17:14:53Z,1936897.0
rust,bytes-1.11.1,chain_small_big_u8_slice::get_f64_be_overflow,success,8.139,0.1135553265,0.002517705613338872,0.1132199135,0.11092455000000001,0.11863986000000001,10,2026-07-10T17:14:54Z,1936897.0
rust,bytes-1.11.1,chain_small_big_u8_slice::get_f64_le,success,8.139,0.11512252860000001,0.003315566695044627,0.11427890100000002,0.11237112,0.123862361,10,2026-07-10T17:14:56Z,1936897.0
rust,bytes-1.11.1,chain_small_big_u8_slice::get_f64_le_overflow,success,8.139,0.11538003170000002,0.003264732957400753,0.11422017100000001,0.11227092500000001,0.121041642,10,2026-07-10T17:14:57Z,1936897.0
rust,bytes-1.11.1,chain_small_big_u8_slice::get_f64_ne,success,8.139,0.11476249470000002,0.0019462554310640894,0.11381334650000001,0.112595949,0.11817250400000001,10,2026-07-10T17:14:58Z,1936897.0
rust,bytes-1.11.1,chain_small_big_u8_slice::get_f64_ne_overflow,success,8.139,0.1145146504,0.0015700393676143026,0.11389276450000001,0.112627957,0.11704939800000001,10,2026-07-10T17:14:59Z,1936897.0
rust,bytes-1.11.1,chain_small_big_u8_slice::get_i128_be,success,8.139,0.1155588402,0.0026765159910774046,0.1153507685,0.11240280300000001,0.12214864,10,2026-07-10T17:15:01Z,1936897.0
rust,bytes-1.11.1,chain_small_big_u8_slice::get_i128_be_overflow,success,8.139,0.11757689689999999,0.0053523967155200535,0.11512843150000002,0.11185410000000001,0.12617755,10,2026-07-10T17:15:02Z,1936897.0
rust,bytes-1.11.1,chain_small_big_u8_slice::get_i128_le,success,8.139,0.11453306290000001,0.00459563463861066,0.113205163,0.110574028,0.12593184000000002,10,2026-07-10T17:15:03Z,1936897.0
rust,bytes-1.11.1,chain_small_big_u8_slice::get_i128_le_overflow,success,8.139,0.11491101340000001,0.002311945586633725,0.1141061175,0.112269164,0.11953234900000001,10,2026-07-10T17:15:05Z,1936897.0
rust,bytes-1.11.1,chain_small_big_u8_slice::get_i128_ne,success,8.139,0.11987041250000001,0.005698477550950028,0.11832099700000001,0.113052022,0.129379705,10,2026-07-10T17:15:06Z,1936897.0
rust,bytes-1.11.1,chain_small_big_u8_slice::get_i128_ne_overflow,success,8.139,0.1146729277,0.003609041458941022,0.11394714550000001,0.110899199,0.12115515900000001,10,2026-07-10T17:15:07Z,1936897.0
rust,bytes-1.11.1,chain_small_big_u8_slice::get_i16_be,success,8.139,0.11626508430000002,0.003907968356200332,0.11492998200000001,0.111054069,0.12367062200000001,10,2026-07-10T17:15:08Z,1936897.0
rust,bytes-1.11.1,chain_small_big_u8_slice::get_i16_be_overflow,success,8.139,0.11627393680000002,0.0034629608857537817,0.1160558025,0.11181516200000001,0.12483059,10,2026-07-10T17:15:10Z,1936897.0
rust,bytes-1.11.1,chain_small_big_u8_slice::get_i16_le,success,8.139,0.11772458700000003,0.0049265175812307155,0.11598920850000001,0.111740089,0.126607676,10,2026-07-10T17:15:11Z,1936897.0
rust,bytes-1.11.1,chain_small_big_u8_slice::get_i16_le_overflow,success,8.139,0.11572266950000003,0.005055915727175143,0.11355237500000001,0.111207627,0.127833833,10,2026-07-10T17:15:12Z,1936897.0
rust,bytes-1.11.1,chain_small_big_u8_slice::get_i16_ne,success,8.139,0.11392200329999999,0.002547691554527659,0.1130049115,0.11247868300000001,0.120947022,10,2026-07-10T17:15:14Z,1936897.0
rust,bytes-1.11.1,chain_small_big_u8_slice::get_i16_ne_overflow,success,8.139,0.1159245844,0.00352344116325977,0.11481420150000002,0.11159537700000001,0.122238489,10,2026-07-10T17:15:15Z,1936897.0
rust,bytes-1.11.1,chain_small_big_u8_slice::get_i32_be,success,8.139,0.1138294175,0.0029334857611308398,0.11379597300000001,0.110710714,0.118994742,10,2026-07-10T17:15:16Z,1936897.0
rust,bytes-1.11.1,chain_small_big_u8_slice::get_i32_be_overflow,success,8.139,0.11914203300000001,0.005264514279009286,0.11643866200000001,0.11423690500000001,0.127529196,10,2026-07-10T17:15:17Z,1936897.0
rust,bytes-1.11.1,chain_small_big_u8_slice::get_i32_le,success,8.139,0.1165231941,0.003737019475967609,0.11690710200000001,0.111670078,0.12221348500000001,10,2026-07-10T17:15:19Z,1936897.0
rust,bytes-1.11.1,chain_small_big_u8_slice::get_i32_le_overflow,success,8.139,0.1149810279,0.003911206029289131,0.1130541115,0.11186267500000001,0.12306171,10,2026-07-10T17:15:20Z,1936897.0
rust,bytes-1.11.1,chain_small_big_u8_slice::get_i32_ne,success,8.139,0.11639720030000003,0.002879392041634563,0.11695374050000001,0.112222367,0.12074211900000001,10,2026-07-10T17:15:21Z,1936897.0
rust,bytes-1.11.1,chain_small_big_u8_slice::get_i32_ne_overflow,success,8.139,0.11665969160000003,0.004211412260787882,0.1153284885,0.112432975,0.125334986,10,2026-07-10T17:15:23Z,1936897.0
rust,bytes-1.11.1,chain_small_big_u8_slice::get_i64_be,success,8.139,0.1128193779,0.002078423507606585,0.11248619500000001,0.110088922,0.11727872900000001,10,2026-07-10T17:15:24Z,1936897.0
rust,bytes-1.11.1,chain_small_big_u8_slice::get_i64_be_overflow,success,8.139,0.1147142928,0.003429297495531145,0.1147220795,0.11024507400000001,0.12139161100000001,10,2026-07-10T17:15:25Z,1936897.0
rust,bytes-1.11.1,chain_small_big_u8_slice::get_i64_le,success,8.139,0.1150652803,0.002260265430488399,0.11554719800000002,0.111402976,0.118644703,10,2026-07-10T17:15:26Z,1936897.0
rust,bytes-1.11.1,chain_small_big_u8_slice::get_i64_le_overflow,success,8.139,0.1145643929,0.002086967413803228,0.1142310945,0.11139494000000001,0.11778508800000001,10,2026-07-10T17:15:28Z,1936897.0
rust,bytes-1.11.1,chain_small_big_u8_slice::get_i64_ne,success,8.139,0.11302861910000002,0.0031047190466079733,0.11205121900000001,0.109601366,0.120451414,10,2026-07-10T17:15:29Z,1936897.0
rust,bytes-1.11.1,chain_small_big_u8_slice::get_i64_ne_overflow,success,8.139,0.11550168000000002,0.003691950354432855,0.11481203100000001,0.11024523100000001,0.120324016,10,2026-07-10T17:15:30Z,1936897.0
rust,bytes-1.11.1,chain_small_big_u8_slice::get_i8,success,8.139,0.1141131974,0.0037084251272612037,0.1131747505,0.109689136,0.12054290000000001,10,2026-07-10T17:15:32Z,1936897.0
rust,bytes-1.11.1,chain_small_big_u8_slice::get_i8_overflow,success,8.139,0.113054053,0.002965272678814435,0.112416034,0.109456233,0.119012193,10,2026-07-10T17:15:33Z,1936897.0
rust,bytes-1.11.1,chain_small_big_u8_slice::get_int_be,success,8.139,0.1136051329,0.0028502356173714426,0.11285054950000001,0.110341225,0.120421515,10,2026-07-10T17:15:34Z,1936897.0
rust,bytes-1.11.1,chain_small_big_u8_slice::get_int_be_overflow,success,8.139,0.11561496980000001,0.0033675208796751623,0.11556123650000001,0.11139438500000001,0.12228957500000001,10,2026-07-10T17:15:35Z,1936897.0
rust,bytes-1.11.1,chain_small_big_u8_slice::get_int_le,success,8.139,0.1135180308,0.002110923271309961,0.1128784575,0.11116582100000001,0.11770447,10,2026-07-10T17:15:37Z,1936897.0
rust,bytes-1.11.1,chain_small_big_u8_slice::get_int_le_overflow,success,8.139,0.112911656,0.0038910260374174386,0.11214061850000001,0.109661035,0.12370853100000001,10,2026-07-10T17:15:38Z,1936897.0
rust,bytes-1.11.1,chain_small_big_u8_slice::get_int_ne,success,8.139,0.11459677410000002,0.00593258949924497,0.11289610000000001,0.11024434200000001,0.130593267,10,2026-07-10T17:15:39Z,1936897.0
rust,bytes-1.11.1,chain_small_big_u8_slice::get_int_ne_overflow,success,8.139,0.1152054245,0.004188753810673058,0.11443471050000001,0.109996016,0.122571622,10,2026-07-10T17:15:40Z,1936897.0
rust,bytes-1.11.1,chain_small_big_u8_slice::get_u128_be,success,8.139,0.11357842730000003,0.0025346898679746046,0.112852083,0.110937424,0.118109262,10,2026-07-10T17:15:42Z,1936897.0
rust,bytes-1.11.1,chain_small_big_u8_slice::get_u128_be_overflow,success,8.139,0.11357208230000002,0.0038942035476893693,0.112707732,0.110523651,0.12404733400000001,10,2026-07-10T17:15:43Z,1936897.0
rust,bytes-1.11.1,chain_small_big_u8_slice::get_u128_le,success,8.139,0.11197590490000002,0.0018634064886992676,0.11179638900000001,0.10860754600000001,0.114879091,10,2026-07-10T17:15:44Z,1936897.0
rust,bytes-1.11.1,chain_small_big_u8_slice::get_u128_le_overflow,success,8.139,0.11268799650000001,0.0036795604485758675,0.11121164150000001,0.10910238100000001,0.12065273900000001,10,2026-07-10T17:15:45Z,1936897.0
rust,bytes-1.11.1,chain_small_big_u8_slice::get_u128_ne,success,8.139,0.11331390110000002,0.0023512212880309902,0.11279887400000001,0.111244094,0.11938844500000001,10,2026-07-10T17:15:47Z,1936897.0
rust,bytes-1.11.1,chain_small_big_u8_slice::get_u128_ne_overflow,success,8.139,0.1141690444,0.0032469586833819048,0.113038595,0.10929811,0.119638978,10,2026-07-10T17:15:48Z,1936897.0
rust,bytes-1.11.1,chain_small_big_u8_slice::get_u16_be,success,8.139,0.1119317924,0.0020337241396740425,0.11179830200000002,0.10911326800000001,0.116501139,10,2026-07-10T17:15:49Z,1936897.0
rust,bytes-1.11.1,chain_small_big_u8_slice::get_u16_be_overflow,success,8.139,0.11469747510000002,0.0021809805819074175,0.11436396550000001,0.11209980500000001,0.11934910300000001,10,2026-07-10T17:15:50Z,1936897.0
rust,bytes-1.11.1,chain_small_big_u8_slice::get_u16_le,success,8.139,0.1123410784,0.0019073002387123726,0.1126106405,0.110066099,0.11562275000000001,10,2026-07-10T17:15:52Z,1936897.0
rust,bytes-1.11.1,chain_small_big_u8_slice::get_u16_le_overflow,success,8.139,0.1142791317,0.003349336384100388,0.11380305500000001,0.110802937,0.12180776,10,2026-07-10T17:15:53Z,1936897.0
rust,bytes-1.11.1,chain_small_big_u8_slice::get_u16_ne,success,8.139,0.1125705677,0.001557723078822568,0.1120796455,0.111062063,0.11539590000000001,10,2026-07-10T17:15:54Z,1936897.0
rust,bytes-1.11.1,chain_small_big_u8_slice::get_u16_ne_overflow,success,8.139,0.11311071260000001,0.0013757305090109765,0.1131725335,0.11096715200000001,0.11527087600000001,10,2026-07-10T17:15:55Z,1936897.0
rust,bytes-1.11.1,chain_small_big_u8_slice::get_u32_be,success,8.139,0.11376130870000001,0.002934860195818651,0.1132586665,0.11100054200000001,0.12133204400000001,10,2026-07-10T17:15:57Z,1936897.0
rust,bytes-1.11.1,chain_small_big_u8_slice::get_u32_be_overflow,success,8.139,0.11528425619999998,0.002622860058930276,0.1146010335,0.111850738,0.12062528,10,2026-07-10T17:15:58Z,1936897.0
rust,bytes-1.11.1,chain_small_big_u8_slice::get_u32_le,success,8.139,0.1146642189,0.004556955135315234,0.113190857,0.110194517,0.12397371700000001,10,2026-07-10T17:15:59Z,1936897.0
rust,bytes-1.11.1,chain_small_big_u8_slice::get_u32_le_overflow,success,8.139,0.11768427560000001,0.004715452272203498,0.11733723200000001,0.11263623800000001,0.126953865,10,2026-07-10T17:16:01Z,1936897.0
rust,bytes-1.11.1,chain_small_big_u8_slice::get_u32_ne,success,8.139,0.11887424980000003,0.0030767359027857855,0.11882553400000001,0.11539813900000001,0.12474405000000001,10,2026-07-10T17:16:02Z,1936897.0
rust,bytes-1.11.1,chain_small_big_u8_slice::get_u32_ne_overflow,success,8.139,0.1198305312,0.003136281678842846,0.11996436600000002,0.11637881900000001,0.12710739000000001,10,2026-07-10T17:16:03Z,1936897.0
rust,bytes-1.11.1,chain_small_big_u8_slice::get_u64_be,success,8.139,0.11794067920000002,0.00312467741621591,0.1177164285,0.113776579,0.122934127,10,2026-07-10T17:16:04Z,1936897.0
rust,bytes-1.11.1,chain_small_big_u8_slice::get_u64_be_overflow,success,8.139,0.12217027790000001,0.005138817724041925,0.121374244,0.11588793300000001,0.130317086,10,2026-07-10T17:16:06Z,1936897.0
rust,bytes-1.11.1,chain_small_big_u8_slice::get_u64_le,success,8.139,0.12133540430000003,0.005147367500617557,0.11954051600000001,0.11523421900000001,0.12914071700000002,10,2026-07-10T17:16:07Z,1936897.0
rust,bytes-1.11.1,chain_small_big_u8_slice::get_u64_le_overflow,success,8.139,0.11919976540000002,0.002586651519245691,0.11914308600000001,0.11436573700000001,0.12287565700000001,10,2026-07-10T17:16:08Z,1936897.0
rust,bytes-1.11.1,chain_small_big_u8_slice::get_u64_ne,success,8.139,0.11822547420000003,0.0027540370662902515,0.11696946500000001,0.11484468900000001,0.12244091400000001,10,2026-07-10T17:16:10Z,1936897.0
rust,bytes-1.11.1,chain_small_big_u8_slice::get_u64_ne_overflow,success,8.139,0.1202190249,0.00457398954391446,0.118432875,0.1145454,0.12757237300000002,10,2026-07-10T17:16:11Z,1936897.0
rust,bytes-1.11.1,chain_small_big_u8_slice::get_u8,success,8.139,0.11790960889999999,0.0033342049837370544,0.11696400950000001,0.11423092500000001,0.12517403100000002,10,2026-07-10T17:16:12Z,1936897.0
rust,bytes-1.11.1,chain_small_big_u8_slice::get_u8_overflow,success,8.139,0.1190361548,0.003627261612800666,0.11854927250000001,0.11436220600000001,0.125042489,10,2026-07-10T17:16:14Z,1936897.0
rust,bytes-1.11.1,chain_small_big_u8_slice::get_uint_be,success,8.139,0.11670699030000001,0.002160938965220087,0.1162978495,0.114581334,0.12237645500000001,10,2026-07-10T17:16:15Z,1936897.0
rust,bytes-1.11.1,chain_small_big_u8_slice::get_uint_be_overflow,success,8.139,0.11765050920000002,0.004113883716897958,0.11630698800000001,0.11293452300000001,0.125114385,10,2026-07-10T17:16:16Z,1936897.0
rust,bytes-1.11.1,chain_small_big_u8_slice::get_uint_le,success,8.139,0.11732388630000001,0.0037622461136537135,0.1180744865,0.111779918,0.12265609000000001,10,2026-07-10T17:16:18Z,1936897.0
rust,bytes-1.11.1,chain_small_big_u8_slice::get_uint_le_overflow,success,8.139,0.1188147503,0.003019923354215432,0.11859018,0.11522839100000001,0.12479035200000001,10,2026-07-10T17:16:19Z,1936897.0
rust,bytes-1.11.1,chain_small_big_u8_slice::get_uint_ne,success,8.139,0.11747604390000002,0.0022068546485736707,0.11653042100000001,0.11529095600000001,0.12188382900000001,10,2026-07-10T17:16:20Z,1936897.0
rust,bytes-1.11.1,chain_small_big_u8_slice::get_uint_ne_overflow,success,8.139,0.1204083714,0.0031903928900801266,0.120697698,0.115839486,0.12425641400000001,10,2026-07-10T17:16:22Z,1936897.0
rust,bytes-1.11.1,chain_u8_slice::advance,success,8.139,0.1180896526,0.005586548487814559,0.11623920700000001,0.11275937000000001,0.130363061,10,2026-07-10T17:16:23Z,1936897.0
rust,bytes-1.11.1,chain_u8_slice::advance_past_end,success,8.139,0.11759559410000002,0.0035217176400593833,0.11787887300000001,0.112368667,0.12329804600000001,10,2026-07-10T17:16:24Z,1936897.0
rust,bytes-1.11.1,chain_u8_slice::advance_to_end,success,8.139,0.11512312060000003,0.0032636480545391124,0.11441503450000001,0.111325171,0.122493471,10,2026-07-10T17:16:25Z,1936897.0
rust,bytes-1.11.1,chain_u8_slice::chunks_vectored_empty,success,8.139,0.11834279060000001,0.004157990185844817,0.1180759485,0.11433994800000001,0.127392366,10,2026-07-10T17:16:27Z,1936897.0
rust,bytes-1.11.1,chain_u8_slice::chunks_vectored_is_complete,success,8.139,0.12099091899999999,0.006368938285080716,0.120605258,0.11345245400000001,0.131307104,10,2026-07-10T17:16:28Z,1936897.0
rust,bytes-1.11.1,chain_u8_slice::copy_to_bytes,success,8.139,0.117497483,0.0046449672938246,0.11633539350000001,0.112127793,0.12454878000000001,10,2026-07-10T17:16:29Z,1936897.0
rust,bytes-1.11.1,chain_u8_slice::copy_to_bytes_big,success,8.139,0.1147925688,0.002969924122779527,0.11451641800000001,0.10996045,0.11926357000000001,10,2026-07-10T17:16:31Z,1936897.0
rust,bytes-1.11.1,chain_u8_slice::copy_to_bytes_overflow,success,8.139,0.1141526794,0.003534133967037005,0.11259738500000001,0.11105316700000001,0.12232661800000001,10,2026-07-10T17:16:32Z,1936897.0
rust,bytes-1.11.1,chain_u8_slice::copy_to_bytes_to_end,success,8.139,0.1158222721,0.005070087125026538,0.114703156,0.11076953,0.128690786,10,2026-07-10T17:16:33Z,1936897.0
rust,bytes-1.11.1,chain_u8_slice::copy_to_slice,success,8.139,0.114380784,0.002888332143790484,0.1142329105,0.11130263500000001,0.120810784,10,2026-07-10T17:16:35Z,1936897.0
rust,bytes-1.11.1,chain_u8_slice::copy_to_slice_big,success,8.139,0.1138764052,0.001706459348967642,0.11409547950000001,0.111057441,0.11587050200000001,10,2026-07-10T17:16:36Z,1936897.0
rust,bytes-1.11.1,chain_u8_slice::copy_to_slice_overflow,success,8.139,0.11597301740000002,0.004185948607636831,0.1153828875,0.110800488,0.12404198100000001,10,2026-07-10T17:16:37Z,1936897.0
rust,bytes-1.11.1,chain_u8_slice::copy_to_slice_to_end,success,8.139,0.11602894420000001,0.0020901663816133976,0.11565280150000001,0.11318505400000001,0.1196118,10,2026-07-10T17:16:38Z,1936897.0
rust,bytes-1.11.1,chain_u8_slice::empty_state,success,8.139,0.11511941789999998,0.003580977417252432,0.1142593385,0.111711904,0.12392702100000001,10,2026-07-10T17:16:40Z,1936897.0
rust,bytes-1.11.1,chain_u8_slice::fresh_state,success,8.139,0.1153194411,0.007656902595377036,0.11187833500000001,0.11059611800000001,0.13555365,10,2026-07-10T17:16:41Z,1936897.0
rust,bytes-1.11.1,chain_u8_slice::get_f32_be,success,8.139,0.11347206740000002,0.0027517740929117883,0.11243852950000001,0.11040385500000001,0.11859251200000001,10,2026-07-10T17:16:42Z,1936897.0
rust,bytes-1.11.1,chain_u8_slice::get_f32_be_overflow,success,8.139,0.11711142909999998,0.006276430871853287,0.1150076235,0.10945431600000001,0.12766386300000002,10,2026-07-10T17:16:43Z,1936897.0
rust,bytes-1.11.1,chain_u8_slice::get_f32_le,success,8.139,0.1131116513,0.003999685003177682,0.111962487,0.108719203,0.120251062,10,2026-07-10T17:16:45Z,1936897.0
rust,bytes-1.11.1,chain_u8_slice::get_f32_le_overflow,success,8.139,0.11539701129999999,0.0053458540024318366,0.1137212355,0.11056789,0.127493389,10,2026-07-10T17:16:46Z,1936897.0
rust,bytes-1.11.1,chain_u8_slice::get_f32_ne,success,8.139,0.1173840267,0.00468391799759577,0.116412654,0.111287175,0.1263912,10,2026-07-10T17:16:47Z,1936897.0
rust,bytes-1.11.1,chain_u8_slice::get_f32_ne_overflow,success,8.139,0.11775719690000001,0.0052929652759181245,0.11579523650000001,0.11198601000000001,0.12747934800000002,10,2026-07-10T17:16:49Z,1936897.0
rust,bytes-1.11.1,chain_u8_slice::get_f64_be,success,8.139,0.11547358560000003,0.004200863429989607,0.115390883,0.10994915100000001,0.12484805700000001,10,2026-07-10T17:16:50Z,1936897.0
rust,bytes-1.11.1,chain_u8_slice::get_f64_be_overflow,success,8.139,0.1144879207,0.001805146632431899,0.11412956800000001,0.11221586900000001,0.117854526,10,2026-07-10T17:16:51Z,1936897.0
rust,bytes-1.11.1,chain_u8_slice::get_f64_le,success,8.139,0.11614250190000001,0.007786599310861025,0.1132215775,0.111310685,0.137366089,10,2026-07-10T17:16:52Z,1936897.0
rust,bytes-1.11.1,chain_u8_slice::get_f64_le_overflow,success,8.139,0.1150346262,0.0038321471757434052,0.11360294650000001,0.112004457,0.125140161,10,2026-07-10T17:16:54Z,1936897.0
rust,bytes-1.11.1,chain_u8_slice::get_f64_ne,success,8.139,0.11413213750000002,0.004025454859868086,0.11278665950000001,0.11122572400000001,0.124922158,10,2026-07-10T17:16:55Z,1936897.0
rust,bytes-1.11.1,chain_u8_slice::get_f64_ne_overflow,success,8.139,0.11505565240000001,0.003984644507466166,0.11442834100000002,0.10976189,0.12158758900000001,10,2026-07-10T17:16:56Z,1936897.0
rust,bytes-1.11.1,chain_u8_slice::get_i128_be,success,8.139,0.11700568110000001,0.004811354977170211,0.1175851295,0.11117133700000001,0.12428820200000001,10,2026-07-10T17:16:58Z,1936897.0
rust,bytes-1.11.1,chain_u8_slice::get_i128_be_overflow,success,8.139,0.11478939169999999,0.003471808261970093,0.11367904200000001,0.110217539,0.12104867200000001,10,2026-07-10T17:16:59Z,1936897.0
rust,bytes-1.11.1,chain_u8_slice::get_i128_le,success,8.139,0.1164013643,0.004143219204798609,0.1167520765,0.110780972,0.12263298600000001,10,2026-07-10T17:17:00Z,1936897.0
rust,bytes-1.11.1,chain_u8_slice::get_i128_le_overflow,success,8.139,0.11430761360000001,0.0031405136123558667,0.1131038815,0.110398146,0.12061920200000001,10,2026-07-10T17:17:01Z,1936897.0
rust,bytes-1.11.1,chain_u8_slice::get_i128_ne,success,8.139,0.114957347,0.004479122925157436,0.11280011150000001,0.10938642900000001,0.12294128500000001,10,2026-07-10T17:17:03Z,1936897.0
rust,bytes-1.11.1,chain_u8_slice::get_i128_ne_overflow,success,8.139,0.11656232580000003,0.0030619105672904,0.11640320450000001,0.11173119200000001,0.12265350600000001,10,2026-07-10T17:17:04Z,1936897.0
rust,bytes-1.11.1,chain_u8_slice::get_i16_be,success,8.139,0.1153887831,0.0033734265565671232,0.11472074700000001,0.11091131000000001,0.12047536600000001,10,2026-07-10T17:17:05Z,1936897.0
rust,bytes-1.11.1,chain_u8_slice::get_i16_be_overflow,success,8.139,0.1134878923,0.0015635065352763297,0.11340752600000001,0.11061443800000001,0.11612710000000001,10,2026-07-10T17:17:06Z,1936897.0
rust,bytes-1.11.1,chain_u8_slice::get_i16_le,success,8.139,0.11341654650000002,0.0022990825279592753,0.1132159845,0.11002318100000001,0.11726389300000001,10,2026-07-10T17:17:08Z,1936897.0
rust,bytes-1.11.1,chain_u8_slice::get_i16_le_overflow,success,8.139,0.1126611058,0.0024133469617113276,0.11257278350000001,0.11018502000000001,0.11637177000000001,10,2026-07-10T17:17:09Z,1936897.0
rust,bytes-1.11.1,chain_u8_slice::get_i16_ne,success,8.139,0.11235031710000001,0.002608412378483021,0.1118237315,0.109703412,0.11816855500000001,10,2026-07-10T17:17:10Z,1936897.0
rust,bytes-1.11.1,chain_u8_slice::get_i16_ne_overflow,success,8.139,0.1143320748,0.002557028928630812,0.113897415,0.111637541,0.117861935,10,2026-07-10T17:17:11Z,1936897.0
rust,bytes-1.11.1,chain_u8_slice::get_i32_be,success,8.139,0.11575289420000001,0.004657947072021293,0.11590921950000001,0.11071961100000001,0.12351110000000001,10,2026-07-10T17:17:13Z,1936897.0
rust,bytes-1.11.1,chain_u8_slice::get_i32_be_overflow,success,8.139,0.11275255490000002,0.0015289454356510249,0.112709164,0.11024389500000001,0.11502113200000001,10,2026-07-10T17:17:14Z,1936897.0
rust,bytes-1.11.1,chain_u8_slice::get_i32_le,success,8.139,0.11533858450000001,0.003991878435702986,0.11548215850000002,0.11046109100000001,0.12201363400000001,10,2026-07-10T17:17:15Z,1936897.0
rust,bytes-1.11.1,chain_u8_slice::get_i32_le_overflow,success,8.139,0.11277534960000002,0.0032079606111096387,0.1121496175,0.11008292600000001,0.12123091600000001,10,2026-07-10T17:17:17Z,1936897.0
rust,bytes-1.11.1,chain_u8_slice::get_i32_ne,success,8.139,0.11438487910000002,0.006354175390440813,0.11134379450000001,0.109483698,0.128227578,10,2026-07-10T17:17:18Z,1936897.0
rust,bytes-1.11.1,chain_u8_slice::get_i32_ne_overflow,success,8.139,0.11432385329999999,0.003966752038739446,0.111789903,0.11068148700000001,0.121451846,10,2026-07-10T17:17:19Z,1936897.0
rust,bytes-1.11.1,chain_u8_slice::get_i64_be,success,8.139,0.11347019250000001,0.0031718438014424572,0.112853851,0.10949344500000001,0.11905844700000001,10,2026-07-10T17:17:20Z,1936897.0
rust,bytes-1.11.1,chain_u8_slice::get_i64_be_overflow,success,8.139,0.11322625280000002,0.00426895900320904,0.11279275500000001,0.10890912700000001,0.12252663100000001,10,2026-07-10T17:17:22Z,1936897.0
rust,bytes-1.11.1,chain_u8_slice::get_i64_le,success,8.139,0.11482136020000003,0.0033159031328224837,0.1139975885,0.111414146,0.12134310100000001,10,2026-07-10T17:17:23Z,1936897.0
rust,bytes-1.11.1,chain_u8_slice::get_i64_le_overflow,success,8.139,0.113540164,0.0033592402496716743,0.112343014,0.11018651900000001,0.120841023,10,2026-07-10T17:17:24Z,1936897.0
rust,bytes-1.11.1,chain_u8_slice::get_i64_ne,success,8.139,0.113542488,0.0033655222460095406,0.1133218265,0.10925256300000001,0.120427322,10,2026-07-10T17:17:25Z,1936897.0
rust,bytes-1.11.1,chain_u8_slice::get_i64_ne_overflow,success,8.139,0.11408175999999999,0.0036105930421937928,0.11288168400000001,0.11052340100000001,0.12254250900000001,10,2026-07-10T17:17:27Z,1936897.0
rust,bytes-1.11.1,chain_u8_slice::get_i8,success,8.139,0.11217466100000002,0.0021510928705552332,0.1112069095,0.10987772400000001,0.11550845500000001,10,2026-07-10T17:17:28Z,1936897.0
rust,bytes-1.11.1,chain_u8_slice::get_i8_overflow,success,8.139,0.11419588710000002,0.003224598527810295,0.11396553400000001,0.10878003600000001,0.11829069800000001,10,2026-07-10T17:17:29Z,1936897.0
rust,bytes-1.11.1,chain_u8_slice::get_int_be,success,8.139,0.11399094189999999,0.003529831958174639,0.1127510795,0.110177021,0.12180117700000001,10,2026-07-10T17:17:30Z,1936897.0
rust,bytes-1.11.1,chain_u8_slice::get_int_be_overflow,success,8.139,0.1141093597,0.001950158753491169,0.11353012200000001,0.11194669,0.117521579,10,2026-07-10T17:17:32Z,1936897.0
rust,bytes-1.11.1,chain_u8_slice::get_int_le,success,8.139,0.11375168920000003,0.003809459115070881,0.11396902350000002,0.10853614,0.119760957,10,2026-07-10T17:17:33Z,1936897.0
rust,bytes-1.11.1,chain_u8_slice::get_int_le_overflow,success,8.139,0.11674200890000001,0.004344834891107891,0.115147833,0.112438299,0.125235982,10,2026-07-10T17:17:34Z,1936897.0
rust,bytes-1.11.1,chain_u8_slice::get_int_ne,success,8.139,0.1133742878,0.003629407190132135,0.1122363395,0.11035604700000001,0.120960014,10,2026-07-10T17:17:35Z,1936897.0
rust,bytes-1.11.1,chain_u8_slice::get_int_ne_overflow,success,8.139,0.1125781558,0.0016908364959667993,0.1123450295,0.11075979500000001,0.115720345,10,2026-07-10T17:17:37Z,1936897.0
rust,bytes-1.11.1,chain_u8_slice::get_u128_be,success,8.139,0.11582501340000002,0.008122522219276727,0.1126185005,0.10979374200000001,0.13498990500000002,10,2026-07-10T17:17:38Z,1936897.0
rust,bytes-1.11.1,chain_u8_slice::get_u128_be_overflow,success,8.139,0.11666613750000002,0.005713246892650455,0.1140468975,0.110877971,0.12486919900000001,10,2026-07-10T17:17:39Z,1936897.0
rust,bytes-1.11.1,chain_u8_slice::get_u128_le,success,8.139,0.11169002850000001,0.0025159073020098563,0.11061246200000001,0.10946815,0.11784179400000001,10,2026-07-10T17:17:41Z,1936897.0
rust,bytes-1.11.1,chain_u8_slice::get_u128_le_overflow,success,8.139,0.1135654017,0.002684874850122111,0.1134075675,0.10980674300000001,0.117186383,10,2026-07-10T17:17:42Z,1936897.0
rust,bytes-1.11.1,chain_u8_slice::get_u128_ne,success,8.139,0.1181296338,0.004774512133304738,0.11828939000000001,0.11066294900000001,0.124232986,10,2026-07-10T17:17:43Z,1936897.0
rust,bytes-1.11.1,chain_u8_slice::get_u128_ne_overflow,success,8.139,0.11275345440000002,0.0023226890141583335,0.1119071995,0.11064831200000001,0.118432676,10,2026-07-10T17:17:44Z,1936897.0
rust,bytes-1.11.1,chain_u8_slice::get_u16_be,success,8.139,0.11548628990000002,0.005599925568995787,0.11320866900000001,0.110832202,0.12824844400000002,10,2026-07-10T17:17:46Z,1936897.0
rust,bytes-1.11.1,chain_u8_slice::get_u16_be_overflow,success,8.139,0.11424427780000002,0.0030708423947382103,0.113752764,0.10965696100000001,0.120427294,10,2026-07-10T17:17:47Z,1936897.0
rust,bytes-1.11.1,chain_u8_slice::get_u16_le,success,8.139,0.1159881751,0.0038560707551728627,0.11445322600000002,0.111221912,0.122767156,10,2026-07-10T17:17:48Z,1936897.0
rust,bytes-1.11.1,chain_u8_slice::get_u16_le_overflow,success,8.139,0.11535299840000002,0.0037626181113617116,0.11481105700000001,0.110872944,0.12389190300000001,10,2026-07-10T17:17:49Z,1936897.0
rust,bytes-1.11.1,chain_u8_slice::get_u16_ne,success,8.139,0.11407347190000001,0.004705208791658676,0.11205770550000001,0.10998516300000001,0.12314572900000001,10,2026-07-10T17:17:51Z,1936897.0
rust,bytes-1.11.1,chain_u8_slice::get_u16_ne_overflow,success,8.139,0.1141137536,0.004409481751677986,0.11261432000000002,0.11112772500000001,0.12402610900000001,10,2026-07-10T17:17:52Z,1936897.0
rust,bytes-1.11.1,chain_u8_slice::get_u32_be,success,8.139,0.1157817391,0.0028277752087496654,0.11545606700000001,0.11226358800000001,0.12127402100000001,10,2026-07-10T17:17:53Z,1936897.0
rust,bytes-1.11.1,chain_u8_slice::get_u32_be_overflow,success,8.139,0.114827702,0.0035213431611344605,0.11384994100000001,0.11038410500000001,0.121858538,10,2026-07-10T17:17:55Z,1936897.0
rust,bytes-1.11.1,chain_u8_slice::get_u32_le,success,8.139,0.11375949570000002,0.0031177200966539306,0.11300518600000001,0.109242455,0.119261876,10,2026-07-10T17:17:56Z,1936897.0
rust,bytes-1.11.1,chain_u8_slice::get_u32_le_overflow,success,8.139,0.11639978130000002,0.004491396463442276,0.11451019050000001,0.11206080800000001,0.126005726,10,2026-07-10T17:17:57Z,1936897.0
rust,bytes-1.11.1,chain_u8_slice::get_u32_ne,success,8.139,0.1151024951,0.0038973368462977206,0.11463002350000001,0.11041234100000001,0.124212447,10,2026-07-10T17:17:58Z,1936897.0
rust,bytes-1.11.1,chain_u8_slice::get_u32_ne_overflow,success,8.139,0.11276005089999999,0.0021631770757415776,0.1125402445,0.10977373600000001,0.11680248700000001,10,2026-07-10T17:18:00Z,1936897.0
rust,bytes-1.11.1,chain_u8_slice::get_u64_be,success,8.139,0.11377621020000002,0.004381793226780431,0.11330572650000001,0.108328065,0.120774871,10,2026-07-10T17:18:01Z,1936897.0
rust,bytes-1.11.1,chain_u8_slice::get_u64_be_overflow,success,8.139,0.11158231410000004,0.0012144604825971485,0.1115380125,0.10993045600000001,0.113604704,10,2026-07-10T17:18:02Z,1936897.0
rust,bytes-1.11.1,chain_u8_slice::get_u64_le,success,8.139,0.11447781600000002,0.002474513374813186,0.11454502250000001,0.11085712,0.117705028,10,2026-07-10T17:18:03Z,1936897.0
rust,bytes-1.11.1,chain_u8_slice::get_u64_le_overflow,success,8.139,0.114113198,0.005397580071819921,0.11169946250000001,0.10971520700000001,0.125597121,10,2026-07-10T17:18:05Z,1936897.0
rust,bytes-1.11.1,chain_u8_slice::get_u64_ne,success,8.139,0.114999889,0.005359682660652773,0.113911598,0.10982620200000001,0.127698734,10,2026-07-10T17:18:06Z,1936897.0
rust,bytes-1.11.1,chain_u8_slice::get_u64_ne_overflow,success,8.139,0.1128747961,0.0027028093024302384,0.111762128,0.110928095,0.119900952,10,2026-07-10T17:18:07Z,1936897.0
rust,bytes-1.11.1,chain_u8_slice::get_u8,success,8.139,0.11621105820000002,0.0050653664184254635,0.11405598150000001,0.11075304200000001,0.125546279,10,2026-07-10T17:18:08Z,1936897.0
rust,bytes-1.11.1,chain_u8_slice::get_u8_overflow,success,8.139,0.11339891090000001,0.002796913175456331,0.11301778200000001,0.11007820600000001,0.12036241900000001,10,2026-07-10T17:18:10Z,1936897.0
rust,bytes-1.11.1,chain_u8_slice::get_uint_be,success,8.139,0.1148403787,0.004055539155756565,0.11321528050000002,0.111256146,0.124403706,10,2026-07-10T17:18:11Z,1936897.0
rust,bytes-1.11.1,chain_u8_slice::get_uint_be_overflow,success,8.139,0.11348236900000001,0.004437798199138697,0.11238304900000001,0.108177326,0.122361329,10,2026-07-10T17:18:12Z,1936897.0
rust,bytes-1.11.1,chain_u8_slice::get_uint_le,success,8.139,0.11406776380000001,0.0052051469544289585,0.1127783895,0.10845368200000001,0.12315437500000001,10,2026-07-10T17:18:13Z,1936897.0
rust,bytes-1.11.1,chain_u8_slice::get_uint_le_overflow,success,8.139,0.11311190990000002,0.0018394703741938239,0.11249619,0.110973577,0.11645274400000001,10,2026-07-10T17:18:15Z,1936897.0
rust,bytes-1.11.1,chain_u8_slice::get_uint_ne,success,8.139,0.11172465959999997,0.001997762278839458,0.1108634325,0.109850427,0.11542766800000001,10,2026-07-10T17:18:16Z,1936897.0
rust,bytes-1.11.1,chain_u8_slice::get_uint_ne_overflow,success,8.139,0.1144078905,0.00444864776238466,0.114006827,0.10973231400000001,0.123212362,10,2026-07-10T17:18:17Z,1936897.0
rust,bytes-1.11.1,cursor::advance,success,8.139,0.11670090169999998,0.005478999796096081,0.114408494,0.109683611,0.128111272,10,2026-07-10T17:18:19Z,1936897.0
rust,bytes-1.11.1,cursor::advance_past_end,success,8.139,0.1137501893,0.0037420719739200054,0.11300562650000001,0.110252841,0.12286029600000001,10,2026-07-10T17:18:20Z,1936897.0
rust,bytes-1.11.1,cursor::advance_to_end,success,8.139,0.11356399639999999,0.004074848514666069,0.112145637,0.110067596,0.12301638200000001,10,2026-07-10T17:18:21Z,1936897.0
rust,bytes-1.11.1,cursor::chunks_vectored_empty,success,8.139,0.1160886539,0.0037847545890179954,0.11598175250000001,0.110195656,0.12306375800000001,10,2026-07-10T17:18:22Z,1936897.0
rust,bytes-1.11.1,cursor::chunks_vectored_is_complete,success,8.139,0.11492417910000001,0.0028536372528648584,0.11496468400000001,0.111097888,0.12018400400000001,10,2026-07-10T17:18:24Z,1936897.0
rust,bytes-1.11.1,cursor::copy_to_bytes,success,8.139,0.11770214450000001,0.006101371585446328,0.1164804405,0.111821265,0.131300622,10,2026-07-10T17:18:25Z,1936897.0
rust,bytes-1.11.1,cursor::copy_to_bytes_big,success,8.139,0.1145749233,0.003066689945431034,0.11415154200000001,0.11026132300000001,0.11927456400000001,10,2026-07-10T17:18:26Z,1936897.0
rust,bytes-1.11.1,cursor::copy_to_bytes_overflow,success,8.139,0.11396450350000002,0.003775521098439151,0.1133894845,0.10863679700000001,0.12068110500000001,10,2026-07-10T17:18:27Z,1936897.0
rust,bytes-1.11.1,cursor::copy_to_bytes_to_end,success,8.139,0.114280757,0.0031074992802959745,0.11480632900000001,0.11001476900000001,0.11924640500000001,10,2026-07-10T17:18:29Z,1936897.0
rust,bytes-1.11.1,cursor::copy_to_slice,success,8.139,0.1152323999,0.004053015555223554,0.11361059350000001,0.11115715500000001,0.124253151,10,2026-07-10T17:18:30Z,1936897.0
rust,bytes-1.11.1,cursor::copy_to_slice_big,success,8.139,0.11537057340000001,0.003978235404288443,0.11453107800000001,0.11074144400000001,0.122360117,10,2026-07-10T17:18:31Z,1936897.0
rust,bytes-1.11.1,cursor::copy_to_slice_overflow,success,8.139,0.11382189090000001,0.0020451690102013275,0.1133111255,0.111830596,0.118174733,10,2026-07-10T17:18:33Z,1936897.0
rust,bytes-1.11.1,cursor::copy_to_slice_to_end,success,8.139,0.115560759,0.004302162840875947,0.11477550950000001,0.10998579900000001,0.12521390200000002,10,2026-07-10T17:18:34Z,1936897.0
rust,bytes-1.11.1,cursor::empty_state,success,8.139,0.1155620866,0.0034113120261336795,0.115029784,0.10981829900000001,0.12211582000000001,10,2026-07-10T17:18:35Z,1936897.0
rust,bytes-1.11.1,cursor::fresh_state,success,8.139,0.11553046329999998,0.002506965001762272,0.1159441565,0.111404557,0.11891953000000001,10,2026-07-10T17:18:36Z,1936897.0
rust,bytes-1.11.1,cursor::get_f32_be,success,8.139,0.11268407920000001,0.0022840902259153827,0.11211541850000001,0.10991070800000001,0.115467756,10,2026-07-10T17:18:38Z,1936897.0
rust,bytes-1.11.1,cursor::get_f32_be_overflow,success,8.139,0.11511731170000002,0.00416642390197597,0.11354729050000001,0.111797214,0.126068236,10,2026-07-10T17:18:39Z,1936897.0
rust,bytes-1.11.1,cursor::get_f32_le,success,8.139,0.11272124540000002,0.0026448604187324937,0.1121905745,0.10986967,0.117880701,10,2026-07-10T17:18:40Z,1936897.0
rust,bytes-1.11.1,cursor::get_f32_le_overflow,success,8.139,0.1136021653,0.0034501819375389806,0.11237624800000001,0.11168507800000001,0.123174184,10,2026-07-10T17:18:41Z,1936897.0
rust,bytes-1.11.1,cursor::get_f32_ne,success,8.139,0.11264656760000002,0.0025262435372556285,0.112212928,0.109097523,0.11690428100000001,10,2026-07-10T17:18:43Z,1936897.0
rust,bytes-1.11.1,cursor::get_f32_ne_overflow,success,8.139,0.11444131880000001,0.0031263429789089854,0.114624239,0.110321809,0.120366079,10,2026-07-10T17:18:44Z,1936897.0
rust,bytes-1.11.1,cursor::get_f64_be,success,8.139,0.112149616,0.0013065301077239322,0.112220385,0.10947512400000001,0.11404204500000001,10,2026-07-10T17:18:45Z,1936897.0
rust,bytes-1.11.1,cursor::get_f64_be_overflow,success,8.139,0.1139215903,0.001643186813813332,0.11409718800000002,0.11050628400000001,0.116417801,10,2026-07-10T17:18:46Z,1936897.0
rust,bytes-1.11.1,cursor::get_f64_le,success,8.139,0.11351738289999999,0.0032280462505724357,0.11275737400000001,0.11008601700000001,0.119449415,10,2026-07-10T17:18:48Z,1936897.0
rust,bytes-1.11.1,cursor::get_f64_le_overflow,success,8.139,0.11414436359999999,0.002883113044008861,0.1130100225,0.111088871,0.11951613600000001,10,2026-07-10T17:18:49Z,1936897.0
rust,bytes-1.11.1,cursor::get_f64_ne,success,8.139,0.1147288842,0.003746588240955255,0.1136907935,0.11047604000000001,0.12124968100000001,10,2026-07-10T17:18:50Z,1936897.0
rust,bytes-1.11.1,cursor::get_f64_ne_overflow,success,8.139,0.11400289270000001,0.00294157182461777,0.11360645100000001,0.110967772,0.120190081,10,2026-07-10T17:18:52Z,1936897.0
rust,bytes-1.11.1,cursor::get_i128_be,success,8.139,0.1150106193,0.0029967993024902833,0.11389804850000002,0.112202307,0.12198618300000001,10,2026-07-10T17:18:53Z,1936897.0
rust,bytes-1.11.1,cursor::get_i128_be_overflow,success,8.139,0.1139903807,0.003136792841138224,0.1131762925,0.109565487,0.119582748,10,2026-07-10T17:18:54Z,1936897.0
rust,bytes-1.11.1,cursor::get_i128_le,success,8.139,0.1138713196,0.0037051381898302966,0.1127977295,0.110325144,0.122925326,10,2026-07-10T17:18:55Z,1936897.0
rust,bytes-1.11.1,cursor::get_i128_le_overflow,success,8.139,0.11362904700000001,0.0032233135669850694,0.113220395,0.108161591,0.12011861500000001,10,2026-07-10T17:18:57Z,1936897.0
rust,bytes-1.11.1,cursor::get_i128_ne,success,8.139,0.1143680207,0.0018614480706067424,0.11420429800000001,0.11139053500000001,0.11816768300000001,10,2026-07-10T17:18:58Z,1936897.0
rust,bytes-1.11.1,cursor::get_i128_ne_overflow,success,8.139,0.11414832940000001,0.00201145413763013,0.113663359,0.11150966500000001,0.116997921,10,2026-07-10T17:18:59Z,1936897.0
rust,bytes-1.11.1,cursor::get_i16_be,success,8.139,0.11417710970000002,0.003138665259522487,0.1129821225,0.110566993,0.11928637900000001,10,2026-07-10T17:19:00Z,1936897.0
rust,bytes-1.11.1,cursor::get_i16_be_overflow,success,8.139,0.1129437359,0.002286630840499155,0.11229643,0.109605611,0.117583193,10,2026-07-10T17:19:02Z,1936897.0
rust,bytes-1.11.1,cursor::get_i16_le,success,8.139,0.11539402620000001,0.0025729816284048843,0.1145912235,0.11186327700000001,0.120262829,10,2026-07-10T17:19:03Z,1936897.0
rust,bytes-1.11.1,cursor::get_i16_le_overflow,success,8.139,0.11186280340000002,0.0010483078582213862,0.11163873,0.110857721,0.114657402,10,2026-07-10T17:19:04Z,1936897.0
rust,bytes-1.11.1,cursor::get_i16_ne,success,8.139,0.1188087775,0.01779619073163532,0.11303845850000001,0.109657473,0.168881513,10,2026-07-10T17:19:05Z,1936897.0
rust,bytes-1.11.1,cursor::get_i16_ne_overflow,success,8.139,0.11397448080000001,0.002662837769960038,0.11370319400000001,0.109711658,0.11807068400000001,10,2026-07-10T17:19:07Z,1936897.0
rust,bytes-1.11.1,cursor::get_i32_be,success,8.139,0.1125546538,0.002816425598724413,0.1117985285,0.11031320700000001,0.120034133,10,2026-07-10T17:19:08Z,1936897.0
rust,bytes-1.11.1,cursor::get_i32_be_overflow,success,8.139,0.1115667606,0.0017895380596466915,0.111813197,0.109228668,0.11406208300000001,10,2026-07-10T17:19:09Z,1936897.0
rust,bytes-1.11.1,cursor::get_i32_le,success,8.139,0.11301795640000001,0.002644976101741952,0.11275666750000002,0.10991283800000001,0.11806864900000001,10,2026-07-10T17:19:10Z,1936897.0
rust,bytes-1.11.1,cursor::get_i32_le_overflow,success,8.139,0.11152788580000002,0.0029043920220799633,0.111170661,0.108097231,0.11787971900000001,10,2026-07-10T17:19:12Z,1936897.0
rust,bytes-1.11.1,cursor::get_i32_ne,success,8.139,0.11456240760000003,0.0030541217329155264,0.1144042375,0.10978253900000001,0.11936466000000001,10,2026-07-10T17:19:13Z,1936897.0
rust,bytes-1.11.1,cursor::get_i32_ne_overflow,success,8.139,0.1163013973,0.005359534387520721,0.11571954200000001,0.11145901000000001,0.130390583,10,2026-07-10T17:19:14Z,1936897.0
rust,bytes-1.11.1,cursor::get_i64_be,success,8.139,0.11070278339999999,0.001658487014761627,0.11087230850000002,0.10803670300000001,0.113454601,10,2026-07-10T17:19:15Z,1936897.0
rust,bytes-1.11.1,cursor::get_i64_be_overflow,success,8.139,0.1121414524,0.0013780187164340282,0.1119109025,0.11011226,0.11387711,10,2026-07-10T17:19:17Z,1936897.0
rust,bytes-1.11.1,cursor::get_i64_le,success,8.139,0.11235684990000001,0.0016127894121019347,0.111770955,0.11090461,0.11640402400000001,10,2026-07-10T17:19:18Z,1936897.0
rust,bytes-1.11.1,cursor::get_i64_le_overflow,success,8.139,0.11446401850000001,0.005130909684644635,0.1132152565,0.10986963500000001,0.12627827900000002,10,2026-07-10T17:19:19Z,1936897.0
rust,bytes-1.11.1,cursor::get_i64_ne,success,8.139,0.11337501710000002,0.0023751744252666026,0.11310654250000002,0.11057570400000001,0.118725385,10,2026-07-10T17:19:20Z,1936897.0
rust,bytes-1.11.1,cursor::get_i64_ne_overflow,success,8.139,0.11526041210000001,0.004823489801295794,0.113805944,0.108672787,0.124902835,10,2026-07-10T17:19:22Z,1936897.0
rust,bytes-1.11.1,cursor::get_i8,success,8.139,0.11328895480000001,0.003727342825368399,0.11243378250000001,0.10956531600000001,0.118899851,10,2026-07-10T17:19:23Z,1936897.0
rust,bytes-1.11.1,cursor::get_i8_overflow,success,8.139,0.11376029750000001,0.003433668213147411,0.11398672700000001,0.10852874900000001,0.120472771,10,2026-07-10T17:19:24Z,1936897.0
rust,bytes-1.11.1,cursor::get_int_be,success,8.139,0.11138056280000001,0.0020511428921561868,0.110846425,0.10927930500000001,0.11559372400000001,10,2026-07-10T17:19:25Z,1936897.0
rust,bytes-1.11.1,cursor::get_int_be_overflow,success,8.139,0.11382175760000002,0.003079076130552806,0.1140429285,0.108727368,0.11735885900000001,10,2026-07-10T17:19:27Z,1936897.0
rust,bytes-1.11.1,cursor::get_int_le,success,8.139,0.11328116660000001,0.0037119445222382405,0.11250328350000001,0.108290543,0.120283838,10,2026-07-10T17:19:28Z,1936897.0
rust,bytes-1.11.1,cursor::get_int_le_overflow,success,8.139,0.11365967910000001,0.0027676397166952163,0.1130227345,0.110143341,0.12046611900000001,10,2026-07-10T17:19:29Z,1936897.0
rust,bytes-1.11.1,cursor::get_int_ne,success,8.139,0.113118472,0.00504626440239521,0.11167059250000001,0.108871694,0.125579523,10,2026-07-10T17:19:31Z,1936897.0
rust,bytes-1.11.1,cursor::get_int_ne_overflow,success,8.139,0.11208822330000001,0.002059781315667922,0.11155453850000001,0.10865769900000001,0.11606357,10,2026-07-10T17:19:32Z,1936897.0
rust,bytes-1.11.1,cursor::get_u128_be,success,8.139,0.11259923809999998,0.0019495228301207113,0.11213814750000001,0.11039552000000001,0.116340517,10,2026-07-10T17:19:33Z,1936897.0
rust,bytes-1.11.1,cursor::get_u128_be_overflow,success,8.139,0.11380780459999999,0.0027931196179583166,0.1130285805,0.11063682300000001,0.11871993200000001,10,2026-07-10T17:19:34Z,1936897.0
rust,bytes-1.11.1,cursor::get_u128_le,success,8.139,0.11646744849999999,0.006288964981589527,0.113923904,0.11102258300000001,0.13175692,10,2026-07-10T17:19:36Z,1936897.0
rust,bytes-1.11.1,cursor::get_u128_le_overflow,success,8.139,0.1127536813,0.0030161386592229356,0.11191491250000002,0.109027312,0.11817118800000001,10,2026-07-10T17:19:37Z,1936897.0
rust,bytes-1.11.1,cursor::get_u128_ne,success,8.139,0.11391407080000002,0.0023984724463860917,0.1132985715,0.110767846,0.118713545,10,2026-07-10T17:19:38Z,1936897.0
rust,bytes-1.11.1,cursor::get_u128_ne_overflow,success,8.139,0.11497568070000001,0.003981914346951952,0.113521392,0.11198384600000001,0.12477950500000001,10,2026-07-10T17:19:39Z,1936897.0
rust,bytes-1.11.1,cursor::get_u16_be,success,8.139,0.11299769470000001,0.0027097158047987664,0.112297591,0.11020985500000001,0.119589473,10,2026-07-10T17:19:41Z,1936897.0
rust,bytes-1.11.1,cursor::get_u16_be_overflow,success,8.139,0.11272864400000002,0.0023669653132387353,0.1121859265,0.110467568,0.11809140500000001,10,2026-07-10T17:19:42Z,1936897.0
rust,bytes-1.11.1,cursor::get_u16_le,success,8.139,0.11562024240000002,0.0031729725621015294,0.11552071800000001,0.10956296200000001,0.120642917,10,2026-07-10T17:19:43Z,1936897.0
rust,bytes-1.11.1,cursor::get_u16_le_overflow,success,8.139,0.11323244480000001,0.004502392600933935,0.11154725750000001,0.109609356,0.12402386500000001,10,2026-07-10T17:19:44Z,1936897.0
rust,bytes-1.11.1,cursor::get_u16_ne,success,8.139,0.1127197987,0.002583431111288545,0.11192785100000001,0.11024346900000001,0.11936899000000001,10,2026-07-10T17:19:46Z,1936897.0
rust,bytes-1.11.1,cursor::get_u16_ne_overflow,success,8.139,0.11046011240000002,0.001953182886655477,0.10994922000000001,0.107321097,0.11411914000000001,10,2026-07-10T17:19:47Z,1936897.0
rust,bytes-1.11.1,cursor::get_u32_be,success,8.139,0.1125510627,0.00263302035167807,0.112135464,0.108206545,0.11756437500000001,10,2026-07-10T17:19:48Z,1936897.0
rust,bytes-1.11.1,cursor::get_u32_be_overflow,success,8.139,0.11295979219999999,0.0035247659111237385,0.11330778450000001,0.108624602,0.11870871300000001,10,2026-07-10T17:19:49Z,1936897.0
rust,bytes-1.11.1,cursor::get_u32_le,success,8.139,0.11199395910000001,0.003055233753680666,0.1118489705,0.10582398400000001,0.116161756,10,2026-07-10T17:19:51Z,1936897.0
rust,bytes-1.11.1,cursor::get_u32_le_overflow,success,8.139,0.11223036640000002,0.0023160817645832194,0.11196910750000001,0.10940325000000001,0.116038687,10,2026-07-10T17:19:52Z,1936897.0
rust,bytes-1.11.1,cursor::get_u32_ne,success,8.139,0.11645330120000001,0.010224392747937855,0.11322401750000001,0.109693519,0.143996597,10,2026-07-10T17:19:53Z,1936897.0
rust,bytes-1.11.1,cursor::get_u32_ne_overflow,success,8.139,0.11287106860000003,0.0032362007815631305,0.1117045475,0.110745226,0.120628995,10,2026-07-10T17:19:54Z,1936897.0
rust,bytes-1.11.1,cursor::get_u64_be,success,8.139,0.11065336850000003,0.0021993637334942135,0.1099533935,0.107999388,0.11377588400000001,10,2026-07-10T17:19:56Z,1936897.0
rust,bytes-1.11.1,cursor::get_u64_be_overflow,success,8.139,0.11400037730000001,0.003296218636338247,0.1123644795,0.110864841,0.120339868,10,2026-07-10T17:19:57Z,1936897.0
rust,bytes-1.11.1,cursor::get_u64_le,success,8.139,0.11295959,0.0025704108666656125,0.1117284585,0.110467569,0.116988821,10,2026-07-10T17:19:58Z,1936897.0
rust,bytes-1.11.1,cursor::get_u64_le_overflow,success,8.139,0.1146442628,0.0029792082009730846,0.11478542350000001,0.10847939200000001,0.11939152900000001,10,2026-07-10T17:19:59Z,1936897.0
rust,bytes-1.11.1,cursor::get_u64_ne,success,8.139,0.1125622028,0.0032219169163626733,0.111819539,0.11026519700000001,0.121170172,10,2026-07-10T17:20:01Z,1936897.0
rust,bytes-1.11.1,cursor::get_u64_ne_overflow,success,8.139,0.1140350846,0.003660332923544257,0.113685813,0.10950053100000001,0.121199361,10,2026-07-10T17:20:02Z,1936897.0
rust,bytes-1.11.1,cursor::get_u8,success,8.139,0.11376011920000002,0.0031359517361151685,0.11333062900000002,0.11024473300000001,0.118626957,10,2026-07-10T17:20:03Z,1936897.0
rust,bytes-1.11.1,cursor::get_u8_overflow,success,8.139,0.1130808177,0.0029673721649961233,0.11237074350000001,0.110032289,0.118798131,10,2026-07-10T17:20:04Z,1936897.0
rust,bytes-1.11.1,cursor::get_uint_be,success,8.139,0.11084489730000002,0.0028306870120544197,0.1101650515,0.10759487300000001,0.11688210700000001,10,2026-07-10T17:20:06Z,1936897.0
rust,bytes-1.11.1,cursor::get_uint_be_overflow,success,8.139,0.1119180603,0.002889262556217497,0.1114175805,0.107706221,0.11701524,10,2026-07-10T17:20:07Z,1936897.0
rust,bytes-1.11.1,cursor::get_uint_le,success,8.139,0.11339381550000001,0.0026128966623004267,0.1127521595,0.110374203,0.117913322,10,2026-07-10T17:20:08Z,1936897.0
rust,bytes-1.11.1,cursor::get_uint_le_overflow,success,8.139,0.11363559000000001,0.0022666093758614203,0.113792658,0.11093038300000001,0.11733067700000001,10,2026-07-10T17:20:09Z,1936897.0
rust,bytes-1.11.1,cursor::get_uint_ne,success,8.139,0.11489436940000002,0.004999707472410587,0.115200489,0.108558122,0.124608062,10,2026-07-10T17:20:11Z,1936897.0
rust,bytes-1.11.1,cursor::get_uint_ne_overflow,success,8.139,0.11483192000000002,0.006704212289352521,0.1131043085,0.11103918400000001,0.13344608400000002,10,2026-07-10T17:20:12Z,1936897.0
rust,bytes-1.11.1,test_deref_buf_forwards,success,8.139,0.1197543919,0.014659957905720222,0.11196978000000002,0.11005200000000001,0.151250516,10,2026-07-10T17:20:13Z,1936897.0
rust,bytes-1.11.1,u8_slice::advance,success,8.139,0.11229769839999999,0.0029741303473373414,0.11214484000000001,0.10864863500000001,0.116998497,10,2026-07-10T17:20:15Z,1936897.0
rust,bytes-1.11.1,u8_slice::advance_past_end,success,8.139,0.11317355200000001,0.0037829253464134816,0.112321418,0.11002028700000001,0.12312213200000001,10,2026-07-10T17:20:16Z,1936897.0
rust,bytes-1.11.1,u8_slice::advance_to_end,success,8.139,0.1122638216,0.0018835779467673399,0.1121282565,0.10919740100000001,0.11581524600000001,10,2026-07-10T17:20:17Z,1936897.0
rust,bytes-1.11.1,u8_slice::chunks_vectored_empty,success,8.139,0.1128591146,0.0027559948415956884,0.1124383685,0.10916362900000001,0.11765082900000001,10,2026-07-10T17:20:18Z,1936897.0
rust,bytes-1.11.1,u8_slice::chunks_vectored_is_complete,success,8.139,0.1108719217,0.0017439379993608379,0.1110012145,0.10873422,0.11409978200000001,10,2026-07-10T17:20:20Z,1936897.0
rust,bytes-1.11.1,u8_slice::copy_to_bytes,success,8.139,0.11074389050000003,0.002797835606940924,0.1106197435,0.10667241400000001,0.116868891,10,2026-07-10T17:20:21Z,1936897.0
rust,bytes-1.11.1,u8_slice::copy_to_bytes_big,success,8.139,0.11116248170000002,0.0037290571378930538,0.10951278850000001,0.106997173,0.11796827300000001,10,2026-07-10T17:20:22Z,1936897.0
rust,bytes-1.11.1,u8_slice::copy_to_bytes_overflow,success,8.139,0.1128883074,0.0022354315833616385,0.1124382455,0.110002575,0.11688533000000001,10,2026-07-10T17:20:23Z,1936897.0
rust,bytes-1.11.1,u8_slice::copy_to_bytes_to_end,success,8.139,0.10962422000000001,0.0031627323343982145,0.1085228315,0.10639206000000001,0.115410944,10,2026-07-10T17:20:24Z,1936897.0
rust,bytes-1.11.1,u8_slice::copy_to_slice,success,8.139,0.11292835320000001,0.0043059583684507,0.11168143750000001,0.109490792,0.124230797,10,2026-07-10T17:20:26Z,1936897.0
rust,bytes-1.11.1,u8_slice::copy_to_slice_big,success,8.139,0.11074968339999999,0.0020974169762311735,0.10993024800000001,0.10812858,0.11461180200000001,10,2026-07-10T17:20:27Z,1936897.0
rust,bytes-1.11.1,u8_slice::copy_to_slice_overflow,success,8.139,0.1141125567,0.004063201173727845,0.11333528450000001,0.1097111,0.124129499,10,2026-07-10T17:20:28Z,1936897.0
rust,bytes-1.11.1,u8_slice::copy_to_slice_to_end,success,8.139,0.11357721300000001,0.004698391705325343,0.11230509300000001,0.10819364100000001,0.121717403,10,2026-07-10T17:20:29Z,1936897.0
rust,bytes-1.11.1,u8_slice::empty_state,success,8.139,0.1107646111,0.0023046239954220274,0.1110747425,0.107519365,0.11386072000000001,10,2026-07-10T17:20:31Z,1936897.0
rust,bytes-1.11.1,u8_slice::fresh_state,success,8.139,0.11289864510000003,0.0038411756137046366,0.112914244,0.10713470700000001,0.118851676,10,2026-07-10T17:20:32Z,1936897.0
rust,bytes-1.11.1,u8_slice::get_f32_be,success,8.139,0.11168121819999999,0.0024086716765108784,0.111578015,0.10800487800000001,0.114865954,10,2026-07-10T17:20:33Z,1936897.0
rust,bytes-1.11.1,u8_slice::get_f32_be_overflow,success,8.139,0.1134545423,0.00412069169801913,0.1127270815,0.10920425700000001,0.122519104,10,2026-07-10T17:20:34Z,1936897.0
rust,bytes-1.11.1,u8_slice::get_f32_le,success,8.139,0.11154581600000002,0.0026326369165164247,0.11099918150000002,0.10783062600000001,0.11729457900000001,10,2026-07-10T17:20:36Z,1936897.0
rust,bytes-1.11.1,u8_slice::get_f32_le_overflow,success,8.139,0.11264850600000001,0.002218722242256412,0.113013745,0.10904322100000001,0.115540107,10,2026-07-10T17:20:37Z,1936897.0
rust,bytes-1.11.1,u8_slice::get_f32_ne,success,8.139,0.11477416069999999,0.011353240779830456,0.11147612400000001,0.10742676200000001,0.146667407,10,2026-07-10T17:20:38Z,1936897.0
rust,bytes-1.11.1,u8_slice::get_f32_ne_overflow,success,8.139,0.13110375640000002,0.01469134475527544,0.130473112,0.112747544,0.155554609,10,2026-07-10T17:20:40Z,1936897.0
rust,bytes-1.11.1,u8_slice::get_f64_be,success,8.139,0.12816241020000002,0.008882708077347005,0.1311876385,0.11454241300000001,0.139253376,10,2026-07-10T17:20:41Z,1936897.0
rust,bytes-1.11.1,u8_slice::get_f64_be_overflow,success,8.139,0.13894265980000003,0.01848688330832631,0.1369968095,0.11138779500000001,0.17056621700000002,10,2026-07-10T17:20:43Z,1936897.0
rust,bytes-1.11.1,u8_slice::get_f64_le,success,8.139,0.12377603460000002,0.01558091634088721,0.1150400515,0.107052222,0.14772856,10,2026-07-10T17:20:44Z,1936897.0
rust,bytes-1.11.1,u8_slice::get_f64_le_overflow,success,8.139,0.1108873669,0.001597607632063189,0.1107225455,0.108387492,0.114258937,10,2026-07-10T17:20:45Z,1936897.0
rust,bytes-1.11.1,u8_slice::get_f64_ne,success,8.139,0.11164517970000001,0.004489299418250791,0.110501931,0.10768704400000001,0.12314417500000001,10,2026-07-10T17:20:46Z,1936897.0
rust,bytes-1.11.1,u8_slice::get_f64_ne_overflow,success,8.139,0.11635232580000002,0.006922439331253633,0.1140906215,0.11178642400000001,0.135483143,10,2026-07-10T17:20:48Z,1936897.0
rust,bytes-1.11.1,u8_slice::get_i128_be,success,8.139,0.1109266932,0.0031027420335470574,0.1103849025,0.10747693000000001,0.118326784,10,2026-07-10T17:20:49Z,1936897.0
rust,bytes-1.11.1,u8_slice::get_i128_be_overflow,success,8.139,0.1150006544,0.00843924884846071,0.11252635250000001,0.10888930100000001,0.137582631,10,2026-07-10T17:20:50Z,1936897.0
rust,bytes-1.11.1,u8_slice::get_i128_le,success,8.139,0.1107025865,0.001045187673102589,0.1104496855,0.10956019500000001,0.112993018,10,2026-07-10T17:20:51Z,1936897.0
rust,bytes-1.11.1,u8_slice::get_i128_le_overflow,success,8.139,0.1121203949,0.0023891793128381724,0.11158731200000001,0.108888859,0.116803499,10,2026-07-10T17:20:53Z,1936897.0
rust,bytes-1.11.1,u8_slice::get_i128_ne,success,8.139,0.11253032690000002,0.005923577878395054,0.11092642250000001,0.10776189700000001,0.12853056100000002,10,2026-07-10T17:20:54Z,1936897.0
rust,bytes-1.11.1,u8_slice::get_i128_ne_overflow,success,8.139,0.11845668170000001,0.01581138790727472,0.11162854600000001,0.110697365,0.162022684,10,2026-07-10T17:20:55Z,1936897.0
rust,bytes-1.11.1,u8_slice::get_i16_be,success,8.139,0.1115992799,0.0028591099069853283,0.11168879550000001,0.10766318000000001,0.116368045,10,2026-07-10T17:20:56Z,1936897.0
rust,bytes-1.11.1,u8_slice::get_i16_be_overflow,success,8.139,0.1127760452,0.0035877036257163115,0.11289916900000001,0.10818609600000001,0.11808360000000001,10,2026-07-10T17:20:58Z,1936897.0
rust,bytes-1.11.1,u8_slice::get_i16_le,success,8.139,0.1100723674,0.0035590527438411107,0.1083589425,0.106180488,0.116742358,10,2026-07-10T17:20:59Z,1936897.0
rust,bytes-1.11.1,u8_slice::get_i16_le_overflow,success,8.139,0.11117706329999999,0.0024706026673325865,0.1102311765,0.107409321,0.115661837,10,2026-07-10T17:21:00Z,1936897.0
rust,bytes-1.11.1,u8_slice::get_i16_ne,success,8.139,0.11313644409999998,0.004399695957712569,0.11167738600000002,0.107789934,0.120608269,10,2026-07-10T17:21:01Z,1936897.0
rust,bytes-1.11.1,u8_slice::get_i16_ne_overflow,success,8.139,0.112854231,0.002880853602938893,0.1125974775,0.109134512,0.11804831,10,2026-07-10T17:21:03Z,1936897.0
rust,bytes-1.11.1,u8_slice::get_i32_be,success,8.139,0.1112399723,0.0018822394245678656,0.1113265565,0.10822967800000001,0.11395329000000001,10,2026-07-10T17:21:04Z,1936897.0
rust,bytes-1.11.1,u8_slice::get_i32_be_overflow,success,8.139,0.11237154320000001,0.0033357208969463582,0.1112464795,0.10886078900000001,0.11875644,10,2026-07-10T17:21:05Z,1936897.0
rust,bytes-1.11.1,u8_slice::get_i32_le,success,8.139,0.1113689233,0.0019463176719960202,0.110926357,0.10815414500000001,0.115200093,10,2026-07-10T17:21:06Z,1936897.0
rust,bytes-1.11.1,u8_slice::get_i32_le_overflow,success,8.139,0.11185476300000001,0.002843183504467288,0.11097461450000001,0.107608005,0.117428478,10,2026-07-10T17:21:08Z,1936897.0
rust,bytes-1.11.1,u8_slice::get_i32_ne,success,8.139,0.11446189240000001,0.003953034856271715,0.11302587450000001,0.11012527100000001,0.122862312,10,2026-07-10T17:21:09Z,1936897.0
rust,bytes-1.11.1,u8_slice::get_i32_ne_overflow,success,8.139,0.11141464140000001,0.0017818486380426,0.1114993665,0.10838465900000001,0.114449007,10,2026-07-10T17:21:10Z,1936897.0
rust,bytes-1.11.1,u8_slice::get_i64_be,success,8.139,0.1125723536,0.002213084499219596,0.11178166150000002,0.10997877,0.11674592800000001,10,2026-07-10T17:21:11Z,1936897.0
rust,bytes-1.11.1,u8_slice::get_i64_be_overflow,success,8.139,0.1116792897,0.0023542538731654377,0.11089148550000001,0.108753208,0.116265848,10,2026-07-10T17:21:13Z,1936897.0
rust,bytes-1.11.1,u8_slice::get_i64_le,success,8.139,0.1129124832,0.0045619268254390504,0.11212308000000001,0.106542099,0.12082202400000001,10,2026-07-10T17:21:14Z,1936897.0
rust,bytes-1.11.1,u8_slice::get_i64_le_overflow,success,8.139,0.112275694,0.0021960502979541372,0.11228651350000002,0.108439593,0.11527624900000001,10,2026-07-10T17:21:15Z,1936897.0
rust,bytes-1.11.1,u8_slice::get_i64_ne,success,8.139,0.1096464506,0.0025729664012867502,0.108657153,0.107348337,0.115980675,10,2026-07-10T17:21:16Z,1936897.0
rust,bytes-1.11.1,u8_slice::get_i64_ne_overflow,success,8.139,0.1119457605,0.0024797598399312892,0.11168017100000001,0.10778134900000001,0.115821373,10,2026-07-10T17:21:18Z,1936897.0
rust,bytes-1.11.1,u8_slice::get_i8,success,8.139,0.11223314120000001,0.0024032479749582785,0.11229746500000001,0.108668634,0.115242965,10,2026-07-10T17:21:19Z,1936897.0
rust,bytes-1.11.1,u8_slice::get_i8_overflow,success,8.139,0.11187948280000001,0.003748634941414061,0.111565687,0.106457061,0.119061017,10,2026-07-10T17:21:20Z,1936897.0
rust,bytes-1.11.1,u8_slice::get_int_be,success,8.139,0.11097519330000002,0.002243279652863936,0.1105039125,0.10836221500000001,0.11537691700000001,10,2026-07-10T17:21:21Z,1936897.0
rust,bytes-1.11.1,u8_slice::get_int_be_overflow,success,8.139,0.11264118180000002,0.0015155418295185396,0.11265976550000001,0.11038055000000001,0.11473885600000001,10,2026-07-10T17:21:23Z,1936897.0
rust,bytes-1.11.1,u8_slice::get_int_le,success,8.139,0.111830897,0.0024612998202625485,0.11168269550000001,0.107161344,0.11596428900000001,10,2026-07-10T17:21:24Z,1936897.0
rust,bytes-1.11.1,u8_slice::get_int_le_overflow,success,8.139,0.11023170869999999,0.002599138425567256,0.1097582235,0.107149486,0.11516753,10,2026-07-10T17:21:25Z,1936897.0
rust,bytes-1.11.1,u8_slice::get_int_ne,success,8.139,0.11030163370000001,0.0025766042748610486,0.110419469,0.106717192,0.11476472,10,2026-07-10T17:21:26Z,1936897.0
rust,bytes-1.11.1,u8_slice::get_int_ne_overflow,success,8.139,0.11175949180000003,0.00208415588216012,0.111398379,0.109484627,0.115592757,10,2026-07-10T17:21:27Z,1936897.0
rust,bytes-1.11.1,u8_slice::get_u128_be,success,8.139,0.11199240510000001,0.0025627299494321585,0.1123359025,0.108012484,0.11575760800000001,10,2026-07-10T17:21:29Z,1936897.0
rust,bytes-1.11.1,u8_slice::get_u128_be_overflow,success,8.139,0.1130244261,0.002712700215582557,0.11280962100000001,0.10877829900000001,0.11752646800000001,10,2026-07-10T17:21:30Z,1936897.0
rust,bytes-1.11.1,u8_slice::get_u128_le,success,8.139,0.11118668150000002,0.002223713406950096,0.112085318,0.10715018700000001,0.11345643600000001,10,2026-07-10T17:21:31Z,1936897.0
rust,bytes-1.11.1,u8_slice::get_u128_le_overflow,success,8.139,0.1130613331,0.0030941930718987667,0.11253239300000001,0.109087785,0.11876335800000001,10,2026-07-10T17:21:32Z,1936897.0
rust,bytes-1.11.1,u8_slice::get_u128_ne,success,8.139,0.11031604830000001,0.002884614053697191,0.10936765450000001,0.10721778900000001,0.116292951,10,2026-07-10T17:21:34Z,1936897.0
rust,bytes-1.11.1,u8_slice::get_u128_ne_overflow,success,8.139,0.111395473,0.002791164266939197,0.11155530400000001,0.10732042700000001,0.11619020000000001,10,2026-07-10T17:21:35Z,1936897.0
rust,bytes-1.11.1,u8_slice::get_u16_be,success,8.139,0.11004845310000003,0.002003319998349598,0.10985372750000001,0.10685129900000001,0.11324761800000001,10,2026-07-10T17:21:36Z,1936897.0
rust,bytes-1.11.1,u8_slice::get_u16_be_overflow,success,8.139,0.10999252749999999,0.002538670570664861,0.11009045,0.107111122,0.11418760100000001,10,2026-07-10T17:21:37Z,1936897.0
rust,bytes-1.11.1,u8_slice::get_u16_le,success,8.139,0.11116591930000001,0.001997732722433778,0.11037087050000001,0.108983221,0.11434364500000001,10,2026-07-10T17:21:39Z,1936897.0
rust,bytes-1.11.1,u8_slice::get_u16_le_overflow,success,8.139,0.1107030545,0.0030576212256746725,0.1101638875,0.106522081,0.11538675500000001,10,2026-07-10T17:21:40Z,1936897.0
rust,bytes-1.11.1,u8_slice::get_u16_ne,success,8.139,0.11115423990000002,0.0019116479773320903,0.111151688,0.107535425,0.113718492,10,2026-07-10T17:21:41Z,1936897.0
rust,bytes-1.11.1,u8_slice::get_u16_ne_overflow,success,8.139,0.1100481786,0.0012599969131962352,0.109715982,0.10871068800000001,0.112072002,10,2026-07-10T17:21:42Z,1936897.0
rust,bytes-1.11.1,u8_slice::get_u32_be,success,8.139,0.1113174782,0.002879222295281518,0.11282414700000001,0.10644236200000001,0.114714144,10,2026-07-10T17:21:43Z,1936897.0
rust,bytes-1.11.1,u8_slice::get_u32_be_overflow,success,8.139,0.11123935059999998,0.003159993628831842,0.11059489500000001,0.108197792,0.11723970400000001,10,2026-07-10T17:21:45Z,1936897.0
rust,bytes-1.11.1,u8_slice::get_u32_le,success,8.139,0.11066143330000003,0.0034099369086725865,0.1097350455,0.10639295300000001,0.11563793600000001,10,2026-07-10T17:21:46Z,1936897.0
rust,bytes-1.11.1,u8_slice::get_u32_le_overflow,success,8.139,0.10924432320000002,0.0029377915345336,0.1089575665,0.10442574900000001,0.11567574300000001,10,2026-07-10T17:21:47Z,1936897.0
rust,bytes-1.11.1,u8_slice::get_u32_ne,success,8.139,0.11129591539999999,0.003618750846089796,0.1105303905,0.10551125,0.116345794,10,2026-07-10T17:21:48Z,1936897.0
rust,bytes-1.11.1,u8_slice::get_u32_ne_overflow,success,8.139,0.11001038379999999,0.0027605343498064427,0.1096724405,0.10598254300000001,0.115975147,10,2026-07-10T17:21:50Z,1936897.0
rust,bytes-1.11.1,u8_slice::get_u64_be,success,8.139,0.1100851313,0.0018073800094897973,0.110231058,0.107803591,0.112993938,10,2026-07-10T17:21:51Z,1936897.0
rust,bytes-1.11.1,u8_slice::get_u64_be_overflow,success,8.139,0.11177932309999998,0.003179025791460802,0.11084590300000001,0.10766080400000001,0.117079135,10,2026-07-10T17:21:52Z,1936897.0
rust,bytes-1.11.1,u8_slice::get_u64_le,success,8.139,0.11174617309999998,0.003349153103353824,0.11121634150000001,0.107049265,0.117746102,10,2026-07-10T17:21:53Z,1936897.0
rust,bytes-1.11.1,u8_slice::get_u64_le_overflow,success,8.139,0.11244151129999999,0.0041920381766964165,0.112845526,0.10717652600000001,0.11972946300000001,10,2026-07-10T17:21:55Z,1936897.0
rust,bytes-1.11.1,u8_slice::get_u64_ne,success,8.139,0.10983421890000003,0.0016000268408667708,0.10961641700000001,0.10662692200000001,0.11237590500000001,10,2026-07-10T17:21:56Z,1936897.0
rust,bytes-1.11.1,u8_slice::get_u64_ne_overflow,success,8.139,0.11049188169999999,0.0029375210894465303,0.11042460400000001,0.106753686,0.11745480800000001,10,2026-07-10T17:21:57Z,1936897.0
rust,bytes-1.11.1,u8_slice::get_u8,success,8.139,0.10921864840000002,0.0028122243857849963,0.1087135015,0.10592395800000001,0.114211381,10,2026-07-10T17:21:58Z,1936897.0
rust,bytes-1.11.1,u8_slice::get_u8_overflow,success,8.139,0.11176097329999998,0.0018988337548370789,0.11204328300000001,0.108255738,0.11426214900000001,10,2026-07-10T17:21:59Z,1936897.0
rust,bytes-1.11.1,u8_slice::get_uint_be,success,8.139,0.11271873630000002,0.00309051682207175,0.1120397295,0.108472049,0.11843798000000001,10,2026-07-10T17:22:01Z,1936897.0
rust,bytes-1.11.1,u8_slice::get_uint_be_overflow,success,8.139,0.11077975300000001,0.001963512896776873,0.1109278545,0.10726157200000001,0.11381361300000001,10,2026-07-10T17:22:02Z,1936897.0
rust,bytes-1.11.1,u8_slice::get_uint_le,success,8.139,0.1101160582,0.0019669749976543396,0.10956414950000001,0.10766726300000001,0.11464474000000001,10,2026-07-10T17:22:03Z,1936897.0
rust,bytes-1.11.1,u8_slice::get_uint_le_overflow,success,8.139,0.1103849772,0.0027700282010999964,0.11010889900000001,0.107710554,0.116815979,10,2026-07-10T17:22:04Z,1936897.0
rust,bytes-1.11.1,u8_slice::get_uint_ne,success,8.139,0.1088601364,0.0024045365025241695,0.10811398650000001,0.106592111,0.113828301,10,2026-07-10T17:22:06Z,1936897.0
rust,bytes-1.11.1,u8_slice::get_uint_ne_overflow,success,8.139,0.1103796046,0.0014202518757859045,0.11015681150000001,0.109024224,0.113949482,10,2026-07-10T17:22:07Z,1936897.0
rust,bytes-1.11.1,vec_deque::advance,success,8.139,0.10844931780000003,0.0028907005319246965,0.107430091,0.10495019000000001,0.114761446,10,2026-07-10T17:22:08Z,1936897.0
rust,bytes-1.11.1,vec_deque::advance_past_end,success,8.139,0.11084731370000003,0.002338191508013979,0.1117178825,0.106888547,0.114107894,10,2026-07-10T17:22:09Z,1936897.0
rust,bytes-1.11.1,vec_deque::advance_to_end,success,8.139,0.11001627710000002,0.0019345055960598818,0.110445047,0.106574598,0.11221001900000001,10,2026-07-10T17:22:10Z,1936897.0
rust,bytes-1.11.1,vec_deque::chunks_vectored_empty,success,8.139,0.1101543693,0.0017086636734499115,0.10977299600000001,0.10748904000000001,0.11393612600000001,10,2026-07-10T17:22:12Z,1936897.0
rust,bytes-1.11.1,vec_deque::chunks_vectored_is_complete,success,8.139,0.1093734999,0.001348377219126628,0.10924726300000001,0.107434079,0.11170785300000001,10,2026-07-10T17:22:13Z,1936897.0
rust,bytes-1.11.1,vec_deque::copy_to_bytes,success,8.139,0.1091306129,0.0021034380851866975,0.10850281150000002,0.10725208200000001,0.11379931800000001,10,2026-07-10T17:22:14Z,1936897.0
rust,bytes-1.11.1,vec_deque::copy_to_bytes_big,success,8.139,0.1128936626,0.0029465557676810555,0.11214301750000001,0.10902945800000001,0.118406694,10,2026-07-10T17:22:15Z,1936897.0
rust,bytes-1.11.1,vec_deque::copy_to_bytes_overflow,success,8.139,0.1096887602,0.004455299196665146,0.1075553635,0.105097229,0.11805367000000001,10,2026-07-10T17:22:17Z,1936897.0
rust,bytes-1.11.1,vec_deque::copy_to_bytes_to_end,success,8.139,0.111158826,0.004236160904022178,0.11046447200000001,0.10593820300000001,0.12020630900000001,10,2026-07-10T17:22:18Z,1936897.0
rust,bytes-1.11.1,vec_deque::copy_to_slice,success,8.139,0.1087122452,0.002056934001913463,0.1092128365,0.105740206,0.11135237,10,2026-07-10T17:22:19Z,1936897.0
rust,bytes-1.11.1,vec_deque::copy_to_slice_big,success,8.139,0.11102645870000001,0.002302035445690862,0.110409647,0.108690083,0.11469734200000001,10,2026-07-10T17:22:20Z,1936897.0
rust,bytes-1.11.1,vec_deque::copy_to_slice_overflow,success,8.139,0.11122151919999998,0.002767151125538032,0.1107320435,0.108788356,0.118306462,10,2026-07-10T17:22:21Z,1936897.0
rust,bytes-1.11.1,vec_deque::copy_to_slice_to_end,success,8.139,0.11203706470000001,0.003469398848852574,0.11067861100000001,0.10938734500000001,0.12082287100000001,10,2026-07-10T17:22:23Z,1936897.0
rust,bytes-1.11.1,vec_deque::empty_state,success,8.139,0.110248411,0.003944735318247178,0.109658585,0.10547094800000001,0.11654766600000001,10,2026-07-10T17:22:24Z,1936897.0
rust,bytes-1.11.1,vec_deque::fresh_state,success,8.139,0.11054592170000002,0.0035641433651864593,0.1096168765,0.10733353600000001,0.118816216,10,2026-07-10T17:22:25Z,1936897.0
rust,bytes-1.11.1,vec_deque::get_f32_be,success,8.139,0.1104347038,0.002307989287461745,0.1099969385,0.10700566700000001,0.115522259,10,2026-07-10T17:22:26Z,1936897.0
rust,bytes-1.11.1,vec_deque::get_f32_be_overflow,success,8.139,0.10963071960000001,0.00255814745774603,0.10911100200000001,0.10676521800000001,0.114834161,10,2026-07-10T17:22:28Z,1936897.0
rust,bytes-1.11.1,vec_deque::get_f32_le,success,8.139,0.110837687,0.0018645869832199658,0.1100988915,0.10889636100000001,0.11404576400000001,10,2026-07-10T17:22:29Z,1936897.0
rust,bytes-1.11.1,vec_deque::get_f32_le_overflow,success,8.139,0.10993916810000001,0.0027813174969356777,0.1097682995,0.106295253,0.11598543800000001,10,2026-07-10T17:22:30Z,1936897.0
rust,bytes-1.11.1,vec_deque::get_f32_ne,success,8.139,0.1104425147,0.0034864648275842436,0.11024805200000001,0.105320944,0.11735123600000001,10,2026-07-10T17:22:31Z,1936897.0
rust,bytes-1.11.1,vec_deque::get_f32_ne_overflow,success,8.139,0.11050597150000001,0.0037261158074398852,0.1092404785,0.106565135,0.117385108,10,2026-07-10T17:22:32Z,1936897.0
rust,bytes-1.11.1,vec_deque::get_f64_be,success,8.139,0.11190654720000001,0.002796245428161119,0.1111587225,0.10861198000000001,0.11647665400000001,10,2026-07-10T17:22:34Z,1936897.0
rust,bytes-1.11.1,vec_deque::get_f64_be_overflow,success,8.139,0.1091481637,0.002120955796082515,0.10959890600000001,0.105807988,0.11312775300000001,10,2026-07-10T17:22:35Z,1936897.0
rust,bytes-1.11.1,vec_deque::get_f64_le,success,8.139,0.1108627995,0.006053998172537557,0.10897380750000002,0.10665980100000001,0.12745009300000001,10,2026-07-10T17:22:36Z,1936897.0
rust,bytes-1.11.1,vec_deque::get_f64_le_overflow,success,8.139,0.1102955879,0.0022090131840241576,0.109521191,0.10789807700000001,0.114377849,10,2026-07-10T17:22:37Z,1936897.0
rust,bytes-1.11.1,vec_deque::get_f64_ne,success,8.139,0.1115405537,0.0026782686841599775,0.110601212,0.108296691,0.116129562,10,2026-07-10T17:22:39Z,1936897.0
rust,bytes-1.11.1,vec_deque::get_f64_ne_overflow,success,8.139,0.11080545879999999,0.004049447051623437,0.1096487715,0.106826526,0.12023976600000001,10,2026-07-10T17:22:40Z,1936897.0
rust,bytes-1.11.1,vec_deque::get_i128_be,success,8.139,0.11082538950000001,0.0023540755766827135,0.11081083050000001,0.10792515200000001,0.11514178300000001,10,2026-07-10T17:22:41Z,1936897.0
rust,bytes-1.11.1,vec_deque::get_i128_be_overflow,success,8.139,0.1117569267,0.0018454401849083211,0.1111612665,0.11014871100000001,0.11605120000000001,10,2026-07-10T17:22:42Z,1936897.0
rust,bytes-1.11.1,vec_deque::get_i128_le,success,8.139,0.10947634440000002,0.0024823092378871395,0.10932979100000001,0.105672346,0.11513764400000001,10,2026-07-10T17:22:43Z,1936897.0
rust,bytes-1.11.1,vec_deque::get_i128_le_overflow,success,8.139,0.11062903699999997,0.0018606591272587018,0.110418546,0.107882503,0.114732623,10,2026-07-10T17:22:45Z,1936897.0
rust,bytes-1.11.1,vec_deque::get_i128_ne,success,8.139,0.11180315430000001,0.004685697365516804,0.109922477,0.10619208000000001,0.12077320500000001,10,2026-07-10T17:22:46Z,1936897.0
rust,bytes-1.11.1,vec_deque::get_i128_ne_overflow,success,8.139,0.1106774126,0.002446978183105315,0.1098241465,0.107790016,0.11464797500000001,10,2026-07-10T17:22:47Z,1936897.0
rust,bytes-1.11.1,vec_deque::get_i16_be,success,8.139,0.10855380860000001,0.0017189481773538914,0.108759631,0.10506913300000001,0.11076907700000001,10,2026-07-10T17:22:48Z,1936897.0
rust,bytes-1.11.1,vec_deque::get_i16_be_overflow,success,8.139,0.1139219739,0.005543103892176244,0.11224148150000002,0.10774709800000001,0.12407433600000001,10,2026-07-10T17:22:50Z,1936897.0
rust,bytes-1.11.1,vec_deque::get_i16_le,success,8.139,0.10881429660000001,0.0016393857082726783,0.108956407,0.10621978500000001,0.11134482500000001,10,2026-07-10T17:22:51Z,1936897.0
rust,bytes-1.11.1,vec_deque::get_i16_le_overflow,success,8.139,0.11140848570000002,0.0022788807127628852,0.11096270350000001,0.107925269,0.116511265,10,2026-07-10T17:22:52Z,1936897.0
rust,bytes-1.11.1,vec_deque::get_i16_ne,success,8.139,0.1105951989,0.001445125843893531,0.11042980100000001,0.10805117600000001,0.11335990000000001,10,2026-07-10T17:22:53Z,1936897.0
rust,bytes-1.11.1,vec_deque::get_i16_ne_overflow,success,8.139,0.10971592580000003,0.0024115215043696583,0.1095709995,0.105479771,0.11303138400000001,10,2026-07-10T17:22:55Z,1936897.0
rust,bytes-1.11.1,vec_deque::get_i32_be,success,8.139,0.110059693,0.00338400770603322,0.1092324115,0.10629205700000001,0.11671447,10,2026-07-10T17:22:56Z,1936897.0
rust,bytes-1.11.1,vec_deque::get_i32_be_overflow,success,8.139,0.11046356110000002,0.001854692411033608,0.109704513,0.108233961,0.114754426,10,2026-07-10T17:22:57Z,1936897.0
rust,bytes-1.11.1,vec_deque::get_i32_le,success,8.139,0.1108076378,0.0018437701319371442,0.109854329,0.108869135,0.11426641900000001,10,2026-07-10T17:22:58Z,1936897.0
rust,bytes-1.11.1,vec_deque::get_i32_le_overflow,success,8.139,0.1101375044,0.0022804335545875284,0.10948338800000001,0.10750883900000001,0.11377024100000001,10,2026-07-10T17:22:59Z,1936897.0
rust,bytes-1.11.1,vec_deque::get_i32_ne,success,8.139,0.11094272629999999,0.0018205453741156831,0.110295604,0.10853515200000001,0.11498427400000001,10,2026-07-10T17:23:01Z,1936897.0
rust,bytes-1.11.1,vec_deque::get_i32_ne_overflow,success,8.139,0.11098830700000002,0.003199666241655631,0.1104375215,0.10709835000000001,0.11730269800000001,10,2026-07-10T17:23:02Z,1936897.0
rust,bytes-1.11.1,vec_deque::get_i64_be,success,8.139,0.11012231929999998,0.0013771905471255642,0.1103279785,0.10745313000000001,0.112551672,10,2026-07-10T17:23:03Z,1936897.0
rust,bytes-1.11.1,vec_deque::get_i64_be_overflow,success,8.139,0.1092482296,0.0019659786201426076,0.108881819,0.106915587,0.11384793100000001,10,2026-07-10T17:23:04Z,1936897.0
rust,bytes-1.11.1,vec_deque::get_i64_le,success,8.139,0.11140003750000002,0.00472709075055207,0.11077244050000001,0.10518256000000001,0.118620152,10,2026-07-10T17:23:06Z,1936897.0
rust,bytes-1.11.1,vec_deque::get_i64_le_overflow,success,8.139,0.108737991,0.0017895944243218925,0.1086784935,0.10582607200000001,0.11145157500000001,10,2026-07-10T17:23:07Z,1936897.0
rust,bytes-1.11.1,vec_deque::get_i64_ne,success,8.139,0.11244579020000003,0.00243403688170262,0.11238513250000001,0.10927294800000001,0.116713225,10,2026-07-10T17:23:08Z,1936897.0
rust,bytes-1.11.1,vec_deque::get_i64_ne_overflow,success,8.139,0.1103428188,0.00278951051477709,0.1099781785,0.105861905,0.11488049900000001,10,2026-07-10T17:23:09Z,1936897.0
rust,bytes-1.11.1,vec_deque::get_i8,success,8.139,0.11070812270000001,0.002029751414556693,0.11057704600000001,0.108612041,0.11539487600000001,10,2026-07-10T17:23:10Z,1936897.0
rust,bytes-1.11.1,vec_deque::get_i8_overflow,success,8.139,0.11001751060000002,0.0018994391574389798,0.11001348100000001,0.106520715,0.11415438100000001,10,2026-07-10T17:23:12Z,1936897.0
rust,bytes-1.11.1,vec_deque::get_int_be,success,8.139,0.1096698027,0.002345030859570371,0.10925608150000002,0.10629250800000001,0.11415910500000001,10,2026-07-10T17:23:13Z,1936897.0
rust,bytes-1.11.1,vec_deque::get_int_be_overflow,success,8.139,0.112706796,0.00416828421282136,0.1120030085,0.10870765800000001,0.12245146900000001,10,2026-07-10T17:23:14Z,1936897.0
rust,bytes-1.11.1,vec_deque::get_int_le,success,8.139,0.10957133250000002,0.002240329351930762,0.10965543550000001,0.10652402400000001,0.112942965,10,2026-07-10T17:23:15Z,1936897.0
rust,bytes-1.11.1,vec_deque::get_int_le_overflow,success,8.139,0.11069605050000002,0.0017974360353446215,0.11014498650000001,0.10795249700000001,0.11321614,10,2026-07-10T17:23:17Z,1936897.0
rust,bytes-1.11.1,vec_deque::get_int_ne,success,8.139,0.10976002730000001,0.001654002201592921,0.109936554,0.10730432100000001,0.112722663,10,2026-07-10T17:23:18Z,1936897.0
rust,bytes-1.11.1,vec_deque::get_int_ne_overflow,success,8.139,0.111834959,0.003250452795293161,0.1105495135,0.108703059,0.11658852400000001,10,2026-07-10T17:23:19Z,1936897.0
rust,bytes-1.11.1,vec_deque::get_u128_be,success,8.139,0.1095895496,0.0027928168369131126,0.1092289025,0.10625247800000001,0.114906725,10,2026-07-10T17:23:20Z,1936897.0
rust,bytes-1.11.1,vec_deque::get_u128_be_overflow,success,8.139,0.11188112139999999,0.005346764921826657,0.1101274605,0.10762139600000001,0.125219156,10,2026-07-10T17:23:21Z,1936897.0
rust,bytes-1.11.1,vec_deque::get_u128_le,success,8.139,0.1101398986,0.0026766135858110472,0.10926723600000002,0.107491266,0.11495917500000001,10,2026-07-10T17:23:23Z,1936897.0
rust,bytes-1.11.1,vec_deque::get_u128_le_overflow,success,8.139,0.10978587259999999,0.002677729976278837,0.109609281,0.106528255,0.115799049,10,2026-07-10T17:23:24Z,1936897.0
rust,bytes-1.11.1,vec_deque::get_u128_ne,success,8.139,0.11055737850000003,0.0033060378318875974,0.10892781700000001,0.106665645,0.11612252,10,2026-07-10T17:23:25Z,1936897.0
rust,bytes-1.11.1,vec_deque::get_u128_ne_overflow,success,8.139,0.1103032706,0.003523403633299397,0.109807286,0.106948333,0.11807755600000001,10,2026-07-10T17:23:26Z,1936897.0
rust,bytes-1.11.1,vec_deque::get_u16_be,success,8.139,0.11088785060000002,0.003803554233682849,0.110055998,0.106706432,0.12098816000000001,10,2026-07-10T17:23:28Z,1936897.0
rust,bytes-1.11.1,vec_deque::get_u16_be_overflow,success,8.139,0.11234912920000002,0.0060522673054485936,0.10972316600000001,0.106413722,0.12556936700000002,10,2026-07-10T17:23:29Z,1936897.0
rust,bytes-1.11.1,vec_deque::get_u16_le,success,8.139,0.1139934792,0.004644581215249679,0.11349851550000001,0.10879321700000001,0.12332123900000001,10,2026-07-10T17:23:30Z,1936897.0
rust,bytes-1.11.1,vec_deque::get_u16_le_overflow,success,8.139,0.11105563920000001,0.002260708855412725,0.111151145,0.10796997800000001,0.113714459,10,2026-07-10T17:23:31Z,1936897.0
rust,bytes-1.11.1,vec_deque::get_u16_ne,success,8.139,0.11239996999999999,0.00450646627807152,0.11141389200000001,0.10656956000000001,0.12137475,10,2026-07-10T17:23:33Z,1936897.0
rust,bytes-1.11.1,vec_deque::get_u16_ne_overflow,success,8.139,0.10931734890000003,0.0011560923186139166,0.109608595,0.10742217300000001,0.110897141,10,2026-07-10T17:23:34Z,1936897.0
rust,bytes-1.11.1,vec_deque::get_u32_be,success,8.139,0.11191748520000003,0.0023141027113754197,0.11171969000000001,0.10879116800000001,0.11536481500000001,10,2026-07-10T17:23:35Z,1936897.0
rust,bytes-1.11.1,vec_deque::get_u32_be_overflow,success,8.139,0.11135582390000001,0.0041373536291474874,0.10958738500000001,0.10823373100000001,0.12157746700000001,10,2026-07-10T17:23:36Z,1936897.0
rust,bytes-1.11.1,vec_deque::get_u32_le,success,8.139,0.1110441287,0.0019221382972731194,0.11045591950000001,0.109650809,0.116206058,10,2026-07-10T17:23:38Z,1936897.0
rust,bytes-1.11.1,vec_deque::get_u32_le_overflow,success,8.139,0.11318048780000001,0.004477695312467584,0.11198116450000001,0.10633060300000001,0.12049647000000001,10,2026-07-10T17:23:39Z,1936897.0
rust,bytes-1.11.1,vec_deque::get_u32_ne,success,8.139,0.11106520680000001,0.002368153987778938,0.11080307550000001,0.10713808400000001,0.11416483100000001,10,2026-07-10T17:23:40Z,1936897.0
rust,bytes-1.11.1,vec_deque::get_u32_ne_overflow,success,8.139,0.11264459470000002,0.0028438327640199863,0.11228956200000001,0.10846950100000001,0.118966549,10,2026-07-10T17:23:41Z,1936897.0
rust,bytes-1.11.1,vec_deque::get_u64_be,success,8.139,0.11257911840000001,0.003700848779413182,0.111550459,0.10875388100000001,0.120068168,10,2026-07-10T17:23:42Z,1936897.0
rust,bytes-1.11.1,vec_deque::get_u64_be_overflow,success,8.139,0.11360422569999999,0.0035690265723331348,0.112961243,0.11073328700000001,0.121371248,10,2026-07-10T17:23:44Z,1936897.0
rust,bytes-1.11.1,vec_deque::get_u64_le,success,8.139,0.11177381210000001,0.0015801242537180021,0.1119090105,0.10908951300000001,0.114499842,10,2026-07-10T17:23:45Z,1936897.0
rust,bytes-1.11.1,vec_deque::get_u64_le_overflow,success,8.139,0.11346321420000001,0.0037208198017759132,0.112577234,0.11060579100000001,0.12334766400000001,10,2026-07-10T17:23:46Z,1936897.0
rust,bytes-1.11.1,vec_deque::get_u64_ne,success,8.139,0.11183610079999999,0.0023369375097611923,0.1114838295,0.10837586900000001,0.115148945,10,2026-07-10T17:23:47Z,1936897.0
rust,bytes-1.11.1,vec_deque::get_u64_ne_overflow,success,8.139,0.11151079360000002,0.0024750928597023596,0.11146658950000002,0.107003307,0.11466891200000001,10,2026-07-10T17:23:49Z,1936897.0
rust,bytes-1.11.1,vec_deque::get_u8,success,8.139,0.111009511,0.0013981261044594272,0.11114752450000001,0.108986811,0.11380504500000001,10,2026-07-10T17:23:50Z,1936897.0
rust,bytes-1.11.1,vec_deque::get_u8_overflow,success,8.139,0.11376109279999999,0.0045375460971049065,0.113795769,0.106901881,0.12072062500000001,10,2026-07-10T17:23:51Z,1936897.0
rust,bytes-1.11.1,vec_deque::get_uint_be,success,8.139,0.11118860800000001,0.0030092051747892573,0.1114247195,0.10702676000000001,0.11716256200000001,10,2026-07-10T17:23:52Z,1936897.0
rust,bytes-1.11.1,vec_deque::get_uint_be_overflow,success,8.139,0.1142060301,0.00404235856817693,0.11239953400000001,0.109146953,0.11921340300000001,10,2026-07-10T17:23:54Z,1936897.0
rust,bytes-1.11.1,vec_deque::get_uint_le,success,8.139,0.11083699920000001,0.0016806328634280593,0.11090968150000001,0.10780961800000001,0.113032666,10,2026-07-10T17:23:55Z,1936897.0
rust,bytes-1.11.1,vec_deque::get_uint_le_overflow,success,8.139,0.11177396990000002,0.0019299350101659146,0.11188037,0.10811722,0.11410642200000001,10,2026-07-10T17:23:56Z,1936897.0
rust,bytes-1.11.1,vec_deque::get_uint_ne,success,8.139,0.11225970200000002,0.002865846008038658,0.1117451155,0.108229905,0.116952211,10,2026-07-10T17:23:57Z,1936897.0
rust,bytes-1.11.1,vec_deque::get_uint_ne_overflow,success,8.139,0.11302486680000001,0.0024762822516903493,0.11235127950000001,0.11045071100000001,0.11860735500000001,10,2026-07-10T17:23:59Z,1936897.0
rust,bytes-1.11.1,copy_from_slice_panics_if_different_length_1,success,8.139,0.11022906210000001,0.0027485393987189085,0.1096008705,0.10698200000000001,0.116674781,10,2026-07-10T17:24:00Z,1936897.0
rust,bytes-1.11.1,copy_from_slice_panics_if_different_length_2,success,8.139,0.11183976590000003,0.0018864696631647679,0.111501505,0.109238228,0.11571353000000001,10,2026-07-10T17:24:01Z,1936897.0
rust,bytes-1.11.1,test_bytes_mut_reuse,success,8.139,0.1119267053,0.0024555160798934157,0.111162759,0.10832164700000001,0.11743935400000001,10,2026-07-10T17:24:02Z,1936897.0
rust,bytes-1.11.1,test_clone,success,8.139,0.11031948949999999,0.001812656244167427,0.109971355,0.10778915400000001,0.113804999,10,2026-07-10T17:24:04Z,1936897.0
rust,bytes-1.11.1,test_deref_bufmut_forwards,success,8.139,0.11251721360000003,0.0023194327186540024,0.112848338,0.10894474300000001,0.115243046,10,2026-07-10T17:24:05Z,1936897.0
rust,bytes-1.11.1,test_maybe_uninit_buf_mut_large,success,8.139,0.1132690604,0.002308025476600637,0.1123518875,0.110571762,0.118034868,10,2026-07-10T17:24:06Z,1936897.0
rust,bytes-1.11.1,test_maybe_uninit_buf_mut_put_bytes_overflow,success,8.139,0.11161784729999999,0.0034172230872310137,0.1114478475,0.108509952,0.119198444,10,2026-07-10T17:24:07Z,1936897.0
rust,bytes-1.11.1,test_maybe_uninit_buf_mut_put_slice_overflow,success,8.139,0.11226637560000001,0.0019820124788621153,0.11267996050000001,0.10965000100000001,0.114432695,10,2026-07-10T17:24:09Z,1936897.0
rust,bytes-1.11.1,test_maybe_uninit_buf_mut_small,success,8.139,0.11249192560000001,0.002113507569057352,0.11212295650000001,0.108039625,0.116035093,10,2026-07-10T17:24:10Z,1936897.0
rust,bytes-1.11.1,test_put_int,success,8.139,0.110418312,0.0027771409387995108,0.10974182400000002,0.106964949,0.11599780100000001,10,2026-07-10T17:24:11Z,1936897.0
rust,bytes-1.11.1,test_put_int_le,success,8.139,0.11395027989999999,0.0032391603284294573,0.1136279745,0.11068918300000001,0.11993078200000001,10,2026-07-10T17:24:12Z,1936897.0
rust,bytes-1.11.1,test_put_int_le_nbytes_overflow,success,8.139,0.11129375909999999,0.004122992094472341,0.110476259,0.10791780000000001,0.122347385,10,2026-07-10T17:24:14Z,1936897.0
rust,bytes-1.11.1,test_put_int_nbytes_overflow,success,8.139,0.1125024835,0.003104469262162583,0.11201971150000001,0.109220747,0.11863268800000001,10,2026-07-10T17:24:15Z,1936897.0
rust,bytes-1.11.1,test_put_u16,success,8.139,0.11070186270000001,0.00296659434903793,0.10966729750000001,0.107649615,0.11648620800000001,10,2026-07-10T17:24:16Z,1936897.0
rust,bytes-1.11.1,test_put_u8,success,8.139,0.1119709727,0.002633902581139799,0.11143832050000001,0.109055856,0.117149923,10,2026-07-10T17:24:17Z,1936897.0
rust,bytes-1.11.1,test_slice_buf_mut_large,success,8.139,0.1136161801,0.003020641585969719,0.112808424,0.110498862,0.11888657300000001,10,2026-07-10T17:24:19Z,1936897.0
rust,bytes-1.11.1,test_slice_buf_mut_put_bytes_overflow,success,8.139,0.11177371510000003,0.0015313088172501648,0.11155415,0.109305726,0.114797248,10,2026-07-10T17:24:20Z,1936897.0
rust,bytes-1.11.1,test_slice_buf_mut_put_slice_overflow,success,8.139,0.1118114485,0.004839452080837076,0.10958474400000001,0.10726198,0.12092412000000001,10,2026-07-10T17:24:21Z,1936897.0
rust,bytes-1.11.1,test_slice_buf_mut_small,success,8.139,0.11023518440000002,0.001325909166177449,0.10991970050000001,0.10825681000000001,0.11208886100000001,10,2026-07-10T17:24:22Z,1936897.0
rust,bytes-1.11.1,test_vec_advance_mut,success,8.139,0.11279362290000002,0.0038542517859353562,0.11321848850000002,0.107705455,0.12109009300000001,10,2026-07-10T17:24:23Z,1936897.0
rust,bytes-1.11.1,test_vec_as_mut_buf,success,8.139,0.1100112169,0.003515240222213316,0.109620728,0.10670692600000001,0.11757012900000001,10,2026-07-10T17:24:25Z,1936897.0
rust,bytes-1.11.1,test_vec_put_bytes,success,8.139,0.10987076970000001,0.0011309257593527385,0.10999304450000001,0.10803509,0.11151008000000001,10,2026-07-10T17:24:26Z,1936897.0
rust,bytes-1.11.1,write_byte_panics_if_out_of_bounds,success,8.139,0.11175297540000002,0.00263694887548369,0.11136013650000001,0.10740009800000001,0.117177548,10,2026-07-10T17:24:27Z,1936897.0
rust,bytes-1.11.1,advance_bytes_mut,success,8.139,0.11141303390000001,0.001435520023677479,0.1115492195,0.109550112,0.113399974,10,2026-07-10T17:24:28Z,1936897.0
rust,bytes-1.11.1,advance_bytes_mut_remaining_capacity,success,8.139,0.7996706869000001,0.005280363660087409,0.799202017,0.7921055530000001,0.8126059040000001,10,2026-07-10T17:24:37Z,1936897.0
rust,bytes-1.11.1,advance_past_len,success,8.139,0.11100638950000001,0.002591475222397007,0.11033664100000001,0.10832119200000001,0.11598978700000001,10,2026-07-10T17:24:38Z,1936897.0
rust,bytes-1.11.1,advance_static,success,8.139,0.10956158099999999,0.0022046783885583446,0.10881420850000001,0.107455381,0.114525213,10,2026-07-10T17:24:40Z,1936897.0
rust,bytes-1.11.1,advance_vec,success,8.139,0.11023757860000001,0.002300220839286001,0.10936115100000002,0.107795627,0.115214965,10,2026-07-10T17:24:41Z,1936897.0
rust,bytes-1.11.1,arc_is_unique,success,8.139,0.1116467512,0.002317586309897902,0.11040543400000001,0.10969635700000001,0.115800896,10,2026-07-10T17:24:42Z,1936897.0
rust,bytes-1.11.1,box_slice_empty,success,8.139,0.1103637854,0.002982839722705762,0.1098871175,0.107152415,0.11557371500000001,10,2026-07-10T17:24:43Z,1936897.0
rust,bytes-1.11.1,bytes_buf_mut_advance,success,8.139,0.1119048878,0.0036833767195387362,0.111888836,0.10694030600000001,0.119174021,10,2026-07-10T17:24:45Z,1936897.0
rust,bytes-1.11.1,bytes_buf_mut_reuse_when_fully_consumed,success,8.139,0.111670683,0.003046119269170273,0.1108789205,0.10836422300000001,0.118917485,10,2026-07-10T17:24:46Z,1936897.0
rust,bytes-1.11.1,bytes_into_vec,success,8.139,0.11196453390000002,0.002045971097436266,0.112383749,0.109088165,0.11431137300000001,10,2026-07-10T17:24:47Z,1936897.0
rust,bytes-1.11.1,bytes_mut_put_bytes_specialization,success,8.139,0.1100977947,0.0022415809149849805,0.10962740500000001,0.10667475200000001,0.11471030700000001,10,2026-07-10T17:24:48Z,1936897.0
rust,bytes-1.11.1,bytes_mut_reserve_overflow,success,8.139,0.1111814584,0.001979199148185068,0.11082184950000001,0.108709945,0.114654557,10,2026-07-10T17:24:50Z,1936897.0
rust,bytes-1.11.1,bytes_mut_split_off_oob,success,8.139,0.1102722693,0.0028832133064000775,0.10949376050000001,0.107466268,0.11702513900000001,10,2026-07-10T17:24:51Z,1936897.0
rust,bytes-1.11.1,bytes_mut_unsplit_arc_different,success,8.139,0.1104205107,0.002667096587659281,0.10987559400000001,0.10759924700000001,0.115810324,10,2026-07-10T17:24:52Z,1936897.0
rust,bytes-1.11.1,bytes_mut_unsplit_arc_non_contiguous,success,8.139,0.11390345530000001,0.003248403951449904,0.1133346025,0.1096666,0.119655699,10,2026-07-10T17:24:53Z,1936897.0
rust,bytes-1.11.1,bytes_mut_unsplit_basic,success,8.139,0.11176394379999999,0.001893164862192103,0.1123493575,0.109352508,0.114337767,10,2026-07-10T17:24:54Z,1936897.0
rust,bytes-1.11.1,bytes_mut_unsplit_empty_other,success,8.139,0.11353056660000001,0.0046154249768827005,0.111708072,0.10907016800000001,0.121684631,10,2026-07-10T17:24:56Z,1936897.0
rust,bytes-1.11.1,bytes_mut_unsplit_empty_other_keeps_capacity,success,8.139,0.1111515324,0.0023540927737009283,0.11038281250000001,0.108910746,0.115779294,10,2026-07-10T17:24:57Z,1936897.0
rust,bytes-1.11.1,bytes_mut_unsplit_empty_self,success,8.139,0.11440601900000003,0.003355573971845816,0.1147259285,0.109377969,0.12131942000000001,10,2026-07-10T17:24:58Z,1936897.0
rust,bytes-1.11.1,bytes_mut_unsplit_other_keeps_capacity,success,8.139,0.11156093410000001,0.003710086359295292,0.11005469200000001,0.107765805,0.11990014900000001,10,2026-07-10T17:24:59Z,1936897.0
rust,bytes-1.11.1,bytes_mut_unsplit_two_split_offs,success,8.139,0.11383508230000002,0.0047229821313749315,0.111346107,0.110042938,0.122620405,10,2026-07-10T17:25:01Z,1936897.0
rust,bytes-1.11.1,bytes_put_bytes,success,8.139,0.11187968520000002,0.004410746655270862,0.10996647400000001,0.108279368,0.12113820300000001,10,2026-07-10T17:25:02Z,1936897.0
rust,bytes-1.11.1,bytes_reserve_overflow,success,8.139,0.1107249011,0.0024006887535061674,0.11158994900000001,0.106772508,0.114110658,10,2026-07-10T17:25:03Z,1936897.0
rust,bytes-1.11.1,bytes_with_capacity_but_empty,success,8.139,0.1129331152,0.0028368589318220646,0.11316972850000001,0.10900438400000001,0.11849055800000001,10,2026-07-10T17:25:04Z,1936897.0
rust,bytes-1.11.1,empty_slice_ref_not_an_empty_subset,success,8.139,0.11258364670000003,0.002077149147526915,0.11197449300000001,0.110232044,0.11646287200000001,10,2026-07-10T17:25:06Z,1936897.0
rust,bytes-1.11.1,extend_from_slice_mut,success,8.139,0.11018422190000002,0.00274803340100029,0.10947355550000001,0.10651795900000001,0.11392982500000001,10,2026-07-10T17:25:07Z,1936897.0
rust,bytes-1.11.1,extend_mut,success,8.139,0.11306047970000002,0.00487524502609714,0.11192294700000001,0.10663470600000001,0.120481954,10,2026-07-10T17:25:08Z,1936897.0
rust,bytes-1.11.1,extend_mut_from_bytes,success,8.139,0.1138731973,0.0027933139353314576,0.1140207825,0.10986401900000001,0.11893732200000001,10,2026-07-10T17:25:09Z,1936897.0
rust,bytes-1.11.1,extend_mut_without_size_hint,success,8.139,0.11150302140000001,0.004410353235485421,0.11120230650000001,0.106875312,0.121454903,10,2026-07-10T17:25:11Z,1936897.0
rust,bytes-1.11.1,extend_past_lower_limit_of_size_hint,success,8.139,0.11059807740000001,0.001637908833564256,0.1099450475,0.10897833300000001,0.11423894100000001,10,2026-07-10T17:25:12Z,1936897.0
rust,bytes-1.11.1,fmt,success,8.139,0.11249078140000002,0.004093938665341896,0.11119434750000001,0.109410983,0.123051139,10,2026-07-10T17:25:13Z,1936897.0
rust,bytes-1.11.1,fmt_write,success,8.139,0.11257986309999998,0.003227457579247771,0.11191039400000001,0.107032424,0.11837528600000001,10,2026-07-10T17:25:14Z,1936897.0
rust,bytes-1.11.1,fns_defined_for_bytes_mut,success,8.139,0.11014343100000001,0.002876123282451415,0.110807143,0.10665548100000001,0.11423662400000001,10,2026-07-10T17:25:16Z,1936897.0
rust,bytes-1.11.1,freeze_after_advance,success,8.139,0.111450999,0.002213847676323032,0.1105541725,0.108454691,0.11552137900000001,10,2026-07-10T17:25:17Z,1936897.0
rust,bytes-1.11.1,freeze_after_advance_arc,success,8.139,0.1108065764,0.00281729163887444,0.11114058500000001,0.106926277,0.115285544,10,2026-07-10T17:25:18Z,1936897.0
rust,bytes-1.11.1,freeze_after_split_off,success,8.139,0.11242577740000001,0.00262954710958464,0.1114604155,0.109957227,0.11728134200000001,10,2026-07-10T17:25:19Z,1936897.0
rust,bytes-1.11.1,freeze_after_split_to,success,8.139,0.11281670689999998,0.0024628296594459706,0.11200307350000001,0.11102820000000001,0.119337258,10,2026-07-10T17:25:21Z,1936897.0
rust,bytes-1.11.1,freeze_after_truncate,success,8.139,0.11098611900000002,0.00376496825604192,0.10996676300000001,0.106558049,0.116979329,10,2026-07-10T17:25:22Z,1936897.0
rust,bytes-1.11.1,freeze_after_truncate_arc,success,8.139,0.11033398679999999,0.002750144770500146,0.109363579,0.107571764,0.116522836,10,2026-07-10T17:25:23Z,1936897.0
rust,bytes-1.11.1,freeze_clone_shared,success,8.139,0.11128288559999999,0.0025592292805572104,0.110778026,0.107439555,0.11529529300000001,10,2026-07-10T17:25:24Z,1936897.0
rust,bytes-1.11.1,freeze_clone_unique,success,8.139,0.11107792329999999,0.002654281971667504,0.110348309,0.107030681,0.11642698100000001,10,2026-07-10T17:25:25Z,1936897.0
rust,bytes-1.11.1,from_iter_no_size_hint,success,8.139,0.11091384430000002,0.0028288878263936965,0.10956449550000001,0.108253608,0.115913794,10,2026-07-10T17:25:27Z,1936897.0
rust,bytes-1.11.1,from_slice,success,8.139,0.11206064369999999,0.0022823580031762995,0.111598548,0.10947504300000001,0.115443005,10,2026-07-10T17:25:28Z,1936897.0
rust,bytes-1.11.1,from_static,success,8.139,0.11193112050000001,0.003162172263508924,0.111917138,0.10768221500000001,0.116274601,10,2026-07-10T17:25:29Z,1936897.0
rust,bytes-1.11.1,index,success,8.139,0.1140277975,0.00556380835941944,0.1111052005,0.10982349200000001,0.12672196800000002,10,2026-07-10T17:25:30Z,1936897.0
rust,bytes-1.11.1,len,success,8.139,0.11079550100000002,0.0026788514324248077,0.1100859185,0.10869131400000001,0.11794004500000001,10,2026-07-10T17:25:32Z,1936897.0
rust,bytes-1.11.1,mut_advance_past_len,success,8.139,0.11251970110000001,0.004241786227792314,0.1119729725,0.10775021800000001,0.12250126800000001,10,2026-07-10T17:25:33Z,1936897.0
rust,bytes-1.11.1,mut_shared_is_unique,success,8.139,0.10970016819999999,0.0025003869913012276,0.1084730135,0.10761613900000001,0.11487240000000001,10,2026-07-10T17:25:34Z,1936897.0
rust,bytes-1.11.1,owned_buf_sharing,success,8.139,0.11257082150000002,0.0027394300602835136,0.11252431600000001,0.10781135700000001,0.118233367,10,2026-07-10T17:25:35Z,1936897.0
rust,bytes-1.11.1,owned_buf_slicing,success,8.139,0.11089008389999999,0.00267333053303787,0.1108714305,0.106832272,0.116094341,10,2026-07-10T17:25:37Z,1936897.0
rust,bytes-1.11.1,owned_dropped_exactly_once,success,8.139,0.11180609239999999,0.0054395571565778985,0.11026186000000002,0.10647182000000001,0.12427468200000001,10,2026-07-10T17:25:38Z,1936897.0
rust,bytes-1.11.1,owned_into_vec,success,8.139,0.112195087,0.003956526464329651,0.11144134050000001,0.106571577,0.121389038,10,2026-07-10T17:25:39Z,1936897.0
rust,bytes-1.11.1,owned_is_unique_always_false,success,8.139,0.111120391,0.002494412436520339,0.110362609,0.108470726,0.11466904500000001,10,2026-07-10T17:25:40Z,1936897.0
rust,bytes-1.11.1,owned_safe_drop_on_as_ref_panic,success,8.139,0.11097259880000002,0.003233223118879393,0.11075240550000001,0.10721805000000001,0.116675943,10,2026-07-10T17:25:42Z,1936897.0
rust,bytes-1.11.1,owned_to_mut,success,8.139,0.11071300690000001,0.002444771425893567,0.11040699100000001,0.107326242,0.11591978800000001,10,2026-07-10T17:25:43Z,1936897.0
rust,bytes-1.11.1,owned_to_vec,success,8.139,0.11317737909999999,0.004534417836840495,0.111615639,0.107835575,0.12337236100000001,10,2026-07-10T17:25:44Z,1936897.0
rust,bytes-1.11.1,partial_eq_bytesmut,success,8.139,0.11080259960000001,0.0024673647475540557,0.11107099150000001,0.10656027600000001,0.115745152,10,2026-07-10T17:25:45Z,1936897.0
rust,bytes-1.11.1,reserve_allocates_at_least_original_capacity,success,8.139,0.112474874,0.0022482704044049806,0.1121713285,0.10929305700000001,0.11730278100000001,10,2026-07-10T17:25:46Z,1936897.0
rust,bytes-1.11.1,reserve_convert,success,8.139,0.10997728470000001,0.0027187580268446115,0.10931924800000001,0.10676123300000001,0.114847156,10,2026-07-10T17:25:48Z,1936897.0
rust,bytes-1.11.1,reserve_growth,success,8.139,0.11006012650000001,0.0019705298534037474,0.11052858450000001,0.10777253,0.11230721900000001,10,2026-07-10T17:25:49Z,1936897.0
rust,bytes-1.11.1,reserve_in_arc_nonunique_does_not_overallocate,success,8.139,0.109638451,0.0026847705365160893,0.1085018595,0.10671923300000001,0.11532088100000001,10,2026-07-10T17:25:50Z,1936897.0
rust,bytes-1.11.1,reserve_in_arc_unique_does_not_overallocate,success,8.139,0.1124092769,0.0035340582715515443,0.1123541035,0.10731076,0.11964137000000001,10,2026-07-10T17:25:51Z,1936897.0
rust,bytes-1.11.1,reserve_in_arc_unique_does_not_overallocate_after_multiple_splits,success,8.139,0.10963302370000001,0.0018731550423473635,0.10981564500000002,0.10698214,0.11350304300000001,10,2026-07-10T17:25:53Z,1936897.0
rust,bytes-1.11.1,reserve_in_arc_unique_does_not_overallocate_after_split,success,8.139,0.1113590901,0.003417071530113091,0.11121949,0.106534391,0.118108534,10,2026-07-10T17:25:54Z,1936897.0
rust,bytes-1.11.1,reserve_in_arc_unique_doubles,success,8.139,0.11178089840000001,0.0024878287888661834,0.11179023700000001,0.10788971700000001,0.11477397600000001,10,2026-07-10T17:25:55Z,1936897.0
rust,bytes-1.11.1,reserve_shared_reuse,success,8.139,0.11050525380000001,0.0021020490184447166,0.1102910415,0.10748231000000001,0.11456986100000001,10,2026-07-10T17:25:56Z,1936897.0
rust,bytes-1.11.1,reserve_vec_recycling,success,8.139,0.11085794400000001,0.0027828534838053084,0.11094412250000002,0.10729621700000001,0.11670640300000001,10,2026-07-10T17:25:58Z,1936897.0
rust,bytes-1.11.1,shared_is_unique,success,8.139,0.11182526570000002,0.0047878522735927565,0.11081083150000001,0.107633052,0.12177667,10,2026-07-10T17:25:59Z,1936897.0
rust,bytes-1.11.1,slice,success,8.139,0.11220550860000003,0.005840005046813196,0.11109209900000001,0.10681792400000001,0.125755679,10,2026-07-10T17:26:00Z,1936897.0
rust,bytes-1.11.1,slice_empty_addr,success,8.139,0.1108248715,0.004158880691102682,0.11047525350000001,0.105735464,0.119955113,10,2026-07-10T17:26:01Z,1936897.0
rust,bytes-1.11.1,slice_oob_1,success,8.139,0.1130919284,0.003034461256605133,0.112000083,0.10936966000000001,0.11841623100000001,10,2026-07-10T17:26:03Z,1936897.0
rust,bytes-1.11.1,slice_oob_2,success,8.139,0.11105485670000001,0.0033806036213980444,0.1099877685,0.10708088800000001,0.11895570000000001,10,2026-07-10T17:26:04Z,1936897.0
rust,bytes-1.11.1,slice_ref_catches_not_a_subset,success,8.139,0.1129807182,0.0039031642782551535,0.1129275925,0.108288559,0.12100074200000001,10,2026-07-10T17:26:05Z,1936897.0
rust,bytes-1.11.1,slice_ref_empty,success,8.139,0.112401346,0.0030592407056240444,0.1123497875,0.10848880500000001,0.119376439,10,2026-07-10T17:26:06Z,1936897.0
rust,bytes-1.11.1,slice_ref_empty_subslice,success,8.139,0.11855529140000003,0.011322149155169815,0.11449030900000001,0.10944959200000001,0.14455252300000002,10,2026-07-10T17:26:08Z,1936897.0
rust,bytes-1.11.1,slice_ref_not_an_empty_subset,success,8.139,0.10994430040000003,0.00199009815553852,0.1094360895,0.10781634300000001,0.11322011000000001,10,2026-07-10T17:26:09Z,1936897.0
rust,bytes-1.11.1,slice_ref_works,success,8.139,0.1110304347,0.003986124235546213,0.1099127245,0.10714541400000001,0.121080537,10,2026-07-10T17:26:10Z,1936897.0
rust,bytes-1.11.1,slice_start_greater_than_end,success,8.139,0.10805631980000001,0.002161215833634128,0.1076208175,0.10557178,0.11169740700000001,10,2026-07-10T17:26:11Z,1936897.0
rust,bytes-1.11.1,split_off,success,8.139,0.11011919330000002,0.003644962428425263,0.10952076250000001,0.10629814300000001,0.119217918,10,2026-07-10T17:26:12Z,1936897.0
rust,bytes-1.11.1,split_off_empty_addr,success,8.139,0.11138065370000003,0.0032431787205678335,0.1103434025,0.10804967200000001,0.118191976,10,2026-07-10T17:26:14Z,1936897.0
rust,bytes-1.11.1,split_off_empty_addr_mut,success,8.139,0.1105194723,0.0033577486570273056,0.11050763050000001,0.10532939300000001,0.116938843,10,2026-07-10T17:26:15Z,1936897.0
rust,bytes-1.11.1,split_off_oob,success,8.139,0.1112624262,0.002790623341293117,0.111053816,0.10721304400000001,0.11675474000000001,10,2026-07-10T17:26:16Z,1936897.0
rust,bytes-1.11.1,split_off_to_at_gt_len,success,8.139,0.10960152990000001,0.002670478823358981,0.1091400085,0.10678164400000001,0.116005802,10,2026-07-10T17:26:17Z,1936897.0
rust,bytes-1.11.1,split_off_to_loop,success,8.139,0.11016821510000001,0.0032437247404344173,0.10993361600000001,0.105773215,0.114937222,10,2026-07-10T17:26:19Z,1936897.0
rust,bytes-1.11.1,split_off_uninitialized,success,8.139,0.1081334018,0.0011793643864092223,0.108153358,0.10637642100000001,0.11010591500000001,10,2026-07-10T17:26:20Z,1936897.0
rust,bytes-1.11.1,split_to_1,success,8.139,0.1125858425,0.0037753753450692432,0.11240684100000001,0.10761142600000001,0.118166907,10,2026-07-10T17:26:21Z,1936897.0
rust,bytes-1.11.1,split_to_2,success,8.139,0.10911220570000002,0.0018215573714167436,0.10874113900000001,0.10729575200000001,0.113468464,10,2026-07-10T17:26:22Z,1936897.0
rust,bytes-1.11.1,split_to_empty_addr,success,8.139,0.11180186020000002,0.003287979039196225,0.1107269525,0.10873288,0.11752251200000001,10,2026-07-10T17:26:23Z,1936897.0
rust,bytes-1.11.1,split_to_empty_addr_mut,success,8.139,0.1104010119,0.0026645208096656766,0.1100088655,0.107226262,0.115009342,10,2026-07-10T17:26:25Z,1936897.0
rust,bytes-1.11.1,split_to_oob,success,8.139,0.1111462041,0.0028459659306045997,0.11097197950000001,0.10636293100000001,0.11615346600000001,10,2026-07-10T17:26:26Z,1936897.0
rust,bytes-1.11.1,split_to_oob_mut,success,8.139,0.11141616530000001,0.0027964991618034804,0.11069345750000001,0.107832487,0.11718564100000001,10,2026-07-10T17:26:27Z,1936897.0
rust,bytes-1.11.1,split_to_uninitialized,success,8.139,0.11239433680000002,0.0026386721677595444,0.11178932150000001,0.10941703300000001,0.11693728900000001,10,2026-07-10T17:26:28Z,1936897.0
rust,bytes-1.11.1,static_is_unique,success,8.139,0.11049168930000001,0.0025127097416183138,0.11013818,0.106066531,0.114277155,10,2026-07-10T17:26:30Z,1936897.0
rust,bytes-1.11.1,stress,success,8.139,0.3912938046000001,0.017144677715180398,0.39034337350000003,0.36476474000000003,0.41599222,10,2026-07-10T17:26:34Z,1936897.0
rust,bytes-1.11.1,test_bounds,success,8.139,0.11060198700000001,0.0025349357213201463,0.11027653050000001,0.106291173,0.11467514300000001,10,2026-07-10T17:26:35Z,1936897.0
rust,bytes-1.11.1,test_bytes_capacity_len,success,8.139,0.11291406270000001,0.0024861482358697878,0.11297532800000001,0.10930216000000001,0.11722212000000001,10,2026-07-10T17:26:36Z,1936897.0
rust,bytes-1.11.1,test_bytes_into_vec,success,8.139,0.1116294855,0.001400440036959354,0.11115699300000001,0.109713049,0.113562173,10,2026-07-10T17:26:38Z,1936897.0
rust,bytes-1.11.1,test_bytes_into_vec_promotable_even,success,8.139,0.1101620096,0.001975814981763686,0.1102839475,0.107263854,0.11276092300000001,10,2026-07-10T17:26:39Z,1936897.0
rust,bytes-1.11.1,test_bytes_mut_conversion,success,8.139,0.11170358500000002,0.005393896154191225,0.109023323,0.106088976,0.120397501,10,2026-07-10T17:26:40Z,1936897.0
rust,bytes-1.11.1,test_bytes_vec_conversion,success,8.139,0.1100970353,0.0029724047961118415,0.1098284005,0.106179726,0.115634579,10,2026-07-10T17:26:41Z,1936897.0
rust,bytes-1.11.1,test_bytesmut_from_bytes_bytes_mut_offset,success,8.139,0.11173157410000001,0.002711443387304197,0.11102760050000002,0.10858891600000001,0.11690800300000001,10,2026-07-10T17:26:43Z,1936897.0
rust,bytes-1.11.1,test_bytesmut_from_bytes_bytes_mut_shared,success,8.139,0.11102049970000001,0.0027158845661778646,0.11024703400000001,0.10732142,0.11660685700000001,10,2026-07-10T17:26:44Z,1936897.0
rust,bytes-1.11.1,test_bytesmut_from_bytes_bytes_mut_vec,success,8.139,0.1114268164,0.002804829437667279,0.1122815025,0.106558574,0.11529438900000001,10,2026-07-10T17:26:45Z,1936897.0
rust,bytes-1.11.1,test_bytesmut_from_bytes_promotable_even_arc_1,success,8.139,0.10830088210000002,0.0014778779685829177,0.10804621350000002,0.10625174000000001,0.11139209400000001,10,2026-07-10T17:26:46Z,1936897.0
rust,bytes-1.11.1,test_bytesmut_from_bytes_promotable_even_arc_2,success,8.139,0.11274490990000001,0.0030760572360876144,0.11201538150000001,0.10861129600000001,0.1189993,10,2026-07-10T17:26:47Z,1936897.0
rust,bytes-1.11.1,test_bytesmut_from_bytes_promotable_even_arc_offset,success,8.139,0.109508286,0.0015316500653119159,0.10881317800000001,0.10790845700000001,0.11207899900000001,10,2026-07-10T17:26:49Z,1936897.0
rust,bytes-1.11.1,test_bytesmut_from_bytes_promotable_even_vec,success,8.139,0.11161541830000002,0.0014868618911783472,0.1114755255,0.10971390800000001,0.114573584,10,2026-07-10T17:26:50Z,1936897.0
rust,bytes-1.11.1,test_bytesmut_from_bytes_static,success,8.139,0.10983636180000003,0.0022296995030853016,0.10903687850000002,0.10704522600000001,0.11309125900000001,10,2026-07-10T17:26:51Z,1936897.0
rust,bytes-1.11.1,test_layout,success,8.139,0.11068949990000002,0.002350882753924599,0.11067247200000001,0.107315401,0.11512511600000001,10,2026-07-10T17:26:52Z,1936897.0
rust,bytes-1.11.1,truncate,success,8.139,0.11049246850000001,0.003058679371458077,0.10973874700000001,0.106117769,0.11667131800000001,10,2026-07-10T17:26:54Z,1936897.0
rust,bytes-1.11.1,try_reclaim_arc,success,8.139,0.1124551914,0.003996683014635293,0.11184390450000001,0.10673431100000001,0.118887484,10,2026-07-10T17:26:55Z,1936897.0
rust,bytes-1.11.1,try_reclaim_empty,success,8.139,0.11029036920000002,0.003167166563596162,0.1099230645,0.107321888,0.11855141100000001,10,2026-07-10T17:26:56Z,1936897.0
rust,bytes-1.11.1,try_reclaim_vec,success,8.139,0.1103247925,0.0021499102276651885,0.110376854,0.10641568400000001,0.112668712,10,2026-07-10T17:26:57Z,1936897.0
rust,bytes-1.11.1,vec_is_unique,success,8.139,0.1112064854,0.0016301712752481111,0.11092268350000001,0.108580059,0.11329606800000001,10,2026-07-10T17:26:58Z,1936897.0
rust,bytes-1.11.1,chain_get_bytes,success,8.139,0.11037303340000001,0.0025639836227312903,0.1105748205,0.106867743,0.114944024,10,2026-07-10T17:27:00Z,1936897.0
rust,bytes-1.11.1,chain_growing_buffer,success,8.139,0.11220664710000001,0.0038621790764460503,0.11158406950000001,0.10674074,0.12024330200000001,10,2026-07-10T17:27:01Z,1936897.0
rust,bytes-1.11.1,chain_overflow_remaining_mut,success,8.139,0.10978144390000003,0.002361251881506475,0.10912949250000001,0.10687917400000001,0.114181984,10,2026-07-10T17:27:02Z,1936897.0
rust,bytes-1.11.1,collect_two_bufs,success,8.139,0.11266758600000001,0.0023928679930715416,0.11298741050000001,0.10906249100000001,0.11657415800000001,10,2026-07-10T17:27:03Z,1936897.0
rust,bytes-1.11.1,iterating_two_bufs,success,8.139,0.10908132430000002,0.0017879612817352786,0.10909473600000001,0.106198703,0.11180194700000001,10,2026-07-10T17:27:05Z,1936897.0
rust,bytes-1.11.1,vectored_read,success,8.139,0.10979603060000001,0.001573482036538158,0.10963702750000001,0.10719761300000001,0.11191147100000001,10,2026-07-10T17:27:06Z,1936897.0
rust,bytes-1.11.1,writing_chained,success,8.139,0.1090675579,0.0016028981631980418,0.10890648250000001,0.106994843,0.11129121800000001,10,2026-07-10T17:27:07Z,1936897.0
rust,bytes-1.11.1,empty_iter_len,success,8.139,0.11148074030000002,0.003721247802638192,0.11073658800000001,0.10730929900000001,0.11770941800000001,10,2026-07-10T17:27:08Z,1936897.0
rust,bytes-1.11.1,iter_len,success,8.139,0.11076731890000002,0.0032051835519664937,0.11008465750000002,0.107411723,0.11870947600000001,10,2026-07-10T17:27:10Z,1936897.0
rust,bytes-1.11.1,limit_advance_mut,success,8.139,0.11051376230000001,0.0014356154022450189,0.110718172,0.108647724,0.112638182,10,2026-07-10T17:27:11Z,1936897.0
rust,bytes-1.11.1,limit_advance_mut_panic_1,success,8.139,0.1098315161,0.0021173455190621445,0.109325012,0.10683558500000001,0.113075355,10,2026-07-10T17:27:12Z,1936897.0
rust,bytes-1.11.1,limit_advance_mut_panic_2,success,8.139,0.1093398321,0.00273419741477919,0.108436801,0.10539888,0.114636157,10,2026-07-10T17:27:13Z,1936897.0
rust,bytes-1.11.1,limit_chunk_mut,success,8.139,0.1127108559,0.0039072043364719485,0.1119818025,0.10651371100000001,0.120019102,10,2026-07-10T17:27:14Z,1936897.0
rust,bytes-1.11.1,limit_get_mut,success,8.139,0.1088188561,0.0016196531473860183,0.10903648100000002,0.106304015,0.11123155700000001,10,2026-07-10T17:27:16Z,1936897.0
rust,bytes-1.11.1,limit_into_inner,success,8.139,0.1114097189,0.003538507218075363,0.1112164715,0.105606237,0.115738609,10,2026-07-10T17:27:17Z,1936897.0
rust,bytes-1.11.1,limit_set_limit,success,8.139,0.11071508320000001,0.0029654368551838423,0.1105887465,0.106175395,0.11594462200000001,10,2026-07-10T17:27:18Z,1936897.0
rust,bytes-1.11.1,long_limit,success,8.139,0.11226874440000001,0.002563249674544328,0.112180159,0.10916969100000001,0.11720000000000001,10,2026-07-10T17:27:19Z,1936897.0
rust,bytes-1.11.1,buf_read,success,8.139,0.11255433340000001,0.0038161609936825606,0.11255328750000002,0.107673974,0.12157897200000001,10,2026-07-10T17:27:21Z,1936897.0
rust,bytes-1.11.1,get_mut,success,8.139,0.1117245429,0.0031063890466261966,0.11058693700000001,0.10877492300000001,0.11759106000000001,10,2026-07-10T17:27:22Z,1936897.0
rust,bytes-1.11.1,read,success,8.139,0.11012263120000002,0.0033198144603872677,0.10986111150000001,0.106059279,0.11563521700000001,10,2026-07-10T17:27:23Z,1936897.0
rust,bytes-1.11.1,long_take,success,8.139,0.11118943430000001,0.0027627707521114485,0.110120201,0.10908596200000001,0.11672489900000001,10,2026-07-10T17:27:24Z,1936897.0
rust,bytes-1.11.1,take_chunks_vectored,success,8.139,0.10996762289999999,0.0029454095096394933,0.10866895600000001,0.10726896200000001,0.117145675,10,2026-07-10T17:27:25Z,1936897.0
rust,bytes-1.11.1,take_copy_to_bytes,success,8.139,0.11056508450000002,0.0028352170923580775,0.10933419650000001,0.107400878,0.11518515500000001,10,2026-07-10T17:27:27Z,1936897.0
rust,bytes-1.11.1,take_copy_to_bytes_panics,success,8.139,0.11230071110000002,0.004522129699222687,0.11045419100000001,0.108201454,0.12088280500000001,10,2026-07-10T17:27:28Z,1936897.0
rust,anyhow-1.0.102,fmt::tests::no_digits,success,17.723,0.19389687870000002,0.004371814324944811,0.19320646550000004,0.18704922000000002,0.202435906,10,2026-07-10T17:27:57Z,1936897.0
rust,anyhow-1.0.102,fmt::tests::one_digit,success,17.723,0.19535471510000002,0.00330483845413285,0.19411785750000002,0.192306377,0.201133856,10,2026-07-10T17:27:59Z,1936897.0
rust,anyhow-1.0.102,fmt::tests::two_digits,success,17.723,0.1946854536,0.0036873042774695037,0.19361806800000003,0.18906877500000002,0.202157165,10,2026-07-10T17:28:01Z,1936897.0
rust,anyhow-1.0.102,test_ref_unwind_safe,success,17.723,0.1942173603,0.00442216650062576,0.19403110950000002,0.1848728,0.199964197,10,2026-07-10T17:28:03Z,1936897.0
rust,anyhow-1.0.102,test_send,success,17.723,0.1946551602,0.004117071042664993,0.1932483295,0.18927496100000002,0.20058097500000002,10,2026-07-10T17:28:05Z,1936897.0
rust,anyhow-1.0.102,test_sync,success,17.723,0.19220060310000003,0.004802355256531769,0.19150856700000002,0.186030793,0.199726969,10,2026-07-10T17:28:07Z,1936897.0
rust,anyhow-1.0.102,test_unpin,success,17.723,0.19608668370000001,0.006581691420418874,0.19442311450000002,0.187970362,0.20611852400000003,10,2026-07-10T17:28:09Z,1936897.0
rust,anyhow-1.0.102,test_unwind_safe,success,17.723,0.1950082677,0.0038938141560661173,0.193730295,0.18942936800000001,0.201377574,10,2026-07-10T17:28:12Z,1936897.0
rust,anyhow-1.0.102,test_backtrace,success,17.723,0.1934971195,0.0036940180249460997,0.19195051000000002,0.19026779800000002,0.200548695,10,2026-07-10T17:28:14Z,1936897.0
rust,anyhow-1.0.102,test_boxed_anyhow,success,17.723,0.1952816088,0.006237288014146991,0.19374293450000002,0.18842356100000002,0.205839775,10,2026-07-10T17:28:16Z,1936897.0
rust,anyhow-1.0.102,test_boxed_str,success,17.723,0.1964269267,0.005244113546148627,0.19619983350000003,0.18934076800000002,0.206552757,10,2026-07-10T17:28:18Z,1936897.0
rust,anyhow-1.0.102,test_boxed_thiserror,success,17.723,0.19503508370000003,0.004626303576462292,0.19517229800000002,0.188537799,0.20499114300000001,10,2026-07-10T17:28:20Z,1936897.0
rust,anyhow-1.0.102,test_clone,success,17.723,0.1912857051,0.00465380321142868,0.19083901000000003,0.186827661,0.20299402400000002,10,2026-07-10T17:28:22Z,1936897.0
rust,anyhow-1.0.102,test_default,success,17.723,0.19403683850000003,0.002269637252512697,0.19371841350000002,0.19052955000000002,0.198086277,10,2026-07-10T17:28:24Z,1936897.0
rust,anyhow-1.0.102,test_iter,success,17.723,0.19339852710000002,0.0016972398682463768,0.19291768450000002,0.191728789,0.197015838,10,2026-07-10T17:28:27Z,1936897.0
rust,anyhow-1.0.102,test_len,success,17.723,0.1947525758,0.004615441712780666,0.1934956235,0.18850238500000002,0.201810379,10,2026-07-10T17:28:29Z,1936897.0
rust,anyhow-1.0.102,test_rev,success,17.723,0.19393363260000002,0.005115594303642978,0.1932792095,0.18763900800000002,0.20464506500000001,10,2026-07-10T17:28:31Z,1936897.0
rust,anyhow-1.0.102,test_downcast_high,success,17.723,0.19215666660000003,0.0029474461079698677,0.19152967450000002,0.18797605,0.19663919800000002,10,2026-07-10T17:28:33Z,1936897.0
rust,anyhow-1.0.102,test_downcast_low,success,17.723,0.1949773163,0.004015230665797475,0.1943680295,0.19034076900000002,0.203383365,10,2026-07-10T17:28:35Z,1936897.0
rust,anyhow-1.0.102,test_downcast_mid,success,17.723,0.1943878177,0.003927870789090335,0.194139748,0.18842213300000002,0.20061319300000002,10,2026-07-10T17:28:37Z,1936897.0
rust,anyhow-1.0.102,test_downcast_ref,success,17.723,0.19196895149999998,0.0034363112916937686,0.19151108300000003,0.187874395,0.19704748900000002,10,2026-07-10T17:28:39Z,1936897.0
rust,anyhow-1.0.102,test_inference,success,17.723,0.19378623030000003,0.0018726695926742348,0.193446426,0.191715817,0.19773976100000001,10,2026-07-10T17:28:42Z,1936897.0
rust,anyhow-1.0.102,test_root_cause,success,17.723,0.19472805050000003,0.0029431541775423427,0.19363579200000003,0.19091823300000002,0.20032617000000003,10,2026-07-10T17:28:44Z,1936897.0
rust,anyhow-1.0.102,test_unsuccessful_downcast,success,17.723,0.193626929,0.00448258237484486,0.19269520150000002,0.188483922,0.203076582,10,2026-07-10T17:28:46Z,1936897.0
rust,anyhow-1.0.102,test_convert,success,17.723,0.19615772420000002,0.0027942490703590883,0.19550541100000002,0.19310623100000002,0.20299249100000002,10,2026-07-10T17:28:48Z,1936897.0
rust,anyhow-1.0.102,test_convert_send,success,17.723,0.19574456590000003,0.005241525610666536,0.194606854,0.189717517,0.204208775,10,2026-07-10T17:28:50Z,1936897.0
rust,anyhow-1.0.102,test_convert_send_sync,success,17.723,0.1949268414,0.0033364990236421058,0.194197781,0.191195624,0.20272007800000003,10,2026-07-10T17:28:52Z,1936897.0
rust,anyhow-1.0.102,test_question_mark,success,17.723,0.19708099900000003,0.005399897930299365,0.19639231950000002,0.190828999,0.208955672,10,2026-07-10T17:28:55Z,1936897.0
rust,anyhow-1.0.102,test_as_ref,success,17.723,0.1957006886,0.005243012154413578,0.19519330550000002,0.189388566,0.202674718,10,2026-07-10T17:28:57Z,1936897.0
rust,anyhow-1.0.102,test_downcast,success,17.723,0.1934424244,0.0041865595359876035,0.19461476450000004,0.186367792,0.19808608900000002,10,2026-07-10T17:28:59Z,1936897.0
rust,anyhow-1.0.102,test_downcast_mut,success,17.723,0.19731623610000001,0.0034551039881424526,0.19783397900000002,0.191309783,0.20177751200000002,10,2026-07-10T17:29:01Z,1936897.0
rust,anyhow-1.0.102,test_drop,success,17.723,0.19710121560000005,0.003669820560632398,0.19676310800000002,0.192582474,0.203963783,10,2026-07-10T17:29:03Z,1936897.0
rust,anyhow-1.0.102,test_large_alignment,success,17.723,0.1947774716,0.004740998053377958,0.1932983815,0.18821821100000002,0.204183622,10,2026-07-10T17:29:05Z,1936897.0
rust,anyhow-1.0.102,test_as,success,17.723,0.192206163,0.0022639969552572287,0.19306183100000002,0.18836639100000002,0.19471148100000002,10,2026-07-10T17:29:07Z,1936897.0
rust,anyhow-1.0.102,test_atom,success,17.723,0.1952008822,0.003861264067019413,0.1946553215,0.189618152,0.2037353,10,2026-07-10T17:29:10Z,1936897.0
rust,anyhow-1.0.102,test_closure,success,17.723,0.1938035045,0.0030929177903731868,0.1928636035,0.189809776,0.199788233,10,2026-07-10T17:29:12Z,1936897.0
rust,anyhow-1.0.102,test_high_precedence_binary_operator,success,17.723,0.19393358060000002,0.003152429754672068,0.19423537350000003,0.18782525900000002,0.197939461,10,2026-07-10T17:29:14Z,1936897.0
rust,anyhow-1.0.102,test_if,success,17.723,0.1928555107,0.0030239809743621135,0.19249251300000003,0.187550613,0.197784267,10,2026-07-10T17:29:16Z,1936897.0
rust,anyhow-1.0.102,test_loop,success,17.723,0.1937680624,0.004601737500554619,0.19174099650000004,0.19064212800000002,0.206023016,10,2026-07-10T17:29:18Z,1936897.0
rust,anyhow-1.0.102,test_low_precedence_binary_operator,success,17.723,0.19482375359999998,0.0032646651948711938,0.19472006950000004,0.18993283300000002,0.20154814000000001,10,2026-07-10T17:29:20Z,1936897.0
rust,anyhow-1.0.102,test_low_precedence_control_flow,success,17.723,0.19469274450000001,0.0033208294453384614,0.194877368,0.189621552,0.19943286000000002,10,2026-07-10T17:29:22Z,1936897.0
rust,anyhow-1.0.102,test_macro,success,17.723,0.1950384161,0.005524354826710663,0.19319924500000002,0.18965183300000002,0.20549979300000001,10,2026-07-10T17:29:25Z,1936897.0
rust,anyhow-1.0.102,test_match,success,17.723,0.1934089732,0.005602210797369968,0.19297232150000002,0.184638078,0.20562492100000002,10,2026-07-10T17:29:27Z,1936897.0
rust,anyhow-1.0.102,test_pat,success,17.723,0.19333107110000006,0.003083171022902826,0.19309069650000002,0.18943083600000002,0.19979142600000002,10,2026-07-10T17:29:29Z,1936897.0
rust,anyhow-1.0.102,test_path,success,17.723,0.19406671240000004,0.0031261168554277356,0.193385616,0.19063075200000001,0.20133208700000002,10,2026-07-10T17:29:31Z,1936897.0
rust,anyhow-1.0.102,test_raw_addr,success,17.723,0.193155626,0.006175321553283,0.193017121,0.184285774,0.20600354,10,2026-07-10T17:29:33Z,1936897.0
rust,anyhow-1.0.102,test_recursion,success,17.723,0.1939636207,0.0035217795044435903,0.19348112350000002,0.18798761,0.19939261700000002,10,2026-07-10T17:29:35Z,1936897.0
rust,anyhow-1.0.102,test_too_long,success,17.723,0.1918324884,0.0031877896191784463,0.1919224665,0.186795393,0.19904041600000003,10,2026-07-10T17:29:37Z,1936897.0
rust,anyhow-1.0.102,test_trailer,success,17.723,0.19121463730000005,0.0038362017517460964,0.19113969200000003,0.1852249,0.19807782000000002,10,2026-07-10T17:29:40Z,1936897.0
rust,anyhow-1.0.102,test_unary,success,17.723,0.19156226680000002,0.004192284897728702,0.1912404955,0.18678286700000002,0.196550269,10,2026-07-10T17:29:42Z,1936897.0
rust,anyhow-1.0.102,test_whitespace,success,17.723,0.19399226200000003,0.00796945911950078,0.194261764,0.18404419700000002,0.213181386,10,2026-07-10T17:29:44Z,1936897.0
rust,anyhow-1.0.102,test_altdebug,success,17.723,0.1970955183,0.005822425531629834,0.19598905500000002,0.189100878,0.20827788700000002,10,2026-07-10T17:29:46Z,1936897.0
rust,anyhow-1.0.102,test_altdisplay,success,17.723,0.19270932879999997,0.00332675480731531,0.19243830900000003,0.18875392000000002,0.19955877900000002,10,2026-07-10T17:29:48Z,1936897.0
rust,anyhow-1.0.102,test_debug,success,17.723,0.1925392529,0.003702874727544098,0.19254519850000001,0.18656872600000002,0.198879722,10,2026-07-10T17:29:50Z,1936897.0
rust,anyhow-1.0.102,test_display,success,17.723,0.19475694320000003,0.004341904722828165,0.19385101250000003,0.18870998,0.202011416,10,2026-07-10T17:29:52Z,1936897.0
rust,anyhow-1.0.102,test_brace_escape,success,17.723,0.1948579518,0.004975343484738824,0.19334373400000002,0.18849317000000002,0.20443338700000002,10,2026-07-10T17:29:55Z,1936897.0
rust,anyhow-1.0.102,test_ensure,success,17.723,0.196189594,0.021797327048281617,0.19024960700000002,0.18237393600000001,0.256596571,10,2026-07-10T17:29:57Z,1936897.0
rust,anyhow-1.0.102,test_ensure_nonbool,success,17.723,0.1915165023,0.004467386456342034,0.19119842450000002,0.18521247200000002,0.200650597,10,2026-07-10T17:29:59Z,1936897.0
rust,anyhow-1.0.102,test_messages,success,17.723,0.19462153350000003,0.010318955412259951,0.19347999450000003,0.183233646,0.214386558,10,2026-07-10T17:30:01Z,1936897.0
rust,anyhow-1.0.102,test_temporaries,success,17.723,0.1932251376,0.004846892342939988,0.19408730300000002,0.182258153,0.20006241300000002,10,2026-07-10T17:30:03Z,1936897.0
rust,anyhow-1.0.102,test_autotraits,success,17.723,0.1923889563,0.0067780549305308845,0.19096112050000003,0.184149583,0.20415154100000002,10,2026-07-10T17:30:05Z,1936897.0
rust,anyhow-1.0.102,test_error_size,success,17.723,0.19557167430000005,0.007925631220627189,0.1937239295,0.18790246800000002,0.21342605,10,2026-07-10T17:30:07Z,1936897.0
rust,anyhow-1.0.102,test_null_pointer_optimization,success,17.723,0.1912089163,0.004619966696744639,0.19021533000000002,0.184959589,0.200450968,10,2026-07-10T17:30:10Z,1936897.0
rust,anyhow-1.0.102,test_anyhow_from_anyhow,success,17.723,0.1908079378,0.0037614758100697255,0.19051168300000001,0.18470545000000002,0.197911268,10,2026-07-10T17:30:12Z,1936897.0
rust,anyhow-1.0.102,test_fmt_source,success,17.723,0.1903319121,0.003575155826117218,0.19046056100000003,0.18484235000000002,0.19445257200000002,10,2026-07-10T17:30:14Z,1936897.0
rust,anyhow-1.0.102,test_io_source,success,17.723,0.1905425165,0.003964167717177221,0.191428019,0.183610243,0.196366695,10,2026-07-10T17:30:16Z,1936897.0
rust,anyhow-1.0.102,test_literal_source,success,17.723,0.19091888029999998,0.002885229055611475,0.19057044500000003,0.186817339,0.197320978,10,2026-07-10T17:30:18Z,1936897.0
rust,anyhow-1.0.102,test_variable_source,success,17.723,0.19092344290000002,0.004460716002564371,0.19219440200000001,0.184661188,0.196922503,10,2026-07-10T17:30:20Z,1936897.0
rust,spin-0.12.0,barrier::tests::test_barrier,success,16.801,0.33234550900000004,0.10896436223588539,0.28735402750000005,0.24217184000000003,0.603237294,10,2026-07-10T17:30:59Z,1936897.0
rust,spin-0.12.0,mutex::spin::tests::lots_and_lots,success,16.801,0.2200661911,0.005118336256982346,0.22048946000000003,0.21235947300000002,0.229958886,10,2026-07-10T17:31:01Z,1936897.0
rust,spin-0.12.0,mutex::spin::tests::smoke,success,16.801,0.22323105449999997,0.014183331779127631,0.222992639,0.204975114,0.25271543900000004,10,2026-07-10T17:31:03Z,1936897.0
rust,spin-0.12.0,mutex::spin::tests::test_into_inner,success,16.801,0.2149211412,0.003743406546430162,0.21373861900000002,0.209636377,0.221580883,10,2026-07-10T17:31:06Z,1936897.0
rust,spin-0.12.0,mutex::spin::tests::test_into_inner_drop,success,16.801,0.21420706000000003,0.005832543314029801,0.211813896,0.20799789100000002,0.222615428,10,2026-07-10T17:31:08Z,1936897.0
rust,spin-0.12.0,mutex::spin::tests::test_mutex_arc_access_in_unwind,success,16.801,0.21310827600000004,0.0034052681647696696,0.21393926400000002,0.207113813,0.21802786600000001,10,2026-07-10T17:31:11Z,1936897.0
rust,spin-0.12.0,mutex::spin::tests::test_mutex_arc_nested,success,16.801,0.2143034069,0.008040726354664752,0.21441334150000002,0.20116308200000002,0.230809214,10,2026-07-10T17:31:13Z,1936897.0
rust,spin-0.12.0,mutex::spin::tests::test_mutex_force_lock,success,16.801,0.2147132083,0.0026684623208412285,0.21370271150000003,0.212577073,0.220018643,10,2026-07-10T17:31:15Z,1936897.0
rust,spin-0.12.0,mutex::spin::tests::test_mutex_unsized,success,16.801,0.21438570739999996,0.0059036806324492,0.2135160805,0.20507250300000002,0.225942526,10,2026-07-10T17:31:18Z,1936897.0
rust,spin-0.12.0,mutex::spin::tests::try_lock,success,16.801,0.21145170120000004,0.005426963314278128,0.2100801445,0.205760888,0.22284615900000002,10,2026-07-10T17:31:20Z,1936897.0
rust,spin-0.12.0,once::tests::call_once_test,success,16.801,0.4176182161999999,0.0020948983888508625,0.4177351345,0.41480569300000003,0.421797474,10,2026-07-10T17:31:25Z,1936897.0
rust,spin-0.12.0,once::tests::drop_occurs_and_skip_uninit_drop,success,16.801,0.21714961600000002,0.004034236814582544,0.2173636345,0.208826321,0.223206636,10,2026-07-10T17:31:27Z,1936897.0
rust,spin-0.12.0,once::tests::get,success,16.801,0.21502242640000008,0.004981996487233145,0.21529574900000004,0.20674377600000002,0.221494144,10,2026-07-10T17:31:29Z,1936897.0
rust,spin-0.12.0,once::tests::get_no_wait,success,16.801,3.216589014,0.003982645686810113,3.2155600505,3.212725962,3.223313598,10,2026-07-10T17:32:05Z,1936897.0
rust,spin-0.12.0,once::tests::init_constant,success,16.801,0.21492091210000003,0.0074405917487920656,0.2158420705,0.201349571,0.22655022500000002,10,2026-07-10T17:32:07Z,1936897.0
rust,spin-0.12.0,once::tests::init_from_ref_basic,success,16.801,0.21375520440000004,0.008090527737365983,0.21290000600000003,0.203532615,0.23340122500000002,10,2026-07-10T17:32:10Z,1936897.0
rust,spin-0.12.0,once::tests::panic,success,16.801,0.21320124430000004,0.006212803752875298,0.2117695145,0.206408477,0.225783848,10,2026-07-10T17:32:12Z,1936897.0
rust,spin-0.12.0,once::tests::poll,success,16.801,0.2177482103,0.006527626874095468,0.21543963500000002,0.20889669600000002,0.22803056500000002,10,2026-07-10T17:32:14Z,1936897.0
rust,spin-0.12.0,once::tests::smoke_once,success,16.801,0.2142693082,0.010664739718212272,0.21358219,0.20189619,0.23177345700000002,10,2026-07-10T17:32:17Z,1936897.0
rust,spin-0.12.0,once::tests::smoke_once_value,success,16.801,0.2070753651,0.0037052834695226636,0.20834368550000001,0.200942367,0.21132203600000002,10,2026-07-10T17:32:19Z,1936897.0
rust,spin-0.12.0,once::tests::stampede_once,success,16.801,0.21257700500000004,0.006971048357524489,0.21064301900000001,0.20426896200000003,0.22153509100000002,10,2026-07-10T17:32:21Z,1936897.0
rust,spin-0.12.0,once::tests::try_call_once_err,success,16.801,0.2619468649,0.004148611250037405,0.26191192350000003,0.255647675,0.271090483,10,2026-07-10T17:32:24Z,1936897.0
rust,spin-0.12.0,once::tests::wait,success,16.801,0.2095747351,0.00517097542922602,0.21039073200000002,0.20352876,0.219905338,10,2026-07-10T17:32:26Z,1936897.0
rust,spin-0.12.0,rwlock::tests::smoke,success,16.801,0.20567392680000002,0.00600633628721758,0.20563003750000003,0.195274902,0.21332093300000002,10,2026-07-10T17:32:29Z,1936897.0
rust,spin-0.12.0,rwlock::tests::test_force_read_decrement,success,16.801,0.21111954900000002,0.005623684814646118,0.21063404800000002,0.203805279,0.22097880700000003,10,2026-07-10T17:32:31Z,1936897.0
rust,spin-0.12.0,rwlock::tests::test_force_write_unlock,success,16.801,0.21059181450000003,0.0062166592750676555,0.2084633395,0.20271670200000003,0.22106019600000001,10,2026-07-10T17:32:33Z,1936897.0
rust,spin-0.12.0,rwlock::tests::test_into_inner,success,16.801,0.21029077220000003,0.005910804865427919,0.2115588155,0.19879396100000002,0.21715151000000002,10,2026-07-10T17:32:36Z,1936897.0
rust,spin-0.12.0,rwlock::tests::test_into_inner_drop,success,16.801,0.20968617870000003,0.00539719950612021,0.209542581,0.20216941200000002,0.217678274,10,2026-07-10T17:32:38Z,1936897.0
rust,spin-0.12.0,rwlock::tests::test_rw_access_in_unwind,success,16.801,0.2060297694,0.0057555304840889885,0.206261099,0.196976486,0.21358222100000002,10,2026-07-10T17:32:40Z,1936897.0
rust,spin-0.12.0,rwlock::tests::test_rw_arc,success,16.801,0.2066543359,0.0063642972267932574,0.205436756,0.198963951,0.219994294,10,2026-07-10T17:32:43Z,1936897.0
rust,spin-0.12.0,rwlock::tests::test_rw_try_read,success,16.801,0.20761603200000006,0.00709706188563828,0.20611137000000002,0.198499835,0.218388869,10,2026-07-10T17:32:45Z,1936897.0
rust,spin-0.12.0,rwlock::tests::test_rwlock_try_write,success,16.801,0.20784407840000002,0.0038295471536364998,0.20706751300000004,0.202571101,0.21366700100000002,10,2026-07-10T17:32:47Z,1936897.0
rust,spin-0.12.0,rwlock::tests::test_rwlock_unsized,success,16.801,0.2088745714,0.008974509303729401,0.205916699,0.19719781700000003,0.23042891100000001,10,2026-07-10T17:32:50Z,1936897.0
rust,spin-0.12.0,rwlock::tests::test_upgrade_downgrade,success,16.801,0.21152775320000003,0.0075387948613992815,0.213994352,0.199501946,0.22134931700000002,10,2026-07-10T17:32:52Z,1936897.0
rust,pem-rfc7468-1.0.0,decoder::tests::pkcs8_example,success,1.960,0.042731289,0.001585853003212536,0.042661303000000005,0.040553886000000004,0.044874299,10,2026-07-10T17:32:59Z,1936897.0
rust,pem-rfc7468-1.0.0,grammar::tests::split_label_empty,success,1.960,0.0451514095,0.002255050405513921,0.0442366785,0.042696487000000005,0.049524242,10,2026-07-10T17:32:59Z,1936897.0
rust,pem-rfc7468-1.0.0,grammar::tests::split_label_with_repeat_wsp_is_err,success,1.960,0.0447709948,0.002458643540949846,0.0437265055,0.042275643,0.049362239,10,2026-07-10T17:33:00Z,1936897.0
rust,pem-rfc7468-1.0.0,grammar::tests::split_label_with_text,success,1.960,0.0442468948,0.0037460106875473634,0.043512880000000004,0.041612402,0.054155349000000005,10,2026-07-10T17:33:00Z,1936897.0
rust,pem-rfc7468-1.0.0,grammar::tests::validate_private_key_label,success,1.960,0.0430529241,0.001295368566812417,0.0431379675,0.040918807,0.045200033,10,2026-07-10T17:33:01Z,1936897.0
rust,pem-rfc7468-1.0.0,grammar::tests::validate_private_key_label_reject_double_space,success,1.960,0.04271660879999999,0.0015305552904014072,0.042740821,0.040967667,0.045410203,10,2026-07-10T17:33:01Z,1936897.0
rust,pem-rfc7468-1.0.0,binary_example,success,1.960,0.046035788499999994,0.0036234632246614023,0.04478950350000001,0.042658835000000006,0.054252488,10,2026-07-10T17:33:02Z,1936897.0
rust,pem-rfc7468-1.0.0,ed25519_example,success,1.960,0.045685119100000005,0.002623738020701908,0.045192201,0.042073789,0.049947785,10,2026-07-10T17:33:02Z,1936897.0
rust,pem-rfc7468-1.0.0,header_of_length_64,success,1.960,0.0420297476,0.001567849796093163,0.041606126,0.040394968,0.044765654,10,2026-07-10T17:33:03Z,1936897.0
rust,pem-rfc7468-1.0.0,line_width_detection,success,1.960,0.043537158500000006,0.002313875259760331,0.042838824500000004,0.040930322000000005,0.046983043,10,2026-07-10T17:33:03Z,1936897.0
rust,pem-rfc7468-1.0.0,pkcs1_enc_example,success,1.960,0.0428933404,0.0023407672986608566,0.042110394,0.040592099,0.048170493,10,2026-07-10T17:33:04Z,1936897.0
rust,pem-rfc7468-1.0.0,pkcs1_example,success,1.960,0.0434000877,0.002284825332285019,0.042566491000000005,0.041580795000000004,0.049176462000000004,10,2026-07-10T17:33:04Z,1936897.0
rust,pem-rfc7468-1.0.0,pkcs1_example_with_preceding_junk,success,1.960,0.0434726341,0.00159503566225645,0.0434274295,0.041389138000000006,0.045901944,10,2026-07-10T17:33:05Z,1936897.0
rust,pem-rfc7468-1.0.0,pkcs8_enc_example,success,1.960,0.0441639085,0.0019545788969535234,0.0435296255,0.041814801000000006,0.047254685000000005,10,2026-07-10T17:33:05Z,1936897.0
rust,pem-rfc7468-1.0.0,pkcs8_example,success,1.960,0.0427865858,0.0018872813978472256,0.042096637500000006,0.041073468,0.047505641,10,2026-07-10T17:33:06Z,1936897.0
rust,either-1.16.0,basic,success,3.640,0.0535044101,0.000985461374507783,0.05356366900000001,0.051478757,0.05474997,10,2026-07-10T17:33:12Z,1936897.0
rust,either-1.16.0,deref,success,3.640,0.0549338528,0.0016387651005268708,0.0549461985,0.05211587,0.057289047,10,2026-07-10T17:33:13Z,1936897.0
rust,either-1.16.0,error,success,3.640,0.0546602511,0.001924726924946927,0.054211484000000004,0.052410078000000006,0.058387787000000003,10,2026-07-10T17:33:13Z,1936897.0
rust,either-1.16.0,iter,success,3.640,0.05322722840000001,0.0016654078411605837,0.053414184,0.051199176000000006,0.055246117000000004,10,2026-07-10T17:33:14Z,1936897.0
rust,either-1.16.0,macros,success,3.640,0.0544195557,0.0029467103311746753,0.053444159000000005,0.052014608000000004,0.061134267000000006,10,2026-07-10T17:33:14Z,1936897.0
rust,either-1.16.0,read_write,success,3.640,0.053553225,0.0018660455664504978,0.053367969,0.050763327000000004,0.057180335000000006,10,2026-07-10T17:33:15Z,1936897.0
rust,either-1.16.0,seek,success,3.640,0.05647140429999999,0.0026338756820672733,0.0561753495,0.053847297,0.061553898,10,2026-07-10T17:33:16Z,1936897.0
rust,futures-util-0.3.32,lock::mutex::tests::test_mutex_guard_debug_not_recurse,success,10.497,0.18106901020000002,0.005910114205084574,0.17981730350000003,0.173943978,0.19298505500000002,10,2026-07-10T17:33:39Z,1936897.0
