crate,test,verdict,main,icmccorm-blocks
addr2line-0.26.1,tests::context_is_send,consistent,success,success
aes-0.9.1,aes192,consistent,success,success
aes-0.9.1,aes256,consistent,success,success
aes-0.9.1,aes128,consistent,success,success
aes-0.9.1,aes256_dec,consistent,success,success
aes-0.9.1,aes256_enc,consistent,success,success
aes-0.9.1,aes192_enc,consistent,success,success
aes-0.9.1,aes192_dec,consistent,success,success
aes-0.9.1,aes128_dec,consistent,success,success
aes-0.9.1,aes128_enc,consistent,success,success
aho-corasick-1.1.4,nfa::contiguous::tests::swar,consistent,success,success
aho-corasick-1.1.4,packed::pattern::tests::equals_different_lengths,consistent,success,success
aho-corasick-1.1.4,packed::pattern::tests::equals_mismatch,consistent,success,success
aho-corasick-1.1.4,packed::pattern::tests::equals_yes,consistent,success,success
aho-corasick-1.1.4,packed::pattern::tests::prefix,consistent,success,success
aho-corasick-1.1.4,packed::tests::search_default_leftmost_first,consistent,success,success
aho-corasick-1.1.4,packed::tests::search_default_leftmost_longest,consistent,success,success
aho-corasick-1.1.4,packed::tests::search_rabinkarp_leftmost_first,consistent,success,success
aho-corasick-1.1.4,packed::tests::search_rabinkarp_leftmost_longest,consistent,success,success
aho-corasick-1.1.4,packed::tests::search_teddy_avx2_leftmost_first,consistent,success,success
aho-corasick-1.1.4,packed::tests::search_teddy_avx2_leftmost_longest,consistent,success,success
aho-corasick-1.1.4,packed::tests::search_teddy_fat_leftmost_first,consistent,success,success
aho-corasick-1.1.4,packed::tests::search_teddy_fat_leftmost_longest,consistent,success,success
aho-corasick-1.1.4,packed::tests::search_teddy_leftmost_first,consistent,success,success
aho-corasick-1.1.4,packed::tests::search_teddy_leftmost_longest,consistent,success,success
aho-corasick-1.1.4,packed::tests::search_teddy_ssse3_leftmost_first,consistent,success,success
aho-corasick-1.1.4,packed::tests::search_teddy_ssse3_leftmost_longest,consistent,success,success
aho-corasick-1.1.4,packed::tests::search_tests_have_unique_names,consistent,success,success
aho-corasick-1.1.4,packed::vector::tests_x86_64_avx2::fat_vector_for_each_low_64bit_lane,consistent,success,success
aho-corasick-1.1.4,packed::vector::tests_x86_64_avx2::fat_vector_half_shift_in_one_byte,consistent,success,success
aho-corasick-1.1.4,packed::vector::tests_x86_64_avx2::fat_vector_half_shift_in_three_bytes,consistent,success,success
aho-corasick-1.1.4,packed::vector::tests_x86_64_avx2::fat_vector_half_shift_in_two_bytes,consistent,success,success
aho-corasick-1.1.4,packed::vector::tests_x86_64_avx2::fat_vector_interleave_high_8bit_lanes,consistent,success,success
aho-corasick-1.1.4,packed::vector::tests_x86_64_avx2::fat_vector_interleave_low_8bit_lanes,consistent,success,success
aho-corasick-1.1.4,packed::vector::tests_x86_64_avx2::fat_vector_swap_halves,consistent,success,success
aho-corasick-1.1.4,packed::vector::tests_x86_64_avx2::vector_and,consistent,success,success
aho-corasick-1.1.4,packed::vector::tests_x86_64_avx2::vector_cmpeq,consistent,success,success
aho-corasick-1.1.4,packed::vector::tests_x86_64_avx2::vector_for_each_64bit_lane,consistent,success,success
aho-corasick-1.1.4,packed::vector::tests_x86_64_avx2::vector_is_zero,consistent,success,success
aho-corasick-1.1.4,packed::vector::tests_x86_64_avx2::vector_or,consistent,success,success
aho-corasick-1.1.4,packed::vector::tests_x86_64_avx2::vector_shift_8bit_lane_right,consistent,success,success
aho-corasick-1.1.4,packed::vector::tests_x86_64_avx2::vector_shift_in_one_byte,consistent,success,success
aho-corasick-1.1.4,packed::vector::tests_x86_64_avx2::vector_shift_in_three_bytes,consistent,success,success
aho-corasick-1.1.4,packed::vector::tests_x86_64_avx2::vector_shift_in_two_bytes,consistent,success,success
aho-corasick-1.1.4,packed::vector::tests_x86_64_avx2::vector_shuffle_bytes,consistent,success,success
aho-corasick-1.1.4,packed::vector::tests_x86_64_avx2::vector_splat,consistent,success,success
aho-corasick-1.1.4,packed::vector::tests_x86_64_ssse3::vector_and,consistent,success,success
aho-corasick-1.1.4,packed::vector::tests_x86_64_ssse3::vector_cmpeq,consistent,success,success
aho-corasick-1.1.4,packed::vector::tests_x86_64_ssse3::vector_for_each_64bit_lane,consistent,success,success
aho-corasick-1.1.4,packed::vector::tests_x86_64_ssse3::vector_is_zero,consistent,success,success
aho-corasick-1.1.4,packed::vector::tests_x86_64_ssse3::vector_or,consistent,success,success
aho-corasick-1.1.4,packed::vector::tests_x86_64_ssse3::vector_shift_8bit_lane_right,consistent,success,success
aho-corasick-1.1.4,packed::vector::tests_x86_64_ssse3::vector_shift_in_one_byte,consistent,success,success
aho-corasick-1.1.4,packed::vector::tests_x86_64_ssse3::vector_shift_in_three_bytes,consistent,success,success
aho-corasick-1.1.4,packed::vector::tests_x86_64_ssse3::vector_shift_in_two_bytes,consistent,success,success
aho-corasick-1.1.4,packed::vector::tests_x86_64_ssse3::vector_shuffle_bytes,consistent,success,success
aho-corasick-1.1.4,packed::vector::tests_x86_64_ssse3::vector_splat,consistent,success,success
aho-corasick-1.1.4,testoibits::oibits_automaton,consistent,success,success
aho-corasick-1.1.4,testoibits::oibits_main,consistent,success,success
aho-corasick-1.1.4,testoibits::oibits_packed,consistent,success,success
aho-corasick-1.1.4,tests::acasei_leftmost_first_default,consistent,success,success
aho-corasick-1.1.4,tests::acasei_leftmost_first_dfa_default,consistent,success,success
aho-corasick-1.1.4,tests::acasei_leftmost_first_nfa_contig_default,consistent,success,success
aho-corasick-1.1.4,tests::acasei_leftmost_first_nfa_noncontig_default,consistent,success,success
aho-corasick-1.1.4,tests::acasei_leftmost_longest_default,consistent,success,success
aho-corasick-1.1.4,tests::acasei_leftmost_longest_dfa_default,consistent,success,success
aho-corasick-1.1.4,tests::acasei_leftmost_longest_nfa_contig_default,consistent,success,success
aho-corasick-1.1.4,tests::acasei_leftmost_longest_nfa_noncontig_default,consistent,success,success
aho-corasick-1.1.4,tests::acasei_standard_default,consistent,success,success
aho-corasick-1.1.4,tests::acasei_standard_dfa_default,consistent,success,success
aho-corasick-1.1.4,tests::acasei_standard_nfa_contig_default,consistent,success,success
aho-corasick-1.1.4,tests::acasei_standard_nfa_noncontig_default,consistent,success,success
aho-corasick-1.1.4,tests::acasei_standard_overlapping_default,consistent,success,success
aho-corasick-1.1.4,tests::acasei_standard_overlapping_dfa_default,consistent,success,success
aho-corasick-1.1.4,tests::acasei_standard_overlapping_nfa_contig_default,consistent,success,success
aho-corasick-1.1.4,tests::acasei_standard_overlapping_nfa_noncontig_default,consistent,success,success
aho-corasick-1.1.4,tests::anchored_not_allowed_even_if_technically_available,consistent,success,success
aho-corasick-1.1.4,tests::overlapping_not_allowed_leftmost_first,consistent,success,success
aho-corasick-1.1.4,tests::overlapping_not_allowed_leftmost_longest,consistent,success,success
aho-corasick-1.1.4,tests::prefilter_stays_in_bounds,consistent,success,success
aho-corasick-1.1.4,tests::regression_ascii_case_insensitive_no_exponential,consistent,success,success
aho-corasick-1.1.4,tests::regression_rare_byte_prefilter,consistent,success,success
aho-corasick-1.1.4,tests::regression_stream_rare_byte_prefilter,consistent,test_failed,test_failed
aho-corasick-1.1.4,tests::search_standard_anchored_default,consistent,success,success
aho-corasick-1.1.4,tests::search_standard_anchored_dfa_default,consistent,success,success
aho-corasick-1.1.4,tests::search_standard_anchored_dfa_start_both,consistent,success,success
aho-corasick-1.1.4,tests::search_standard_anchored_nfa_noncontig_default,consistent,success,success
aho-corasick-1.1.4,tests::search_tests_have_unique_names,consistent,success,success
aho-corasick-1.1.4,tests::stream_not_allowed_leftmost_first,consistent,success,success
aho-corasick-1.1.4,tests::stream_not_allowed_leftmost_longest,consistent,success,success
aho-corasick-1.1.4,tests::unanchored_not_allowed_even_if_technically_available,consistent,success,success
aho-corasick-1.1.4,util::alphabet::tests::byte_classes,consistent,success,success
aho-corasick-1.1.4,util::alphabet::tests::elements_empty,consistent,success,success
aho-corasick-1.1.4,util::alphabet::tests::elements_singletons,consistent,success,success
aho-corasick-1.1.4,util::alphabet::tests::elements_typical,consistent,success,success
aho-corasick-1.1.4,util::alphabet::tests::full_byte_classes,consistent,success,success
aho-corasick-1.1.4,tests::search_standard_overlapping_dfa_start_both_no_byte_class,consistent,success,success
aho-corasick-1.1.4,tests::search_standard_nonoverlapping::dfa_start_both_no_byte_class,disagree,success,test_failed
aho-corasick-1.1.4,tests::search_leftmost_first::dfa_start_both_no_byte_class,disagree,test_failed,success
aho-corasick-1.1.4,tests::search_leftmost_longest::dfa_start_both_no_byte_class,consistent,success,success
aho-corasick-1.1.4,tests::regression_case_insensitive_prefilter,consistent,success,success
aho-corasick-1.1.4,tests::search_standard_nonoverlapping::nfa_contig_no_byte_class,consistent,success,success
aho-corasick-1.1.4,tests::search_leftmost_first::dfa_no_byte_class,consistent,success,success
aho-corasick-1.1.4,tests::search_leftmost_longest::dfa_start_both,consistent,success,success
aho-corasick-1.1.4,tests::search_leftmost_first::nfa_noncontig_all_dense,consistent,success,success
aho-corasick-1.1.4,tests::search_leftmost_longest::default,consistent,success,success
aho-corasick-1.1.4,tests::search_standard_nonoverlapping::dfa_no_byte_class,consistent,success,success
aho-corasick-1.1.4,tests::search_leftmost_first::dfa_default,consistent,success,success
aho-corasick-1.1.4,tests::search_leftmost_first::nfa_contig_default,consistent,success,success
aho-corasick-1.1.4,tests::search_leftmost_first::nfa_contig_no_prefilter,consistent,success,success
aho-corasick-1.1.4,tests::search_standard_overlapping_dfa_no_byte_class,consistent,success,success
aho-corasick-1.1.4,tests::search_leftmost_first::nfa_contig_no_byte_class,consistent,success,success
aho-corasick-1.1.4,tests::search_leftmost_longest::nfa_contig_no_byte_class,consistent,success,success
aho-corasick-1.1.4,tests::search_leftmost_longest::dfa_no_byte_class,consistent,success,success
aho-corasick-1.1.4,tests::search_leftmost_first::dfa_start_both_no_prefilter,consistent,success,success
aho-corasick-1.1.4,tests::search_leftmost_longest::nfa_default,consistent,success,success
aho-corasick-1.1.4,tests::search_leftmost_longest::nfa_contig_default,consistent,success,success
aho-corasick-1.1.4,tests::search_leftmost_longest::dfa_start_both_no_prefilter,consistent,success,success
aho-corasick-1.1.4,tests::search_leftmost_longest::nfa_noncontig_all_dense,consistent,success,success
aho-corasick-1.1.4,tests::search_leftmost_longest::nfa_contig_all_sparse,consistent,success,success
aho-corasick-1.1.4,tests::search_leftmost_longest::dfa_default,consistent,success,success
aho-corasick-1.1.4,tests::search_leftmost_first::dfa_no_prefilter,consistent,success,success
aho-corasick-1.1.4,tests::search_leftmost_first::nfa_contig_all_dense,consistent,success,success
aho-corasick-1.1.4,tests::search_leftmost_first::nfa_noncontig_no_prefilter,consistent,success,success
aho-corasick-1.1.4,tests::search_leftmost_first::nfa_noncontig_all_sparse,consistent,success,success
aho-corasick-1.1.4,tests::search_standard_nonoverlapping::dfa_start_both_no_prefilter,consistent,success,success
aho-corasick-1.1.4,tests::search_leftmost_longest::nfa_contig_all_dense,consistent,success,success
aho-corasick-1.1.4,tests::search_leftmost_longest::dfa_no_prefilter,consistent,success,success
aho-corasick-1.1.4,tests::search_leftmost_first::dfa_start_both,consistent,success,success
aho-corasick-1.1.4,tests::search_leftmost_first::default,consistent,success,success
aho-corasick-1.1.4,tests::search_leftmost_longest::nfa_contig_no_prefilter,consistent,success,success
aho-corasick-1.1.4,tests::search_standard_overlapping_dfa_start_both_no_prefilter,consistent,success,success
aho-corasick-1.1.4,tests::search_standard_overlapping_nfa_contig_no_prefilter,consistent,success,success
aho-corasick-1.1.4,tests::search_leftmost_first_anchored_dfa_default,consistent,success,success
aho-corasick-1.1.4,tests::search_leftmost_longest::nfa_noncontig_all_sparse,consistent,success,success
aho-corasick-1.1.4,tests::search_leftmost_longest::nfa_noncontig_no_prefilter,consistent,success,success
aho-corasick-1.1.4,tests::search_leftmost_longest_anchored_default,consistent,success,success
aho-corasick-1.1.4,tests::search_leftmost_first::nfa_default,consistent,success,success
aho-corasick-1.1.4,tests::search_standard_stream_dfa_default,consistent,success,success
aho-corasick-1.1.4,tests::search_standard_nonoverlapping::default,consistent,success,success
aho-corasick-1.1.4,tests::search_standard_nonoverlapping::dfa_no_prefilter,consistent,success,success
aho-corasick-1.1.4,tests::search_standard_overlapping_dfa_start_both,consistent,success,success
aho-corasick-1.1.4,tests::search_leftmost_longest_anchored_dfa_start_both,consistent,success,success
aho-corasick-1.1.4,tests::search_leftmost_longest_anchored_nfa_noncontig_default,consistent,success,success
aho-corasick-1.1.4,tests::search_standard_nonoverlapping::nfa_contig_no_prefilter,consistent,success,success
aho-corasick-1.1.4,tests::search_leftmost_longest_anchored_dfa_default,consistent,success,success
aho-corasick-1.1.4,tests::search_standard_nonoverlapping::dfa_start_both,consistent,success,success
aho-corasick-1.1.4,tests::search_standard_overlapping_nfa_noncontig_no_prefilter,consistent,success,success
aho-corasick-1.1.4,tests::search_leftmost_first_anchored_nfa_contig_default,consistent,success,success
aho-corasick-1.1.4,tests::search_standard_nonoverlapping::nfa_contig_all_dense,consistent,success,success
aho-corasick-1.1.4,tests::search_leftmost_first::nfa_contig_all_sparse,consistent,success,success
aho-corasick-1.1.4,tests::search_standard_overlapping_nfa_contig_all_dense,consistent,success,success
aho-corasick-1.1.4,tests::search_leftmost_first_anchored_dfa_start_both,consistent,success,success
aho-corasick-1.1.4,tests::search_standard_nonoverlapping::nfa_noncontig_no_prefilter,consistent,success,success
aho-corasick-1.1.4,tests::search_standard_overlapping_dfa_no_prefilter,consistent,success,success
aho-corasick-1.1.4,tests::search_standard_overlapping_default,consistent,success,success
aho-corasick-1.1.4,tests::search_standard_nonoverlapping::nfa_noncontig_all_sparse,consistent,success,success
aho-corasick-1.1.4,tests::search_standard_nonoverlapping::nfa_default,consistent,success,success
aho-corasick-1.1.4,tests::search_standard_nonoverlapping::nfa_contig_all_sparse,consistent,success,success
aho-corasick-1.1.4,tests::search_standard_nonoverlapping::dfa_default,consistent,success,success
aho-corasick-1.1.4,tests::search_standard_overlapping_nfa_noncontig_default,consistent,success,success
aho-corasick-1.1.4,tests::search_standard_overlapping_nfa_contig_all_sparse,consistent,success,success
aho-corasick-1.1.4,tests::search_standard_stream_nfa_contig_default,consistent,success,success
aho-corasick-1.1.4,tests::search_standard_nonoverlapping::nfa_contig_default,consistent,success,success
aho-corasick-1.1.4,tests::search_standard_overlapping_nfa_contig_default,consistent,success,success
aho-corasick-1.1.4,tests::search_leftmost_longest_anchored_nfa_contig_default,consistent,success,success
aho-corasick-1.1.4,tests::search_standard_overlapping_dfa_default,consistent,success,success
aho-corasick-1.1.4,tests::search_leftmost_first_anchored_default,consistent,success,success
aho-corasick-1.1.4,tests::search_standard_nonoverlapping::nfa_noncontig_all_dense,consistent,success,success
aho-corasick-1.1.4,tests::search_leftmost_first_anchored_nfa_noncontig_default,consistent,success,success
aho-corasick-1.1.4,tests::search_standard_stream_default,consistent,success,success
aho-corasick-1.1.4,tests::search_standard_anchored_nfa_contig_default,consistent,success,success
aho-corasick-1.1.4,tests::search_standard_stream_nfa_noncontig_default,consistent,success,success
alloc-no-stdlib-2.0.4,calloc_pool_test,consistent,success,success
alloc-no-stdlib-2.0.4,global_pool_test,consistent,success,success
alloc-no-stdlib-2.0.4,stack_pool_free_null,consistent,success,success
alloc-no-stdlib-2.0.4,stack_pool_test,consistent,success,success
alloc-no-stdlib-2.0.4,tests::heap_test,consistent,success,success
alloc-no-stdlib-2.0.4,uninitialized_calloc_pool_test,consistent,success,success
alloc-no-stdlib-2.0.4,uninitialized_global_pool_test,consistent,success,success
alloc-no-stdlib-2.0.4,uninitialized_stack_pool_free_null,consistent,success,success
alloc-no-stdlib-2.0.4,uninitialized_stack_pool_test,consistent,success,success
alloc-stdlib-0.2.2,calloc_pool_test,consistent,success,success
alloc-stdlib-0.2.2,global_pool_test,consistent,success,success
alloc-stdlib-0.2.2,heap_pool_test,consistent,success,success
alloc-stdlib-0.2.2,stack_pool_free_null,consistent,success,success
alloc-stdlib-0.2.2,stack_pool_test,consistent,success,success
alloc-stdlib-0.2.2,tests::heap_test,consistent,success,success
alloc-stdlib-0.2.2,tests::std_test,consistent,success,success
alloc-stdlib-0.2.2,uninitialized_calloc_pool_test,consistent,success,success
alloc-stdlib-0.2.2,uninitialized_global_pool_test,consistent,success,success
alloc-stdlib-0.2.2,uninitialized_stack_pool_free_null,consistent,success,success
alloc-stdlib-0.2.2,uninitialized_stack_pool_test,consistent,success,success
ansi_term-0.12.1,ansi::test::black,consistent,success,success
ansi_term-0.12.1,ansi::test::blink,consistent,success,success
ansi_term-0.12.1,ansi::test::blue_on_rgb,consistent,success,success
ansi_term-0.12.1,ansi::test::blue_underline,consistent,success,success
ansi_term-0.12.1,ansi::test::bold,consistent,success,success
ansi_term-0.12.1,ansi::test::bunderline,consistent,success,success
ansi_term-0.12.1,ansi::test::cyan_bold_on_white,consistent,success,success
ansi_term-0.12.1,ansi::test::cyan_bold_ul_on_white,consistent,success,success
ansi_term-0.12.1,ansi::test::cyan_ul_bold_on_white,consistent,success,success
ansi_term-0.12.1,ansi::test::cyan_ul_on_white,consistent,success,success
ansi_term-0.12.1,ansi::test::dimmed,consistent,success,success
ansi_term-0.12.1,ansi::test::fixed,consistent,success,success
ansi_term-0.12.1,ansi::test::fixed_on_fixed,consistent,success,success
ansi_term-0.12.1,ansi::test::fixed_on_purple,consistent,success,success
ansi_term-0.12.1,ansi::test::green_bold_ul,consistent,success,success
ansi_term-0.12.1,ansi::test::green_bold_ul_2,consistent,success,success
ansi_term-0.12.1,ansi::test::hidden,consistent,success,success
ansi_term-0.12.1,ansi::test::italic,consistent,success,success
ansi_term-0.12.1,ansi::test::plain,consistent,success,success
ansi_term-0.12.1,ansi::test::purple_on_white,consistent,success,success
ansi_term-0.12.1,ansi::test::purple_on_white_2,consistent,success,success
ansi_term-0.12.1,ansi::test::red,consistent,success,success
ansi_term-0.12.1,ansi::test::reverse,consistent,success,success
ansi_term-0.12.1,ansi::test::rgb,consistent,success,success
ansi_term-0.12.1,ansi::test::rgb_on_blue,consistent,success,success
ansi_term-0.12.1,ansi::test::rgb_on_rgb,consistent,success,success
ansi_term-0.12.1,ansi::test::stricken,consistent,success,success
ansi_term-0.12.1,ansi::test::test_infix,consistent,success,success
ansi_term-0.12.1,ansi::test::underline,consistent,success,success
ansi_term-0.12.1,ansi::test::yellow_bold,consistent,success,success
ansi_term-0.12.1,ansi::test::yellow_bold_2,consistent,success,success
ansi_term-0.12.1,ansi::test::yellow_on_blue,consistent,success,success
ansi_term-0.12.1,ansi::test::yellow_on_blue_2,consistent,success,success
ansi_term-0.12.1,debug::test::bold,consistent,success,success
ansi_term-0.12.1,debug::test::both,consistent,success,success
ansi_term-0.12.1,debug::test::empty,consistent,success,success
ansi_term-0.12.1,debug::test::everything,consistent,success,success
ansi_term-0.12.1,debug::test::italic,consistent,success,success
ansi_term-0.12.1,debug::test::long_and_detailed,consistent,success,success
ansi_term-0.12.1,debug::test::red,consistent,success,success
ansi_term-0.12.1,debug::test::redblue,consistent,success,success
ansi_term-0.12.1,difference::test::addition_of_blink,consistent,success,success
ansi_term-0.12.1,difference::test::addition_of_dimmed,consistent,success,success
ansi_term-0.12.1,difference::test::addition_of_hidden,consistent,success,success
ansi_term-0.12.1,difference::test::addition_of_reverse,consistent,success,success
ansi_term-0.12.1,difference::test::addition_of_strikethrough,consistent,success,success
ansi_term-0.12.1,difference::test::colour_change,consistent,success,success
ansi_term-0.12.1,difference::test::lowercase,consistent,success,success
ansi_term-0.12.1,difference::test::nothing,consistent,success,success
ansi_term-0.12.1,difference::test::nothing2,consistent,success,success
ansi_term-0.12.1,difference::test::removal_of_blink,consistent,success,success
ansi_term-0.12.1,difference::test::removal_of_dimmed,consistent,success,success
ansi_term-0.12.1,difference::test::removal_of_hidden,consistent,success,success
ansi_term-0.12.1,difference::test::removal_of_reverse,consistent,success,success
ansi_term-0.12.1,difference::test::removal_of_strikethrough,consistent,success,success
ansi_term-0.12.1,difference::test::uppercase,consistent,success,success
ansi_term-0.12.1,display::tests::no_control_codes_for_plain,consistent,success,success
ansi_term-0.12.1,util::test::test,consistent,success,success
anstream-1.0.0,adapter::strip::test::test_strip_byte_del,consistent,success,success
anstream-1.0.0,adapter::strip::test::test_strip_byte_multibyte,consistent,success,success
anstream-1.0.0,adapter::strip::test::test_strip_bytes_multibyte,consistent,success,success
anstream-1.0.0,adapter::strip::test::test_strip_str_del,consistent,success,success
anstream-1.0.0,adapter::strip::test::test_strip_str_handles_broken_sequence,consistent,success,success
anstream-1.0.0,adapter::wincon::test::ansi256_colors,consistent,success,success
anstream-1.0.0,adapter::wincon::test::end,consistent,success,success
anstream-1.0.0,adapter::wincon::test::middle,consistent,success,success
anstream-1.0.0,adapter::wincon::test::start,consistent,success,success
anstream-1.0.0,stream::tests::test,consistent,success,success
anstyle-1.0.14,color::test::max_display_buffer,consistent,success,success
anstyle-1.0.14,color::test::no_align,consistent,success,success
anstyle-1.0.14,color::test::print_size_of,consistent,success,success
anstyle-1.0.14,effect::test::no_align,consistent,success,success
anstyle-1.0.14,effect::test::print_size_of,consistent,success,success
anstyle-1.0.14,reset::test::no_align,consistent,success,success
anstyle-1.0.14,reset::test::print_size_of,consistent,success,success
anstyle-1.0.14,style::print_size_of,consistent,success,success
anstyle-query-1.1.5,test::non_empty_empty,consistent,success,success
anstyle-query-1.1.5,test::non_empty_not_present,consistent,success,success
anstyle-query-1.1.5,test::non_empty_texty,consistent,success,success
anyhow-1.0.102,fmt::tests::no_digits,consistent,success,success
anyhow-1.0.102,fmt::tests::one_digit,consistent,success,success
anyhow-1.0.102,fmt::tests::two_digits,consistent,success,success
anyhow-1.0.102,test_altdebug,consistent,success,success
anyhow-1.0.102,test_altdisplay,consistent,success,success
anyhow-1.0.102,test_anyhow_from_anyhow,consistent,success,success
anyhow-1.0.102,test_as,consistent,success,success
anyhow-1.0.102,test_as_ref,consistent,success,success
anyhow-1.0.102,test_atom,consistent,success,success
anyhow-1.0.102,test_autotraits,consistent,success,success
anyhow-1.0.102,test_backtrace,consistent,success,success
anyhow-1.0.102,test_boxed_anyhow,consistent,success,success
anyhow-1.0.102,test_boxed_str,consistent,success,success
anyhow-1.0.102,test_boxed_thiserror,consistent,success,success
anyhow-1.0.102,test_brace_escape,consistent,success,success
anyhow-1.0.102,test_clone,consistent,success,success
anyhow-1.0.102,test_closure,consistent,success,success
anyhow-1.0.102,test_convert,consistent,success,success
anyhow-1.0.102,test_convert_send,consistent,success,success
anyhow-1.0.102,test_convert_send_sync,consistent,success,success
anyhow-1.0.102,test_debug,consistent,success,success
anyhow-1.0.102,test_default,consistent,success,success
anyhow-1.0.102,test_display,consistent,success,success
anyhow-1.0.102,test_downcast,consistent,success,success
anyhow-1.0.102,test_downcast_high,consistent,success,success
anyhow-1.0.102,test_downcast_low,consistent,success,success
anyhow-1.0.102,test_downcast_mid,consistent,success,success
anyhow-1.0.102,test_downcast_mut,consistent,success,success
anyhow-1.0.102,test_downcast_ref,consistent,success,success
anyhow-1.0.102,test_drop,consistent,success,success
anyhow-1.0.102,test_ensure,consistent,success,success
anyhow-1.0.102,test_ensure_nonbool,consistent,success,success
anyhow-1.0.102,test_error_size,consistent,success,success
anyhow-1.0.102,test_fmt_source,consistent,success,success
anyhow-1.0.102,test_high_precedence_binary_operator,consistent,success,success
anyhow-1.0.102,test_if,consistent,success,success
anyhow-1.0.102,test_inference,consistent,success,success
anyhow-1.0.102,test_io_source,consistent,success,success
anyhow-1.0.102,test_iter,consistent,success,success
anyhow-1.0.102,test_large_alignment,consistent,success,success
anyhow-1.0.102,test_len,consistent,success,success
anyhow-1.0.102,test_literal_source,consistent,success,success
anyhow-1.0.102,test_loop,consistent,success,success
anyhow-1.0.102,test_low_precedence_binary_operator,consistent,success,success
anyhow-1.0.102,test_low_precedence_control_flow,consistent,success,success
anyhow-1.0.102,test_macro,consistent,success,success
anyhow-1.0.102,test_match,consistent,success,success
anyhow-1.0.102,test_messages,consistent,success,success
anyhow-1.0.102,test_null_pointer_optimization,consistent,success,success
anyhow-1.0.102,test_pat,consistent,success,success
anyhow-1.0.102,test_path,consistent,success,success
anyhow-1.0.102,test_question_mark,consistent,success,success
anyhow-1.0.102,test_raw_addr,consistent,success,success
anyhow-1.0.102,test_recursion,consistent,success,success
anyhow-1.0.102,test_ref_unwind_safe,consistent,success,success
anyhow-1.0.102,test_rev,consistent,success,success
anyhow-1.0.102,test_root_cause,consistent,success,success
anyhow-1.0.102,test_send,consistent,success,success
anyhow-1.0.102,test_sync,consistent,success,success
anyhow-1.0.102,test_temporaries,consistent,success,success
anyhow-1.0.102,test_too_long,consistent,success,success
anyhow-1.0.102,test_trailer,consistent,success,success
anyhow-1.0.102,test_unary,consistent,success,success
anyhow-1.0.102,test_unpin,consistent,success,success
anyhow-1.0.102,test_unsuccessful_downcast,consistent,success,success
anyhow-1.0.102,test_unwind_safe,consistent,success,success
anyhow-1.0.102,test_variable_source,consistent,success,success
anyhow-1.0.102,test_whitespace,consistent,success,success
arc-swap-1.9.1,access::tests::constant,consistent,success,success
arc-swap-1.9.1,access::tests::double_dyn_access_complex,consistent,success,success
arc-swap-1.9.1,access::tests::dyn_dispatch,consistent,success,success
arc-swap-1.9.1,access::tests::indirect,consistent,success,success
arc-swap-1.9.1,access::tests::map,consistent,success,success
arc-swap-1.9.1,access::tests::map_option_none,consistent,success,success
arc-swap-1.9.1,access::tests::map_option_some,consistent,success,success
arc-swap-1.9.1,access::tests::map_reload,consistent,success,success
arc-swap-1.9.1,access::tests::static_dispatch,consistent,success,success
arc-swap-1.9.1,access::tests::transition,consistent,success,success
arc-swap-1.9.1,cache::tests::cache_option,consistent,success,success
arc-swap-1.9.1,cache::tests::cached_through_arc,consistent,success,success
arc-swap-1.9.1,cache::tests::cached_value,consistent,success,success
arc-swap-1.9.1,cache::tests::map_cache,consistent,success,success
arc-swap-1.9.1,debt::list::tests::new_empty,consistent,success,success
arc-swap-1.9.1,debt::tests::arc_zst,consistent,success,success
arc-swap-1.9.1,default::load_parallel_small,consistent,success,success
arc-swap-1.9.1,default::selection,consistent,success,success
arc-swap-1.9.1,default::storm_link_list_small,consistent,success,success
arc-swap-1.9.1,default::storm_unroll_small,consistent,success,success
arc-swap-1.9.1,independent::load_parallel_small,consistent,success,success
arc-swap-1.9.1,independent::selection,consistent,success,success
arc-swap-1.9.1,independent::storm_link_list_small,consistent,success,success
arc-swap-1.9.1,independent::storm_unroll_small,consistent,success,success
arc-swap-1.9.1,ref_cnt::tests::pin::ref_cnt_pin_arc,consistent,success,success
arc-swap-1.9.1,ref_cnt::tests::pin::ref_cnt_pin_rc,consistent,success,success
arc-swap-1.9.1,ref_cnt::tests::ref_cnt_arc,consistent,success,success
arc-swap-1.9.1,tests::lease_overflow,consistent,success,success
arc-swap-1.9.1,tests::load_cnt,consistent,success,success
arc-swap-1.9.1,tests_default::cas_ref_cnt,consistent,success,success
arc-swap-1.9.1,tests_default::debug_impl,consistent,success,success
arc-swap-1.9.1,tests_default::display_impl,consistent,success,success
arc-swap-1.9.1,tests_default::from_into,consistent,success,success
arc-swap-1.9.1,tests_default::guard_drop_in_another_thread,consistent,success,success
arc-swap-1.9.1,tests_default::guard_drop_in_thread,consistent,success,success
arc-swap-1.9.1,tests_default::load_null,consistent,success,success
arc-swap-1.9.1,tests_default::load_option,consistent,success,success
arc-swap-1.9.1,tests_default::multi_writers,consistent,success,success
arc-swap-1.9.1,tests_default::nulls,consistent,success,success
arc-swap-1.9.1,tests_default::rcu,consistent,success,success
arc-swap-1.9.1,tests_default::rcu_panic,consistent,success,success
arc-swap-1.9.1,tests_default::recursive,consistent,success,success
arc-swap-1.9.1,tests_default::swap_load,consistent,success,success
arc-swap-1.9.1,default::ops,consistent,success,success
arc-swap-1.9.1,independent::ops,consistent,success,success
arrayvec-0.7.6,allow_max_capacity_arrayvec_type,consistent,success,success
arrayvec-0.7.6,array_clone_from,consistent,success,success
arrayvec-0.7.6,char::test_encode_utf8_oob,consistent,success,success
arrayvec-0.7.6,deny_max_capacity_arrayvec_value,consistent,success,success
arrayvec-0.7.6,deny_max_capacity_arrayvec_value_const,consistent,success,success
arrayvec-0.7.6,test_arraystring_const_constructible,consistent,success,success
arrayvec-0.7.6,test_arraystring_zero_filled_has_some_sanity_checks,consistent,success,success
arrayvec-0.7.6,test_arrayvec_const_constructible,consistent,success,success
arrayvec-0.7.6,test_capacity_left,consistent,success,success
arrayvec-0.7.6,test_compact_size,consistent,success,success
arrayvec-0.7.6,test_default,consistent,success,success
arrayvec-0.7.6,test_drain,consistent,success,success
arrayvec-0.7.6,test_drain_oob,consistent,success,success
arrayvec-0.7.6,test_drain_range_inclusive,consistent,success,success
arrayvec-0.7.6,test_drain_range_inclusive_oob,consistent,success,success
arrayvec-0.7.6,test_drop,consistent,success,success
arrayvec-0.7.6,test_drop_in_insert,consistent,success,success
arrayvec-0.7.6,test_drop_panic,consistent,success,success
arrayvec-0.7.6,test_drop_panic_into_iter,consistent,success,success
arrayvec-0.7.6,test_drop_panics,consistent,success,success
arrayvec-0.7.6,test_extend,consistent,success,success
arrayvec-0.7.6,test_extend_capacity_panic_1,consistent,success,success
arrayvec-0.7.6,test_extend_capacity_panic_2,consistent,success,success
arrayvec-0.7.6,test_extend_from_slice,consistent,success,success
arrayvec-0.7.6,test_extend_from_slice_error,consistent,success,success
arrayvec-0.7.6,test_extend_zst,consistent,success,success
arrayvec-0.7.6,test_insert,consistent,success,success
arrayvec-0.7.6,test_insert_at_length,consistent,success,success
arrayvec-0.7.6,test_insert_out_of_bounds,consistent,success,success
arrayvec-0.7.6,test_into_inner_1,consistent,success,success
arrayvec-0.7.6,test_into_inner_2,consistent,success,success
arrayvec-0.7.6,test_into_inner_3,consistent,success,success
arrayvec-0.7.6,test_is_send_sync,consistent,success,success
arrayvec-0.7.6,test_iter,consistent,success,success
arrayvec-0.7.6,test_pop_at,consistent,success,success
arrayvec-0.7.6,test_retain,consistent,success,success
arrayvec-0.7.6,test_simple,consistent,success,success
arrayvec-0.7.6,test_sizes,consistent,success,success
arrayvec-0.7.6,test_still_works_with_option_arrayvec,consistent,success,success
arrayvec-0.7.6,test_string,consistent,success,success
arrayvec-0.7.6,test_string_clone,consistent,success,success
arrayvec-0.7.6,test_string_from,consistent,success,success
arrayvec-0.7.6,test_string_from_bytes,consistent,success,success
arrayvec-0.7.6,test_string_parse_from_str,consistent,success,success
arrayvec-0.7.6,test_string_push,consistent,success,success
arrayvec-0.7.6,test_take,consistent,success,success
arrayvec-0.7.6,test_try_from_argument,consistent,success,success
arrayvec-0.7.6,test_try_from_slice_error,consistent,success,success
arrayvec-0.7.6,test_u16_index,consistent,success,success
arrayvec-0.7.6,test_write,consistent,success,success
async-lock-3.4.2,add_permits,consistent,success,success
async-lock-3.4.2,add_permits_2,consistent,success,success
async-lock-3.4.2,arc_rwlock_refcounts,consistent,success,success
async-lock-3.4.2,as_mutex,consistent,success,success
async-lock-3.4.2,cancellation,consistent,success,success
async-lock-3.4.2,contention,consistent,success,success
async-lock-3.4.2,get_mut,consistent,success,success
async-lock-3.4.2,into_inner,consistent,success,success
async-lock-3.4.2,into_inner_and_drop,consistent,success,success
async-lock-3.4.2,lifetime,consistent,success,success
async-lock-3.4.2,multi_resource,consistent,success,success
async-lock-3.4.2,not_upgrade,consistent,success,success
async-lock-3.4.2,not_upgrade_arc,consistent,success,success
async-lock-3.4.2,smoke,consistent,success,success
async-lock-3.4.2,smoke_arc_blocking,consistent,success,success
async-lock-3.4.2,smoke_blocking,consistent,success,success
async-lock-3.4.2,stress,consistent,success,success
async-lock-3.4.2,try_acquire,consistent,success,success
async-lock-3.4.2,try_lock,consistent,success,success
async-lock-3.4.2,try_write,consistent,success,success
async-lock-3.4.2,upgradable_with_concurrent_writer,consistent,success,success
async-lock-3.4.2,upgradable_with_concurrent_writer_arc,consistent,success,success
async-lock-3.4.2,upgrade,consistent,success,success
async-lock-3.4.2,upgrade_arc,consistent,success,success
async-lock-3.4.2,writer_and_readers,consistent,success,success
async-lock-3.4.2,writer_and_readers_arc,consistent,success,success
async-lock-3.4.2,yields_when_contended,consistent,success,success
async-lock-3.4.2,yields_when_contended_arc,consistent,success,success
async-trait-0.1.89,drop_order::test_drop_order,consistent,success,success
async-trait-0.1.89,issue199::test,consistent,success,success
async-trait-0.1.89,issue45::tracing,consistent,success,success
async-trait-0.1.89,issue57::test,consistent,success,success
atomic-waker-1.1.2,basic,consistent,success,success
base16ct-1.0.0,hex_display_lower,consistent,success,success
base16ct-1.0.0,hex_display_upper,consistent,success,success
base16ct-1.0.0,lower_decode,consistent,success,success
base16ct-1.0.0,lower_encode,consistent,success,success
base16ct-1.0.0,lower_reject_odd_size_input,consistent,success,success
base16ct-1.0.0,mixed_decode,consistent,success,success
base16ct-1.0.0,mixed_reject_odd_size_input,consistent,success,success
base16ct-1.0.0,upper_decode,consistent,success,success
base16ct-1.0.0,upper_encode,consistent,success,success
base16ct-1.0.0,upper_reject_odd_size_input,consistent,success,success
base64ct-1.8.3,decode_test_vectors,consistent,success,success
base64ct-1.8.3,decoder::tests::decode_multiline_padded,consistent,success,success
base64ct-1.8.3,decoder::tests::decode_padded,consistent,success,success
base64ct-1.8.3,decoder::tests::decode_unpadded,consistent,success,success
base64ct-1.8.3,encode_and_decode_various_lengths,consistent,success,success
base64ct-1.8.3,encode_test_vectors,consistent,success,success
base64ct-1.8.3,encoder::tests::encode_padded,consistent,success,success
base64ct-1.8.3,encoder::tests::encode_unpadded,consistent,success,success
base64ct-1.8.3,encoder::tests::no_trailing_newline_when_aligned,consistent,success,success
base64ct-1.8.3,padded::decode_test_vectors,consistent,success,success
base64ct-1.8.3,padded::encode_and_decode_various_lengths,consistent,success,success
base64ct-1.8.3,padded::encode_test_vectors,consistent,success,success
base64ct-1.8.3,padded::reject_invalid_padding,consistent,success,success
base64ct-1.8.3,padded::reject_trailing_whitespace,consistent,success,success
base64ct-1.8.3,reject_non_canonical_encoding,consistent,success,success
base64ct-1.8.3,reject_trailing_equals,consistent,success,success
base64ct-1.8.3,reject_trailing_whitespace,consistent,success,success
base64ct-1.8.3,unpadded::decode_test_vectors,consistent,success,success
base64ct-1.8.3,unpadded::encode_and_decode_various_lengths,consistent,success,success
base64ct-1.8.3,unpadded::encode_test_vectors,consistent,success,success
base64ct-1.8.3,unpadded::reject_non_canonical_encoding,consistent,success,success
base64ct-1.8.3,unpadded::reject_trailing_whitespace,consistent,success,success
base64ct-1.8.3,unpadded::unpadded_reject_trailing_equals,consistent,success,success
base64ct-1.8.3,unpadded_reject_trailing_equals,consistent,success,success
base64ct-1.8.3,encoder::tests::encode_multiline_unpadded,consistent,success,success
base64ct-1.8.3,decoder::tests::decode_multiline_unpadded,consistent,success,success
base64ct-1.8.3,encoder::tests::encode_multiline_padded,consistent,success,success
bincode-2.0.1,decode_error_size,consistent,success,success
bincode-2.0.1,decode_with_context,consistent,success,success
bincode-2.0.1,encode_error_size,consistent,success,success
bincode-2.0.1,features::impl_alloc::test_cow_round_trip,consistent,success,success
bincode-2.0.1,issue_431::test,consistent,success,success
bincode-2.0.1,issue_459::test_issue_459,consistent,success,success
bincode-2.0.1,issue_467::test_issue_467,consistent,success,success
bincode-2.0.1,issue_498::test_issue_498,consistent,success,success
bincode-2.0.1,test_alloc_commons,consistent,success,success
bincode-2.0.1,test_arc_str,consistent,success,success
bincode-2.0.1,test_array,consistent,success,success
bincode-2.0.1,test_atomic_commons,consistent,success,success
bincode-2.0.1,test_c_style_enum,consistent,success,success
bincode-2.0.1,test_container_limits,consistent,success,success
bincode-2.0.1,test_decode,consistent,success,success
bincode-2.0.1,test_decode_borrow_str_in_array,consistent,success,success
bincode-2.0.1,test_decode_borrowed_enum_struct_variant,consistent,success,success
bincode-2.0.1,test_decode_borrowed_enum_tuple_variant,consistent,success,success
bincode-2.0.1,test_decode_borrowed_enum_unit_variant,consistent,success,success
bincode-2.0.1,test_decode_enum_struct_variant,consistent,success,success
bincode-2.0.1,test_decode_enum_tuple_variant,consistent,success,success
bincode-2.0.1,test_decode_enum_unit_variant,consistent,success,success
bincode-2.0.1,test_decode_tuple,consistent,success,success
bincode-2.0.1,test_duration_out_of_range,consistent,success,success
bincode-2.0.1,test_duration_wrapping,consistent,success,success
bincode-2.0.1,test_empty_enum_decode,consistent,success,success
bincode-2.0.1,test_encode,consistent,success,success
bincode-2.0.1,test_encode_borrowed_enum_struct_variant,consistent,success,success
bincode-2.0.1,test_encode_borrowed_enum_tuple_variant,consistent,success,success
bincode-2.0.1,test_encode_borrowed_enum_unit_variant,consistent,success,success
bincode-2.0.1,test_encode_decode_str,consistent,success,success
bincode-2.0.1,test_encode_enum_struct_variant,consistent,success,success
bincode-2.0.1,test_encode_enum_tuple_variant,consistent,success,success
bincode-2.0.1,test_encode_enum_unit_variant,consistent,success,success
bincode-2.0.1,test_encode_tuple,consistent,success,success
bincode-2.0.1,test_enum_with_generics_roundtrip,consistent,success,success
bincode-2.0.1,test_macro_newtype,consistent,success,success
bincode-2.0.1,test_option_slice,consistent,success,success
bincode-2.0.1,test_option_str,consistent,success,success
bincode-2.0.1,test_refcell_already_borrowed,consistent,success,success
bincode-2.0.1,test_slice,consistent,success,success
bincode-2.0.1,test_std_commons,consistent,success,success
bincode-2.0.1,test_std_cursor,consistent,success,success
bincode-2.0.1,test_str,consistent,success,success
bincode-2.0.1,test_system_time_out_of_range,consistent,success,success
bincode-2.0.1,test_vec,consistent,success,success
bincode-2.0.1,varint::decode_unsigned::test_decode_u128,consistent,success,success
bincode-2.0.1,varint::decode_unsigned::test_decode_u16,consistent,success,success
bincode-2.0.1,varint::decode_unsigned::test_decode_u32,consistent,success,success
bincode-2.0.1,varint::decode_unsigned::test_decode_u64,consistent,success,success
bincode-2.0.1,varint::encode_signed::test_encode_i128,consistent,success,success
bincode-2.0.1,varint::encode_signed::test_encode_i16,consistent,success,success
bincode-2.0.1,varint::encode_signed::test_encode_i32,consistent,success,success
bincode-2.0.1,varint::encode_signed::test_encode_i64,consistent,success,success
bincode-2.0.1,varint::encode_unsigned::test_encode_u128,consistent,success,success
bincode-2.0.1,varint::encode_unsigned::test_encode_u16,consistent,success,success
bincode-2.0.1,varint::encode_unsigned::test_encode_u32,consistent,success,success
bincode-2.0.1,varint::encode_unsigned::test_encode_u64,consistent,success,success
bincode-2.0.1,zoxide::test,consistent,success,success
bincode-2.0.1,test_numbers,consistent,success,success
bindgen-0.72.1,codegen::bitfield_unit_tests::bitfield_unit_get,consistent,success,success
bindgen-0.72.1,codegen::bitfield_unit_tests::bitfield_unit_get_bit,consistent,success,success
bindgen-0.72.1,codegen::bitfield_unit_tests::bitfield_unit_set,consistent,success,success
bindgen-0.72.1,codegen::bitfield_unit_tests::bitfield_unit_set_bit,consistent,success,success
bindgen-0.72.1,codegen::struct_layout::test_align_to,consistent,success,success
bindgen-0.72.1,codegen::struct_layout::test_bytes_from_bits_pow2,consistent,success,success
bindgen-0.72.1,commandline_flag_unit_test_function,consistent,success,success
bindgen-0.72.1,deps::tests::escaping_depfile,consistent,success,success
bindgen-0.72.1,features::test::invalid_targets,consistent,success,success
bindgen-0.72.1,features::test::release_versions_for_editions,consistent,success,success
bindgen-0.72.1,features::test::target_features,consistent,success,success
bindgen-0.72.1,features::test::valid_targets,consistent,success,success
bindgen-0.72.1,ir::analysis::tests::monotone,consistent,success,success
bindgen-0.72.1,ir::comment::test::picks_up_single_and_multi_line_doc_comments,consistent,success,success
bindgen-0.72.1,ir::comment::test::processes_multi_lines_correctly,consistent,success,success
bindgen-0.72.1,ir::comment::test::processes_single_lines_correctly,consistent,success,success
bindgen-0.72.1,ir::layout::test_layout_for_size,consistent,success,success
bindgen-0.72.1,ir::ty::is_invalid_type_param_empty_name,consistent,success,success
bindgen-0.72.1,ir::ty::is_invalid_type_param_invalid_remaining,consistent,success,success
bindgen-0.72.1,ir::ty::is_invalid_type_param_invalid_start,consistent,success,success
bindgen-0.72.1,ir::ty::is_invalid_type_param_unnamed,consistent,success,success
bindgen-0.72.1,ir::ty::is_invalid_type_param_valid,consistent,success,success
bindgen-0.72.1,ir::ty::is_invalid_type_param_valid_underscore_and_numbers,consistent,success,success
bindgen-0.72.1,ir::ty::is_invalid_type_param_valid_unnamed_kind,consistent,success,success
bindgen-0.72.1,test_rust_to_clang_target,consistent,success,success
bindgen-0.72.1,test_rust_to_clang_target_espidf,consistent,success,success
bindgen-0.72.1,test_rust_to_clang_target_riscv,consistent,success,success
bindgen-0.72.1,test_rust_to_clang_target_simulator,consistent,success,success
bit-set-0.10.0,tests::test_bit_set_basic,consistent,success,success
bit-set-0.10.0,tests::test_bit_set_cmp,consistent,success,success
bit-set-0.10.0,tests::test_bit_set_debug,consistent,success,success
bit-set-0.10.0,tests::test_bit_set_difference,consistent,success,success
bit-set-0.10.0,tests::test_bit_set_difference_with,consistent,success,success
bit-set-0.10.0,tests::test_bit_set_display,consistent,success,success
bit-set-0.10.0,tests::test_bit_set_eq,consistent,success,success
bit-set-0.10.0,tests::test_bit_set_from_usizes,consistent,success,success
bit-set-0.10.0,tests::test_bit_set_frombit_vec_init,consistent,success,success
bit-set-0.10.0,tests::test_bit_set_intersect_with,consistent,success,success
bit-set-0.10.0,tests::test_bit_set_intersection,consistent,success,success
bit-set-0.10.0,tests::test_bit_set_is_disjoint,consistent,success,success
bit-set-0.10.0,tests::test_bit_set_iterator,consistent,success,success
bit-set-0.10.0,tests::test_bit_set_shrink_to_fit,consistent,success,success
bit-set-0.10.0,tests::test_bit_set_shrink_to_fit_new,consistent,success,success
bit-set-0.10.0,tests::test_bit_set_subset,consistent,success,success
bit-set-0.10.0,tests::test_bit_set_symmetric_difference,consistent,success,success
bit-set-0.10.0,tests::test_bit_set_symmetric_difference_with,consistent,success,success
bit-set-0.10.0,tests::test_bit_set_union,consistent,success,success
bit-set-0.10.0,tests::test_bit_set_union_with,consistent,success,success
bit-set-0.10.0,tests::test_bit_vec_clone,consistent,success,success
bit-set-0.10.0,tests::test_bit_vec_masking,consistent,success,success
bit-set-0.10.0,tests::test_bit_vec_remove,consistent,success,success
bit-set-0.10.0,tests::test_truncate,consistent,success,success
bit-vec-0.9.1,tests::iter,consistent,success,success
bit-vec-0.9.1,tests::test_0_elements,consistent,success,success
bit-vec-0.9.1,tests::test_10_elements,consistent,success,success
bit-vec-0.9.1,tests::test_1_element,consistent,success,success
bit-vec-0.9.1,tests::test_2_elements,consistent,success,success
bit-vec-0.9.1,tests::test_31_elements,consistent,success,success
bit-vec-0.9.1,tests::test_32_elements,consistent,success,success
bit-vec-0.9.1,tests::test_33_elements,consistent,success,success
bit-vec-0.9.1,tests::test_big_bit_vec_tests,consistent,success,success
bit-vec-0.9.1,tests::test_big_difference,consistent,success,success
bit-vec-0.9.1,tests::test_big_fill,consistent,success,success
bit-vec-0.9.1,tests::test_big_xnor,consistent,success,success
bit-vec-0.9.1,tests::test_big_xor,consistent,success,success
bit-vec-0.9.1,tests::test_bit_vec_append,consistent,success,success
bit-vec-0.9.1,tests::test_bit_vec_append_aligned_to_unaligned,consistent,success,success
bit-vec-0.9.1,tests::test_bit_vec_extend,consistent,success,success
bit-vec-0.9.1,tests::test_bit_vec_grow,consistent,success,success
bit-vec-0.9.1,tests::test_bit_vec_lt,consistent,success,success
bit-vec-0.9.1,tests::test_bit_vec_push_pop,consistent,success,success
bit-vec-0.9.1,tests::test_bit_vec_reserve,consistent,success,success
bit-vec-0.9.1,tests::test_bit_vec_split_off,consistent,success,success
bit-vec-0.9.1,tests::test_bit_vec_truncate,consistent,success,success
bit-vec-0.9.1,tests::test_bit_vec_unaligned_large_append,consistent,success,success
bit-vec-0.9.1,tests::test_bit_vec_unaligned_small_append,consistent,success,success
bit-vec-0.9.1,tests::test_count_ones,consistent,success,success
bit-vec-0.9.1,tests::test_count_zeros,consistent,success,success
bit-vec-0.9.1,tests::test_debug_output,consistent,success,success
bit-vec-0.9.1,tests::test_display_output,consistent,success,success
bit-vec-0.9.1,tests::test_equal_differing_sizes,consistent,success,success
bit-vec-0.9.1,tests::test_equal_greatly_differing_sizes,consistent,success,success
bit-vec-0.9.1,tests::test_equal_sneaky_big,consistent,success,success
bit-vec-0.9.1,tests::test_equal_sneaky_small,consistent,success,success
bit-vec-0.9.1,tests::test_from_bools,consistent,success,success
bit-vec-0.9.1,tests::test_from_bytes,consistent,success,success
bit-vec-0.9.1,tests::test_get_mut,consistent,success,success
bit-vec-0.9.1,tests::test_insert_at_block_boundaries,consistent,success,success
bit-vec-0.9.1,tests::test_insert_at_block_boundaries_1,consistent,success,success
bit-vec-0.9.1,tests::test_insert_at_end,consistent,success,success
bit-vec-0.9.1,tests::test_insert_at_zero,consistent,success,success
bit-vec-0.9.1,tests::test_insert_remove,consistent,success,success
bit-vec-0.9.1,tests::test_into_iter,consistent,success,success
bit-vec-0.9.1,tests::test_iter_mut,consistent,success,success
bit-vec-0.9.1,tests::test_ord,consistent,success,success
bit-vec-0.9.1,tests::test_push_within_capacity_at_brink,consistent,success,success
bit-vec-0.9.1,tests::test_push_within_capacity_at_brink_with_mul_blocks,consistent,success,success
bit-vec-0.9.1,tests::test_push_within_capacity_storage_push,consistent,success,success
bit-vec-0.9.1,tests::test_push_within_capacity_with_suffice_cap,consistent,success,success
bit-vec-0.9.1,tests::test_remove_all,consistent,success,success
bit-vec-0.9.1,tests::test_remove_last,consistent,success,success
bit-vec-0.9.1,tests::test_small_bit_vec_tests,consistent,success,success
bit-vec-0.9.1,tests::test_small_difference,consistent,success,success
bit-vec-0.9.1,tests::test_small_fill,consistent,success,success
bit-vec-0.9.1,tests::test_small_nand,consistent,success,success
bit-vec-0.9.1,tests::test_small_nor,consistent,success,success
bit-vec-0.9.1,tests::test_small_xnor,consistent,success,success
bit-vec-0.9.1,tests::test_small_xor,consistent,success,success
bit-vec-0.9.1,tests::test_to_bools,consistent,success,success
bit-vec-0.9.1,tests::test_to_bytes,consistent,success,success
bit-vec-0.9.1,tests::test_bit_vec_iterator,consistent,success,success
block-buffer-0.12.0,test_eager_digest_pad,consistent,success,success
block-buffer-0.12.0,test_eager_paddings,consistent,success,success
block-buffer-0.12.0,test_eager_serialize,consistent,success,success
block-buffer-0.12.0,test_lazy_digest_pad,consistent,success,success
block-buffer-0.12.0,test_lazy_serialize,consistent,success,success
block-buffer-0.12.0,test_read,consistent,success,success
block-buffer-0.12.0,test_read_serialize,consistent,success,success
block-buffer-0.12.0,test_try_new,consistent,success,success
brotli-8.0.3,concat::test::test_cat_empty_stream,consistent,success,success
brotli-8.0.3,concat::test::test_deserialization,consistent,success,success
brotli-8.0.3,concat::test::test_deserialization_any_written,consistent,success,success
brotli-8.0.3,concat::test::test_new_with_window_size_valid,consistent,success,success
brotli-8.0.3,concat::test::test_serialization,consistent,success,success
brotli-8.0.3,concat::test::test_try_new_with_window_size_invalid_returns_error,consistent,success,success
brotli-8.0.3,enc::backward_references::test::test_bulk_store_range_pow2,consistent,success,success
brotli-8.0.3,enc::brotli_bit_stream::test::test_encode_base_128,consistent,success,success
brotli-8.0.3,enc::command::test::test_command_return_distance_index_offset,consistent,success,success
brotli-8.0.3,enc::encode::test::test_encoder_compress,consistent,test_failed,test_failed
brotli-8.0.3,enc::interface::test::test_u8_to_speed,consistent,success,success
brotli-8.0.3,enc::static_dict::test::test_find_match_length,consistent,test_failed,test_failed
brotli-8.0.3,enc::test::test_compress_into_short_buffer,consistent,success,success
brotli-8.0.3,enc::test::test_roundtrip_10x10y,consistent,success,success
brotli-8.0.3,enc::test::test_roundtrip_64x,consistent,success,success
brotli-8.0.3,integration_tests::test_alice29,consistent,test_failed,test_failed
brotli-8.0.3,integration_tests::test_as_you_like_it,consistent,success,success
brotli-8.0.3,enc::backward_references::test::test_bulk_store_range,consistent,success,success
brotli-8.0.3,enc::backward_references::test::test_bulk_store_range_off_spec,consistent,success,success
brotli-8.0.3,integration_tests::test_compressed_repeated,consistent,success,success
brotli-8.0.3,integration_tests::test_empty18,consistent,success,success
brotli-8.0.3,integration_tests::test_empty17,consistent,success,success
brotli-8.0.3,enc::test::test_roundtrip_monkey,consistent,success,success
brotli-8.0.3,enc::test::test_roundtrip_aaabaaaa,incomplete,,test_failed
brotli-decompressor-5.0.1,bit_reader::tests::bit_read_tests,incomplete,success,
brotli-decompressor-5.0.1,bit_reader::tests::const_fill_bit_window_tests,incomplete,success,
brotli-decompressor-5.0.1,bit_reader::tests::safe_read_tests,incomplete,success,
brotli-decompressor-5.0.1,bit_reader::tests::warmup_errcheck,incomplete,success,
brotli-decompressor-5.0.1,bit_reader::tests::warmup_works,incomplete,success,
brotli-decompressor-5.0.1,error_handling_tests::test_padding_2_rejection,incomplete,success,
brotli-decompressor-5.0.1,error_handling_tests::test_would_block,incomplete,success,
brotli-decompressor-5.0.1,error_handling_tests::would_block_more,incomplete,success,
brotli-decompressor-5.0.1,huffman::tests::code_length_ht,incomplete,success,
brotli-decompressor-5.0.1,huffman::tests::code_length_single_value_ht,incomplete,success,
brotli-decompressor-5.0.1,huffman::tests::code_length_stringy_ht,incomplete,success,
brotli-decompressor-5.0.1,huffman::tests::complex,incomplete,success,
brotli-decompressor-5.0.1,huffman::tests::multilevel,incomplete,success,
brotli-decompressor-5.0.1,huffman::tests::simple_0,incomplete,success,
brotli-decompressor-5.0.1,huffman::tests::simple_1,incomplete,success,
brotli-decompressor-5.0.1,huffman::tests::simple_2,incomplete,success,
brotli-decompressor-5.0.1,huffman::tests::simple_3,incomplete,success,
brotli-decompressor-5.0.1,huffman::tests::simple_4,incomplete,success,
brotli-decompressor-5.0.1,huffman::tests::singlelevel,incomplete,success,
brotli-decompressor-5.0.1,integration_tests::test_broken_file,consistent,success,success
brotli-decompressor-5.0.1,tests::test_one_byte_copier,consistent,success,success
brotli-decompressor-5.0.1,integration_tests::test_writer_mapsdatazrh_truncated,consistent,success,success
brotli-decompressor-5.0.1,integration_tests::test_compressed_repeated,consistent,success,success
brotli-decompressor-5.0.1,integration_tests::test_empty18,consistent,success,success
brotli-decompressor-5.0.1,integration_tests::test_empty17,consistent,success,success
bumpalo-3.20.3,tests::allocated_bytes,consistent,success,success
bumpalo-3.20.3,tests::chunk_footer_is_five_words,consistent,success,success
bumpalo-3.20.3,tests::invalid_read,consistent,success,success
bumpalo-3.20.3,tests::realloc_old_size_zero,consistent,success,success
bumpalo-3.20.3,tests::test_realloc,consistent,success,success
bytemuck-1.25.0,test_all_nonzero,consistent,success,success
bytemuck-1.25.0,test_bool,consistent,success,success
bytemuck-1.25.0,test_bytes_of,consistent,success,success
bytemuck-1.25.0,test_cast_array,consistent,success,success
bytemuck-1.25.0,test_char,consistent,success,success
bytemuck-1.25.0,test_contiguous_doc,consistent,success,success
bytemuck-1.25.0,test_from_bytes,consistent,success,success
bytemuck-1.25.0,test_from_bytes_mut,consistent,success,success
bytemuck-1.25.0,test_offset_of_foo,consistent,success,success
bytemuck-1.25.0,test_offset_of_vertex,consistent,success,success
bytemuck-1.25.0,test_offsetof_nonpod,consistent,success,success
bytemuck-1.25.0,test_offsetof_vertex,consistent,success,success
bytemuck-1.25.0,test_panics,consistent,success,success
bytemuck-1.25.0,test_transparent_basic,consistent,success,success
bytemuck-1.25.0,test_transparent_slice,consistent,success,success
bytemuck-1.25.0,test_transparent_vtabled,consistent,success,success
bytemuck-1.25.0,test_transparent_wrapper,consistent,success,success
bytemuck-1.25.0,test_try_cast_slice,consistent,success,success
bytemuck-1.25.0,test_try_cast_slice_mut,consistent,success,success
bytemuck-1.25.0,test_try_from_bytes,consistent,success,success
bytemuck-1.25.0,test_try_from_bytes_mut,consistent,success,success
bytemuck-1.25.0,test_try_pod_read_unaligned,consistent,success,success
bytemuck-1.25.0,test_types,consistent,success,success
bytemuck-1.25.0,test_zsts,consistent,success,success
byteorder-1.5.0,test::regression173_array_impl,consistent,success,success
byteorder-1.5.0,test::slice_len_too_big_i128::read_big_endian,consistent,success,success
byteorder-1.5.0,test::slice_len_too_big_i128::read_little_endian,consistent,success,success
byteorder-1.5.0,test::slice_len_too_big_i128::read_native_endian,consistent,success,success
byteorder-1.5.0,test::slice_len_too_big_i128::write_big_endian,consistent,success,success
byteorder-1.5.0,test::slice_len_too_big_i128::write_little_endian,consistent,success,success
byteorder-1.5.0,test::slice_len_too_big_i128::write_native_endian,consistent,success,success
byteorder-1.5.0,test::slice_len_too_big_i16::read_big_endian,consistent,success,success
byteorder-1.5.0,test::slice_len_too_big_i16::read_little_endian,consistent,success,success
byteorder-1.5.0,test::slice_len_too_big_i16::read_native_endian,consistent,success,success
byteorder-1.5.0,test::slice_len_too_big_i16::write_big_endian,consistent,success,success
byteorder-1.5.0,test::slice_len_too_big_i16::write_little_endian,consistent,success,success
byteorder-1.5.0,test::slice_len_too_big_i16::write_native_endian,consistent,success,success
byteorder-1.5.0,test::slice_len_too_big_i32::read_big_endian,consistent,success,success
byteorder-1.5.0,test::slice_len_too_big_i32::read_little_endian,consistent,success,success
byteorder-1.5.0,test::slice_len_too_big_i32::read_native_endian,consistent,success,success
byteorder-1.5.0,test::slice_len_too_big_i32::write_big_endian,consistent,success,success
byteorder-1.5.0,test::slice_len_too_big_i32::write_little_endian,consistent,success,success
byteorder-1.5.0,test::slice_len_too_big_i32::write_native_endian,consistent,success,success
byteorder-1.5.0,test::slice_len_too_big_i64::read_big_endian,consistent,success,success
byteorder-1.5.0,test::slice_len_too_big_i64::read_little_endian,consistent,success,success
byteorder-1.5.0,test::slice_len_too_big_i64::read_native_endian,consistent,success,success
byteorder-1.5.0,test::slice_len_too_big_i64::write_big_endian,consistent,success,success
byteorder-1.5.0,test::slice_len_too_big_i64::write_little_endian,consistent,success,success
byteorder-1.5.0,test::slice_len_too_big_i64::write_native_endian,consistent,success,success
byteorder-1.5.0,test::slice_len_too_big_u128::read_big_endian,consistent,success,success
byteorder-1.5.0,test::slice_len_too_big_u128::read_little_endian,consistent,success,success
byteorder-1.5.0,test::slice_len_too_big_u128::read_native_endian,consistent,success,success
byteorder-1.5.0,test::slice_len_too_big_u128::write_big_endian,consistent,success,success
byteorder-1.5.0,test::slice_len_too_big_u128::write_little_endian,consistent,success,success
byteorder-1.5.0,test::slice_len_too_big_u128::write_native_endian,consistent,success,success
byteorder-1.5.0,test::slice_len_too_big_u16::read_big_endian,consistent,success,success
byteorder-1.5.0,test::slice_len_too_big_u16::read_little_endian,consistent,success,success
byteorder-1.5.0,test::slice_len_too_big_u16::read_native_endian,consistent,success,success
byteorder-1.5.0,test::slice_len_too_big_u16::write_big_endian,consistent,success,success
byteorder-1.5.0,test::slice_len_too_big_u16::write_little_endian,consistent,success,success
byteorder-1.5.0,test::slice_len_too_big_u16::write_native_endian,consistent,success,success
byteorder-1.5.0,test::slice_len_too_big_u32::read_big_endian,consistent,success,success
byteorder-1.5.0,test::slice_len_too_big_u32::read_little_endian,consistent,success,success
byteorder-1.5.0,test::slice_len_too_big_u32::read_native_endian,consistent,success,success
byteorder-1.5.0,test::slice_len_too_big_u32::write_big_endian,consistent,success,success
byteorder-1.5.0,test::slice_len_too_big_u32::write_little_endian,consistent,success,success
byteorder-1.5.0,test::slice_len_too_big_u32::write_native_endian,consistent,success,success
byteorder-1.5.0,test::slice_len_too_big_u64::read_big_endian,consistent,success,success
byteorder-1.5.0,test::slice_len_too_big_u64::read_little_endian,consistent,success,success
byteorder-1.5.0,test::slice_len_too_big_u64::read_native_endian,consistent,success,success
byteorder-1.5.0,test::slice_len_too_big_u64::write_big_endian,consistent,success,success
byteorder-1.5.0,test::slice_len_too_big_u64::write_little_endian,consistent,success,success
byteorder-1.5.0,test::slice_len_too_big_u64::write_native_endian,consistent,success,success
byteorder-1.5.0,test::slice_len_too_small_i128::read_big_endian,consistent,success,success
byteorder-1.5.0,test::slice_len_too_small_i128::read_little_endian,consistent,success,success
byteorder-1.5.0,test::slice_len_too_small_i128::read_native_endian,consistent,success,success
byteorder-1.5.0,test::slice_len_too_small_i128::write_big_endian,consistent,success,success
byteorder-1.5.0,test::slice_len_too_small_i128::write_little_endian,consistent,success,success
byteorder-1.5.0,test::slice_len_too_small_i128::write_native_endian,consistent,success,success
byteorder-1.5.0,test::slice_len_too_small_i16::read_big_endian,consistent,success,success
byteorder-1.5.0,test::slice_len_too_small_i16::read_little_endian,consistent,success,success
byteorder-1.5.0,test::slice_len_too_small_i16::read_native_endian,consistent,success,success
byteorder-1.5.0,test::slice_len_too_small_i16::write_big_endian,consistent,success,success
byteorder-1.5.0,test::slice_len_too_small_i16::write_little_endian,consistent,success,success
byteorder-1.5.0,test::slice_len_too_small_i16::write_native_endian,consistent,success,success
byteorder-1.5.0,test::slice_len_too_small_i32::read_big_endian,consistent,success,success
byteorder-1.5.0,test::slice_len_too_small_i32::read_little_endian,consistent,success,success
byteorder-1.5.0,test::slice_len_too_small_i32::read_native_endian,consistent,success,success
byteorder-1.5.0,test::slice_len_too_small_i32::write_big_endian,consistent,success,success
byteorder-1.5.0,test::slice_len_too_small_i32::write_little_endian,consistent,success,success
byteorder-1.5.0,test::slice_len_too_small_i32::write_native_endian,consistent,success,success
byteorder-1.5.0,test::slice_len_too_small_i64::read_big_endian,consistent,success,success
byteorder-1.5.0,test::slice_len_too_small_i64::read_little_endian,consistent,success,success
byteorder-1.5.0,test::slice_len_too_small_i64::read_native_endian,consistent,success,success
byteorder-1.5.0,test::slice_len_too_small_i64::write_big_endian,consistent,success,success
byteorder-1.5.0,test::slice_len_too_small_i64::write_little_endian,consistent,success,success
byteorder-1.5.0,test::slice_len_too_small_i64::write_native_endian,consistent,success,success
byteorder-1.5.0,test::slice_len_too_small_u128::read_big_endian,consistent,success,success
byteorder-1.5.0,test::slice_len_too_small_u128::read_little_endian,consistent,success,success
byteorder-1.5.0,test::slice_len_too_small_u128::read_native_endian,consistent,success,success
byteorder-1.5.0,test::slice_len_too_small_u128::write_big_endian,consistent,success,success
byteorder-1.5.0,test::slice_len_too_small_u128::write_little_endian,consistent,success,success
byteorder-1.5.0,test::slice_len_too_small_u128::write_native_endian,consistent,success,success
byteorder-1.5.0,test::slice_len_too_small_u16::read_big_endian,consistent,success,success
byteorder-1.5.0,test::slice_len_too_small_u16::read_little_endian,consistent,success,success
byteorder-1.5.0,test::slice_len_too_small_u16::read_native_endian,consistent,success,success
byteorder-1.5.0,test::slice_len_too_small_u16::write_big_endian,consistent,success,success
byteorder-1.5.0,test::slice_len_too_small_u16::write_little_endian,consistent,success,success
byteorder-1.5.0,test::slice_len_too_small_u16::write_native_endian,consistent,success,success
byteorder-1.5.0,test::slice_len_too_small_u32::read_big_endian,consistent,success,success
byteorder-1.5.0,test::slice_len_too_small_u32::read_little_endian,consistent,success,success
byteorder-1.5.0,test::slice_len_too_small_u32::read_native_endian,consistent,success,success
byteorder-1.5.0,test::slice_len_too_small_u32::write_big_endian,consistent,success,success
byteorder-1.5.0,test::slice_len_too_small_u32::write_little_endian,consistent,success,success
byteorder-1.5.0,test::slice_len_too_small_u32::write_native_endian,consistent,success,success
byteorder-1.5.0,test::slice_len_too_small_u64::read_big_endian,consistent,success,success
byteorder-1.5.0,test::slice_len_too_small_u64::read_little_endian,consistent,success,success
byteorder-1.5.0,test::slice_len_too_small_u64::read_native_endian,consistent,success,success
byteorder-1.5.0,test::slice_len_too_small_u64::write_big_endian,consistent,success,success
byteorder-1.5.0,test::slice_len_too_small_u64::write_little_endian,consistent,success,success
byteorder-1.5.0,test::slice_len_too_small_u64::write_native_endian,consistent,success,success
byteorder-1.5.0,test::small_f32::read_big_endian,consistent,success,success
byteorder-1.5.0,test::small_f32::read_little_endian,consistent,success,success
byteorder-1.5.0,test::small_f32::read_native_endian,consistent,success,success
byteorder-1.5.0,test::small_f32::write_big_endian,consistent,success,success
byteorder-1.5.0,test::small_f32::write_little_endian,consistent,success,success
byteorder-1.5.0,test::small_f32::write_native_endian,consistent,success,success
byteorder-1.5.0,test::small_f64::read_big_endian,consistent,success,success
byteorder-1.5.0,test::small_f64::read_little_endian,consistent,success,success
byteorder-1.5.0,test::small_f64::read_native_endian,consistent,success,success
byteorder-1.5.0,test::small_f64::write_big_endian,consistent,success,success
byteorder-1.5.0,test::small_f64::write_little_endian,consistent,success,success
byteorder-1.5.0,test::small_f64::write_native_endian,consistent,success,success
byteorder-1.5.0,test::small_i128::read_big_endian,consistent,success,success
byteorder-1.5.0,test::small_i128::read_little_endian,consistent,success,success
byteorder-1.5.0,test::small_i128::read_native_endian,consistent,success,success
byteorder-1.5.0,test::small_i128::write_big_endian,consistent,success,success
byteorder-1.5.0,test::small_i128::write_little_endian,consistent,success,success
byteorder-1.5.0,test::small_i128::write_native_endian,consistent,success,success
byteorder-1.5.0,test::small_i16::read_big_endian,consistent,success,success
byteorder-1.5.0,test::small_i16::read_little_endian,consistent,success,success
byteorder-1.5.0,test::small_i16::read_native_endian,consistent,success,success
byteorder-1.5.0,test::small_i16::write_big_endian,consistent,success,success
byteorder-1.5.0,test::small_i16::write_little_endian,consistent,success,success
byteorder-1.5.0,test::small_i16::write_native_endian,consistent,success,success
byteorder-1.5.0,test::small_i32::read_big_endian,consistent,success,success
byteorder-1.5.0,test::small_i32::read_little_endian,consistent,success,success
byteorder-1.5.0,test::small_i32::read_native_endian,consistent,success,success
byteorder-1.5.0,test::small_i32::write_big_endian,consistent,success,success
byteorder-1.5.0,test::small_i32::write_little_endian,consistent,success,success
byteorder-1.5.0,test::small_i32::write_native_endian,consistent,success,success
byteorder-1.5.0,test::small_i64::read_big_endian,consistent,success,success
byteorder-1.5.0,test::small_i64::read_little_endian,consistent,success,success
byteorder-1.5.0,test::small_i64::read_native_endian,consistent,success,success
byteorder-1.5.0,test::small_i64::write_big_endian,consistent,success,success
byteorder-1.5.0,test::small_i64::write_little_endian,consistent,success,success
byteorder-1.5.0,test::small_i64::write_native_endian,consistent,success,success
byteorder-1.5.0,test::small_int128_10::read_big_endian,consistent,success,success
byteorder-1.5.0,test::small_int128_10::read_little_endian,consistent,success,success
byteorder-1.5.0,test::small_int128_10::read_native_endian,consistent,success,success
byteorder-1.5.0,test::small_int128_11::read_big_endian,consistent,success,success
byteorder-1.5.0,test::small_int128_11::read_little_endian,consistent,success,success
byteorder-1.5.0,test::small_int128_11::read_native_endian,consistent,success,success
byteorder-1.5.0,test::small_int128_12::read_big_endian,consistent,success,success
byteorder-1.5.0,test::small_int128_12::read_little_endian,consistent,success,success
byteorder-1.5.0,test::small_int128_12::read_native_endian,consistent,success,success
byteorder-1.5.0,test::small_int128_13::read_big_endian,consistent,success,success
byteorder-1.5.0,test::small_int128_13::read_little_endian,consistent,success,success
byteorder-1.5.0,test::small_int128_13::read_native_endian,consistent,success,success
byteorder-1.5.0,test::small_int128_14::read_big_endian,consistent,success,success
byteorder-1.5.0,test::small_int128_14::read_little_endian,consistent,success,success
byteorder-1.5.0,test::small_int128_14::read_native_endian,consistent,success,success
byteorder-1.5.0,test::small_int128_15::read_big_endian,consistent,success,success
byteorder-1.5.0,test::small_int128_15::read_little_endian,consistent,success,success
byteorder-1.5.0,test::small_int128_15::read_native_endian,consistent,success,success
byteorder-1.5.0,test::small_int128_1::read_big_endian,consistent,success,success
byteorder-1.5.0,test::small_int128_1::read_little_endian,consistent,success,success
byteorder-1.5.0,test::small_int128_1::read_native_endian,consistent,success,success
byteorder-1.5.0,test::small_int128_2::read_big_endian,consistent,success,success
byteorder-1.5.0,test::small_int128_2::read_little_endian,consistent,success,success
byteorder-1.5.0,test::small_int128_2::read_native_endian,consistent,success,success
byteorder-1.5.0,test::small_int128_3::read_big_endian,consistent,success,success
byteorder-1.5.0,test::small_int128_3::read_little_endian,consistent,success,success
byteorder-1.5.0,test::small_int128_3::read_native_endian,consistent,success,success
byteorder-1.5.0,test::small_int128_4::read_big_endian,consistent,success,success
byteorder-1.5.0,test::small_int128_4::read_little_endian,consistent,success,success
byteorder-1.5.0,test::small_int128_4::read_native_endian,consistent,success,success
byteorder-1.5.0,test::small_int128_5::read_big_endian,consistent,success,success
byteorder-1.5.0,test::small_int128_5::read_little_endian,consistent,success,success
byteorder-1.5.0,test::small_int128_5::read_native_endian,consistent,success,success
byteorder-1.5.0,test::small_int128_6::read_big_endian,consistent,success,success
byteorder-1.5.0,test::small_int128_6::read_little_endian,consistent,success,success
byteorder-1.5.0,test::small_int128_6::read_native_endian,consistent,success,success
byteorder-1.5.0,test::small_int128_7::read_big_endian,consistent,success,success
byteorder-1.5.0,test::small_int128_7::read_little_endian,consistent,success,success
byteorder-1.5.0,test::small_int128_7::read_native_endian,consistent,success,success
byteorder-1.5.0,test::small_int128_8::read_big_endian,consistent,success,success
byteorder-1.5.0,test::small_int128_8::read_little_endian,consistent,success,success
byteorder-1.5.0,test::small_int128_8::read_native_endian,consistent,success,success
byteorder-1.5.0,test::small_int128_9::read_big_endian,consistent,success,success
byteorder-1.5.0,test::small_int128_9::read_little_endian,consistent,success,success
byteorder-1.5.0,test::small_int128_9::read_native_endian,consistent,success,success
byteorder-1.5.0,test::small_int_1::read_big_endian,consistent,success,success
byteorder-1.5.0,test::small_int_1::read_little_endian,consistent,success,success
byteorder-1.5.0,test::small_int_1::read_native_endian,consistent,success,success
byteorder-1.5.0,test::small_int_2::read_big_endian,consistent,success,success
byteorder-1.5.0,test::small_int_2::read_little_endian,consistent,success,success
byteorder-1.5.0,test::small_int_2::read_native_endian,consistent,success,success
byteorder-1.5.0,test::small_int_3::read_big_endian,consistent,success,success
byteorder-1.5.0,test::small_int_3::read_little_endian,consistent,success,success
byteorder-1.5.0,test::small_int_3::read_native_endian,consistent,success,success
byteorder-1.5.0,test::small_int_4::read_big_endian,consistent,success,success
byteorder-1.5.0,test::small_int_4::read_little_endian,consistent,success,success
byteorder-1.5.0,test::small_int_4::read_native_endian,consistent,success,success
byteorder-1.5.0,test::small_int_5::read_big_endian,consistent,success,success
byteorder-1.5.0,test::small_int_5::read_little_endian,consistent,success,success
byteorder-1.5.0,test::small_int_5::read_native_endian,consistent,success,success
byteorder-1.5.0,test::small_int_6::read_big_endian,consistent,success,success
byteorder-1.5.0,test::small_int_6::read_little_endian,consistent,success,success
byteorder-1.5.0,test::small_int_6::read_native_endian,consistent,success,success
byteorder-1.5.0,test::small_int_7::read_big_endian,consistent,success,success
byteorder-1.5.0,test::small_int_7::read_little_endian,consistent,success,success
byteorder-1.5.0,test::small_int_7::read_native_endian,consistent,success,success
byteorder-1.5.0,test::small_u128::read_big_endian,consistent,success,success
byteorder-1.5.0,test::small_u128::read_little_endian,consistent,success,success
byteorder-1.5.0,test::small_u128::read_native_endian,consistent,success,success
byteorder-1.5.0,test::small_u128::write_big_endian,consistent,success,success
byteorder-1.5.0,test::small_u128::write_little_endian,consistent,success,success
byteorder-1.5.0,test::small_u128::write_native_endian,consistent,success,success
byteorder-1.5.0,test::small_u16::read_big_endian,consistent,success,success
byteorder-1.5.0,test::small_u16::read_little_endian,consistent,success,success
byteorder-1.5.0,test::small_u16::read_native_endian,consistent,success,success
byteorder-1.5.0,test::small_u16::write_big_endian,consistent,success,success
byteorder-1.5.0,test::small_u16::write_little_endian,consistent,success,success
byteorder-1.5.0,test::small_u16::write_native_endian,consistent,success,success
byteorder-1.5.0,test::small_u32::read_big_endian,consistent,success,success
byteorder-1.5.0,test::small_u32::read_little_endian,consistent,success,success
byteorder-1.5.0,test::small_u32::read_native_endian,consistent,success,success
byteorder-1.5.0,test::small_u32::write_big_endian,consistent,success,success
byteorder-1.5.0,test::small_u32::write_little_endian,consistent,success,success
byteorder-1.5.0,test::small_u32::write_native_endian,consistent,success,success
byteorder-1.5.0,test::small_u64::read_big_endian,consistent,success,success
byteorder-1.5.0,test::small_u64::read_little_endian,consistent,success,success
byteorder-1.5.0,test::small_u64::read_native_endian,consistent,success,success
byteorder-1.5.0,test::small_u64::write_big_endian,consistent,success,success
byteorder-1.5.0,test::small_u64::write_little_endian,consistent,success,success
byteorder-1.5.0,test::small_u64::write_native_endian,consistent,success,success
byteorder-1.5.0,test::small_uint128_10::read_big_endian,consistent,success,success
byteorder-1.5.0,test::small_uint128_10::read_little_endian,consistent,success,success
byteorder-1.5.0,test::small_uint128_10::read_native_endian,consistent,success,success
byteorder-1.5.0,test::small_uint128_11::read_big_endian,consistent,success,success
byteorder-1.5.0,test::small_uint128_11::read_little_endian,consistent,success,success
byteorder-1.5.0,test::small_uint128_11::read_native_endian,consistent,success,success
byteorder-1.5.0,test::small_uint128_12::read_big_endian,consistent,success,success
byteorder-1.5.0,test::small_uint128_12::read_little_endian,consistent,success,success
byteorder-1.5.0,test::small_uint128_12::read_native_endian,consistent,success,success
byteorder-1.5.0,test::small_uint128_13::read_big_endian,consistent,success,success
byteorder-1.5.0,test::small_uint128_13::read_little_endian,consistent,success,success
byteorder-1.5.0,test::small_uint128_13::read_native_endian,consistent,success,success
byteorder-1.5.0,test::small_uint128_14::read_big_endian,consistent,success,success
byteorder-1.5.0,test::small_uint128_14::read_little_endian,consistent,success,success
byteorder-1.5.0,test::small_uint128_14::read_native_endian,consistent,success,success
byteorder-1.5.0,test::small_uint128_15::read_big_endian,consistent,success,success
byteorder-1.5.0,test::small_uint128_15::read_little_endian,consistent,success,success
byteorder-1.5.0,test::small_uint128_15::read_native_endian,consistent,success,success
byteorder-1.5.0,test::small_uint128_1::read_big_endian,consistent,success,success
byteorder-1.5.0,test::small_uint128_1::read_little_endian,consistent,success,success
byteorder-1.5.0,test::small_uint128_1::read_native_endian,consistent,success,success
byteorder-1.5.0,test::small_uint128_2::read_big_endian,consistent,success,success
byteorder-1.5.0,test::small_uint128_2::read_little_endian,consistent,success,success
byteorder-1.5.0,test::small_uint128_2::read_native_endian,consistent,success,success
byteorder-1.5.0,test::small_uint128_3::read_big_endian,consistent,success,success
byteorder-1.5.0,test::small_uint128_3::read_little_endian,consistent,success,success
byteorder-1.5.0,test::small_uint128_3::read_native_endian,consistent,success,success
byteorder-1.5.0,test::small_uint128_4::read_big_endian,consistent,success,success
byteorder-1.5.0,test::small_uint128_4::read_little_endian,consistent,success,success
byteorder-1.5.0,test::small_uint128_4::read_native_endian,consistent,success,success
byteorder-1.5.0,test::small_uint128_5::read_big_endian,consistent,success,success
byteorder-1.5.0,test::small_uint128_5::read_little_endian,consistent,success,success
byteorder-1.5.0,test::small_uint128_5::read_native_endian,consistent,success,success
byteorder-1.5.0,test::small_uint128_6::read_big_endian,consistent,success,success
byteorder-1.5.0,test::small_uint128_6::read_little_endian,consistent,success,success
byteorder-1.5.0,test::small_uint128_6::read_native_endian,consistent,success,success
byteorder-1.5.0,test::small_uint128_7::read_big_endian,consistent,success,success
byteorder-1.5.0,test::small_uint128_7::read_little_endian,consistent,success,success
byteorder-1.5.0,test::small_uint128_7::read_native_endian,consistent,success,success
byteorder-1.5.0,test::small_uint128_8::read_big_endian,consistent,success,success
byteorder-1.5.0,test::small_uint128_8::read_little_endian,consistent,success,success
byteorder-1.5.0,test::small_uint128_8::read_native_endian,consistent,success,success
byteorder-1.5.0,test::small_uint128_9::read_big_endian,consistent,success,success
byteorder-1.5.0,test::small_uint128_9::read_little_endian,consistent,success,success
byteorder-1.5.0,test::small_uint128_9::read_native_endian,consistent,success,success
byteorder-1.5.0,test::small_uint_1::read_big_endian,consistent,success,success
byteorder-1.5.0,test::small_uint_1::read_little_endian,consistent,success,success
byteorder-1.5.0,test::small_uint_1::read_native_endian,consistent,success,success
byteorder-1.5.0,test::small_uint_2::read_big_endian,consistent,success,success
byteorder-1.5.0,test::small_uint_2::read_little_endian,consistent,success,success
byteorder-1.5.0,test::small_uint_2::read_native_endian,consistent,success,success
byteorder-1.5.0,test::small_uint_3::read_big_endian,consistent,success,success
byteorder-1.5.0,test::small_uint_3::read_little_endian,consistent,success,success
byteorder-1.5.0,test::small_uint_3::read_native_endian,consistent,success,success
byteorder-1.5.0,test::small_uint_4::read_big_endian,consistent,success,success
byteorder-1.5.0,test::small_uint_4::read_little_endian,consistent,success,success
byteorder-1.5.0,test::small_uint_4::read_native_endian,consistent,success,success
byteorder-1.5.0,test::small_uint_5::read_big_endian,consistent,success,success
byteorder-1.5.0,test::small_uint_5::read_little_endian,consistent,success,success
byteorder-1.5.0,test::small_uint_5::read_native_endian,consistent,success,success
byteorder-1.5.0,test::small_uint_6::read_big_endian,consistent,success,success
byteorder-1.5.0,test::small_uint_6::read_little_endian,consistent,success,success
byteorder-1.5.0,test::small_uint_6::read_native_endian,consistent,success,success
byteorder-1.5.0,test::small_uint_7::read_big_endian,consistent,success,success
byteorder-1.5.0,test::small_uint_7::read_little_endian,consistent,success,success
byteorder-1.5.0,test::small_uint_7::read_native_endian,consistent,success,success
byteorder-1.5.0,test::uint_bigger_buffer,consistent,success,success
bytes-1.11.1,advance_bytes_mut,consistent,success,success
bytes-1.11.1,advance_bytes_mut_remaining_capacity,consistent,success,success
bytes-1.11.1,advance_past_len,consistent,success,success
bytes-1.11.1,advance_static,consistent,success,success
bytes-1.11.1,advance_vec,consistent,success,success
bytes-1.11.1,arc_is_unique,consistent,success,success
bytes-1.11.1,box_bytes::advance,consistent,success,success
bytes-1.11.1,box_bytes::advance_past_end,consistent,success,success
bytes-1.11.1,box_bytes::advance_to_end,consistent,success,success
bytes-1.11.1,box_bytes::chunks_vectored_empty,consistent,success,success
bytes-1.11.1,box_bytes::chunks_vectored_is_complete,consistent,success,success
bytes-1.11.1,box_bytes::copy_to_bytes,consistent,success,success
bytes-1.11.1,box_bytes::copy_to_bytes_big,consistent,success,success
bytes-1.11.1,box_bytes::copy_to_bytes_overflow,consistent,success,success
bytes-1.11.1,box_bytes::copy_to_bytes_to_end,consistent,success,success
bytes-1.11.1,box_bytes::copy_to_slice,consistent,success,success
bytes-1.11.1,box_bytes::copy_to_slice_big,consistent,success,success
bytes-1.11.1,box_bytes::copy_to_slice_overflow,consistent,success,success
bytes-1.11.1,box_bytes::copy_to_slice_to_end,consistent,success,success
bytes-1.11.1,box_bytes::empty_state,consistent,success,success
bytes-1.11.1,box_bytes::fresh_state,consistent,success,success
bytes-1.11.1,box_bytes::get_f32_be,consistent,success,success
bytes-1.11.1,box_bytes::get_f32_be_overflow,consistent,success,success
bytes-1.11.1,box_bytes::get_f32_le,consistent,success,success
bytes-1.11.1,box_bytes::get_f32_le_overflow,consistent,success,success
bytes-1.11.1,box_bytes::get_f32_ne,consistent,success,success
bytes-1.11.1,box_bytes::get_f32_ne_overflow,consistent,success,success
bytes-1.11.1,box_bytes::get_f64_be,consistent,success,success
bytes-1.11.1,box_bytes::get_f64_be_overflow,consistent,success,success
bytes-1.11.1,box_bytes::get_f64_le,consistent,success,success
bytes-1.11.1,box_bytes::get_f64_le_overflow,consistent,success,success
bytes-1.11.1,box_bytes::get_f64_ne,consistent,success,success
bytes-1.11.1,box_bytes::get_f64_ne_overflow,consistent,success,success
bytes-1.11.1,box_bytes::get_i128_be,consistent,success,success
bytes-1.11.1,box_bytes::get_i128_be_overflow,consistent,success,success
bytes-1.11.1,box_bytes::get_i128_le,consistent,success,success
bytes-1.11.1,box_bytes::get_i128_le_overflow,consistent,success,success
bytes-1.11.1,box_bytes::get_i128_ne,consistent,success,success
bytes-1.11.1,box_bytes::get_i128_ne_overflow,consistent,success,success
bytes-1.11.1,box_bytes::get_i16_be,consistent,success,success
bytes-1.11.1,box_bytes::get_i16_be_overflow,consistent,success,success
bytes-1.11.1,box_bytes::get_i16_le,consistent,success,success
bytes-1.11.1,box_bytes::get_i16_le_overflow,consistent,success,success
bytes-1.11.1,box_bytes::get_i16_ne,consistent,success,success
bytes-1.11.1,box_bytes::get_i16_ne_overflow,consistent,success,success
bytes-1.11.1,box_bytes::get_i32_be,consistent,success,success
bytes-1.11.1,box_bytes::get_i32_be_overflow,consistent,success,success
bytes-1.11.1,box_bytes::get_i32_le,consistent,success,success
bytes-1.11.1,box_bytes::get_i32_le_overflow,consistent,success,success
bytes-1.11.1,box_bytes::get_i32_ne,consistent,success,success
bytes-1.11.1,box_bytes::get_i32_ne_overflow,consistent,success,success
bytes-1.11.1,box_bytes::get_i64_be,consistent,success,success
bytes-1.11.1,box_bytes::get_i64_be_overflow,consistent,success,success
bytes-1.11.1,box_bytes::get_i64_le,consistent,success,success
bytes-1.11.1,box_bytes::get_i64_le_overflow,consistent,success,success
bytes-1.11.1,box_bytes::get_i64_ne,consistent,success,success
bytes-1.11.1,box_bytes::get_i64_ne_overflow,consistent,success,success
bytes-1.11.1,box_bytes::get_i8,consistent,success,success
bytes-1.11.1,box_bytes::get_i8_overflow,consistent,success,success
bytes-1.11.1,box_bytes::get_int_be,consistent,success,success
bytes-1.11.1,box_bytes::get_int_be_overflow,consistent,success,success
bytes-1.11.1,box_bytes::get_int_le,consistent,success,success
bytes-1.11.1,box_bytes::get_int_le_overflow,consistent,success,success
bytes-1.11.1,box_bytes::get_int_ne,consistent,success,success
bytes-1.11.1,box_bytes::get_int_ne_overflow,consistent,success,success
bytes-1.11.1,box_bytes::get_u128_be,consistent,success,success
bytes-1.11.1,box_bytes::get_u128_be_overflow,consistent,success,success
bytes-1.11.1,box_bytes::get_u128_le,consistent,success,success
bytes-1.11.1,box_bytes::get_u128_le_overflow,consistent,success,success
bytes-1.11.1,box_bytes::get_u128_ne,consistent,success,success
bytes-1.11.1,box_bytes::get_u128_ne_overflow,consistent,success,success
bytes-1.11.1,box_bytes::get_u16_be,consistent,success,success
bytes-1.11.1,box_bytes::get_u16_be_overflow,consistent,success,success
bytes-1.11.1,box_bytes::get_u16_le,consistent,success,success
bytes-1.11.1,box_bytes::get_u16_le_overflow,consistent,success,success
bytes-1.11.1,box_bytes::get_u16_ne,consistent,success,success
bytes-1.11.1,box_bytes::get_u16_ne_overflow,consistent,success,success
bytes-1.11.1,box_bytes::get_u32_be,consistent,success,success
bytes-1.11.1,box_bytes::get_u32_be_overflow,consistent,success,success
bytes-1.11.1,box_bytes::get_u32_le,consistent,success,success
bytes-1.11.1,box_bytes::get_u32_le_overflow,consistent,success,success
bytes-1.11.1,box_bytes::get_u32_ne,consistent,success,success
bytes-1.11.1,box_bytes::get_u32_ne_overflow,consistent,success,success
bytes-1.11.1,box_bytes::get_u64_be,consistent,success,success
bytes-1.11.1,box_bytes::get_u64_be_overflow,consistent,success,success
bytes-1.11.1,box_bytes::get_u64_le,consistent,success,success
bytes-1.11.1,box_bytes::get_u64_le_overflow,consistent,success,success
bytes-1.11.1,box_bytes::get_u64_ne,consistent,success,success
bytes-1.11.1,box_bytes::get_u64_ne_overflow,consistent,success,success
bytes-1.11.1,box_bytes::get_u8,consistent,success,success
bytes-1.11.1,box_bytes::get_u8_overflow,consistent,success,success
bytes-1.11.1,box_bytes::get_uint_be,consistent,success,success
bytes-1.11.1,box_bytes::get_uint_be_overflow,consistent,success,success
bytes-1.11.1,box_bytes::get_uint_le,consistent,success,success
bytes-1.11.1,box_bytes::get_uint_le_overflow,consistent,success,success
bytes-1.11.1,box_bytes::get_uint_ne,consistent,success,success
bytes-1.11.1,box_bytes::get_uint_ne_overflow,consistent,success,success
bytes-1.11.1,box_slice_empty,consistent,success,success
bytes-1.11.1,buf_read,consistent,success,success
bytes-1.11.1,bytes::advance,consistent,success,success
bytes-1.11.1,bytes::advance_past_end,consistent,success,success
bytes-1.11.1,bytes::advance_to_end,consistent,success,success
bytes-1.11.1,bytes::chunks_vectored_empty,consistent,success,success
bytes-1.11.1,bytes::chunks_vectored_is_complete,consistent,success,success
bytes-1.11.1,bytes::copy_to_bytes,consistent,success,success
bytes-1.11.1,bytes::copy_to_bytes_big,consistent,success,success
bytes-1.11.1,bytes::copy_to_bytes_overflow,consistent,success,success
bytes-1.11.1,bytes::copy_to_bytes_to_end,consistent,success,success
bytes-1.11.1,bytes::copy_to_slice,consistent,success,success
bytes-1.11.1,bytes::copy_to_slice_big,consistent,success,success
bytes-1.11.1,bytes::copy_to_slice_overflow,consistent,success,success
bytes-1.11.1,bytes::copy_to_slice_to_end,consistent,success,success
bytes-1.11.1,bytes::empty_state,consistent,success,success
bytes-1.11.1,bytes::fresh_state,consistent,success,success
bytes-1.11.1,bytes::get_f32_be,consistent,success,success
bytes-1.11.1,bytes::get_f32_be_overflow,consistent,success,success
bytes-1.11.1,bytes::get_f32_le,consistent,success,success
bytes-1.11.1,bytes::get_f32_le_overflow,consistent,success,success
bytes-1.11.1,bytes::get_f32_ne,consistent,success,success
bytes-1.11.1,bytes::get_f32_ne_overflow,consistent,success,success
bytes-1.11.1,bytes::get_f64_be,consistent,success,success
bytes-1.11.1,bytes::get_f64_be_overflow,consistent,success,success
bytes-1.11.1,bytes::get_f64_le,consistent,success,success
bytes-1.11.1,bytes::get_f64_le_overflow,consistent,success,success
bytes-1.11.1,bytes::get_f64_ne,consistent,success,success
bytes-1.11.1,bytes::get_f64_ne_overflow,consistent,success,success
bytes-1.11.1,bytes::get_i128_be,consistent,success,success
bytes-1.11.1,bytes::get_i128_be_overflow,consistent,success,success
bytes-1.11.1,bytes::get_i128_le,consistent,success,success
bytes-1.11.1,bytes::get_i128_le_overflow,consistent,success,success
bytes-1.11.1,bytes::get_i128_ne,consistent,success,success
bytes-1.11.1,bytes::get_i128_ne_overflow,consistent,success,success
bytes-1.11.1,bytes::get_i16_be,consistent,success,success
bytes-1.11.1,bytes::get_i16_be_overflow,consistent,success,success
bytes-1.11.1,bytes::get_i16_le,consistent,success,success
bytes-1.11.1,bytes::get_i16_le_overflow,consistent,success,success
bytes-1.11.1,bytes::get_i16_ne,consistent,success,success
bytes-1.11.1,bytes::get_i16_ne_overflow,consistent,success,success
bytes-1.11.1,bytes::get_i32_be,consistent,success,success
bytes-1.11.1,bytes::get_i32_be_overflow,consistent,success,success
bytes-1.11.1,bytes::get_i32_le,consistent,success,success
bytes-1.11.1,bytes::get_i32_le_overflow,consistent,success,success
bytes-1.11.1,bytes::get_i32_ne,consistent,success,success
bytes-1.11.1,bytes::get_i32_ne_overflow,consistent,success,success
bytes-1.11.1,bytes::get_i64_be,consistent,success,success
bytes-1.11.1,bytes::get_i64_be_overflow,consistent,success,success
bytes-1.11.1,bytes::get_i64_le,consistent,success,success
bytes-1.11.1,bytes::get_i64_le_overflow,consistent,success,success
bytes-1.11.1,bytes::get_i64_ne,consistent,success,success
bytes-1.11.1,bytes::get_i64_ne_overflow,consistent,success,success
bytes-1.11.1,bytes::get_i8,consistent,success,success
bytes-1.11.1,bytes::get_i8_overflow,consistent,success,success
bytes-1.11.1,bytes::get_int_be,consistent,success,success
bytes-1.11.1,bytes::get_int_be_overflow,consistent,success,success
bytes-1.11.1,bytes::get_int_le,consistent,success,success
bytes-1.11.1,bytes::get_int_le_overflow,consistent,success,success
bytes-1.11.1,bytes::get_int_ne,consistent,success,success
bytes-1.11.1,bytes::get_int_ne_overflow,consistent,success,success
bytes-1.11.1,bytes::get_u128_be,consistent,success,success
bytes-1.11.1,bytes::get_u128_be_overflow,consistent,success,success
bytes-1.11.1,bytes::get_u128_le,consistent,success,success
bytes-1.11.1,bytes::get_u128_le_overflow,consistent,success,success
bytes-1.11.1,bytes::get_u128_ne,consistent,success,success
bytes-1.11.1,bytes::get_u128_ne_overflow,consistent,success,success
bytes-1.11.1,bytes::get_u16_be,consistent,success,success
bytes-1.11.1,bytes::get_u16_be_overflow,consistent,success,success
bytes-1.11.1,bytes::get_u16_le,consistent,success,success
bytes-1.11.1,bytes::get_u16_le_overflow,consistent,success,success
bytes-1.11.1,bytes::get_u16_ne,consistent,success,success
bytes-1.11.1,bytes::get_u16_ne_overflow,consistent,success,success
bytes-1.11.1,bytes::get_u32_be,consistent,success,success
bytes-1.11.1,bytes::get_u32_be_overflow,consistent,success,success
bytes-1.11.1,bytes::get_u32_le,consistent,success,success
bytes-1.11.1,bytes::get_u32_le_overflow,consistent,success,success
bytes-1.11.1,bytes::get_u32_ne,consistent,success,success
bytes-1.11.1,bytes::get_u32_ne_overflow,consistent,success,success
bytes-1.11.1,bytes::get_u64_be,consistent,success,success
bytes-1.11.1,bytes::get_u64_be_overflow,consistent,success,success
bytes-1.11.1,bytes::get_u64_le,consistent,success,success
bytes-1.11.1,bytes::get_u64_le_overflow,consistent,success,success
bytes-1.11.1,bytes::get_u64_ne,consistent,success,success
bytes-1.11.1,bytes::get_u64_ne_overflow,consistent,success,success
bytes-1.11.1,bytes::get_u8,consistent,success,success
bytes-1.11.1,bytes::get_u8_overflow,consistent,success,success
bytes-1.11.1,bytes::get_uint_be,consistent,success,success
bytes-1.11.1,bytes::get_uint_be_overflow,consistent,success,success
bytes-1.11.1,bytes::get_uint_le,consistent,success,success
bytes-1.11.1,bytes::get_uint_le_overflow,consistent,success,success
bytes-1.11.1,bytes::get_uint_ne,consistent,success,success
bytes-1.11.1,bytes::get_uint_ne_overflow,consistent,success,success
bytes-1.11.1,bytes_buf_mut_advance,consistent,success,success
bytes-1.11.1,bytes_buf_mut_reuse_when_fully_consumed,consistent,success,success
bytes-1.11.1,bytes_into_vec,consistent,success,success
bytes-1.11.1,bytes_mut::advance,consistent,success,success
bytes-1.11.1,bytes_mut::advance_past_end,consistent,success,success
bytes-1.11.1,bytes_mut::advance_to_end,consistent,success,success
bytes-1.11.1,bytes_mut::chunks_vectored_empty,consistent,success,success
bytes-1.11.1,bytes_mut::chunks_vectored_is_complete,consistent,success,success
bytes-1.11.1,bytes_mut::copy_to_bytes,consistent,success,success
bytes-1.11.1,bytes_mut::copy_to_bytes_big,consistent,success,success
bytes-1.11.1,bytes_mut::copy_to_bytes_overflow,consistent,success,success
bytes-1.11.1,bytes_mut::copy_to_bytes_to_end,consistent,success,success
bytes-1.11.1,bytes_mut::copy_to_slice,consistent,success,success
bytes-1.11.1,bytes_mut::copy_to_slice_big,consistent,success,success
bytes-1.11.1,bytes_mut::copy_to_slice_overflow,consistent,success,success
bytes-1.11.1,bytes_mut::copy_to_slice_to_end,consistent,success,success
bytes-1.11.1,bytes_mut::empty_state,consistent,success,success
bytes-1.11.1,bytes_mut::fresh_state,consistent,success,success
bytes-1.11.1,bytes_mut::get_f32_be,consistent,success,success
bytes-1.11.1,bytes_mut::get_f32_be_overflow,consistent,success,success
bytes-1.11.1,bytes_mut::get_f32_le,consistent,success,success
bytes-1.11.1,bytes_mut::get_f32_le_overflow,consistent,success,success
bytes-1.11.1,bytes_mut::get_f32_ne,consistent,success,success
bytes-1.11.1,bytes_mut::get_f32_ne_overflow,consistent,success,success
bytes-1.11.1,bytes_mut::get_f64_be,consistent,success,success
bytes-1.11.1,bytes_mut::get_f64_be_overflow,consistent,success,success
bytes-1.11.1,bytes_mut::get_f64_le,consistent,success,success
bytes-1.11.1,bytes_mut::get_f64_le_overflow,consistent,success,success
bytes-1.11.1,bytes_mut::get_f64_ne,consistent,success,success
bytes-1.11.1,bytes_mut::get_f64_ne_overflow,consistent,success,success
bytes-1.11.1,bytes_mut::get_i128_be,consistent,success,success
bytes-1.11.1,bytes_mut::get_i128_be_overflow,consistent,success,success
bytes-1.11.1,bytes_mut::get_i128_le,consistent,success,success
bytes-1.11.1,bytes_mut::get_i128_le_overflow,consistent,success,success
bytes-1.11.1,bytes_mut::get_i128_ne,consistent,success,success
bytes-1.11.1,bytes_mut::get_i128_ne_overflow,consistent,success,success
bytes-1.11.1,bytes_mut::get_i16_be,consistent,success,success
bytes-1.11.1,bytes_mut::get_i16_be_overflow,consistent,success,success
bytes-1.11.1,bytes_mut::get_i16_le,consistent,success,success
bytes-1.11.1,bytes_mut::get_i16_le_overflow,consistent,success,success
bytes-1.11.1,bytes_mut::get_i16_ne,consistent,success,success
bytes-1.11.1,bytes_mut::get_i16_ne_overflow,consistent,success,success
bytes-1.11.1,bytes_mut::get_i32_be,consistent,success,success
bytes-1.11.1,bytes_mut::get_i32_be_overflow,consistent,success,success
bytes-1.11.1,bytes_mut::get_i32_le,consistent,success,success
bytes-1.11.1,bytes_mut::get_i32_le_overflow,consistent,success,success
bytes-1.11.1,bytes_mut::get_i32_ne,consistent,success,success
bytes-1.11.1,bytes_mut::get_i32_ne_overflow,consistent,success,success
bytes-1.11.1,bytes_mut::get_i64_be,consistent,success,success
bytes-1.11.1,bytes_mut::get_i64_be_overflow,consistent,success,success
bytes-1.11.1,bytes_mut::get_i64_le,consistent,success,success
bytes-1.11.1,bytes_mut::get_i64_le_overflow,consistent,success,success
bytes-1.11.1,bytes_mut::get_i64_ne,consistent,success,success
bytes-1.11.1,bytes_mut::get_i64_ne_overflow,consistent,success,success
bytes-1.11.1,bytes_mut::get_i8,consistent,success,success
bytes-1.11.1,bytes_mut::get_i8_overflow,consistent,success,success
bytes-1.11.1,bytes_mut::get_int_be,consistent,success,success
bytes-1.11.1,bytes_mut::get_int_be_overflow,consistent,success,success
bytes-1.11.1,bytes_mut::get_int_le,consistent,success,success
bytes-1.11.1,bytes_mut::get_int_le_overflow,consistent,success,success
bytes-1.11.1,bytes_mut::get_int_ne,consistent,success,success
bytes-1.11.1,bytes_mut::get_int_ne_overflow,consistent,success,success
bytes-1.11.1,bytes_mut::get_u128_be,consistent,success,success
bytes-1.11.1,bytes_mut::get_u128_be_overflow,consistent,success,success
bytes-1.11.1,bytes_mut::get_u128_le,consistent,success,success
bytes-1.11.1,bytes_mut::get_u128_le_overflow,consistent,success,success
bytes-1.11.1,bytes_mut::get_u128_ne,consistent,success,success
bytes-1.11.1,bytes_mut::get_u128_ne_overflow,consistent,success,success
bytes-1.11.1,bytes_mut::get_u16_be,consistent,success,success
bytes-1.11.1,bytes_mut::get_u16_be_overflow,consistent,success,success
bytes-1.11.1,bytes_mut::get_u16_le,consistent,success,success
bytes-1.11.1,bytes_mut::get_u16_le_overflow,consistent,success,success
bytes-1.11.1,bytes_mut::get_u16_ne,consistent,success,success
bytes-1.11.1,bytes_mut::get_u16_ne_overflow,consistent,success,success
bytes-1.11.1,bytes_mut::get_u32_be,consistent,success,success
bytes-1.11.1,bytes_mut::get_u32_be_overflow,consistent,success,success
bytes-1.11.1,bytes_mut::get_u32_le,consistent,success,success
bytes-1.11.1,bytes_mut::get_u32_le_overflow,consistent,success,success
bytes-1.11.1,bytes_mut::get_u32_ne,consistent,success,success
bytes-1.11.1,bytes_mut::get_u32_ne_overflow,consistent,success,success
bytes-1.11.1,bytes_mut::get_u64_be,consistent,success,success
bytes-1.11.1,bytes_mut::get_u64_be_overflow,consistent,success,success
bytes-1.11.1,bytes_mut::get_u64_le,consistent,success,success
bytes-1.11.1,bytes_mut::get_u64_le_overflow,consistent,success,success
bytes-1.11.1,bytes_mut::get_u64_ne,consistent,success,success
bytes-1.11.1,bytes_mut::get_u64_ne_overflow,consistent,success,success
bytes-1.11.1,bytes_mut::get_u8,consistent,success,success
bytes-1.11.1,bytes_mut::get_u8_overflow,consistent,success,success
bytes-1.11.1,bytes_mut::get_uint_be,consistent,success,success
bytes-1.11.1,bytes_mut::get_uint_be_overflow,consistent,success,success
bytes-1.11.1,bytes_mut::get_uint_le,consistent,success,success
bytes-1.11.1,bytes_mut::get_uint_le_overflow,consistent,success,success
bytes-1.11.1,bytes_mut::get_uint_ne,consistent,success,success
bytes-1.11.1,bytes_mut::get_uint_ne_overflow,consistent,success,success
bytes-1.11.1,bytes_mut::tests::test_original_capacity_from_repr,consistent,success,success
bytes-1.11.1,bytes_mut::tests::test_original_capacity_to_repr,consistent,success,success
bytes-1.11.1,bytes_mut_put_bytes_specialization,consistent,success,success
bytes-1.11.1,bytes_mut_reserve_overflow,consistent,success,success
bytes-1.11.1,bytes_mut_split_off_oob,consistent,success,success
bytes-1.11.1,bytes_mut_unsplit_arc_different,consistent,success,success
bytes-1.11.1,bytes_mut_unsplit_arc_non_contiguous,consistent,success,success
bytes-1.11.1,bytes_mut_unsplit_basic,consistent,success,success
bytes-1.11.1,bytes_mut_unsplit_empty_other,consistent,success,success
bytes-1.11.1,bytes_mut_unsplit_empty_other_keeps_capacity,consistent,success,success
bytes-1.11.1,bytes_mut_unsplit_empty_self,consistent,success,success
bytes-1.11.1,bytes_mut_unsplit_other_keeps_capacity,consistent,success,success
bytes-1.11.1,bytes_mut_unsplit_two_split_offs,consistent,success,success
bytes-1.11.1,bytes_put_bytes,consistent,success,success
bytes-1.11.1,bytes_reserve_overflow,consistent,success,success
bytes-1.11.1,bytes_with_capacity_but_empty,consistent,success,success
bytes-1.11.1,chain_get_bytes,consistent,success,success
bytes-1.11.1,chain_growing_buffer,consistent,success,success
bytes-1.11.1,chain_limited_slices::advance,consistent,success,success
bytes-1.11.1,chain_limited_slices::advance_past_end,consistent,success,success
bytes-1.11.1,chain_limited_slices::advance_to_end,consistent,success,success
bytes-1.11.1,chain_limited_slices::chunks_vectored_empty,consistent,success,success
bytes-1.11.1,chain_limited_slices::chunks_vectored_is_complete,consistent,success,success
bytes-1.11.1,chain_limited_slices::copy_to_bytes,consistent,success,success
bytes-1.11.1,chain_limited_slices::copy_to_bytes_big,consistent,success,success
bytes-1.11.1,chain_limited_slices::copy_to_bytes_overflow,consistent,success,success
bytes-1.11.1,chain_limited_slices::copy_to_bytes_to_end,consistent,success,success
bytes-1.11.1,chain_limited_slices::copy_to_slice,consistent,success,success
bytes-1.11.1,chain_limited_slices::copy_to_slice_big,consistent,success,success
bytes-1.11.1,chain_limited_slices::copy_to_slice_overflow,consistent,success,success
bytes-1.11.1,chain_limited_slices::copy_to_slice_to_end,consistent,success,success
bytes-1.11.1,chain_limited_slices::empty_state,consistent,success,success
bytes-1.11.1,chain_limited_slices::fresh_state,consistent,success,success
bytes-1.11.1,chain_limited_slices::get_f32_be,consistent,success,success
bytes-1.11.1,chain_limited_slices::get_f32_be_overflow,consistent,success,success
bytes-1.11.1,chain_limited_slices::get_f32_le,consistent,success,success
bytes-1.11.1,chain_limited_slices::get_f32_le_overflow,consistent,success,success
bytes-1.11.1,chain_limited_slices::get_f32_ne,consistent,success,success
bytes-1.11.1,chain_limited_slices::get_f32_ne_overflow,consistent,success,success
bytes-1.11.1,chain_limited_slices::get_f64_be,consistent,success,success
bytes-1.11.1,chain_limited_slices::get_f64_be_overflow,consistent,success,success
bytes-1.11.1,chain_limited_slices::get_f64_le,consistent,success,success
bytes-1.11.1,chain_limited_slices::get_f64_le_overflow,consistent,success,success
bytes-1.11.1,chain_limited_slices::get_f64_ne,consistent,success,success
bytes-1.11.1,chain_limited_slices::get_f64_ne_overflow,consistent,success,success
bytes-1.11.1,chain_limited_slices::get_i128_be,consistent,success,success
bytes-1.11.1,chain_limited_slices::get_i128_be_overflow,consistent,success,success
bytes-1.11.1,chain_limited_slices::get_i128_le,consistent,success,success
bytes-1.11.1,chain_limited_slices::get_i128_le_overflow,consistent,success,success
bytes-1.11.1,chain_limited_slices::get_i128_ne,consistent,success,success
bytes-1.11.1,chain_limited_slices::get_i128_ne_overflow,consistent,success,success
bytes-1.11.1,chain_limited_slices::get_i16_be,consistent,success,success
bytes-1.11.1,chain_limited_slices::get_i16_be_overflow,consistent,success,success
bytes-1.11.1,chain_limited_slices::get_i16_le,consistent,success,success
bytes-1.11.1,chain_limited_slices::get_i16_le_overflow,consistent,success,success
bytes-1.11.1,chain_limited_slices::get_i16_ne,consistent,success,success
bytes-1.11.1,chain_limited_slices::get_i16_ne_overflow,consistent,success,success
bytes-1.11.1,chain_limited_slices::get_i32_be,consistent,success,success
bytes-1.11.1,chain_limited_slices::get_i32_be_overflow,consistent,success,success
bytes-1.11.1,chain_limited_slices::get_i32_le,consistent,success,success
bytes-1.11.1,chain_limited_slices::get_i32_le_overflow,consistent,success,success
bytes-1.11.1,chain_limited_slices::get_i32_ne,consistent,success,success
bytes-1.11.1,chain_limited_slices::get_i32_ne_overflow,consistent,success,success
bytes-1.11.1,chain_limited_slices::get_i64_be,consistent,success,success
bytes-1.11.1,chain_limited_slices::get_i64_be_overflow,consistent,success,success
bytes-1.11.1,chain_limited_slices::get_i64_le,consistent,success,success
bytes-1.11.1,chain_limited_slices::get_i64_le_overflow,consistent,success,success
bytes-1.11.1,chain_limited_slices::get_i64_ne,consistent,success,success
bytes-1.11.1,chain_limited_slices::get_i64_ne_overflow,consistent,success,success
bytes-1.11.1,chain_limited_slices::get_i8,consistent,success,success
bytes-1.11.1,chain_limited_slices::get_i8_overflow,consistent,success,success
bytes-1.11.1,chain_limited_slices::get_int_be,consistent,success,success
bytes-1.11.1,chain_limited_slices::get_int_be_overflow,consistent,success,success
bytes-1.11.1,chain_limited_slices::get_int_le,consistent,success,success
bytes-1.11.1,chain_limited_slices::get_int_le_overflow,consistent,success,success
bytes-1.11.1,chain_limited_slices::get_int_ne,consistent,success,success
bytes-1.11.1,chain_limited_slices::get_int_ne_overflow,consistent,success,success
bytes-1.11.1,chain_limited_slices::get_u128_be,consistent,success,success
bytes-1.11.1,chain_limited_slices::get_u128_be_overflow,consistent,success,success
bytes-1.11.1,chain_limited_slices::get_u128_le,consistent,success,success
bytes-1.11.1,chain_limited_slices::get_u128_le_overflow,consistent,success,success
bytes-1.11.1,chain_limited_slices::get_u128_ne,consistent,success,success
bytes-1.11.1,chain_limited_slices::get_u128_ne_overflow,consistent,success,success
bytes-1.11.1,chain_limited_slices::get_u16_be,consistent,success,success
bytes-1.11.1,chain_limited_slices::get_u16_be_overflow,consistent,success,success
bytes-1.11.1,chain_limited_slices::get_u16_le,consistent,success,success
bytes-1.11.1,chain_limited_slices::get_u16_le_overflow,consistent,success,success
bytes-1.11.1,chain_limited_slices::get_u16_ne,consistent,success,success
bytes-1.11.1,chain_limited_slices::get_u16_ne_overflow,consistent,success,success
bytes-1.11.1,chain_limited_slices::get_u32_be,consistent,success,success
bytes-1.11.1,chain_limited_slices::get_u32_be_overflow,consistent,success,success
bytes-1.11.1,chain_limited_slices::get_u32_le,consistent,success,success
bytes-1.11.1,chain_limited_slices::get_u32_le_overflow,consistent,success,success
bytes-1.11.1,chain_limited_slices::get_u32_ne,consistent,success,success
bytes-1.11.1,chain_limited_slices::get_u32_ne_overflow,consistent,success,success
bytes-1.11.1,chain_limited_slices::get_u64_be,consistent,success,success
bytes-1.11.1,chain_limited_slices::get_u64_be_overflow,consistent,success,success
bytes-1.11.1,chain_limited_slices::get_u64_le,consistent,success,success
bytes-1.11.1,chain_limited_slices::get_u64_le_overflow,consistent,success,success
bytes-1.11.1,chain_limited_slices::get_u64_ne,consistent,success,success
bytes-1.11.1,chain_limited_slices::get_u64_ne_overflow,consistent,success,success
bytes-1.11.1,chain_limited_slices::get_u8,consistent,success,success
bytes-1.11.1,chain_limited_slices::get_u8_overflow,consistent,success,success
bytes-1.11.1,chain_limited_slices::get_uint_be,consistent,success,success
bytes-1.11.1,chain_limited_slices::get_uint_be_overflow,consistent,success,success
bytes-1.11.1,chain_limited_slices::get_uint_le,consistent,success,success
bytes-1.11.1,chain_limited_slices::get_uint_le_overflow,consistent,success,success
bytes-1.11.1,chain_limited_slices::get_uint_ne,consistent,success,success
bytes-1.11.1,chain_limited_slices::get_uint_ne_overflow,consistent,success,success
bytes-1.11.1,chain_overflow_remaining_mut,consistent,success,success
bytes-1.11.1,chain_small_big_u8_slice::advance,consistent,success,success
bytes-1.11.1,chain_small_big_u8_slice::advance_past_end,consistent,success,success
bytes-1.11.1,chain_small_big_u8_slice::advance_to_end,consistent,success,success
bytes-1.11.1,chain_small_big_u8_slice::chunks_vectored_empty,consistent,success,success
bytes-1.11.1,chain_small_big_u8_slice::chunks_vectored_is_complete,consistent,success,success
bytes-1.11.1,chain_small_big_u8_slice::copy_to_bytes,consistent,success,success
bytes-1.11.1,chain_small_big_u8_slice::copy_to_bytes_big,consistent,success,success
bytes-1.11.1,chain_small_big_u8_slice::copy_to_bytes_overflow,consistent,success,success
bytes-1.11.1,chain_small_big_u8_slice::copy_to_bytes_to_end,consistent,success,success
bytes-1.11.1,chain_small_big_u8_slice::copy_to_slice,consistent,success,success
bytes-1.11.1,chain_small_big_u8_slice::copy_to_slice_big,consistent,success,success
bytes-1.11.1,chain_small_big_u8_slice::copy_to_slice_overflow,consistent,success,success
bytes-1.11.1,chain_small_big_u8_slice::copy_to_slice_to_end,consistent,success,success
bytes-1.11.1,chain_small_big_u8_slice::empty_state,consistent,success,success
bytes-1.11.1,chain_small_big_u8_slice::fresh_state,consistent,success,success
bytes-1.11.1,chain_small_big_u8_slice::get_f32_be,consistent,success,success
bytes-1.11.1,chain_small_big_u8_slice::get_f32_be_overflow,consistent,success,success
bytes-1.11.1,chain_small_big_u8_slice::get_f32_le,consistent,success,success
bytes-1.11.1,chain_small_big_u8_slice::get_f32_le_overflow,consistent,success,success
bytes-1.11.1,chain_small_big_u8_slice::get_f32_ne,consistent,success,success
bytes-1.11.1,chain_small_big_u8_slice::get_f32_ne_overflow,consistent,success,success
bytes-1.11.1,chain_small_big_u8_slice::get_f64_be,consistent,success,success
bytes-1.11.1,chain_small_big_u8_slice::get_f64_be_overflow,consistent,success,success
bytes-1.11.1,chain_small_big_u8_slice::get_f64_le,consistent,success,success
bytes-1.11.1,chain_small_big_u8_slice::get_f64_le_overflow,consistent,success,success
bytes-1.11.1,chain_small_big_u8_slice::get_f64_ne,consistent,success,success
bytes-1.11.1,chain_small_big_u8_slice::get_f64_ne_overflow,consistent,success,success
bytes-1.11.1,chain_small_big_u8_slice::get_i128_be,consistent,success,success
bytes-1.11.1,chain_small_big_u8_slice::get_i128_be_overflow,consistent,success,success
bytes-1.11.1,chain_small_big_u8_slice::get_i128_le,consistent,success,success
bytes-1.11.1,chain_small_big_u8_slice::get_i128_le_overflow,consistent,success,success
bytes-1.11.1,chain_small_big_u8_slice::get_i128_ne,consistent,success,success
bytes-1.11.1,chain_small_big_u8_slice::get_i128_ne_overflow,consistent,success,success
bytes-1.11.1,chain_small_big_u8_slice::get_i16_be,consistent,success,success
bytes-1.11.1,chain_small_big_u8_slice::get_i16_be_overflow,consistent,success,success
bytes-1.11.1,chain_small_big_u8_slice::get_i16_le,consistent,success,success
bytes-1.11.1,chain_small_big_u8_slice::get_i16_le_overflow,consistent,success,success
bytes-1.11.1,chain_small_big_u8_slice::get_i16_ne,consistent,success,success
bytes-1.11.1,chain_small_big_u8_slice::get_i16_ne_overflow,consistent,success,success
bytes-1.11.1,chain_small_big_u8_slice::get_i32_be,consistent,success,success
bytes-1.11.1,chain_small_big_u8_slice::get_i32_be_overflow,consistent,success,success
bytes-1.11.1,chain_small_big_u8_slice::get_i32_le,consistent,success,success
bytes-1.11.1,chain_small_big_u8_slice::get_i32_le_overflow,consistent,success,success
bytes-1.11.1,chain_small_big_u8_slice::get_i32_ne,consistent,success,success
bytes-1.11.1,chain_small_big_u8_slice::get_i32_ne_overflow,consistent,success,success
bytes-1.11.1,chain_small_big_u8_slice::get_i64_be,consistent,success,success
bytes-1.11.1,chain_small_big_u8_slice::get_i64_be_overflow,consistent,success,success
bytes-1.11.1,chain_small_big_u8_slice::get_i64_le,consistent,success,success
bytes-1.11.1,chain_small_big_u8_slice::get_i64_le_overflow,consistent,success,success
bytes-1.11.1,chain_small_big_u8_slice::get_i64_ne,consistent,success,success
bytes-1.11.1,chain_small_big_u8_slice::get_i64_ne_overflow,consistent,success,success
bytes-1.11.1,chain_small_big_u8_slice::get_i8,consistent,success,success
bytes-1.11.1,chain_small_big_u8_slice::get_i8_overflow,consistent,success,success
bytes-1.11.1,chain_small_big_u8_slice::get_int_be,consistent,success,success
bytes-1.11.1,chain_small_big_u8_slice::get_int_be_overflow,consistent,success,success
bytes-1.11.1,chain_small_big_u8_slice::get_int_le,consistent,success,success
bytes-1.11.1,chain_small_big_u8_slice::get_int_le_overflow,consistent,success,success
bytes-1.11.1,chain_small_big_u8_slice::get_int_ne,consistent,success,success
bytes-1.11.1,chain_small_big_u8_slice::get_int_ne_overflow,consistent,success,success
bytes-1.11.1,chain_small_big_u8_slice::get_u128_be,consistent,success,success
bytes-1.11.1,chain_small_big_u8_slice::get_u128_be_overflow,consistent,success,success
bytes-1.11.1,chain_small_big_u8_slice::get_u128_le,consistent,success,success
bytes-1.11.1,chain_small_big_u8_slice::get_u128_le_overflow,consistent,success,success
bytes-1.11.1,chain_small_big_u8_slice::get_u128_ne,consistent,success,success
bytes-1.11.1,chain_small_big_u8_slice::get_u128_ne_overflow,consistent,success,success
bytes-1.11.1,chain_small_big_u8_slice::get_u16_be,consistent,success,success
bytes-1.11.1,chain_small_big_u8_slice::get_u16_be_overflow,consistent,success,success
bytes-1.11.1,chain_small_big_u8_slice::get_u16_le,consistent,success,success
bytes-1.11.1,chain_small_big_u8_slice::get_u16_le_overflow,consistent,success,success
bytes-1.11.1,chain_small_big_u8_slice::get_u16_ne,consistent,success,success
bytes-1.11.1,chain_small_big_u8_slice::get_u16_ne_overflow,consistent,success,success
bytes-1.11.1,chain_small_big_u8_slice::get_u32_be,consistent,success,success
bytes-1.11.1,chain_small_big_u8_slice::get_u32_be_overflow,consistent,success,success
bytes-1.11.1,chain_small_big_u8_slice::get_u32_le,consistent,success,success
bytes-1.11.1,chain_small_big_u8_slice::get_u32_le_overflow,consistent,success,success
bytes-1.11.1,chain_small_big_u8_slice::get_u32_ne,consistent,success,success
bytes-1.11.1,chain_small_big_u8_slice::get_u32_ne_overflow,consistent,success,success
bytes-1.11.1,chain_small_big_u8_slice::get_u64_be,consistent,success,success
bytes-1.11.1,chain_small_big_u8_slice::get_u64_be_overflow,consistent,success,success
bytes-1.11.1,chain_small_big_u8_slice::get_u64_le,consistent,success,success
bytes-1.11.1,chain_small_big_u8_slice::get_u64_le_overflow,consistent,success,success
bytes-1.11.1,chain_small_big_u8_slice::get_u64_ne,consistent,success,success
bytes-1.11.1,chain_small_big_u8_slice::get_u64_ne_overflow,consistent,success,success
bytes-1.11.1,chain_small_big_u8_slice::get_u8,consistent,success,success
bytes-1.11.1,chain_small_big_u8_slice::get_u8_overflow,consistent,success,success
bytes-1.11.1,chain_small_big_u8_slice::get_uint_be,consistent,success,success
bytes-1.11.1,chain_small_big_u8_slice::get_uint_be_overflow,consistent,success,success
bytes-1.11.1,chain_small_big_u8_slice::get_uint_le,consistent,success,success
bytes-1.11.1,chain_small_big_u8_slice::get_uint_le_overflow,consistent,success,success
bytes-1.11.1,chain_small_big_u8_slice::get_uint_ne,consistent,success,success
bytes-1.11.1,chain_small_big_u8_slice::get_uint_ne_overflow,consistent,success,success
bytes-1.11.1,chain_u8_slice::advance,consistent,success,success
bytes-1.11.1,chain_u8_slice::advance_past_end,consistent,success,success
bytes-1.11.1,chain_u8_slice::advance_to_end,consistent,success,success
bytes-1.11.1,chain_u8_slice::chunks_vectored_empty,consistent,success,success
bytes-1.11.1,chain_u8_slice::chunks_vectored_is_complete,consistent,success,success
bytes-1.11.1,chain_u8_slice::copy_to_bytes,consistent,success,success
bytes-1.11.1,chain_u8_slice::copy_to_bytes_big,consistent,success,success
bytes-1.11.1,chain_u8_slice::copy_to_bytes_overflow,consistent,success,success
bytes-1.11.1,chain_u8_slice::copy_to_bytes_to_end,consistent,success,success
bytes-1.11.1,chain_u8_slice::copy_to_slice,consistent,success,success
bytes-1.11.1,chain_u8_slice::copy_to_slice_big,consistent,success,success
bytes-1.11.1,chain_u8_slice::copy_to_slice_overflow,consistent,success,success
bytes-1.11.1,chain_u8_slice::copy_to_slice_to_end,consistent,success,success
bytes-1.11.1,chain_u8_slice::empty_state,consistent,success,success
bytes-1.11.1,chain_u8_slice::fresh_state,consistent,success,success
bytes-1.11.1,chain_u8_slice::get_f32_be,consistent,success,success
bytes-1.11.1,chain_u8_slice::get_f32_be_overflow,consistent,success,success
bytes-1.11.1,chain_u8_slice::get_f32_le,consistent,success,success
bytes-1.11.1,chain_u8_slice::get_f32_le_overflow,consistent,success,success
bytes-1.11.1,chain_u8_slice::get_f32_ne,consistent,success,success
bytes-1.11.1,chain_u8_slice::get_f32_ne_overflow,consistent,success,success
bytes-1.11.1,chain_u8_slice::get_f64_be,consistent,success,success
bytes-1.11.1,chain_u8_slice::get_f64_be_overflow,consistent,success,success
bytes-1.11.1,chain_u8_slice::get_f64_le,consistent,success,success
bytes-1.11.1,chain_u8_slice::get_f64_le_overflow,consistent,success,success
bytes-1.11.1,chain_u8_slice::get_f64_ne,consistent,success,success
bytes-1.11.1,chain_u8_slice::get_f64_ne_overflow,consistent,success,success
bytes-1.11.1,chain_u8_slice::get_i128_be,consistent,success,success
bytes-1.11.1,chain_u8_slice::get_i128_be_overflow,consistent,success,success
bytes-1.11.1,chain_u8_slice::get_i128_le,consistent,success,success
bytes-1.11.1,chain_u8_slice::get_i128_le_overflow,consistent,success,success
bytes-1.11.1,chain_u8_slice::get_i128_ne,consistent,success,success
bytes-1.11.1,chain_u8_slice::get_i128_ne_overflow,consistent,success,success
bytes-1.11.1,chain_u8_slice::get_i16_be,consistent,success,success
bytes-1.11.1,chain_u8_slice::get_i16_be_overflow,consistent,success,success
bytes-1.11.1,chain_u8_slice::get_i16_le,consistent,success,success
bytes-1.11.1,chain_u8_slice::get_i16_le_overflow,consistent,success,success
bytes-1.11.1,chain_u8_slice::get_i16_ne,consistent,success,success
bytes-1.11.1,chain_u8_slice::get_i16_ne_overflow,consistent,success,success
bytes-1.11.1,chain_u8_slice::get_i32_be,consistent,success,success
bytes-1.11.1,chain_u8_slice::get_i32_be_overflow,consistent,success,success
bytes-1.11.1,chain_u8_slice::get_i32_le,consistent,success,success
bytes-1.11.1,chain_u8_slice::get_i32_le_overflow,consistent,success,success
bytes-1.11.1,chain_u8_slice::get_i32_ne,consistent,success,success
bytes-1.11.1,chain_u8_slice::get_i32_ne_overflow,consistent,success,success
bytes-1.11.1,chain_u8_slice::get_i64_be,consistent,success,success
bytes-1.11.1,chain_u8_slice::get_i64_be_overflow,consistent,success,success
bytes-1.11.1,chain_u8_slice::get_i64_le,consistent,success,success
bytes-1.11.1,chain_u8_slice::get_i64_le_overflow,consistent,success,success
bytes-1.11.1,chain_u8_slice::get_i64_ne,consistent,success,success
bytes-1.11.1,chain_u8_slice::get_i64_ne_overflow,consistent,success,success
bytes-1.11.1,chain_u8_slice::get_i8,consistent,success,success
bytes-1.11.1,chain_u8_slice::get_i8_overflow,consistent,success,success
bytes-1.11.1,chain_u8_slice::get_int_be,consistent,success,success
bytes-1.11.1,chain_u8_slice::get_int_be_overflow,consistent,success,success
bytes-1.11.1,chain_u8_slice::get_int_le,consistent,success,success
bytes-1.11.1,chain_u8_slice::get_int_le_overflow,consistent,success,success
bytes-1.11.1,chain_u8_slice::get_int_ne,consistent,success,success
bytes-1.11.1,chain_u8_slice::get_int_ne_overflow,consistent,success,success
bytes-1.11.1,chain_u8_slice::get_u128_be,consistent,success,success
bytes-1.11.1,chain_u8_slice::get_u128_be_overflow,consistent,success,success
bytes-1.11.1,chain_u8_slice::get_u128_le,consistent,success,success
bytes-1.11.1,chain_u8_slice::get_u128_le_overflow,consistent,success,success
bytes-1.11.1,chain_u8_slice::get_u128_ne,consistent,success,success
bytes-1.11.1,chain_u8_slice::get_u128_ne_overflow,consistent,success,success
bytes-1.11.1,chain_u8_slice::get_u16_be,consistent,success,success
bytes-1.11.1,chain_u8_slice::get_u16_be_overflow,consistent,success,success
bytes-1.11.1,chain_u8_slice::get_u16_le,consistent,success,success
bytes-1.11.1,chain_u8_slice::get_u16_le_overflow,consistent,success,success
bytes-1.11.1,chain_u8_slice::get_u16_ne,consistent,success,success
bytes-1.11.1,chain_u8_slice::get_u16_ne_overflow,consistent,success,success
bytes-1.11.1,chain_u8_slice::get_u32_be,consistent,success,success
bytes-1.11.1,chain_u8_slice::get_u32_be_overflow,consistent,success,success
bytes-1.11.1,chain_u8_slice::get_u32_le,consistent,success,success
bytes-1.11.1,chain_u8_slice::get_u32_le_overflow,consistent,success,success
bytes-1.11.1,chain_u8_slice::get_u32_ne,consistent,success,success
bytes-1.11.1,chain_u8_slice::get_u32_ne_overflow,consistent,success,success
bytes-1.11.1,chain_u8_slice::get_u64_be,consistent,success,success
bytes-1.11.1,chain_u8_slice::get_u64_be_overflow,consistent,success,success
bytes-1.11.1,chain_u8_slice::get_u64_le,consistent,success,success
bytes-1.11.1,chain_u8_slice::get_u64_le_overflow,consistent,success,success
bytes-1.11.1,chain_u8_slice::get_u64_ne,consistent,success,success
bytes-1.11.1,chain_u8_slice::get_u64_ne_overflow,consistent,success,success
bytes-1.11.1,chain_u8_slice::get_u8,consistent,success,success
bytes-1.11.1,chain_u8_slice::get_u8_overflow,consistent,success,success
bytes-1.11.1,chain_u8_slice::get_uint_be,consistent,success,success
bytes-1.11.1,chain_u8_slice::get_uint_be_overflow,consistent,success,success
bytes-1.11.1,chain_u8_slice::get_uint_le,consistent,success,success
bytes-1.11.1,chain_u8_slice::get_uint_le_overflow,consistent,success,success
bytes-1.11.1,chain_u8_slice::get_uint_ne,consistent,success,success
bytes-1.11.1,chain_u8_slice::get_uint_ne_overflow,consistent,success,success
bytes-1.11.1,collect_two_bufs,consistent,success,success
bytes-1.11.1,copy_from_slice_panics_if_different_length_1,consistent,success,success
bytes-1.11.1,copy_from_slice_panics_if_different_length_2,consistent,success,success
bytes-1.11.1,cursor::advance,consistent,success,success
bytes-1.11.1,cursor::advance_past_end,consistent,success,success
bytes-1.11.1,cursor::advance_to_end,consistent,success,success
bytes-1.11.1,cursor::chunks_vectored_empty,consistent,success,success
bytes-1.11.1,cursor::chunks_vectored_is_complete,consistent,success,success
bytes-1.11.1,cursor::copy_to_bytes,consistent,success,success
bytes-1.11.1,cursor::copy_to_bytes_big,consistent,success,success
bytes-1.11.1,cursor::copy_to_bytes_overflow,consistent,success,success
bytes-1.11.1,cursor::copy_to_bytes_to_end,consistent,success,success
bytes-1.11.1,cursor::copy_to_slice,consistent,success,success
bytes-1.11.1,cursor::copy_to_slice_big,consistent,success,success
bytes-1.11.1,cursor::copy_to_slice_overflow,consistent,success,success
bytes-1.11.1,cursor::copy_to_slice_to_end,consistent,success,success
bytes-1.11.1,cursor::empty_state,consistent,success,success
bytes-1.11.1,cursor::fresh_state,consistent,success,success
bytes-1.11.1,cursor::get_f32_be,consistent,success,success
bytes-1.11.1,cursor::get_f32_be_overflow,consistent,success,success
bytes-1.11.1,cursor::get_f32_le,consistent,success,success
bytes-1.11.1,cursor::get_f32_le_overflow,consistent,success,success
bytes-1.11.1,cursor::get_f32_ne,consistent,success,success
bytes-1.11.1,cursor::get_f32_ne_overflow,consistent,success,success
bytes-1.11.1,cursor::get_f64_be,consistent,success,success
bytes-1.11.1,cursor::get_f64_be_overflow,consistent,success,success
bytes-1.11.1,cursor::get_f64_le,consistent,success,success
bytes-1.11.1,cursor::get_f64_le_overflow,consistent,success,success
bytes-1.11.1,cursor::get_f64_ne,consistent,success,success
bytes-1.11.1,cursor::get_f64_ne_overflow,consistent,success,success
bytes-1.11.1,cursor::get_i128_be,consistent,success,success
bytes-1.11.1,cursor::get_i128_be_overflow,consistent,success,success
bytes-1.11.1,cursor::get_i128_le,consistent,success,success
bytes-1.11.1,cursor::get_i128_le_overflow,consistent,success,success
bytes-1.11.1,cursor::get_i128_ne,consistent,success,success
bytes-1.11.1,cursor::get_i128_ne_overflow,consistent,success,success
bytes-1.11.1,cursor::get_i16_be,consistent,success,success
bytes-1.11.1,cursor::get_i16_be_overflow,consistent,success,success
bytes-1.11.1,cursor::get_i16_le,consistent,success,success
bytes-1.11.1,cursor::get_i16_le_overflow,consistent,success,success
bytes-1.11.1,cursor::get_i16_ne,consistent,success,success
bytes-1.11.1,cursor::get_i16_ne_overflow,consistent,success,success
bytes-1.11.1,cursor::get_i32_be,consistent,success,success
bytes-1.11.1,cursor::get_i32_be_overflow,consistent,success,success
bytes-1.11.1,cursor::get_i32_le,consistent,success,success
bytes-1.11.1,cursor::get_i32_le_overflow,consistent,success,success
bytes-1.11.1,cursor::get_i32_ne,consistent,success,success
bytes-1.11.1,cursor::get_i32_ne_overflow,consistent,success,success
bytes-1.11.1,cursor::get_i64_be,consistent,success,success
bytes-1.11.1,cursor::get_i64_be_overflow,consistent,success,success
bytes-1.11.1,cursor::get_i64_le,consistent,success,success
bytes-1.11.1,cursor::get_i64_le_overflow,consistent,success,success
bytes-1.11.1,cursor::get_i64_ne,consistent,success,success
bytes-1.11.1,cursor::get_i64_ne_overflow,consistent,success,success
bytes-1.11.1,cursor::get_i8,consistent,success,success
bytes-1.11.1,cursor::get_i8_overflow,consistent,success,success
bytes-1.11.1,cursor::get_int_be,consistent,success,success
bytes-1.11.1,cursor::get_int_be_overflow,consistent,success,success
bytes-1.11.1,cursor::get_int_le,consistent,success,success
bytes-1.11.1,cursor::get_int_le_overflow,consistent,success,success
bytes-1.11.1,cursor::get_int_ne,consistent,success,success
bytes-1.11.1,cursor::get_int_ne_overflow,consistent,success,success
bytes-1.11.1,cursor::get_u128_be,consistent,success,success
bytes-1.11.1,cursor::get_u128_be_overflow,consistent,success,success
bytes-1.11.1,cursor::get_u128_le,consistent,success,success
bytes-1.11.1,cursor::get_u128_le_overflow,consistent,success,success
bytes-1.11.1,cursor::get_u128_ne,consistent,success,success
bytes-1.11.1,cursor::get_u128_ne_overflow,consistent,success,success
bytes-1.11.1,cursor::get_u16_be,consistent,success,success
bytes-1.11.1,cursor::get_u16_be_overflow,consistent,success,success
bytes-1.11.1,cursor::get_u16_le,consistent,success,success
bytes-1.11.1,cursor::get_u16_le_overflow,consistent,success,success
bytes-1.11.1,cursor::get_u16_ne,consistent,success,success
bytes-1.11.1,cursor::get_u16_ne_overflow,consistent,success,success
bytes-1.11.1,cursor::get_u32_be,consistent,success,success
bytes-1.11.1,cursor::get_u32_be_overflow,consistent,success,success
bytes-1.11.1,cursor::get_u32_le,consistent,success,success
bytes-1.11.1,cursor::get_u32_le_overflow,consistent,success,success
bytes-1.11.1,cursor::get_u32_ne,consistent,success,success
bytes-1.11.1,cursor::get_u32_ne_overflow,consistent,success,success
bytes-1.11.1,cursor::get_u64_be,consistent,success,success
bytes-1.11.1,cursor::get_u64_be_overflow,consistent,success,success
bytes-1.11.1,cursor::get_u64_le,consistent,success,success
bytes-1.11.1,cursor::get_u64_le_overflow,consistent,success,success
bytes-1.11.1,cursor::get_u64_ne,consistent,success,success
bytes-1.11.1,cursor::get_u64_ne_overflow,consistent,success,success
bytes-1.11.1,cursor::get_u8,consistent,success,success
bytes-1.11.1,cursor::get_u8_overflow,consistent,success,success
bytes-1.11.1,cursor::get_uint_be,consistent,success,success
bytes-1.11.1,cursor::get_uint_be_overflow,consistent,success,success
bytes-1.11.1,cursor::get_uint_le,consistent,success,success
bytes-1.11.1,cursor::get_uint_le_overflow,consistent,success,success
bytes-1.11.1,cursor::get_uint_ne,consistent,success,success
bytes-1.11.1,cursor::get_uint_ne_overflow,consistent,success,success
bytes-1.11.1,empty_iter_len,consistent,success,success
bytes-1.11.1,empty_slice_ref_not_an_empty_subset,consistent,success,success
bytes-1.11.1,extend_from_slice_mut,consistent,success,success
bytes-1.11.1,extend_mut,consistent,success,success
bytes-1.11.1,extend_mut_from_bytes,consistent,success,success
bytes-1.11.1,extend_mut_without_size_hint,consistent,success,success
bytes-1.11.1,extend_past_lower_limit_of_size_hint,consistent,success,success
bytes-1.11.1,fmt,consistent,success,success
bytes-1.11.1,fmt_write,consistent,success,success
bytes-1.11.1,fns_defined_for_bytes_mut,consistent,success,success
bytes-1.11.1,freeze_after_advance,consistent,success,success
bytes-1.11.1,freeze_after_advance_arc,consistent,success,success
bytes-1.11.1,freeze_after_split_off,consistent,success,success
bytes-1.11.1,freeze_after_split_to,consistent,success,success
bytes-1.11.1,freeze_after_truncate,consistent,success,success
bytes-1.11.1,freeze_after_truncate_arc,consistent,success,success
bytes-1.11.1,freeze_clone_shared,consistent,success,success
bytes-1.11.1,freeze_clone_unique,consistent,success,success
bytes-1.11.1,from_iter_no_size_hint,consistent,success,success
bytes-1.11.1,from_slice,consistent,success,success
bytes-1.11.1,from_static,consistent,success,success
bytes-1.11.1,get_mut,consistent,success,success
bytes-1.11.1,index,consistent,success,success
bytes-1.11.1,iter_len,consistent,success,success
bytes-1.11.1,iterating_two_bufs,consistent,success,success
bytes-1.11.1,len,consistent,success,success
bytes-1.11.1,limit_advance_mut,consistent,success,success
bytes-1.11.1,limit_advance_mut_panic_1,consistent,success,success
bytes-1.11.1,limit_advance_mut_panic_2,consistent,success,success
bytes-1.11.1,limit_chunk_mut,consistent,success,success
bytes-1.11.1,limit_get_mut,consistent,success,success
bytes-1.11.1,limit_into_inner,consistent,success,success
bytes-1.11.1,limit_set_limit,consistent,success,success
bytes-1.11.1,long_limit,consistent,success,success
bytes-1.11.1,long_take,consistent,success,success
bytes-1.11.1,mut_advance_past_len,consistent,success,success
bytes-1.11.1,mut_shared_is_unique,consistent,success,success
bytes-1.11.1,owned_buf_sharing,consistent,success,success
bytes-1.11.1,owned_buf_slicing,consistent,success,success
bytes-1.11.1,owned_dropped_exactly_once,consistent,success,success
bytes-1.11.1,owned_into_vec,consistent,success,success
bytes-1.11.1,owned_is_unique_always_false,consistent,success,success
bytes-1.11.1,owned_safe_drop_on_as_ref_panic,consistent,success,success
bytes-1.11.1,owned_to_mut,consistent,success,success
bytes-1.11.1,owned_to_vec,consistent,success,success
bytes-1.11.1,partial_eq_bytesmut,consistent,success,success
bytes-1.11.1,read,consistent,success,success
bytes-1.11.1,reserve_allocates_at_least_original_capacity,consistent,success,success
bytes-1.11.1,reserve_convert,consistent,success,success
bytes-1.11.1,reserve_growth,consistent,success,success
bytes-1.11.1,reserve_in_arc_nonunique_does_not_overallocate,consistent,success,success
bytes-1.11.1,reserve_in_arc_unique_does_not_overallocate,consistent,success,success
bytes-1.11.1,reserve_in_arc_unique_does_not_overallocate_after_multiple_splits,consistent,success,success
bytes-1.11.1,reserve_in_arc_unique_does_not_overallocate_after_split,consistent,success,success
bytes-1.11.1,reserve_in_arc_unique_doubles,consistent,success,success
bytes-1.11.1,reserve_shared_reuse,consistent,success,success
bytes-1.11.1,reserve_vec_recycling,consistent,success,success
bytes-1.11.1,shared_is_unique,consistent,success,success
bytes-1.11.1,slice,consistent,success,success
bytes-1.11.1,slice_empty_addr,consistent,success,success
bytes-1.11.1,slice_oob_1,consistent,success,success
bytes-1.11.1,slice_oob_2,consistent,success,success
bytes-1.11.1,slice_ref_catches_not_a_subset,consistent,success,success
bytes-1.11.1,slice_ref_empty,consistent,success,success
bytes-1.11.1,slice_ref_empty_subslice,consistent,success,success
bytes-1.11.1,slice_ref_not_an_empty_subset,consistent,success,success
bytes-1.11.1,slice_ref_works,consistent,success,success
bytes-1.11.1,slice_start_greater_than_end,consistent,success,success
bytes-1.11.1,split_off,consistent,success,success
bytes-1.11.1,split_off_empty_addr,consistent,success,success
bytes-1.11.1,split_off_empty_addr_mut,consistent,success,success
bytes-1.11.1,split_off_oob,consistent,success,success
bytes-1.11.1,split_off_to_at_gt_len,consistent,success,success
bytes-1.11.1,split_off_to_loop,consistent,success,success
bytes-1.11.1,split_off_uninitialized,consistent,success,success
bytes-1.11.1,split_to_1,consistent,success,success
bytes-1.11.1,split_to_2,consistent,success,success
bytes-1.11.1,split_to_empty_addr,consistent,success,success
bytes-1.11.1,split_to_empty_addr_mut,consistent,success,success
bytes-1.11.1,split_to_oob,consistent,success,success
bytes-1.11.1,split_to_oob_mut,consistent,success,success
bytes-1.11.1,split_to_uninitialized,consistent,success,success
bytes-1.11.1,static_is_unique,consistent,success,success
bytes-1.11.1,stress,consistent,success,success
bytes-1.11.1,take_chunks_vectored,consistent,success,success
bytes-1.11.1,take_copy_to_bytes,consistent,success,success
bytes-1.11.1,take_copy_to_bytes_panics,consistent,success,success
bytes-1.11.1,test_bounds,consistent,success,success
bytes-1.11.1,test_bytes_capacity_len,consistent,success,success
bytes-1.11.1,test_bytes_into_vec,consistent,success,success
bytes-1.11.1,test_bytes_into_vec_promotable_even,consistent,success,success
bytes-1.11.1,test_bytes_mut_conversion,consistent,success,success
bytes-1.11.1,test_bytes_mut_reuse,consistent,success,success
bytes-1.11.1,test_bytes_vec_conversion,consistent,success,success
bytes-1.11.1,test_bytesmut_from_bytes_bytes_mut_offset,consistent,success,success
bytes-1.11.1,test_bytesmut_from_bytes_bytes_mut_shared,consistent,success,success
bytes-1.11.1,test_bytesmut_from_bytes_bytes_mut_vec,consistent,success,success
bytes-1.11.1,test_bytesmut_from_bytes_promotable_even_arc_1,consistent,success,success
bytes-1.11.1,test_bytesmut_from_bytes_promotable_even_arc_2,consistent,success,success
bytes-1.11.1,test_bytesmut_from_bytes_promotable_even_arc_offset,consistent,success,success
bytes-1.11.1,test_bytesmut_from_bytes_promotable_even_vec,consistent,success,success
bytes-1.11.1,test_bytesmut_from_bytes_static,consistent,success,success
bytes-1.11.1,test_clone,consistent,success,success
bytes-1.11.1,test_deref_buf_forwards,consistent,success,success
bytes-1.11.1,test_deref_bufmut_forwards,consistent,success,success
bytes-1.11.1,test_layout,consistent,success,success
bytes-1.11.1,test_maybe_uninit_buf_mut_put_bytes_overflow,consistent,success,success
bytes-1.11.1,test_maybe_uninit_buf_mut_put_slice_overflow,consistent,success,success
bytes-1.11.1,test_maybe_uninit_buf_mut_small,consistent,success,success
bytes-1.11.1,test_put_int,consistent,success,success
bytes-1.11.1,test_put_int_le,consistent,success,success
bytes-1.11.1,test_put_int_le_nbytes_overflow,consistent,success,success
bytes-1.11.1,test_put_int_nbytes_overflow,consistent,success,success
bytes-1.11.1,test_put_u16,consistent,success,success
bytes-1.11.1,test_put_u8,consistent,success,success
bytes-1.11.1,test_slice_buf_mut_put_bytes_overflow,consistent,success,success
bytes-1.11.1,test_slice_buf_mut_put_slice_overflow,consistent,success,success
bytes-1.11.1,test_slice_buf_mut_small,consistent,success,success
bytes-1.11.1,test_vec_advance_mut,consistent,success,success
bytes-1.11.1,test_vec_as_mut_buf,consistent,success,success
bytes-1.11.1,test_vec_put_bytes,consistent,success,success
bytes-1.11.1,truncate,consistent,success,success
bytes-1.11.1,try_reclaim_arc,consistent,success,success
bytes-1.11.1,try_reclaim_empty,consistent,success,success
bytes-1.11.1,try_reclaim_vec,consistent,success,success
bytes-1.11.1,u8_slice::advance,consistent,success,success
bytes-1.11.1,u8_slice::advance_past_end,consistent,success,success
bytes-1.11.1,u8_slice::advance_to_end,consistent,success,success
bytes-1.11.1,u8_slice::chunks_vectored_empty,consistent,success,success
bytes-1.11.1,u8_slice::chunks_vectored_is_complete,consistent,success,success
bytes-1.11.1,u8_slice::copy_to_bytes,consistent,success,success
bytes-1.11.1,u8_slice::copy_to_bytes_big,consistent,success,success
bytes-1.11.1,u8_slice::copy_to_bytes_overflow,consistent,success,success
bytes-1.11.1,u8_slice::copy_to_bytes_to_end,consistent,success,success
bytes-1.11.1,u8_slice::copy_to_slice,consistent,success,success
bytes-1.11.1,u8_slice::copy_to_slice_big,consistent,success,success
bytes-1.11.1,u8_slice::copy_to_slice_overflow,consistent,success,success
bytes-1.11.1,u8_slice::copy_to_slice_to_end,consistent,success,success
bytes-1.11.1,u8_slice::empty_state,consistent,success,success
bytes-1.11.1,u8_slice::fresh_state,consistent,success,success
bytes-1.11.1,u8_slice::get_f32_be,consistent,success,success
bytes-1.11.1,u8_slice::get_f32_be_overflow,consistent,success,success
bytes-1.11.1,u8_slice::get_f32_le,consistent,success,success
bytes-1.11.1,u8_slice::get_f32_le_overflow,consistent,success,success
bytes-1.11.1,u8_slice::get_f32_ne,consistent,success,success
bytes-1.11.1,u8_slice::get_f32_ne_overflow,consistent,success,success
bytes-1.11.1,u8_slice::get_f64_be,consistent,success,success
bytes-1.11.1,u8_slice::get_f64_be_overflow,consistent,success,success
bytes-1.11.1,u8_slice::get_f64_le,consistent,success,success
bytes-1.11.1,u8_slice::get_f64_le_overflow,consistent,success,success
bytes-1.11.1,u8_slice::get_f64_ne,consistent,success,success
bytes-1.11.1,u8_slice::get_f64_ne_overflow,consistent,success,success
bytes-1.11.1,u8_slice::get_i128_be,consistent,success,success
bytes-1.11.1,u8_slice::get_i128_be_overflow,consistent,success,success
bytes-1.11.1,u8_slice::get_i128_le,consistent,success,success
bytes-1.11.1,u8_slice::get_i128_le_overflow,consistent,success,success
bytes-1.11.1,u8_slice::get_i128_ne,consistent,success,success
bytes-1.11.1,u8_slice::get_i128_ne_overflow,consistent,success,success
bytes-1.11.1,u8_slice::get_i16_be,consistent,success,success
bytes-1.11.1,u8_slice::get_i16_be_overflow,consistent,success,success
bytes-1.11.1,u8_slice::get_i16_le,consistent,success,success
bytes-1.11.1,u8_slice::get_i16_le_overflow,consistent,success,success
bytes-1.11.1,u8_slice::get_i16_ne,consistent,success,success
bytes-1.11.1,u8_slice::get_i16_ne_overflow,consistent,success,success
bytes-1.11.1,u8_slice::get_i32_be,consistent,success,success
bytes-1.11.1,u8_slice::get_i32_be_overflow,consistent,success,success
bytes-1.11.1,u8_slice::get_i32_le,consistent,success,success
bytes-1.11.1,u8_slice::get_i32_le_overflow,consistent,success,success
bytes-1.11.1,u8_slice::get_i32_ne,consistent,success,success
bytes-1.11.1,u8_slice::get_i32_ne_overflow,consistent,success,success
bytes-1.11.1,u8_slice::get_i64_be,consistent,success,success
bytes-1.11.1,u8_slice::get_i64_be_overflow,consistent,success,success
bytes-1.11.1,u8_slice::get_i64_le,consistent,success,success
bytes-1.11.1,u8_slice::get_i64_le_overflow,consistent,success,success
bytes-1.11.1,u8_slice::get_i64_ne,consistent,success,success
bytes-1.11.1,u8_slice::get_i64_ne_overflow,consistent,success,success
bytes-1.11.1,u8_slice::get_i8,consistent,success,success
bytes-1.11.1,u8_slice::get_i8_overflow,consistent,success,success
bytes-1.11.1,u8_slice::get_int_be,consistent,success,success
bytes-1.11.1,u8_slice::get_int_be_overflow,consistent,success,success
bytes-1.11.1,u8_slice::get_int_le,consistent,success,success
bytes-1.11.1,u8_slice::get_int_le_overflow,consistent,success,success
bytes-1.11.1,u8_slice::get_int_ne,consistent,success,success
bytes-1.11.1,u8_slice::get_int_ne_overflow,consistent,success,success
bytes-1.11.1,u8_slice::get_u128_be,consistent,success,success
bytes-1.11.1,u8_slice::get_u128_be_overflow,consistent,success,success
bytes-1.11.1,u8_slice::get_u128_le,consistent,success,success
bytes-1.11.1,u8_slice::get_u128_le_overflow,consistent,success,success
bytes-1.11.1,u8_slice::get_u128_ne,consistent,success,success
bytes-1.11.1,u8_slice::get_u128_ne_overflow,consistent,success,success
bytes-1.11.1,u8_slice::get_u16_be,consistent,success,success
bytes-1.11.1,u8_slice::get_u16_be_overflow,consistent,success,success
bytes-1.11.1,u8_slice::get_u16_le,consistent,success,success
bytes-1.11.1,u8_slice::get_u16_le_overflow,consistent,success,success
bytes-1.11.1,u8_slice::get_u16_ne,consistent,success,success
bytes-1.11.1,u8_slice::get_u16_ne_overflow,consistent,success,success
bytes-1.11.1,u8_slice::get_u32_be,consistent,success,success
bytes-1.11.1,u8_slice::get_u32_be_overflow,consistent,success,success
bytes-1.11.1,u8_slice::get_u32_le,consistent,success,success
bytes-1.11.1,u8_slice::get_u32_le_overflow,consistent,success,success
bytes-1.11.1,u8_slice::get_u32_ne,consistent,success,success
bytes-1.11.1,u8_slice::get_u32_ne_overflow,consistent,success,success
bytes-1.11.1,u8_slice::get_u64_be,consistent,success,success
bytes-1.11.1,u8_slice::get_u64_be_overflow,consistent,success,success
bytes-1.11.1,u8_slice::get_u64_le,consistent,success,success
bytes-1.11.1,u8_slice::get_u64_le_overflow,consistent,success,success
bytes-1.11.1,u8_slice::get_u64_ne,consistent,success,success
bytes-1.11.1,u8_slice::get_u64_ne_overflow,consistent,success,success
bytes-1.11.1,u8_slice::get_u8,consistent,success,success
bytes-1.11.1,u8_slice::get_u8_overflow,consistent,success,success
bytes-1.11.1,u8_slice::get_uint_be,consistent,success,success
bytes-1.11.1,u8_slice::get_uint_be_overflow,consistent,success,success
bytes-1.11.1,u8_slice::get_uint_le,consistent,success,success
bytes-1.11.1,u8_slice::get_uint_le_overflow,consistent,success,success
bytes-1.11.1,u8_slice::get_uint_ne,consistent,success,success
bytes-1.11.1,u8_slice::get_uint_ne_overflow,consistent,success,success
bytes-1.11.1,vec_deque::advance,consistent,success,success
bytes-1.11.1,vec_deque::advance_past_end,consistent,success,success
bytes-1.11.1,vec_deque::advance_to_end,consistent,success,success
bytes-1.11.1,vec_deque::chunks_vectored_empty,consistent,success,success
bytes-1.11.1,vec_deque::chunks_vectored_is_complete,consistent,success,success
bytes-1.11.1,vec_deque::copy_to_bytes,consistent,success,success
bytes-1.11.1,vec_deque::copy_to_bytes_big,consistent,success,success
bytes-1.11.1,vec_deque::copy_to_bytes_overflow,consistent,success,success
bytes-1.11.1,vec_deque::copy_to_bytes_to_end,consistent,success,success
bytes-1.11.1,vec_deque::copy_to_slice,consistent,success,success
bytes-1.11.1,vec_deque::copy_to_slice_big,consistent,success,success
bytes-1.11.1,vec_deque::copy_to_slice_overflow,consistent,success,success
bytes-1.11.1,vec_deque::copy_to_slice_to_end,consistent,success,success
bytes-1.11.1,vec_deque::empty_state,consistent,success,success
bytes-1.11.1,vec_deque::fresh_state,consistent,success,success
bytes-1.11.1,vec_deque::get_f32_be,consistent,success,success
bytes-1.11.1,vec_deque::get_f32_be_overflow,consistent,success,success
bytes-1.11.1,vec_deque::get_f32_le,consistent,success,success
bytes-1.11.1,vec_deque::get_f32_le_overflow,consistent,success,success
bytes-1.11.1,vec_deque::get_f32_ne,consistent,success,success
bytes-1.11.1,vec_deque::get_f32_ne_overflow,consistent,success,success
bytes-1.11.1,vec_deque::get_f64_be,consistent,success,success
bytes-1.11.1,vec_deque::get_f64_be_overflow,consistent,success,success
bytes-1.11.1,vec_deque::get_f64_le,consistent,success,success
bytes-1.11.1,vec_deque::get_f64_le_overflow,consistent,success,success
bytes-1.11.1,vec_deque::get_f64_ne,consistent,success,success
bytes-1.11.1,vec_deque::get_f64_ne_overflow,consistent,success,success
bytes-1.11.1,vec_deque::get_i128_be,consistent,success,success
bytes-1.11.1,vec_deque::get_i128_be_overflow,consistent,success,success
bytes-1.11.1,vec_deque::get_i128_le,consistent,success,success
bytes-1.11.1,vec_deque::get_i128_le_overflow,consistent,success,success
bytes-1.11.1,vec_deque::get_i128_ne,consistent,success,success
bytes-1.11.1,vec_deque::get_i128_ne_overflow,consistent,success,success
bytes-1.11.1,vec_deque::get_i16_be,consistent,success,success
bytes-1.11.1,vec_deque::get_i16_be_overflow,consistent,success,success
bytes-1.11.1,vec_deque::get_i16_le,consistent,success,success
bytes-1.11.1,vec_deque::get_i16_le_overflow,consistent,success,success
bytes-1.11.1,vec_deque::get_i16_ne,consistent,success,success
bytes-1.11.1,vec_deque::get_i16_ne_overflow,consistent,success,success
bytes-1.11.1,vec_deque::get_i32_be,consistent,success,success
bytes-1.11.1,vec_deque::get_i32_be_overflow,consistent,success,success
bytes-1.11.1,vec_deque::get_i32_le,consistent,success,success
bytes-1.11.1,vec_deque::get_i32_le_overflow,consistent,success,success
bytes-1.11.1,vec_deque::get_i32_ne,consistent,success,success
bytes-1.11.1,vec_deque::get_i32_ne_overflow,consistent,success,success
bytes-1.11.1,vec_deque::get_i64_be,consistent,success,success
bytes-1.11.1,vec_deque::get_i64_be_overflow,consistent,success,success
bytes-1.11.1,vec_deque::get_i64_le,consistent,success,success
bytes-1.11.1,vec_deque::get_i64_le_overflow,consistent,success,success
bytes-1.11.1,vec_deque::get_i64_ne,consistent,success,success
bytes-1.11.1,vec_deque::get_i64_ne_overflow,consistent,success,success
bytes-1.11.1,vec_deque::get_i8,consistent,success,success
bytes-1.11.1,vec_deque::get_i8_overflow,consistent,success,success
bytes-1.11.1,vec_deque::get_int_be,consistent,success,success
bytes-1.11.1,vec_deque::get_int_be_overflow,consistent,success,success
bytes-1.11.1,vec_deque::get_int_le,consistent,success,success
bytes-1.11.1,vec_deque::get_int_le_overflow,consistent,success,success
bytes-1.11.1,vec_deque::get_int_ne,consistent,success,success
bytes-1.11.1,vec_deque::get_int_ne_overflow,consistent,success,success
bytes-1.11.1,vec_deque::get_u128_be,consistent,success,success
bytes-1.11.1,vec_deque::get_u128_be_overflow,consistent,success,success
bytes-1.11.1,vec_deque::get_u128_le,consistent,success,success
bytes-1.11.1,vec_deque::get_u128_le_overflow,consistent,success,success
bytes-1.11.1,vec_deque::get_u128_ne,consistent,success,success
bytes-1.11.1,vec_deque::get_u128_ne_overflow,consistent,success,success
bytes-1.11.1,vec_deque::get_u16_be,consistent,success,success
bytes-1.11.1,vec_deque::get_u16_be_overflow,consistent,success,success
bytes-1.11.1,vec_deque::get_u16_le,consistent,success,success
bytes-1.11.1,vec_deque::get_u16_le_overflow,consistent,success,success
bytes-1.11.1,vec_deque::get_u16_ne,consistent,success,success
bytes-1.11.1,vec_deque::get_u16_ne_overflow,consistent,success,success
bytes-1.11.1,vec_deque::get_u32_be,consistent,success,success
bytes-1.11.1,vec_deque::get_u32_be_overflow,consistent,success,success
bytes-1.11.1,vec_deque::get_u32_le,consistent,success,success
bytes-1.11.1,vec_deque::get_u32_le_overflow,consistent,success,success
bytes-1.11.1,vec_deque::get_u32_ne,consistent,success,success
bytes-1.11.1,vec_deque::get_u32_ne_overflow,consistent,success,success
bytes-1.11.1,vec_deque::get_u64_be,consistent,success,success
bytes-1.11.1,vec_deque::get_u64_be_overflow,consistent,success,success
bytes-1.11.1,vec_deque::get_u64_le,consistent,success,success
bytes-1.11.1,vec_deque::get_u64_le_overflow,consistent,success,success
bytes-1.11.1,vec_deque::get_u64_ne,consistent,success,success
bytes-1.11.1,vec_deque::get_u64_ne_overflow,consistent,success,success
bytes-1.11.1,vec_deque::get_u8,consistent,success,success
bytes-1.11.1,vec_deque::get_u8_overflow,consistent,success,success
bytes-1.11.1,vec_deque::get_uint_be,consistent,success,success
bytes-1.11.1,vec_deque::get_uint_be_overflow,consistent,success,success
bytes-1.11.1,vec_deque::get_uint_le,consistent,success,success
bytes-1.11.1,vec_deque::get_uint_le_overflow,consistent,success,success
bytes-1.11.1,vec_deque::get_uint_ne,consistent,success,success
bytes-1.11.1,vec_deque::get_uint_ne_overflow,consistent,success,success
bytes-1.11.1,vec_is_unique,consistent,success,success
bytes-1.11.1,vectored_read,consistent,success,success
bytes-1.11.1,write_byte_panics_if_out_of_bounds,consistent,success,success
bytes-1.11.1,writing_chained,consistent,success,success
bytes-1.11.1,test_slice_buf_mut_large,consistent,success,success
bytes-1.11.1,test_maybe_uninit_buf_mut_large,consistent,success,success
camino-1.2.2,test_borrow_eq_ord,consistent,success,success
camino-1.2.2,test_borrow_hash,consistent,success,success
camino-1.2.2,tests::test_borrowed_into,consistent,success,success
camino-1.2.2,tests::test_deref_mut,consistent,success,success
camino-1.2.2,tests::test_owned_into,consistent,success,success
cc-1.2.63,flags::tests::all_rustc_flags,consistent,success,success
cc-1.2.63,flags::tests::codegen_type,consistent,success,success
cc-1.2.63,flags::tests::precedence,consistent,success,success
cc-1.2.63,flags::tests::stack_protector,consistent,success,success
cc-1.2.63,flags::tests::three_valid_prefixes,consistent,success,success
cc-1.2.63,flags::tests::two_valid_prefixes,consistent,success,success
cc-1.2.63,target::llvm::tests::basic_llvm_triple_guessing,consistent,success,success
cc-1.2.63,target::llvm::tests::llvm_version,consistent,success,success
cc-1.2.63,target::llvm::tests::test_old_ios_target,consistent,success,success
cc-1.2.63,target::llvm::tests::uefi,consistent,success,success
cc-1.2.63,target::parser::tests::parse_extra,consistent,success,success
cc-1.2.63,target::parser::tests::parses_apple_envs_correctly,consistent,success,success
cc-1.2.63,target::parser::tests::tier1,consistent,success,success
cc-1.2.63,target::parser::tests::unknown_env_determined_as_unknown,consistent,success,success
cc-1.2.63,tests::test_android_clang_compiler_uses_target_arg_internally,consistent,success,success
colored-3.1.1,color::tests::closest_euclidean::almost_black,consistent,success,success
colored-3.1.1,color::tests::closest_euclidean::almost_blue,consistent,success,success
colored-3.1.1,color::tests::closest_euclidean::almost_cyan,consistent,success,success
colored-3.1.1,color::tests::closest_euclidean::almost_green,consistent,success,success
colored-3.1.1,color::tests::closest_euclidean::almost_magenta,consistent,success,success
colored-3.1.1,color::tests::closest_euclidean::almost_red,consistent,success,success
colored-3.1.1,color::tests::closest_euclidean::almost_white,consistent,success,success
colored-3.1.1,color::tests::closest_euclidean::almost_yellow,consistent,success,success
colored-3.1.1,color::tests::closest_euclidean::exact_black,consistent,success,success
colored-3.1.1,color::tests::closest_euclidean::exact_blue,consistent,success,success
colored-3.1.1,color::tests::closest_euclidean::exact_cyan,consistent,success,success
colored-3.1.1,color::tests::closest_euclidean::exact_green,consistent,success,success
colored-3.1.1,color::tests::closest_euclidean::exact_magenta,consistent,success,success
colored-3.1.1,color::tests::closest_euclidean::exact_red,consistent,success,success
colored-3.1.1,color::tests::closest_euclidean::exact_white,consistent,success,success
colored-3.1.1,color::tests::closest_euclidean::exact_yellow,consistent,success,success
colored-3.1.1,color::tests::from_str::black,consistent,success,success
colored-3.1.1,color::tests::from_str::blue,consistent,success,success
colored-3.1.1,color::tests::from_str::brightblack,consistent,success,success
colored-3.1.1,color::tests::from_str::brightblue,consistent,success,success
colored-3.1.1,color::tests::from_str::brightcyan,consistent,success,success
colored-3.1.1,color::tests::from_str::brightgreen,consistent,success,success
colored-3.1.1,color::tests::from_str::brightmagenta,consistent,success,success
colored-3.1.1,color::tests::from_str::brightred,consistent,success,success
colored-3.1.1,color::tests::from_str::brightwhite,consistent,success,success
colored-3.1.1,color::tests::from_str::brightyellow,consistent,success,success
colored-3.1.1,color::tests::from_str::capitalized,consistent,success,success
colored-3.1.1,color::tests::from_str::cyan,consistent,success,success
colored-3.1.1,color::tests::from_str::green,consistent,success,success
colored-3.1.1,color::tests::from_str::hex3_lower,consistent,success,success
colored-3.1.1,color::tests::from_str::hex3_mixed,consistent,success,success
colored-3.1.1,color::tests::from_str::hex3_upper,consistent,success,success
colored-3.1.1,color::tests::from_str::hex6_lower,consistent,success,success
colored-3.1.1,color::tests::from_str::hex6_mixed,consistent,success,success
colored-3.1.1,color::tests::from_str::hex6_upper,consistent,success,success
colored-3.1.1,color::tests::from_str::hex_invalid,consistent,success,success
colored-3.1.1,color::tests::from_str::hex_too_long,consistent,success,success
colored-3.1.1,color::tests::from_str::hex_too_short,consistent,success,success
colored-3.1.1,color::tests::from_str::invalid,consistent,success,success
colored-3.1.1,color::tests::from_str::magenta,consistent,success,success
colored-3.1.1,color::tests::from_str::mixed_case,consistent,success,success
colored-3.1.1,color::tests::from_str::purple,consistent,success,success
colored-3.1.1,color::tests::from_str::red,consistent,success,success
colored-3.1.1,color::tests::from_str::white,consistent,success,success
colored-3.1.1,color::tests::from_str::yellow,consistent,success,success
colored-3.1.1,color::tests::from_string::black,consistent,success,success
colored-3.1.1,color::tests::from_string::blue,consistent,success,success
colored-3.1.1,color::tests::from_string::brightblack,consistent,success,success
colored-3.1.1,color::tests::from_string::brightblue,consistent,success,success
colored-3.1.1,color::tests::from_string::brightcyan,consistent,success,success
colored-3.1.1,color::tests::from_string::brightgreen,consistent,success,success
colored-3.1.1,color::tests::from_string::brightmagenta,consistent,success,success
colored-3.1.1,color::tests::from_string::brightred,consistent,success,success
colored-3.1.1,color::tests::from_string::brightwhite,consistent,success,success
colored-3.1.1,color::tests::from_string::brightyellow,consistent,success,success
colored-3.1.1,color::tests::from_string::capitalized,consistent,success,success
colored-3.1.1,color::tests::from_string::cyan,consistent,success,success
colored-3.1.1,color::tests::from_string::green,consistent,success,success
colored-3.1.1,color::tests::from_string::hex3_lower,consistent,success,success
colored-3.1.1,color::tests::from_string::hex3_mixed,consistent,success,success
colored-3.1.1,color::tests::from_string::hex3_upper,consistent,success,success
colored-3.1.1,color::tests::from_string::hex6_lower,consistent,success,success
colored-3.1.1,color::tests::from_string::hex6_mixed,consistent,success,success
colored-3.1.1,color::tests::from_string::hex6_upper,consistent,success,success
colored-3.1.1,color::tests::from_string::hex_invalid,consistent,success,success
colored-3.1.1,color::tests::from_string::hex_too_long,consistent,success,success
colored-3.1.1,color::tests::from_string::hex_too_short,consistent,success,success
colored-3.1.1,color::tests::from_string::invalid,consistent,success,success
colored-3.1.1,color::tests::from_string::magenta,consistent,success,success
colored-3.1.1,color::tests::from_string::mixed_case,consistent,success,success
colored-3.1.1,color::tests::from_string::red,consistent,success,success
colored-3.1.1,color::tests::from_string::white,consistent,success,success
colored-3.1.1,color::tests::from_string::yellow,consistent,success,success
colored-3.1.1,color::tests::fromstr::error,consistent,success,success
colored-3.1.1,color::tests::fromstr::parse,consistent,success,success
colored-3.1.1,compat_bgcolors::on_black,consistent,test_failed,test_failed
colored-3.1.1,compat_bgcolors::on_blue,consistent,test_failed,test_failed
colored-3.1.1,compat_bgcolors::on_cyan,consistent,test_failed,test_failed
colored-3.1.1,compat_bgcolors::on_green,consistent,test_failed,test_failed
colored-3.1.1,compat_bgcolors::on_magenta,consistent,test_failed,test_failed
colored-3.1.1,compat_bgcolors::on_red,consistent,test_failed,test_failed
colored-3.1.1,compat_bgcolors::on_white,consistent,test_failed,test_failed
colored-3.1.1,compat_bgcolors::on_yellow,consistent,test_failed,test_failed
colored-3.1.1,compat_colors::black,consistent,test_failed,test_failed
colored-3.1.1,compat_colors::blue,consistent,test_failed,test_failed
colored-3.1.1,compat_colors::cyan,consistent,test_failed,test_failed
colored-3.1.1,compat_colors::green,consistent,test_failed,test_failed
colored-3.1.1,compat_colors::magenta,consistent,test_failed,test_failed
colored-3.1.1,compat_colors::red,consistent,test_failed,test_failed
colored-3.1.1,compat_colors::white,consistent,test_failed,test_failed
colored-3.1.1,compat_colors::yellow,consistent,test_failed,test_failed
colored-3.1.1,compat_complex::complex1,consistent,test_failed,test_failed
colored-3.1.1,compat_complex::complex2,consistent,test_failed,test_failed
colored-3.1.1,compat_overrides::overrides1,consistent,test_failed,test_failed
colored-3.1.1,compat_overrides::overrides2,consistent,test_failed,test_failed
colored-3.1.1,compat_styles::blink,consistent,test_failed,test_failed
colored-3.1.1,compat_styles::bold,consistent,test_failed,test_failed
colored-3.1.1,compat_styles::dimmed,consistent,test_failed,test_failed
colored-3.1.1,compat_styles::hidden,consistent,test_failed,test_failed
colored-3.1.1,compat_styles::italic,consistent,test_failed,test_failed
colored-3.1.1,compat_styles::reversed,consistent,test_failed,test_failed
colored-3.1.1,compat_styles::underline,consistent,test_failed,test_failed
colored-3.1.1,control::specs::clicolor_behavior,consistent,success,success
colored-3.1.1,customcolors::tests::from_tuple,consistent,success,success
colored-3.1.1,customcolors::tests::main,consistent,test_failed,test_failed
colored-3.1.1,style::tests::style_bitwise_logic::assign_ops,consistent,success,success
colored-3.1.1,style::tests::style_bitwise_logic::assign_ops_with_styles,consistent,success,success
colored-3.1.1,style::tests::style_bitwise_logic::binops,consistent,success,success
colored-3.1.1,style::tests::style_bitwise_logic::binops_with_styles,consistent,success,success
colored-3.1.1,style::tests::style_bitwise_logic::not,consistent,success,success
colored-3.1.1,style::tests::style_bitwise_logic::styles_binops,consistent,success,success
colored-3.1.1,style::tests::style_bitwise_logic::styles_not,consistent,success,success
colored-3.1.1,style::tests::styles_combine_complex::aggreg1,consistent,success,success
colored-3.1.1,style::tests::styles_combine_complex::aggreg2,consistent,success,success
colored-3.1.1,style::tests::styles_combine_complex::aggreg3,consistent,success,success
colored-3.1.1,style::tests::styles_combine_complex::all,consistent,success,success
colored-3.1.1,style::tests::styles_combine_complex::five,consistent,success,success
colored-3.1.1,style::tests::styles_combine_complex::four,consistent,success,success
colored-3.1.1,style::tests::styles_combine_complex::six,consistent,success,success
colored-3.1.1,style::tests::styles_combine_complex::three1,consistent,success,success
colored-3.1.1,style::tests::styles_combine_complex::three2,consistent,success,success
colored-3.1.1,style::tests::styles_combine_complex::two1,consistent,success,success
colored-3.1.1,style::tests::styles_combine_complex::two2,consistent,success,success
colored-3.1.1,style::tests::styles_combine_complex::two3,consistent,success,success
colored-3.1.1,style::tests::test_style_contains,consistent,success,success
colored-3.1.1,style::tests::u8_to_styles_invalid_is_none::empty_is_none,consistent,success,success
colored-3.1.1,style::tests::u8_to_styles_isomorphism::blink,consistent,success,success
colored-3.1.1,style::tests::u8_to_styles_isomorphism::bold,consistent,success,success
colored-3.1.1,style::tests::u8_to_styles_isomorphism::dimmed,consistent,success,success
colored-3.1.1,style::tests::u8_to_styles_isomorphism::hidden,consistent,success,success
colored-3.1.1,style::tests::u8_to_styles_isomorphism::italic,consistent,success,success
colored-3.1.1,style::tests::u8_to_styles_isomorphism::reversed,consistent,success,success
colored-3.1.1,style::tests::u8_to_styles_isomorphism::strikethrough,consistent,success,success
colored-3.1.1,style::tests::u8_to_styles_isomorphism::underline,consistent,success,success
colored-3.1.1,tests::bright_color_fn,consistent,success,success
colored-3.1.1,tests::color_fn,consistent,success,success
colored-3.1.1,tests::compute_style_blue_bold,consistent,test_failed,test_failed
colored-3.1.1,tests::compute_style_blue_bold_on_blue,consistent,test_failed,test_failed
colored-3.1.1,tests::compute_style_blue_on_blue,consistent,test_failed,test_failed
colored-3.1.1,tests::compute_style_bright_blue_on_bright_blue,consistent,test_failed,test_failed
colored-3.1.1,tests::compute_style_empty_string,consistent,success,success
colored-3.1.1,tests::compute_style_simple_bg_blue,consistent,test_failed,test_failed
colored-3.1.1,tests::compute_style_simple_bg_bright_blue,consistent,test_failed,test_failed
colored-3.1.1,tests::compute_style_simple_bold,consistent,test_failed,test_failed
colored-3.1.1,tests::compute_style_simple_fg_blue,consistent,test_failed,test_failed
colored-3.1.1,tests::compute_style_simple_fg_bright_blue,consistent,test_failed,test_failed
colored-3.1.1,tests::escape_reset_sequence_spec_should_do_nothing_on_empty_strings,consistent,success,success
colored-3.1.1,tests::escape_reset_sequence_spec_should_do_nothing_on_string_with_no_reset,consistent,success,success
colored-3.1.1,tests::escape_reset_sequence_spec_should_replace_inner_reset_sequence_with_current_style,consistent,test_failed,test_failed
colored-3.1.1,tests::escape_reset_sequence_spec_should_replace_multiple_inner_reset_sequences_with_current_style,consistent,test_failed,test_failed
colored-3.1.1,tests::exposing_tests,consistent,success,success
colored-3.1.1,tests::formatting,consistent,success,success
colored-3.1.1,tests::it_works,consistent,test_failed,test_failed
colored-3.1.1,tests::on_bright_color_fn,consistent,success,success
colored-3.1.1,tests::on_color_fn,consistent,success,success
combine-4.6.7,always_output_end_of_input_after_end_of_input,consistent,success,success
combine-4.6.7,buffered_stream_recognize_issue_256,consistent,success,success
combine-4.6.7,choice_empty,consistent,success,success
combine-4.6.7,error::tests_std::parse_clone_but_not_copy,consistent,success,success
combine-4.6.7,issue_99,consistent,success,success
combine-4.6.7,not_followed_by_does_not_consume_any_input,consistent,success,success
combine-4.6.7,parser::byte::num::tests::no_rangestream,consistent,success,success
combine-4.6.7,parser::byte::tests::bytes_read_stream,consistent,success,success
combine-4.6.7,parser::byte::tests::memslice_basic,consistent,success,success
combine-4.6.7,parser::char::tests::space_error,consistent,success,success
combine-4.6.7,parser::char::tests::string_committed,consistent,success,success
combine-4.6.7,parser::char::tests::string_error,consistent,success,success
combine-4.6.7,parser::choice::tests::choice_single_parser,consistent,success,success
combine-4.6.7,parser::range::tests::range_string_no_char_boundary_error,consistent,success,success
combine-4.6.7,parser::range::tests::take_until_range_1,consistent,success,success
combine-4.6.7,parser::range::tests::take_until_range_2,consistent,success,success
combine-4.6.7,parser::range::tests::take_until_range_unicode_1,consistent,success,success
combine-4.6.7,parser::range::tests::take_until_range_unicode_2,consistent,success,success
combine-4.6.7,parser::range::tests::take_while1_test,consistent,success,success
combine-4.6.7,parser::range::tests::take_while_test,consistent,success,success
combine-4.6.7,parser::sequence::tests::sequence_single_parser,consistent,success,success
combine-4.6.7,position,consistent,success,success
combine-4.6.7,shared_stream_backtrack,consistent,success,success
combine-4.6.7,shared_stream_buffer,consistent,success,success
combine-4.6.7,shared_stream_insufficent_backtrack,consistent,success,success
combine-4.6.7,std_tests::error_position,consistent,success,success
combine-4.6.7,std_tests::expression_basic,consistent,success,success
combine-4.6.7,std_tests::expression_error,consistent,success,success
combine-4.6.7,std_tests::extract_std_error,consistent,success,success
combine-4.6.7,std_tests::field,consistent,success,success
combine-4.6.7,std_tests::infinite_recursion_in_box_parser,consistent,success,success
combine-4.6.7,std_tests::inner_error_consume,consistent,success,success
combine-4.6.7,std_tests::iterator,consistent,success,success
combine-4.6.7,std_tests::list,consistent,success,success
combine-4.6.7,std_tests::operators,consistent,success,success
combine-4.6.7,std_tests::optional_error_consume,consistent,success,success
combine-4.6.7,std_tests::sep_by_error_consume,consistent,success,success
combine-4.6.7,std_tests::source_position,consistent,success,success
combine-4.6.7,std_tests::std_error,consistent,success,success
combine-4.6.7,std_tests::test_integer,consistent,success,success
combine-4.6.7,std_tests::unsized_parser,consistent,success,success
combine-4.6.7,stream::buf_reader::tests_sync::buf_reader,consistent,success,success
combine-4.6.7,stream::buf_reader::tests_sync::buf_reader_extend_buf,consistent,success,success
combine-4.6.7,stream::position::tests::test_positioner,consistent,success,success
combine-4.6.7,stream::position::tests::test_range_positioner,consistent,success,success
combine-4.6.7,stream::tests::larger_than_1_byte_items_return_correct_distance,consistent,success,success
combine-4.6.7,stream::tests::uncons_range_at_end,consistent,success,success
combine-4.6.7,test_that_we_dont_need_imports_for_this_macro_to_work,consistent,success,success
combine-4.6.7,tests::chainl1_error_consume,consistent,success,success
combine-4.6.7,tests::choice_strings,consistent,success,success
combine-4.6.7,tests_std::choice_compose_issue_175,consistent,success,success
combine-4.6.7,tests_std::choice_compose_on_error,consistent,success,success
combine-4.6.7,tests_std::committed_then_optional_empty_ok_then_error,consistent,success,success
combine-4.6.7,tests_std::count_min_max_empty_error,consistent,success,success
combine-4.6.7,tests_std::expected_retain_errors,consistent,success,success
combine-4.6.7,tests_std::expected_tests,consistent,success,success
combine-4.6.7,tests_std::lifetime_inference,consistent,success,success
combine-4.6.7,tests_std::message_tests,consistent,success,success
combine-4.6.7,tests_std::nested_optional_empty_ok_then_error,consistent,success,success
combine-4.6.7,tests_std::not_followed_by_empty_error_issue_220,consistent,success,success
combine-4.6.7,tests_std::optional_empty_ok_then_error,consistent,success,success
combine-4.6.7,tests_std::parser_macro_must_impl_parse_mode_issue_168,consistent,success,success
combine-4.6.7,tests_std::recognize_parser_issue_168,consistent,success,success
combine-4.6.7,tests_std::sep_by_committed_error,consistent,success,success
combine-4.6.7,tests_std::sep_end_by1_dont_eat_separator_twice,consistent,success,success
combine-4.6.7,tests_std::sequence_error,consistent,success,success
combine-4.6.7,tests_std::sequence_in_choice_array_parser_empty_err,consistent,success,success
combine-4.6.7,tests_std::sequence_in_choice_array_parser_empty_err_where_first_parser_delay_errors,consistent,success,success
combine-4.6.7,tests_std::sequence_in_choice_parser_empty_err,consistent,success,success
combine-4.6.7,tests_std::sequence_in_many_report_delayed_error,consistent,success,success
combine-4.6.7,tests_std::sequence_in_optional_nested_2_report_delayed_error,consistent,success,success
combine-4.6.7,tests_std::sequence_in_optional_nested_report_delayed_error,consistent,success,success
combine-4.6.7,tests_std::sequence_in_optional_report_delayed_error,consistent,success,success
combine-4.6.7,tests_std::sequence_in_sep_by_report_delayed_error,consistent,success,success
combine-4.6.7,tests_std::sequence_parser_resets_partial_state_issue_168,consistent,success,success
combine-4.6.7,tests_std::test,consistent,success,success
combine-4.6.7,tests_std::test_nested_count_overflow,consistent,success,success
combine-4.6.7,tests_std::token_clone_but_not_copy,consistent,success,success
combine-4.6.7,tests_std::try_tests,consistent,success,success
combine-4.6.7,tests_std::tuple_parse_error,consistent,success,success
combine-4.6.7,tuple,consistent,success,success
concurrent-queue-2.5.0,capacity,consistent,success,success
concurrent-queue-2.5.0,close,consistent,success,success
concurrent-queue-2.5.0,drops,consistent,success,success
concurrent-queue-2.5.0,force_push,consistent,success,success
concurrent-queue-2.5.0,len,consistent,success,success
concurrent-queue-2.5.0,len_empty_full,consistent,success,success
concurrent-queue-2.5.0,linearizable,consistent,success,success
concurrent-queue-2.5.0,mpmc,consistent,success,success
concurrent-queue-2.5.0,mpmc_ring_buffer,consistent,success,success
concurrent-queue-2.5.0,smoke,consistent,success,success
concurrent-queue-2.5.0,spsc,consistent,success,success
concurrent-queue-2.5.0,spsc_ring_buffer,consistent,success,success
concurrent-queue-2.5.0,zero_capacity,consistent,success,success
const-oid-0.10.2,as_bytes,consistent,success,success
const-oid-0.10.2,as_oid_ref,consistent,success,success
const-oid-0.10.2,display,consistent,success,success
const-oid-0.10.2,encoder::tests::base128_byte,consistent,success,success
const-oid-0.10.2,encoder::tests::encode,consistent,success,success
const-oid-0.10.2,from_bytes,consistent,success,success
const-oid-0.10.2,from_bytes_oid_0,consistent,success,success
const-oid-0.10.2,from_bytes_oid_1,consistent,success,success
const-oid-0.10.2,from_bytes_oid_2,consistent,success,success
const-oid-0.10.2,from_bytes_oid_largearc_0,consistent,success,success
const-oid-0.10.2,from_bytes_oid_largearc_1,consistent,success,success
const-oid-0.10.2,from_bytes_oid_largearc_2,consistent,success,success
const-oid-0.10.2,from_str,consistent,success,success
const-oid-0.10.2,parent,consistent,success,success
const-oid-0.10.2,parse_empty,consistent,success,success
const-oid-0.10.2,parse_invalid_first_arc,consistent,success,success
const-oid-0.10.2,parse_invalid_repeat_dots,consistent,success,success
const-oid-0.10.2,parse_invalid_second_arc,consistent,success,success
const-oid-0.10.2,parser::tests::parse,consistent,success,success
const-oid-0.10.2,parser::tests::reject_empty_string,consistent,success,success
const-oid-0.10.2,parser::tests::reject_non_digits,consistent,success,success
const-oid-0.10.2,parser::tests::reject_trailing_dot,consistent,success,success
const-oid-0.10.2,push_arc,consistent,success,success
const-oid-0.10.2,round_trip,consistent,success,success
const-oid-0.10.2,starts_with,consistent,success,success
const-oid-0.10.2,try_from_u32_slice,consistent,success,success
core-foundation-sys-0.8.7,number::test::match_for_type_id_should_be_backwards_compatible,consistent,success,success
cpufeatures-0.3.0,init,consistent,success,success
cpufeatures-0.3.0,init_get,consistent,success,success
crc32fast-1.5.0,baseline::test::fast_16_is_the_same_as_slow,consistent,success,success
crc32fast-1.5.0,baseline::test::slow,consistent,success,success
crc32fast-1.5.0,combine::golden,consistent,success,success
crc32fast-1.5.0,test::combine,consistent,success,success
crc32fast-1.5.0,test::combine_from_len,consistent,success,success
crc32fast-1.5.0,specialized::pclmulqdq::test::check_against_baseline,consistent,success,success
crossbeam-channel-0.5.15,after_same_channel,consistent,success,success
crossbeam-channel-0.5.15,array_same_channel,consistent,success,success
crossbeam-channel-0.5.15,both_ready,consistent,success,success
crossbeam-channel-0.5.15,capacity,consistent,success,success
crossbeam-channel-0.5.15,case_blocks,consistent,success,success
crossbeam-channel-0.5.15,chan1::main,consistent,success,success
crossbeam-channel-0.5.15,chan_test::test_chan,consistent,success,success
crossbeam-channel-0.5.15,chan_test::test_chan_send_interface,consistent,success,success
crossbeam-channel-0.5.15,chan_test::test_multi_consumer,consistent,success,success
crossbeam-channel-0.5.15,chan_test::test_nonblock_recv_race,consistent,success,success
crossbeam-channel-0.5.15,chan_test::test_nonblock_select_race,consistent,success,success
crossbeam-channel-0.5.15,chan_test::test_nonblock_select_race2,consistent,success,success
crossbeam-channel-0.5.15,chan_test::test_pseudo_random_send,consistent,success,success
crossbeam-channel-0.5.15,chan_test::test_select_duplicate_channel,consistent,success,success
crossbeam-channel-0.5.15,chan_test::test_select_fairness,consistent,success,success
crossbeam-channel-0.5.15,chan_test::test_select_stress,consistent,success,success
crossbeam-channel-0.5.15,chan_test::test_self_select,consistent,success,success
crossbeam-channel-0.5.15,channel_tests::chan_gone_concurrent,consistent,success,success
crossbeam-channel-0.5.15,channel_tests::destroy_upgraded_shared_port_when_sender_still_active,consistent,success,success
crossbeam-channel-0.5.15,channel_tests::drop_full,consistent,success,success
crossbeam-channel-0.5.15,channel_tests::drop_full_shared,consistent,success,success
crossbeam-channel-0.5.15,channel_tests::issue_32114,consistent,success,success
crossbeam-channel-0.5.15,channel_tests::no_runtime,consistent,success,success
crossbeam-channel-0.5.15,channel_tests::oneshot_multi_task_recv_then_close,consistent,success,success
crossbeam-channel-0.5.15,channel_tests::oneshot_multi_task_recv_then_send,consistent,success,success
crossbeam-channel-0.5.15,channel_tests::oneshot_multi_thread_close_stress,consistent,success,success
crossbeam-channel-0.5.15,channel_tests::oneshot_multi_thread_recv_close_stress,consistent,success,success
crossbeam-channel-0.5.15,channel_tests::oneshot_multi_thread_send_close_stress,consistent,success,success
crossbeam-channel-0.5.15,channel_tests::oneshot_multi_thread_send_recv_stress,consistent,success,success
crossbeam-channel-0.5.15,channel_tests::oneshot_single_thread_close_chan_first,consistent,success,success
crossbeam-channel-0.5.15,channel_tests::oneshot_single_thread_close_port_first,consistent,success,success
crossbeam-channel-0.5.15,channel_tests::oneshot_single_thread_peek_close,consistent,success,success
crossbeam-channel-0.5.15,channel_tests::oneshot_single_thread_peek_data,consistent,success,success
crossbeam-channel-0.5.15,channel_tests::oneshot_single_thread_peek_open,consistent,success,success
crossbeam-channel-0.5.15,channel_tests::oneshot_single_thread_recv_chan_close,consistent,success,success
crossbeam-channel-0.5.15,channel_tests::oneshot_single_thread_recv_timeout,consistent,success,success
crossbeam-channel-0.5.15,channel_tests::oneshot_single_thread_send_port_close,consistent,success,success
crossbeam-channel-0.5.15,channel_tests::oneshot_single_thread_send_then_recv,consistent,success,success
crossbeam-channel-0.5.15,channel_tests::oneshot_single_thread_try_recv_closed,consistent,success,success
crossbeam-channel-0.5.15,channel_tests::oneshot_single_thread_try_recv_open,consistent,success,success
crossbeam-channel-0.5.15,channel_tests::oneshot_single_thread_try_send_closed,consistent,success,success
crossbeam-channel-0.5.15,channel_tests::oneshot_single_thread_try_send_open,consistent,success,success
crossbeam-channel-0.5.15,channel_tests::port_gone_concurrent,consistent,success,success
crossbeam-channel-0.5.15,channel_tests::port_gone_concurrent_shared,consistent,success,success
crossbeam-channel-0.5.15,channel_tests::recv_a_lot,consistent,success,success
crossbeam-channel-0.5.15,channel_tests::recv_from_outside_runtime,consistent,success,success
crossbeam-channel-0.5.15,channel_tests::recv_timeout_upgrade,consistent,success,success
crossbeam-channel-0.5.15,channel_tests::send_from_outside_runtime,consistent,success,success
crossbeam-channel-0.5.15,channel_tests::shared_chan_stress,consistent,success,success
crossbeam-channel-0.5.15,channel_tests::shared_recv_timeout,consistent,success,success
crossbeam-channel-0.5.15,channel_tests::smoke,consistent,success,success
crossbeam-channel-0.5.15,channel_tests::smoke_chan_gone,consistent,success,success
crossbeam-channel-0.5.15,channel_tests::smoke_chan_gone_shared,consistent,success,success
crossbeam-channel-0.5.15,channel_tests::smoke_port_gone,consistent,success,success
crossbeam-channel-0.5.15,channel_tests::smoke_shared,consistent,success,success
crossbeam-channel-0.5.15,channel_tests::smoke_shared_port_gone,consistent,success,success
crossbeam-channel-0.5.15,channel_tests::smoke_shared_port_gone2,consistent,success,success
crossbeam-channel-0.5.15,channel_tests::smoke_threads,consistent,success,success
crossbeam-channel-0.5.15,channel_tests::stream_send_recv_stress,consistent,success,success
crossbeam-channel-0.5.15,channel_tests::stress,consistent,success,success
crossbeam-channel-0.5.15,channel_tests::stress_recv_timeout_shared,consistent,success,success
crossbeam-channel-0.5.15,channel_tests::stress_recv_timeout_two_threads,consistent,success,success
crossbeam-channel-0.5.15,channel_tests::stress_shared,consistent,success,success
crossbeam-channel-0.5.15,channel_tests::test_nested_recv_iter,consistent,success,success
crossbeam-channel-0.5.15,channel_tests::test_recv_into_iter_borrowed,consistent,success,success
crossbeam-channel-0.5.15,channel_tests::test_recv_into_iter_owned,consistent,success,success
crossbeam-channel-0.5.15,channel_tests::test_recv_iter_break,consistent,success,success
crossbeam-channel-0.5.15,channel_tests::test_recv_try_iter,consistent,success,success
crossbeam-channel-0.5.15,channel_tests::try_recv_states,consistent,success,success
crossbeam-channel-0.5.15,channel_through_channel,consistent,success,success
crossbeam-channel-0.5.15,cloning1,consistent,success,success
crossbeam-channel-0.5.15,cloning2,consistent,success,success
crossbeam-channel-0.5.15,default,consistent,success,success
crossbeam-channel-0.5.15,default_only,consistent,success,success
crossbeam-channel-0.5.15,default_syntax,consistent,success,success
crossbeam-channel-0.5.15,default_when_disconnected,consistent,success,success
crossbeam-channel-0.5.15,deref,consistent,success,success
crossbeam-channel-0.5.15,different_flavors_same_channel,consistent,success,success
crossbeam-channel-0.5.15,disconnect_wakes_receiver,consistent,success,success
crossbeam-channel-0.5.15,disconnect_wakes_sender,consistent,success,success
crossbeam-channel-0.5.15,disconnected,consistent,success,success
crossbeam-channel-0.5.15,doubleselect::main,consistent,success,success
crossbeam-channel-0.5.15,drops,consistent,success,success
crossbeam-channel-0.5.15,duplicate_operations,consistent,success,success
crossbeam-channel-0.5.15,evaluate,consistent,success,success
crossbeam-channel-0.5.15,fairness,consistent,success,success
crossbeam-channel-0.5.15,fairness1,consistent,success,success
crossbeam-channel-0.5.15,fairness2,consistent,success,success
crossbeam-channel-0.5.15,fairness_duplicates,consistent,success,success
crossbeam-channel-0.5.15,fairness_recv,consistent,success,success
crossbeam-channel-0.5.15,fairness_send,consistent,success,success
crossbeam-channel-0.5.15,fifo::asynch_fifo,consistent,success,success
crossbeam-channel-0.5.15,fifo::synch_fifo,consistent,success,success
crossbeam-channel-0.5.15,goroutines::main,consistent,success,success
crossbeam-channel-0.5.15,handles_on_heap,consistent,success,success
crossbeam-channel-0.5.15,infer_types,consistent,success,success
crossbeam-channel-0.5.15,len,consistent,success,success
crossbeam-channel-0.5.15,len_empty_full,consistent,success,success
crossbeam-channel-0.5.15,linearizable,consistent,success,success
crossbeam-channel-0.5.15,linearizable_default,consistent,success,success
crossbeam-channel-0.5.15,linearizable_timeout,consistent,success,success
crossbeam-channel-0.5.15,linearizable_try,consistent,success,success
crossbeam-channel-0.5.15,list_same_channel,consistent,success,success
crossbeam-channel-0.5.15,loop_try,consistent,success,success
crossbeam-channel-0.5.15,matching,consistent,success,success
crossbeam-channel-0.5.15,matching_with_leftover,consistent,success,success
crossbeam-channel-0.5.15,move_handles,consistent,success,success
crossbeam-channel-0.5.15,mpmc,consistent,success,success
crossbeam-channel-0.5.15,nested_recv_iter,consistent,success,success
crossbeam-channel-0.5.15,nesting,consistent,success,success
crossbeam-channel-0.5.15,never_same_channel,consistent,success,success
crossbeam-channel-0.5.15,nonblock::main,consistent,success,success
crossbeam-channel-0.5.15,once_blocks,consistent,success,success
crossbeam-channel-0.5.15,once_receiver,consistent,success,success
crossbeam-channel-0.5.15,once_sender,consistent,success,success
crossbeam-channel-0.5.15,optional,consistent,success,success
crossbeam-channel-0.5.15,panic_on_drop,consistent,success,success
crossbeam-channel-0.5.15,panic_receiver,consistent,success,success
crossbeam-channel-0.5.15,panic_sender,consistent,success,success
crossbeam-channel-0.5.15,parse_nesting,consistent,success,success
crossbeam-channel-0.5.15,preflight1,consistent,success,success
crossbeam-channel-0.5.15,preflight2,consistent,success,success
crossbeam-channel-0.5.15,preflight3,consistent,success,success
crossbeam-channel-0.5.15,recv,consistent,success,success
crossbeam-channel-0.5.15,recv_after_disconnect,consistent,success,success
crossbeam-channel-0.5.15,recv_in_send,consistent,success,success
crossbeam-channel-0.5.15,recv_into_iter_borrowed,consistent,success,success
crossbeam-channel-0.5.15,recv_into_iter_owned,consistent,success,success
crossbeam-channel-0.5.15,recv_iter_break,consistent,success,success
crossbeam-channel-0.5.15,recv_timeout,consistent,success,success
crossbeam-channel-0.5.15,recv_try_iter,consistent,success,success
crossbeam-channel-0.5.15,references,consistent,success,success
crossbeam-channel-0.5.15,result_types,consistent,success,success
crossbeam-channel-0.5.15,reuse,consistent,success,success
crossbeam-channel-0.5.15,same_variable_name,consistent,success,success
crossbeam-channel-0.5.15,select2::main,consistent,success,success
crossbeam-channel-0.5.15,select4::main,consistent,success,success
crossbeam-channel-0.5.15,select6::main,consistent,success,success
crossbeam-channel-0.5.15,select7::main,consistent,success,success
crossbeam-channel-0.5.15,select::main,consistent,success,success
crossbeam-channel-0.5.15,select_tests::both_ready,consistent,success,success
crossbeam-channel-0.5.15,select_tests::cloning,consistent,success,success
crossbeam-channel-0.5.15,select_tests::cloning2,consistent,success,success
crossbeam-channel-0.5.15,select_tests::cloning3,consistent,success,success
crossbeam-channel-0.5.15,select_tests::closed,consistent,success,success
crossbeam-channel-0.5.15,select_tests::oneshot_data_waiting,consistent,success,success
crossbeam-channel-0.5.15,select_tests::preflight1,consistent,success,success
crossbeam-channel-0.5.15,select_tests::preflight2,consistent,success,success
crossbeam-channel-0.5.15,select_tests::preflight3,consistent,success,success
crossbeam-channel-0.5.15,select_tests::preflight4,consistent,success,success
crossbeam-channel-0.5.15,select_tests::preflight5,consistent,success,success
crossbeam-channel-0.5.15,select_tests::preflight6,consistent,success,success
crossbeam-channel-0.5.15,select_tests::preflight7,consistent,success,success
crossbeam-channel-0.5.15,select_tests::preflight8,consistent,success,success
crossbeam-channel-0.5.15,select_tests::preflight9,consistent,success,success
crossbeam-channel-0.5.15,select_tests::shared_data_waiting,consistent,success,success
crossbeam-channel-0.5.15,select_tests::smoke,consistent,success,success
crossbeam-channel-0.5.15,select_tests::smoke2,consistent,success,success
crossbeam-channel-0.5.15,select_tests::stream_data_waiting,consistent,success,success
crossbeam-channel-0.5.15,select_tests::stress,consistent,success,success
crossbeam-channel-0.5.15,select_tests::sync1,consistent,success,success
crossbeam-channel-0.5.15,select_tests::sync2,consistent,success,success
crossbeam-channel-0.5.15,select_tests::sync3,consistent,success,success
crossbeam-channel-0.5.15,select_tests::unblocks,consistent,success,success
crossbeam-channel-0.5.15,send,consistent,success,success
crossbeam-channel-0.5.15,send_after_disconnect,consistent,success,success
crossbeam-channel-0.5.15,send_and_clone,consistent,success,success
crossbeam-channel-0.5.15,send_recv_same_channel,consistent,success,success
crossbeam-channel-0.5.15,send_timeout,consistent,success,success
crossbeam-channel-0.5.15,sieve1::main,consistent,success,success
crossbeam-channel-0.5.15,smoke,consistent,success,success
crossbeam-channel-0.5.15,smoke1,consistent,success,success
crossbeam-channel-0.5.15,smoke2,consistent,success,success
crossbeam-channel-0.5.15,spsc,consistent,success,success
crossbeam-channel-0.5.15,stack_overflow,consistent,success,success
crossbeam-channel-0.5.15,stress_iter,consistent,success,success
crossbeam-channel-0.5.15,stress_mixed,consistent,success,success
crossbeam-channel-0.5.15,stress_oneshot,consistent,success,success
crossbeam-channel-0.5.15,stress_recv,consistent,success,success
crossbeam-channel-0.5.15,stress_send,consistent,success,success
crossbeam-channel-0.5.15,stress_timeout_two_threads,consistent,success,success
crossbeam-channel-0.5.15,sync_and_clone,consistent,success,success
crossbeam-channel-0.5.15,sync_channel_tests::chan_gone_concurrent,consistent,success,success
crossbeam-channel-0.5.15,sync_channel_tests::destroy_upgraded_shared_port_when_sender_still_active,consistent,success,success
crossbeam-channel-0.5.15,sync_channel_tests::drop_full,consistent,success,success
crossbeam-channel-0.5.15,sync_channel_tests::issue_15761,consistent,success,success
crossbeam-channel-0.5.15,sync_channel_tests::oneshot_multi_task_recv_then_close,consistent,success,success
crossbeam-channel-0.5.15,sync_channel_tests::oneshot_multi_task_recv_then_send,consistent,success,success
crossbeam-channel-0.5.15,sync_channel_tests::oneshot_multi_thread_close_stress,consistent,success,success
crossbeam-channel-0.5.15,sync_channel_tests::oneshot_multi_thread_recv_close_stress,consistent,success,success
crossbeam-channel-0.5.15,sync_channel_tests::oneshot_multi_thread_send_close_stress,consistent,success,success
crossbeam-channel-0.5.15,sync_channel_tests::oneshot_multi_thread_send_recv_stress,consistent,success,success
crossbeam-channel-0.5.15,sync_channel_tests::oneshot_single_thread_close_chan_first,consistent,success,success
crossbeam-channel-0.5.15,sync_channel_tests::oneshot_single_thread_close_port_first,consistent,success,success
crossbeam-channel-0.5.15,sync_channel_tests::oneshot_single_thread_peek_close,consistent,success,success
crossbeam-channel-0.5.15,sync_channel_tests::oneshot_single_thread_peek_data,consistent,success,success
crossbeam-channel-0.5.15,sync_channel_tests::oneshot_single_thread_peek_open,consistent,success,success
crossbeam-channel-0.5.15,sync_channel_tests::oneshot_single_thread_recv_chan_close,consistent,success,success
crossbeam-channel-0.5.15,sync_channel_tests::oneshot_single_thread_send_port_close,consistent,success,success
crossbeam-channel-0.5.15,sync_channel_tests::oneshot_single_thread_send_then_recv,consistent,success,success
crossbeam-channel-0.5.15,sync_channel_tests::oneshot_single_thread_try_recv_closed,consistent,success,success
crossbeam-channel-0.5.15,sync_channel_tests::oneshot_single_thread_try_recv_closed_with_data,consistent,success,success
crossbeam-channel-0.5.15,sync_channel_tests::oneshot_single_thread_try_recv_open,consistent,success,success
crossbeam-channel-0.5.15,sync_channel_tests::oneshot_single_thread_try_send_closed,consistent,success,success
crossbeam-channel-0.5.15,sync_channel_tests::oneshot_single_thread_try_send_closed2,consistent,success,success
crossbeam-channel-0.5.15,sync_channel_tests::oneshot_single_thread_try_send_open,consistent,success,success
crossbeam-channel-0.5.15,sync_channel_tests::port_gone_concurrent,consistent,success,success
crossbeam-channel-0.5.15,sync_channel_tests::port_gone_concurrent_shared,consistent,success,success
crossbeam-channel-0.5.15,sync_channel_tests::recv_a_lot,consistent,success,success
crossbeam-channel-0.5.15,sync_channel_tests::recv_timeout,consistent,success,success
crossbeam-channel-0.5.15,sync_channel_tests::send1,consistent,success,success
crossbeam-channel-0.5.15,sync_channel_tests::send2,consistent,success,success
crossbeam-channel-0.5.15,sync_channel_tests::send3,consistent,success,success
crossbeam-channel-0.5.15,sync_channel_tests::send4,consistent,success,success
crossbeam-channel-0.5.15,sync_channel_tests::shared_chan_stress,consistent,success,success
crossbeam-channel-0.5.15,sync_channel_tests::smoke,consistent,success,success
crossbeam-channel-0.5.15,sync_channel_tests::smoke_chan_gone,consistent,success,success
crossbeam-channel-0.5.15,sync_channel_tests::smoke_chan_gone_shared,consistent,success,success
crossbeam-channel-0.5.15,sync_channel_tests::smoke_port_gone,consistent,success,success
crossbeam-channel-0.5.15,sync_channel_tests::smoke_shared,consistent,success,success
crossbeam-channel-0.5.15,sync_channel_tests::smoke_shared_port_gone2,consistent,success,success
crossbeam-channel-0.5.15,sync_channel_tests::smoke_threads,consistent,success,success
crossbeam-channel-0.5.15,sync_channel_tests::stream_send_recv_stress,consistent,success,success
crossbeam-channel-0.5.15,sync_channel_tests::stress,consistent,success,success
crossbeam-channel-0.5.15,sync_channel_tests::stress_recv_timeout_shared,consistent,success,success
crossbeam-channel-0.5.15,sync_channel_tests::stress_recv_timeout_two_threads,consistent,success,success
crossbeam-channel-0.5.15,sync_channel_tests::stress_shared,consistent,success,success
crossbeam-channel-0.5.15,sync_channel_tests::test_nested_recv_iter,consistent,success,success
crossbeam-channel-0.5.15,sync_channel_tests::test_recv_iter_break,consistent,success,success
crossbeam-channel-0.5.15,sync_channel_tests::try_recv_states,consistent,success,success
crossbeam-channel-0.5.15,sync_channel_tests::try_send1,consistent,success,success
crossbeam-channel-0.5.15,sync_channel_tests::try_send2,consistent,success,success
crossbeam-channel-0.5.15,sync_channel_tests::try_send3,consistent,success,success
crossbeam-channel-0.5.15,tick_n,consistent,success,success
crossbeam-channel-0.5.15,tick_same_channel,consistent,success,success
crossbeam-channel-0.5.15,timeout,consistent,success,success
crossbeam-channel-0.5.15,trailing_comma,consistent,success,success
crossbeam-channel-0.5.15,try_recv,consistent,success,success
crossbeam-channel-0.5.15,try_send,consistent,success,success
crossbeam-channel-0.5.15,unblocks,consistent,success,success
crossbeam-channel-0.5.15,unfairness,consistent,success,success
crossbeam-channel-0.5.15,unfairness_timeout,consistent,success,success
crossbeam-channel-0.5.15,unfairness_try,consistent,success,success
crossbeam-channel-0.5.15,zero_same_channel,consistent,success,success
crossbeam-channel-0.5.15,zerosize::zero_size_array,consistent,success,success
crossbeam-channel-0.5.15,zerosize::zero_size_struct,consistent,success,success
crossbeam-deque-0.8.6,destructors,consistent,success,success
crossbeam-deque-0.8.6,is_empty,consistent,success,success
crossbeam-deque-0.8.6,mpmc,consistent,success,success
crossbeam-deque-0.8.6,smoke,consistent,success,success
crossbeam-deque-0.8.6,spsc,consistent,success,success
crossbeam-deque-0.8.6,stack_overflow,consistent,success,success
crossbeam-deque-0.8.6,stampede,consistent,success,success
crossbeam-deque-0.8.6,steal_batch_and_pop_fifo_fifo,consistent,success,success
crossbeam-deque-0.8.6,steal_batch_and_pop_fifo_lifo,consistent,success,success
crossbeam-deque-0.8.6,steal_batch_and_pop_injector_fifo,consistent,success,success
crossbeam-deque-0.8.6,steal_batch_and_pop_injector_lifo,consistent,success,success
crossbeam-deque-0.8.6,steal_batch_and_pop_lifo_fifo,consistent,success,success
crossbeam-deque-0.8.6,steal_batch_and_pop_lifo_lifo,consistent,success,success
crossbeam-deque-0.8.6,steal_batch_fifo_fifo,consistent,success,success
crossbeam-deque-0.8.6,steal_batch_fifo_lifo,consistent,success,success
crossbeam-deque-0.8.6,steal_batch_injector_fifo,consistent,success,success
crossbeam-deque-0.8.6,steal_batch_injector_lifo,consistent,success,success
crossbeam-deque-0.8.6,steal_batch_lifo_fifo,consistent,success,success
crossbeam-deque-0.8.6,steal_batch_lifo_lifo,consistent,success,success
crossbeam-deque-0.8.6,steal_fifo,consistent,success,success
crossbeam-deque-0.8.6,steal_injector,consistent,success,success
crossbeam-deque-0.8.6,steal_lifo,consistent,success,success
crossbeam-deque-0.8.6,stress,consistent,success,success
crossbeam-queue-0.3.12,capacity,consistent,success,success
crossbeam-queue-0.3.12,drops,consistent,success,success
crossbeam-queue-0.3.12,into_iter,consistent,success,success
crossbeam-queue-0.3.12,into_iter_drop,consistent,success,success
crossbeam-queue-0.3.12,len,consistent,success,success
crossbeam-queue-0.3.12,len_empty_full,consistent,success,success
crossbeam-queue-0.3.12,linearizable,consistent,success,success
crossbeam-queue-0.3.12,mpmc,consistent,success,success
crossbeam-queue-0.3.12,mpmc_ring_buffer,consistent,success,success
crossbeam-queue-0.3.12,smoke,consistent,success,success
crossbeam-queue-0.3.12,spsc,consistent,success,success
crossbeam-queue-0.3.12,spsc_ring_buffer,consistent,success,success
crossbeam-queue-0.3.12,stack_overflow,consistent,success,success
crossbeam-queue-0.3.12,zero_capacity,consistent,success,success
crossbeam-utils-0.8.21,arc,consistent,success,success
crossbeam-utils-0.8.21,arc_access_in_unwind,consistent,success,success
crossbeam-utils-0.8.21,arc_no_poison_rr,consistent,success,success
crossbeam-utils-0.8.21,arc_no_poison_sl,consistent,success,success
crossbeam-utils-0.8.21,arc_poison_wr,consistent,success,success
crossbeam-utils-0.8.21,arc_poison_ww,consistent,success,success
crossbeam-utils-0.8.21,arithmetic_i128,consistent,success,success
crossbeam-utils-0.8.21,arithmetic_i16,consistent,success,success
crossbeam-utils-0.8.21,arithmetic_i32,consistent,success,success
crossbeam-utils-0.8.21,arithmetic_i64,consistent,success,success
crossbeam-utils-0.8.21,arithmetic_i8,consistent,success,success
crossbeam-utils-0.8.21,arithmetic_u128,consistent,success,success
crossbeam-utils-0.8.21,arithmetic_u16,consistent,success,success
crossbeam-utils-0.8.21,arithmetic_u32,consistent,success,success
crossbeam-utils-0.8.21,arithmetic_u64,consistent,success,success
crossbeam-utils-0.8.21,arithmetic_u8,consistent,success,success
crossbeam-utils-0.8.21,as_pthread_t,consistent,success,success
crossbeam-utils-0.8.21,atomic::seq_lock::tests::test_abort,consistent,success,success
crossbeam-utils-0.8.21,clone,consistent,success,success
crossbeam-utils-0.8.21,const_atomic_cell_new,consistent,success,success
crossbeam-utils-0.8.21,const_is_lock_free,consistent,success,success
crossbeam-utils-0.8.21,counter,consistent,success,success
crossbeam-utils-0.8.21,counter_builder,consistent,success,success
crossbeam-utils-0.8.21,counter_panic,consistent,success,success
crossbeam-utils-0.8.21,debug,consistent,success,success
crossbeam-utils-0.8.21,default,consistent,success,success
crossbeam-utils-0.8.21,different_sizes,consistent,success,success
crossbeam-utils-0.8.21,distance,consistent,success,success
crossbeam-utils-0.8.21,drops,consistent,success,success
crossbeam-utils-0.8.21,drops_u8,consistent,success,success
crossbeam-utils-0.8.21,drops_unit,consistent,success,success
crossbeam-utils-0.8.21,drops_usize,consistent,success,success
crossbeam-utils-0.8.21,frob,consistent,success,success
crossbeam-utils-0.8.21,garbage_padding,consistent,success,success
crossbeam-utils-0.8.21,is_lock_free,consistent,success,success
crossbeam-utils-0.8.21,issue_833,consistent,success,success
crossbeam-utils-0.8.21,join,consistent,success,success
crossbeam-utils-0.8.21,join_nested,consistent,success,success
crossbeam-utils-0.8.21,large,consistent,success,success
crossbeam-utils-0.8.21,modular_u8,consistent,success,success
crossbeam-utils-0.8.21,modular_usize,consistent,success,success
crossbeam-utils-0.8.21,nesting,consistent,success,success
crossbeam-utils-0.8.21,panic_many,consistent,success,success
crossbeam-utils-0.8.21,panic_twice,consistent,success,success
crossbeam-utils-0.8.21,park_timeout_unpark_before,consistent,success,success
crossbeam-utils-0.8.21,park_timeout_unpark_called_other_thread,consistent,success,success
crossbeam-utils-0.8.21,park_timeout_unpark_not_called,consistent,success,success
crossbeam-utils-0.8.21,runs_custom_clone,consistent,success,success
crossbeam-utils-0.8.21,scope_returns_ok,consistent,success,success
crossbeam-utils-0.8.21,smoke,consistent,success,success
crossbeam-utils-0.8.21,store_pair,consistent,success,success
crossbeam-utils-0.8.21,store_u64,consistent,success,success
crossbeam-utils-0.8.21,test_get_mut,consistent,success,success
crossbeam-utils-0.8.21,test_get_mut_poison,consistent,success,success
crossbeam-utils-0.8.21,test_into_inner,consistent,success,success
crossbeam-utils-0.8.21,test_into_inner_drop,consistent,success,success
crossbeam-utils-0.8.21,test_into_inner_poison,consistent,success,success
crossbeam-utils-0.8.21,try_write,consistent,success,success
crossbeam-utils-0.8.21,unsized_type,consistent,success,success
crossbeam-utils-0.8.21,wait,consistent,success,success
crossbeam-utils-0.8.21,wait_and_drop,consistent,success,success
csv-1.4.0,byte_record::tests::empty_field_1,consistent,success,success
csv-1.4.0,byte_record::tests::empty_field_2,consistent,success,success
csv-1.4.0,byte_record::tests::empty_record,consistent,success,success
csv-1.4.0,byte_record::tests::empty_surround_1,consistent,success,success
csv-1.4.0,byte_record::tests::empty_surround_2,consistent,success,success
csv-1.4.0,byte_record::tests::eq_field_boundaries,consistent,success,success
csv-1.4.0,byte_record::tests::eq_record_len,consistent,success,success
csv-1.4.0,byte_record::tests::iter,consistent,success,success
csv-1.4.0,byte_record::tests::iter_forward_and_reverse,consistent,success,success
csv-1.4.0,byte_record::tests::iter_reverse,consistent,success,success
csv-1.4.0,byte_record::tests::record_1,consistent,success,success
csv-1.4.0,byte_record::tests::record_2,consistent,success,success
csv-1.4.0,byte_record::tests::trim_back,consistent,success,success
csv-1.4.0,byte_record::tests::trim_both,consistent,success,success
csv-1.4.0,byte_record::tests::trim_does_not_panic_on_empty_records_1,consistent,success,success
csv-1.4.0,byte_record::tests::trim_does_not_panic_on_empty_records_2,consistent,success,success
csv-1.4.0,byte_record::tests::trim_does_not_panic_on_empty_records_3,consistent,success,success
csv-1.4.0,byte_record::tests::trim_front,consistent,success,success
csv-1.4.0,byte_record::tests::trim_whitespace_only,consistent,success,success
csv-1.4.0,byte_record::tests::utf8_clear_ok,consistent,success,success
csv-1.4.0,byte_record::tests::utf8_error_1,consistent,success,success
csv-1.4.0,byte_record::tests::utf8_error_2,consistent,success,success
csv-1.4.0,byte_record::tests::utf8_error_3,consistent,success,success
csv-1.4.0,byte_record::tests::utf8_error_4,consistent,success,success
csv-1.4.0,byte_record::tests::utf8_error_5,consistent,success,success
csv-1.4.0,byte_record::tests::utf8_error_6,consistent,success,success
csv-1.4.0,cookbook_read_basic,consistent,test_failed,test_failed
csv-1.4.0,cookbook_read_colon,consistent,test_failed,test_failed
csv-1.4.0,cookbook_read_no_headers,consistent,test_failed,test_failed
csv-1.4.0,cookbook_read_serde,consistent,test_failed,test_failed
csv-1.4.0,cookbook_write_basic,consistent,test_failed,test_failed
csv-1.4.0,cookbook_write_serde,consistent,test_failed,test_failed
csv-1.4.0,deserializer::tests::adjacent_fixed_arrays,consistent,success,success
csv-1.4.0,deserializer::tests::bad_hex_seq,consistent,success,success
csv-1.4.0,deserializer::tests::borrowed,consistent,success,success
csv-1.4.0,deserializer::tests::borrowed_map,consistent,success,success
csv-1.4.0,deserializer::tests::borrowed_map_bytes,consistent,success,success
csv-1.4.0,deserializer::tests::bytes,consistent,success,success
csv-1.4.0,deserializer::tests::enum_label_simple_tagged,consistent,test_failed,test_failed
csv-1.4.0,deserializer::tests::enum_untagged,consistent,success,success
csv-1.4.0,deserializer::tests::flatten,consistent,success,success
csv-1.4.0,deserializer::tests::map_headers,consistent,success,success
csv-1.4.0,deserializer::tests::map_no_headers,consistent,success,success
csv-1.4.0,deserializer::tests::mixed_hex_seq,consistent,success,success
csv-1.4.0,deserializer::tests::no_chars,consistent,success,success
csv-1.4.0,deserializer::tests::no_fields,consistent,success,success
csv-1.4.0,deserializer::tests::one_char,consistent,success,success
csv-1.4.0,deserializer::tests::one_field,consistent,success,success
csv-1.4.0,deserializer::tests::one_field_128,consistent,success,success
csv-1.4.0,deserializer::tests::option_empty_field,consistent,success,success
csv-1.4.0,deserializer::tests::option_invalid_field,consistent,success,success
csv-1.4.0,deserializer::tests::partially_invalid_utf8,consistent,success,success
csv-1.4.0,deserializer::tests::seq_in_struct,consistent,success,success
csv-1.4.0,deserializer::tests::seq_in_struct_tail,consistent,success,success
csv-1.4.0,deserializer::tests::simple_hex_seq,consistent,success,success
csv-1.4.0,deserializer::tests::simple_seq,consistent,success,success
csv-1.4.0,deserializer::tests::too_many_chars,consistent,success,success
csv-1.4.0,deserializer::tests::two_fields,consistent,success,success
csv-1.4.0,deserializer::tests::two_fields_too_few,consistent,success,success
csv-1.4.0,deserializer::tests::two_fields_too_many,consistent,success,success
csv-1.4.0,deserializer::tests::with_header,consistent,test_failed,test_failed
csv-1.4.0,deserializer::tests::with_header_empty,consistent,success,success
csv-1.4.0,deserializer::tests::with_header_empty_ok,consistent,success,success
csv-1.4.0,deserializer::tests::with_header_missing,consistent,test_failed,test_failed
csv-1.4.0,deserializer::tests::with_header_missing_ok,consistent,test_failed,test_failed
csv-1.4.0,deserializer::tests::with_header_no_fields,consistent,success,success
csv-1.4.0,deserializer::tests::with_header_unknown,consistent,success,success
csv-1.4.0,deserializer::tests::without_header,consistent,test_failed,test_failed
csv-1.4.0,no_infinite_loop_on_io_errors,consistent,success,success
csv-1.4.0,reader::tests::headers_on_empty_data,consistent,success,success
csv-1.4.0,reader::tests::no_headers_on_empty_data,consistent,success,success
csv-1.4.0,reader::tests::no_headers_on_empty_data_after_headers,consistent,success,success
csv-1.4.0,reader::tests::positions_headers,consistent,success,success
csv-1.4.0,reader::tests::positions_no_headers,consistent,success,success
csv-1.4.0,reader::tests::read_byte_record,consistent,success,success
csv-1.4.0,reader::tests::read_record_headers,consistent,success,success
csv-1.4.0,reader::tests::read_record_headers_invalid_utf8,consistent,success,success
csv-1.4.0,reader::tests::read_record_no_headers_after,consistent,success,success
csv-1.4.0,reader::tests::read_record_no_headers_before,consistent,success,success
csv-1.4.0,reader::tests::read_record_unequal_continue,consistent,success,success
csv-1.4.0,reader::tests::read_record_unequal_fails,consistent,success,success
csv-1.4.0,reader::tests::read_record_unequal_ok,consistent,success,success
csv-1.4.0,reader::tests::read_trimed_header_invalid_utf8,consistent,success,success
csv-1.4.0,reader::tests::read_trimmed_header,consistent,success,success
csv-1.4.0,reader::tests::read_trimmed_records,consistent,success,success
csv-1.4.0,reader::tests::read_trimmed_records_and_headers,consistent,success,success
csv-1.4.0,reader::tests::read_trimmed_records_without_headers,consistent,success,success
csv-1.4.0,reader::tests::seek,consistent,success,success
csv-1.4.0,reader::tests::seek_headers_after,consistent,success,success
csv-1.4.0,reader::tests::seek_headers_before_after,consistent,success,success
csv-1.4.0,reader::tests::seek_headers_no_actual_seek,consistent,success,success
csv-1.4.0,serializer::tests::bool,consistent,success,success
csv-1.4.0,serializer::tests::bytes,consistent,success,success
csv-1.4.0,serializer::tests::char,consistent,success,success
csv-1.4.0,serializer::tests::enum_newtypes,consistent,success,success
csv-1.4.0,serializer::tests::enum_struct_variant,consistent,success,success
csv-1.4.0,serializer::tests::enum_units,consistent,success,success
csv-1.4.0,serializer::tests::float,consistent,success,success
csv-1.4.0,serializer::tests::float_nan,consistent,success,success
csv-1.4.0,serializer::tests::integer,consistent,success,success
csv-1.4.0,serializer::tests::integer_i128,consistent,success,success
csv-1.4.0,serializer::tests::integer_u128,consistent,success,success
csv-1.4.0,serializer::tests::option,consistent,success,success
csv-1.4.0,serializer::tests::seq,consistent,success,success
csv-1.4.0,serializer::tests::str,consistent,success,success
csv-1.4.0,serializer::tests::struct_headers,consistent,success,success
csv-1.4.0,serializer::tests::struct_headers_inside_nested_tuple_seq,consistent,success,success
csv-1.4.0,serializer::tests::struct_headers_inside_seq,consistent,success,success
csv-1.4.0,serializer::tests::struct_headers_inside_tuple,consistent,success,success
csv-1.4.0,serializer::tests::struct_headers_inside_tuple_scalar_after,consistent,success,success
csv-1.4.0,serializer::tests::struct_headers_inside_tuple_scalar_before,consistent,success,success
csv-1.4.0,serializer::tests::struct_headers_nested,consistent,success,success
csv-1.4.0,serializer::tests::struct_headers_nested_seq,consistent,success,success
csv-1.4.0,serializer::tests::struct_newtype,consistent,success,success
csv-1.4.0,serializer::tests::struct_no_headers,consistent,success,success
csv-1.4.0,serializer::tests::struct_no_headers_128,consistent,success,success
csv-1.4.0,serializer::tests::struct_unit,consistent,success,success
csv-1.4.0,serializer::tests::tuple,consistent,success,success
csv-1.4.0,serializer::tests::tuple_struct,consistent,success,success
csv-1.4.0,serializer::tests::tuple_variant,consistent,success,success
csv-1.4.0,serializer::tests::unit,consistent,success,success
csv-1.4.0,string_record::tests::eq_field_boundaries,consistent,success,success
csv-1.4.0,string_record::tests::eq_record_len,consistent,success,success
csv-1.4.0,string_record::tests::trim_back,consistent,success,success
csv-1.4.0,string_record::tests::trim_both,consistent,success,success
csv-1.4.0,string_record::tests::trim_does_not_panic_on_empty_records_1,consistent,success,success
csv-1.4.0,string_record::tests::trim_does_not_panic_on_empty_records_2,consistent,success,success
csv-1.4.0,string_record::tests::trim_does_not_panic_on_empty_records_3,consistent,success,success
csv-1.4.0,string_record::tests::trim_front,consistent,success,success
csv-1.4.0,string_record::tests::trim_whitespace_only,consistent,success,success
csv-1.4.0,tutorial_error_01,consistent,test_failed,test_failed
csv-1.4.0,tutorial_error_01_errored,consistent,test_failed,test_failed
csv-1.4.0,tutorial_error_02,consistent,test_failed,test_failed
csv-1.4.0,tutorial_error_02_errored,consistent,test_failed,test_failed
csv-1.4.0,tutorial_error_03,consistent,test_failed,test_failed
csv-1.4.0,tutorial_error_03_errored,consistent,test_failed,test_failed
csv-1.4.0,tutorial_error_04,consistent,test_failed,test_failed
csv-1.4.0,tutorial_error_04_errored,consistent,test_failed,test_failed
csv-1.4.0,tutorial_perf_alloc_01,consistent,test_failed,test_failed
csv-1.4.0,tutorial_perf_alloc_02,consistent,test_failed,test_failed
csv-1.4.0,tutorial_perf_alloc_03,consistent,test_failed,test_failed
csv-1.4.0,tutorial_perf_core_01,consistent,test_failed,test_failed
csv-1.4.0,tutorial_perf_serde_01,consistent,test_failed,test_failed
csv-1.4.0,tutorial_perf_serde_02,consistent,test_failed,test_failed
csv-1.4.0,tutorial_perf_serde_03,consistent,test_failed,test_failed
csv-1.4.0,tutorial_pipeline_pop_01,consistent,test_failed,test_failed
csv-1.4.0,tutorial_pipeline_search_01,consistent,test_failed,test_failed
csv-1.4.0,tutorial_pipeline_search_01_errored,consistent,test_failed,test_failed
csv-1.4.0,tutorial_pipeline_search_02,consistent,test_failed,test_failed
csv-1.4.0,tutorial_read_01,consistent,test_failed,test_failed
csv-1.4.0,tutorial_read_delimiter_01,consistent,test_failed,test_failed
csv-1.4.0,tutorial_read_headers_01,consistent,test_failed,test_failed
csv-1.4.0,tutorial_read_headers_02,consistent,test_failed,test_failed
csv-1.4.0,tutorial_read_serde_01,consistent,test_failed,test_failed
csv-1.4.0,tutorial_read_serde_02,consistent,test_failed,test_failed
csv-1.4.0,tutorial_read_serde_03,consistent,test_failed,test_failed
csv-1.4.0,tutorial_read_serde_04,consistent,test_failed,test_failed
csv-1.4.0,tutorial_read_serde_05_invalid,consistent,test_failed,test_failed
csv-1.4.0,tutorial_read_serde_05_invalid_errored,consistent,test_failed,test_failed
csv-1.4.0,tutorial_read_serde_invalid_06,consistent,test_failed,test_failed
csv-1.4.0,tutorial_setup_01,consistent,test_failed,test_failed
csv-1.4.0,tutorial_write_01,consistent,test_failed,test_failed
csv-1.4.0,tutorial_write_delimiter_01,consistent,test_failed,test_failed
csv-1.4.0,tutorial_write_serde_01,consistent,test_failed,test_failed
csv-1.4.0,tutorial_write_serde_02,consistent,test_failed,test_failed
csv-1.4.0,writer::tests::comment_char_is_automatically_quoted,consistent,success,success
csv-1.4.0,writer::tests::full_buffer_should_not_flush_underlying,consistent,success,success
csv-1.4.0,writer::tests::one_byte_record,consistent,success,success
csv-1.4.0,writer::tests::one_empty_record,consistent,success,success
csv-1.4.0,writer::tests::one_record,consistent,success,success
csv-1.4.0,writer::tests::one_string_record,consistent,success,success
csv-1.4.0,writer::tests::raw_one_byte_record,consistent,success,success
csv-1.4.0,writer::tests::raw_one_empty_record,consistent,success,success
csv-1.4.0,writer::tests::raw_two_empty_records,consistent,success,success
csv-1.4.0,writer::tests::raw_unequal_records_bad,consistent,success,success
csv-1.4.0,writer::tests::raw_unequal_records_ok,consistent,success,success
csv-1.4.0,writer::tests::serialize_no_headers,consistent,success,success
csv-1.4.0,writer::tests::serialize_no_headers_128,consistent,success,success
csv-1.4.0,writer::tests::serialize_tuple,consistent,success,success
csv-1.4.0,writer::tests::serialize_with_headers,consistent,success,success
csv-1.4.0,writer::tests::two_empty_records,consistent,success,success
csv-1.4.0,writer::tests::unequal_records_bad,consistent,success,success
csv-1.4.0,writer::tests::unequal_records_ok,consistent,success,success
curve25519-dalek-4.1.3,backend::serial::u64::scalar::test::add,consistent,success,success
curve25519-dalek-4.1.3,backend::serial::u64::scalar::test::from_bytes_wide,consistent,success,success
curve25519-dalek-4.1.3,backend::serial::u64::scalar::test::montgomery_mul,consistent,success,success
curve25519-dalek-4.1.3,backend::serial::u64::scalar::test::montgomery_mul_max,consistent,success,success
curve25519-dalek-4.1.3,backend::serial::u64::scalar::test::montgomery_square_max,consistent,success,success
curve25519-dalek-4.1.3,backend::serial::u64::scalar::test::mul,consistent,success,success
curve25519-dalek-4.1.3,backend::serial::u64::scalar::test::mul_max,consistent,success,success
curve25519-dalek-4.1.3,backend::serial::u64::scalar::test::square_max,consistent,success,success
curve25519-dalek-4.1.3,backend::serial::u64::scalar::test::sub,consistent,success,success
curve25519-dalek-4.1.3,constants::test::test_d_vs_ratio,consistent,success,success
curve25519-dalek-4.1.3,constants::test::test_eight_torsion,consistent,success,success
curve25519-dalek-4.1.3,constants::test::test_four_torsion,consistent,success,success
curve25519-dalek-4.1.3,constants::test::test_sqrt_ad_minus_one,consistent,success,success
curve25519-dalek-4.1.3,constants::test::test_sqrt_constants_sign,consistent,success,success
curve25519-dalek-4.1.3,constants::test::test_sqrt_minus_one,consistent,success,success
curve25519-dalek-4.1.3,constants::test::test_two_torsion,consistent,success,success
curve25519-dalek-4.1.3,edwards::test::basepoint16_vs_mul_by_pow_2_4,consistent,success,success
curve25519-dalek-4.1.3,edwards::test::basepoint_decompression_compression,consistent,success,success
curve25519-dalek-4.1.3,edwards::test::basepoint_double_vs_basepoint2,consistent,success,success
curve25519-dalek-4.1.3,edwards::test::basepoint_mult_by_basepoint_order,consistent,success,success
curve25519-dalek-4.1.3,edwards::test::basepoint_mult_one_vs_basepoint,consistent,success,success
curve25519-dalek-4.1.3,edwards::test::basepoint_mult_two_vs_basepoint2,consistent,success,success
curve25519-dalek-4.1.3,edwards::test::basepoint_mult_vs_ed25519py,consistent,success,success
curve25519-dalek-4.1.3,edwards::test::basepoint_plus_basepoint_affine_niels_vs_basepoint2,consistent,success,success
curve25519-dalek-4.1.3,edwards::test::basepoint_plus_basepoint_projective_niels_vs_basepoint2,consistent,success,success
curve25519-dalek-4.1.3,edwards::test::basepoint_plus_basepoint_vs_basepoint2,consistent,success,success
curve25519-dalek-4.1.3,edwards::test::basepoint_projective_extended_round_trip,consistent,success,success
curve25519-dalek-4.1.3,edwards::test::basepoint_table_basepoint_function_correct,consistent,success,success
curve25519-dalek-4.1.3,edwards::test::basepoint_tables,consistent,success,success
curve25519-dalek-4.1.3,edwards::test::basepoint_tables_unreduced_scalar,consistent,success,success
curve25519-dalek-4.1.3,edwards::test::compressed_identity,consistent,success,success
curve25519-dalek-4.1.3,edwards::test::conditional_assign_for_affine_niels_point,consistent,success,success
curve25519-dalek-4.1.3,edwards::test::decompression_sign_handling,consistent,success,success
curve25519-dalek-4.1.3,edwards::test::extended_point_equality_handles_scaling,consistent,success,success
curve25519-dalek-4.1.3,edwards::test::impl_sum,consistent,success,success
curve25519-dalek-4.1.3,edwards::test::is_identity,consistent,success,success
curve25519-dalek-4.1.3,edwards::test::is_small_order,consistent,success,success
curve25519-dalek-4.1.3,edwards::test::multiscalar_consistency_n_1000,consistent,test_failed,test_failed
curve25519-dalek-4.1.3,edwards::test::multiscalar_consistency_n_250,consistent,test_failed,test_failed
curve25519-dalek-4.1.3,edwards::test::multiscalar_consistency_n_500,consistent,test_failed,test_failed
curve25519-dalek-4.1.3,edwards::test::scalar_mul_vs_ed25519py,consistent,success,success
curve25519-dalek-4.1.3,edwards::test::scalarmult_extended_point_works_both_ways,consistent,success,success
curve25519-dalek-4.1.3,edwards::test::test_precomputed_basepoint_mult,consistent,success,success
curve25519-dalek-4.1.3,edwards::test::to_affine_niels_clears_denominators,consistent,success,success
curve25519-dalek-4.1.3,edwards::test::vartime::double_scalar_mul_basepoint_vs_ed25519py,consistent,success,success
curve25519-dalek-4.1.3,edwards::test::vartime::multiscalar_mul_vartime_vs_consttime,consistent,success,success
curve25519-dalek-4.1.3,edwards::test::vartime::multiscalar_mul_vs_ed25519py,consistent,success,success
curve25519-dalek-4.1.3,field::test::a_invert_vs_inverse_of_a_constant,consistent,success,success
curve25519-dalek-4.1.3,field::test::a_mul_a_vs_a_squared_constant,consistent,success,success
curve25519-dalek-4.1.3,field::test::a_p58_vs_ap58_constant,consistent,success,success
curve25519-dalek-4.1.3,field::test::a_square2_vs_a_squared_constant,consistent,success,success
curve25519-dalek-4.1.3,field::test::a_square_vs_a_squared_constant,consistent,success,success
curve25519-dalek-4.1.3,field::test::batch_invert_a_matches_nonbatched,consistent,success,success
curve25519-dalek-4.1.3,field::test::batch_invert_empty,consistent,success,success
curve25519-dalek-4.1.3,field::test::conditional_negate,consistent,success,success
curve25519-dalek-4.1.3,field::test::encoding_is_canonical,consistent,success,success
curve25519-dalek-4.1.3,field::test::equality,consistent,success,success
curve25519-dalek-4.1.3,field::test::from_bytes_highbit_is_ignored,consistent,success,success
curve25519-dalek-4.1.3,field::test::sqrt_ratio_behavior,consistent,success,success
curve25519-dalek-4.1.3,montgomery::test::basepoint_edwards_to_montgomery,consistent,success,success
curve25519-dalek-4.1.3,montgomery::test::basepoint_montgomery_to_edwards,consistent,success,success
curve25519-dalek-4.1.3,montgomery::test::eq_defined_mod_p,consistent,success,success
curve25519-dalek-4.1.3,montgomery::test::identity_in_different_coordinates,consistent,success,success
curve25519-dalek-4.1.3,montgomery::test::identity_in_different_models,consistent,success,success
curve25519-dalek-4.1.3,montgomery::test::montgomery_elligator_correct,consistent,success,success
curve25519-dalek-4.1.3,montgomery::test::montgomery_elligator_zero_zero,consistent,success,success
curve25519-dalek-4.1.3,montgomery::test::montgomery_to_edwards_rejects_twist,consistent,success,success
curve25519-dalek-4.1.3,montgomery::test::mul_base_clamped,consistent,success,success
curve25519-dalek-4.1.3,ristretto::test::basepoint_roundtrip,consistent,success,success
curve25519-dalek-4.1.3,ristretto::test::compress_id,consistent,success,success
curve25519-dalek-4.1.3,ristretto::test::decompress_id,consistent,success,success
curve25519-dalek-4.1.3,ristretto::test::decompress_negative_s_fails,consistent,success,success
curve25519-dalek-4.1.3,ristretto::test::elligator_vs_ristretto_sage,consistent,success,success
curve25519-dalek-4.1.3,ristretto::test::encodings_of_small_multiples_of_basepoint,consistent,success,success
curve25519-dalek-4.1.3,ristretto::test::four_torsion_basepoint,consistent,success,success
curve25519-dalek-4.1.3,ristretto::test::four_torsion_random,consistent,success,success
curve25519-dalek-4.1.3,ristretto::test::impl_sum,consistent,success,success
curve25519-dalek-4.1.3,ristretto::test::one_way_map,consistent,success,success
curve25519-dalek-4.1.3,ristretto::test::random_roundtrip,consistent,success,success
curve25519-dalek-4.1.3,ristretto::test::scalarmult_ristrettopoint_works_both_ways,consistent,success,success
curve25519-dalek-4.1.3,scalar::test::add_reduces,consistent,success,success
curve25519-dalek-4.1.3,scalar::test::batch_invert_consistency,consistent,success,success
curve25519-dalek-4.1.3,scalar::test::batch_invert_empty,consistent,success,success
curve25519-dalek-4.1.3,scalar::test::batch_invert_with_a_zero_input_panics,consistent,success,success
curve25519-dalek-4.1.3,scalar::test::canonical_decoding,consistent,success,success
curve25519-dalek-4.1.3,scalar::test::from_bytes_mod_order_wide,consistent,success,success
curve25519-dalek-4.1.3,scalar::test::from_u64,consistent,success,success
curve25519-dalek-4.1.3,scalar::test::fuzzer_testcase_reduction,consistent,success,success
curve25519-dalek-4.1.3,scalar::test::impl_add,consistent,success,success
curve25519-dalek-4.1.3,scalar::test::impl_mul,consistent,success,success
curve25519-dalek-4.1.3,scalar::test::impl_product,consistent,success,success
curve25519-dalek-4.1.3,scalar::test::impl_sum,consistent,success,success
curve25519-dalek-4.1.3,scalar::test::invert,consistent,success,success
curve25519-dalek-4.1.3,scalar::test::montgomery_reduce_matches_from_bytes_mod_order_wide,consistent,success,success
curve25519-dalek-4.1.3,scalar::test::neg_twice_is_identity,consistent,success,success
curve25519-dalek-4.1.3,scalar::test::non_adjacent_form_test_vector,consistent,success,success
curve25519-dalek-4.1.3,scalar::test::reduce,consistent,success,success
curve25519-dalek-4.1.3,scalar::test::scalar_mul_by_one,consistent,success,success
curve25519-dalek-4.1.3,scalar::test::square,consistent,success,success
curve25519-dalek-4.1.3,scalar::test::sub_reduces,consistent,success,success
curve25519-dalek-4.1.3,scalar::test::test_mul_reduction_invariance,consistent,success,success
curve25519-dalek-4.1.3,scalar::test::test_read_le_u64_into,consistent,success,success
curve25519-dalek-4.1.3,scalar::test::test_read_le_u64_into_should_panic_on_bad_input,consistent,success,success
curve25519-dalek-4.1.3,scalar::test::test_scalar_clamp,consistent,success,success
curve25519-dalek-4.1.3,scalar::test::test_scalar_from_int,consistent,success,success
curve25519-dalek-4.1.3,scalar::test::to_bytes_from_bytes_roundtrips,consistent,success,success
curve25519-dalek-4.1.3,scalar::test::non_adjacent_form_random,consistent,success,success
curve25519-dalek-4.1.3,edwards::test::multiscalar_consistency_n_100,incomplete,success,
curve25519-dalek-4.1.3,backend::serial::scalar_mul::pippenger::test::test_vartime_pippenger,consistent,success,success
curve25519-dalek-4.1.3,edwards::test::monte_carlo_overflow_underflow_debug_assert_test,consistent,success,success
curve25519-dalek-4.1.3,montgomery::test::montgomery_mul_bits_be_twist,consistent,success,success
curve25519-dalek-4.1.3,edwards::test::mul_base_clamped,consistent,success,success
curve25519-dalek-4.1.3,edwards::test::vartime_precomputed_vs_nonprecomputed_multiscalar,consistent,success,success
curve25519-dalek-4.1.3,ristretto::test::vartime_precomputed_vs_nonprecomputed_multiscalar,consistent,success,success
curve25519-dalek-4.1.3,montgomery::test::montgomery_mul_bits_be,consistent,success,success
curve25519-dalek-4.1.3,scalar::test::test_pippenger_radix,consistent,success,success
curve25519-dalek-4.1.3,montgomery::test::montgomery_ladder_matches_edwards_scalarmult,consistent,success,success
der-0.8.0,asn1::bit_string::tests::bitstring_valueord_value_cmp,consistent,success,success
der-0.8.0,asn1::bit_string::tests::decode_bitstring_with_unused_bits,consistent,success,success
der-0.8.0,asn1::bit_string::tests::decode_empty_bitstring,consistent,success,success
der-0.8.0,asn1::bit_string::tests::decode_non_empty_bitstring,consistent,success,success
der-0.8.0,asn1::bit_string::tests::reject_unused_bits_in_empty_string,consistent,success,success
der-0.8.0,asn1::boolean::tests::decode,consistent,success,success
der-0.8.0,asn1::boolean::tests::encode,consistent,success,success
der-0.8.0,asn1::boolean::tests::reject_non_canonical,consistent,success,success
der-0.8.0,asn1::context_specific::tests::context_specific_not_skipping_unknown_field,consistent,success,success
der-0.8.0,asn1::context_specific::tests::context_specific_returns_none_on_greater_tag_number,consistent,success,success
der-0.8.0,asn1::context_specific::tests::context_specific_with_explicit_field,consistent,success,success
der-0.8.0,asn1::context_specific::tests::context_specific_with_implicit_field,consistent,success,success
der-0.8.0,asn1::context_specific::tests::round_trip,consistent,success,success
der-0.8.0,asn1::generalized_time::tests::invalid_day_generalized_time,consistent,success,success
der-0.8.0,asn1::generalized_time::tests::invalid_hour_generalized_time,consistent,success,success
der-0.8.0,asn1::generalized_time::tests::invalid_minute_generalized_time,consistent,success,success
der-0.8.0,asn1::generalized_time::tests::invalid_month_generalized_time,consistent,success,success
der-0.8.0,asn1::generalized_time::tests::invalid_second_generalized_time,consistent,success,success
der-0.8.0,asn1::generalized_time::tests::invalid_year_generalized_time,consistent,success,success
der-0.8.0,asn1::generalized_time::tests::max_valid_generalized_time,consistent,success,success
der-0.8.0,asn1::generalized_time::tests::round_trip,consistent,success,success
der-0.8.0,asn1::ia5_string::tests::parse_bytes,consistent,success,success
der-0.8.0,asn1::integer::int::tests::decode_intref,consistent,success,success
der-0.8.0,asn1::integer::int::tests::encode_intref,consistent,success,success
der-0.8.0,asn1::integer::int::tests::validate_canonical_err,consistent,success,success
der-0.8.0,asn1::integer::int::tests::validate_canonical_ok,consistent,success,success
der-0.8.0,asn1::integer::tests::decode_i16,consistent,success,success
der-0.8.0,asn1::integer::tests::decode_i8,consistent,success,success
der-0.8.0,asn1::integer::tests::decode_u16,consistent,success,success
der-0.8.0,asn1::integer::tests::decode_u8,consistent,success,success
der-0.8.0,asn1::integer::tests::encode_i16,consistent,success,success
der-0.8.0,asn1::integer::tests::encode_i8,consistent,success,success
der-0.8.0,asn1::integer::tests::encode_u16,consistent,success,success
der-0.8.0,asn1::integer::tests::encode_u8,consistent,success,success
der-0.8.0,asn1::integer::tests::reject_empty,consistent,success,success
der-0.8.0,asn1::integer::tests::reject_non_canonical,consistent,success,success
der-0.8.0,asn1::integer::uint::tests::decode_to_array_extra_zero,consistent,success,success
der-0.8.0,asn1::integer::uint::tests::decode_to_array_leading_zero,consistent,success,success
der-0.8.0,asn1::integer::uint::tests::decode_to_array_missing_zero,consistent,success,success
der-0.8.0,asn1::integer::uint::tests::decode_to_array_no_leading_zero,consistent,success,success
der-0.8.0,asn1::integer::uint::tests::decode_to_array_oversized_input,consistent,success,success
der-0.8.0,asn1::integer::uint::tests::decode_uintref,consistent,success,success
der-0.8.0,asn1::integer::uint::tests::encode_uintref,consistent,success,success
der-0.8.0,asn1::integer::uint::tests::reject_oversize_without_extra_zero,consistent,success,success
der-0.8.0,asn1::null::tests::decode,consistent,success,success
der-0.8.0,asn1::null::tests::encode,consistent,success,success
der-0.8.0,asn1::null::tests::reject_non_canonical,consistent,success,success
der-0.8.0,asn1::octet_string::tests::octet_string_decode,consistent,success,success
der-0.8.0,asn1::octet_string::tests::octet_string_decode_into,consistent,success,success
der-0.8.0,asn1::printable_string::tests::parse_bytes,consistent,success,success
der-0.8.0,asn1::teletex_string::tests::parse_bytes,consistent,success,success
der-0.8.0,asn1::utc_time::tests::round_trip_vector,consistent,success,success
der-0.8.0,asn1::utf8_string::tests::parse_ascii_bytes,consistent,success,success
der-0.8.0,asn1::utf8_string::tests::parse_utf8_bytes,consistent,success,success
der-0.8.0,asn1::videotex_string::tests::parse_bytes,consistent,success,success
der-0.8.0,datetime::tests::feb_leap_year_handling,consistent,success,success
der-0.8.0,datetime::tests::from_str,consistent,success,success
der-0.8.0,datetime::tests::invalid_dates,consistent,success,success
der-0.8.0,encoding_rules::tests::parse,consistent,success,success
der-0.8.0,header::tests::negative_peek_overlength_header,consistent,success,success
der-0.8.0,header::tests::peek,consistent,success,success
der-0.8.0,header::tests::peek_max_header,consistent,success,success
der-0.8.0,length::tests::add_overflows_when_max_length_exceeded,consistent,success,success
der-0.8.0,length::tests::decode,consistent,success,success
der-0.8.0,length::tests::der_ord,consistent,success,success
der-0.8.0,length::tests::encode,consistent,success,success
der-0.8.0,reader::slice::tests::empty_message,consistent,success,success
der-0.8.0,reader::slice::tests::invalid_field_length,consistent,success,success
der-0.8.0,reader::slice::tests::trailing_data,consistent,success,success
der-0.8.0,roundtrip_datetime,consistent,success,success
der-0.8.0,roundtrip_utctime,consistent,success,success
der-0.8.0,tag::tests::decoding,consistent,success,success
der-0.8.0,tag::tests::negative_peek_long_tags,consistent,success,success
der-0.8.0,tag::tests::peek,consistent,success,success
der-0.8.0,tag::tests::peek_long_tags,consistent,success,success
der-0.8.0,tag::tests::tag_class,consistent,success,success
der-0.8.0,tag::tests::tag_order,consistent,success,success
der-0.8.0,writer::slice::tests::overlength_message,consistent,success,success
dirs-sys-0.5.0,xdg_user_dirs::tests::test_absolute_path_is_accepted,consistent,success,success
dirs-sys-0.5.0,xdg_user_dirs::tests::test_disabled_directory,consistent,success,success
dirs-sys-0.5.0,xdg_user_dirs::tests::test_parse_empty,consistent,success,success
dirs-sys-0.5.0,xdg_user_dirs::tests::test_parse_user_dirs,consistent,success,success
dirs-sys-0.5.0,xdg_user_dirs::tests::test_relative_path_is_rejected,consistent,success,success
dirs-sys-0.5.0,xdg_user_dirs::tests::test_relative_to_home,consistent,success,success
dirs-sys-0.5.0,xdg_user_dirs::tests::test_shell_unescape,consistent,success,success
dirs-sys-0.5.0,xdg_user_dirs::tests::test_split_once,consistent,success,success
dirs-sys-0.5.0,xdg_user_dirs::tests::test_trim_blank,consistent,success,success
dirs-sys-next-0.1.2,xdg_user_dirs::tests::test_absolute_path_is_accepted,consistent,success,success
dirs-sys-next-0.1.2,xdg_user_dirs::tests::test_disabled_directory,consistent,success,success
dirs-sys-next-0.1.2,xdg_user_dirs::tests::test_parse_empty,consistent,success,success
dirs-sys-next-0.1.2,xdg_user_dirs::tests::test_parse_user_dirs,consistent,success,success
dirs-sys-next-0.1.2,xdg_user_dirs::tests::test_relative_path_is_rejected,consistent,success,success
dirs-sys-next-0.1.2,xdg_user_dirs::tests::test_relative_to_home,consistent,success,success
dirs-sys-next-0.1.2,xdg_user_dirs::tests::test_shell_unescape,consistent,success,success
dirs-sys-next-0.1.2,xdg_user_dirs::tests::test_split_once,consistent,success,success
dirs-sys-next-0.1.2,xdg_user_dirs::tests::test_trim_blank,consistent,success,success
dyn-clone-1.0.20,clone_sized,consistent,success,success
dyn-clone-1.0.20,clone_trait_object,consistent,success,success
dyn-clone-1.0.20,test_generic_bound,consistent,success,success
dyn-clone-1.0.20,test_lifetime,consistent,success,success
dyn-clone-1.0.20,test_plain,consistent,success,success
dyn-clone-1.0.20,test_type_parameter,consistent,success,success
dyn-clone-1.0.20,test_where_clause,consistent,success,success
either-1.16.0,basic,consistent,success,success
either-1.16.0,deref,consistent,success,success
either-1.16.0,error,consistent,success,success
either-1.16.0,iter,consistent,success,success
either-1.16.0,macros,consistent,success,success
either-1.16.0,read_write,consistent,success,success
either-1.16.0,seek,consistent,success,success
encoding_rs-0.8.35,ascii::tests::test_ascii_to_ascii,consistent,success,success
encoding_rs-0.8.35,ascii::tests::test_ascii_to_basic_latin,consistent,success,success
encoding_rs-0.8.35,ascii::tests::test_basic_latin_to_ascii,consistent,success,success
encoding_rs-0.8.35,big5::tests::test_big5_decode,consistent,success,success
encoding_rs-0.8.35,big5::tests::test_big5_encode,consistent,success,success
encoding_rs-0.8.35,euc_jp::tests::test_euc_jp_decode,consistent,success,success
encoding_rs-0.8.35,euc_jp::tests::test_euc_jp_encode,consistent,success,success
encoding_rs-0.8.35,euc_kr::tests::test_euc_kr_decode,consistent,success,success
encoding_rs-0.8.35,euc_kr::tests::test_euc_kr_encode,consistent,success,success
encoding_rs-0.8.35,euc_kr::tests::test_euc_kr_encode_from_two_low_surrogates,consistent,success,success
encoding_rs-0.8.35,gb18030::tests::test_gb18030_decode,consistent,success,success
encoding_rs-0.8.35,gb18030::tests::test_gb18030_encode,consistent,success,success
encoding_rs-0.8.35,gb18030::tests::test_gb18030_encode_from_utf16_max_length,consistent,success,success
encoding_rs-0.8.35,gb18030::tests::test_gbk_encode,consistent,success,success
encoding_rs-0.8.35,iso_2022_jp::tests::test_iso_2022_jp_decode,consistent,success,success
encoding_rs-0.8.35,iso_2022_jp::tests::test_iso_2022_jp_encode,consistent,success,success
encoding_rs-0.8.35,iso_2022_jp::tests::test_iso_2022_jp_encode_from_two_low_surrogates,consistent,success,success
encoding_rs-0.8.35,iso_2022_jp::tests::test_iso_2022_jp_half_width_katakana_length,consistent,success,success
encoding_rs-0.8.35,iso_2022_jp::tests::test_iso_2022_jp_length_after_escape,consistent,success,success
encoding_rs-0.8.35,mem::tests::test_check_str_for_latin1_and_bidi,consistent,success,success
encoding_rs-0.8.35,mem::tests::test_check_utf16_for_latin1_and_bidi,consistent,success,success
encoding_rs-0.8.35,mem::tests::test_check_utf8_for_latin1_and_bidi,consistent,success,success
encoding_rs-0.8.35,mem::tests::test_convert_latin1_to_utf16,consistent,success,success
encoding_rs-0.8.35,mem::tests::test_convert_latin1_to_utf8,consistent,success,success
encoding_rs-0.8.35,mem::tests::test_convert_latin1_to_utf8_partial,consistent,success,success
encoding_rs-0.8.35,mem::tests::test_convert_str_to_utf16,consistent,success,success
encoding_rs-0.8.35,mem::tests::test_convert_utf16_to_latin1_lossy,consistent,success,success
encoding_rs-0.8.35,mem::tests::test_convert_utf16_to_latin1_lossy_panics,consistent,success,success
encoding_rs-0.8.35,mem::tests::test_convert_utf16_to_utf8,consistent,success,success
encoding_rs-0.8.35,mem::tests::test_convert_utf16_to_utf8_partial,consistent,success,success
encoding_rs-0.8.35,mem::tests::test_convert_utf8_to_latin1_lossy,consistent,success,success
encoding_rs-0.8.35,mem::tests::test_convert_utf8_to_latin1_lossy_panics,consistent,success,success
encoding_rs-0.8.35,mem::tests::test_convert_utf8_to_utf16,consistent,success,success
encoding_rs-0.8.35,mem::tests::test_convert_utf8_to_utf16_without_replacement,consistent,success,success
encoding_rs-0.8.35,mem::tests::test_decode_latin1,consistent,success,success
encoding_rs-0.8.35,mem::tests::test_encode_latin1_lossy,consistent,success,success
encoding_rs-0.8.35,mem::tests::test_ensure_utf16_validity,consistent,success,success
encoding_rs-0.8.35,mem::tests::test_is_ascii_fail,consistent,success,success
encoding_rs-0.8.35,mem::tests::test_is_ascii_success,consistent,success,success
encoding_rs-0.8.35,mem::tests::test_is_basic_latin_fail,consistent,success,success
encoding_rs-0.8.35,mem::tests::test_is_basic_latin_success,consistent,success,success
encoding_rs-0.8.35,mem::tests::test_is_char_bidi,consistent,success,success
encoding_rs-0.8.35,mem::tests::test_is_str_bidi,consistent,success,success
encoding_rs-0.8.35,mem::tests::test_is_str_latin1_fail,consistent,success,success
encoding_rs-0.8.35,mem::tests::test_is_str_latin1_success,consistent,success,success
encoding_rs-0.8.35,mem::tests::test_is_utf16_bidi,consistent,success,success
encoding_rs-0.8.35,mem::tests::test_is_utf16_code_unit_bidi,consistent,success,success
encoding_rs-0.8.35,mem::tests::test_is_utf16_latin1_fail,consistent,success,success
encoding_rs-0.8.35,mem::tests::test_is_utf16_latin1_success,consistent,success,success
encoding_rs-0.8.35,mem::tests::test_is_utf8_bidi,consistent,success,success
encoding_rs-0.8.35,mem::tests::test_is_utf8_bidi_edge_cases,consistent,success,success
encoding_rs-0.8.35,mem::tests::test_is_utf8_latin1_fail,consistent,success,success
encoding_rs-0.8.35,mem::tests::test_is_utf8_latin1_invalid,consistent,success,success
encoding_rs-0.8.35,mem::tests::test_is_utf8_latin1_success,consistent,success,success
encoding_rs-0.8.35,mem::tests::test_utf16_valid_up_to,consistent,success,success
encoding_rs-0.8.35,replacement::tests::test_replacement_decode,consistent,success,success
encoding_rs-0.8.35,replacement::tests::test_replacement_encode,consistent,success,success
encoding_rs-0.8.35,shift_jis::tests::test_shift_jis_decode,consistent,success,success
encoding_rs-0.8.35,shift_jis::tests::test_shift_jis_encode,consistent,success,success
encoding_rs-0.8.35,shift_jis::tests::test_shift_jis_half_width_katakana_length,consistent,success,success
encoding_rs-0.8.35,single_byte::tests::test_ascii_punctuation,consistent,success,success
encoding_rs-0.8.35,single_byte::tests::test_decode_malformed,consistent,success,success
encoding_rs-0.8.35,single_byte::tests::test_encode_unmappables,consistent,success,success
encoding_rs-0.8.35,single_byte::tests::test_encode_unpaired_surrogates,consistent,success,success
encoding_rs-0.8.35,single_byte::tests::test_single_byte_decode,consistent,success,success
encoding_rs-0.8.35,single_byte::tests::test_single_byte_encode,consistent,success,success
encoding_rs-0.8.35,single_byte::tests::test_single_byte_from_two_low_surrogates,consistent,success,success
encoding_rs-0.8.35,single_byte::tests::test_windows_1255_ca,consistent,success,success
encoding_rs-0.8.35,test_labels_names::test_all_labels,consistent,success,success
encoding_rs-0.8.35,tests::test_bom_sniffing,consistent,success,success
encoding_rs-0.8.35,tests::test_buffer_end_iso_2022_jp_from_utf16,consistent,success,success
encoding_rs-0.8.35,tests::test_buffer_end_iso_2022_jp_from_utf8,consistent,success,success
encoding_rs-0.8.35,tests::test_buffer_end_utf16be,consistent,success,success
encoding_rs-0.8.35,tests::test_decode_ascii_only_windows_1257_to_cow,consistent,success,success
encoding_rs-0.8.35,tests::test_decode_ascii_only_windows_1257_to_cow_with_bom_removal,consistent,success,success
encoding_rs-0.8.35,tests::test_decode_ascii_only_windows_1257_to_cow_without_bom_handling,consistent,success,success
encoding_rs-0.8.35,tests::test_decode_ascii_only_windows_1257_to_cow_without_bom_handling_and_without_replacement,consistent,success,success
encoding_rs-0.8.35,tests::test_decode_bomful_invalid_utf8_as_utf_8_to_cow,consistent,success,success
encoding_rs-0.8.35,tests::test_decode_bomful_invalid_utf8_as_windows_1257_to_cow,consistent,success,success
encoding_rs-0.8.35,tests::test_decode_bomful_invalid_utf8_to_cow_without_bom_handling,consistent,success,success
encoding_rs-0.8.35,tests::test_decode_bomful_invalid_utf8_to_cow_without_bom_handling_and_without_replacement,consistent,success,success
encoding_rs-0.8.35,tests::test_decode_bomful_valid_utf8_as_utf_8_to_cow,consistent,success,success
encoding_rs-0.8.35,tests::test_decode_bomful_valid_utf8_as_utf_8_to_cow_with_bom_removal,consistent,success,success
encoding_rs-0.8.35,tests::test_decode_bomful_valid_utf8_as_windows_1257_to_cow,consistent,success,success
encoding_rs-0.8.35,tests::test_decode_bomful_valid_utf8_as_windows_1257_to_cow_with_bom_removal,consistent,success,success
encoding_rs-0.8.35,tests::test_decode_bomful_valid_utf8_to_cow_without_bom_handling,consistent,success,success
encoding_rs-0.8.35,tests::test_decode_bomful_valid_utf8_to_cow_without_bom_handling_and_without_replacement,consistent,success,success
encoding_rs-0.8.35,tests::test_decode_invalid_windows_1257_to_cow,consistent,success,success
encoding_rs-0.8.35,tests::test_decode_invalid_windows_1257_to_cow_with_bom_removal,consistent,success,success
encoding_rs-0.8.35,tests::test_decode_invalid_windows_1257_to_cow_without_bom_handling,consistent,success,success
encoding_rs-0.8.35,tests::test_decode_invalid_windows_1257_to_cow_without_bom_handling_and_without_replacement,consistent,success,success
encoding_rs-0.8.35,tests::test_decode_valid_windows_1257_to_cow,consistent,success,success
encoding_rs-0.8.35,tests::test_decode_valid_windows_1257_to_cow_with_bom_removal,consistent,success,success
encoding_rs-0.8.35,tests::test_decode_valid_windows_1257_to_cow_without_bom_handling,consistent,success,success
encoding_rs-0.8.35,tests::test_decode_valid_windows_1257_to_cow_without_bom_handling_and_without_replacement,consistent,success,success
encoding_rs-0.8.35,tests::test_encode_ascii_only_windows_1257_to_cow,consistent,success,success
encoding_rs-0.8.35,tests::test_encode_valid_windows_1257_to_cow,consistent,success,success
encoding_rs-0.8.35,tests::test_hash,consistent,success,success
encoding_rs-0.8.35,tests::test_is_single_byte,consistent,success,success
encoding_rs-0.8.35,tests::test_iso_2022_jp_ncr_extra_from_utf16,consistent,success,success
encoding_rs-0.8.35,tests::test_iso_2022_jp_ncr_extra_from_utf8,consistent,success,success
encoding_rs-0.8.35,tests::test_label_resolution,consistent,success,success
encoding_rs-0.8.35,tests::test_latin1_byte_compatible_up_to,consistent,success,success
encoding_rs-0.8.35,tests::test_max_length_with_bom_to_utf8,consistent,success,success
encoding_rs-0.8.35,tests::test_output_encoding,consistent,success,success
encoding_rs-0.8.35,tests::test_too_short_buffer_with_iso_2022_jp_ascii_from_utf16,consistent,success,success
encoding_rs-0.8.35,tests::test_too_short_buffer_with_iso_2022_jp_ascii_from_utf8,consistent,success,success
encoding_rs-0.8.35,tests::test_too_short_buffer_with_iso_2022_jp_roman_from_utf16,consistent,success,success
encoding_rs-0.8.35,tests::test_too_short_buffer_with_iso_2022_jp_roman_from_utf8,consistent,success,success
encoding_rs-0.8.35,tests::test_utf16_space_with_one_bom_byte,consistent,success,success
encoding_rs-0.8.35,tests::test_utf16_space_with_one_bom_byte_and_a_second_byte_in_same_call,consistent,success,success
encoding_rs-0.8.35,tests::test_utf16_space_with_two_bom_bytes,consistent,success,success
encoding_rs-0.8.35,tests::test_utf8_space_with_one_bom_byte,consistent,success,success
encoding_rs-0.8.35,tests::test_utf8_space_with_two_bom_bytes,consistent,success,success
encoding_rs-0.8.35,utf_16::tests::test_utf_16_decode,consistent,success,success
encoding_rs-0.8.35,utf_16::tests::test_utf_16_encode,consistent,success,success
encoding_rs-0.8.35,utf_16::tests::test_utf_16be_decode_bom_prefix,consistent,success,success
encoding_rs-0.8.35,utf_16::tests::test_utf_16be_decode_bom_prefixed_split_byte_pair,consistent,success,success
encoding_rs-0.8.35,utf_16::tests::test_utf_16be_decode_near_end,consistent,success,success
encoding_rs-0.8.35,utf_16::tests::test_utf_16be_decode_one_by_one,consistent,success,success
encoding_rs-0.8.35,utf_16::tests::test_utf_16be_decode_three_at_a_time,consistent,success,success
encoding_rs-0.8.35,utf_16::tests::test_utf_16le_decode_bom_prefix,consistent,success,success
encoding_rs-0.8.35,utf_16::tests::test_utf_16le_decode_bom_prefixed_split_byte_pair,consistent,success,success
encoding_rs-0.8.35,utf_16::tests::test_utf_16le_decode_near_end,consistent,success,success
encoding_rs-0.8.35,utf_16::tests::test_utf_16le_decode_one_by_one,consistent,success,success
encoding_rs-0.8.35,utf_16::tests::test_utf_16le_decode_three_at_a_time,consistent,success,success
encoding_rs-0.8.35,utf_8::tests::test_decode_bom_prefix,consistent,success,success
encoding_rs-0.8.35,utf_8::tests::test_decode_bom_prefixed_split_byte_pair,consistent,success,success
encoding_rs-0.8.35,utf_8::tests::test_decode_bom_prefixed_split_byte_triple,consistent,success,success
encoding_rs-0.8.35,utf_8::tests::test_encode_utf8_from_utf16_with_output_limit,consistent,success,success
encoding_rs-0.8.35,utf_8::tests::test_tail,consistent,success,success
encoding_rs-0.8.35,utf_8::tests::test_utf8_decode,consistent,success,success
encoding_rs-0.8.35,utf_8::tests::test_utf8_encode,consistent,success,success
encoding_rs-0.8.35,utf_8::tests::test_utf8_max_length_from_utf16,consistent,success,success
encoding_rs-0.8.35,x_user_defined::tests::test_x_user_defined_decode,consistent,success,success
encoding_rs-0.8.35,x_user_defined::tests::test_x_user_defined_encode,consistent,success,success
encoding_rs-0.8.35,x_user_defined::tests::test_x_user_defined_from_two_low_surrogates,consistent,success,success
erased-serde-0.4.10,de::tests::assert_deserializer,consistent,success,success
erased-serde-0.4.10,de::tests::test_borrowed,consistent,success,success
erased-serde-0.4.10,de::tests::test_dangle,consistent,success,success
erased-serde-0.4.10,de::tests::test_enum,consistent,success,success
erased-serde-0.4.10,de::tests::test_struct,consistent,success,success
erased-serde-0.4.10,de::tests::test_value,consistent,success,success
erased-serde-0.4.10,deserialization,consistent,success,success
erased-serde-0.4.10,macros::tests::test_generic_bound,consistent,success,success
erased-serde-0.4.10,macros::tests::test_plain,consistent,success,success
erased-serde-0.4.10,macros::tests::test_type_parameter,consistent,success,success
erased-serde-0.4.10,macros::tests::test_where_clause,consistent,success,success
erased-serde-0.4.10,ser::tests::assert_serialize,consistent,success,success
erased-serde-0.4.10,ser::tests::test_dangle,consistent,success,success
erased-serde-0.4.10,ser::tests::test_enum,consistent,success,success
erased-serde-0.4.10,ser::tests::test_error_custom,consistent,success,success
erased-serde-0.4.10,ser::tests::test_struct,consistent,success,success
erased-serde-0.4.10,ser::tests::test_vec,consistent,success,success
erased-serde-0.4.10,serialization,consistent,success,success
errno-0.3.14,check_description,consistent,success,success
errno-0.3.14,check_error_into_errno,consistent,success,success
errno-0.3.14,it_works,consistent,success,success
errno-0.3.14,it_works_with_to_string,consistent,success,success
event-listener-5.4.1,drop_non_notified,consistent,success,success
event-listener-5.4.1,drop_notified,consistent,success,success
event-listener-5.4.1,drop_notified2,consistent,success,success
event-listener-5.4.1,drop_notified_additional,consistent,success,success
event-listener-5.4.1,notify,consistent,success,success
event-listener-5.4.1,notify_additional,consistent,success,success
event-listener-5.4.1,notify_all,consistent,success,success
event-listener-5.4.1,notify_all_fair,consistent,success,success
event-listener-5.4.1,notify_one,consistent,success,success
event-listener-5.4.1,sys::tests::drop_non_notified,consistent,success,success
event-listener-5.4.1,sys::tests::insert,consistent,success,success
event-listener-strategy-0.5.4,easy_wrapper_generics,consistent,success,success
event-listener-strategy-0.5.4,send_and_sync,consistent,success,success
fixedbitset-0.5.7,binary_trait,consistent,success,success
fixedbitset-0.5.7,bitand_assign_longer,consistent,success,success
fixedbitset-0.5.7,bitand_assign_shorter,consistent,success,success
fixedbitset-0.5.7,bitand_equal_lengths,consistent,success,success
fixedbitset-0.5.7,bitand_first_larger,consistent,success,success
fixedbitset-0.5.7,bitand_first_smaller,consistent,success,success
fixedbitset-0.5.7,bitor_assign_longer,consistent,success,success
fixedbitset-0.5.7,bitor_assign_shorter,consistent,success,success
fixedbitset-0.5.7,bitor_equal_lengths,consistent,success,success
fixedbitset-0.5.7,bitor_first_larger,consistent,success,success
fixedbitset-0.5.7,bitor_first_smaller,consistent,success,success
fixedbitset-0.5.7,bitxor_assign_longer,consistent,success,success
fixedbitset-0.5.7,bitxor_assign_shorter,consistent,success,success
fixedbitset-0.5.7,bitxor_equal_lengths,consistent,success,success
fixedbitset-0.5.7,bitxor_first_larger,consistent,success,success
fixedbitset-0.5.7,bitxor_first_smaller,consistent,success,success
fixedbitset-0.5.7,contains_all_in_range,consistent,success,success
fixedbitset-0.5.7,contains_any_in_range,consistent,success,success
fixedbitset-0.5.7,copy_bit,consistent,success,success
fixedbitset-0.5.7,count_ones,consistent,success,success
fixedbitset-0.5.7,count_ones_negative_range,consistent,success,success
fixedbitset-0.5.7,count_ones_oob,consistent,success,success
fixedbitset-0.5.7,count_ones_panic,consistent,success,success
fixedbitset-0.5.7,count_zeroes,consistent,success,success
fixedbitset-0.5.7,default,consistent,success,success
fixedbitset-0.5.7,difference,consistent,success,success
fixedbitset-0.5.7,display_trait,consistent,success,success
fixedbitset-0.5.7,extend,consistent,success,success
fixedbitset-0.5.7,extend_on_empty,consistent,success,success
fixedbitset-0.5.7,from_iterator,consistent,success,success
fixedbitset-0.5.7,from_iterator_ones,consistent,success,success
fixedbitset-0.5.7,grow,consistent,success,success
fixedbitset-0.5.7,grow_and_insert,consistent,success,success
fixedbitset-0.5.7,insert_range,consistent,success,success
fixedbitset-0.5.7,intersection,consistent,success,success
fixedbitset-0.5.7,into_ones,consistent,success,success
fixedbitset-0.5.7,is_disjoint_first_longer,consistent,success,success
fixedbitset-0.5.7,is_disjoint_first_shorter,consistent,success,success
fixedbitset-0.5.7,it_works,consistent,success,success
fixedbitset-0.5.7,iter_ones_range,consistent,success,success
fixedbitset-0.5.7,maximum,consistent,success,success
fixedbitset-0.5.7,minimum,consistent,success,success
fixedbitset-0.5.7,ones,consistent,success,success
fixedbitset-0.5.7,op_assign_ref,consistent,success,success
fixedbitset-0.5.7,remove_range,consistent,success,success
fixedbitset-0.5.7,set_range,consistent,success,success
fixedbitset-0.5.7,size_hint,consistent,success,success
fixedbitset-0.5.7,size_hint_alternate,consistent,success,success
fixedbitset-0.5.7,subset_superset_longer,consistent,success,success
fixedbitset-0.5.7,subset_superset_shorter,consistent,success,success
fixedbitset-0.5.7,symmetric_difference,consistent,success,success
fixedbitset-0.5.7,test_is_clear,consistent,success,success
fixedbitset-0.5.7,test_is_full,consistent,success,success
fixedbitset-0.5.7,test_toggle,consistent,success,success
fixedbitset-0.5.7,toggle_range,consistent,success,success
fixedbitset-0.5.7,union,consistent,success,success
fixedbitset-0.5.7,with_blocks,consistent,success,success
fixedbitset-0.5.7,with_blocks_too_big,consistent,success,success
fixedbitset-0.5.7,with_blocks_too_big_range_check,consistent,success,success
fixedbitset-0.5.7,with_blocks_too_small,consistent,success,success
fixedbitset-0.5.7,zeroes,consistent,success,success
fixedbitset-0.5.7,clone,consistent,success,success
flate2-1.1.9,crc::tests::combine_matches_concatenation,consistent,success,success
flate2-1.1.9,crc::tests::known_vector_hello,consistent,success,success
flate2-1.1.9,crc::tests::known_vector_quick_brown_fox,consistent,success,success
flate2-1.1.9,crc::tests::new_is_empty,consistent,success,success
flate2-1.1.9,crc::tests::reset_restores_initial_state,consistent,success,success
flate2-1.1.9,crc::tests::update_is_streaming,consistent,success,success
flate2-1.1.9,deflate::bufread::test::decode_extra_data,consistent,success,success
flate2-1.1.9,deflate::tests::drop_writes,consistent,success,success
flate2-1.1.9,zlib::tests::reset_decoder,consistent,test_failed,test_failed
flate2-1.1.9,deflate::tests::qc_reader,consistent,success,success
flate2-1.1.9,deflate::tests::qc_writer,consistent,success,success
flate2-1.1.9,gz::tests::qc_reader,consistent,success,success
flate2-1.1.9,zlib::tests::qc_writer,consistent,success,success
flate2-1.1.9,test_extract_failure,consistent,success,success
flate2-1.1.9,zlib::tests::qc_reader,consistent,success,success
flate2-1.1.9,test_extract_success,consistent,success,success
flate2-1.1.9,gz::write::tests::decode_multi_writer,consistent,success,success
futures-task-0.3.32,noop_waker::tests::issue_2091_cross_thread_segfault,consistent,success,success
futures-util-0.3.32,lock::mutex::tests::test_mutex_guard_debug_not_recurse,consistent,success,success
generic-array-1.4.3,impls::tests::test_from_inference,consistent,success,success
generic-array-1.4.3,iter::test::test_send_iter,consistent,success,success
generic-array-1.4.3,test::test_assembly,consistent,success,success
getrandom-0.4.2,test_diff,consistent,success,success
getrandom-0.4.2,test_diff_u32,consistent,success,success
getrandom-0.4.2,test_diff_u64,consistent,success,success
getrandom-0.4.2,test_huge,consistent,success,success
getrandom-0.4.2,test_huge_uninit,consistent,success,success
getrandom-0.4.2,test_multithreading,consistent,success,success
getrandom-0.4.2,test_small,consistent,success,success
getrandom-0.4.2,test_small_uninit,consistent,success,success
getrandom-0.4.2,test_zero,consistent,success,success
gimli-0.33.0,arch::tests::test_aarch64_registers,consistent,success,success
gimli-0.33.0,arch::tests::test_power64_registers,consistent,success,success
gimli-0.33.0,case_fold::tests::test_case_fold,consistent,success,success
gimli-0.33.0,case_fold::tests::test_case_folding_djb_hash,consistent,success,success
gimli-0.33.0,constants::tests::test_dw_eh_pe_application,consistent,success,success
gimli-0.33.0,constants::tests::test_dw_eh_pe_format,consistent,success,success
gimli-0.33.0,constants::tests::test_dw_eh_pe_is_absent,consistent,success,success
gimli-0.33.0,constants::tests::test_dw_eh_pe_is_valid_encoding_bad_application,consistent,success,success
gimli-0.33.0,constants::tests::test_dw_eh_pe_is_valid_encoding_bad_format,consistent,success,success
gimli-0.33.0,constants::tests::test_dw_eh_pe_is_valid_encoding_ok,consistent,success,success
gimli-0.33.0,leb128::tests::test_low_bits_of_byte,consistent,success,success
gimli-0.33.0,leb128::tests::test_low_bits_of_u64,consistent,success,success
gimli-0.33.0,leb128::tests::test_read_multiple,consistent,success,success
gimli-0.33.0,leb128::tests::test_read_signed,consistent,success,success
gimli-0.33.0,leb128::tests::test_read_signed_63_bits,consistent,success,success
gimli-0.33.0,leb128::tests::test_read_signed_not_enough_data,consistent,success,success
gimli-0.33.0,leb128::tests::test_read_signed_overflow,consistent,success,success
gimli-0.33.0,leb128::tests::test_read_u16,consistent,success,success
gimli-0.33.0,leb128::tests::test_read_unsigned,consistent,success,success
gimli-0.33.0,leb128::tests::test_read_unsigned_invalid,consistent,success,success
gimli-0.33.0,leb128::tests::test_read_unsigned_not_enough_data,consistent,success,success
gimli-0.33.0,leb128::tests::test_read_unsigned_overflow,consistent,success,success
gimli-0.33.0,leb128::tests::test_write_signed_not_enough_space,consistent,success,success
gimli-0.33.0,leb128::tests::test_write_unsigned_not_enough_space,consistent,success,success
gimli-0.33.0,read::abbrev::tests::test_abbreviations_insert,consistent,success,success
gimli-0.33.0,read::abbrev::tests::test_debug_abbrev_ok,consistent,success,success
gimli-0.33.0,read::abbrev::tests::test_get_abbrev_zero,consistent,success,success
gimli-0.33.0,read::abbrev::tests::test_parse_abbreviation_has_children,consistent,success,success
gimli-0.33.0,read::abbrev::tests::test_parse_abbreviation_implicit_const_no_const,consistent,success,success
gimli-0.33.0,read::abbrev::tests::test_parse_abbreviation_implicit_const_ok,consistent,success,success
gimli-0.33.0,read::abbrev::tests::test_parse_abbreviation_ok,consistent,success,success
gimli-0.33.0,read::abbrev::tests::test_parse_abbreviation_tag_ok,consistent,success,success
gimli-0.33.0,read::abbrev::tests::test_parse_abbreviation_tag_zero,consistent,success,success
gimli-0.33.0,read::abbrev::tests::test_parse_abbreviations_duplicate,consistent,success,success
gimli-0.33.0,read::abbrev::tests::test_parse_abbreviations_ok,consistent,success,success
gimli-0.33.0,read::abbrev::tests::test_parse_attribute_specifications_form_zero,consistent,success,success
gimli-0.33.0,read::abbrev::tests::test_parse_attribute_specifications_name_zero,consistent,success,success
gimli-0.33.0,read::abbrev::tests::test_parse_null_abbreviation_ok,consistent,success,success
gimli-0.33.0,read::abbrev::tests::test_parse_null_attribute_specification_ok,consistent,success,success
gimli-0.33.0,read::addr::tests::test_get_address,consistent,success,success
gimli-0.33.0,read::addr::tests::test_iterator,consistent,success,success
gimli-0.33.0,read::aranges::tests::test_iterate_headers,consistent,success,success
gimli-0.33.0,read::aranges::tests::test_parse_entry_ok,consistent,success,success
gimli-0.33.0,read::aranges::tests::test_parse_entry_overflow_32,consistent,success,success
gimli-0.33.0,read::aranges::tests::test_parse_entry_overflow_64,consistent,success,success
gimli-0.33.0,read::aranges::tests::test_parse_entry_tombstone_32,consistent,success,success
gimli-0.33.0,read::aranges::tests::test_parse_entry_tombstone_64,consistent,success,success
gimli-0.33.0,read::aranges::tests::test_parse_entry_zero,consistent,success,success
gimli-0.33.0,read::aranges::tests::test_parse_header_div_by_zero_error,consistent,success,success
gimli-0.33.0,read::aranges::tests::test_parse_header_ok,consistent,success,success
gimli-0.33.0,read::aranges::tests::test_parse_header_overflow_error,consistent,success,success
gimli-0.33.0,read::cfi::tests::iter_register_rules,consistent,success,success
gimli-0.33.0,read::cfi::tests::register_rule_map_eq,consistent,success,success
gimli-0.33.0,read::cfi::tests::size_of_register_rule_map,consistent,success,success
gimli-0.33.0,read::cfi::tests::size_of_unwind_ctx,consistent,success,success
gimli-0.33.0,read::cfi::tests::test_augmentation_parse_L,consistent,success,success
gimli-0.33.0,read::cfi::tests::test_augmentation_parse_P,consistent,success,success
gimli-0.33.0,read::cfi::tests::test_augmentation_parse_R,consistent,success,success
gimli-0.33.0,read::cfi::tests::test_augmentation_parse_S,consistent,success,success
gimli-0.33.0,read::cfi::tests::test_augmentation_parse_all,consistent,success,success
gimli-0.33.0,read::cfi::tests::test_augmentation_parse_just_signal_trampoline,consistent,success,success
gimli-0.33.0,read::cfi::tests::test_augmentation_parse_not_z_augmentation,consistent,success,success
gimli-0.33.0,read::cfi::tests::test_augmentation_parse_unknown_part_of_z_augmentation,consistent,success,success
gimli-0.33.0,read::cfi::tests::test_call_frame_instruction_iter_err,consistent,success,success
gimli-0.33.0,read::cfi::tests::test_call_frame_instruction_iter_ok,consistent,success,success
gimli-0.33.0,read::cfi::tests::test_cfi_entries_iter,consistent,success,success
gimli-0.33.0,read::cfi::tests::test_debug_frame_skips_zero_length,consistent,success,success
gimli-0.33.0,read::cfi::tests::test_eh_frame_cie_personality_function_relative_bad_context,consistent,success,success
gimli-0.33.0,read::cfi::tests::test_eh_frame_fde_empty_augmentation,consistent,success,success
gimli-0.33.0,read::cfi::tests::test_eh_frame_fde_for_address_good,consistent,success,success
gimli-0.33.0,read::cfi::tests::test_eh_frame_fde_lsda_augmentation,consistent,success,success
gimli-0.33.0,read::cfi::tests::test_eh_frame_fde_lsda_function_relative,consistent,success,success
gimli-0.33.0,read::cfi::tests::test_eh_frame_fde_no_augmentation,consistent,success,success
gimli-0.33.0,read::cfi::tests::test_eh_frame_fde_ok,consistent,success,success
gimli-0.33.0,read::cfi::tests::test_eh_frame_fde_out_of_bounds,consistent,success,success
gimli-0.33.0,read::cfi::tests::test_eh_frame_hdr_good,consistent,success,success
gimli-0.33.0,read::cfi::tests::test_eh_frame_hdr_indirect_length,consistent,success,success
gimli-0.33.0,read::cfi::tests::test_eh_frame_hdr_indirect_ptrs,consistent,success,success
gimli-0.33.0,read::cfi::tests::test_eh_frame_hdr_omit_count,consistent,success,success
gimli-0.33.0,read::cfi::tests::test_eh_frame_hdr_omit_ehptr,consistent,success,success
gimli-0.33.0,read::cfi::tests::test_eh_frame_hdr_omit_table,consistent,success,success
gimli-0.33.0,read::cfi::tests::test_eh_frame_hdr_unknown_version,consistent,success,success
gimli-0.33.0,read::cfi::tests::test_eh_frame_hdr_varlen_table,consistent,success,success
gimli-0.33.0,read::cfi::tests::test_eh_frame_resolve_cie_offset_ok,consistent,success,success
gimli-0.33.0,read::cfi::tests::test_eh_frame_resolve_cie_offset_out_of_bounds,consistent,success,success
gimli-0.33.0,read::cfi::tests::test_eh_frame_resolve_cie_offset_underflow,consistent,success,success
gimli-0.33.0,read::cfi::tests::test_eh_frame_stops_at_zero_length,consistent,success,success
gimli-0.33.0,read::cfi::tests::test_eval_advance_loc,consistent,success,success
gimli-0.33.0,read::cfi::tests::test_eval_advance_loc_overflow_32,consistent,success,success
gimli-0.33.0,read::cfi::tests::test_eval_advance_loc_overflow_64,consistent,success,success
gimli-0.33.0,read::cfi::tests::test_eval_def_cfa,consistent,success,success
gimli-0.33.0,read::cfi::tests::test_eval_def_cfa_expression,consistent,success,success
gimli-0.33.0,read::cfi::tests::test_eval_def_cfa_offset,consistent,success,success
gimli-0.33.0,read::cfi::tests::test_eval_def_cfa_offset_invalid_context,consistent,success,success
gimli-0.33.0,read::cfi::tests::test_eval_def_cfa_register,consistent,success,success
gimli-0.33.0,read::cfi::tests::test_eval_def_cfa_register_invalid_context,consistent,success,success
gimli-0.33.0,read::cfi::tests::test_eval_def_cfa_sf,consistent,success,success
gimli-0.33.0,read::cfi::tests::test_eval_expression,consistent,success,success
gimli-0.33.0,read::cfi::tests::test_eval_negate_ra_state,consistent,success,success
gimli-0.33.0,read::cfi::tests::test_eval_nop,consistent,success,success
gimli-0.33.0,read::cfi::tests::test_eval_offset,consistent,success,success
gimli-0.33.0,read::cfi::tests::test_eval_offset_extended_sf,consistent,success,success
gimli-0.33.0,read::cfi::tests::test_eval_remember_state,consistent,success,success
gimli-0.33.0,read::cfi::tests::test_eval_restore,consistent,success,success
gimli-0.33.0,read::cfi::tests::test_eval_restore_havent_saved_initial_context,consistent,success,success
gimli-0.33.0,read::cfi::tests::test_eval_restore_state,consistent,success,success
gimli-0.33.0,read::cfi::tests::test_eval_same_value,consistent,success,success
gimli-0.33.0,read::cfi::tests::test_eval_set_loc,consistent,success,success
gimli-0.33.0,read::cfi::tests::test_eval_set_loc_backwards,consistent,success,success
gimli-0.33.0,read::cfi::tests::test_eval_undefined,consistent,success,success
gimli-0.33.0,read::cfi::tests::test_eval_val_expression,consistent,success,success
gimli-0.33.0,read::cfi::tests::test_eval_val_offset,consistent,success,success
gimli-0.33.0,read::cfi::tests::test_eval_val_offset_sf,consistent,success,success
gimli-0.33.0,read::cfi::tests::test_parse_cfi_entry_on_cie_32_ok,consistent,success,success
gimli-0.33.0,read::cfi::tests::test_parse_cfi_entry_on_fde_32_ok,consistent,success,success
gimli-0.33.0,read::cfi::tests::test_parse_cfi_instruction_advance_loc,consistent,success,success
gimli-0.33.0,read::cfi::tests::test_parse_cfi_instruction_advance_loc1,consistent,success,success
gimli-0.33.0,read::cfi::tests::test_parse_cfi_instruction_advance_loc2,consistent,success,success
gimli-0.33.0,read::cfi::tests::test_parse_cfi_instruction_advance_loc4,consistent,success,success
gimli-0.33.0,read::cfi::tests::test_parse_cfi_instruction_def_cfa,consistent,success,success
gimli-0.33.0,read::cfi::tests::test_parse_cfi_instruction_def_cfa_expression,consistent,success,success
gimli-0.33.0,read::cfi::tests::test_parse_cfi_instruction_def_cfa_offset,consistent,success,success
gimli-0.33.0,read::cfi::tests::test_parse_cfi_instruction_def_cfa_offset_sf,consistent,success,success
gimli-0.33.0,read::cfi::tests::test_parse_cfi_instruction_def_cfa_register,consistent,success,success
gimli-0.33.0,read::cfi::tests::test_parse_cfi_instruction_def_cfa_sf,consistent,success,success
gimli-0.33.0,read::cfi::tests::test_parse_cfi_instruction_expression,consistent,success,success
gimli-0.33.0,read::cfi::tests::test_parse_cfi_instruction_negate_ra_state,consistent,success,success
gimli-0.33.0,read::cfi::tests::test_parse_cfi_instruction_nop,consistent,success,success
gimli-0.33.0,read::cfi::tests::test_parse_cfi_instruction_offset,consistent,success,success
gimli-0.33.0,read::cfi::tests::test_parse_cfi_instruction_offset_extended,consistent,success,success
gimli-0.33.0,read::cfi::tests::test_parse_cfi_instruction_offset_extended_sf,consistent,success,success
gimli-0.33.0,read::cfi::tests::test_parse_cfi_instruction_register,consistent,success,success
gimli-0.33.0,read::cfi::tests::test_parse_cfi_instruction_remember_state,consistent,success,success
gimli-0.33.0,read::cfi::tests::test_parse_cfi_instruction_restore,consistent,success,success
gimli-0.33.0,read::cfi::tests::test_parse_cfi_instruction_restore_extended,consistent,success,success
gimli-0.33.0,read::cfi::tests::test_parse_cfi_instruction_restore_state,consistent,success,success
gimli-0.33.0,read::cfi::tests::test_parse_cfi_instruction_same_value,consistent,success,success
gimli-0.33.0,read::cfi::tests::test_parse_cfi_instruction_set_loc,consistent,success,success
gimli-0.33.0,read::cfi::tests::test_parse_cfi_instruction_set_loc_encoding,consistent,success,success
gimli-0.33.0,read::cfi::tests::test_parse_cfi_instruction_undefined,consistent,success,success
gimli-0.33.0,read::cfi::tests::test_parse_cfi_instruction_unknown_instruction,consistent,success,success
gimli-0.33.0,read::cfi::tests::test_parse_cfi_instruction_val_expression,consistent,success,success
gimli-0.33.0,read::cfi::tests::test_parse_cfi_instruction_val_offset,consistent,success,success
gimli-0.33.0,read::cfi::tests::test_parse_cfi_instruction_val_offset_sf,consistent,success,success
gimli-0.33.0,read::cfi::tests::test_parse_cie_32_bad_version,consistent,success,success
gimli-0.33.0,read::cfi::tests::test_parse_cie_32_ok,consistent,success,success
gimli-0.33.0,read::cfi::tests::test_parse_cie_64_ok,consistent,success,success
gimli-0.33.0,read::cfi::tests::test_parse_cie_bad_id_32,consistent,success,success
gimli-0.33.0,read::cfi::tests::test_parse_cie_from_offset,consistent,success,success
gimli-0.33.0,read::cfi::tests::test_parse_cie_incomplete_id_32,consistent,success,success
gimli-0.33.0,read::cfi::tests::test_parse_cie_incomplete_length_32,consistent,success,success
gimli-0.33.0,read::cfi::tests::test_parse_cie_incomplete_length_64,consistent,success,success
gimli-0.33.0,read::cfi::tests::test_parse_cie_length_too_big,consistent,success,success
gimli-0.33.0,read::cfi::tests::test_parse_cie_unknown_augmentation,consistent,success,success
gimli-0.33.0,read::cfi::tests::test_parse_encoded_pointer_absptr,consistent,success,success
gimli-0.33.0,read::cfi::tests::test_parse_encoded_pointer_aligned,consistent,success,success
gimli-0.33.0,read::cfi::tests::test_parse_encoded_pointer_bad_encoding,consistent,success,success
gimli-0.33.0,read::cfi::tests::test_parse_encoded_pointer_datarel,consistent,success,success
gimli-0.33.0,read::cfi::tests::test_parse_encoded_pointer_datarel_undefined,consistent,success,success
gimli-0.33.0,read::cfi::tests::test_parse_encoded_pointer_funcrel,consistent,success,success
gimli-0.33.0,read::cfi::tests::test_parse_encoded_pointer_funcrel_undefined,consistent,success,success
gimli-0.33.0,read::cfi::tests::test_parse_encoded_pointer_indirect,consistent,success,success
gimli-0.33.0,read::cfi::tests::test_parse_encoded_pointer_omit,consistent,success,success
gimli-0.33.0,read::cfi::tests::test_parse_encoded_pointer_pcrel,consistent,success,success
gimli-0.33.0,read::cfi::tests::test_parse_encoded_pointer_pcrel_undefined,consistent,success,success
gimli-0.33.0,read::cfi::tests::test_parse_encoded_pointer_sdata2,consistent,success,success
gimli-0.33.0,read::cfi::tests::test_parse_encoded_pointer_sdata4,consistent,success,success
gimli-0.33.0,read::cfi::tests::test_parse_encoded_pointer_sdata8,consistent,success,success
gimli-0.33.0,read::cfi::tests::test_parse_encoded_pointer_sleb128,consistent,success,success
gimli-0.33.0,read::cfi::tests::test_parse_encoded_pointer_textrel,consistent,success,success
gimli-0.33.0,read::cfi::tests::test_parse_encoded_pointer_textrel_undefined,consistent,success,success
gimli-0.33.0,read::cfi::tests::test_parse_encoded_pointer_udata2,consistent,success,success
gimli-0.33.0,read::cfi::tests::test_parse_encoded_pointer_udata4,consistent,success,success
gimli-0.33.0,read::cfi::tests::test_parse_encoded_pointer_udata8,consistent,success,success
gimli-0.33.0,read::cfi::tests::test_parse_encoded_pointer_uleb128,consistent,success,success
gimli-0.33.0,read::cfi::tests::test_parse_fde_32_ok,consistent,success,success
gimli-0.33.0,read::cfi::tests::test_parse_fde_64_ok,consistent,success,success
gimli-0.33.0,read::cfi::tests::test_parse_fde_incomplete_cie_pointer_32,consistent,success,success
gimli-0.33.0,read::cfi::tests::test_parse_fde_incomplete_length_32,consistent,success,success
gimli-0.33.0,read::cfi::tests::test_parse_fde_incomplete_length_64,consistent,success,success
gimli-0.33.0,read::cfi::tests::test_parse_pointer_encoding_bad_encoding,consistent,success,success
gimli-0.33.0,read::cfi::tests::test_parse_pointer_encoding_ok,consistent,success,success
gimli-0.33.0,read::cfi::tests::test_unwind_context_reuse,consistent,success,success
gimli-0.33.0,read::cfi::tests::test_unwind_info_for_address_not_found,consistent,success,success
gimli-0.33.0,read::cfi::tests::test_unwind_info_for_address_ok,consistent,success,success
gimli-0.33.0,read::cfi::tests::test_unwind_table_cie_invalid_rule,consistent,success,success
gimli-0.33.0,read::cfi::tests::test_unwind_table_cie_no_rule,consistent,success,success
gimli-0.33.0,read::cfi::tests::test_unwind_table_cie_single_rule,consistent,success,success
gimli-0.33.0,read::cfi::tests::test_unwind_table_next_row,consistent,success,success
gimli-0.33.0,read::dwarf::tests::test_dwarf_unit_variance,consistent,success,success
gimli-0.33.0,read::dwarf::tests::test_dwarf_variance,consistent,success,success
gimli-0.33.0,read::dwarf::tests::test_format_error,consistent,success,success
gimli-0.33.0,read::dwarf::tests::test_send,consistent,success,success
gimli-0.33.0,read::endian_reader::tests::bytes_and_len_and_range_and_eq,consistent,success,success
gimli-0.33.0,read::endian_reader::tests::empty,consistent,success,success
gimli-0.33.0,read::endian_reader::tests::endian,consistent,success,success
gimli-0.33.0,read::endian_reader::tests::find,consistent,success,success
gimli-0.33.0,read::endian_reader::tests::indexing,consistent,success,success
gimli-0.33.0,read::endian_reader::tests::indexing_out_of_bounds,consistent,success,success
gimli-0.33.0,read::endian_reader::tests::offset_from,consistent,success,success
gimli-0.33.0,read::endian_reader::tests::read_u8_array,consistent,success,success
gimli-0.33.0,read::endian_reader::tests::skip,consistent,success,success
gimli-0.33.0,read::endian_reader::tests::test_reader_split,consistent,success,success
gimli-0.33.0,read::endian_reader::tests::test_reader_split_out_of_bounds,consistent,success,success
gimli-0.33.0,read::endian_reader::tests::to_slice,consistent,success,success
gimli-0.33.0,read::endian_reader::tests::to_string_err,consistent,success,success
gimli-0.33.0,read::endian_reader::tests::to_string_lossy,consistent,success,success
gimli-0.33.0,read::endian_reader::tests::to_string_ok,consistent,success,success
gimli-0.33.0,read::endian_reader::tests::truncate,consistent,success,success
gimli-0.33.0,read::endian_slice::tests::test_endian_slice_split_at,consistent,success,success
gimli-0.33.0,read::endian_slice::tests::test_endian_slice_split_at_out_of_bounds,consistent,success,success
gimli-0.33.0,read::index::tests::test_cu_index,consistent,success,success
gimli-0.33.0,read::index::tests::test_empty,consistent,success,success
gimli-0.33.0,read::index::tests::test_hash,consistent,success,success
gimli-0.33.0,read::index::tests::test_tu_index,consistent,success,success
gimli-0.33.0,read::index::tests::test_version_2,consistent,success,success
gimli-0.33.0,read::index::tests::test_version_2_sections,consistent,success,success
gimli-0.33.0,read::index::tests::test_version_5,consistent,success,success
gimli-0.33.0,read::index::tests::test_version_5_invalid,consistent,success,success
gimli-0.33.0,read::index::tests::test_version_5_sections,consistent,success,success
gimli-0.33.0,read::index::tests::test_zero_slots,consistent,success,success
gimli-0.33.0,read::line::tests::test_exec_advance_line,consistent,success,success
gimli-0.33.0,read::line::tests::test_exec_advance_line_overflow,consistent,success,success
gimli-0.33.0,read::line::tests::test_exec_advance_pc,consistent,success,success
gimli-0.33.0,read::line::tests::test_exec_advance_pc_overflow_32,consistent,success,success
gimli-0.33.0,read::line::tests::test_exec_advance_pc_overflow_64,consistent,success,success
gimli-0.33.0,read::line::tests::test_exec_const_add_pc,consistent,success,success
gimli-0.33.0,read::line::tests::test_exec_const_add_pc_overflow,consistent,success,success
gimli-0.33.0,read::line::tests::test_exec_copy,consistent,success,success
gimli-0.33.0,read::line::tests::test_exec_define_file,consistent,success,success
gimli-0.33.0,read::line::tests::test_exec_end_sequence,consistent,success,success
gimli-0.33.0,read::line::tests::test_exec_fixed_add_pc,consistent,success,success
gimli-0.33.0,read::line::tests::test_exec_fixed_add_pc_overflow,consistent,success,success
gimli-0.33.0,read::line::tests::test_exec_negate_statement,consistent,success,success
gimli-0.33.0,read::line::tests::test_exec_set_address,consistent,success,success
gimli-0.33.0,read::line::tests::test_exec_set_address_backwards,consistent,success,success
gimli-0.33.0,read::line::tests::test_exec_set_address_tombstone,consistent,success,success
gimli-0.33.0,read::line::tests::test_exec_set_basic_block,consistent,success,success
gimli-0.33.0,read::line::tests::test_exec_set_column,consistent,success,success
gimli-0.33.0,read::line::tests::test_exec_set_discriminator,consistent,success,success
gimli-0.33.0,read::line::tests::test_exec_set_file_in_bounds,consistent,success,success
gimli-0.33.0,read::line::tests::test_exec_set_file_out_of_bounds,consistent,success,success
gimli-0.33.0,read::line::tests::test_exec_set_isa,consistent,success,success
gimli-0.33.0,read::line::tests::test_exec_set_prologue_end,consistent,success,success
gimli-0.33.0,read::line::tests::test_exec_special_line_underflow,consistent,success,success
gimli-0.33.0,read::line::tests::test_exec_special_negative_line_advance,consistent,success,success
gimli-0.33.0,read::line::tests::test_exec_special_noop,consistent,success,success
gimli-0.33.0,read::line::tests::test_exec_special_positive_address_advance,consistent,success,success
gimli-0.33.0,read::line::tests::test_exec_special_positive_address_and_line_advance,consistent,success,success
gimli-0.33.0,read::line::tests::test_exec_special_positive_address_and_negative_line_advance,consistent,success,success
gimli-0.33.0,read::line::tests::test_exec_special_positive_line_advance,consistent,success,success
gimli-0.33.0,read::line::tests::test_exec_unknown_extended,consistent,success,success
gimli-0.33.0,read::line::tests::test_exec_unknown_standard_0,consistent,success,success
gimli-0.33.0,read::line::tests::test_exec_unknown_standard_1,consistent,success,success
gimli-0.33.0,read::line::tests::test_exec_unknown_standard_n,consistent,success,success
gimli-0.33.0,read::line::tests::test_file_entry_directory,consistent,success,success
gimli-0.33.0,read::line::tests::test_file_entry_file_index_in_bounds,consistent,success,success
gimli-0.33.0,read::line::tests::test_file_entry_file_index_out_of_bounds,consistent,success,success
gimli-0.33.0,read::line::tests::test_parse_debug_line_32_ok,consistent,success,success
gimli-0.33.0,read::line::tests::test_parse_debug_line_header_length_too_short,consistent,success,success
gimli-0.33.0,read::line::tests::test_parse_debug_line_unit_length_too_short,consistent,success,success
gimli-0.33.0,read::line::tests::test_parse_debug_line_v5_ok,consistent,success,success
gimli-0.33.0,read::line::tests::test_parse_extended_opcodes,consistent,success,success
gimli-0.33.0,read::line::tests::test_parse_special_opcodes,consistent,success,success
gimli-0.33.0,read::line::tests::test_parse_standard_opcodes,consistent,success,success
gimli-0.33.0,read::line::tests::test_parse_unknown_standard_opcode_many_args,consistent,success,success
gimli-0.33.0,read::line::tests::test_parse_unknown_standard_opcode_no_args,consistent,success,success
gimli-0.33.0,read::line::tests::test_parse_unknown_standard_opcode_one_arg,consistent,success,success
gimli-0.33.0,read::line::tests::test_sequences,consistent,success,success
gimli-0.33.0,read::loclists::tests::test_get_offset,consistent,success,success
gimli-0.33.0,read::loclists::tests::test_location_list,consistent,success,success
gimli-0.33.0,read::loclists::tests::test_locations_invalid,consistent,success,success
gimli-0.33.0,read::loclists::tests::test_loclists,consistent,success,success
gimli-0.33.0,read::loclists::tests::test_loclists_gnu_v4_split_dwarf,consistent,success,success
gimli-0.33.0,read::macros::tests::get_macros_1,consistent,success,success
gimli-0.33.0,read::macros::tests::get_macros_2,consistent,success,success
gimli-0.33.0,read::macros::tests::test_get_macinfo,consistent,success,success
gimli-0.33.0,read::names::tests::test_debug_names,consistent,success,success
gimli-0.33.0,read::names::tests::test_debug_names_abbrev_table_empty,consistent,success,success
gimli-0.33.0,read::names::tests::test_debug_names_abbrev_table_invalid,consistent,success,success
gimli-0.33.0,read::names::tests::test_debug_names_augmentation,consistent,success,success
gimli-0.33.0,read::names::tests::test_debug_names_invalid_version,consistent,success,success
gimli-0.33.0,read::names::tests::test_debug_names_no_hash_table,consistent,success,success
gimli-0.33.0,read::names::tests::test_debug_names_truncated,consistent,success,success
gimli-0.33.0,read::op::tests::test_compute_pc,consistent,success,success
gimli-0.33.0,read::op::tests::test_eval_arith,consistent,success,success
gimli-0.33.0,read::op::tests::test_eval_arith64,consistent,success,success
gimli-0.33.0,read::op::tests::test_eval_call,consistent,success,success
gimli-0.33.0,read::op::tests::test_eval_compare,consistent,success,success
gimli-0.33.0,read::op::tests::test_eval_context,consistent,success,success
gimli-0.33.0,read::op::tests::test_eval_empty_stack,consistent,success,success
gimli-0.33.0,read::op::tests::test_eval_lit_and_reg,consistent,success,success
gimli-0.33.0,read::op::tests::test_eval_max_iterations,consistent,success,success
gimli-0.33.0,read::op::tests::test_eval_memory,consistent,success,success
gimli-0.33.0,read::op::tests::test_eval_pieces,consistent,success,success
gimli-0.33.0,read::op::tests::test_eval_register,consistent,success,success
gimli-0.33.0,read::op::tests::test_eval_stack,consistent,success,success
gimli-0.33.0,read::op::tests::test_eval_typed_stack,consistent,success,success
gimli-0.33.0,read::op::tests::test_op_convert,consistent,success,success
gimli-0.33.0,read::op::tests::test_op_parse_bit_piece,consistent,success,success
gimli-0.33.0,read::op::tests::test_op_parse_bregx,consistent,success,success
gimli-0.33.0,read::op::tests::test_op_parse_const_type,consistent,success,success
gimli-0.33.0,read::op::tests::test_op_parse_deref_type,consistent,success,success
gimli-0.33.0,read::op::tests::test_op_parse_entry_value,consistent,success,success
gimli-0.33.0,read::op::tests::test_op_parse_fivebyte,consistent,success,success
gimli-0.33.0,read::op::tests::test_op_parse_gnu_parameter_ref,consistent,success,success
gimli-0.33.0,read::op::tests::test_op_parse_implicit_pointer,consistent,success,success
gimli-0.33.0,read::op::tests::test_op_parse_implicit_value,consistent,success,success
gimli-0.33.0,read::op::tests::test_op_parse_ninebyte,consistent,success,success
gimli-0.33.0,read::op::tests::test_op_parse_onebyte,consistent,success,success
gimli-0.33.0,read::op::tests::test_op_parse_regval_type,consistent,success,success
gimli-0.33.0,read::op::tests::test_op_parse_sleb,consistent,success,success
gimli-0.33.0,read::op::tests::test_op_parse_threebyte,consistent,success,success
gimli-0.33.0,read::op::tests::test_op_parse_twobyte,consistent,success,success
gimli-0.33.0,read::op::tests::test_op_parse_uleb,consistent,success,success
gimli-0.33.0,read::op::tests::test_op_reinterpret,consistent,success,success
gimli-0.33.0,read::op::tests::test_op_wasm,consistent,success,success
gimli-0.33.0,read::reader::test::test_min_tombstone,consistent,success,success
gimli-0.33.0,read::rnglists::tests::test_get_offset,consistent,success,success
gimli-0.33.0,read::rnglists::tests::test_ranges,consistent,success,success
gimli-0.33.0,read::rnglists::tests::test_ranges_invalid,consistent,success,success
gimli-0.33.0,read::rnglists::tests::test_raw_range,consistent,success,success
gimli-0.33.0,read::rnglists::tests::test_rnglists,consistent,success,success
gimli-0.33.0,read::str::tests::test_get_str_offset,consistent,success,success
gimli-0.33.0,read::tests::test_parse_initial_length_32_ok,consistent,success,success
gimli-0.33.0,read::tests::test_parse_initial_length_64_incomplete,consistent,success,success
gimli-0.33.0,read::tests::test_parse_initial_length_64_ok,consistent,success,success
gimli-0.33.0,read::tests::test_parse_initial_length_incomplete,consistent,success,success
gimli-0.33.0,read::tests::test_parse_initial_length_unknown_reserved_value,consistent,success,success
gimli-0.33.0,read::tests::test_parse_offset_32,consistent,success,success
gimli-0.33.0,read::tests::test_parse_offset_64_large,consistent,success,success
gimli-0.33.0,read::tests::test_parse_offset_64_small,consistent,success,success
gimli-0.33.0,read::unit::tests::test_attribute_udata_sdata_value,consistent,success,success
gimli-0.33.0,read::unit::tests::test_attribute_value,consistent,success,success
gimli-0.33.0,read::unit::tests::test_cursor_next_dfs,consistent,success,success
gimli-0.33.0,read::unit::tests::test_cursor_next_entry,consistent,success,success
gimli-0.33.0,read::unit::tests::test_cursor_next_entry_incomplete,consistent,success,success
gimli-0.33.0,read::unit::tests::test_cursor_next_sibling_continuation,consistent,success,success
gimli-0.33.0,read::unit::tests::test_cursor_next_sibling_no_sibling_ptr,consistent,success,success
gimli-0.33.0,read::unit::tests::test_debug_info_next_sibling_with_ptr,consistent,success,success
gimli-0.33.0,read::unit::tests::test_debug_info_offset,consistent,success,success
gimli-0.33.0,read::unit::tests::test_debug_types_next_sibling_with_ptr,consistent,success,success
gimli-0.33.0,read::unit::tests::test_debug_types_offset,consistent,success,success
gimli-0.33.0,read::unit::tests::test_entries_at_offset,consistent,success,success
gimli-0.33.0,read::unit::tests::test_entries_raw,consistent,success,success
gimli-0.33.0,read::unit::tests::test_entries_tree,consistent,success,success
gimli-0.33.0,read::unit::tests::test_length_including_self,consistent,success,success
gimli-0.33.0,read::unit::tests::test_parse_attribute_addr,consistent,success,success
gimli-0.33.0,read::unit::tests::test_parse_attribute_addr8,consistent,success,success
gimli-0.33.0,read::unit::tests::test_parse_attribute_addrx,consistent,success,success
gimli-0.33.0,read::unit::tests::test_parse_attribute_addrx1,consistent,success,success
gimli-0.33.0,read::unit::tests::test_parse_attribute_addrx2,consistent,success,success
gimli-0.33.0,read::unit::tests::test_parse_attribute_addrx3,consistent,success,success
gimli-0.33.0,read::unit::tests::test_parse_attribute_addrx4,consistent,success,success
gimli-0.33.0,read::unit::tests::test_parse_attribute_block,consistent,success,success
gimli-0.33.0,read::unit::tests::test_parse_attribute_block1,consistent,success,success
gimli-0.33.0,read::unit::tests::test_parse_attribute_block2,consistent,success,success
gimli-0.33.0,read::unit::tests::test_parse_attribute_block4,consistent,success,success
gimli-0.33.0,read::unit::tests::test_parse_attribute_data1,consistent,success,success
gimli-0.33.0,read::unit::tests::test_parse_attribute_data16,consistent,success,success
gimli-0.33.0,read::unit::tests::test_parse_attribute_data2,consistent,success,success
gimli-0.33.0,read::unit::tests::test_parse_attribute_data4,consistent,success,success
gimli-0.33.0,read::unit::tests::test_parse_attribute_data8,consistent,success,success
gimli-0.33.0,read::unit::tests::test_parse_attribute_exprloc,consistent,success,success
gimli-0.33.0,read::unit::tests::test_parse_attribute_flag_false,consistent,success,success
gimli-0.33.0,read::unit::tests::test_parse_attribute_flag_present,consistent,success,success
gimli-0.33.0,read::unit::tests::test_parse_attribute_flag_true,consistent,success,success
gimli-0.33.0,read::unit::tests::test_parse_attribute_gnu_ref_alt_32,consistent,success,success
gimli-0.33.0,read::unit::tests::test_parse_attribute_gnu_ref_alt_64,consistent,success,success
gimli-0.33.0,read::unit::tests::test_parse_attribute_gnu_strp_alt_32,consistent,success,success
gimli-0.33.0,read::unit::tests::test_parse_attribute_gnu_strp_alt_64,consistent,success,success
gimli-0.33.0,read::unit::tests::test_parse_attribute_indirect,consistent,success,success
gimli-0.33.0,read::unit::tests::test_parse_attribute_indirect_implicit_const,consistent,success,success
gimli-0.33.0,read::unit::tests::test_parse_attribute_loclistx,consistent,success,success
gimli-0.33.0,read::unit::tests::test_parse_attribute_ref1,consistent,success,success
gimli-0.33.0,read::unit::tests::test_parse_attribute_ref2,consistent,success,success
gimli-0.33.0,read::unit::tests::test_parse_attribute_ref4,consistent,success,success
gimli-0.33.0,read::unit::tests::test_parse_attribute_ref8,consistent,success,success
gimli-0.33.0,read::unit::tests::test_parse_attribute_ref_sup4,consistent,success,success
gimli-0.33.0,read::unit::tests::test_parse_attribute_ref_sup8,consistent,success,success
gimli-0.33.0,read::unit::tests::test_parse_attribute_refaddr8_version2,consistent,success,success
gimli-0.33.0,read::unit::tests::test_parse_attribute_refaddr_32,consistent,success,success
gimli-0.33.0,read::unit::tests::test_parse_attribute_refaddr_64,consistent,success,success
gimli-0.33.0,read::unit::tests::test_parse_attribute_refaddr_version2,consistent,success,success
gimli-0.33.0,read::unit::tests::test_parse_attribute_refsig8,consistent,success,success
gimli-0.33.0,read::unit::tests::test_parse_attribute_refudata,consistent,success,success
gimli-0.33.0,read::unit::tests::test_parse_attribute_rnglistx,consistent,success,success
gimli-0.33.0,read::unit::tests::test_parse_attribute_sdata,consistent,success,success
gimli-0.33.0,read::unit::tests::test_parse_attribute_sec_offset_32,consistent,success,success
gimli-0.33.0,read::unit::tests::test_parse_attribute_sec_offset_64,consistent,success,success
gimli-0.33.0,read::unit::tests::test_parse_attribute_string,consistent,success,success
gimli-0.33.0,read::unit::tests::test_parse_attribute_strp_32,consistent,success,success
gimli-0.33.0,read::unit::tests::test_parse_attribute_strp_64,consistent,success,success
gimli-0.33.0,read::unit::tests::test_parse_attribute_strp_sup_32,consistent,success,success
gimli-0.33.0,read::unit::tests::test_parse_attribute_strp_sup_64,consistent,success,success
gimli-0.33.0,read::unit::tests::test_parse_attribute_strx,consistent,success,success
gimli-0.33.0,read::unit::tests::test_parse_attribute_strx1,consistent,success,success
gimli-0.33.0,read::unit::tests::test_parse_attribute_strx2,consistent,success,success
gimli-0.33.0,read::unit::tests::test_parse_attribute_strx3,consistent,success,success
gimli-0.33.0,read::unit::tests::test_parse_attribute_strx4,consistent,success,success
gimli-0.33.0,read::unit::tests::test_parse_attribute_udata,consistent,success,success
gimli-0.33.0,read::unit::tests::test_parse_type_unit_abbrevs,consistent,success,success
gimli-0.33.0,read::unit::tests::test_parse_type_unit_header_32_ok,consistent,success,success
gimli-0.33.0,read::unit::tests::test_parse_type_unit_header_64_ok,consistent,success,success
gimli-0.33.0,read::unit::tests::test_parse_unit_header_32_ok,consistent,success,success
gimli-0.33.0,read::unit::tests::test_parse_unit_header_64_ok,consistent,success,success
gimli-0.33.0,read::unit::tests::test_parse_v5_partial_unit_header_32_ok,consistent,success,success
gimli-0.33.0,read::unit::tests::test_parse_v5_partial_unit_header_64_ok,consistent,success,success
gimli-0.33.0,read::unit::tests::test_parse_v5_skeleton_unit_header_32_ok,consistent,success,success
gimli-0.33.0,read::unit::tests::test_parse_v5_skeleton_unit_header_64_ok,consistent,success,success
gimli-0.33.0,read::unit::tests::test_parse_v5_split_compilation_unit_header_32_ok,consistent,success,success
gimli-0.33.0,read::unit::tests::test_parse_v5_split_compilation_unit_header_64_ok,consistent,success,success
gimli-0.33.0,read::unit::tests::test_parse_v5_split_type_unit_header_32_ok,consistent,success,success
gimli-0.33.0,read::unit::tests::test_parse_v5_split_type_unit_header_64_ok,consistent,success,success
gimli-0.33.0,read::unit::tests::test_parse_v5_type_unit_header_32_ok,consistent,success,success
gimli-0.33.0,read::unit::tests::test_parse_v5_type_unit_header_64_ok,consistent,success,success
gimli-0.33.0,read::unit::tests::test_parse_v5_unit_header_32_ok,consistent,success,success
gimli-0.33.0,read::unit::tests::test_parse_v5_unit_header_64_ok,consistent,success,success
gimli-0.33.0,read::unit::tests::test_unit_header_variance,consistent,success,success
gimli-0.33.0,read::unit::tests::test_unit_version_incomplete,consistent,success,success
gimli-0.33.0,read::unit::tests::test_unit_version_unknown_version,consistent,success,success
gimli-0.33.0,read::unit::tests::test_units,consistent,success,success
gimli-0.33.0,read::value::tests::value_abs,consistent,success,success
gimli-0.33.0,read::value::tests::value_add,consistent,success,success
gimli-0.33.0,read::value::tests::value_and,consistent,success,success
gimli-0.33.0,read::value::tests::value_convert,consistent,success,success
gimli-0.33.0,read::value::tests::value_div,consistent,success,success
gimli-0.33.0,read::value::tests::value_eq,consistent,success,success
gimli-0.33.0,read::value::tests::value_ge,consistent,success,success
gimli-0.33.0,read::value::tests::value_gt,consistent,success,success
gimli-0.33.0,read::value::tests::value_le,consistent,success,success
gimli-0.33.0,read::value::tests::value_lt,consistent,success,success
gimli-0.33.0,read::value::tests::value_mul,consistent,success,success
gimli-0.33.0,read::value::tests::value_ne,consistent,success,success
gimli-0.33.0,read::value::tests::value_neg,consistent,success,success
gimli-0.33.0,read::value::tests::value_not,consistent,success,success
gimli-0.33.0,read::value::tests::value_or,consistent,success,success
gimli-0.33.0,read::value::tests::value_reinterpret,consistent,success,success
gimli-0.33.0,read::value::tests::value_rem,consistent,success,success
gimli-0.33.0,read::value::tests::value_shl,consistent,success,success
gimli-0.33.0,read::value::tests::value_shr,consistent,success,success
gimli-0.33.0,read::value::tests::value_shra,consistent,success,success
gimli-0.33.0,read::value::tests::value_sub,consistent,success,success
gimli-0.33.0,read::value::tests::value_xor,consistent,success,success
gimli-0.33.0,read::value::tests::valuetype_from_encoding,consistent,success,success
gimli-0.33.0,write::abbrev::tests::test_abbreviation_table,consistent,success,success
gimli-0.33.0,write::cfi::tests::test_frame_instruction,consistent,success,success
gimli-0.33.0,write::cfi::tests::test_frame_table,consistent,success,success
gimli-0.33.0,write::endian_vec::tests::test_endian_vec,consistent,success,success
gimli-0.33.0,write::line::tests::test_file_source,consistent,success,success
gimli-0.33.0,write::line::tests::test_line_instruction,consistent,success,success
gimli-0.33.0,write::line::tests::test_line_program,consistent,success,success
gimli-0.33.0,write::line::tests::test_line_row,consistent,success,success
gimli-0.33.0,write::line::tests::test_line_sequence,consistent,success,success
gimli-0.33.0,write::line::tests::test_line_string,consistent,success,success
gimli-0.33.0,write::line::tests::test_missing_comp_dir,consistent,success,success
gimli-0.33.0,write::line::tests::test_separate_working_dir,consistent,success,success
gimli-0.33.0,write::loc::tests::test_loc_list,consistent,success,success
gimli-0.33.0,write::op::tests::test_expression_as_raw,consistent,success,success
gimli-0.33.0,write::op::tests::test_expression_raw,consistent,success,success
gimli-0.33.0,write::op::tests::test_forward_ref,consistent,success,success
gimli-0.33.0,write::op::tests::test_missing_debuginfo_ref,consistent,success,success
gimli-0.33.0,write::op::tests::test_missing_unit_ref,consistent,success,success
gimli-0.33.0,write::op::tests::test_operation,consistent,success,success
gimli-0.33.0,write::range::tests::test_range,consistent,success,success
gimli-0.33.0,write::relocate::tests::test_relocate_writer,consistent,success,success
gimli-0.33.0,write::str::tests::test_string_table,consistent,success,success
gimli-0.33.0,write::unit::tests::test_attribute_value,consistent,success,success
gimli-0.33.0,write::unit::tests::test_delete_child,consistent,success,success
gimli-0.33.0,write::unit::tests::test_line_program_used,consistent,success,success
gimli-0.33.0,write::unit::tests::test_line_ref,consistent,success,success
gimli-0.33.0,write::unit::tests::test_missing_debuginfo_ref,consistent,success,success
gimli-0.33.0,write::unit::tests::test_missing_unit_ref,consistent,success,success
gimli-0.33.0,write::unit::tests::test_sibling,consistent,success,success
gimli-0.33.0,write::unit::tests::test_unit_ref,consistent,success,success
gimli-0.33.0,write::unit::tests::test_unit_table,consistent,success,success
gimli-0.33.0,write::writer::tests::test_writer,consistent,success,success
gimli-0.33.0,write::line::tests::test_advance,consistent,success,success
gimli-0.33.0,leb128::tests::dogfood_signed,consistent,success,success
gimli-0.33.0,leb128::tests::dogfood_unsigned,consistent,success,success
half-2.7.1,bfloat::test::formatting,consistent,success,success
half-2.7.1,bfloat::test::qc_roundtrip_bf16_f32_is_identity,consistent,success,success
half-2.7.1,bfloat::test::qc_roundtrip_bf16_f64_is_identity,consistent,success,success
half-2.7.1,bfloat::test::test_bf16_consts_from_f32,consistent,success,success
half-2.7.1,bfloat::test::test_bf16_consts_from_f64,consistent,success,success
half-2.7.1,bfloat::test::test_bf16_to_f32,consistent,success,success
half-2.7.1,bfloat::test::test_comparisons,consistent,success,success
half-2.7.1,bfloat::test::test_max,consistent,success,success
half-2.7.1,bfloat::test::test_min,consistent,success,success
half-2.7.1,bfloat::test::test_nan_conversion_to_larger,consistent,success,success
half-2.7.1,bfloat::test::test_nan_conversion_to_smaller,consistent,success,success
half-2.7.1,binary16::test::arithmetic,consistent,success,success
half-2.7.1,binary16::test::formatting,consistent,success,success
half-2.7.1,binary16::test::qc_roundtrip_f16_f32_is_identity,consistent,success,success
half-2.7.1,binary16::test::qc_roundtrip_f16_f64_is_identity,consistent,success,success
half-2.7.1,binary16::test::test_comparisons,consistent,success,success
half-2.7.1,binary16::test::test_f16_consts_from_f32,consistent,success,success
half-2.7.1,binary16::test::test_f16_consts_from_f64,consistent,success,success
half-2.7.1,binary16::test::test_max,consistent,success,success
half-2.7.1,binary16::test::test_min,consistent,success,success
half-2.7.1,binary16::test::test_nan_conversion_to_larger,consistent,success,success
half-2.7.1,binary16::test::test_nan_conversion_to_smaller,consistent,success,success
half-2.7.1,leading_zeros::test::leading_zeros_u16_fallback,consistent,success,success
half-2.7.1,slice::test::convert_from_f32_slice_len_mismatch_panics,consistent,success,success
half-2.7.1,slice::test::convert_from_f64_slice_len_mismatch_panics,consistent,success,success
half-2.7.1,slice::test::convert_to_f32_slice_len_mismatch_panics,consistent,success,success
half-2.7.1,slice::test::convert_to_f64_slice_len_mismatch_panics,consistent,success,success
half-2.7.1,slice::test::slice_convert_bf16_f32,consistent,success,success
half-2.7.1,slice::test::slice_convert_bf16_f64,consistent,success,success
half-2.7.1,slice::test::slice_convert_f16_f32,consistent,success,success
half-2.7.1,slice::test::slice_convert_f16_f64,consistent,success,success
half-2.7.1,slice::test::test_mutablility_bf16,consistent,success,success
half-2.7.1,slice::test::test_mutablility_f16,consistent,success,success
half-2.7.1,slice::test::test_slice_conversions_bf16,consistent,success,success
half-2.7.1,slice::test::test_slice_conversions_f16,consistent,success,success
half-2.7.1,vec::test::test_vec_conversions_bf16,consistent,success,success
half-2.7.1,vec::test::test_vec_conversions_f16,consistent,success,success
hashbrown-0.17.1,hashmap_reserve_survives_panicking_build_hasher,consistent,success,success
hashbrown-0.17.1,map::test_map::test_allocation_info,consistent,success,success
hashbrown-0.17.1,map::test_map::test_behavior_resize_policy,consistent,success,success
hashbrown-0.17.1,map::test_map::test_capacity_not_less_than_len,consistent,success,success
hashbrown-0.17.1,map::test_map::test_catch_panic_clone_from_when_len_is_equal,consistent,success,success
hashbrown-0.17.1,map::test_map::test_catch_panic_clone_from_when_len_is_not_equal,consistent,success,success
hashbrown-0.17.1,map::test_map::test_clone,consistent,success,success
hashbrown-0.17.1,map::test_map::test_clone_from,consistent,success,success
hashbrown-0.17.1,map::test_map::test_clone_from_double_drop,consistent,success,success
hashbrown-0.17.1,map::test_map::test_clone_from_memory_leaks,consistent,success,success
hashbrown-0.17.1,map::test_map::test_clone_memory_leaks_and_double_drop_one,consistent,success,success
hashbrown-0.17.1,map::test_map::test_clone_memory_leaks_and_double_drop_two,consistent,success,success
hashbrown-0.17.1,map::test_map::test_conflict_remove,consistent,success,success
hashbrown-0.17.1,map::test_map::test_const_with_hasher,consistent,success,success
hashbrown-0.17.1,map::test_map::test_create_capacity_zero,consistent,success,success
hashbrown-0.17.1,map::test_map::test_drops,consistent,success,success
hashbrown-0.17.1,map::test_map::test_empty_entry,consistent,success,success
hashbrown-0.17.1,map::test_map::test_empty_entry_ref,consistent,success,success
hashbrown-0.17.1,map::test_map::test_empty_iter,consistent,success,success
hashbrown-0.17.1,map::test_map::test_empty_remove,consistent,success,success
hashbrown-0.17.1,map::test_map::test_entry,consistent,success,success
hashbrown-0.17.1,map::test_map::test_entry_and_replace_entry_with,consistent,success,success
hashbrown-0.17.1,map::test_map::test_entry_ref,consistent,success,success
hashbrown-0.17.1,map::test_map::test_entry_ref_take_doesnt_corrupt,consistent,success,success
hashbrown-0.17.1,map::test_map::test_entry_take_doesnt_corrupt,consistent,success,success
hashbrown-0.17.1,map::test_map::test_eq,consistent,success,success
hashbrown-0.17.1,map::test_map::test_expand,consistent,success,success
hashbrown-0.17.1,map::test_map::test_extend_ref_k_ref_v,consistent,success,success
hashbrown-0.17.1,map::test_map::test_extend_ref_kv_tuple,consistent,success,success
hashbrown-0.17.1,map::test_map::test_extract_if,consistent,success,success
hashbrown-0.17.1,map::test_map::test_find,consistent,success,success
hashbrown-0.17.1,map::test_map::test_find_mut,consistent,success,success
hashbrown-0.17.1,map::test_map::test_from_iter,consistent,success,success
hashbrown-0.17.1,map::test_map::test_get_disjoint_mut,consistent,success,success
hashbrown-0.17.1,map::test_map::test_get_disjoint_mut_duplicate,consistent,success,success
hashbrown-0.17.1,map::test_map::test_hashmap_into_iter_bug,consistent,success,success
hashbrown-0.17.1,map::test_map::test_index,consistent,success,success
hashbrown-0.17.1,map::test_map::test_index_nonexistent,consistent,success,success
hashbrown-0.17.1,map::test_map::test_insert,consistent,success,success
hashbrown-0.17.1,map::test_map::test_insert_conflicts,consistent,success,success
hashbrown-0.17.1,map::test_map::test_insert_overwrite,consistent,success,success
hashbrown-0.17.1,map::test_map::test_insert_unique_unchecked,consistent,success,success
hashbrown-0.17.1,map::test_map::test_into_iter_drops,consistent,success,success
hashbrown-0.17.1,map::test_map::test_into_keys,consistent,success,success
hashbrown-0.17.1,map::test_map::test_into_values,consistent,success,success
hashbrown-0.17.1,map::test_map::test_is_empty,consistent,success,success
hashbrown-0.17.1,map::test_map::test_iter_len,consistent,success,success
hashbrown-0.17.1,map::test_map::test_iter_mut_len,consistent,success,success
hashbrown-0.17.1,map::test_map::test_iterate,consistent,success,success
hashbrown-0.17.1,map::test_map::test_keys,consistent,success,success
hashbrown-0.17.1,map::test_map::test_mut_size_hint,consistent,success,success
hashbrown-0.17.1,map::test_map::test_occupied_entry_key,consistent,success,success
hashbrown-0.17.1,map::test_map::test_occupied_entry_ref_key,consistent,success,success
hashbrown-0.17.1,map::test_map::test_occupied_entry_replace_entry_with,consistent,success,success
hashbrown-0.17.1,map::test_map::test_remove,consistent,success,success
hashbrown-0.17.1,map::test_map::test_remove_entry,consistent,success,success
hashbrown-0.17.1,map::test_map::test_replace_entry_with_doesnt_corrupt,consistent,success,success
hashbrown-0.17.1,map::test_map::test_reserve_shrink_to_fit,consistent,success,success
hashbrown-0.17.1,map::test_map::test_retain,consistent,success,success
hashbrown-0.17.1,map::test_map::test_show,consistent,success,success
hashbrown-0.17.1,map::test_map::test_size_hint,consistent,success,success
hashbrown-0.17.1,map::test_map::test_vacant_entry_key,consistent,success,success
hashbrown-0.17.1,map::test_map::test_vacant_entry_ref_key,consistent,success,success
hashbrown-0.17.1,map::test_map::test_values,consistent,success,success
hashbrown-0.17.1,map::test_map::test_values_mut,consistent,success,success
hashbrown-0.17.1,map::test_map::test_zero_capacities,consistent,success,success
hashbrown-0.17.1,map::test_map_with_mmap_allocations::test_tiny_allocation_gets_rounded_to_page_size,consistent,success,success
hashbrown-0.17.1,raw::test_map::rehash,consistent,success,success
hashbrown-0.17.1,raw::test_map::test_catch_panic_clone_from,consistent,success,success
hashbrown-0.17.1,raw::test_map::test_drop_uninitialized,consistent,success,success
hashbrown-0.17.1,raw::test_map::test_drop_zero_items,consistent,success,success
hashbrown-0.17.1,raw::test_map::test_minimum_capacity_for_small_types,consistent,success,success
hashbrown-0.17.1,raw::test_map::test_prev_pow2,consistent,success,success
hashbrown-0.17.1,raw_entry::test_map::test_key_without_hash_impl,consistent,success,success
hashbrown-0.17.1,raw_entry::test_map::test_raw_entry,consistent,success,success
hashbrown-0.17.1,raw_entry::test_map::test_raw_entry_and_replace_entry_with,consistent,success,success
hashbrown-0.17.1,raw_entry::test_map::test_raw_occupied_entry_replace_entry_with,consistent,success,success
hashbrown-0.17.1,set::test_set::collect,consistent,success,success
hashbrown-0.17.1,set::test_set::duplicate_insert,consistent,success,success
hashbrown-0.17.1,set::test_set::rehash_in_place,consistent,success,success
hashbrown-0.17.1,set::test_set::some_invalid_equivalent,consistent,success,success
hashbrown-0.17.1,set::test_set::test_allocation_info,consistent,success,success
hashbrown-0.17.1,set::test_set::test_const_with_hasher,consistent,success,success
hashbrown-0.17.1,set::test_set::test_difference,consistent,success,success
hashbrown-0.17.1,set::test_set::test_disjoint,consistent,success,success
hashbrown-0.17.1,set::test_set::test_drain,consistent,success,success
hashbrown-0.17.1,set::test_set::test_eq,consistent,success,success
hashbrown-0.17.1,set::test_set::test_extend_ref,consistent,success,success
hashbrown-0.17.1,set::test_set::test_extract_if,consistent,success,success
hashbrown-0.17.1,set::test_set::test_from_iter,consistent,success,success
hashbrown-0.17.1,set::test_set::test_from_map,consistent,success,success
hashbrown-0.17.1,set::test_set::test_intersection,consistent,success,success
hashbrown-0.17.1,set::test_set::test_iterate,consistent,success,success
hashbrown-0.17.1,set::test_set::test_move_iter,consistent,success,success
hashbrown-0.17.1,set::test_set::test_replace,consistent,success,success
hashbrown-0.17.1,set::test_set::test_retain,consistent,success,success
hashbrown-0.17.1,set::test_set::test_show,consistent,success,success
hashbrown-0.17.1,set::test_set::test_sub_assign,consistent,success,success
hashbrown-0.17.1,set::test_set::test_subset_and_superset,consistent,success,success
hashbrown-0.17.1,set::test_set::test_symmetric_difference,consistent,success,success
hashbrown-0.17.1,set::test_set::test_trivial_drain,consistent,success,success
hashbrown-0.17.1,set::test_set::test_union,consistent,success,success
hashbrown-0.17.1,set::test_set::test_zero_capacities,consistent,success,success
hashbrown-0.17.1,table::tests::test_allocation_info,consistent,success,success
hashbrown-0.17.1,test_lookup,consistent,success,success
hashbrown-0.17.1,test_string_str,consistent,success,success
hashlink-0.11.0,double_ended_iter,consistent,success,success
hashlink-0.11.0,front_back,consistent,success,success
hashlink-0.11.0,insert_order,consistent,success,success
hashlink-0.11.0,test_borrow,consistent,success,success
hashlink-0.11.0,test_change_capacity,consistent,success,success
hashlink-0.11.0,test_clear,consistent,success,success
hashlink-0.11.0,test_consuming_iter,consistent,success,success
hashlink-0.11.0,test_consuming_iter_empty,consistent,success,success
hashlink-0.11.0,test_consuming_iter_with_free_list,consistent,success,success
hashlink-0.11.0,test_contains_key,consistent,success,success
hashlink-0.11.0,test_cursor_back_mut,consistent,success,success
hashlink-0.11.0,test_cursor_front_mut,consistent,success,success
hashlink-0.11.0,test_cursor_mut_current,consistent,success,success
hashlink-0.11.0,test_cursor_mut_insert_after,consistent,success,success
hashlink-0.11.0,test_cursor_mut_insert_before,consistent,success,success
hashlink-0.11.0,test_cursor_mut_insert_before_itself,consistent,success,success
hashlink-0.11.0,test_cursor_mut_move_next,consistent,success,success
hashlink-0.11.0,test_cursor_mut_move_prev,consistent,success,success
hashlink-0.11.0,test_cursor_mut_pick_next,consistent,success,success
hashlink-0.11.0,test_cursor_mut_pick_prev,consistent,success,success
hashlink-0.11.0,test_difference,consistent,success,success
hashlink-0.11.0,test_disjoint,consistent,success,success
hashlink-0.11.0,test_drain,consistent,success,success
hashlink-0.11.0,test_entry,consistent,success,success
hashlink-0.11.0,test_entry_insert_vacant,consistent,success,success
hashlink-0.11.0,test_eq,consistent,success,success
hashlink-0.11.0,test_expire_lru,consistent,success,success
hashlink-0.11.0,test_extend_ref,consistent,success,success
hashlink-0.11.0,test_from_iter,consistent,success,success
hashlink-0.11.0,test_index,consistent,success,success
hashlink-0.11.0,test_insert_and_get,consistent,success,success
hashlink-0.11.0,test_insert_update,consistent,success,success
hashlink-0.11.0,test_intersection,consistent,success,success
hashlink-0.11.0,test_into_iter_drop,consistent,success,success
hashlink-0.11.0,test_iter,consistent,success,success
hashlink-0.11.0,test_iter_mut,consistent,success,success
hashlink-0.11.0,test_iterate,consistent,success,success
hashlink-0.11.0,test_move,consistent,success,success
hashlink-0.11.0,test_move_iter,consistent,success,success
hashlink-0.11.0,test_order_equality,consistent,success,success
hashlink-0.11.0,test_peek,consistent,success,success
hashlink-0.11.0,test_pop,consistent,success,success
hashlink-0.11.0,test_put_and_get,consistent,success,success
hashlink-0.11.0,test_put_update,consistent,success,success
hashlink-0.11.0,test_remove,consistent,success,success
hashlink-0.11.0,test_replace,consistent,success,success
hashlink-0.11.0,test_reserve,consistent,success,success
hashlink-0.11.0,test_retain,consistent,success,success
hashlink-0.11.0,test_retain_with_order,consistent,success,success
hashlink-0.11.0,test_send_sync,consistent,success,success
hashlink-0.11.0,test_show,consistent,success,success
hashlink-0.11.0,test_shrink_to_fit_resize,consistent,success,success
hashlink-0.11.0,test_subset_and_superset,consistent,success,success
hashlink-0.11.0,test_symmetric_difference,consistent,success,success
hashlink-0.11.0,test_trivial_drain,consistent,success,success
hashlink-0.11.0,test_union,consistent,success,success
hashlink-0.11.0,test_zero_capacities,consistent,success,success
hashlink-0.11.0,to_back_front_order,consistent,success,success
hostname-0.4.2,gen_bindings,consistent,test_failed,test_failed
hostname-0.4.2,nix::tests::test_empty_buffer,consistent,success,success
hostname-0.4.2,nix::tests::test_filled_with_null_buffer,consistent,success,success
hostname-0.4.2,nix::tests::test_non_overflowed_buffer,consistent,success,success
hostname-0.4.2,nix::tests::test_overflowed_buffer,consistent,success,success
hostname-0.4.2,test_readme_deps,consistent,success,success
hostname-0.4.2,test_html_root_url,consistent,success,success
http-1.4.1,append_multiple_values,consistent,success,success
http-1.4.1,as_header_name,consistent,success,success
http-1.4.1,drain,consistent,success,success
http-1.4.1,drain_drop_immediately,consistent,success,success
http-1.4.1,drain_entry,consistent,success,success
http-1.4.1,drain_forget,consistent,success,success
http-1.4.1,ensure_miri_itermut_not_violated,consistent,success,success
http-1.4.1,ensure_miri_sharedreadonly_not_violated,consistent,success,success
http-1.4.1,ensure_miri_valueitermut_not_violated,consistent,success,success
http-1.4.1,eq,consistent,success,success
http-1.4.1,equates_with_u16,consistent,success,success
http-1.4.1,error::tests::inner_error_is_invalid_status_code,consistent,success,success
http-1.4.1,extend_size_hint_above_capacity,consistent,success,success
http-1.4.1,extensions::test_extensions,consistent,success,success
http-1.4.1,from_bytes,consistent,success,success
http-1.4.1,get_invalid,consistent,success,success
http-1.4.1,header::map::skip_duplicates_during_key_iteration,consistent,success,success
http-1.4.1,header::map::test_bounds,consistent,success,success
http-1.4.1,header::name::test_parse_standard_headers,consistent,success,success
http-1.4.1,header::name::test_standard_headers_into_bytes,consistent,success,success
http-1.4.1,header::name::tests::test_all_tokens,consistent,success,success
http-1.4.1,header::name::tests::test_bounds,consistent,success,success
http-1.4.1,header::name::tests::test_eq_hdr_name,consistent,success,success
http-1.4.1,header::name::tests::test_from_hdr_name,consistent,success,success
http-1.4.1,header::name::tests::test_from_lowercase,consistent,success,success
http-1.4.1,header::name::tests::test_from_static_custom_long,consistent,success,success
http-1.4.1,header::name::tests::test_from_static_custom_long_symbol,consistent,success,success
http-1.4.1,header::name::tests::test_from_static_custom_long_uppercase,consistent,success,success
http-1.4.1,header::name::tests::test_from_static_custom_short,consistent,success,success
http-1.4.1,header::name::tests::test_from_static_custom_short_symbol,consistent,success,success
http-1.4.1,header::name::tests::test_from_static_custom_short_uppercase,consistent,success,success
http-1.4.1,header::name::tests::test_from_static_custom_single_char,consistent,success,success
http-1.4.1,header::name::tests::test_from_static_empty,consistent,success,success
http-1.4.1,header::name::tests::test_from_static_std,consistent,success,success
http-1.4.1,header::name::tests::test_from_static_std_symbol,consistent,success,success
http-1.4.1,header::name::tests::test_from_static_std_uppercase,consistent,success,success
http-1.4.1,header::name::tests::test_parse_invalid_headers,consistent,success,success
http-1.4.1,header::name::tests::test_static_invalid_name_lengths,consistent,success,success
http-1.4.1,header::value::from_header_name_tests::it_can_insert_header_name_as_header_value,consistent,success,success
http-1.4.1,header::value::from_i16,consistent,success,success
http-1.4.1,header::value::from_i32,consistent,success,success
http-1.4.1,header::value::from_i64,consistent,success,success
http-1.4.1,header::value::from_isize,consistent,success,success
http-1.4.1,header::value::from_u16,consistent,success,success
http-1.4.1,header::value::from_u32,consistent,success,success
http-1.4.1,header::value::from_u64,consistent,success,success
http-1.4.1,header::value::from_usize,consistent,success,success
http-1.4.1,header::value::test_debug,consistent,success,success
http-1.4.1,header::value::test_try_from,consistent,success,success
http-1.4.1,header::value::try_from_header_name_tests::it_converts_using_try_from,consistent,success,success
http-1.4.1,insert_79_custom_std_headers,consistent,success,success
http-1.4.1,insert_all_std_headers,consistent,success,success
http-1.4.1,insert_invalid,consistent,success,success
http-1.4.1,into_header_name,consistent,success,success
http-1.4.1,into_iter_drop_panic_after_yielding_extra_value_double_drops,consistent,success,success
http-1.4.1,is_client_error,consistent,success,success
http-1.4.1,is_informational,consistent,success,success
http-1.4.1,is_redirection,consistent,success,success
http-1.4.1,is_server_error,consistent,success,success
http-1.4.1,is_success,consistent,success,success
http-1.4.1,method::test::test_extension_method,consistent,success,success
http-1.4.1,method::test::test_extension_method_chars,consistent,success,success
http-1.4.1,method::test::test_invalid_method,consistent,success,success
http-1.4.1,method::test::test_is_idempotent,consistent,success,success
http-1.4.1,method::test::test_method_eq,consistent,success,success
http-1.4.1,remove_entry_3_others_a,consistent,success,success
http-1.4.1,remove_entry_3_others_b,consistent,success,success
http-1.4.1,remove_entry_multi_0,consistent,success,success
http-1.4.1,remove_entry_multi_0_others,consistent,success,success
http-1.4.1,remove_entry_multi_1,consistent,success,success
http-1.4.1,remove_entry_multi_1_other,consistent,success,success
http-1.4.1,remove_entry_multi_2,consistent,success,success
http-1.4.1,remove_entry_multi_3,consistent,success,success
http-1.4.1,remove_entry_multi_3_others,consistent,success,success
http-1.4.1,remove_multiple_a,consistent,success,success
http-1.4.1,remove_multiple_b,consistent,success,success
http-1.4.1,request::tests::it_can_map_a_body_from_one_type_to_another,consistent,success,success
http-1.4.1,reserve,consistent,success,success
http-1.4.1,reserve_over_capacity,consistent,success,success
http-1.4.1,reserve_overflow,consistent,success,success
http-1.4.1,response::tests::it_can_map_a_body_from_one_type_to_another,consistent,success,success
http-1.4.1,roundtrip,consistent,success,success
http-1.4.1,smoke,consistent,success,success
http-1.4.1,tests::request_satisfies_send_sync,consistent,success,success
http-1.4.1,tests::response_satisfies_send_sync,consistent,success,success
http-1.4.1,uri::authority::tests::allows_percent_in_ipv6_address,consistent,success,success
http-1.4.1,uri::authority::tests::allows_percent_in_userinfo,consistent,success,success
http-1.4.1,uri::authority::tests::compares_to_self,consistent,success,success
http-1.4.1,uri::authority::tests::compares_with_a_str,consistent,success,success
http-1.4.1,uri::authority::tests::compares_with_a_string,consistent,success,success
http-1.4.1,uri::authority::tests::equal_to_self_of_same_authority,consistent,success,success
http-1.4.1,uri::authority::tests::equates_with_a_str,consistent,success,success
http-1.4.1,uri::authority::tests::equates_with_a_string,consistent,success,success
http-1.4.1,uri::authority::tests::equates_with_a_string_of_a_different_authority,consistent,success,success
http-1.4.1,uri::authority::tests::from_static_equates_with_a_str,consistent,success,success
http-1.4.1,uri::authority::tests::not_equal_to_self_of_different_authority,consistent,success,success
http-1.4.1,uri::authority::tests::not_equal_with_a_str_of_a_different_authority,consistent,success,success
http-1.4.1,uri::authority::tests::parse_empty_string_is_error,consistent,success,success
http-1.4.1,uri::authority::tests::reject_obviously_invalid_ipv6_address,consistent,success,success
http-1.4.1,uri::authority::tests::rejects_invalid_use_of_brackets,consistent,success,success
http-1.4.1,uri::authority::tests::rejects_invalid_utf8,consistent,success,success
http-1.4.1,uri::authority::tests::rejects_percent_in_hostname,consistent,success,success
http-1.4.1,uri::authority::tests::rejects_percent_outside_ipv6_address,consistent,success,success
http-1.4.1,uri::builder::tests::build_from_str,consistent,success,success
http-1.4.1,uri::builder::tests::build_from_string,consistent,success,success
http-1.4.1,uri::builder::tests::build_from_string_ref,consistent,success,success
http-1.4.1,uri::builder::tests::build_from_uri,consistent,success,success
http-1.4.1,uri::path::tests::allow_utf8_in_path,consistent,success,success
http-1.4.1,uri::path::tests::allow_utf8_in_query,consistent,success,success
http-1.4.1,uri::path::tests::compares_to_self,consistent,success,success
http-1.4.1,uri::path::tests::compares_with_a_str,consistent,success,success
http-1.4.1,uri::path::tests::compares_with_a_string,consistent,success,success
http-1.4.1,uri::path::tests::equal_to_self_of_same_path,consistent,success,success
http-1.4.1,uri::path::tests::equates_with_a_str,consistent,success,success
http-1.4.1,uri::path::tests::equates_with_a_string,consistent,success,success
http-1.4.1,uri::path::tests::ignores_invalid_percent_encodings,consistent,success,success
http-1.4.1,uri::path::tests::ignores_valid_percent_encodings,consistent,success,success
http-1.4.1,uri::path::tests::json_is_fine,consistent,success,success
http-1.4.1,uri::path::tests::not_equal_to_self_of_different_path,consistent,success,success
http-1.4.1,uri::path::tests::not_equal_with_a_str_of_a_different_path,consistent,success,success
http-1.4.1,uri::path::tests::not_equal_with_a_string_of_a_different_path,consistent,success,success
http-1.4.1,uri::path::tests::rejects_empty_string,consistent,success,success
http-1.4.1,uri::path::tests::rejects_invalid_utf8_in_path,consistent,success,success
http-1.4.1,uri::path::tests::rejects_invalid_utf8_in_query,consistent,success,success
http-1.4.1,uri::path::tests::requires_starting_with_slash,consistent,success,success
http-1.4.1,uri::port::tests::partialeq_port,consistent,success,success
http-1.4.1,uri::port::tests::partialeq_port_different_reprs,consistent,success,success
http-1.4.1,uri::port::tests::partialeq_u16,consistent,success,success
http-1.4.1,uri::port::tests::u16_from_port,consistent,success,success
http-1.4.1,uri::scheme::test::invalid_scheme_is_error,consistent,success,success
http-1.4.1,uri::scheme::test::scheme_eq_to_str,consistent,success,success
http-1.4.1,uri::tests::test_authority_uri_parts_round_trip,consistent,success,success
http-1.4.1,uri::tests::test_char_table,consistent,success,success
http-1.4.1,uri::tests::test_ipv6,consistent,success,success
http-1.4.1,uri::tests::test_ipv6_shorthand,consistent,success,success
http-1.4.1,uri::tests::test_ipv6_shorthand2,consistent,success,success
http-1.4.1,uri::tests::test_ipv6_shorthand3,consistent,success,success
http-1.4.1,uri::tests::test_ipv6_with_port,consistent,success,success
http-1.4.1,uri::tests::test_max_length_scheme,consistent,success,success
http-1.4.1,uri::tests::test_max_uri_len,consistent,success,success
http-1.4.1,uri::tests::test_overflowing_scheme,consistent,success,success
http-1.4.1,uri::tests::test_partial_eq_path_with_terminating_questionmark,consistent,success,success
http-1.4.1,uri::tests::test_path_permissive,consistent,success,success
http-1.4.1,uri::tests::test_percentage_encoded_path,consistent,success,success
http-1.4.1,uri::tests::test_query_permissive,consistent,success,success
http-1.4.1,uri::tests::test_uri_authority_only_one_character_issue_197,consistent,success,success
http-1.4.1,uri::tests::test_uri_parse_absolute_form,consistent,success,success
http-1.4.1,uri::tests::test_uri_parse_absolute_form_with_empty_path_and_fragment_with_questionmark,consistent,success,success
http-1.4.1,uri::tests::test_uri_parse_absolute_form_with_empty_path_and_fragment_with_slash,consistent,success,success
http-1.4.1,uri::tests::test_uri_parse_absolute_form_with_empty_path_and_nonempty_query,consistent,success,success
http-1.4.1,uri::tests::test_uri_parse_absolute_form_without_path,consistent,success,success
http-1.4.1,uri::tests::test_uri_parse_absolute_with_default_port_http,consistent,success,success
http-1.4.1,uri::tests::test_uri_parse_absolute_with_default_port_https,consistent,success,success
http-1.4.1,uri::tests::test_uri_parse_asterisk_form,consistent,success,success
http-1.4.1,uri::tests::test_uri_parse_authority_form,consistent,success,success
http-1.4.1,uri::tests::test_uri_parse_authority_no_port,consistent,success,success
http-1.4.1,uri::tests::test_uri_parse_error,consistent,success,success
http-1.4.1,uri::tests::test_uri_parse_fragment_questionmark,consistent,success,success
http-1.4.1,uri::tests::test_uri_parse_long_host_with_no_scheme,consistent,success,success
http-1.4.1,uri::tests::test_uri_parse_long_host_with_port_and_no_scheme,consistent,success,success
http-1.4.1,uri::tests::test_uri_parse_path_and_query,consistent,success,success
http-1.4.1,uri::tests::test_uri_parse_path_with_terminating_questionmark,consistent,success,success
http-1.4.1,uri::tests::test_uri_to_path_and_query,consistent,success,success
http-1.4.1,uri::tests::test_userinfo1,consistent,success,success
http-1.4.1,uri::tests::test_userinfo2,consistent,success,success
http-1.4.1,uri::tests::test_userinfo3,consistent,success,success
http-1.4.1,uri::tests::test_userinfo_pass_with_port,consistent,success,success
http-1.4.1,uri::tests::test_userinfo_with_port,consistent,success,success
http-1.4.1,value_htab,consistent,success,success
http-1.4.1,with_capacity_max,consistent,success,success
http-1.4.1,with_capacity_overflow,consistent,success,success
http-1.4.1,header::name::tests::test_invalid_name_lengths,consistent,test_failed,test_failed
http-body-1.0.1,is_end_stream_default_false,consistent,success,success
http-body-1.0.1,is_end_stream_true,consistent,success,success
httparse-1.10.1,simd::swar::test_is_header_value_block,consistent,success,success
httparse-1.10.1,simd::swar::test_is_uri_block,consistent,success,success
httparse-1.10.1,simd::swar::test_offsetnz,consistent,success,success
httparse-1.10.1,tests::partial_permutations,consistent,success,success
httparse-1.10.1,tests::test_allow_request_with_multiple_space_delimiters,consistent,success,success
httparse-1.10.1,tests::test_allow_response_response_with_space_before_first_header,consistent,success,success
httparse-1.10.1,tests::test_allow_response_with_multiple_space_delimiters,consistent,success,success
httparse-1.10.1,tests::test_allow_response_with_obsolete_line_folding_at_end,consistent,success,success
httparse-1.10.1,tests::test_allow_response_with_obsolete_line_folding_at_start,consistent,success,success
httparse-1.10.1,tests::test_allow_response_with_obsolete_line_folding_in_empty_header,consistent,success,success
httparse-1.10.1,tests::test_allow_response_with_obsolete_line_folding_in_middle,consistent,success,success
httparse-1.10.1,tests::test_allow_response_with_whitespace_between_header_name_and_colon,consistent,success,success
httparse-1.10.1,tests::test_bad_utf8_in_path,consistent,success,success
httparse-1.10.1,tests::test_chunk_size,consistent,success,success
httparse-1.10.1,tests::test_forbid_request_with_multiple_space_delimiters,consistent,success,success
httparse-1.10.1,tests::test_forbid_request_with_weird_whitespace_delimiters,consistent,success,success
httparse-1.10.1,tests::test_forbid_request_with_whitespace_between_header_name_and_colon,consistent,success,success
httparse-1.10.1,tests::test_forbid_response_with_multiple_space_delimiters,consistent,success,success
httparse-1.10.1,tests::test_forbid_response_with_obsolete_line_folding_at_end,consistent,success,success
httparse-1.10.1,tests::test_forbid_response_with_obsolete_line_folding_at_start,consistent,success,success
httparse-1.10.1,tests::test_forbid_response_with_obsolete_line_folding_in_empty_header,consistent,success,success
httparse-1.10.1,tests::test_forbid_response_with_obsolete_line_folding_in_middle,consistent,success,success
httparse-1.10.1,tests::test_forbid_response_with_space_before_first_header,consistent,success,success
httparse-1.10.1,tests::test_forbid_response_with_weird_whitespace_delimiters,consistent,success,success
httparse-1.10.1,tests::test_forbid_response_with_whitespace_between_header_name_and_colon,consistent,success,success
httparse-1.10.1,tests::test_header_with_cr_in_header_name,consistent,success,success
httparse-1.10.1,tests::test_header_with_invalid_char_in_value,consistent,success,success
httparse-1.10.1,tests::test_header_with_invalid_char_in_value_with_folding,consistent,success,success
httparse-1.10.1,tests::test_header_with_nul_in_value,consistent,success,success
httparse-1.10.1,tests::test_header_with_nul_in_whitespace_before_colon,consistent,success,success
httparse-1.10.1,tests::test_ignore_header_line_with_missing_colon_in_request,consistent,success,success
httparse-1.10.1,tests::test_ignore_header_line_with_missing_colon_in_response,consistent,success,success
httparse-1.10.1,tests::test_ignore_header_line_with_whitespaces_after_header_name_in_request,consistent,success,success
httparse-1.10.1,tests::test_ignore_header_line_with_whitespaces_after_header_name_in_response,consistent,success,success
httparse-1.10.1,tests::test_method_within_buffer,consistent,success,success
httparse-1.10.1,tests::test_no_space_after_colon,consistent,success,success
httparse-1.10.1,tests::test_request_empty_lines_prefix,consistent,success,success
httparse-1.10.1,tests::test_request_empty_lines_prefix_lf_only,consistent,success,success
httparse-1.10.1,tests::test_request_header_no_space_after_colon,consistent,success,success
httparse-1.10.1,tests::test_request_header_value_htab_long,consistent,success,success
httparse-1.10.1,tests::test_request_header_value_htab_med,consistent,success,success
httparse-1.10.1,tests::test_request_header_value_htab_short,consistent,success,success
httparse-1.10.1,tests::test_request_header_with_missing_colon_with_folding,consistent,success,success
httparse-1.10.1,tests::test_request_header_with_nul_in_header_name,consistent,success,success
httparse-1.10.1,tests::test_request_headers,consistent,success,success
httparse-1.10.1,tests::test_request_headers_max,consistent,success,success
httparse-1.10.1,tests::test_request_headers_optional_whitespace,consistent,success,success
httparse-1.10.1,tests::test_request_method_no_delimiter,consistent,success,success
httparse-1.10.1,tests::test_request_method_only,consistent,success,success
httparse-1.10.1,tests::test_request_method_path_no_delimiter,consistent,success,success
httparse-1.10.1,tests::test_request_method_path_only,consistent,success,success
httparse-1.10.1,tests::test_request_multibyte,consistent,success,success
httparse-1.10.1,tests::test_request_newlines,consistent,success,success
httparse-1.10.1,tests::test_request_one_byte_method,consistent,success,success
httparse-1.10.1,tests::test_request_partial,consistent,success,success
httparse-1.10.1,tests::test_request_partial_method,consistent,success,success
httparse-1.10.1,tests::test_request_partial_parses_headers_as_much_as_it_can,consistent,success,success
httparse-1.10.1,tests::test_request_partial_version,consistent,success,success
httparse-1.10.1,tests::test_request_path_backslash,consistent,success,success
httparse-1.10.1,tests::test_request_simple,consistent,success,success
httparse-1.10.1,tests::test_request_simple_with_query_params,consistent,success,success
httparse-1.10.1,tests::test_request_simple_with_whatwg_query_params,consistent,success,success
httparse-1.10.1,tests::test_request_with_del_in_path,consistent,success,success
httparse-1.10.1,tests::test_request_with_empty_header_name,consistent,success,success
httparse-1.10.1,tests::test_request_with_empty_method,consistent,success,success
httparse-1.10.1,tests::test_request_with_empty_method_and_path,consistent,success,success
httparse-1.10.1,tests::test_request_with_empty_path,consistent,success,success
httparse-1.10.1,tests::test_request_with_invalid_but_short_version,consistent,success,success
httparse-1.10.1,tests::test_request_with_invalid_char_between_header_name_and_colon,consistent,success,success
httparse-1.10.1,tests::test_request_with_invalid_method,consistent,success,success
httparse-1.10.1,tests::test_request_with_invalid_token_delimiter,consistent,success,success
httparse-1.10.1,tests::test_request_with_leading_space,consistent,success,success
httparse-1.10.1,tests::test_request_with_multiple_spaces_and_bad_path,consistent,success,success
httparse-1.10.1,tests::test_request_with_whitespace_between_header_name_and_colon,consistent,success,success
httparse-1.10.1,tests::test_response_code_missing_space,consistent,success,success
httparse-1.10.1,tests::test_response_empty_lines_prefix_lf_only,consistent,success,success
httparse-1.10.1,tests::test_response_header_with_missing_colon_with_folding,consistent,success,success
httparse-1.10.1,tests::test_response_header_with_nul_in_header_name,consistent,success,success
httparse-1.10.1,tests::test_response_newlines,consistent,success,success
httparse-1.10.1,tests::test_response_no_cr,consistent,success,success
httparse-1.10.1,tests::test_response_partial_parses_headers_as_much_as_it_can,consistent,success,success
httparse-1.10.1,tests::test_response_reason_missing,consistent,success,success
httparse-1.10.1,tests::test_response_reason_missing_no_space,consistent,success,success
httparse-1.10.1,tests::test_response_reason_missing_no_space_with_headers,consistent,success,success
httparse-1.10.1,tests::test_response_reason_with_nul_byte,consistent,success,success
httparse-1.10.1,tests::test_response_reason_with_obsolete_text_byte,consistent,success,success
httparse-1.10.1,tests::test_response_reason_with_space_and_tab,consistent,success,success
httparse-1.10.1,tests::test_response_simple,consistent,success,success
httparse-1.10.1,tests::test_response_version_missing_space,consistent,success,success
httparse-1.10.1,tests::test_response_with_empty_header_name,consistent,success,success
httparse-1.10.1,tests::test_response_with_invalid_char_between_header_name_and_colon,consistent,success,success
httparse-1.10.1,tests::test_response_with_spaces_in_code,consistent,success,success
httparse-1.10.1,tests::test_still_forbid_request_with_weird_whitespace_delimiters,consistent,success,success
httparse-1.10.1,tests::test_still_forbid_response_with_weird_whitespace_delimiters,consistent,success,success
httparse-1.10.1,tests::test_utf8_in_path_ok,consistent,success,success
httparse-1.10.1,urltest_001,consistent,success,success
httparse-1.10.1,urltest_002,consistent,success,success
httparse-1.10.1,urltest_003,consistent,success,success
httparse-1.10.1,urltest_004,consistent,success,success
httparse-1.10.1,urltest_005,consistent,success,success
httparse-1.10.1,urltest_006,consistent,success,success
httparse-1.10.1,urltest_007,consistent,success,success
httparse-1.10.1,urltest_008,consistent,success,success
httparse-1.10.1,urltest_009,consistent,success,success
httparse-1.10.1,urltest_010,consistent,success,success
httparse-1.10.1,urltest_011,consistent,success,success
httparse-1.10.1,urltest_012,consistent,success,success
httparse-1.10.1,urltest_013,consistent,success,success
httparse-1.10.1,urltest_014,consistent,success,success
httparse-1.10.1,urltest_015,consistent,success,success
httparse-1.10.1,urltest_016,consistent,success,success
httparse-1.10.1,urltest_017,consistent,success,success
httparse-1.10.1,urltest_018,consistent,success,success
httparse-1.10.1,urltest_019,consistent,success,success
httparse-1.10.1,urltest_020,consistent,success,success
httparse-1.10.1,urltest_021,consistent,success,success
httparse-1.10.1,urltest_022,consistent,success,success
httparse-1.10.1,urltest_023,consistent,success,success
httparse-1.10.1,urltest_024,consistent,success,success
httparse-1.10.1,urltest_025,consistent,success,success
httparse-1.10.1,urltest_026,consistent,success,success
httparse-1.10.1,urltest_027,consistent,success,success
httparse-1.10.1,urltest_028,consistent,success,success
httparse-1.10.1,urltest_029,consistent,success,success
httparse-1.10.1,urltest_030,consistent,success,success
httparse-1.10.1,urltest_031,consistent,success,success
httparse-1.10.1,urltest_032,consistent,success,success
httparse-1.10.1,urltest_033,consistent,success,success
httparse-1.10.1,urltest_034,consistent,success,success
httparse-1.10.1,urltest_035,consistent,success,success
httparse-1.10.1,urltest_036,consistent,success,success
httparse-1.10.1,urltest_037,consistent,success,success
httparse-1.10.1,urltest_038,consistent,success,success
httparse-1.10.1,urltest_039,consistent,success,success
httparse-1.10.1,urltest_040,consistent,success,success
httparse-1.10.1,urltest_041,consistent,success,success
httparse-1.10.1,urltest_042,consistent,success,success
httparse-1.10.1,urltest_043,consistent,success,success
httparse-1.10.1,urltest_044,consistent,success,success
httparse-1.10.1,urltest_045,consistent,success,success
httparse-1.10.1,urltest_046,consistent,success,success
httparse-1.10.1,urltest_047,consistent,success,success
httparse-1.10.1,urltest_048,consistent,success,success
httparse-1.10.1,urltest_049,consistent,success,success
httparse-1.10.1,urltest_050,consistent,success,success
httparse-1.10.1,urltest_051,consistent,success,success
httparse-1.10.1,urltest_052,consistent,success,success
httparse-1.10.1,urltest_053,consistent,success,success
httparse-1.10.1,urltest_054,consistent,success,success
httparse-1.10.1,urltest_055,consistent,success,success
httparse-1.10.1,urltest_056,consistent,success,success
httparse-1.10.1,urltest_057,consistent,success,success
httparse-1.10.1,urltest_058,consistent,success,success
httparse-1.10.1,urltest_059,consistent,success,success
httparse-1.10.1,urltest_060,consistent,success,success
httparse-1.10.1,urltest_061,consistent,success,success
httparse-1.10.1,urltest_062,consistent,success,success
httparse-1.10.1,urltest_063,consistent,success,success
httparse-1.10.1,urltest_064,consistent,success,success
httparse-1.10.1,urltest_065,consistent,success,success
httparse-1.10.1,urltest_066,consistent,success,success
httparse-1.10.1,urltest_067,consistent,success,success
httparse-1.10.1,urltest_068,consistent,success,success
httparse-1.10.1,urltest_069,consistent,success,success
httparse-1.10.1,urltest_070,consistent,success,success
httparse-1.10.1,urltest_071,consistent,success,success
httparse-1.10.1,urltest_072,consistent,success,success
httparse-1.10.1,urltest_073,consistent,success,success
httparse-1.10.1,urltest_074,consistent,success,success
httparse-1.10.1,urltest_075,consistent,success,success
httparse-1.10.1,urltest_076,consistent,success,success
httparse-1.10.1,urltest_077,consistent,success,success
httparse-1.10.1,urltest_078,consistent,success,success
httparse-1.10.1,urltest_079,consistent,success,success
httparse-1.10.1,urltest_080,consistent,success,success
httparse-1.10.1,urltest_081,consistent,success,success
httparse-1.10.1,urltest_082,consistent,success,success
httparse-1.10.1,urltest_083,consistent,success,success
httparse-1.10.1,urltest_084,consistent,success,success
httparse-1.10.1,urltest_085,consistent,success,success
httparse-1.10.1,urltest_086,consistent,success,success
httparse-1.10.1,urltest_087,consistent,success,success
httparse-1.10.1,urltest_088,consistent,success,success
httparse-1.10.1,urltest_089,consistent,success,success
httparse-1.10.1,urltest_090,consistent,success,success
httparse-1.10.1,urltest_091,consistent,success,success
httparse-1.10.1,urltest_092,consistent,success,success
httparse-1.10.1,urltest_093,consistent,success,success
httparse-1.10.1,urltest_094,consistent,success,success
httparse-1.10.1,urltest_095,consistent,success,success
httparse-1.10.1,urltest_096,consistent,success,success
httparse-1.10.1,urltest_097,consistent,success,success
httparse-1.10.1,urltest_098,consistent,success,success
httparse-1.10.1,urltest_099,consistent,success,success
httparse-1.10.1,urltest_100,consistent,success,success
httparse-1.10.1,urltest_101,consistent,success,success
httparse-1.10.1,urltest_102,consistent,success,success
httparse-1.10.1,urltest_103,consistent,success,success
httparse-1.10.1,urltest_104,consistent,success,success
httparse-1.10.1,urltest_105,consistent,success,success
httparse-1.10.1,urltest_106,consistent,success,success
httparse-1.10.1,urltest_107,consistent,success,success
httparse-1.10.1,urltest_108,consistent,success,success
httparse-1.10.1,urltest_109,consistent,success,success
httparse-1.10.1,urltest_110,consistent,success,success
httparse-1.10.1,urltest_111,consistent,success,success
httparse-1.10.1,urltest_112,consistent,success,success
httparse-1.10.1,urltest_113,consistent,success,success
httparse-1.10.1,urltest_114,consistent,success,success
httparse-1.10.1,urltest_115,consistent,success,success
httparse-1.10.1,urltest_116,consistent,success,success
httparse-1.10.1,urltest_117,consistent,success,success
httparse-1.10.1,urltest_118,consistent,success,success
httparse-1.10.1,urltest_119,consistent,success,success
httparse-1.10.1,urltest_120,consistent,success,success
httparse-1.10.1,urltest_121,consistent,success,success
httparse-1.10.1,urltest_122,consistent,success,success
httparse-1.10.1,urltest_123,consistent,success,success
httparse-1.10.1,urltest_124,consistent,success,success
httparse-1.10.1,urltest_125,consistent,success,success
httparse-1.10.1,urltest_126,consistent,success,success
httparse-1.10.1,urltest_127,consistent,success,success
httparse-1.10.1,urltest_128,consistent,success,success
httparse-1.10.1,urltest_129,consistent,success,success
httparse-1.10.1,urltest_130,consistent,success,success
httparse-1.10.1,urltest_131,consistent,success,success
httparse-1.10.1,urltest_132,consistent,success,success
httparse-1.10.1,urltest_133,consistent,success,success
httparse-1.10.1,urltest_134,consistent,success,success
httparse-1.10.1,urltest_135,consistent,success,success
httparse-1.10.1,urltest_136,consistent,success,success
httparse-1.10.1,urltest_137,consistent,success,success
httparse-1.10.1,urltest_138,consistent,success,success
httparse-1.10.1,urltest_139,consistent,success,success
httparse-1.10.1,urltest_140,consistent,success,success
httparse-1.10.1,urltest_141,consistent,success,success
httparse-1.10.1,urltest_142,consistent,success,success
httparse-1.10.1,urltest_143,consistent,success,success
httparse-1.10.1,urltest_144,consistent,success,success
httparse-1.10.1,urltest_145,consistent,success,success
httparse-1.10.1,urltest_146,consistent,success,success
httparse-1.10.1,urltest_147,consistent,success,success
httparse-1.10.1,urltest_148,consistent,success,success
httparse-1.10.1,urltest_149,consistent,success,success
httparse-1.10.1,urltest_150,consistent,success,success
httparse-1.10.1,urltest_151,consistent,success,success
httparse-1.10.1,urltest_152,consistent,success,success
httparse-1.10.1,urltest_153,consistent,success,success
httparse-1.10.1,urltest_154,consistent,success,success
httparse-1.10.1,urltest_155,consistent,success,success
httparse-1.10.1,urltest_156,consistent,success,success
httparse-1.10.1,urltest_157,consistent,success,success
httparse-1.10.1,urltest_158,consistent,success,success
httparse-1.10.1,urltest_159,consistent,success,success
httparse-1.10.1,urltest_160,consistent,success,success
httparse-1.10.1,urltest_161,consistent,success,success
httparse-1.10.1,urltest_162,consistent,success,success
httparse-1.10.1,urltest_163,consistent,success,success
httparse-1.10.1,urltest_164,consistent,success,success
httparse-1.10.1,urltest_165,consistent,success,success
httparse-1.10.1,urltest_166,consistent,success,success
httparse-1.10.1,urltest_167,consistent,success,success
httparse-1.10.1,urltest_168,consistent,success,success
httparse-1.10.1,urltest_169,consistent,success,success
httparse-1.10.1,urltest_170,consistent,success,success
httparse-1.10.1,urltest_171,consistent,success,success
httparse-1.10.1,urltest_172,consistent,success,success
httparse-1.10.1,urltest_173,consistent,success,success
httparse-1.10.1,urltest_174,consistent,success,success
httparse-1.10.1,urltest_175,consistent,success,success
httparse-1.10.1,urltest_176,consistent,success,success
httparse-1.10.1,urltest_177,consistent,success,success
httparse-1.10.1,urltest_178,consistent,success,success
httparse-1.10.1,urltest_179,consistent,success,success
httparse-1.10.1,urltest_180,consistent,success,success
httparse-1.10.1,urltest_181,consistent,success,success
httparse-1.10.1,urltest_182,consistent,success,success
httparse-1.10.1,urltest_183,consistent,success,success
httparse-1.10.1,urltest_184,consistent,success,success
httparse-1.10.1,urltest_185,consistent,success,success
httparse-1.10.1,urltest_186,consistent,success,success
httparse-1.10.1,urltest_187,consistent,success,success
httparse-1.10.1,urltest_188,consistent,success,success
httparse-1.10.1,urltest_189,consistent,success,success
httparse-1.10.1,urltest_190,consistent,success,success
httparse-1.10.1,urltest_191,consistent,success,success
httparse-1.10.1,urltest_192,consistent,success,success
httparse-1.10.1,urltest_193,consistent,success,success
httparse-1.10.1,urltest_194,consistent,success,success
httparse-1.10.1,urltest_195,consistent,success,success
httparse-1.10.1,urltest_196,consistent,success,success
httparse-1.10.1,urltest_197,consistent,success,success
httparse-1.10.1,urltest_198,consistent,success,success
httparse-1.10.1,urltest_199,consistent,success,success
httparse-1.10.1,urltest_200,consistent,success,success
httparse-1.10.1,urltest_201,consistent,success,success
httparse-1.10.1,urltest_202,consistent,success,success
httparse-1.10.1,urltest_203,consistent,success,success
httparse-1.10.1,urltest_204,consistent,success,success
httparse-1.10.1,urltest_205,consistent,success,success
httparse-1.10.1,urltest_206,consistent,success,success
httparse-1.10.1,urltest_207,consistent,success,success
httparse-1.10.1,urltest_208,consistent,success,success
httparse-1.10.1,urltest_209,consistent,success,success
httparse-1.10.1,urltest_210,consistent,success,success
httparse-1.10.1,urltest_211,consistent,success,success
httparse-1.10.1,urltest_212,consistent,success,success
httparse-1.10.1,urltest_213,consistent,success,success
httparse-1.10.1,urltest_214,consistent,success,success
httparse-1.10.1,urltest_215,consistent,success,success
httparse-1.10.1,urltest_216,consistent,success,success
httparse-1.10.1,urltest_217,consistent,success,success
httparse-1.10.1,urltest_218,consistent,success,success
httparse-1.10.1,urltest_219,consistent,success,success
httparse-1.10.1,urltest_220,consistent,success,success
httparse-1.10.1,urltest_221,consistent,success,success
httparse-1.10.1,urltest_222,consistent,success,success
httparse-1.10.1,urltest_223,consistent,success,success
httparse-1.10.1,urltest_224,consistent,success,success
httparse-1.10.1,urltest_225,consistent,success,success
httparse-1.10.1,urltest_226,consistent,success,success
httparse-1.10.1,urltest_227,consistent,success,success
httparse-1.10.1,urltest_228,consistent,success,success
httparse-1.10.1,urltest_229,consistent,success,success
httparse-1.10.1,urltest_230,consistent,success,success
httparse-1.10.1,urltest_231,consistent,success,success
httparse-1.10.1,urltest_232,consistent,success,success
httparse-1.10.1,urltest_233,consistent,success,success
httparse-1.10.1,urltest_234,consistent,success,success
httparse-1.10.1,urltest_235,consistent,success,success
httparse-1.10.1,urltest_236,consistent,success,success
httparse-1.10.1,urltest_237,consistent,success,success
httparse-1.10.1,urltest_238,consistent,success,success
httparse-1.10.1,urltest_239,consistent,success,success
httparse-1.10.1,urltest_240,consistent,success,success
httparse-1.10.1,urltest_241,consistent,success,success
httparse-1.10.1,urltest_242,consistent,success,success
httparse-1.10.1,urltest_243,consistent,success,success
httparse-1.10.1,urltest_244,consistent,success,success
httparse-1.10.1,urltest_245,consistent,success,success
httparse-1.10.1,urltest_246,consistent,success,success
httparse-1.10.1,urltest_247,consistent,success,success
httparse-1.10.1,urltest_248,consistent,success,success
httparse-1.10.1,urltest_249,consistent,success,success
httparse-1.10.1,urltest_250,consistent,success,success
httparse-1.10.1,urltest_251,consistent,success,success
httparse-1.10.1,urltest_252,consistent,success,success
httparse-1.10.1,urltest_253,consistent,success,success
httparse-1.10.1,urltest_254,consistent,success,success
httparse-1.10.1,urltest_255,consistent,success,success
httparse-1.10.1,urltest_256,consistent,success,success
httparse-1.10.1,urltest_257,consistent,success,success
httparse-1.10.1,urltest_258,consistent,success,success
httparse-1.10.1,urltest_259,consistent,success,success
httparse-1.10.1,urltest_260,consistent,success,success
httparse-1.10.1,urltest_261,consistent,success,success
httparse-1.10.1,urltest_262,consistent,success,success
httparse-1.10.1,urltest_nvidia,consistent,success,success
hyper-1.10.1,error::tests::error_satisfies_send_sync,consistent,success,success
hyper-1.10.1,error::tests::error_size_of,consistent,success,success
indexmap-2.14.0,contains,consistent,success,success
indexmap-2.14.0,contains_not,consistent,success,success
indexmap-2.14.0,drain_bounds,consistent,success,success
indexmap-2.14.0,drain_full,consistent,success,success
indexmap-2.14.0,equality,consistent,success,success
indexmap-2.14.0,extract_if_odd,consistent,success,success
indexmap-2.14.0,extract_if_odd_limit,consistent,success,success
indexmap-2.14.0,indexed_entry_move_index,consistent,success,success
indexmap-2.14.0,indexed_entry_swap_indices,consistent,success,success
indexmap-2.14.0,indexing,consistent,success,success
indexmap-2.14.0,inner::assert_send_sync,consistent,success,success
indexmap-2.14.0,insert_remove,consistent,success,success
indexmap-2.14.0,insert_sorted,consistent,success,success
indexmap-2.14.0,insert_sorted_by,consistent,success,success
indexmap-2.14.0,insert_sorted_by_key,consistent,success,success
indexmap-2.14.0,insertion_order,consistent,success,success
indexmap-2.14.0,keys_values,consistent,success,success
indexmap-2.14.0,keys_values_mut,consistent,success,success
indexmap-2.14.0,map::entry::assert_send_sync,consistent,success,success
indexmap-2.14.0,map::raw_entry_v1::assert_send_sync,consistent,success,success
indexmap-2.14.0,map::slice::tests::slice_get_index_mut,consistent,success,success
indexmap-2.14.0,map::slice::tests::slice_get_range,consistent,success,success
indexmap-2.14.0,map::slice::tests::slice_index,consistent,success,success
indexmap-2.14.0,map::slice::tests::slice_index_mut,consistent,success,success
indexmap-2.14.0,map::slice::tests::slice_new,consistent,success,success
indexmap-2.14.0,map::slice::tests::slice_new_mut,consistent,success,success
indexmap-2.14.0,map::slice::tests::slice_split_first,consistent,success,success
indexmap-2.14.0,map::slice::tests::slice_split_first_mut,consistent,success,success
indexmap-2.14.0,map::slice::tests::slice_split_last,consistent,success,success
indexmap-2.14.0,map::slice::tests::slice_split_last_mut,consistent,success,success
indexmap-2.14.0,map::tests::clear,consistent,success,success
indexmap-2.14.0,map::tests::disjoint_indices_mut_empty,consistent,success,success
indexmap-2.14.0,map::tests::disjoint_indices_mut_fail_duplicate,consistent,success,success
indexmap-2.14.0,map::tests::disjoint_indices_mut_fail_oob,consistent,success,success
indexmap-2.14.0,map::tests::disjoint_indices_mut_success,consistent,success,success
indexmap-2.14.0,map::tests::disjoint_mut_empty_map,consistent,success,success
indexmap-2.14.0,map::tests::disjoint_mut_empty_param,consistent,success,success
indexmap-2.14.0,map::tests::disjoint_mut_multi_fail_duplicate_panic,consistent,success,success
indexmap-2.14.0,map::tests::disjoint_mut_multi_fail_missing,consistent,success,success
indexmap-2.14.0,map::tests::disjoint_mut_multi_success,consistent,success,success
indexmap-2.14.0,map::tests::disjoint_mut_multi_success_borrow_key,consistent,success,success
indexmap-2.14.0,map::tests::disjoint_mut_multi_success_unsized_key,consistent,success,success
indexmap-2.14.0,map::tests::disjoint_mut_single_fail,consistent,success,success
indexmap-2.14.0,map::tests::disjoint_mut_single_success,consistent,success,success
indexmap-2.14.0,map::tests::drain_range,consistent,success,success
indexmap-2.14.0,map::tests::entry,consistent,success,success
indexmap-2.14.0,map::tests::entry_and_modify,consistent,success,success
indexmap-2.14.0,map::tests::entry_or_default,consistent,success,success
indexmap-2.14.0,map::tests::extend,consistent,success,success
indexmap-2.14.0,map::tests::from_array,consistent,success,success
indexmap-2.14.0,map::tests::from_entries,consistent,success,success
indexmap-2.14.0,map::tests::get_index_entry,consistent,success,success
indexmap-2.14.0,map::tests::get_index_mut2,consistent,success,success
indexmap-2.14.0,map::tests::get_range,consistent,success,success
indexmap-2.14.0,map::tests::get_range_mut,consistent,success,success
indexmap-2.14.0,map::tests::grow,consistent,success,success
indexmap-2.14.0,map::tests::insert,consistent,success,success
indexmap-2.14.0,map::tests::insert_2,consistent,success,success
indexmap-2.14.0,map::tests::insert_before_oob,consistent,success,success
indexmap-2.14.0,map::tests::insert_full,consistent,success,success
indexmap-2.14.0,map::tests::insert_order,consistent,success,success
indexmap-2.14.0,map::tests::insert_sorted_bad,consistent,success,success
indexmap-2.14.0,map::tests::insert_sorted_by,consistent,success,success
indexmap-2.14.0,map::tests::insert_sorted_by_key,consistent,success,success
indexmap-2.14.0,map::tests::into_boxed_slice,consistent,success,success
indexmap-2.14.0,map::tests::into_keys,consistent,success,success
indexmap-2.14.0,map::tests::into_values,consistent,success,success
indexmap-2.14.0,map::tests::is_sorted,consistent,success,success
indexmap-2.14.0,map::tests::is_sorted_trivial,consistent,success,success
indexmap-2.14.0,map::tests::it_works,consistent,success,success
indexmap-2.14.0,map::tests::iter_default,consistent,success,success
indexmap-2.14.0,map::tests::keys,consistent,success,success
indexmap-2.14.0,map::tests::last_mut,consistent,success,success
indexmap-2.14.0,map::tests::new,consistent,success,success
indexmap-2.14.0,map::tests::occupied_entry_key,consistent,success,success
indexmap-2.14.0,map::tests::partial_eq_and_eq,consistent,success,success
indexmap-2.14.0,map::tests::remove,consistent,success,success
indexmap-2.14.0,map::tests::remove_to_empty,consistent,success,success
indexmap-2.14.0,map::tests::reserve,consistent,success,success
indexmap-2.14.0,map::tests::shift_insert,consistent,success,success
indexmap-2.14.0,map::tests::shift_insert_oob,consistent,success,success
indexmap-2.14.0,map::tests::shift_remove_entry,consistent,success,success
indexmap-2.14.0,map::tests::shift_remove_full,consistent,success,success
indexmap-2.14.0,map::tests::shift_shift_remove_index,consistent,success,success
indexmap-2.14.0,map::tests::shrink_to_fit,consistent,success,success
indexmap-2.14.0,map::tests::sorted_unstable_by,consistent,success,success
indexmap-2.14.0,map::tests::swap_remove_index,consistent,success,success
indexmap-2.14.0,map::tests::test_binary_search_by,consistent,success,success
indexmap-2.14.0,map::tests::test_binary_search_by_key,consistent,success,success
indexmap-2.14.0,map::tests::test_move_index_out_of_bounds_0_10,consistent,success,success
indexmap-2.14.0,map::tests::test_move_index_out_of_bounds_0_max,consistent,success,success
indexmap-2.14.0,map::tests::test_move_index_out_of_bounds_10_0,consistent,success,success
indexmap-2.14.0,map::tests::test_move_index_out_of_bounds_max_0,consistent,success,success
indexmap-2.14.0,map::tests::test_partition_point,consistent,success,success
indexmap-2.14.0,map::tests::try_reserve,consistent,success,success
indexmap-2.14.0,map::tests::values,consistent,success,success
indexmap-2.14.0,map::tests::values_mut,consistent,success,success
indexmap-2.14.0,map_move_index,consistent,success,success
indexmap-2.14.0,map_swap_indices,consistent,success,success
indexmap-2.14.0,occupied_entry_move_index,consistent,success,success
indexmap-2.14.0,occupied_entry_shift_insert,consistent,success,success
indexmap-2.14.0,occupied_entry_swap_indices,consistent,success,success
indexmap-2.14.0,operations_i8,consistent,success,success
indexmap-2.14.0,operations_string,consistent,success,success
indexmap-2.14.0,pop,consistent,success,success
indexmap-2.14.0,raw_occupied_entry_move_index,consistent,success,success
indexmap-2.14.0,raw_occupied_entry_shift_insert,consistent,success,success
indexmap-2.14.0,raw_occupied_entry_swap_indices,consistent,success,success
indexmap-2.14.0,replace_index,consistent,success,success
indexmap-2.14.0,retain_ordered,consistent,success,success
indexmap-2.14.0,reverse,consistent,success,success
indexmap-2.14.0,set::slice::tests::slice_index,consistent,success,success
indexmap-2.14.0,set::tests::binary_search,consistent,success,success
indexmap-2.14.0,set::tests::comparisons,consistent,success,success
indexmap-2.14.0,set::tests::drain,consistent,success,success
indexmap-2.14.0,set::tests::extend,consistent,success,success
indexmap-2.14.0,set::tests::first,consistent,success,success
indexmap-2.14.0,set::tests::from_array,consistent,success,success
indexmap-2.14.0,set::tests::get_range,consistent,success,success
indexmap-2.14.0,set::tests::grow,consistent,success,success
indexmap-2.14.0,set::tests::insert,consistent,success,success
indexmap-2.14.0,set::tests::insert_2,consistent,success,success
indexmap-2.14.0,set::tests::insert_dup,consistent,success,success
indexmap-2.14.0,set::tests::insert_full,consistent,success,success
indexmap-2.14.0,set::tests::insert_order,consistent,success,success
indexmap-2.14.0,set::tests::insert_sorted,consistent,success,success
indexmap-2.14.0,set::tests::is_sorted,consistent,success,success
indexmap-2.14.0,set::tests::is_sorted_trivial,consistent,success,success
indexmap-2.14.0,set::tests::it_works,consistent,success,success
indexmap-2.14.0,set::tests::iter_comparisons,consistent,success,success
indexmap-2.14.0,set::tests::iter_default,consistent,success,success
indexmap-2.14.0,set::tests::last,consistent,success,success
indexmap-2.14.0,set::tests::new,consistent,success,success
indexmap-2.14.0,set::tests::ops,consistent,success,success
indexmap-2.14.0,set::tests::partial_eq_and_eq,consistent,success,success
indexmap-2.14.0,set::tests::remove,consistent,success,success
indexmap-2.14.0,set::tests::replace,consistent,success,success
indexmap-2.14.0,set::tests::replace_2,consistent,success,success
indexmap-2.14.0,set::tests::replace_change,consistent,success,success
indexmap-2.14.0,set::tests::replace_dup,consistent,success,success
indexmap-2.14.0,set::tests::replace_full,consistent,success,success
indexmap-2.14.0,set::tests::replace_order,consistent,success,success
indexmap-2.14.0,set::tests::reserve,consistent,success,success
indexmap-2.14.0,set::tests::retain,consistent,success,success
indexmap-2.14.0,set::tests::shift_insert,consistent,success,success
indexmap-2.14.0,set::tests::shift_remove_full,consistent,success,success
indexmap-2.14.0,set::tests::shift_remove_index,consistent,success,success
indexmap-2.14.0,set::tests::shift_take,consistent,success,success
indexmap-2.14.0,set::tests::shrink_to_fit,consistent,success,success
indexmap-2.14.0,set::tests::sort_by,consistent,success,success
indexmap-2.14.0,set::tests::sort_by_cached_key,consistent,success,success
indexmap-2.14.0,set::tests::sort_by_key,consistent,success,success
indexmap-2.14.0,set::tests::sort_unstable,consistent,success,success
indexmap-2.14.0,set::tests::sort_unstable_by,consistent,success,success
indexmap-2.14.0,set::tests::sort_unstable_by_key,consistent,success,success
indexmap-2.14.0,set::tests::sorted_unstable_by,consistent,success,success
indexmap-2.14.0,set::tests::split_off,consistent,success,success
indexmap-2.14.0,set::tests::swap_remove_index,consistent,success,success
indexmap-2.14.0,set::tests::swap_take,consistent,success,success
indexmap-2.14.0,set::tests::take,consistent,success,success
indexmap-2.14.0,set::tests::test_binary_search_by,consistent,success,success
indexmap-2.14.0,set::tests::test_binary_search_by_key,consistent,success,success
indexmap-2.14.0,set::tests::test_partition_point,consistent,success,success
indexmap-2.14.0,set::tests::try_reserve,consistent,success,success
indexmap-2.14.0,set::tests::try_reserve_exact,consistent,success,success
indexmap-2.14.0,set_move_index,consistent,success,success
indexmap-2.14.0,set_swap_indices,consistent,success,success
indexmap-2.14.0,shift_remove,consistent,success,success
indexmap-2.14.0,sort_1,consistent,success,success
indexmap-2.14.0,sort_2,consistent,success,success
indexmap-2.14.0,sort_3,consistent,success,success
indexmap-2.14.0,test_create_map,consistent,success,success
indexmap-2.14.0,test_create_set,consistent,success,success
indexmap-2.14.0,test_lookup,consistent,success,success
indexmap-2.14.0,test_sort,consistent,success,success
indexmap-2.14.0,test_sort_set,consistent,success,success
indexmap-2.14.0,test_string_str,consistent,success,success
indexmap-2.14.0,vacant_replace_index,consistent,success,success
indexmap-2.14.0,with_cap,consistent,success,success
inout-0.2.2,test_split,consistent,success,success
is-terminal-0.4.17,tests::stderr,consistent,success,success
is-terminal-0.4.17,tests::stderr_vs_libc,consistent,success,success
is-terminal-0.4.17,tests::stdin,consistent,success,success
is-terminal-0.4.17,tests::stdin_vs_libc,consistent,success,success
is-terminal-0.4.17,tests::stdout,consistent,success,success
is-terminal-0.4.17,tests::stdout_vs_libc,consistent,success,success
itertools-0.14.0,all_equal,consistent,success,success
itertools-0.14.0,all_equal_value,consistent,success,success
itertools-0.14.0,all_unique,consistent,success,success
itertools-0.14.0,at_most_one,consistent,success,success
itertools-0.14.0,batching,consistent,success,success
itertools-0.14.0,cartesian_product,consistent,success,success
itertools-0.14.0,chain,consistent,success,success
itertools-0.14.0,chain2,consistent,success,success
itertools-0.14.0,chain_hygiene,consistent,success,success
itertools-0.14.0,chain_macro,consistent,success,success
itertools-0.14.0,chunk_by,consistent,success,success
itertools-0.14.0,chunk_by_lazy_2,consistent,success,success
itertools-0.14.0,chunk_by_lazy_3,consistent,success,success
itertools-0.14.0,chunks,consistent,success,success
itertools-0.14.0,circular_tuple_windows,consistent,success,success
itertools-0.14.0,coalesce,consistent,success,success
itertools-0.14.0,collect_array,consistent,success,success
itertools-0.14.0,collect_tuple,consistent,success,success
itertools-0.14.0,combinations,consistent,success,success
itertools-0.14.0,combinations_inexact_size_hints,consistent,success,success
itertools-0.14.0,combinations_no_collect,consistent,success,success
itertools-0.14.0,combinations_of_too_short,consistent,success,success
itertools-0.14.0,combinations_range_count,consistent,success,success
itertools-0.14.0,combinations_with_replacement,consistent,success,success
itertools-0.14.0,combinations_with_replacement_no_collect,consistent,success,success
itertools-0.14.0,combinations_with_replacement_range_count,consistent,success,success
itertools-0.14.0,combinations_zero,consistent,success,success
itertools-0.14.0,concat_empty,consistent,success,success
itertools-0.14.0,concat_non_empty,consistent,success,success
itertools-0.14.0,count_clones,consistent,success,success
itertools-0.14.0,dedup,consistent,success,success
itertools-0.14.0,dedup_by,consistent,success,success
itertools-0.14.0,dedup_by_with_count,consistent,success,success
itertools-0.14.0,dedup_with_count,consistent,success,success
itertools-0.14.0,diff_longer,consistent,success,success
itertools-0.14.0,diff_mismatch,consistent,success,success
itertools-0.14.0,diff_shorter,consistent,success,success
itertools-0.14.0,dropping,consistent,success,success
itertools-0.14.0,duplicates,consistent,success,success
itertools-0.14.0,duplicates_by,consistent,success,success
itertools-0.14.0,empty,consistent,success,success
itertools-0.14.0,exactly_one,consistent,success,success
itertools-0.14.0,exactly_one_question_mark_syntax_works,consistent,success,success
itertools-0.14.0,extrema_set,consistent,success,success
itertools-0.14.0,filter_map_ok,consistent,success,success
itertools-0.14.0,filter_ok,consistent,success,success
itertools-0.14.0,first_left_then_right,consistent,success,success
itertools-0.14.0,first_right_then_left,consistent,success,success
itertools-0.14.0,flatten_ok,consistent,success,success
itertools-0.14.0,flatten_ok_collect_mixed_forward,consistent,success,success
itertools-0.14.0,flatten_ok_collect_mixed_reverse,consistent,success,success
itertools-0.14.0,flatten_ok_collect_ok_forward,consistent,success,success
itertools-0.14.0,flatten_ok_collect_ok_reverse,consistent,success,success
itertools-0.14.0,flatten_ok_mixed_expected_forward,consistent,success,success
itertools-0.14.0,flatten_ok_mixed_expected_reverse,consistent,success,success
itertools-0.14.0,fold_while,consistent,success,success
itertools-0.14.0,format,consistent,success,success
itertools-0.14.0,get,consistent,success,success
itertools-0.14.0,get_1_max,consistent,success,success
itertools-0.14.0,get_full_range_inclusive,consistent,success,success
itertools-0.14.0,interleave,consistent,success,success
itertools-0.14.0,interleave_shortest,consistent,success,success
itertools-0.14.0,intersperse,consistent,success,success
itertools-0.14.0,intersperse_with,consistent,success,success
itertools-0.14.0,interspersed_left_and_right,consistent,success,success
itertools-0.14.0,into_grouping_map,consistent,success,success
itertools-0.14.0,into_grouping_map_by,consistent,success,success
itertools-0.14.0,iproduct,consistent,success,success
itertools-0.14.0,iproduct1,consistent,success,success
itertools-0.14.0,iproduct_hygiene,consistent,success,success
itertools-0.14.0,izip,consistent,success,success
itertools-0.14.0,izip2,consistent,success,success
itertools-0.14.0,izip3,consistent,success,success
itertools-0.14.0,izip_hygiene,consistent,success,success
itertools-0.14.0,izip_macro,consistent,success,success
itertools-0.14.0,join,consistent,success,success
itertools-0.14.0,kmerge,consistent,success,success
itertools-0.14.0,kmerge_2,consistent,success,success
itertools-0.14.0,kmerge_by,consistent,success,success
itertools-0.14.0,kmerge_empty,consistent,success,success
itertools-0.14.0,kmerge_empty_size_hint,consistent,success,success
itertools-0.14.0,kmerge_size_hint,consistent,success,success
itertools-0.14.0,left_only,consistent,success,success
itertools-0.14.0,map_into,consistent,success,success
itertools-0.14.0,map_ok,consistent,success,success
itertools-0.14.0,merge,consistent,success,success
itertools-0.14.0,merge_by,consistent,success,success
itertools-0.14.0,merge_by_btree,consistent,success,success
itertools-0.14.0,merge_join_by,consistent,success,success
itertools-0.14.0,minmax,consistent,success,success
itertools-0.14.0,multi_cartesian_product,consistent,success,success
itertools-0.14.0,multipeek,consistent,success,success
itertools-0.14.0,multiunzip,consistent,success,success
itertools-0.14.0,multizip,consistent,success,success
itertools-0.14.0,multizip3,consistent,success,success
itertools-0.14.0,next_array,consistent,success,success
itertools-0.14.0,next_tuple,consistent,success,success
itertools-0.14.0,overlapping_left_and_right,consistent,success,success
itertools-0.14.0,pad_using,consistent,success,success
itertools-0.14.0,part,consistent,success,success
itertools-0.14.0,peek_nth,consistent,success,success
itertools-0.14.0,peeking_take_while,consistent,success,success
itertools-0.14.0,peeking_take_while_nested,consistent,success,success
itertools-0.14.0,peeking_take_while_peekable,consistent,success,success
itertools-0.14.0,peeking_take_while_put_back,consistent,success,success
itertools-0.14.0,peeking_take_while_put_back_n,consistent,success,success
itertools-0.14.0,peeking_take_while_slice_iter,consistent,success,success
itertools-0.14.0,peeking_take_while_slice_iter_rev,consistent,success,success
itertools-0.14.0,permutations,consistent,success,success
itertools-0.14.0,permutations_no_collect,consistent,success,success
itertools-0.14.0,permutations_overflowed_size_hints,consistent,success,success
itertools-0.14.0,permutations_range_count,consistent,success,success
itertools-0.14.0,permutations_zero,consistent,success,success
itertools-0.14.0,positions,consistent,success,success
itertools-0.14.0,powerset,consistent,success,success
itertools-0.14.0,product0,consistent,success,success
itertools-0.14.0,product1,consistent,success,success
itertools-0.14.0,product2,consistent,success,success
itertools-0.14.0,product3,consistent,success,success
itertools-0.14.0,product_temporary,consistent,success,success
itertools-0.14.0,put_back,consistent,success,success
itertools-0.14.0,put_back_n,consistent,success,success
itertools-0.14.0,rciter,consistent,success,success
itertools-0.14.0,repeatn,consistent,success,success
itertools-0.14.0,right_only,consistent,success,success
itertools-0.14.0,sorted_by,consistent,success,success
itertools-0.14.0,sorted_by_cached_key,consistent,success,success
itertools-0.14.0,sorted_by_key,consistent,success,success
itertools-0.14.0,sorted_unstable_by,consistent,success,success
itertools-0.14.0,sorted_unstable_by_key,consistent,success,success
itertools-0.14.0,sum1,consistent,success,success
itertools-0.14.0,take_while_inclusive,consistent,success,success
itertools-0.14.0,take_while_ref,consistent,success,success
itertools-0.14.0,tee,consistent,success,success
itertools-0.14.0,test_double_ended_zip,consistent,success,success
itertools-0.14.0,test_double_ended_zip_longest,consistent,success,success
itertools-0.14.0,test_interleave,consistent,success,success
itertools-0.14.0,test_intersperse,consistent,success,success
itertools-0.14.0,test_intersperse_with,consistent,success,success
itertools-0.14.0,test_multipeek,consistent,success,success
itertools-0.14.0,test_multipeek_peeking_next,consistent,success,success
itertools-0.14.0,test_multipeek_reset,consistent,success,success
itertools-0.14.0,test_peek_nth,consistent,success,success
itertools-0.14.0,test_peek_nth_next_if,consistent,success,success
itertools-0.14.0,test_peek_nth_peeking_next,consistent,success,success
itertools-0.14.0,test_put_back,consistent,success,success
itertools-0.14.0,test_put_back_n,consistent,success,success
itertools-0.14.0,test_rciter,consistent,success,success
itertools-0.14.0,test_repeat_n_peeking_next,consistent,success,success
itertools-0.14.0,test_zip_longest_size_hint,consistent,success,success
itertools-0.14.0,trait_pointers,consistent,success,success
itertools-0.14.0,tree_reduce,consistent,success,success
itertools-0.14.0,tuple_combinations1,consistent,success,success
itertools-0.14.0,tuple_combinations2,consistent,success,success
itertools-0.14.0,tuple_combinations3,consistent,success,success
itertools-0.14.0,tuple_windows,consistent,success,success
itertools-0.14.0,tuples,consistent,success,success
itertools-0.14.0,unique,consistent,success,success
itertools-0.14.0,unique_by,consistent,success,success
itertools-0.14.0,update,consistent,success,success
itertools-0.14.0,while_some,consistent,success,success
itertools-0.14.0,with_position,consistent,success,success
itertools-0.14.0,write_to,consistent,success,success
itertools-0.14.0,zip_eq,consistent,success,success
itertools-0.14.0,zip_longest,consistent,success,success
itertools-0.14.0,zip_longest_fused,consistent,success,success
itoa-1.0.18,test_i128_max,consistent,success,success
itoa-1.0.18,test_i128_min,consistent,success,success
itoa-1.0.18,test_i16_0,consistent,success,success
itoa-1.0.18,test_i16_min,consistent,success,success
itoa-1.0.18,test_i64_min,consistent,success,success
itoa-1.0.18,test_max_str_len,consistent,success,success
itoa-1.0.18,test_u128_0,consistent,success,success
itoa-1.0.18,test_u128_max,consistent,success,success
itoa-1.0.18,test_u64_0,consistent,success,success
itoa-1.0.18,test_u64_half,consistent,success,success
itoa-1.0.18,test_u64_max,consistent,success,success
lazycell-1.3.0,tests::atomic_replace,consistent,success,success
lazycell-1.3.0,tests::clone,consistent,success,success
lazycell-1.3.0,tests::clone_atomic,consistent,success,success
lazycell-1.3.0,tests::default,consistent,success,success
lazycell-1.3.0,tests::normal_replace,consistent,success,success
lazycell-1.3.0,tests::test_already_filled_error,consistent,success,success
lazycell-1.3.0,tests::test_atomic_already_filled_panic,consistent,success,success
lazycell-1.3.0,tests::test_atomic_borrow_from_empty,consistent,success,success
lazycell-1.3.0,tests::test_atomic_fill_and_borrow,consistent,success,success
lazycell-1.3.0,tests::test_atomic_into_inner,consistent,success,success
lazycell-1.3.0,tests::test_borrow_from_empty,consistent,success,success
lazycell-1.3.0,tests::test_borrow_mut,consistent,success,success
lazycell-1.3.0,tests::test_borrow_mut_with,consistent,success,success
lazycell-1.3.0,tests::test_borrow_mut_with_already_filled,consistent,success,success
lazycell-1.3.0,tests::test_borrow_mut_with_not_called_when_filled,consistent,success,success
lazycell-1.3.0,tests::test_borrow_with,consistent,success,success
lazycell-1.3.0,tests::test_borrow_with_already_filled,consistent,success,success
lazycell-1.3.0,tests::test_borrow_with_not_called_when_filled,consistent,success,success
lazycell-1.3.0,tests::test_borrow_with_sound_with_reentrancy,consistent,success,success
lazycell-1.3.0,tests::test_fill_and_borrow,consistent,success,success
lazycell-1.3.0,tests::test_into_inner,consistent,success,success
lazycell-1.3.0,tests::test_try_borrow_mut_with_already_filled,consistent,success,success
lazycell-1.3.0,tests::test_try_borrow_mut_with_err,consistent,success,success
lazycell-1.3.0,tests::test_try_borrow_mut_with_ok,consistent,success,success
lazycell-1.3.0,tests::test_try_borrow_with_already_filled,consistent,success,success
lazycell-1.3.0,tests::test_try_borrow_with_err,consistent,success,success
lazycell-1.3.0,tests::test_try_borrow_with_ok,consistent,success,success
lazycell-1.3.0,tests::test_try_borrow_with_sound_with_reentrancy,consistent,success,success
libc-0.2.186,macros::tests::c_enum_basic,consistent,success,success
libc-0.2.186,macros::tests::c_enum_multiple_set_value,consistent,success,success
libc-0.2.186,macros::tests::c_enum_repr,consistent,success,success
libc-0.2.186,macros::tests::c_enum_set_value,consistent,success,success
libc-0.2.186,macros::tests::c_enum_vis,consistent,success,success
libc-0.2.186,macros::tests::test_offset_of,consistent,success,success
linked-hash-map-0.5.6,tests::entries_insert,consistent,success,success
linked-hash-map-0.5.6,tests::test_borrow,consistent,success,success
linked-hash-map-0.5.6,tests::test_clear,consistent,success,success
linked-hash-map-0.5.6,tests::test_consuming_iter,consistent,success,success
linked-hash-map-0.5.6,tests::test_consuming_iter_empty,consistent,success,success
linked-hash-map-0.5.6,tests::test_consuming_iter_with_free_list,consistent,success,success
linked-hash-map-0.5.6,tests::test_debug,consistent,success,success
linked-hash-map-0.5.6,tests::test_drain,consistent,success,success
linked-hash-map-0.5.6,tests::test_drain_corners,consistent,success,success
linked-hash-map-0.5.6,tests::test_drain_drop,consistent,success,success
linked-hash-map-0.5.6,tests::test_drain_forget,consistent,success,success
linked-hash-map-0.5.6,tests::test_entries_remove,consistent,success,success
linked-hash-map-0.5.6,tests::test_entries_replacing,consistent,success,success
linked-hash-map-0.5.6,tests::test_entry_and_modify,consistent,success,success
linked-hash-map-0.5.6,tests::test_entry_insert_vacant,consistent,success,success
linked-hash-map-0.5.6,tests::test_entry_or_default,consistent,success,success
linked-hash-map-0.5.6,tests::test_index,consistent,success,success
linked-hash-map-0.5.6,tests::test_insert_and_get,consistent,success,success
linked-hash-map-0.5.6,tests::test_insert_update,consistent,success,success
linked-hash-map-0.5.6,tests::test_into_iter_drop,consistent,success,success
linked-hash-map-0.5.6,tests::test_iter,consistent,success,success
linked-hash-map-0.5.6,tests::test_iter_mut,consistent,success,success
linked-hash-map-0.5.6,tests::test_pop,consistent,success,success
linked-hash-map-0.5.6,tests::test_remove,consistent,success,success
linked-hash-map-0.5.6,tests::test_send_sync,consistent,success,success
log-0.4.30,anonymous_args,consistent,success,success
log-0.4.30,enabled,consistent,success,success
log-0.4.30,expr,consistent,success,success
log-0.4.30,implicit_named_args,consistent,success,success
log-0.4.30,inlined_args,consistent,success,success
log-0.4.30,logger_expr,consistent,success,success
log-0.4.30,logger_short_lived,consistent,success,success
log-0.4.30,named_args,consistent,success,success
log-0.4.30,no_args,consistent,success,success
log-0.4.30,regression_issue_494,consistent,success,success
log-0.4.30,test_integration,consistent,success,success
log-0.4.30,tests::test_cross_cmp,consistent,success,success
log-0.4.30,tests::test_cross_eq,consistent,success,success
log-0.4.30,tests::test_foreign_impl,consistent,success,success
log-0.4.30,tests::test_level_as_str,consistent,success,success
log-0.4.30,tests::test_level_down,consistent,success,success
log-0.4.30,tests::test_level_filter_as_str,consistent,success,success
log-0.4.30,tests::test_level_filter_down,consistent,success,success
log-0.4.30,tests::test_level_filter_up,consistent,success,success
log-0.4.30,tests::test_level_from_str,consistent,success,success
log-0.4.30,tests::test_level_show,consistent,success,success
log-0.4.30,tests::test_level_up,consistent,success,success
log-0.4.30,tests::test_levelfilter_from_str,consistent,success,success
log-0.4.30,tests::test_levelfilter_show,consistent,success,success
log-0.4.30,tests::test_metadata_builder,consistent,success,success
log-0.4.30,tests::test_metadata_convenience_builder,consistent,success,success
log-0.4.30,tests::test_record_builder,consistent,success,success
log-0.4.30,tests::test_record_complete_builder,consistent,success,success
log-0.4.30,tests::test_record_convenience_builder,consistent,success,success
log-0.4.30,tests::test_static_max_level_debug,consistent,success,success
log-0.4.30,tests::test_to_level,consistent,success,success
log-0.4.30,tests::test_to_level_filter,consistent,success,success
lru-0.18.0,tests::iter_mut_stacked_borrows_violation,consistent,success,success
lru-0.18.0,tests::test_clear,consistent,success,success
lru-0.18.0,tests::test_clone,consistent,success,success
lru-0.18.0,tests::test_clone_unbounded,consistent,success,success
lru-0.18.0,tests::test_contains,consistent,success,success
lru-0.18.0,tests::test_get_key_value,consistent,success,success
lru-0.18.0,tests::test_get_key_value_mut,consistent,success,success
lru-0.18.0,tests::test_get_mut_and_update,consistent,success,success
lru-0.18.0,tests::test_get_mut_with_borrow,consistent,success,success
lru-0.18.0,tests::test_get_or_insert_mut_ref,consistent,success,success
lru-0.18.0,tests::test_get_or_insert_ref,consistent,success,success
lru-0.18.0,tests::test_get_with_borrow,consistent,success,success
lru-0.18.0,tests::test_into_iter,consistent,success,success
lru-0.18.0,tests::test_iter_backwards,consistent,success,success
lru-0.18.0,tests::test_iter_clone,consistent,success,success
lru-0.18.0,tests::test_iter_forwards,consistent,success,success
lru-0.18.0,tests::test_iter_forwards_and_backwards,consistent,success,success
lru-0.18.0,tests::test_iter_multiple_threads,consistent,success,success
lru-0.18.0,tests::test_multiple_threads,consistent,success,success
lru-0.18.0,tests::test_no_memory_leaks,consistent,success,success
lru-0.18.0,tests::test_no_memory_leaks_with_clear,consistent,success,success
lru-0.18.0,tests::test_no_memory_leaks_with_pop,consistent,success,success
lru-0.18.0,tests::test_no_memory_leaks_with_resize,consistent,success,success
lru-0.18.0,tests::test_peek,consistent,success,success
lru-0.18.0,tests::test_peek_lru,consistent,success,success
lru-0.18.0,tests::test_peek_mru,consistent,success,success
lru-0.18.0,tests::test_peek_mut,consistent,success,success
lru-0.18.0,tests::test_pop,consistent,success,success
lru-0.18.0,tests::test_pop_entry,consistent,success,success
lru-0.18.0,tests::test_pop_lru,consistent,success,success
lru-0.18.0,tests::test_pop_mru,consistent,success,success
lru-0.18.0,tests::test_promote_and_demote,consistent,success,success
lru-0.18.0,tests::test_put_and_get,consistent,success,success
lru-0.18.0,tests::test_put_and_get_mut,consistent,success,success
lru-0.18.0,tests::test_put_and_get_or_insert,consistent,success,success
lru-0.18.0,tests::test_put_and_get_or_insert_mut,consistent,success,success
lru-0.18.0,tests::test_put_and_get_or_insert_mut_with_key,consistent,success,success
lru-0.18.0,tests::test_put_and_get_or_insert_with_key,consistent,success,success
lru-0.18.0,tests::test_put_removes_oldest,consistent,success,success
lru-0.18.0,tests::test_put_update,consistent,success,success
lru-0.18.0,tests::test_resize_larger,consistent,success,success
lru-0.18.0,tests::test_resize_smaller,consistent,success,success
lru-0.18.0,tests::test_send,consistent,success,success
lru-0.18.0,tests::test_that_pop_actually_detaches_node,consistent,success,success
lru-0.18.0,tests::test_try_get_or_insert,consistent,success,success
lru-0.18.0,tests::test_try_get_or_insert_mut,consistent,success,success
lru-0.18.0,tests::test_try_get_or_insert_mut_ref,consistent,success,success
lru-0.18.0,tests::test_try_get_or_insert_mut_with_key,consistent,success,success
lru-0.18.0,tests::test_try_get_or_insert_ref,consistent,success,success
lru-0.18.0,tests::test_try_get_or_insert_with_key,consistent,success,success
lru-0.18.0,tests::test_unbounded,consistent,success,success
lru-0.18.0,tests::test_with_hasher,consistent,success,success
matchers-0.2.0,test::anchored::debug_explicitly_unanchored,consistent,success,success
matchers-0.2.0,test::anchored::debug_is_anchored,consistent,success,success
matchers-0.2.0,test::anchored::debug_matches,consistent,success,success
matchers-0.2.0,test::anchored::debug_rep_patterns,consistent,success,success
matchers-0.2.0,test::anchored::display_explicitly_unanchored,consistent,success,success
matchers-0.2.0,test::anchored::display_is_anchored,consistent,success,success
matchers-0.2.0,test::anchored::display_matches,consistent,success,success
matchers-0.2.0,test::anchored::reader_explicitly_unanchored,consistent,success,success
matchers-0.2.0,test::anchored::reader_is_anchored,consistent,success,success
matchers-0.2.0,test::anchored::reader_matches,consistent,success,success
matchers-0.2.0,test::unanchored::debug_is_unanchored,consistent,success,success
matchers-0.2.0,test::unanchored::debug_matches,consistent,success,success
matchers-0.2.0,test::unanchored::debug_rep_patterns,consistent,success,success
matchers-0.2.0,test::unanchored::display_is_unanchored,consistent,success,success
matchers-0.2.0,test::unanchored::display_matches,consistent,success,success
matchers-0.2.0,test::unanchored::reader_is_unanchored,consistent,success,success
matchers-0.2.0,test::unanchored::reader_matches,consistent,success,success
memchr-2.8.1,arch::all::memchr::tests::count_one,consistent,success,success
memchr-2.8.1,arch::all::memchr::tests::forward_one,consistent,success,success
memchr-2.8.1,arch::all::memchr::tests::forward_three,consistent,success,success
memchr-2.8.1,arch::all::memchr::tests::forward_two,consistent,success,success
memchr-2.8.1,arch::all::memchr::tests::regression_big_endian1,consistent,success,success
memchr-2.8.1,arch::all::memchr::tests::regression_big_endian2,consistent,success,success
memchr-2.8.1,arch::all::memchr::tests::regression_count_new_lines,consistent,success,success
memchr-2.8.1,arch::all::memchr::tests::regression_double_ended_iterator,consistent,success,success
memchr-2.8.1,arch::all::memchr::tests::reverse_one,consistent,success,success
memchr-2.8.1,arch::all::memchr::tests::reverse_three,consistent,success,success
memchr-2.8.1,arch::all::memchr::tests::reverse_two,consistent,success,success
memchr-2.8.1,arch::all::packedpair::tests::forward_packedpair,consistent,success,success
memchr-2.8.1,arch::all::rabinkarp::tests::forward,consistent,success,success
memchr-2.8.1,arch::all::rabinkarp::tests::reverse,consistent,success,success
memchr-2.8.1,arch::all::shiftor::tests::forward,consistent,success,success
memchr-2.8.1,arch::all::tests::equals_different_lengths,consistent,success,success
memchr-2.8.1,arch::all::tests::equals_mismatch,consistent,success,success
memchr-2.8.1,arch::all::tests::equals_yes,consistent,success,success
memchr-2.8.1,arch::all::tests::prefix,consistent,success,success
memchr-2.8.1,arch::all::tests::suffix,consistent,success,success
memchr-2.8.1,arch::all::twoway::tests::forward,consistent,success,success
memchr-2.8.1,arch::all::twoway::tests::regression_rev_small_period,consistent,success,success
memchr-2.8.1,arch::all::twoway::tests::reverse,consistent,success,success
memchr-2.8.1,arch::all::twoway::tests::suffix_forward,consistent,success,success
memchr-2.8.1,arch::all::twoway::tests::suffix_reverse,consistent,success,success
memchr-2.8.1,arch::x86_64::avx2::memchr::tests::count_one,consistent,success,success
memchr-2.8.1,arch::x86_64::avx2::memchr::tests::forward_one,consistent,success,success
memchr-2.8.1,arch::x86_64::avx2::memchr::tests::forward_three,consistent,success,success
memchr-2.8.1,arch::x86_64::avx2::memchr::tests::forward_two,consistent,success,success
memchr-2.8.1,arch::x86_64::avx2::memchr::tests::reverse_one,consistent,success,success
memchr-2.8.1,arch::x86_64::avx2::memchr::tests::reverse_three,consistent,success,success
memchr-2.8.1,arch::x86_64::avx2::memchr::tests::reverse_two,consistent,success,success
memchr-2.8.1,arch::x86_64::avx2::packedpair::tests::forward_packedpair,consistent,success,success
memchr-2.8.1,arch::x86_64::avx2::packedpair::tests::forward_packedpair_prefilter,consistent,success,success
memchr-2.8.1,arch::x86_64::avx2::packedpair::tests::forward_substring,consistent,success,success
memchr-2.8.1,arch::x86_64::sse2::memchr::tests::count_one,consistent,success,success
memchr-2.8.1,arch::x86_64::sse2::memchr::tests::forward_one,consistent,success,success
memchr-2.8.1,arch::x86_64::sse2::memchr::tests::forward_three,consistent,success,success
memchr-2.8.1,arch::x86_64::sse2::memchr::tests::forward_two,consistent,success,success
memchr-2.8.1,arch::x86_64::sse2::memchr::tests::reverse_one,consistent,success,success
memchr-2.8.1,arch::x86_64::sse2::memchr::tests::reverse_three,consistent,success,success
memchr-2.8.1,arch::x86_64::sse2::memchr::tests::reverse_two,consistent,success,success
memchr-2.8.1,arch::x86_64::sse2::packedpair::tests::forward_packedpair,consistent,success,success
memchr-2.8.1,arch::x86_64::sse2::packedpair::tests::forward_packedpair_prefilter,consistent,success,success
memchr-2.8.1,arch::x86_64::sse2::packedpair::tests::forward_substring,consistent,success,success
memchr-2.8.1,memchr::tests::count1_iter,consistent,success,success
memchr-2.8.1,memchr::tests::forward1_iter,consistent,success,success
memchr-2.8.1,memchr::tests::forward1_oneshot,consistent,success,success
memchr-2.8.1,memchr::tests::forward2_iter,consistent,success,success
memchr-2.8.1,memchr::tests::forward2_oneshot,consistent,success,success
memchr-2.8.1,memchr::tests::forward3_iter,consistent,success,success
memchr-2.8.1,memchr::tests::forward3_oneshot,consistent,success,success
memchr-2.8.1,memchr::tests::reverse1_iter,consistent,success,success
memchr-2.8.1,memchr::tests::reverse1_oneshot,consistent,success,success
memchr-2.8.1,memchr::tests::reverse2_iter,consistent,success,success
memchr-2.8.1,memchr::tests::reverse2_oneshot,consistent,success,success
memchr-2.8.1,memchr::tests::reverse3_iter,consistent,success,success
memchr-2.8.1,memchr::tests::reverse3_oneshot,consistent,success,success
memchr-2.8.1,memchr::tests::sync_regression,consistent,success,success
memchr-2.8.1,memmem::tests::forward,consistent,success,success
memchr-2.8.1,memmem::tests::reverse,consistent,success,success
memchr-2.8.1,tests::byte_order,consistent,success,success
memchr-2.8.1,tests::substring::naive::tests::forward,consistent,success,success
memchr-2.8.1,tests::substring::naive::tests::reverse,consistent,success,success
minimal-lexical-0.2.1,b_test,consistent,success,success
minimal-lexical-0.2.1,bh_test,consistent,success,success
minimal-lexical-0.2.1,bit_length_test,consistent,success,success
minimal-lexical-0.2.1,cmp_test,consistent,success,success
minimal-lexical-0.2.1,compute_error32_test,consistent,success,success
minimal-lexical-0.2.1,compute_error64_test,consistent,success,success
minimal-lexical-0.2.1,compute_error_scaled32_test,consistent,success,success
minimal-lexical-0.2.1,compute_error_scaled64_test,consistent,success,success
minimal-lexical-0.2.1,compute_float_f32_rounding,consistent,success,success
minimal-lexical-0.2.1,compute_float_f64_rounding,consistent,success,success
minimal-lexical-0.2.1,f32_test,consistent,success,success
minimal-lexical-0.2.1,f64_test,consistent,success,success
minimal-lexical-0.2.1,hi64_test,consistent,success,success
minimal-lexical-0.2.1,is_fast_path_test,consistent,success,success
minimal-lexical-0.2.1,large_add_test,consistent,success,success
minimal-lexical-0.2.1,large_mul_test,consistent,success,success
minimal-lexical-0.2.1,lower_n_halfway_test,consistent,success,success
minimal-lexical-0.2.1,lower_n_mask_test,consistent,success,success
minimal-lexical-0.2.1,math_test,consistent,success,success
minimal-lexical-0.2.1,negative_digit_comp_test,consistent,success,success
minimal-lexical-0.2.1,nth_bit_test,consistent,success,success
minimal-lexical-0.2.1,parse_f32_test,consistent,success,success
minimal-lexical-0.2.1,parse_f64_test,consistent,success,success
minimal-lexical-0.2.1,parse_mantissa_test,consistent,success,success
minimal-lexical-0.2.1,positive_digit_comp_test,consistent,success,success
minimal-lexical-0.2.1,pow_test,consistent,success,success
minimal-lexical-0.2.1,round_test,consistent,success,success
minimal-lexical-0.2.1,scalar_add_test,consistent,success,success
minimal-lexical-0.2.1,scalar_mul_test,consistent,success,success
minimal-lexical-0.2.1,shl_bits_test,consistent,success,success
minimal-lexical-0.2.1,shl_limbs_test,consistent,success,success
minimal-lexical-0.2.1,shl_test,consistent,success,success
minimal-lexical-0.2.1,simple_test,consistent,success,success
minimal-lexical-0.2.1,slow_test,consistent,success,success
minimal-lexical-0.2.1,small_add_test,consistent,success,success
minimal-lexical-0.2.1,small_mul_test,consistent,success,success
minimal-lexical-0.2.1,try_fast_path_test,consistent,success,success
minimal-lexical-0.2.1,very_large_mul_test,consistent,success,success
nu-ansi-term-0.50.3,ansi::test::black,consistent,success,success
nu-ansi-term-0.50.3,ansi::test::blink,consistent,success,success
nu-ansi-term-0.50.3,ansi::test::blue_on_rgb,consistent,success,success
nu-ansi-term-0.50.3,ansi::test::blue_underline,consistent,success,success
nu-ansi-term-0.50.3,ansi::test::bold,consistent,success,success
nu-ansi-term-0.50.3,ansi::test::bold_with_reset,consistent,success,success
nu-ansi-term-0.50.3,ansi::test::bold_with_reset_2,consistent,success,success
nu-ansi-term-0.50.3,ansi::test::bunderline,consistent,success,success
nu-ansi-term-0.50.3,ansi::test::cyan_bold_on_white,consistent,success,success
nu-ansi-term-0.50.3,ansi::test::cyan_bold_ul_on_white,consistent,success,success
nu-ansi-term-0.50.3,ansi::test::cyan_ul_bold_on_white,consistent,success,success
nu-ansi-term-0.50.3,ansi::test::cyan_ul_on_white,consistent,success,success
nu-ansi-term-0.50.3,ansi::test::dimmed,consistent,success,success
nu-ansi-term-0.50.3,ansi::test::fixed,consistent,success,success
nu-ansi-term-0.50.3,ansi::test::fixed_on_fixed,consistent,success,success
nu-ansi-term-0.50.3,ansi::test::fixed_on_purple,consistent,success,success
nu-ansi-term-0.50.3,ansi::test::green_bold_ul,consistent,success,success
nu-ansi-term-0.50.3,ansi::test::green_bold_ul_2,consistent,success,success
nu-ansi-term-0.50.3,ansi::test::hidden,consistent,success,success
nu-ansi-term-0.50.3,ansi::test::italic,consistent,success,success
nu-ansi-term-0.50.3,ansi::test::lr_on_lr,consistent,success,success
nu-ansi-term-0.50.3,ansi::test::magenta_on_white,consistent,success,success
nu-ansi-term-0.50.3,ansi::test::magenta_on_white_2,consistent,success,success
nu-ansi-term-0.50.3,ansi::test::plain,consistent,success,success
nu-ansi-term-0.50.3,ansi::test::purple_on_white,consistent,success,success
nu-ansi-term-0.50.3,ansi::test::purple_on_white_2,consistent,success,success
nu-ansi-term-0.50.3,ansi::test::red,consistent,success,success
nu-ansi-term-0.50.3,ansi::test::reverse,consistent,success,success
nu-ansi-term-0.50.3,ansi::test::rgb,consistent,success,success
nu-ansi-term-0.50.3,ansi::test::rgb_on_blue,consistent,success,success
nu-ansi-term-0.50.3,ansi::test::rgb_on_rgb,consistent,success,success
nu-ansi-term-0.50.3,ansi::test::stricken,consistent,success,success
nu-ansi-term-0.50.3,ansi::test::test_infix,consistent,success,success
nu-ansi-term-0.50.3,ansi::test::test_write_prefix_no_gnu_compat_order,consistent,success,success
nu-ansi-term-0.50.3,ansi::test::underline,consistent,success,success
nu-ansi-term-0.50.3,ansi::test::yellow_bold,consistent,success,success
nu-ansi-term-0.50.3,ansi::test::yellow_bold_2,consistent,success,success
nu-ansi-term-0.50.3,ansi::test::yellow_on_blue,consistent,success,success
nu-ansi-term-0.50.3,ansi::test::yellow_on_blue_2,consistent,success,success
nu-ansi-term-0.50.3,ansi::test::yellow_on_blue_reset,consistent,success,success
nu-ansi-term-0.50.3,ansi::test::yellow_on_blue_reset_2,consistent,success,success
nu-ansi-term-0.50.3,debug::test::bold,consistent,success,success
nu-ansi-term-0.50.3,debug::test::both,consistent,success,success
nu-ansi-term-0.50.3,debug::test::empty,consistent,success,success
nu-ansi-term-0.50.3,debug::test::everything,consistent,success,success
nu-ansi-term-0.50.3,debug::test::italic,consistent,success,success
nu-ansi-term-0.50.3,debug::test::long_and_detailed,consistent,success,success
nu-ansi-term-0.50.3,debug::test::red,consistent,success,success
nu-ansi-term-0.50.3,debug::test::redblue,consistent,success,success
nu-ansi-term-0.50.3,difference::test::addition_of_blink,consistent,success,success
nu-ansi-term-0.50.3,difference::test::addition_of_dimmed,consistent,success,success
nu-ansi-term-0.50.3,difference::test::addition_of_hidden,consistent,success,success
nu-ansi-term-0.50.3,difference::test::addition_of_reverse,consistent,success,success
nu-ansi-term-0.50.3,difference::test::addition_of_strikethrough,consistent,success,success
nu-ansi-term-0.50.3,difference::test::color_change,consistent,success,success
nu-ansi-term-0.50.3,difference::test::lowercase,consistent,success,success
nu-ansi-term-0.50.3,difference::test::nothing,consistent,success,success
nu-ansi-term-0.50.3,difference::test::nothing2,consistent,success,success
nu-ansi-term-0.50.3,difference::test::removal_of_blink,consistent,success,success
nu-ansi-term-0.50.3,difference::test::removal_of_dimmed,consistent,success,success
nu-ansi-term-0.50.3,difference::test::removal_of_hidden,consistent,success,success
nu-ansi-term-0.50.3,difference::test::removal_of_reverse,consistent,success,success
nu-ansi-term-0.50.3,difference::test::removal_of_strikethrough,consistent,success,success
nu-ansi-term-0.50.3,difference::test::uppercase,consistent,success,success
nu-ansi-term-0.50.3,display::tests::hyperlink,consistent,success,success
nu-ansi-term-0.50.3,display::tests::hyperlinks,consistent,success,success
nu-ansi-term-0.50.3,display::tests::no_control_codes_for_plain,consistent,success,success
nu-ansi-term-0.50.3,display::tests::title,consistent,success,success
nu-ansi-term-0.50.3,manual_instance_style,consistent,success,success
nu-ansi-term-0.50.3,util::test::test,consistent,success,success
num-bigint-0.4.6,bigint::test_assign_from_slice,consistent,success,success
num-bigint-0.4.6,bigint::test_cbrt,consistent,success,success
num-bigint-0.4.6,bigint::test_from_biguint,consistent,success,success
num-bigint-0.4.6,bigint::test_from_slice,consistent,success,success
num-bigint-0.4.6,bigint::test_modpow,consistent,success,success
num-bigint-0.4.6,bigint::test_nth_root,consistent,success,success
num-bigint-0.4.6,bigint::test_nth_root_x_neg_n_even,consistent,success,success
num-bigint-0.4.6,bigint::test_sqrt_x_neg,consistent,success,success
num-bigint-0.4.6,biguint::convert::test_half_radix_bases,consistent,success,success
num-bigint-0.4.6,biguint::convert::test_radix_bases,consistent,success,success
num-bigint-0.4.6,biguint::iter::test_iter_u32_digits,consistent,success,success
num-bigint-0.4.6,biguint::iter::test_iter_u32_digits_be,consistent,success,success
num-bigint-0.4.6,biguint::iter::test_iter_u64_digits,consistent,success,success
num-bigint-0.4.6,biguint::iter::test_iter_u64_digits_be,consistent,success,success
num-bigint-0.4.6,biguint::multiplication::test_sub_sign,consistent,success,success
num-bigint-0.4.6,biguint::power::test_plain_modpow,consistent,success,success
num-bigint-0.4.6,biguint::power::test_pow_biguint,consistent,success,success
num-bigint-0.4.6,biguint::test_cbrt,consistent,success,success
num-bigint-0.4.6,biguint::test_from_slice,consistent,success,success
num-bigint-0.4.6,biguint::test_modpow_single,consistent,success,success
num-bigint-0.4.6,biguint::test_modpow_small,consistent,success,success
num-bigint-0.4.6,biguint::test_nth_root,consistent,success,success
num-bigint-0.4.6,biguint::test_nth_root_big,consistent,success,success
num-bigint-0.4.6,biguint::test_nth_root_googol,consistent,success,success
num-bigint-0.4.6,biguint::test_nth_root_n_is_zero,consistent,success,success
num-bigint-0.4.6,biguint::test_roots_rand1,consistent,success,success
num-bigint-0.4.6,biguint::test_sqrt,consistent,success,success
num-bigint-0.4.6,biguint::test_u128_u32_roundtrip,consistent,success,success
num-bigint-0.4.6,biguint::test_u32_u128,consistent,success,success
num-bigint-0.4.6,test_abs_sub,consistent,success,success
num-bigint-0.4.6,test_add,consistent,success,success
num-bigint-0.4.6,test_all_str_radix,consistent,success,success
num-bigint-0.4.6,biguint::test_modpow_big,consistent,success,success
num-bigint-0.4.6,bigint::test_modpow_small,consistent,success,success
num-bigint-0.4.6,test_signed_bytes_be_round_trip,consistent,success,success
num-bigint-0.4.6,biguint::test_nth_root_twos,consistent,success,success
num-bigint-0.4.6,test_signed_bytes_le_round_trip,consistent,success,success
num-bigint-0.4.6,fuzzed_mul_2,consistent,success,success
num-bigint-0.4.6,fuzzed_mul_1,consistent,success,success
num-complex-0.4.6,cast::test::test_as_primitive,consistent,success,success
num-complex-0.4.6,cast::test::test_from_primitive,consistent,success,success
num-complex-0.4.6,cast::test::test_num_cast,consistent,success,success
num-complex-0.4.6,cast::test::test_to_primitive,consistent,success,success
num-complex-0.4.6,complex_float::test::test_arg,consistent,success,success
num-complex-0.4.6,complex_float::test::test_conj,consistent,success,success
num-complex-0.4.6,complex_float::test::test_exp,consistent,success,success
num-complex-0.4.6,complex_float::test::test_exp2,consistent,success,success
num-complex-0.4.6,complex_float::test::test_is_finite,consistent,success,success
num-complex-0.4.6,complex_float::test::test_is_infinite,consistent,success,success
num-complex-0.4.6,complex_float::test::test_is_nan,consistent,success,success
num-complex-0.4.6,complex_float::test::test_is_normal,consistent,success,success
num-complex-0.4.6,complex_float::test::test_log10,consistent,success,success
num-complex-0.4.6,complex_float::test::test_log2,consistent,success,success
num-complex-0.4.6,complex_float::test::test_powi,consistent,success,success
num-complex-0.4.6,complex_float::test::test_powz,consistent,success,success
num-complex-0.4.6,test::complex_arithmetic::test_add,consistent,success,success
num-complex-0.4.6,test::complex_arithmetic::test_div,consistent,success,success
num-complex-0.4.6,test::complex_arithmetic::test_mul,consistent,success,success
num-complex-0.4.6,test::complex_arithmetic::test_mul_add,consistent,success,success
num-complex-0.4.6,test::complex_arithmetic::test_mul_add_float,consistent,success,success
num-complex-0.4.6,test::complex_arithmetic::test_neg,consistent,success,success
num-complex-0.4.6,test::complex_arithmetic::test_rem,consistent,success,success
num-complex-0.4.6,test::complex_arithmetic::test_sub,consistent,success,success
num-complex-0.4.6,test::float::test_acos,consistent,success,success
num-complex-0.4.6,test::float::test_acosh,consistent,success,success
num-complex-0.4.6,test::float::test_arg,consistent,success,success
num-complex-0.4.6,test::float::test_asin,consistent,success,success
num-complex-0.4.6,test::float::test_asinh,consistent,success,success
num-complex-0.4.6,test::float::test_atan,consistent,success,success
num-complex-0.4.6,test::float::test_atanh,consistent,success,success
num-complex-0.4.6,test::float::test_cbrt,consistent,success,success
num-complex-0.4.6,test::float::test_cbrt_imag,consistent,success,success
num-complex-0.4.6,test::float::test_cbrt_real,consistent,success,success
num-complex-0.4.6,test::float::test_cis,consistent,success,success
num-complex-0.4.6,test::float::test_cos,consistent,success,success
num-complex-0.4.6,test::float::test_cosh,consistent,success,success
num-complex-0.4.6,test::float::test_exp,consistent,success,success
num-complex-0.4.6,test::float::test_exp2,consistent,success,success
num-complex-0.4.6,test::float::test_exp2_log,consistent,success,success
num-complex-0.4.6,test::float::test_exp_ln,consistent,success,success
num-complex-0.4.6,test::float::test_hyperbolic_identites,consistent,success,success
num-complex-0.4.6,test::float::test_ln,consistent,success,success
num-complex-0.4.6,test::float::test_log,consistent,success,success
num-complex-0.4.6,test::float::test_log10,consistent,success,success
num-complex-0.4.6,test::float::test_log2,consistent,success,success
num-complex-0.4.6,test::float::test_norm,consistent,success,success
num-complex-0.4.6,test::float::test_polar_conv,consistent,success,success
num-complex-0.4.6,test::float::test_powc,consistent,success,success
num-complex-0.4.6,test::float::test_powf,consistent,success,success
num-complex-0.4.6,test::float::test_sin,consistent,success,success
num-complex-0.4.6,test::float::test_sinh,consistent,success,success
num-complex-0.4.6,test::float::test_some_expf_cases,consistent,success,success
num-complex-0.4.6,test::float::test_sqrt,consistent,success,success
num-complex-0.4.6,test::float::test_sqrt_imag,consistent,success,success
num-complex-0.4.6,test::float::test_sqrt_real,consistent,success,success
num-complex-0.4.6,test::float::test_tan,consistent,success,success
num-complex-0.4.6,test::float::test_tanh,consistent,success,success
num-complex-0.4.6,test::float::test_trig_identities,consistent,success,success
num-complex-0.4.6,test::float::test_trig_to_hyperbolic,consistent,success,success
num-complex-0.4.6,test::real_arithmetic::test_add,consistent,success,success
num-complex-0.4.6,test::real_arithmetic::test_div,consistent,success,success
num-complex-0.4.6,test::real_arithmetic::test_div_rem_gaussian,consistent,success,success
num-complex-0.4.6,test::real_arithmetic::test_mul,consistent,success,success
num-complex-0.4.6,test::real_arithmetic::test_rem,consistent,success,success
num-complex-0.4.6,test::real_arithmetic::test_sub,consistent,success,success
num-complex-0.4.6,test::test_conj,consistent,success,success
num-complex-0.4.6,test::test_const,consistent,success,success
num-complex-0.4.6,test::test_consts,consistent,success,success
num-complex-0.4.6,test::test_divide_by_zero_natural,consistent,success,success
num-complex-0.4.6,test::test_from_str,consistent,success,success
num-complex-0.4.6,test::test_from_str_fail,consistent,success,success
num-complex-0.4.6,test::test_from_str_radix,consistent,success,success
num-complex-0.4.6,test::test_from_str_radix_fail,consistent,success,success
num-complex-0.4.6,test::test_hash,consistent,success,success
num-complex-0.4.6,test::test_hashset,consistent,success,success
num-complex-0.4.6,test::test_inv,consistent,success,success
num-complex-0.4.6,test::test_inv_zero,consistent,success,success
num-complex-0.4.6,test::test_is_finite,consistent,success,success
num-complex-0.4.6,test::test_is_infinite,consistent,success,success
num-complex-0.4.6,test::test_is_nan,consistent,success,success
num-complex-0.4.6,test::test_is_nan_special_cases,consistent,success,success
num-complex-0.4.6,test::test_is_normal,consistent,success,success
num-complex-0.4.6,test::test_l1_norm,consistent,success,success
num-complex-0.4.6,test::test_one,consistent,success,success
num-complex-0.4.6,test::test_pow,consistent,success,success
num-complex-0.4.6,test::test_prod,consistent,success,success
num-complex-0.4.6,test::test_scale_unscale,consistent,success,success
num-complex-0.4.6,test::test_string_formatting,consistent,success,success
num-complex-0.4.6,test::test_sum,consistent,success,success
num-complex-0.4.6,test::test_to_string,consistent,success,success
num-complex-0.4.6,test::test_zero,consistent,success,success
object-0.39.1,parse_self,consistent,success,success
object-0.39.1,pod::tests::single,consistent,success,success
object-0.39.1,pod::tests::slice,consistent,success,success
object-0.39.1,pod::tests::slice_zero,consistent,success,success
object-0.39.1,read::archive::tests::aix_names,consistent,success,success
object-0.39.1,read::archive::tests::bsd_names,consistent,success,success
object-0.39.1,read::archive::tests::gnu_names,consistent,success,success
object-0.39.1,read::archive::tests::kind,consistent,success,success
object-0.39.1,read::archive::tests::thin_gnu_names,consistent,success,success
object-0.39.1,read::coff::coff_extended_relocations,consistent,test_failed,test_failed
object-0.39.1,read::coff::section::tests::name_offset,consistent,success,success
object-0.39.1,read::elf::get_buildid_bad_elf,consistent,test_failed,test_failed
object-0.39.1,read::elf::get_buildid_less_bad_elf,consistent,test_failed,test_failed
object-0.39.1,read::elf::zero_sized_section_works,consistent,test_failed,test_failed
object-0.39.1,read::macho::load_command::tests::cmd_size_invalid,consistent,success,success
object-0.39.1,read::macho::load_command::tests::function_starts_invalid_uleb128,consistent,success,success
object-0.39.1,read::macho::test_go_macho,consistent,test_failed,test_failed
object-0.39.1,read::macho::test_macho_entry_point,consistent,test_failed,test_failed
object-0.39.1,read::util::tests::bytes,consistent,success,success
object-0.39.1,read::util::tests::bytes_debug,consistent,success,success
object-0.39.1,parse_self_cache,consistent,success,success
once_cell-1.21.4,imp::tests::poison_bad,consistent,success,success
once_cell-1.21.4,imp::tests::smoke_once,consistent,success,success
once_cell-1.21.4,imp::tests::stampede_once,consistent,success,success
once_cell-1.21.4,imp::tests::test_size,consistent,success,success
once_cell-1.21.4,imp::tests::wait_for_force_to_finish,consistent,success,success
once_cell-1.21.4,race::get_unchecked,consistent,success,success
once_cell-1.21.4,race::once_bool_get_or_try_init,consistent,success,success
once_cell-1.21.4,race::once_bool_set,consistent,success,success
once_cell-1.21.4,race::once_bool_smoke_test,consistent,success,success
once_cell-1.21.4,race::once_non_zero_usize_first_wins,consistent,success,success
once_cell-1.21.4,race::once_non_zero_usize_set,consistent,success,success
once_cell-1.21.4,race::once_non_zero_usize_smoke_test,consistent,success,success
once_cell-1.21.4,race::once_ref_set,consistent,success,success
once_cell-1.21.4,race::once_ref_smoke_test,consistent,success,success
once_cell-1.21.4,race_once_box::once_box_default,consistent,success,success
once_cell-1.21.4,race_once_box::once_box_first_wins,consistent,success,success
once_cell-1.21.4,race_once_box::once_box_reentrant,consistent,success,success
once_cell-1.21.4,race_once_box::once_box_set,consistent,success,success
once_cell-1.21.4,race_once_box::once_box_smoke_test,consistent,success,success
once_cell-1.21.4,race_once_box::onece_box_clone,consistent,success,success
once_cell-1.21.4,race_once_box::onece_box_with_value,consistent,success,success
once_cell-1.21.4,sync_lazy::arrrrrrrrrrrrrrrrrrrrrr,consistent,success,success
once_cell-1.21.4,sync_lazy::lazy_default,consistent,success,success
once_cell-1.21.4,sync_lazy::lazy_deref_mut,consistent,success,success
once_cell-1.21.4,sync_lazy::lazy_force_mut,consistent,success,success
once_cell-1.21.4,sync_lazy::lazy_get_mut,consistent,success,success
once_cell-1.21.4,sync_lazy::lazy_into_value,consistent,success,success
once_cell-1.21.4,sync_lazy::lazy_is_sync_send,consistent,success,success
once_cell-1.21.4,sync_lazy::lazy_new,consistent,success,success
once_cell-1.21.4,sync_lazy::lazy_poisoning,consistent,success,success
once_cell-1.21.4,sync_lazy::static_lazy,consistent,success,success
once_cell-1.21.4,sync_lazy::static_lazy_via_fn,consistent,success,success
once_cell-1.21.4,sync_once_cell::arrrrrrrrrrrrrrrrrrrrrr,consistent,success,success
once_cell-1.21.4,sync_once_cell::clone,consistent,success,success
once_cell-1.21.4,sync_once_cell::debug_impl,consistent,success,success
once_cell-1.21.4,sync_once_cell::eval_once_macro,consistent,success,success
once_cell-1.21.4,sync_once_cell::from_impl,consistent,success,success
once_cell-1.21.4,sync_once_cell::get_does_not_block,consistent,success,success
once_cell-1.21.4,sync_once_cell::get_or_init_stress,consistent,success,success
once_cell-1.21.4,sync_once_cell::get_or_try_init,consistent,success,success
once_cell-1.21.4,sync_once_cell::into_inner,consistent,success,success
once_cell-1.21.4,sync_once_cell::once_cell,consistent,success,success
once_cell-1.21.4,sync_once_cell::once_cell_does_not_leak_partially_constructed_boxes,consistent,success,success
once_cell-1.21.4,sync_once_cell::once_cell_drop,consistent,success,success
once_cell-1.21.4,sync_once_cell::once_cell_drop_empty,consistent,success,success
once_cell-1.21.4,sync_once_cell::once_cell_get_mut,consistent,success,success
once_cell-1.21.4,sync_once_cell::once_cell_get_unchecked,consistent,success,success
once_cell-1.21.4,sync_once_cell::once_cell_is_sync_send,consistent,success,success
once_cell-1.21.4,sync_once_cell::once_cell_with_value,consistent,success,success
once_cell-1.21.4,sync_once_cell::partialeq_impl,consistent,success,success
once_cell-1.21.4,sync_once_cell::wait,consistent,success,success
once_cell-1.21.4,sync_once_cell::wait_panic,consistent,success,success
once_cell-1.21.4,unsync_lazy::arrrrrrrrrrrrrrrrrrrrrr,consistent,success,success
once_cell-1.21.4,unsync_lazy::lazy_default,consistent,success,success
once_cell-1.21.4,unsync_lazy::lazy_deref_mut,consistent,success,success
once_cell-1.21.4,unsync_lazy::lazy_force_mut,consistent,success,success
once_cell-1.21.4,unsync_lazy::lazy_get_mut,consistent,success,success
once_cell-1.21.4,unsync_lazy::lazy_into_value,consistent,success,success
once_cell-1.21.4,unsync_lazy::lazy_new,consistent,success,success
once_cell-1.21.4,unsync_lazy::lazy_poisoning,consistent,success,success
once_cell-1.21.4,unsync_once_cell::aliasing_in_get,consistent,success,success
once_cell-1.21.4,unsync_once_cell::arrrrrrrrrrrrrrrrrrrrrr,consistent,success,success
once_cell-1.21.4,unsync_once_cell::clone,consistent,success,success
once_cell-1.21.4,unsync_once_cell::debug_impl,consistent,success,success
once_cell-1.21.4,unsync_once_cell::from_impl,consistent,success,success
once_cell-1.21.4,unsync_once_cell::get_or_try_init,consistent,success,success
once_cell-1.21.4,unsync_once_cell::into_inner,consistent,success,success
once_cell-1.21.4,unsync_once_cell::once_cell,consistent,success,success
once_cell-1.21.4,unsync_once_cell::once_cell_drop,consistent,success,success
once_cell-1.21.4,unsync_once_cell::once_cell_drop_empty,consistent,success,success
once_cell-1.21.4,unsync_once_cell::once_cell_get_mut,consistent,success,success
once_cell-1.21.4,unsync_once_cell::once_cell_with_value,consistent,success,success
once_cell-1.21.4,unsync_once_cell::partialeq_impl,consistent,success,success
once_cell-1.21.4,unsync_once_cell::reentrant_init,consistent,success,success
ordered-float-5.3.0,add,consistent,success,success
ordered-float-5.3.0,float_consts_equal_inner,consistent,success,success
ordered-float-5.3.0,from_ref,consistent,success,success
ordered-float-5.3.0,hash_different_nans_to_the_same_hc,consistent,success,success
ordered-float-5.3.0,hash_inf_and_neg_inf_to_different_hcs,consistent,success,success
ordered-float-5.3.0,hash_is_good_for_fractional_numbers,consistent,success,success
ordered-float-5.3.0,hash_is_good_for_whole_numbers,consistent,success,success
ordered-float-5.3.0,hash_zero_and_neg_zero_to_the_same_hc_not_nan32,consistent,success,success
ordered-float-5.3.0,hash_zero_and_neg_zero_to_the_same_hc_ordered_float64,consistent,success,success
ordered-float-5.3.0,not_nan32_bounded,consistent,success,success
ordered-float-5.3.0,not_nan32_calculate_correctly,consistent,success,success
ordered-float-5.3.0,not_nan32_compare_regular_floats,consistent,success,success
ordered-float-5.3.0,not_nan32_fail_when_constructing_with_nan,consistent,success,success
ordered-float-5.3.0,not_nan32_from_primitive,consistent,success,success
ordered-float-5.3.0,not_nan32_num,consistent,success,success
ordered-float-5.3.0,not_nan32_num_cast,consistent,success,success
ordered-float-5.3.0,not_nan32_one,consistent,success,success
ordered-float-5.3.0,not_nan32_signed,consistent,success,success
ordered-float-5.3.0,not_nan32_to_primitive,consistent,success,success
ordered-float-5.3.0,not_nan32_zero,consistent,success,success
ordered-float-5.3.0,not_nan64_bounded,consistent,success,success
ordered-float-5.3.0,not_nan64_calculate_correctly,consistent,success,success
ordered-float-5.3.0,not_nan64_compare_regular_floats,consistent,success,success
ordered-float-5.3.0,not_nan64_fail_when_constructing_with_nan,consistent,success,success
ordered-float-5.3.0,not_nan64_from_primitive,consistent,success,success
ordered-float-5.3.0,not_nan64_num,consistent,success,success
ordered-float-5.3.0,not_nan64_num_cast,consistent,success,success
ordered-float-5.3.0,not_nan64_one,consistent,success,success
ordered-float-5.3.0,not_nan64_signed,consistent,success,success
ordered-float-5.3.0,not_nan64_sum_product,consistent,success,success
ordered-float-5.3.0,not_nan64_to_primitive,consistent,success,success
ordered-float-5.3.0,not_nan64_zero,consistent,success,success
ordered-float-5.3.0,not_nan_panic_safety,consistent,success,success
ordered-float-5.3.0,not_nan_usage_in_const_context,consistent,success,success
ordered-float-5.3.0,ordered_f32_compare_nan,consistent,success,success
ordered-float-5.3.0,ordered_f32_compare_nan_op,consistent,success,success
ordered-float-5.3.0,ordered_f32_compare_regular_floats,consistent,success,success
ordered-float-5.3.0,ordered_f32_compare_regular_floats_op,consistent,success,success
ordered-float-5.3.0,ordered_f32_neg,consistent,success,success
ordered-float-5.3.0,ordered_f64_compare_nan,consistent,success,success
ordered-float-5.3.0,ordered_f64_compare_nan_op,consistent,success,success
ordered-float-5.3.0,ordered_f64_compare_regular_floats,consistent,success,success
ordered-float-5.3.0,ordered_f64_compare_regular_floats_op,consistent,success,success
ordered-float-5.3.0,ordered_f64_neg,consistent,success,success
ordered-float-5.3.0,test_acos_fails_on_big,consistent,success,success
ordered-float-5.3.0,test_acosh_fails_on_zero,consistent,success,success
ordered-float-5.3.0,test_add_assign_fails_on_nan_ref,consistent,success,success
ordered-float-5.3.0,test_add_fails_on_nan,consistent,success,success
ordered-float-5.3.0,test_add_fails_on_nan_ref,consistent,success,success
ordered-float-5.3.0,test_add_fails_on_nan_ref_ref,consistent,success,success
ordered-float-5.3.0,test_asin_fails_on_big,consistent,success,success
ordered-float-5.3.0,test_atanh_fails_on_big,consistent,success,success
ordered-float-5.3.0,test_cmp_panic,consistent,success,success
ordered-float-5.3.0,test_cos_fails_on_infinite,consistent,success,success
ordered-float-5.3.0,test_ln_1p_fails_on_negative,consistent,success,success
ordered-float-5.3.0,test_ln_fails_on_negative,consistent,success,success
ordered-float-5.3.0,test_log10_fails_on_negative,consistent,success,success
ordered-float-5.3.0,test_log2_fails_on_negative,consistent,success,success
ordered-float-5.3.0,test_log_fails_on_negative,consistent,success,success
ordered-float-5.3.0,test_log_fails_on_negative_base,consistent,success,success
ordered-float-5.3.0,test_pow_fails_on_nan,consistent,success,success
ordered-float-5.3.0,test_pow_works,consistent,success,success
ordered-float-5.3.0,test_powf_fails_on_negative,consistent,success,success
ordered-float-5.3.0,test_product_fails_on_nan,consistent,success,success
ordered-float-5.3.0,test_ref_ref_binop_regression,consistent,success,success
ordered-float-5.3.0,test_sin_cos_fails_on_infinite,consistent,success,success
ordered-float-5.3.0,test_sin_fails_on_infinite,consistent,success,success
ordered-float-5.3.0,test_sqrt_fails_on_negative,consistent,success,success
ordered-float-5.3.0,test_sum_fails_on_nan,consistent,success,success
ordered-float-5.3.0,test_tan_fails_on_infinite,consistent,success,success
ordered-float-5.3.0,test_total_order,consistent,success,success
parking_lot-0.12.5,condvar::tests::notify_all,consistent,success,success
parking_lot-0.12.5,condvar::tests::notify_all_return,consistent,success,success
parking_lot-0.12.5,condvar::tests::notify_one,consistent,success,success
parking_lot-0.12.5,condvar::tests::notify_one_return_false,consistent,success,success
parking_lot-0.12.5,condvar::tests::notify_one_return_true,consistent,success,success
parking_lot-0.12.5,condvar::tests::smoke,consistent,success,success
parking_lot-0.12.5,condvar::tests::test_condvar_requeue,consistent,success,success
parking_lot-0.12.5,condvar::tests::test_debug_condvar,consistent,success,success
parking_lot-0.12.5,condvar::tests::test_issue_129,consistent,success,success
parking_lot-0.12.5,condvar::tests::two_mutexes,consistent,success,success
parking_lot-0.12.5,condvar::tests::two_mutexes_disjoint,consistent,success,success
parking_lot-0.12.5,condvar::tests::wait_for,consistent,success,success
parking_lot-0.12.5,condvar::tests::wait_until,consistent,success,success
parking_lot-0.12.5,condvar::tests::wait_while_until_internal,consistent,success,success
parking_lot-0.12.5,condvar::tests::wait_while_until_internal_does_not_wait_if_initially_false,consistent,success,success
parking_lot-0.12.5,condvar::tests::wait_while_until_internal_times_out_before_false,consistent,success,success
parking_lot-0.12.5,fair_mutex::tests::lots_and_lots,consistent,success,success
parking_lot-0.12.5,fair_mutex::tests::smoke,consistent,success,success
parking_lot-0.12.5,fair_mutex::tests::test_get_mut,consistent,success,success
parking_lot-0.12.5,fair_mutex::tests::test_into_inner,consistent,success,success
parking_lot-0.12.5,fair_mutex::tests::test_into_inner_drop,consistent,success,success
parking_lot-0.12.5,fair_mutex::tests::test_mutex_arc_access_in_unwind,consistent,success,success
parking_lot-0.12.5,fair_mutex::tests::test_mutex_arc_nested,consistent,success,success
parking_lot-0.12.5,fair_mutex::tests::test_mutex_debug,consistent,success,success
parking_lot-0.12.5,fair_mutex::tests::test_mutex_unsized,consistent,success,success
parking_lot-0.12.5,fair_mutex::tests::test_mutexguard_sync,consistent,success,success
parking_lot-0.12.5,fair_mutex::tests::try_lock,consistent,success,success
parking_lot-0.12.5,issue_392,consistent,success,success
parking_lot-0.12.5,main,consistent,success,success
parking_lot-0.12.5,mutex::tests::lots_and_lots,consistent,success,success
parking_lot-0.12.5,mutex::tests::smoke,consistent,success,success
parking_lot-0.12.5,mutex::tests::test_get_mut,consistent,success,success
parking_lot-0.12.5,mutex::tests::test_into_inner,consistent,success,success
parking_lot-0.12.5,mutex::tests::test_into_inner_drop,consistent,success,success
parking_lot-0.12.5,mutex::tests::test_map_or_err_mapped,consistent,success,success
parking_lot-0.12.5,mutex::tests::test_map_or_err_not_mapped,consistent,success,success
parking_lot-0.12.5,mutex::tests::test_mutex_arc_access_in_unwind,consistent,success,success
parking_lot-0.12.5,mutex::tests::test_mutex_arc_condvar,consistent,success,success
parking_lot-0.12.5,mutex::tests::test_mutex_arc_nested,consistent,success,success
parking_lot-0.12.5,mutex::tests::test_mutex_debug,consistent,success,success
parking_lot-0.12.5,mutex::tests::test_mutex_unsized,consistent,success,success
parking_lot-0.12.5,mutex::tests::test_mutexguard_sync,consistent,success,success
parking_lot-0.12.5,mutex::tests::try_lock,consistent,success,success
parking_lot-0.12.5,once::tests::poison_bad,consistent,success,success
parking_lot-0.12.5,once::tests::smoke_once,consistent,success,success
parking_lot-0.12.5,once::tests::stampede_once,consistent,success,success
parking_lot-0.12.5,once::tests::test_once_debug,consistent,success,success
parking_lot-0.12.5,once::tests::wait_for_force_to_finish,consistent,success,success
parking_lot-0.12.5,remutex::tests::is_mutex,consistent,success,success
parking_lot-0.12.5,remutex::tests::smoke,consistent,success,success
parking_lot-0.12.5,remutex::tests::test_reentrant_mutex_bump,consistent,success,success
parking_lot-0.12.5,remutex::tests::test_reentrant_mutex_debug,consistent,success,success
parking_lot-0.12.5,remutex::tests::trylock_works,consistent,success,success
parking_lot-0.12.5,rwlock::tests::frob,consistent,success,success
parking_lot-0.12.5,rwlock::tests::smoke,consistent,success,success
parking_lot-0.12.5,rwlock::tests::test_clone,consistent,success,success
parking_lot-0.12.5,rwlock::tests::test_get_mut,consistent,success,success
parking_lot-0.12.5,rwlock::tests::test_into_inner,consistent,success,success
parking_lot-0.12.5,rwlock::tests::test_into_inner_drop,consistent,success,success
parking_lot-0.12.5,rwlock::tests::test_issue_203,consistent,success,success
parking_lot-0.12.5,rwlock::tests::test_ruw_arc,consistent,success,success
parking_lot-0.12.5,rwlock::tests::test_rw_arc,consistent,success,success
parking_lot-0.12.5,rwlock::tests::test_rw_arc_access_in_unwind,consistent,success,success
parking_lot-0.12.5,rwlock::tests::test_rw_arc_no_poison_rr,consistent,success,success
parking_lot-0.12.5,rwlock::tests::test_rw_arc_no_poison_rw,consistent,success,success
parking_lot-0.12.5,rwlock::tests::test_rw_arc_no_poison_wr,consistent,success,success
parking_lot-0.12.5,rwlock::tests::test_rw_arc_no_poison_ww,consistent,success,success
parking_lot-0.12.5,rwlock::tests::test_rw_write_is_locked,consistent,success,success
parking_lot-0.12.5,rwlock::tests::test_rwlock_debug,consistent,success,success
parking_lot-0.12.5,rwlock::tests::test_rwlock_downgrade,consistent,success,success
parking_lot-0.12.5,rwlock::tests::test_rwlock_recursive,consistent,success,success
parking_lot-0.12.5,rwlock::tests::test_rwlock_try_read,consistent,success,success
parking_lot-0.12.5,rwlock::tests::test_rwlock_try_upgrade,consistent,success,success
parking_lot-0.12.5,rwlock::tests::test_rwlock_try_write,consistent,success,success
parking_lot-0.12.5,rwlock::tests::test_rwlock_unsized,consistent,success,success
parking_lot-0.12.5,rwlock::tests::test_rwlockguard_sync,consistent,success,success
parking_lot-0.12.5,condvar::webkit_queue_test::one_producer_ten_consumers_hundred_slots_notify_one,incomplete,test_failed,
parking_lot-0.12.5,condvar::webkit_queue_test::ten_producers_one_consumer_hundred_slots_notify_one,incomplete,test_failed,
parking_lot-0.12.5,condvar::webkit_queue_test::one_producer_ten_consumers_one_slot,consistent,success,success
parking_lot_core-0.9.12,parking_lot::tests::hundred_unpark_all_one,consistent,success,success
parking_lot_core-0.9.12,parking_lot::tests::unpark_all_hundred,consistent,success,success
parking_lot_core-0.9.12,parking_lot::tests::unpark_all_one,consistent,success,success
parking_lot_core-0.9.12,parking_lot::tests::unpark_all_one_fast,consistent,success,success
parking_lot_core-0.9.12,parking_lot::tests::unpark_one_fifty,consistent,success,success
parking_lot_core-0.9.12,parking_lot::tests::unpark_one_fifty_then_fifty_all,consistent,success,success
parking_lot_core-0.9.12,parking_lot::tests::unpark_one_hundred_fast,consistent,success,success
parking_lot_core-0.9.12,parking_lot::tests::unpark_one_one,consistent,success,success
parking_lot_core-0.9.12,parking_lot::tests::unpark_one_one_fast,consistent,success,success
parking_lot_core-0.9.12,parking_lot::tests::hundred_unpark_all_one_fast,consistent,success,success
parking_lot_core-0.9.12,parking_lot::tests::unpark_all_hundred_fast,consistent,success,success
parking_lot_core-0.9.12,parking_lot::tests::unpark_one_fifty_then_fifty_all_fast,consistent,success,success
pem-rfc7468-1.0.0,binary_example,consistent,success,success
pem-rfc7468-1.0.0,decoder::tests::pkcs8_example,consistent,success,success
pem-rfc7468-1.0.0,ed25519_example,consistent,success,success
pem-rfc7468-1.0.0,grammar::tests::split_label_empty,consistent,success,success
pem-rfc7468-1.0.0,grammar::tests::split_label_with_repeat_wsp_is_err,consistent,success,success
pem-rfc7468-1.0.0,grammar::tests::split_label_with_text,consistent,success,success
pem-rfc7468-1.0.0,grammar::tests::validate_private_key_label,consistent,success,success
pem-rfc7468-1.0.0,grammar::tests::validate_private_key_label_reject_double_space,consistent,success,success
pem-rfc7468-1.0.0,header_of_length_64,consistent,success,success
pem-rfc7468-1.0.0,line_width_detection,consistent,success,success
pem-rfc7468-1.0.0,pkcs1_enc_example,consistent,success,success
pem-rfc7468-1.0.0,pkcs1_example,consistent,success,success
pem-rfc7468-1.0.0,pkcs1_example_with_preceding_junk,consistent,success,success
pem-rfc7468-1.0.0,pkcs8_enc_example,consistent,success,success
pem-rfc7468-1.0.0,pkcs8_example,consistent,success,success
percent-encoding-2.3.2,ascii_set::tests::add_op,consistent,success,success
percent-encoding-2.3.2,ascii_set::tests::complement,consistent,success,success
percent-encoding-2.3.2,ascii_set::tests::not_op,consistent,success,success
percent-encoding-2.3.2,ascii_set::tests::union,consistent,success,success
percent-encoding-2.3.2,tests::percent_decode,consistent,success,success
percent-encoding-2.3.2,tests::percent_decode_collect,consistent,success,success
percent-encoding-2.3.2,tests::percent_decode_cow,consistent,success,success
percent-encoding-2.3.2,tests::percent_decode_invalid_utf8,consistent,success,success
percent-encoding-2.3.2,tests::percent_decode_str,consistent,success,success
percent-encoding-2.3.2,tests::percent_decode_utf8_lossy,consistent,success,success
percent-encoding-2.3.2,tests::percent_decode_utf8_lossy_invalid_utf8,consistent,success,success
percent-encoding-2.3.2,tests::percent_encode_accepts_ascii_set_ref,consistent,success,success
percent-encoding-2.3.2,tests::percent_encode_byte,consistent,success,success
percent-encoding-2.3.2,tests::percent_encode_collect,consistent,success,success
percent-encoding-2.3.2,tests::percent_encode_cow,consistent,success,success
percent-encoding-2.3.2,tests::percent_encode_display,consistent,success,success
percent-encoding-2.3.2,tests::utf8_percent_encode,consistent,success,success
percent-encoding-2.3.2,tests::utf8_percent_encode_accepts_ascii_set_ref,consistent,success,success
simd-adler32-0.3.9,imp::avx2::tests::ones,consistent,success,success
simd-adler32-0.3.9,imp::avx2::tests::wiki,consistent,success,success
simd-adler32-0.3.9,imp::avx2::tests::zeroes,consistent,success,success
simd-adler32-0.3.9,imp::avx512::tests::ones,consistent,success,success
simd-adler32-0.3.9,imp::avx512::tests::random,consistent,success,success
simd-adler32-0.3.9,imp::avx512::tests::wiki,consistent,success,success
simd-adler32-0.3.9,imp::avx512::tests::zeroes,consistent,success,success
simd-adler32-0.3.9,imp::neon::tests::ones,consistent,success,success
simd-adler32-0.3.9,imp::neon::tests::zeroes,consistent,success,success
simd-adler32-0.3.9,imp::scalar::tests::mixed_short,consistent,success,success
simd-adler32-0.3.9,imp::scalar::tests::ones_short,consistent,success,success
simd-adler32-0.3.9,imp::scalar::tests::wiki,consistent,success,success
simd-adler32-0.3.9,imp::scalar::tests::zeroes_short,consistent,success,success
simd-adler32-0.3.9,imp::sse2::tests::ones,consistent,success,success
simd-adler32-0.3.9,imp::sse2::tests::wiki,consistent,success,success
simd-adler32-0.3.9,imp::sse2::tests::zeroes,consistent,success,success
simd-adler32-0.3.9,imp::ssse3::tests::ones,consistent,success,success
simd-adler32-0.3.9,imp::ssse3::tests::wiki,consistent,success,success
simd-adler32-0.3.9,imp::ssse3::tests::zeroes,consistent,success,success
simd-adler32-0.3.9,imp::wasm::tests::ones,consistent,success,success
simd-adler32-0.3.9,imp::wasm::tests::random,consistent,success,success
simd-adler32-0.3.9,imp::wasm::tests::wiki,consistent,success,success
simd-adler32-0.3.9,imp::wasm::tests::zeroes,consistent,success,success
simd-adler32-0.3.9,tests::test_from_checksum,consistent,success,success
simd-adler32-0.3.9,imp::neon::tests::wiki,consistent,success,success
simd-adler32-0.3.9,imp::sse2::tests::random,consistent,success,success
simd-adler32-0.3.9,imp::ssse3::tests::random,consistent,success,success
simd-adler32-0.3.9,imp::avx2::tests::random,consistent,success,success
siphasher-1.0.3,tests128::test_siphash128_1_3,consistent,success,success
siphasher-1.0.3,tests128::test_siphash128_2_4,consistent,success,success
siphasher-1.0.3,tests128::test_siphash128_idempotent,consistent,success,success
siphasher-1.0.3,tests128::test_siphash128_incremental,consistent,success,success
siphasher-1.0.3,tests128::test_siphash128_simple,consistent,success,success
siphasher-1.0.3,tests::test_hash_idempotent,consistent,success,success
siphasher-1.0.3,tests::test_hash_incremental,consistent,success,success
siphasher-1.0.3,tests::test_hash_no_bytes_dropped_32,consistent,success,success
siphasher-1.0.3,tests::test_hash_no_bytes_dropped_64,consistent,success,success
siphasher-1.0.3,tests::test_hash_no_concat_alias,consistent,success,success
siphasher-1.0.3,tests::test_hash_simple,consistent,success,success
siphasher-1.0.3,tests::test_siphash_1_3,consistent,success,success
siphasher-1.0.3,tests::test_siphash_2_4,consistent,success,success
slab-0.4.12,clear,consistent,success,success
slab-0.4.12,clone_from,consistent,success,success
slab-0.4.12,compact_doesnt_move_if_closure_errors,consistent,success,success
slab-0.4.12,compact_empty,consistent,success,success
slab-0.4.12,compact_handles_closure_panic,consistent,success,success
slab-0.4.12,compact_moves_successfully,consistent,success,success
slab-0.4.12,compact_no_moves_needed,consistent,success,success
slab-0.4.12,const_new,consistent,success,success
slab-0.4.12,double_remove_panics,consistent,success,success
slab-0.4.12,drain_rev,consistent,success,success
slab-0.4.12,from_iterator_issue_100,consistent,success,success
slab-0.4.12,from_iterator_new_in_order,consistent,success,success
slab-0.4.12,from_iterator_sorted,consistent,success,success
slab-0.4.12,from_iterator_unordered,consistent,success,success
slab-0.4.12,fully_consumed_drain,consistent,success,success
slab-0.4.12,get_disjoint_mut,consistent,success,success
slab-0.4.12,get_disjoint_mut_out_of_bounds_index_error,consistent,success,success
slab-0.4.12,get_vacant_entry_without_using,consistent,success,success
slab-0.4.12,insert_get_many,consistent,success,success
slab-0.4.12,insert_get_remove_many,consistent,success,success
slab-0.4.12,insert_get_remove_one,consistent,success,success
slab-0.4.12,insert_with_vacant_entry,consistent,success,success
slab-0.4.12,into_iter,consistent,success,success
slab-0.4.12,into_iter_rev,consistent,success,success
slab-0.4.12,invalid_get_mut_panics,consistent,success,success
slab-0.4.12,invalid_get_panics,consistent,success,success
slab-0.4.12,invalid_remove_panics,consistent,success,success
slab-0.4.12,iter,consistent,success,success
slab-0.4.12,iter_mut,consistent,success,success
slab-0.4.12,iter_mut_rev,consistent,success,success
slab-0.4.12,iter_rev,consistent,success,success
slab-0.4.12,key_of_layout_optimizable,consistent,success,success
slab-0.4.12,key_of_tagged,consistent,success,success
slab-0.4.12,key_of_zst,consistent,success,success
slab-0.4.12,partially_consumed_drain,consistent,success,success
slab-0.4.12,reserve_does_not_allocate_if_available,consistent,success,success
slab-0.4.12,reserve_does_panic_with_capacity_overflow,consistent,success,success
slab-0.4.12,reserve_does_panic_with_capacity_overflow_bytes,consistent,success,success
slab-0.4.12,reserve_exact_does_not_allocate_if_available,consistent,success,success
slab-0.4.12,reserve_exact_does_panic_with_capacity_overflow,consistent,success,success
slab-0.4.12,retain,consistent,success,success
slab-0.4.12,shrink_to_fit_doesnt_move,consistent,success,success
slab-0.4.12,shrink_to_fit_doesnt_recreate_list_when_nothing_can_be_done,consistent,success,success
slab-0.4.12,shrink_to_fit_empty,consistent,success,success
slab-0.4.12,shrink_to_fit_no_vacant,consistent,success,success
slab-0.4.12,slab_get_mut,consistent,success,success
slab-0.4.12,try_remove,consistent,success,success
smallvec-1.15.1,smallvec,consistent,success,success
smallvec-1.15.1,tests::drain,consistent,success,success
smallvec-1.15.1,tests::drain_forget,consistent,success,success
smallvec-1.15.1,tests::drain_overflow,consistent,success,success
smallvec-1.15.1,tests::drain_rev,consistent,success,success
smallvec-1.15.1,tests::empty_macro,consistent,success,success
smallvec-1.15.1,tests::grow_spilled_same_size,consistent,success,success
smallvec-1.15.1,tests::grow_to_shrink,consistent,success,success
smallvec-1.15.1,tests::insert_many_panic::panic_early_at_end,consistent,success,success
smallvec-1.15.1,tests::insert_many_panic::panic_early_at_start,consistent,success,success
smallvec-1.15.1,tests::insert_many_panic::panic_early_in_middle,consistent,success,success
smallvec-1.15.1,tests::insert_many_panic::panic_late_at_end,consistent,success,success
smallvec-1.15.1,tests::insert_many_panic::panic_late_at_start,consistent,success,success
smallvec-1.15.1,tests::into_iter,consistent,success,success
smallvec-1.15.1,tests::into_iter_drop,consistent,success,success
smallvec-1.15.1,tests::into_iter_rev,consistent,success,success
smallvec-1.15.1,tests::issue_4,consistent,success,success
smallvec-1.15.1,tests::issue_5,consistent,success,success
smallvec-1.15.1,tests::max_dont_panic,consistent,success,success
smallvec-1.15.1,tests::max_remove,consistent,success,success
smallvec-1.15.1,tests::max_swap_remove,consistent,success,success
smallvec-1.15.1,tests::resumable_extend,consistent,success,success
smallvec-1.15.1,tests::shrink_to_fit_unspill,consistent,success,success
smallvec-1.15.1,tests::test_as_mut,consistent,success,success
smallvec-1.15.1,tests::test_as_ref,consistent,success,success
smallvec-1.15.1,tests::test_borrow,consistent,success,success
smallvec-1.15.1,tests::test_borrow_mut,consistent,success,success
smallvec-1.15.1,tests::test_capacity,consistent,success,success
smallvec-1.15.1,tests::test_clone_from,consistent,success,success
smallvec-1.15.1,tests::test_dedup,consistent,success,success
smallvec-1.15.1,tests::test_double_spill,consistent,success,success
smallvec-1.15.1,tests::test_drop_panic_smallvec,consistent,success,success
smallvec-1.15.1,tests::test_eq,consistent,success,success
smallvec-1.15.1,tests::test_exact_size_iterator,consistent,success,success
smallvec-1.15.1,tests::test_extend_from_slice,consistent,success,success
smallvec-1.15.1,tests::test_from,consistent,success,success
smallvec-1.15.1,tests::test_from_slice,consistent,success,success
smallvec-1.15.1,tests::test_from_vec,consistent,success,success
smallvec-1.15.1,tests::test_hash,consistent,success,success
smallvec-1.15.1,tests::test_inline,consistent,success,success
smallvec-1.15.1,tests::test_insert_from_slice,consistent,success,success
smallvec-1.15.1,tests::test_insert_many,consistent,success,success
smallvec-1.15.1,tests::test_insert_many_long_hint,consistent,success,success
smallvec-1.15.1,tests::test_insert_many_overflow,consistent,success,success
smallvec-1.15.1,tests::test_insert_many_short_hint,consistent,success,success
smallvec-1.15.1,tests::test_insert_out_of_bounds,consistent,success,success
smallvec-1.15.1,tests::test_into_inner,consistent,success,success
smallvec-1.15.1,tests::test_into_iter_as_slice,consistent,success,success
smallvec-1.15.1,tests::test_into_iter_clone,consistent,success,success
smallvec-1.15.1,tests::test_into_iter_clone_empty_smallvec,consistent,success,success
smallvec-1.15.1,tests::test_into_iter_clone_partially_consumed_iterator,consistent,success,success
smallvec-1.15.1,tests::test_into_vec,consistent,success,success
smallvec-1.15.1,tests::test_invalid_grow,consistent,success,success
smallvec-1.15.1,tests::test_ord,consistent,success,success
smallvec-1.15.1,tests::test_resize,consistent,success,success
smallvec-1.15.1,tests::test_retain,consistent,success,success
smallvec-1.15.1,tests::test_size,consistent,success,success
smallvec-1.15.1,tests::test_spill,consistent,success,success
smallvec-1.15.1,tests::test_truncate,consistent,success,success
smallvec-1.15.1,tests::test_with_capacity,consistent,success,success
smallvec-1.15.1,tests::test_zero,consistent,success,success
smallvec-1.15.1,tests::uninhabited,consistent,success,success
smallvec-1.15.1,tests::zero_size_items,consistent,success,success
socket2-0.6.4,sockaddr::tests::ipv4,consistent,success,success
socket2-0.6.4,sockaddr::tests::ipv4_eq,consistent,success,success
socket2-0.6.4,sockaddr::tests::ipv4_hash,consistent,success,success
socket2-0.6.4,sockaddr::tests::ipv4_ipv6_eq,consistent,success,success
socket2-0.6.4,sockaddr::tests::ipv4_ipv6_hash,consistent,success,success
socket2-0.6.4,sockaddr::tests::ipv6,consistent,success,success
socket2-0.6.4,sockaddr::tests::ipv6_eq,consistent,success,success
socket2-0.6.4,sockaddr::tests::ipv6_hash,consistent,success,success
socket2-0.6.4,sys::in6_addr_convertion,consistent,success,success
socket2-0.6.4,sys::in_addr_convertion,consistent,success,success
spin-0.12.0,barrier::tests::test_barrier,consistent,success,success
spin-0.12.0,mutex::spin::tests::lots_and_lots,consistent,success,success
spin-0.12.0,mutex::spin::tests::smoke,consistent,success,success
spin-0.12.0,mutex::spin::tests::test_into_inner,consistent,success,success
spin-0.12.0,mutex::spin::tests::test_into_inner_drop,consistent,success,success
spin-0.12.0,mutex::spin::tests::test_mutex_arc_access_in_unwind,consistent,success,success
spin-0.12.0,mutex::spin::tests::test_mutex_arc_nested,consistent,success,success
spin-0.12.0,mutex::spin::tests::test_mutex_force_lock,consistent,success,success
spin-0.12.0,mutex::spin::tests::test_mutex_unsized,consistent,success,success
spin-0.12.0,mutex::spin::tests::try_lock,consistent,success,success
spin-0.12.0,once::tests::call_once_test,consistent,success,success
spin-0.12.0,once::tests::drop_occurs_and_skip_uninit_drop,consistent,success,success
spin-0.12.0,once::tests::get,consistent,success,success
spin-0.12.0,once::tests::get_no_wait,consistent,success,success
spin-0.12.0,once::tests::init_constant,consistent,success,success
spin-0.12.0,once::tests::init_from_ref_basic,consistent,success,success
spin-0.12.0,once::tests::panic,consistent,success,success
spin-0.12.0,once::tests::poll,consistent,success,success
spin-0.12.0,once::tests::smoke_once,consistent,success,success
spin-0.12.0,once::tests::smoke_once_value,consistent,success,success
spin-0.12.0,once::tests::stampede_once,consistent,success,success
spin-0.12.0,once::tests::try_call_once_err,consistent,success,success
spin-0.12.0,once::tests::wait,consistent,success,success
spin-0.12.0,rwlock::tests::smoke,consistent,success,success
spin-0.12.0,rwlock::tests::test_force_read_decrement,consistent,success,success
spin-0.12.0,rwlock::tests::test_force_write_unlock,consistent,success,success
spin-0.12.0,rwlock::tests::test_into_inner,consistent,success,success
spin-0.12.0,rwlock::tests::test_into_inner_drop,consistent,success,success
spin-0.12.0,rwlock::tests::test_rw_access_in_unwind,consistent,success,success
spin-0.12.0,rwlock::tests::test_rw_arc,consistent,success,success
spin-0.12.0,rwlock::tests::test_rw_try_read,consistent,success,success
spin-0.12.0,rwlock::tests::test_rwlock_try_write,consistent,success,success
spin-0.12.0,rwlock::tests::test_rwlock_unsized,consistent,success,success
spin-0.12.0,rwlock::tests::test_upgrade_downgrade,consistent,success,success
subtle-2.6.1,black_box_round_trip,consistent,success,success
subtle-2.6.1,choice_equal,consistent,success,success
subtle-2.6.1,choice_into_bool,consistent,success,success
subtle-2.6.1,conditional_assign_i32,consistent,success,success
subtle-2.6.1,conditional_assign_i64,consistent,success,success
subtle-2.6.1,conditional_select_choice,consistent,success,success
subtle-2.6.1,custom_conditional_select_i16,consistent,success,success
subtle-2.6.1,greater_than_ordering,consistent,success,success
subtle-2.6.1,greater_than_u128,consistent,success,success
subtle-2.6.1,greater_than_u16,consistent,success,success
subtle-2.6.1,greater_than_u32,consistent,success,success
subtle-2.6.1,greater_than_u64,consistent,success,success
subtle-2.6.1,greater_than_u8,consistent,success,success
subtle-2.6.1,integer_conditional_select,consistent,success,success
subtle-2.6.1,integer_equal,consistent,success,success
subtle-2.6.1,less_than_ordering,consistent,success,success
subtle-2.6.1,less_than_twos_compliment_minmax,consistent,success,success
subtle-2.6.1,less_than_u128,consistent,success,success
subtle-2.6.1,less_than_u16,consistent,success,success
subtle-2.6.1,less_than_u32,consistent,success,success
subtle-2.6.1,less_than_u64,consistent,success,success
subtle-2.6.1,less_than_u8,consistent,success,success
subtle-2.6.1,ordering_conditional_select,consistent,success,success
subtle-2.6.1,ordering_equal,consistent,success,success
subtle-2.6.1,slices_equal,consistent,success,success
subtle-2.6.1,slices_equal_different_lengths,consistent,success,success
subtle-2.6.1,test_ctoption,consistent,success,success
subtle-2.6.1,unwrap_none_ctoption,consistent,success,success
tempfile-3.27.0,dont_double_panic,consistent,success,success
tempfile-3.27.0,pass_as_asref_path,consistent,success,success
tempfile-3.27.0,temp_path_from_argument_types,consistent,success,success
tempfile-3.27.0,temp_path_from_existing,consistent,success,success
tempfile-3.27.0,test_append,consistent,success,success
tempfile-3.27.0,test_automatic_rollover,consistent,success,success
tempfile-3.27.0,test_basic,consistent,success,success
tempfile-3.27.0,test_change_dir,consistent,success,success
tempfile-3.27.0,test_change_dir_make,consistent,success,success
tempfile-3.27.0,test_cleanup,consistent,success,success
tempfile-3.27.0,test_custom_dir,consistent,success,success
tempfile-3.27.0,test_customnamed,consistent,success,success
tempfile-3.27.0,test_deleted,consistent,success,success
tempfile-3.27.0,test_disable_cleanup,consistent,success,success
tempfile-3.27.0,test_explicit_rollover,consistent,success,success
tempfile-3.27.0,test_from_parts,consistent,success,success
tempfile-3.27.0,test_immut,consistent,success,success
tempfile-3.27.0,test_into_file,consistent,success,success
tempfile-3.27.0,test_into_parts,consistent,success,success
tempfile-3.27.0,test_keep,consistent,success,success
tempfile-3.27.0,test_make,consistent,success,success
tempfile-3.27.0,test_make_fnmut,consistent,success,success
tempfile-3.27.0,test_make_in,consistent,success,success
tempfile-3.27.0,test_make_uds,consistent,success,success
tempfile-3.27.0,test_overly_generic_bounds,consistent,success,success
tempfile-3.27.0,test_override_temp_dir,consistent,success,success
tempfile-3.27.0,test_overwrite_and_extend_buffer,consistent,success,success
tempfile-3.27.0,test_overwrite_and_extend_rollover,consistent,success,success
tempfile-3.27.0,test_overwrite_middle_of_buffer,consistent,success,success
tempfile-3.27.0,test_overwrite_middle_of_file,consistent,success,success
tempfile-3.27.0,test_pathological_cleaner,consistent,success,success
tempfile-3.27.0,test_persist,consistent,success,success
tempfile-3.27.0,test_persist_noclobber,consistent,success,success
tempfile-3.27.0,test_prefix,consistent,success,success
tempfile-3.27.0,test_reopen,consistent,success,success
tempfile-3.27.0,test_reseed,consistent,success,success
tempfile-3.27.0,test_rm_tempdir_threading,consistent,success,success
tempfile-3.27.0,test_seek_buffer,consistent,success,success
tempfile-3.27.0,test_seek_file,consistent,success,success
tempfile-3.27.0,test_seek_read_buffer,consistent,success,success
tempfile-3.27.0,test_seek_read_file,consistent,success,success
tempfile-3.27.0,test_set_len_buffer,consistent,success,success
tempfile-3.27.0,test_set_len_file,consistent,success,success
tempfile-3.27.0,test_set_len_rollover,consistent,success,success
tempfile-3.27.0,test_sparse_buffer,consistent,success,success
tempfile-3.27.0,test_sparse_file,consistent,success,success
tempfile-3.27.0,test_sparse_write_rollover,consistent,success,success
tempfile-3.27.0,test_suffix,consistent,success,success
tempfile-3.27.0,test_temp_path_resolve_existing_cwd,consistent,success,success
tempfile-3.27.0,test_temp_path_resolve_missing_cwd,consistent,success,success
tempfile-3.27.0,test_tempdir,consistent,success,success
tempfile-3.27.0,test_tempdir_keep,consistent,success,success
tempfile-3.27.0,test_temppath,consistent,success,success
tempfile-3.27.0,test_temppath_persist,consistent,success,success
tempfile-3.27.0,test_temppath_persist_noclobber,consistent,success,success
tempfile-3.27.0,test_tmpdir_close,consistent,success,success
tempfile-3.27.0,test_write_after_close,consistent,success,success
tempfile-3.27.0,test_write_overflow,consistent,success,success
tempfile-3.27.0,test_make_uds_conflict,consistent,success,success
thread_local-1.1.9,tests::different_thread,consistent,success,success
thread_local-1.1.9,tests::is_sync,consistent,success,success
thread_local-1.1.9,tests::iter,consistent,success,success
thread_local-1.1.9,tests::miri_iter_soundness_check,consistent,success,success
thread_local-1.1.9,tests::same_thread,consistent,success,success
thread_local-1.1.9,tests::test_drop,consistent,success,success
thread_local-1.1.9,tests::test_earlyreturn_buckets,consistent,success,success
thread_local-1.1.9,thread_id::test_thread,consistent,success,success
tinystr-0.8.3,ascii::test::from_utf16_lossy_rejects_non_ascii_replacement,consistent,success,success
tinystr-0.8.3,ascii::test::from_utf8_lossy_rejects_non_ascii_replacement,consistent,success,success
tinystr-0.8.3,ascii::test::from_utf8_lossy_rejects_null_replacement,consistent,success,success
tinystr-0.8.3,ascii::test::lossy_constructor,consistent,success,success
tinystr-0.8.3,ascii::test::test_is_ascii_alphabetic,consistent,success,success
tinystr-0.8.3,ascii::test::test_is_ascii_alphabetic_lowercase,consistent,success,success
tinystr-0.8.3,ascii::test::test_is_ascii_alphabetic_titlecase,consistent,success,success
tinystr-0.8.3,ascii::test::test_is_ascii_alphabetic_uppercase,consistent,success,success
tinystr-0.8.3,ascii::test::test_is_ascii_alphanumeric,consistent,success,success
tinystr-0.8.3,ascii::test::test_is_ascii_lowercase,consistent,success,success
tinystr-0.8.3,ascii::test::test_is_ascii_numeric,consistent,success,success
tinystr-0.8.3,ascii::test::test_is_ascii_titlecase,consistent,success,success
tinystr-0.8.3,ascii::test::test_is_ascii_uppercase,consistent,success,success
tinystr-0.8.3,ascii::test::test_to_ascii_lowercase,consistent,success,success
tinystr-0.8.3,ascii::test::test_to_ascii_titlecase,consistent,success,success
tinystr-0.8.3,ascii::test::test_to_ascii_uppercase,consistent,success,success
tinystr-0.8.3,macros::tests::test_macro_construction,consistent,success,success
tinystr-0.8.3,test_size,consistent,success,success
tokio-stream-0.1.18,basic_usage,consistent,success,success
tokio-stream-0.1.18,clear,consistent,success,success
tokio-stream-0.1.18,collect_results_err,consistent,success,success
tokio-stream-0.1.18,collect_results_ok,consistent,success,success
tokio-stream-0.1.18,collect_str_items,consistent,success,success
tokio-stream-0.1.18,collect_string_items,consistent,success,success
tokio-stream-0.1.18,collect_vec_items,consistent,success,success
tokio-stream-0.1.18,contains_key_borrow,consistent,success,success
tokio-stream-0.1.18,coop,consistent,success,success
tokio-stream-0.1.18,empty,consistent,success,success
tokio-stream-0.1.18,empty_box_slice,consistent,success,success
tokio-stream-0.1.18,empty_result,consistent,success,success
tokio-stream-0.1.18,empty_string,consistent,success,success
tokio-stream-0.1.18,empty_unit,consistent,success,success
tokio-stream-0.1.18,empty_vec,consistent,success,success
tokio-stream-0.1.18,insert_remove,consistent,success,success
tokio-stream-0.1.18,iter_keys,consistent,success,success
tokio-stream-0.1.18,iter_values,consistent,success,success
tokio-stream-0.1.18,iter_values_mut,consistent,success,success
tokio-stream-0.1.18,merge_async_streams,consistent,success,success
tokio-stream-0.1.18,merge_sync_streams,consistent,success,success
tokio-stream-0.1.18,multiple_entries,consistent,success,success
tokio-stream-0.1.18,new_capacity_zero,consistent,success,success
tokio-stream-0.1.18,next_many_correctly_loops_around,consistent,success,success
tokio-stream-0.1.18,next_many_empty,consistent,success,success
tokio-stream-0.1.18,next_many_enough,consistent,success,success
tokio-stream-0.1.18,next_many_not_enough,consistent,success,success
tokio-stream-0.1.18,next_many_pending,consistent,success,success
tokio-stream-0.1.18,next_many_zero,consistent,success,success
tokio-stream-0.1.18,one_ready_many_none,consistent,success,success
tokio-stream-0.1.18,poll_next_many_correctly_loops_around,consistent,success,success
tokio-stream-0.1.18,poll_next_many_empty,consistent,success,success
tokio-stream-0.1.18,poll_next_many_enough,consistent,success,success
tokio-stream-0.1.18,poll_next_many_not_enough,consistent,success,success
tokio-stream-0.1.18,poll_next_many_pending,consistent,success,success
tokio-stream-0.1.18,poll_next_many_zero,consistent,success,success
tokio-stream-0.1.18,replace,consistent,success,success
tokio-stream-0.1.18,single_entry,consistent,success,success
tokio-stream-0.1.18,size_hint_sender_dropped,consistent,success,success
tokio-stream-0.1.18,size_hint_stream_closed,consistent,success,success
tokio-stream-0.1.18,size_hint_stream_closed_permits_drop,consistent,success,success
tokio-stream-0.1.18,size_hint_stream_closed_permits_send,consistent,success,success
tokio-stream-0.1.18,size_hint_stream_instantly_closed,consistent,success,success
tokio-stream-0.1.18,size_hint_stream_open,consistent,success,success
tokio-stream-0.1.18,size_hint_with_upper,consistent,success,success
tokio-stream-0.1.18,size_hint_without_upper,consistent,success,success
tokio-stream-0.1.18,size_overflow,consistent,success,success
tokio-stream-0.1.18,stream_chunks_remainder,consistent,success,success
tokio-stream-0.1.18,stream_chunks_timeout_panic_caller,consistent,success,success
tokio-stream-0.1.18,with_capacity,consistent,success,success
tower-http-0.6.11,classify::grpc_errors_as_failures::tests::basic_error,consistent,success,success
tower-http-0.6.11,classify::grpc_errors_as_failures::tests::basic_ok,consistent,success,success
tower-http-0.6.11,classify::grpc_errors_as_failures::tests::grpc_code_from_i32_known_codes,consistent,success,success
tower-http-0.6.11,classify::grpc_errors_as_failures::tests::grpc_code_from_i32_unknown_codes,consistent,success,success
tower-http-0.6.11,classify::grpc_errors_as_failures::tests::grpc_code_from_non_zero_i32,consistent,success,success
tower-http-0.6.11,classify::grpc_errors_as_failures::tests::two_success_codes_first_matches,consistent,success,success
tower-http-0.6.11,classify::grpc_errors_as_failures::tests::two_success_codes_none_matches,consistent,success,success
tower-http-0.6.11,classify::grpc_errors_as_failures::tests::two_success_codes_second_matches,consistent,success,success
tower-http-0.6.11,classify::status_in_range_is_error::tests::basic,consistent,success,success
tracing-core-0.1.36,dispatcher::test::default_dispatch,consistent,success,success
tracing-core-0.1.36,dispatcher::test::default_no_subscriber,consistent,success,success
tracing-core-0.1.36,dispatcher::test::dispatch_downcasts,consistent,success,success
tracing-core-0.1.36,dispatcher::test::dispatch_is,consistent,success,success
tracing-core-0.1.36,dispatcher::test::events_dont_infinite_loop,consistent,success,success
tracing-core-0.1.36,dispatcher::test::spans_dont_infinite_loop,consistent,success,success
tracing-core-0.1.36,event_before_register,consistent,success,success
tracing-core-0.1.36,field::test::empty_fields_are_skipped,consistent,success,success
tracing-core-0.1.36,field::test::empty_value_set_is_empty,consistent,success,success
tracing-core-0.1.36,field::test::fields_from_other_callsets_are_skipped,consistent,success,success
tracing-core-0.1.36,field::test::index_of_field_in_fieldset_is_correct,consistent,success,success
tracing-core-0.1.36,field::test::record_bytes,consistent,success,success
tracing-core-0.1.36,field::test::record_debug_fn,consistent,success,success
tracing-core-0.1.36,field::test::record_error,consistent,success,success
tracing-core-0.1.36,field::test::sparse_value_sets_are_not_empty,consistent,success,success
tracing-core-0.1.36,field::test::value_set_with_no_values_is_empty,consistent,success,success
tracing-core-0.1.36,field::test::value_sets_with_fields_from_other_callsites_are_empty,consistent,success,success
tracing-core-0.1.36,global_dispatch,consistent,success,success
tracing-core-0.1.36,local_dispatch_before_init,consistent,success,success
tracing-core-0.1.36,metadata::tests::filter_level_conversion,consistent,success,success
tracing-core-0.1.36,metadata::tests::level_filter_is_usize_sized,consistent,success,success
tracing-core-0.1.36,metadata::tests::level_filter_reprs,consistent,test_failed,test_failed
tracing-core-0.1.36,metadata::tests::level_from_str,consistent,success,success
tracing-core-0.1.36,metadata_macro_api,consistent,success,success
tracing-core-0.1.36,nested_set_default,consistent,success,success
tracing-core-0.1.36,set_default_dispatch,consistent,success,success
tracing-log-0.2.0,can_initialize_log_tracer_with_level,consistent,success,success
tracing-log-0.2.0,normalized_metadata,consistent,success,success
tracing-log-0.2.0,test::debug_callsite_is_correct,consistent,success,success
tracing-log-0.2.0,test::error_callsite_is_correct,consistent,success,success
tracing-log-0.2.0,test::info_callsite_is_correct,consistent,success,success
tracing-log-0.2.0,test::trace_callsite_is_correct,consistent,success,success
tracing-log-0.2.0,test::warn_callsite_is_correct,consistent,success,success
tungstenite-0.29.0,buffer::tests::reading_in_chunks,consistent,success,success
tungstenite-0.29.0,buffer::tests::simple_reading,consistent,success,success
tungstenite-0.29.0,error::test::error_size,consistent,success,success
tungstenite-0.29.0,error::test::protocol_error_size,consistent,success,success
tungstenite-0.29.0,error::test::tls_error_size,consistent,success,success
tungstenite-0.29.0,handshake::client::tests::invalid_custom_request,consistent,success,success
tungstenite-0.29.0,handshake::client::tests::random_keys,consistent,success,success
tungstenite-0.29.0,handshake::client::tests::request_formatting,consistent,success,success
tungstenite-0.29.0,handshake::client::tests::request_formatting_with_at,consistent,success,success
tungstenite-0.29.0,handshake::client::tests::request_formatting_with_host,consistent,success,success
tungstenite-0.29.0,handshake::client::tests::request_with_latin1_header,consistent,success,success
tungstenite-0.29.0,handshake::client::tests::request_with_non_ascii_header,consistent,success,success
tungstenite-0.29.0,handshake::client::tests::response_parsing,consistent,success,success
tungstenite-0.29.0,handshake::headers::tests::headers,consistent,success,success
tungstenite-0.29.0,handshake::headers::tests::headers_incomplete,consistent,success,success
tungstenite-0.29.0,handshake::headers::tests::headers_iter,consistent,success,success
tungstenite-0.29.0,handshake::server::tests::request_parsing,consistent,success,success
tungstenite-0.29.0,handshake::server::tests::request_replying,consistent,success,success
tungstenite-0.29.0,handshake::tests::key_conversion,consistent,success,success
tungstenite-0.29.0,protocol::frame::coding::tests::closecode_from_u16,consistent,success,success
tungstenite-0.29.0,protocol::frame::coding::tests::closecode_into_u16,consistent,success,success
tungstenite-0.29.0,protocol::frame::coding::tests::opcode_from_u8,consistent,success,success
tungstenite-0.29.0,protocol::frame::coding::tests::opcode_into_u8,consistent,success,success
tungstenite-0.29.0,protocol::frame::frame::tests::display,consistent,success,success
tungstenite-0.29.0,protocol::frame::frame::tests::format,consistent,success,success
tungstenite-0.29.0,protocol::frame::frame::tests::format_into_buf,consistent,success,success
tungstenite-0.29.0,protocol::frame::frame::tests::parse,consistent,success,success
tungstenite-0.29.0,protocol::frame::mask::tests::test_apply_mask,consistent,success,success
tungstenite-0.29.0,protocol::frame::tests::from_partially_read,consistent,success,success
tungstenite-0.29.0,protocol::frame::tests::parse_overflow,consistent,success,success
tungstenite-0.29.0,protocol::frame::tests::read_frames,consistent,success,success
tungstenite-0.29.0,protocol::frame::tests::size_limit_hit,consistent,success,success
tungstenite-0.29.0,protocol::frame::tests::write_frames,consistent,success,success
tungstenite-0.29.0,protocol::frame::utf8::tests::hash_consistency,consistent,success,success
tungstenite-0.29.0,protocol::message::tests::binary_convert,consistent,success,success
tungstenite-0.29.0,protocol::message::tests::binary_convert_bytes,consistent,success,success
tungstenite-0.29.0,protocol::message::tests::binary_convert_into_bytes,consistent,success,success
tungstenite-0.29.0,protocol::message::tests::binary_convert_vec,consistent,success,success
tungstenite-0.29.0,protocol::message::tests::display,consistent,success,success
tungstenite-0.29.0,protocol::message::tests::text_convert,consistent,success,success
tungstenite-0.29.0,protocol::tests::receive_messages,consistent,success,success
tungstenite-0.29.0,protocol::tests::size_limiting_binary,consistent,success,success
tungstenite-0.29.0,protocol::tests::size_limiting_text_fragmented,consistent,success,success
twox-hash-2.1.2,xxhash32::random_impl::test::can_be_used_in_a_hashmap_with_a_random_seed,consistent,success,success
twox-hash-2.1.2,xxhash32::test::can_be_used_in_a_hashmap_with_a_default_seed,consistent,success,success
twox-hash-2.1.2,xxhash32::test::hash_of_multiple_bytes_matches_c_implementation,consistent,success,success
twox-hash-2.1.2,xxhash32::test::hash_of_multiple_chunks_matches_c_implementation,consistent,success,success
twox-hash-2.1.2,xxhash32::test::hash_of_nothing_matches_c_implementation,consistent,success,success
twox-hash-2.1.2,xxhash32::test::hash_of_single_byte_matches_c_implementation,consistent,success,success
twox-hash-2.1.2,xxhash32::test::hash_with_different_seed_and_multiple_chunks_matches_c_implementation,consistent,success,success
twox-hash-2.1.2,xxhash32::test::hash_with_different_seed_matches_c_implementation,consistent,success,success
twox-hash-2.1.2,xxhash32::test::ingesting_byte_by_byte_is_equivalent_to_large_chunks,consistent,success,success
twox-hash-2.1.2,xxhash3::streaming::test::secret_buffer_allocate_default_is_valid,consistent,success,success
twox-hash-2.1.2,xxhash3::streaming::test::secret_buffer_allocate_with_seed_is_valid,consistent,success,success
twox-hash-2.1.2,xxhash3::streaming::test::secret_buffer_default_is_valid,consistent,success,success
twox-hash-2.1.2,xxhash3::test::backported_as_chunks,consistent,success,success
twox-hash-2.1.2,xxhash3::test::backported_as_rchunks,consistent,success,success
twox-hash-2.1.2,xxhash3::test::default_secret_is_valid,consistent,success,success
twox-hash-2.1.2,xxhash3_128::test::oneshot_129_to_240_bytes,consistent,success,success
twox-hash-2.1.2,xxhash3_128::test::oneshot_17_to_128_bytes,consistent,success,success
twox-hash-2.1.2,xxhash3_128::test::oneshot_1_to_3_bytes,consistent,success,success
twox-hash-2.1.2,xxhash3_128::test::oneshot_241_plus_bytes,consistent,success,success
twox-hash-2.1.2,xxhash3_128::test::oneshot_4_to_8_bytes,consistent,success,success
twox-hash-2.1.2,xxhash3_128::test::oneshot_9_to_16_bytes,consistent,success,success
twox-hash-2.1.2,xxhash3_128::test::oneshot_empty,consistent,success,success
twox-hash-2.1.2,xxhash3_128::test::streaming_129_to_240_bytes,consistent,success,success
twox-hash-2.1.2,xxhash3_128::test::streaming_17_to_128_bytes,consistent,success,success
twox-hash-2.1.2,xxhash3_128::test::streaming_1_to_3_bytes,consistent,success,success
twox-hash-2.1.2,xxhash3_128::test::streaming_4_to_8_bytes,consistent,success,success
twox-hash-2.1.2,xxhash3_128::test::streaming_9_to_16_bytes,consistent,success,success
twox-hash-2.1.2,xxhash3_128::test::streaming_empty,consistent,success,success
twox-hash-2.1.2,xxhash3_64::test::oneshot_17_to_128_bytes,consistent,success,success
twox-hash-2.1.2,xxhash3_64::test::oneshot_1_to_3_bytes,consistent,success,success
twox-hash-2.1.2,xxhash3_64::test::oneshot_241_plus_bytes,consistent,success,success
twox-hash-2.1.2,xxhash3_64::test::oneshot_4_to_8_bytes,consistent,success,success
twox-hash-2.1.2,xxhash3_64::test::oneshot_9_to_16_bytes,consistent,success,success
twox-hash-2.1.2,xxhash3_64::test::oneshot_empty,consistent,success,success
twox-hash-2.1.2,xxhash3_64::test::oneshot_with_seed,consistent,success,success
twox-hash-2.1.2,xxhash3_64::test::streaming_129_to_240_bytes,consistent,success,success
twox-hash-2.1.2,xxhash3_64::test::streaming_17_to_128_bytes,consistent,success,success
twox-hash-2.1.2,xxhash3_64::test::streaming_1_to_3_bytes,consistent,success,success
twox-hash-2.1.2,xxhash3_64::test::streaming_9_to_16_bytes,consistent,success,success
twox-hash-2.1.2,xxhash3_64::test::streaming_empty,consistent,success,success
twox-hash-2.1.2,xxhash64::random_impl::test::can_be_used_in_a_hashmap_with_a_random_seed,consistent,success,success
twox-hash-2.1.2,xxhash64::test::can_be_used_in_a_hashmap_with_a_default_seed,consistent,success,success
twox-hash-2.1.2,xxhash64::test::hash_of_multiple_bytes_matches_c_implementation,consistent,success,success
twox-hash-2.1.2,xxhash64::test::hash_of_multiple_chunks_matches_c_implementation,consistent,success,success
twox-hash-2.1.2,xxhash64::test::hash_of_nothing_matches_c_implementation,consistent,success,success
twox-hash-2.1.2,xxhash64::test::hash_of_single_byte_matches_c_implementation,consistent,success,success
twox-hash-2.1.2,xxhash64::test::hash_with_different_seed_and_multiple_chunks_matches_c_implementation,consistent,success,success
twox-hash-2.1.2,xxhash64::test::hash_with_different_seed_matches_c_implementation,consistent,success,success
twox-hash-2.1.2,xxhash64::test::ingesting_byte_by_byte_is_equivalent_to_large_chunks,consistent,success,success
twox-hash-2.1.2,xxhash3_64::test::oneshot_129_to_240_bytes,consistent,success,success
twox-hash-2.1.2,xxhash3_64::test::streaming_4_to_8_bytes,consistent,success,success
twox-hash-2.1.2,xxhash32::test::hashes_with_different_offsets_are_the_same,consistent,success,success
twox-hash-2.1.2,xxhash64::test::hashes_with_different_offsets_are_the_same,consistent,success,success
twox-hash-2.1.2,xxhash3_64::test::streaming_with_seed,consistent,success,success
unicode-bidi-0.3.18,char_data::tests::test_ascii,consistent,success,success
unicode-bidi-0.3.18,char_data::tests::test_bmp,consistent,success,success
unicode-bidi-0.3.18,char_data::tests::test_smp,consistent,success,success
unicode-bidi-0.3.18,char_data::tests::test_unassigned_planes,consistent,success,success
unicode-bidi-0.3.18,level::tests::test_has_rtl,consistent,success,success
unicode-bidi-0.3.18,level::tests::test_into,consistent,success,success
unicode-bidi-0.3.18,level::tests::test_is_ltr,consistent,success,success
unicode-bidi-0.3.18,level::tests::test_is_rtl,consistent,success,success
unicode-bidi-0.3.18,level::tests::test_lower,consistent,success,success
unicode-bidi-0.3.18,level::tests::test_new,consistent,success,success
unicode-bidi-0.3.18,level::tests::test_new_explicit,consistent,success,success
unicode-bidi-0.3.18,level::tests::test_raise,consistent,success,success
unicode-bidi-0.3.18,level::tests::test_raise_explicit,consistent,success,success
unicode-bidi-0.3.18,level::tests::test_str_eq,consistent,success,success
unicode-bidi-0.3.18,level::tests::test_string_eq,consistent,success,success
unicode-bidi-0.3.18,level::tests::test_vec,consistent,success,success
unicode-bidi-0.3.18,prepare::tests::test_isolating_run_sequences,consistent,success,success
unicode-bidi-0.3.18,prepare::tests::test_isolating_run_sequences_sos_and_eos,consistent,success,success
unicode-bidi-0.3.18,prepare::tests::test_level_runs,consistent,success,success
unicode-bidi-0.3.18,prepare::tests::test_not_removed_by_x9,consistent,success,success
unicode-bidi-0.3.18,prepare::tests::test_removed_by_x9,consistent,success,success
unicode-bidi-0.3.18,tests::test_bidi_info_has_rtl,consistent,success,success
unicode-bidi-0.3.18,tests::test_direction,consistent,success,success
unicode-bidi-0.3.18,tests::test_edge_cases_direction,consistent,success,success
unicode-bidi-0.3.18,tests::test_get_base_direction,consistent,success,success
unicode-bidi-0.3.18,tests::test_get_base_direction_full,consistent,success,success
unicode-bidi-0.3.18,tests::test_initial_text_info,consistent,success,success
unicode-bidi-0.3.18,tests::test_level_at,consistent,success,success
unicode-bidi-0.3.18,tests::test_paragraph_bidi_info,consistent,success,success
unicode-bidi-0.3.18,tests::test_paragraph_info_len,consistent,success,success
unicode-bidi-0.3.18,tests::test_process_text,consistent,success,success
unicode-bidi-0.3.18,tests::test_reorder_line,consistent,success,success
unicode-bidi-0.3.18,tests::test_reordered_levels,consistent,success,success
unicode-bidi-0.3.18,tests::test_reordered_levels_range,consistent,success,success
unicode-bidi-0.3.18,tests::test_utf16_char_iter,consistent,success,success
unicode-bidi-0.3.18,tests::test_utf16_text_source,consistent,success,success
unicode-normalization-0.1.25,normalize::tests::test_hangul_composition,consistent,success,success
unicode-normalization-0.1.25,quick_check::tests::test_stream_safe_nfc,consistent,success,success
unicode-normalization-0.1.25,quick_check::tests::test_stream_safe_nfd,consistent,success,success
unicode-normalization-0.1.25,stream_safe::tests::test_all_nonstarters,consistent,success,success
unicode-normalization-0.1.25,stream_safe::tests::test_classify_nonstarters,consistent,success,success
unicode-normalization-0.1.25,stream_safe::tests::test_simple,consistent,success,success
unicode-normalization-0.1.25,test::test_is_combining_mark_ascii,consistent,success,success
unicode-normalization-0.1.25,test::test_is_combining_mark_misc,consistent,success,success
unicode-normalization-0.1.25,test::test_nfc,consistent,success,success
unicode-normalization-0.1.25,test::test_nfd,consistent,success,success
unicode-normalization-0.1.25,test::test_nfkc,consistent,success,success
unicode-normalization-0.1.25,test::test_nfkd,consistent,success,success
unicode-normalization-0.1.25,test::test_normalize_char,consistent,success,success
url-2.5.8,issue_61,consistent,success,success
url-2.5.8,host_serialization,consistent,success,success
url-2.5.8,extend_query_pairs_then_mutate,consistent,success,success
url-2.5.8,issue_241,consistent,success,success
url-2.5.8,parse_with_params,consistent,success,success
url-2.5.8,append_trailing_slash,consistent,success,success
url-2.5.8,host,consistent,success,success
url-2.5.8,path_backslash_fun,consistent,success,success
url-2.5.8,test_parse_url_with_single_byte_control_host,consistent,success,success
url-2.5.8,new_directory_paths,consistent,success,success
url-2.5.8,test_query,consistent,success,success
url-2.5.8,test_equality,consistent,success,success
url-2.5.8,test_form_urlencoded,consistent,success,success
url-2.5.8,test_file_with_drive,consistent,success,success
url-2.5.8,test_non_special_path2,consistent,success,success
url-2.5.8,test_origin_blob_equality,consistent,success,success
url-2.5.8,test_serialization,consistent,success,success
url-2.5.8,test_non_special_path3,consistent,success,success
url-2.5.8,slicing::test_count_digits,consistent,success,success
url-2.5.8,test_set_empty_username_and_password,consistent,success,success
url-2.5.8,new_file_paths,consistent,success,success
url-2.5.8,test_authority,consistent,success,success
url-2.5.8,test_make_relative,consistent,success,success
url-2.5.8,test_set_scheme_empty_err,consistent,success,success
url-2.5.8,test_url_from_file_path,consistent,success,success
url-2.5.8,test_socket_addrs,consistent,success,success
url-2.5.8,test_strip_trailing_spaces_from_opaque_path,consistent,success,success
url-2.5.8,test_syntax_violation_callback_types,consistent,success,success
url-2.5.8,test_fragment,consistent,success,success
url-2.5.8,test_set_empty_query,consistent,success,success
url-2.5.8,test_set_ip_host,consistent,success,success
url-2.5.8,test_set_empty_host,consistent,success,success
url-2.5.8,test_leading_dots,consistent,success,success
url-2.5.8,test_origin_hash,consistent,success,success
url-2.5.8,form_urlencoded_encoding_override,consistent,success,success
url-2.5.8,new_path_bad_utf8,consistent,success,success
url-2.5.8,test_syntax_violation_callback,consistent,success,success
url-2.5.8,issue_124,consistent,success,success
url-2.5.8,test_domain,consistent,success,success
url-2.5.8,issue_864,consistent,success,success
url-2.5.8,pop_if_empty_in_bounds,consistent,success,success
url-2.5.8,test_file_with_drive_and_path,consistent,success,success
url-2.5.8,append_empty_segment_then_mutate,consistent,success,success
url-2.5.8,test_set_scheme_to_file_with_host,consistent,success,success
url-2.5.8,test_has_authority,consistent,success,success
url-2.5.8,test_set_host,consistent,success,success
url-2.5.8,test_origin_opaque,consistent,success,success
url-2.5.8,test_no_base_url,consistent,success,success
url-2.5.8,test_null_host_with_leading_empty_path_segment,consistent,success,success
url-2.5.8,test_relative,consistent,success,success
url-2.5.8,test_set_empty_hostname,consistent,success,success
url-2.5.8,issue_974,consistent,success,success
url-2.5.8,issue_197,consistent,success,success
url-2.5.8,size,consistent,success,success
url-2.5.8,no_panic,consistent,success,success
url-2.5.8,test_form_serialize,consistent,success,success
url-2.5.8,test_relative_empty,consistent,success,success
url-2.5.8,test_set_href,consistent,success,success
url-2.5.8,from_str,consistent,success,success
url-2.5.8,test_domain_encoding_quirks,consistent,success,success
url-2.5.8,test_syntax_violation_callback_lifetimes,consistent,success,success
url-2.5.8,test_idna,consistent,success,success
url-2.5.8,test_set_empty_password,consistent,success,success
url-2.5.8,test_options_reuse,consistent,success,success
url-2.5.8,test_origin_unicode_serialization,consistent,success,success
url-2.5.8,test_slicing,consistent,success,success
url-2.5.8,test_non_special_path,consistent,success,success
urlencoding-2.1.3,dec::dec_borrows,consistent,success,success
urlencoding-2.1.3,tests::it_decodes_successfully,consistent,success,success
urlencoding-2.1.3,tests::it_decodes_successfully_emoji,consistent,success,success
urlencoding-2.1.3,tests::it_decodes_unsuccessfully_emoji,consistent,success,success
urlencoding-2.1.3,tests::it_encodes_successfully,consistent,success,success
urlencoding-2.1.3,tests::it_encodes_successfully_emoji,consistent,success,success
urlencoding-2.1.3,tests::lazy_writer,consistent,success,success
urlencoding-2.1.3,tests::misc,consistent,success,success
urlencoding-2.1.3,tests::whatwg_examples,consistent,success,success
utf-8-0.7.6,test_is_utf8,consistent,success,success
utf-8-0.7.6,test_str_from_utf8,consistent,success,success
utf-8-0.7.6,test_string_from_utf8_lossy,consistent,success,success
utf-8-0.7.6,test_incremental_decoder,consistent,success,success
utf-8-0.7.6,test_bufread_decoder,consistent,success,success
utf8_iter-1.0.4,report::tests::test_eq,consistent,success,success
utf8_iter-1.0.4,report::tests::test_size,consistent,success,success
utf8parse-0.2.2,utf8parse_test,consistent,success,success
uuid-1.23.2,fmt::tests::braced_ref_trailing,consistent,success,success
uuid-1.23.2,fmt::tests::braced_to_inner,consistent,success,success
uuid-1.23.2,fmt::tests::braced_too_small,consistent,success,success
uuid-1.23.2,fmt::tests::braced_trailing,consistent,success,success
uuid-1.23.2,fmt::tests::hyphenated_ref_trailing,consistent,success,success
uuid-1.23.2,fmt::tests::hyphenated_to_inner,consistent,success,success
uuid-1.23.2,fmt::tests::hyphenated_too_small,consistent,success,success
uuid-1.23.2,fmt::tests::hyphenated_trailing,consistent,success,success
uuid-1.23.2,fmt::tests::simple_ref_trailing,consistent,success,success
uuid-1.23.2,fmt::tests::simple_to_inner,consistent,success,success
uuid-1.23.2,fmt::tests::simple_too_small,consistent,success,success
uuid-1.23.2,fmt::tests::simple_trailing,consistent,success,success
uuid-1.23.2,fmt::tests::urn_ref_trailing,consistent,success,success
uuid-1.23.2,fmt::tests::urn_to_inner,consistent,success,success
uuid-1.23.2,fmt::tests::urn_too_small,consistent,success,success
uuid-1.23.2,fmt::tests::urn_trailing,consistent,success,success
uuid-1.23.2,non_nil::tests::test_non_nil,consistent,success,success
uuid-1.23.2,non_nil::tests::test_non_nil_formatting,consistent,success,success
uuid-1.23.2,non_nil::tests::test_non_nil_ord,consistent,success,success
uuid-1.23.2,non_nil::tests::test_non_nil_with_option_size,consistent,success,success
uuid-1.23.2,parser::tests::test_parse_invalid,consistent,success,success
uuid-1.23.2,parser::tests::test_parse_valid,consistent,success,success
uuid-1.23.2,parser::tests::test_roundtrip_braced,consistent,success,success
uuid-1.23.2,parser::tests::test_roundtrip_default,consistent,success,success
uuid-1.23.2,parser::tests::test_roundtrip_hyphenated,consistent,success,success
uuid-1.23.2,parser::tests::test_roundtrip_parse_braced,consistent,success,success
uuid-1.23.2,parser::tests::test_roundtrip_parse_urn,consistent,success,success
uuid-1.23.2,parser::tests::test_roundtrip_simple,consistent,success,success
uuid-1.23.2,parser::tests::test_roundtrip_urn,consistent,success,success
uuid-1.23.2,parser::tests::test_try_parse_ascii_non_utf8,consistent,success,success
uuid-1.23.2,tests::test_as_bytes,consistent,success,success
uuid-1.23.2,tests::test_bytes_le_roundtrip,consistent,success,success
uuid-1.23.2,tests::test_bytes_roundtrip,consistent,success,success
uuid-1.23.2,tests::test_compare,consistent,success,success
uuid-1.23.2,tests::test_convert_vec,consistent,success,success
uuid-1.23.2,tests::test_default,consistent,success,success
uuid-1.23.2,tests::test_display,consistent,success,success
uuid-1.23.2,tests::test_fields_le_are_actually_le,consistent,success,success
uuid-1.23.2,tests::test_fields_le_roundtrip,consistent,success,success
uuid-1.23.2,tests::test_fields_roundtrip,consistent,success,success
uuid-1.23.2,tests::test_from_bytes,consistent,success,success
uuid-1.23.2,tests::test_from_fields,consistent,success,success
uuid-1.23.2,tests::test_from_fields_le,consistent,success,success
uuid-1.23.2,tests::test_from_slice,consistent,success,success
uuid-1.23.2,tests::test_get_node_id_unsupported_version,consistent,success,success
uuid-1.23.2,tests::test_get_timestamp_unsupported_version,consistent,success,success
uuid-1.23.2,tests::test_get_variant,consistent,success,success
uuid-1.23.2,tests::test_get_version,consistent,success,success
uuid-1.23.2,tests::test_get_version_non_conforming,consistent,success,success
uuid-1.23.2,tests::test_hyphenated_string,consistent,success,success
uuid-1.23.2,tests::test_max,consistent,success,success
uuid-1.23.2,tests::test_nil,consistent,success,success
uuid-1.23.2,tests::test_predefined_namespaces,consistent,success,success
uuid-1.23.2,tests::test_to_simple_string,consistent,success,success
uuid-1.23.2,tests::test_to_urn_string,consistent,success,success
uuid-1.23.2,tests::test_u128_le_is_actually_le,consistent,success,success
uuid-1.23.2,tests::test_u128_le_roundtrip,consistent,success,success
uuid-1.23.2,tests::test_u128_roundtrip,consistent,success,success
uuid-1.23.2,tests::test_u64_pair_roundtrip,consistent,success,success
uuid-1.23.2,tests::test_upper_lower_hex,consistent,success,success
which-8.0.2,helper::test::test_extension_in_extension_vector,consistent,success,success
which-8.0.2,helper::test::test_extension_not_in_extension_vector,consistent,success,success
which-8.0.2,helper::test::test_invalid_exts,consistent,success,success
which-8.0.2,in_memory::basic,consistent,success,success
which-8.0.2,in_memory::symlink,consistent,success,success
which-8.0.2,in_memory::tilde_path,consistent,success,success
which-8.0.2,real_sys::it_works,consistent,success,success
which-8.0.2,real_sys::test_failure,consistent,success,success
which-8.0.2,real_sys::test_path_empty_entry,consistent,success,success
which-8.0.2,real_sys::test_which,consistent,success,success
which-8.0.2,real_sys::test_which_absolute,consistent,success,success
which-8.0.2,real_sys::test_which_absolute_extension,consistent,success,success
which-8.0.2,real_sys::test_which_absolute_non_executable,consistent,success,success
which-8.0.2,real_sys::test_which_all,consistent,success,success
which-8.0.2,real_sys::test_which_extension,consistent,success,success
which-8.0.2,real_sys::test_which_non_executable,consistent,success,success
which-8.0.2,real_sys::test_which_not_found,consistent,success,success
which-8.0.2,real_sys::test_which_relative,consistent,success,success
which-8.0.2,real_sys::test_which_relative_extension,consistent,success,success
which-8.0.2,real_sys::test_which_relative_leading_dot,consistent,success,success
which-8.0.2,real_sys::test_which_relative_leading_dot_uncanonicalized,consistent,success,success
which-8.0.2,real_sys::test_which_relative_non_executable,consistent,success,success
which-8.0.2,real_sys::test_which_second,consistent,success,success
which-8.0.2,real_sys::test_which_tilde,consistent,success,success
writeable-0.6.3,cmp::tests::test_mixed,consistent,success,success
writeable-0.6.3,cmp::tests::test_write_char,consistent,success,success
writeable-0.6.3,cmp::tests::test_write_str,consistent,success,success
writeable-0.6.3,impls::test_string_impls,consistent,success,success
writeable-0.6.3,impls::test_u128,consistent,success,success
writeable-0.6.3,impls::test_u16,consistent,success,success
writeable-0.6.3,impls::test_u32,consistent,success,success
writeable-0.6.3,impls::test_u64,consistent,success,success
writeable-0.6.3,impls::test_u8,consistent,success,success
writeable-0.6.3,impls::test_usize,consistent,success,success
writeable-0.6.3,ops::tests::test_add,consistent,success,success
writeable-0.6.3,ops::tests::test_bitor,consistent,success,success
writeable-0.6.3,ops::tests::test_mul,consistent,success,success
writeable-0.6.3,ops::tests::test_sum,consistent,success,success
writeable-0.6.3,test_basic,consistent,success,success
writeable-0.6.3,try_writeable::test_result_try_writeable,consistent,success,success
yansi-1.0.1,colors_disabled,consistent,success,success
yansi-1.0.1,colors_enabled,consistent,success,success
yansi-1.0.1,hash_eq,consistent,success,success
yansi-1.0.1,lingering,consistent,success,success
yansi-1.0.1,masked_when_disabled,consistent,success,success
yansi-1.0.1,masked_when_enabled,consistent,success,success
yansi-1.0.1,wrapping,consistent,success,success
yoke-0.8.2,cartable_ptr::tests::test_new_rc,consistent,success,success
yoke-0.8.2,cartable_ptr::tests::test_new_sentinel,consistent,success,success
yoke-0.8.2,cartable_ptr::tests::test_rc_clone,consistent,success,success
yoke-0.8.2,cartable_ptr::tests::test_sizes,consistent,success,success
yoke-0.8.2,run_test,consistent,success,success
yoke-0.8.2,test_load,consistent,success,success
yoke-0.8.2,yoke::test_clone,consistent,success,success
yoke-0.8.2,yoke::test_debug,consistent,success,success
yoke-0.8.2,yoke::test_display,consistent,success,success
yoke-0.8.2,yoke::test_eq_trait,consistent,success,success
yoke-0.8.2,yoke::test_partialeq,consistent,success,success
yoke-0.8.2,yoke::test_partialord_ord,consistent,success,success
zeroize-1.8.2,asref,consistent,success,success
zeroize-1.8.2,non_zero,consistent,success,success
zeroize-1.8.2,zeroize_box,consistent,success,success
zeroize-1.8.2,zeroize_byte_arrays,consistent,success,success
zeroize-1.8.2,zeroize_check_tuple,consistent,success,success
zeroize-1.8.2,zeroize_check_zerosize_types,consistent,success,success
zeroize-1.8.2,zeroize_maybeuninit_byte_arrays,consistent,success,success
zeroize-1.8.2,zeroize_on_drop_byte_arrays,consistent,success,success
zeroize-1.8.2,zeroize_on_drop_check_tuple,consistent,success,success
zeroize-1.8.2,zeroize_string,consistent,success,success
zeroize-1.8.2,zeroize_string_entire_capacity,consistent,success,success
zeroize-1.8.2,zeroize_vec,consistent,success,success
zeroize-1.8.2,zeroize_vec_entire_capacity,consistent,success,success
