build,crate,test,status,error_type,log_file,log_found,output_found,exit_code,output
parse-patch-bsan,adler-1.0.2,__all__,test_failed,gc,/scratch/group/p.cis260229.000/datasets/top_1_percent/adler-1.0.2/hyperfine-parse-patch-bsan.log,true,true,1,"warning: Cargo.toml: `package.edition` is unspecified, defaulting to `2015` while the latest is `2024`
warning: `adler` (manifest) generated 1 warning
    Finished `test` profile [unoptimized + debuginfo] target(s) in 1.27s
     Running unittests src/lib.rs (/scratch/group/p.cis260229.000/cargo-temp-u.mm346025/hf-2188452-0/target/bsan/x86_64-unknown-linux-gnu/debug/build/adler/dae2a2a70902a151/out/adler-dae2a2a70902a151)

running 6 tests
test tests::wiki ... ok
test tests::bufread has been running for over 60 seconds
test tests::mixed has been running for over 60 seconds
test tests::ones has been running for over 60 seconds
test tests::resume has been running for over 60 seconds
test tests::zeroes has been running for over 60 seconds
ERROR: BorrowSanitizer: garbage collection has been waiting 10001 ms for threads to reach a safepoint (gc_hang_threshold_ms=10000).
  Thread T1 (os_id 0) has not reached a safepoint.
error: test failed, to rerun pass `--lib`

Caused by:
  process didn't exit successfully: `/scratch/group/p.cis260229.000/cargo-temp-u.mm346025/hf-2188452-0/target/bsan/x86_64-unknown-linux-gnu/debug/build/adler/dae2a2a70902a151/out/adler-dae2a2a70902a151` (exit status: 1)
note: test exited abnormally; to see the full output pass --no-capture to the harness."
parse-patch-bsan,signature-3.0.0,__all__,no_match,other,/scratch/group/p.cis260229.000/datasets/top_1_percent/signature-3.0.0/hyperfine-parse-patch-bsan.log,true,true,0,"    Finished `test` profile [unoptimized + debuginfo] target(s) in 0.07s
     Running unittests src/lib.rs (/scratch/group/p.cis260229.000/cargo-temp-u.mm346025/hf-2188452-10/target/bsan/x86_64-unknown-linux-gnu/debug/build/signature/fe3831ce8e1bfcad/out/signature-fe3831ce8e1bfcad)

running 0 tests

test result: ok. 0 passed; 0 failed; 0 ignored; 0 measured; 0 filtered out; finished in 0.06s

   Doc-tests signature

running 0 tests

test result: ok. 0 passed; 0 failed; 0 ignored; 0 measured; 0 filtered out; finished in 0.00s
"
parse-patch-bsan,futures-io-0.3.34,__all__,no_match,other,/scratch/group/p.cis260229.000/datasets/top_1_percent/futures-io-0.3.34/hyperfine-parse-patch-bsan.log,true,true,0,"    Finished `test` profile [unoptimized + debuginfo] target(s) in 0.35s
     Running unittests src/lib.rs (/scratch/group/p.cis260229.000/cargo-temp-u.mm346025/hf-2188452-4/target/bsan/x86_64-unknown-linux-gnu/debug/build/futures-io/926de6bbf0b97ee9/out/futures_io-926de6bbf0b97ee9)

running 0 tests

test result: ok. 0 passed; 0 failed; 0 ignored; 0 measured; 0 filtered out; finished in 0.06s

   Doc-tests futures_io

running 0 tests

test result: ok. 0 passed; 0 failed; 0 ignored; 0 measured; 0 filtered out; finished in 0.00s
"
parse-patch-bsan,levenshtein_automata-0.2.1,__all__,test_failed,gc,/scratch/group/p.cis260229.000/datasets/top_1_percent/levenshtein_automata-0.2.1/hyperfine-parse-patch-bsan.log,true,true,1,"warning: `package.homepage` is redundant with `package.repository`
  --> Cargo.toml:19:12
   |
19 | homepage = ""https://github.com/tantivy-search/levenshtein-automata""
   |            ^^^^^^^^^^^^^^^^^^^^^^^^^^^^^^^^^^^^^^^^^^^^^^^^^^^^^^^^
...
25 | repository = ""https://github.com/tantivy-search/levenshtein-automata""
   |              --------------------------------------------------------
   |
   = note: `cargo::redundant_homepage` is set to `warn` by default
help: consider removing `package.homepage`
warning: `levenshtein_automata` (manifest) generated 1 warning
warning: hiding a lifetime that's elided elsewhere is confusing
  --> src/alphabet.rs:25:17
   |
25 |     pub fn iter(&self) -> slice::Iter<(char, FullCharacteristicVector)> {
   |                 ^^^^^     ^^^^^^^^^^^^^^^^^^^^^^^^^^^^^^^^^^^^^^^^^^^^^ the same lifetime is hidden here
   |                 |
   |                 the lifetime is elided here
   |
   = help: the same lifetime is referred to in inconsistent ways, making the signature confusing
   = note: `#[warn(mismatched_lifetime_syntaxes)]` on by default
help: use `'_` for type paths
   |
25 |     pub fn iter(&self) -> slice::Iter<'_, (char, FullCharacteristicVector)> {
   |                                       +++

warning: hiding a lifetime that's elided elsewhere is confusing
   --> src/dfa.rs:228:9
    |
228 |         &mut self,
    |         ^^^^^^^^^ the lifetime is elided here
...
232 |     ) -> Utf8DFAStateBuilder {
    |          ^^^^^^^^^^^^^^^^^^^ the same lifetime is hidden here
    |
    = help: the same lifetime is referred to in inconsistent ways, making the signature confusing
help: use `'_` for type paths
    |
232 |     ) -> Utf8DFAStateBuilder<'_> {
    |                             ++++

warning: `levenshtein_automata` (lib) generated 2 warnings (run `cargo fix --lib -p levenshtein_automata` to apply 2 suggestions)
warning: `levenshtein_automata` (lib test) generated 2 warnings (2 duplicates)
    Finished `test` profile [unoptimized + debuginfo] target(s) in 0.43s
     Running unittests src/lib.rs (/scratch/group/p.cis260229.000/cargo-temp-u.mm346025/hf-2188452-6/target/bsan/x86_64-unknown-linux-gnu/debug/build/levenshtein_automata/4dfd71c301904814/out/levenshtein_automata-4dfd71c301904814)

running 34 tests
test alphabet::tests::test_full_characteristic ... ok
test alphabet::tests::test_alphabet ... ok
test alphabet::tests::test_long_characteristic ... ok
test tests::test_levenshtein_dfa_slow ... ignored
test tests::test_levenshtein_nfa_slow ... ignored
test tests::test_levenshtein_parametric_dfa_slow ... ignored
test tests::test_damerau ... ok
test bench::bench_build_parametricdfa_perf_1 ... ok
test tests::test_levenshtein ... ok
test bench::bench_build_parametricdfa_damerau_perf_1 ... ok
test dfa::tests::test_utf8_dfa_builder ... ok
test tests::test_prefix ... ok
test bench::bench_build_dfa_distance1_no_transpose has been running for over 60 seconds
test bench::bench_build_dfa_distance1_with_transpose has been running for over 60 seconds
test bench::bench_build_dfa_distance2_no_transpose has been running for over 60 seconds
test bench::bench_build_dfa_distance2_with_transpose has been running for over 60 seconds
test bench::bench_build_dfa_distance3_no_transpose has been running for over 60 seconds
test bench::bench_build_dfa_distance3_with_transpose has been running for over 60 seconds
test bench::bench_build_dfa_distance4_no_transpose has been running for over 60 seconds
test bench::bench_build_parametricdfa_damerau_perf_2_profile has been running for over 60 seconds
test bench::bench_build_parametricdfa_perf_2 has been running for over 60 seconds
test bench::bench_build_parametricdfa_perf_3 has been running for over 60 seconds
test tests::test_applied_distance has been running for over 60 seconds
test tests::test_dead_state has been running for over 60 seconds
test tests::test_issue_3 has been running for over 60 seconds
test tests::test_jp has been running for over 60 seconds
test tests::test_jp2 has been running for over 60 seconds
test tests::test_levenshtein_dfa has been running for over 60 seconds
test tests::test_levenshtein_parametric_dfa_long has been running for over 60 seconds
test tests::test_prefix_dfa_1_damerau has been running for over 60 seconds
test tests::test_prefix_dfa_1_lev has been running for over 60 seconds
test tests::test_prefix_dfa_2_lev has been running for over 60 seconds
test tests::test_simple has been running for over 60 seconds
test tests::test_utf8_simple has been running for over 60 seconds
test bench::bench_build_parametricdfa_perf_2 ... ok
ERROR: BorrowSanitizer: garbage collection has been waiting 10001 ms for threads to reach a safepoint (gc_hang_threshold_ms=10000).
  Thread T31 (os_id 0) has not reached a safepoint.
error: test failed, to rerun pass `--lib`

Caused by:
  process didn't exit successfully: `/scratch/group/p.cis260229.000/cargo-temp-u.mm346025/hf-2188452-6/target/bsan/x86_64-unknown-linux-gnu/debug/build/levenshtein_automata/4dfd71c301904814/out/levenshtein_automata-4dfd71c301904814` (exit status: 1)
note: test exited abnormally; to see the full output pass --no-capture to the harness."
parse-patch-bsan,never-say-never-6.6.666,,fetch_failed,other,/scratch/group/p.cis260229.000/datasets/top_1_percent/never-say-never-6.6.666/hyperfine-parse-patch-bsan.log,true,true,,"RUSTFLAGS=[--cfg=miri --cap-lints=warn]
LIMIT=[timeout -k 30 1h ]
info: syncing channel updates for 1.14.0-x86_64-unknown-linux-gnu
error: could not create temp file /opt/rust/rustup/tmp/1gqwwmw0dt3llcx__file: Read-only file system (os error 30)
CSVROW:parse-patch-bsan,never-say-never-6.6.666,,fetch_failed,,,,,,,1,2026-10-05T14:00:03Z,2188452.7"
parse-patch-bsan,quad-rand-0.2.3,__all__,no_match,other,/scratch/group/p.cis260229.000/datasets/top_1_percent/quad-rand-0.2.3/hyperfine-parse-patch-bsan.log,true,true,0,"warning: `package.homepage` is redundant with `package.repository`
  --> Cargo.toml:25:12
   |
25 | homepage = ""https://github.com/not-fl3/quad-rand""
   |            ^^^^^^^^^^^^^^^^^^^^^^^^^^^^^^^^^^^^^^
...
28 | repository = ""https://github.com/not-fl3/quad-rand""
   |              --------------------------------------
   |
   = note: `cargo::redundant_homepage` is set to `warn` by default
help: consider removing `package.homepage`
warning: `quad-rand` (manifest) generated 1 warning
warning: hiding a lifetime that's elided elsewhere is confusing
   --> src/lib.rs:125:24
    |
125 |     fn choose_multiple(&self, amount: usize) -> SliceChooseIter<T> {
    |                        ^^^^^                    ^^^^^^^^^^^^^^^^^^ the same lifetime is hidden here
    |                        |
    |                        the lifetime is elided here
    |
    = help: the same lifetime is referred to in inconsistent ways, making the signature confusing
    = note: `#[warn(mismatched_lifetime_syntaxes)]` on by default
help: use `'_` for type paths
    |
125 |     fn choose_multiple(&self, amount: usize) -> SliceChooseIter<'_, T> {
    |                                                                 +++

warning: hiding a lifetime that's elided elsewhere is confusing
   --> src/lib.rs:133:9
    |
133 |         &self,
    |         ^^^^^ the lifetime is elided here
...
136 |     ) -> SliceChooseIter<T>;
    |          ^^^^^^^^^^^^^^^^^^ the same lifetime is hidden here
    |
    = help: the same lifetime is referred to in inconsistent ways, making the signature confusing
help: use `'_` for type paths
    |
136 |     ) -> SliceChooseIter<'_, T>;
    |                          +++

warning: hiding a lifetime that's elided elsewhere is confusing
   --> src/lib.rs:161:9
    |
161 |         &self,
    |         ^^^^^ the lifetime is elided here
...
164 |     ) -> SliceChooseIter<T> {
    |          ^^^^^^^^^^^^^^^^^^ the same lifetime is hidden here
    |
    = help: the same lifetime is referred to in inconsistent ways, making the signature confusing
help: use `'_` for type paths
    |
164 |     ) -> SliceChooseIter<'_, T> {
    |                          +++

warning: `quad-rand` (lib) generated 3 warnings (run `cargo fix --lib -p quad-rand` to apply 3 suggestions)
warning: unused variable: `x`
 --> examples/basic_with_state.rs:9:9
  |
9 |     let x = randomness.rand();
  |         ^ help: if this is intentional, prefix it with an underscore: `_x`
  |
  = note: `#[warn(unused_variables)]` (part of `#[warn(unused)]`) on by default

warning: `quad-rand` (example ""basic_with_state"") generated 1 warning (run `cargo fix --example ""basic_with_state"" -p quad-rand` to apply 1 suggestion)
warning: unused variable: `x`
 --> examples/basic.rs:8:9
  |
8 |     let x = qrand::rand();
  |         ^ help: if this is intentional, prefix it with an underscore: `_x`
  |
  = note: `#[warn(unused_variables)]` (part of `#[warn(unused)]`) on by default

warning: `quad-rand` (example ""basic"") generated 1 warning (run `cargo fix --example ""basic"" -p quad-rand` to apply 1 suggestion)
warning: `quad-rand` (lib test) generated 3 warnings (3 duplicates)
    Finished `test` profile [unoptimized + debuginfo] target(s) in 0.40s
     Running unittests src/lib.rs (/scratch/group/p.cis260229.000/cargo-temp-u.mm346025/hf-2188452-9/target/bsan/x86_64-unknown-linux-gnu/debug/build/quad-rand/9581e7237424393e/out/quad_rand-9581e7237424393e)

running 0 tests

test result: ok. 0 passed; 0 failed; 0 ignored; 0 measured; 0 filtered out; finished in 0.06s

   Doc-tests quad_rand

running 0 tests

test result: ok. 0 passed; 0 failed; 0 ignored; 0 measured; 0 filtered out; finished in 0.00s
"
parse-patch-bsan,tower-layer-0.3.3,__all__,test_failed,rustc,/scratch/group/p.cis260229.000/datasets/top_1_percent/tower-layer-0.3.3/hyperfine-parse-patch-bsan.log,true,true,101,"warning: `package.homepage` is redundant with `package.repository`
  --> Cargo.toml:25:12
   |
25 | homepage = ""https://github.com/tower-rs/tower""
   |            ^^^^^^^^^^^^^^^^^^^^^^^^^^^^^^^^^^^
...
33 | repository = ""https://github.com/tower-rs/tower""
   |              -----------------------------------
   |
   = note: `cargo::redundant_homepage` is set to `warn` by default
help: consider removing `package.homepage`
warning: `tower-layer` (manifest) generated 1 warning
    Finished `test` profile [unoptimized + debuginfo] target(s) in 0.02s
     Running unittests src/lib.rs (/scratch/group/p.cis260229.000/cargo-temp-u.mm346025/hf-2188462-11/target/bsan/x86_64-unknown-linux-gnu/debug/build/tower-layer/a077d1902bf27798/out/tower_layer-a077d1902bf27798)

running 1 test
test layer_fn::tests::layer_fn_has_useful_debug_impl ... ok

test result: ok. 1 passed; 0 failed; 0 ignored; 0 measured; 0 filtered out; finished in 0.06s

   Doc-tests tower_layer

running 2 tests
test src/lib.rs - Layer (line 42) ... FAILED
test src/layer_fn.rs - layer_fn::layer_fn (line 14) ... FAILED

failures:

---- src/lib.rs - Layer (line 42) stdout ----
error[E0432]: unresolved import `tower_service`
  --> src/lib.rs:44:5
   |
44 | use tower_service::Service;
   |     ^^^^^^^^^^^^^ use of unresolved module or unlinked crate `tower_service`
   |
   = help: if you wanted to use a crate named `tower_service`, use `cargo add tower_service` to add it to your `Cargo.toml`

error[E0223]: ambiguous associated type
  --> src/lib.rs:79:71
   |
79 |     fn poll_ready(&mut self, cx: &mut Context<'_>) -> Poll<Result<(), Self::Error>> {
   |                                                                       ^^^^^^^^^^^
   |
help: use fully-qualified syntax
   |
79 -     fn poll_ready(&mut self, cx: &mut Context<'_>) -> Poll<Result<(), Self::Error>> {
79 +     fn poll_ready(&mut self, cx: &mut Context<'_>) -> Poll<Result<(), <LogService<S> as TryFrom>::Error>> {
   |
79 -     fn poll_ready(&mut self, cx: &mut Context<'_>) -> Poll<Result<(), Self::Error>> {
79 +     fn poll_ready(&mut self, cx: &mut Context<'_>) -> Poll<Result<(), <LogService<S> as TryInto>::Error>> {
   |

error[E0223]: ambiguous associated type
  --> src/lib.rs:83:45
   |
83 |     fn call(&mut self, request: Request) -> Self::Future {
   |                                             ^^^^^^^^^^^^
   |
help: if there were a trait named `Example` with associated type `Future` implemented for `LogService<S>`, you could use the fully-qualified path
   |
83 -     fn call(&mut self, request: Request) -> Self::Future {
83 +     fn call(&mut self, request: Request) -> <LogService<S> as Example>::Future {
   |

error: aborting due to 3 previous errors

Some errors have detailed explanations: E0223, E0432.
For more information about an error, try `rustc --explain E0223`.
Couldn't compile the test.
---- src/layer_fn.rs - layer_fn::layer_fn (line 14) stdout ----
error[E0432]: unresolved import `tower`
  --> src/layer_fn.rs:16:5
   |
16 | use tower::Service;
   |     ^^^^^ use of unresolved module or unlinked crate `tower`
   |
   = help: if you wanted to use a crate named `tower`, use `cargo add tower` to add it to your `Cargo.toml`

error[E0223]: ambiguous associated type
  --> src/layer_fn.rs:37:71
   |
37 |     fn poll_ready(&mut self, cx: &mut Context<'_>) -> Poll<Result<(), Self::Error>> {
   |                                                                       ^^^^^^^^^^^
   |
help: use fully-qualified syntax
   |
37 -     fn poll_ready(&mut self, cx: &mut Context<'_>) -> Poll<Result<(), Self::Error>> {
37 +     fn poll_ready(&mut self, cx: &mut Context<'_>) -> Poll<Result<(), <LogService<S> as TryFrom>::Error>> {
   |
37 -     fn poll_ready(&mut self, cx: &mut Context<'_>) -> Poll<Result<(), Self::Error>> {
37 +     fn poll_ready(&mut self, cx: &mut Context<'_>) -> Poll<Result<(), <LogService<S> as TryInto>::Error>> {
   |

error[E0223]: ambiguous associated type
  --> src/layer_fn.rs:41:45
   |
41 |     fn call(&mut self, request: Request) -> Self::Future {
   |                                             ^^^^^^^^^^^^
   |
help: if there were a trait named `Example` with associated type `Future` implemented for `LogService<S>`, you could use the fully-qualified path
   |
41 -     fn call(&mut self, request: Request) -> Self::Future {
41 +     fn call(&mut self, request: Request) -> <LogService<S> as Example>::Future {
   |

error[E0433]: cannot find module or crate `tower` in this scope
  --> src/layer_fn.rs:58:25
   |
58 | let uppercase_service = tower::service_fn(|request: String| async move {
   |                         ^^^^^ use of unresolved module or unlinked crate `tower`
   |
   = help: if you wanted to use a crate named `tower`, use `cargo add tower` to add it to your `Cargo.toml`

error: aborting due to 4 previous errors

Some errors have detailed explanations: E0223, E0432, E0433.
For more information about an error, try `rustc --explain E0223`.
Couldn't compile the test.

failures:
    src/layer_fn.rs - layer_fn::layer_fn (line 14)
    src/lib.rs - Layer (line 42)

test result: FAILED. 0 passed; 2 failed; 0 ignored; 0 measured; 0 filtered out; finished in 0.94s

error: doctest failed, to rerun pass `--doc`"
parse-patch-bsan,valuable-0.1.1,,build_failed,rustc,/scratch/group/p.cis260229.000/datasets/top_1_percent/valuable-0.1.1/hyperfine-parse-patch-bsan.log,true,true,,"RUSTFLAGS=[--cfg=miri --cap-lints=warn]
LIMIT=[timeout -k 30 1h ]
    Updating crates.io index
 Downloading crates ...
  Downloaded winapi-util v0.1.9
  Downloaded valuable-derive v0.1.1
  Downloaded windows-targets v0.52.6
  Downloaded walkdir v2.5.0
  Downloaded plotters-svg v0.3.7
  Downloaded quote v1.0.38
  Downloaded same-file v1.0.6
  Downloaded hermit-abi v0.1.19
  Downloaded itoa v1.0.14
  Downloaded plotters-backend v0.3.7
  Downloaded unicode-ident v1.0.14
  Downloaded cast v0.3.0
  Downloaded wasm-bindgen-macro v0.2.99
  Downloaded cfg-if v1.0.0
  Downloaded atty v0.2.14
  Downloaded oorandom v11.1.4
  Downloaded lazy_static v1.5.0
  Downloaded autocfg v1.4.0
  Downloaded proc-macro2 v1.0.93
  Downloaded tinytemplate v1.2.1
  Downloaded either v1.13.0
  Downloaded wasm-bindgen-macro-support v0.2.99
  Downloaded wasm-bindgen-shared v0.2.99
  Downloaded wasm-bindgen-backend v0.2.99
  Downloaded criterion-plot v0.4.5
  Downloaded serde_cbor v0.11.2
  Downloaded crossbeam-deque v0.8.6
  Downloaded crossbeam-epoch v0.9.18
  Downloaded textwrap v0.11.0
  Downloaded ryu v1.0.18
  Downloaded once_cell v1.20.2
  Downloaded csv-core v0.1.11
  Downloaded log v0.4.22
  Downloaded criterion v0.3.6
  Downloaded serde_derive v1.0.217
  Downloaded half v1.8.3
  Downloaded rayon-core v1.12.1
  Downloaded crossbeam-utils v0.8.21
  Downloaded wasm-bindgen v0.2.99
  Downloaded js-sys v0.3.76
  Downloaded num-traits v0.2.19
  Downloaded bitflags v1.3.2
  Downloaded serde v1.0.217
  Downloaded bumpalo v3.16.0
  Downloaded memchr v2.7.4
  Downloaded itertools v0.10.5
  Downloaded serde_json v1.0.135
  Downloaded aho-corasick v1.1.3
  Downloaded rayon v1.10.0
  Downloaded plotters v0.3.7
  Downloaded clap v2.34.0
  Downloaded regex v1.11.1
  Downloaded unicode-width v0.1.14
  Downloaded syn v2.0.96
  Downloaded regex-syntax v0.8.5
  Downloaded windows_x86_64_gnullvm v0.52.6
  Downloaded windows_i686_gnullvm v0.52.6
  Downloaded windows_aarch64_gnullvm v0.52.6
  Downloaded regex-automata v0.4.9
  Downloaded web-sys v0.3.76
  Downloaded windows_x86_64_msvc v0.52.6
  Downloaded windows_aarch64_msvc v0.52.6
  Downloaded libc v0.2.169
  Downloaded windows_x86_64_gnu v0.52.6
  Downloaded windows_i686_gnu v0.52.6
  Downloaded windows_i686_msvc v0.52.6
  Downloaded csv v1.3.1
  Downloaded winapi v0.3.9
  Downloaded windows-sys v0.59.0
  Downloaded winapi-i686-pc-windows-gnu v0.4.0
  Downloaded winapi-x86_64-pc-windows-gnu v0.4.0
   Compiling serde v1.0.217
   Compiling crossbeam-utils v0.8.21
   Compiling proc-macro2 v1.0.93
   Compiling unicode-ident v1.0.14
   Compiling autocfg v1.4.0
   Compiling memchr v2.7.4
   Compiling num-traits v0.2.19
   Compiling crossbeam-epoch v0.9.18
   Compiling either v1.13.0
   Compiling rayon-core v1.12.1
   Compiling ryu v1.0.18
   Compiling itoa v1.0.14
   Compiling libc v0.2.169
   Compiling serde_json v1.0.135
   Compiling crossbeam-deque v0.8.6
   Compiling quote v1.0.38
   Compiling unicode-width v0.1.14
   Compiling regex-syntax v0.8.5
   Compiling plotters-backend v0.3.7
   Compiling plotters-svg v0.3.7
   Compiling regex-automata v0.4.9
   Compiling textwrap v0.11.0
   Compiling syn v2.0.96
   Compiling itertools v0.10.5
   Compiling csv-core v0.1.11
   Compiling same-file v1.0.6
   Compiling valuable v0.1.1 (/work)
   Compiling cast v0.3.0
   Compiling half v1.8.3
   Compiling bitflags v1.3.2
   Compiling clap v2.34.0
   Compiling serde_cbor v0.11.2
   Compiling criterion-plot v0.4.5
   Compiling walkdir v2.5.0
   Compiling csv v1.3.1
   Compiling tinytemplate v1.2.1
   Compiling atty v0.2.14
   Compiling serde_derive v1.0.217
   Compiling rayon v1.10.0
   Compiling plotters v0.3.7
   Compiling regex v1.11.1
   Compiling oorandom v11.1.4
   Compiling lazy_static v1.5.0
   Compiling criterion v0.3.6
error: cannot find derive macro `Valuable` in this scope
  --> examples/print.rs:72:10
   |
72 | #[derive(Valuable)]
   |          ^^^^^^^^
   |
note: `Valuable` is a trait, not a derive macro
  --> src/valuable.rs:30:1
   |
30 | pub trait Valuable {
   | ^^^^^^^^^^^^^^^^^^
   = help: consider implementing `Valuable` for your type manually

error: cannot find derive macro `Valuable` in this scope
  --> examples/print.rs:79:10
   |
79 | #[derive(Valuable)]
   |          ^^^^^^^^
   |
note: `Valuable` is a trait, not a derive macro
  --> src/valuable.rs:30:1
   |
30 | pub trait Valuable {
   | ^^^^^^^^^^^^^^^^^^
   = help: consider implementing `Valuable` for your type manually

error[E0277]: the trait bound `Person: Valuable` is not satisfied
   --> examples/print.rs:105:21
    |
105 |     valuable::visit(&person, &mut print);
    |     --------------- ^^^^^^^ unsatisfied trait bound
    |     |
    |     required by a bound introduced by this call
    |
help: the trait `Valuable` is not implemented for `Person`
   --> examples/print.rs:73:1
    |
 73 | struct Person {
    | ^^^^^^^^^^^^^
    = help: the following other types implement trait `Valuable`:
              &T
              &[T]
              &mut T
              &std::path::Path
              &str
              ()
              (T0, T1)
              (T0, T1, T2)
            and 75 others
note: required by a bound in `valuable::visit`
   --> src/visit.rs:457:27
    |
457 | pub fn visit(value: &impl Valuable, visit: &mut dyn Visit) {
    |                           ^^^^^^^^ required by this bound in `visit`

For more information about this error, try `rustc --explain E0277`.
error: could not compile `valuable` (example ""print"") due to 3 previous errors
warning: build failed, waiting for other jobs to finish...
CSVROW:parse-patch-bsan,valuable-0.1.1,,build_failed,,,,,,,1,2026-10-05T15:02:41Z,2188462.12"
parse-patch-bsan,cityhash-rs-1.0.1,__all__,test_failed,gc,/scratch/group/p.cis260229.000/datasets/top_1_percent/cityhash-rs-1.0.1/hyperfine-parse-patch-bsan.log,true,true,1,"    Finished `test` profile [unoptimized + debuginfo] target(s) in 0.02s
     Running unittests src/lib.rs (/scratch/group/p.cis260229.000/cargo-temp-u.mm346025/hf-2188462-1/target/bsan/x86_64-unknown-linux-gnu/debug/build/cityhash-rs/19cc058921aebeca/out/cityhash_rs-19cc058921aebeca)

running 3 tests
test test_102::test_standard has been running for over 60 seconds
test test_103::test_standard has been running for over 60 seconds
test test_110::test_standard has been running for over 60 seconds
ERROR: BorrowSanitizer: garbage collection has been waiting 10001 ms for threads to reach a safepoint (gc_hang_threshold_ms=10000).
  Thread T1 (os_id 0) has not reached a safepoint.
error: test failed, to rerun pass `--lib`

Caused by:
  process didn't exit successfully: `/scratch/group/p.cis260229.000/cargo-temp-u.mm346025/hf-2188462-1/target/bsan/x86_64-unknown-linux-gnu/debug/build/cityhash-rs/19cc058921aebeca/out/cityhash_rs-19cc058921aebeca` (exit status: 1)
note: test exited abnormally; to see the full output pass --no-capture to the harness."
parse-patch-bsan,gpu-alloc-types-0.3.1,__all__,no_match,other,/scratch/group/p.cis260229.000/datasets/top_1_percent/gpu-alloc-types-0.3.1/hyperfine-parse-patch-bsan.log,true,true,0,"warning: `package.homepage` is redundant with `package.repository`
  --> Cargo.toml:24:12
   |
24 | homepage = ""https://github.com/zakarumych/gpu-alloc""
   |            ^^^^^^^^^^^^^^^^^^^^^^^^^^^^^^^^^^^^^^^^^
...
40 | repository = ""https://github.com/zakarumych/gpu-alloc""
   |              -----------------------------------------
   |
   = note: `cargo::redundant_homepage` is set to `warn` by default
help: consider removing `package.homepage`
warning: `gpu-alloc-types` (manifest) generated 1 warning
    Finished `test` profile [unoptimized + debuginfo] target(s) in 0.02s
     Running unittests src/lib.rs (/scratch/group/p.cis260229.000/cargo-temp-u.mm346025/hf-2188462-4/target/bsan/x86_64-unknown-linux-gnu/debug/build/gpu-alloc-types/ef0fb315dd9ff980/out/gpu_alloc_types-ef0fb315dd9ff980)

running 0 tests

test result: ok. 0 passed; 0 failed; 0 ignored; 0 measured; 0 filtered out; finished in 0.06s

   Doc-tests gpu_alloc_types

running 0 tests

test result: ok. 0 passed; 0 failed; 0 ignored; 0 measured; 0 filtered out; finished in 0.00s
"
parse-patch-bsan,num-integer-0.1.47,__all__,test_failed,gc,/scratch/group/p.cis260229.000/datasets/top_1_percent/num-integer-0.1.47/hyperfine-parse-patch-bsan.log,true,true,1,"[... 1990 earlier line(s) omitted ...]
test test_integer_u64::test_even ... ok
test test_integer_u64::test_gcd ... ok
test test_integer_u64::test_lcm ... ok
test test_integer_u64::test_is_multiple_of ... ok
test test_integer_u64::test_odd ... ok
test test_integer_u8::test_div_mod_floor ... ok
test test_integer_u8::test_even ... ok
test test_integer_u8::test_gcd ... ok
test test_integer_i16::test_gcd_cmp_with_euclidean ... ok
test test_integer_u8::test_is_multiple_of ... ok
test test_integer_u8::test_lcm ... ok
test test_integer_i32::test_gcd_cmp_with_euclidean ... ok
test test_integer_u8::test_odd ... ok
test test_integer_usize::test_div_mod_floor ... ok
test test_integer_usize::test_even ... ok
test test_integer_usize::test_gcd ... ok
test test_integer_i8::test_gcd_cmp_with_euclidean ... ok
test test_integer_usize::test_is_multiple_of ... ok
test test_integer_usize::test_lcm ... ok
test test_integer_usize::test_odd ... ok
test test_integer_isize::test_gcd_cmp_with_euclidean ... ok
test test_lcm_overflow ... ok
test test_multinomial ... ok
test test_iter_binomial ... ok
test test_integer_u16::test_gcd_cmp_with_euclidean ... ok
test test_integer_u32::test_gcd_cmp_with_euclidean ... ok
test test_integer_u8::test_gcd_cmp_with_euclidean ... ok
test test_integer_i64::test_gcd_cmp_with_euclidean ... ok
test test_integer_u128::test_gcd_lcm ... ok
test test_integer_u64::test_gcd_cmp_with_euclidean ... ok
test test_integer_u16::test_gcd_lcm ... ok
test test_integer_u32::test_gcd_lcm ... ok
test test_integer_u64::test_gcd_lcm ... ok
test test_integer_u8::test_gcd_lcm ... ok
test test_integer_i128::test_gcd_cmp_with_euclidean ... ok
test test_integer_u128::test_gcd_cmp_with_euclidean ... ok
test test_integer_usize::test_gcd_cmp_with_euclidean ... ok
test test_integer_usize::test_gcd_lcm ... ok
test test_integer_i128::test_extended_gcd_lcm has been running for over 60 seconds
test test_integer_i128::test_gcd_lcm has been running for over 60 seconds
test test_integer_i16::test_extended_gcd_lcm has been running for over 60 seconds
test test_integer_i16::test_gcd_lcm has been running for over 60 seconds
test test_integer_i32::test_extended_gcd_lcm has been running for over 60 seconds
test test_integer_i32::test_gcd_lcm has been running for over 60 seconds
test test_integer_i64::test_extended_gcd_lcm has been running for over 60 seconds
test test_integer_i64::test_gcd_lcm has been running for over 60 seconds
test test_integer_i8::test_extended_gcd_lcm has been running for over 60 seconds
test test_integer_i8::test_gcd_lcm has been running for over 60 seconds
test test_integer_isize::test_extended_gcd_lcm has been running for over 60 seconds
test test_integer_isize::test_gcd_lcm has been running for over 60 seconds
test test_integer_i32::test_gcd_lcm ... ok
test test_integer_i128::test_gcd_lcm ... ok
test test_integer_i64::test_gcd_lcm ... ok
test test_integer_i16::test_gcd_lcm ... ok
test test_integer_i8::test_gcd_lcm ... ok
test test_integer_isize::test_gcd_lcm ... ok
test test_integer_i128::test_extended_gcd_lcm ... ok
test test_integer_i32::test_extended_gcd_lcm ... ok
test test_integer_i8::test_extended_gcd_lcm ... ok
test test_integer_isize::test_extended_gcd_lcm ... ok
test test_integer_i64::test_extended_gcd_lcm ... ok
test test_integer_i16::test_extended_gcd_lcm ... ok

test result: ok. 136 passed; 0 failed; 0 ignored; 0 measured; 0 filtered out; finished in 274.57s

     Running tests/average.rs (/scratch/group/p.cis260229.000/cargo-temp-u.mm346025/hf-2188462-7/target/bsan/x86_64-unknown-linux-gnu/debug/build/num-integer/58028fa7e9f73a7b/out/average-58028fa7e9f73a7b)

running 48 tests
test i128::ceil::different_sign ... ok
test i128::ceil::same_sign ... ok
test i128::floor::different_sign ... ok
test i128::floor::same_sign ... ok
test i16::ceil::different_sign ... ok
test i16::ceil::same_sign ... ok
test i16::floor::different_sign ... ok
test i16::floor::same_sign ... ok
test i32::ceil::different_sign ... ok
test i32::ceil::same_sign ... ok
test i32::floor::different_sign ... ok
test i32::floor::same_sign ... ok
test i64::ceil::different_sign ... ok
test i64::ceil::same_sign ... ok
test i64::floor::different_sign ... ok
test i64::floor::same_sign ... ok
test i8::ceil::different_sign ... ok
test i8::ceil::same_sign ... ok
test i8::floor::different_sign ... ok
test i8::floor::same_sign ... ok
test isize::ceil::different_sign ... ok
test isize::ceil::same_sign ... ok
test isize::floor::different_sign ... ok
test isize::floor::same_sign ... ok
test u128::ceil::bounded ... ok
test u128::ceil::overflow ... ok
test u128::floor::bounded ... ok
test u128::floor::overflow ... ok
test u16::ceil::bounded ... ok
test u16::ceil::overflow ... ok
test u16::floor::bounded ... ok
test u16::floor::overflow ... ok
test u32::ceil::bounded ... ok
test u32::ceil::overflow ... ok
test u32::floor::bounded ... ok
test u32::floor::overflow ... ok
test u64::ceil::bounded ... ok
test u64::ceil::overflow ... ok
test u64::floor::bounded ... ok
test u64::floor::overflow ... ok
test u8::ceil::bounded ... ok
test u8::ceil::overflow ... ok
test u8::floor::bounded ... ok
test u8::floor::overflow ... ok
test usize::ceil::bounded ... ok
test usize::ceil::overflow ... ok
test usize::floor::bounded ... ok
test usize::floor::overflow ... ok

test result: ok. 48 passed; 0 failed; 0 ignored; 0 measured; 0 filtered out; finished in 0.26s

     Running tests/roots.rs (/scratch/group/p.cis260229.000/cargo-temp-u.mm346025/hf-2188462-7/target/bsan/x86_64-unknown-linux-gnu/debug/build/num-integer/5317c39e8adf59ec/out/roots-5317c39e8adf59ec)

running 78 tests
test i128::bit_size ... ok
test i128::sqrt_neg - should panic ... ok
test i128::zeroth_root - should panic ... ok
test i16::bit_size ... ok
test i16::sqrt_neg - should panic ... ok
test i32::bit_size ... ok
test i16::zeroth_root - should panic ... ok
test i32::sqrt_neg - should panic ... ok
test i32::zeroth_root - should panic ... ok
test i64::bit_size ... ok
test i64::sqrt_neg - should panic ... ok
test i64::zeroth_root - should panic ... ok
test i8::bit_size ... ok
test i16::cbrt ... ok
test i16::sqrt ... ok
test i16::cbrt_neg ... ok
test i32::sqrt ... ok
test i8::cbrt ... ok
test i32::cbrt ... ok
test i8::sqrt_neg - should panic ... ok
test i8::cbrt_neg ... ok
test i32::cbrt_neg ... ok
test i8::zeroth_root - should panic ... ok
test i8::nth_root_neg ... ok
test isize::bit_size ... ok
test i8::sqrt ... ok
test i64::sqrt ... ok
test i64::cbrt ... ok
test i8::nth_root ... ok
test i128::sqrt ... ok
test isize::sqrt_neg - should panic ... ok
test isize::zeroth_root - should panic ... ok
test u128::bit_size ... ok
test i64::cbrt_neg ... ok
test u128::zeroth_root - should panic ... ok
test u16::bit_size ... ok
test u16::zeroth_root - should panic ... ok
test u32::bit_size ... ok
test isize::sqrt ... ok
test isize::cbrt ... ok
test u32::zeroth_root - should panic ... ok
test u64::bit_size ... ok
test isize::cbrt_neg ... ok
test u16::cbrt ... ok
test u16::sqrt ... ok
test i128::cbrt_neg ... ok
test u64::zeroth_root - should panic ... ok
test u8::bit_size ... ok
test i16::nth_root_neg ... ok
test u32::sqrt ... ok
test u32::cbrt ... ok
test usize::bit_size ... ok
test u8::zeroth_root - should panic ... ok
test usize::zeroth_root - should panic ... ok
test u128::sqrt ... ok
test u8::cbrt ... ok
test u8::sqrt ... ok
test u64::sqrt ... ok
test u8::nth_root ... ok
test u64::cbrt ... ok
test i128::cbrt ... ok
test usize::sqrt ... ok
test usize::cbrt ... ok
test u128::cbrt ... ok
test i16::nth_root ... ok
test u16::nth_root ... ok
test i32::nth_root_neg ... ok
test i32::nth_root ... ok
test u32::nth_root ... ok
test i64::nth_root_neg ... ok
test isize::nth_root_neg ... ok
ERROR: BorrowSanitizer: garbage collection has been waiting 10001 ms for threads to reach a safepoint (gc_hang_threshold_ms=10000).
  Thread T5 (os_id 0) has not reached a safepoint.
error: test failed, to rerun pass `--test roots`

Caused by:
  process didn't exit successfully: `/scratch/group/p.cis260229.000/cargo-temp-u.mm346025/hf-2188462-7/target/bsan/x86_64-unknown-linux-gnu/debug/build/num-integer/5317c39e8adf59ec/out/roots-5317c39e8adf59ec` (exit status: 1)
note: test exited abnormally; to see the full output pass --no-capture to the harness."
parse-patch-bsan,regex-syntax-0.8.11,__all__,test_failed,crash,/scratch/group/p.cis260229.000/datasets/top_1_percent/regex-syntax-0.8.11/hyperfine-parse-patch-bsan.log,true,true,1,"    Finished `test` profile [unoptimized + debuginfo] target(s) in 0.03s
     Running unittests src/lib.rs (/scratch/group/p.cis260229.000/cargo-temp-u.mm346025/hf-2188462-9/target/bsan/x86_64-unknown-linux-gnu/debug/build/regex-syntax/8fd05c5d1017dcba/out/regex_syntax-8fd05c5d1017dcba)

running 147 tests
test ast::parse::tests::parse_flag ... ok
test ast::parse::tests::maybe_parse_ascii_class ... ok
test ast::parse::tests::parse_decimal ... ok
test ast::parse::tests::parse_primitive_non_escape ... ok
test ast::parse::tests::parse_unsupported_backreference ... ok
test ast::parse::tests::parse_perl_class ... ok
test ast::parse::tests::parse_comments ... ok
test ast::parse::tests::parse_flags ... ok
test ast::parse::tests::parse_holistic ... ok
test ast::parse::tests::parse_unsupported_lookaround ... ok
test ast::parse::tests::parse_newlines ... ok
test ast::print::tests::print_dot ... ok
test ast::print::tests::print_assertion ... ok
test ast::parse::tests::parse_escape ... ok
test ast::tests::ast_size ... ok
test ast::parse::tests::parse_set_class_open ... ok
test ast::parse::tests::parse_hex_brace ... ok
test ast::print::tests::print_concat ... ok
test ast::print::tests::print_flags ... ok
test error::tests::regression_464 ... ok
test error::tests::repetition_quantifier_expects_a_valid_decimal ... ok
test ast::print::tests::print_group ... ok
BorrowSanitizer:DEADLYSIGNAL
==3137790==ERROR: BorrowSanitizer: stack-overflow on address 0x7b0eea700f78 (pc 0x55a7d73c545a bp 0x6100013e1f00 sp 0x7b0eea700f80 T3137868)
test ast::parse::tests::parse_group ... ok
    #0 0x55a7d73c545a in __bsan::RustAlloc(unsigned long, unsigned long) /opt/rust/rustup/toolchains/bsan/compiler-rt/lib/bsan/bsan_allocator.cpp:159:7

SUMMARY: BorrowSanitizer: stack-overflow /opt/rust/rustup/toolchains/bsan/compiler-rt/lib/bsan/bsan_allocator.cpp:159:7 in __bsan::RustAlloc(unsigned long, unsigned long)
==3137790==ABORTING
error: test failed, to rerun pass `--lib`

Caused by:
  process didn't exit successfully: `/scratch/group/p.cis260229.000/cargo-temp-u.mm346025/hf-2188462-9/target/bsan/x86_64-unknown-linux-gnu/debug/build/regex-syntax/8fd05c5d1017dcba/out/regex_syntax-8fd05c5d1017dcba` (exit status: 1)
note: test exited abnormally; to see the full output pass --no-capture to the harness."
parse-patch-bsan,adler2-2.0.1,__all__,timeout,other,/scratch/group/p.cis260229.000/datasets/top_1_percent/adler2-2.0.1/hyperfine-parse-patch-bsan.log,true,true,124,"    Finished `test` profile [unoptimized + debuginfo] target(s) in 0.02s
     Running unittests src/lib.rs (/scratch/group/p.cis260229.000/cargo-temp-u.mm346025/hf-2188453-0/target/bsan/x86_64-unknown-linux-gnu/debug/build/adler2/bdb8d8aedd9fc735/out/adler2-bdb8d8aedd9fc735)

running 6 tests
test tests::wiki ... ok
test tests::ones ... ok
test tests::mixed ... ok
test tests::zeroes ... ok
test tests::bufread has been running for over 60 seconds
test tests::resume has been running for over 60 seconds
test tests::resume ... ok"
parse-patch-bsan,xml-rs-1.0.0,__all__,no_match,other,/scratch/group/p.cis260229.000/datasets/top_1_percent/xml-rs-1.0.0/hyperfine-parse-patch-bsan.log,true,true,0,"    Finished `test` profile [unoptimized + debuginfo] target(s) in 0.02s
     Running unittests src/lib.rs (/scratch/group/p.cis260229.000/cargo-temp-u.mm346025/hf-2188463-13/target/bsan/x86_64-unknown-linux-gnu/debug/build/xml-rs/b377e6a68b490483/out/xml-b377e6a68b490483)

running 0 tests

test result: ok. 0 passed; 0 failed; 0 ignored; 0 measured; 0 filtered out; finished in 0.06s

   Doc-tests xml

running 0 tests

test result: ok. 0 passed; 0 failed; 0 ignored; 0 measured; 0 filtered out; finished in 0.00s
"
parse-patch-bsan,unicode-width-0.2.2,__all__,test_failed,gc,/scratch/group/p.cis260229.000/datasets/top_1_percent/unicode-width-0.2.2/hyperfine-parse-patch-bsan.log,true,true,1,"    Finished `test` profile [unoptimized + debuginfo] target(s) in 0.02s
     Running unittests src/lib.rs (/scratch/group/p.cis260229.000/cargo-temp-u.mm346025/hf-2188453-12/target/bsan/x86_64-unknown-linux-gnu/debug/build/unicode-width/e72c34c83ac2df85/out/unicode_width-e72c34c83ac2df85)

running 1 test
test tables::tests::test_normalization has been running for over 60 seconds
test tables::tests::test_normalization ... ok

test result: ok. 1 passed; 0 failed; 0 ignored; 0 measured; 0 filtered out; finished in 1118.28s

     Running tests/tests.rs (/scratch/group/p.cis260229.000/cargo-temp-u.mm346025/hf-2188453-12/target/bsan/x86_64-unknown-linux-gnu/debug/build/unicode-width/f7b4b2e5938fcbb3/out/tests-f7b4b2e5938fcbb3)

running 34 tests
test ambiguous_line_break ... ok
test test_ambiguous ... ok
test test_bad_devanagari ... ok
test test_char ... ok
test test_char2 ... ok
test test_arabic_lam_alef ... ok
test test_control_line_break ... ok
test test_default_ignorable ... ok
test test_devanagari_caret ... ok
test test_buginese_a_i_ya ... ok
test test_emoji ... ok
test test_emoji_modifier ... ok
test test_emoji_presentation ... ok
test test_gcb_prepend ... ok
test test_hieroglyph_format_controls ... ok
test test_interlinear_annotation_chars ... ok
test test_jamo ... ok
test test_hebrew_alef_lamed ... ok
test test_khmer_qaa ... ok
test test_khmer_sign_beyyal ... ok
test test_marks ... ok
test test_prepended_concatenation_marks ... ok
test test_old_turkic_ligature ... ok
test test_solidus_overlay ... ok
test test_str ... ok
test test_text_presentation ... ok
test test_tifinagh_biconsonants ... ok
test unicode_12 ... ok
test test_lisu_tones ... ok
test test_emoji_zwj ... ok
test char_str_consistent has been running for over 60 seconds
test emoji_test_file has been running for over 60 seconds
test test_khmer_coeng has been running for over 60 seconds
test test_vs1_vs2_vs3 has been running for over 60 seconds
ERROR: BorrowSanitizer: garbage collection has been waiting 10001 ms for threads to reach a safepoint (gc_hang_threshold_ms=10000).
  Thread T3 (os_id 0) has not reached a safepoint.
error: test failed, to rerun pass `--test tests`

Caused by:
  process didn't exit successfully: `/scratch/group/p.cis260229.000/cargo-temp-u.mm346025/hf-2188453-12/target/bsan/x86_64-unknown-linux-gnu/debug/build/unicode-width/f7b4b2e5938fcbb3/out/tests-f7b4b2e5938fcbb3` (exit status: 1)
note: test exited abnormally; to see the full output pass --no-capture to the harness."
parse-patch-bsan,deflate-1.0.0,__all__,test_failed,oom,/scratch/group/p.cis260229.000/datasets/top_1_percent/deflate-1.0.0/hyperfine-parse-patch-bsan.log,true,true,101,"[... 29 earlier line(s) omitted ...]
             [lints.rust]
             unexpected_cfgs = { level = ""warn"", check-cfg = ['cfg(debug)'] }
    = help: or consider adding `println!(""cargo::rustc-check-cfg=cfg(debug)"");` to the top of the `build.rs`
    = note: see <https://doc.rust-lang.org/nightly/rustc/check-cfg/cargo-specifics.html> for more information about checking conditional configuration
    = note: `#[warn(unexpected_cfgs)]` on by default

warning: unexpected `cfg` condition name: `debug`
   --> src/length_encode.rs:207:15
    |
207 |     #[cfg(not(debug))]
    |               ^^^^^ help: found config with similar value: `target_feature = ""debug""`
    |
    = help: consider using a Cargo feature instead
    = help: or consider adding in `Cargo.toml` the `check-cfg` lint config for the lint:
             [lints.rust]
             unexpected_cfgs = { level = ""warn"", check-cfg = ['cfg(debug)'] }
    = help: or consider adding `println!(""cargo::rustc-check-cfg=cfg(debug)"");` to the top of the `build.rs`
    = note: see <https://doc.rust-lang.org/nightly/rustc/check-cfg/cargo-specifics.html> for more information about checking conditional configuration

warning: use of deprecated module `std::u16`: all constants in this module replaced by associated constants on the type
 --> src/output_writer.rs:1:10
  |
1 | use std::u16;
  |          ^^^
  |
  = note: `#[warn(deprecated)]` on by default

warning: use of deprecated module `std::u16`: all constants in this module replaced by associated constants on the type
 --> src/stored_block.rs:4:10
  |
4 | use std::u16;
  |          ^^^

warning: use of deprecated constant `std::u16::MAX`: replaced by the `MAX` associated constant on this type
  --> src/stored_block.rs:11:50
   |
11 | pub const MAX_STORED_BLOCK_LENGTH: usize = (u16::MAX as usize) / 2;
   |                                                  ^^^

warning: use of deprecated associated function `core::num::<impl u16>::max_value`: replaced by the `MAX` associated constant on this type
  --> src/stored_block.rs:27:27
   |
27 |     if input.len() > u16::max_value() as usize {
   |                           ^^^^^^^^^

warning: method `update` is never used
 --> src/checksum.rs:4:8
  |
3 | pub trait RollingChecksum {
  |           --------------- method in this trait
4 |     fn update(&mut self, byte: u8);
  |        ^^^^^^
  |
  = note: `#[warn(dead_code)]` (part of `#[warn(unused)]`) on by default

warning: field `compression_options` is never read
  --> src/deflate_state.rs:70:9
   |
66 | pub struct DeflateState<W: Write> {
   |            ------------ field in this struct
...
70 |     pub compression_options: CompressionOptions,
   |         ^^^^^^^^^^^^^^^^^^^

warning: `deflate` (lib) generated 9 warnings (run `cargo fix --lib -p deflate` to apply 1 suggestion)
warning: use of deprecated module `std::u16`: all constants in this module replaced by associated constants on the type
   --> src/length_encode.rs:422:14
    |
422 |     use std::u16;
    |              ^^^
    |
    = note: `#[warn(deprecated)]` on by default

warning: use of deprecated constant `std::u16::MAX`: replaced by the `MAX` associated constant on this type
   --> src/length_encode.rs:607:32
    |
607 |         frequencies[55] = u16::MAX / 3;
    |                                ^^^

warning: use of deprecated constant `std::u16::MAX`: replaced by the `MAX` associated constant on this type
   --> src/length_encode.rs:608:33
    |
608 |         frequencies[125] = u16::MAX / 3;
    |                                 ^^^

warning: use of deprecated module `std::u16`: all constants in this module replaced by associated constants on the type
 --> src/output_writer.rs:1:10
  |
1 | use std::u16;
  |          ^^^

warning: use of deprecated associated function `core::num::<impl u16>::max_value`: replaced by the `MAX` associated constant on this type
   --> src/output_writer.rs:130:26
    |
130 |         for i in 0..u16::max_value() {
    |                          ^^^^^^^^^

warning: use of deprecated associated function `core::num::<impl u16>::max_value`: replaced by the `MAX` associated constant on this type
   --> src/output_writer.rs:134:26
    |
134 |         for i in 0..u16::max_value() {
    |                          ^^^^^^^^^

warning: field `length_extra_bits` is never read
   --> src/huffman_table.rs:223:9
    |
221 | pub struct LengthAndDistanceBits {
    |            --------------------- field in this struct
222 |     pub length_code: HuffmanCode,
223 |     pub length_extra_bits: HuffmanCode,
    |         ^^^^^^^^^^^^^^^^^

warning: eliding a lifetime that's named elsewhere is confusing
  --> src/input_buffer.rs:16:60
   |
16 |     pub fn new<'a>(data: &'a [u8]) -> (InputBuffer, Option<&[u8]>) {
   |                           -- the lifetime is named here    ^^^^^ the same lifetime is elided here
   |
   = help: the same lifetime is referred to in inconsistent ways, making the signature confusing
   = note: `#[warn(mismatched_lifetime_syntaxes)]` on by default
help: consistently use `'a`
   |
16 |     pub fn new<'a>(data: &'a [u8]) -> (InputBuffer, Option<&'a [u8]>) {
   |                                                             ++

warning: `deflate` (lib test) generated 16 warnings (8 duplicates) (run `cargo fix --lib -p deflate --tests` to apply 1 suggestion)
    Finished `test` profile [unoptimized + debuginfo] target(s) in 0.03s
     Running unittests src/lib.rs (/scratch/group/p.cis260229.000/cargo-temp-u.mm346025/hf-2188463-2/target/bsan/x86_64-unknown-linux-gnu/debug/build/deflate/2360e298d37f5ffc/out/deflate-2360e298d37f5ffc)

running 66 tests
test bit_reverse::test::test_bit_reverse ... ok
test bitstream::test::write_bits ... ok
test chained_hash_table::test::table_slide ... FAILED
test huffman_lengths::test::padding ... ok
test huffman_table::test::extra_bits_distance ... ok
test compress::test::fixed_string_file ... FAILED
test huffman_table::test::test_distance_code ... ok
test huffman_table::test::test_distance_extra_bits ... ok
test huffman_table::test::test_get_length_code ... ok
test huffman_table::test::test_empty_table - should panic ... ok
test input_buffer::test::buffer_add_full ... ok
test input_buffer::test::buffer_add_not_full ... ok
test input_buffer::test::slide ... ok
test huffman_table::test::test_length_table_fixed ... ok
test huffman_table::test::test_length_table_max_length - should panic ... ok
test lz77::test::buffer_fill ... FAILED
test lz77::test::compress_block_multiple_windows ... FAILED
test lz77::test::compress_long ... FAILED
test lz77::test::test_decompress_with_backbuffer ... ok
test matching::test::fast_match_at_least_equal ... ignored
test matching::test::match_length ... ok
test rle::test::rle_compress ... ok
test stored_block::test::no_compression_multiple_chunks ... ok
test stored_block::test::no_compression_one_chunk ... ok
test stored_block::test::no_compression_string ... ok
test test::dynamic_string_file ... FAILED
test test::file_zlib ... FAILED
test test::file_rle ... FAILED
test length_encode::test::optimal_lengths ... ok
test test::zlib_writer_chunks ... ignored
test huffman_table::test::make_table_fixed ... ok
test writer::test::deflate_writer ... FAILED
test writer::test::writer_reset ... FAILED
test writer::test::writer_reset_zlib ... FAILED
test writer::test::writer_sync ... FAILED
test writer::test::writer_sync_multiple ... FAILED
test length_encode::test::test_lengths_from_frequencies ... ok
test zlib::test::test_gen_fcheck ... ok
test writer::test::zlib_writer ... FAILED
test zlib::test::test_header ... ok
test length_encode::test::test_encode_lengths ... ok
test lzvalue::test::lzvalue ... ok
test output_writer::test::array_bounds ... ok
test chained_hash_table::test::chained_hash has been running for over 60 seconds
test chained_hash_table::test::initial_chains has been running for over 60 seconds
test chained_hash_table::test::table_unique has been running for over 60 seconds
test compress::test::fixed_data has been running for over 60 seconds
test compress::test::fixed_example has been running for over 60 seconds
test compress::test::fixed_string_mem has been running for over 60 seconds
test lz77::test::border has been running for over 60 seconds
test lz77::test::border_multiple_blocks has been running for over 60 seconds
test lz77::test::compress_block_status has been running for over 60 seconds
test lz77::test::compress_short has been running for over 60 seconds
test lz77::test::exact_window_size has been running for over 60 seconds
test lz77::test::lazy has been running for over 60 seconds
test lz77::test::multiple_inputs has been running for over 60 seconds
test matching::test::get_longest_match has been running for over 60 seconds
test matching::test::match_index_zero has been running for over 60 seconds
test test::deflate_short has been running for over 60 seconds
test test::dynamic_string_mem has been running for over 60 seconds
test test::empty_input has been running for over 60 seconds
test test::frequency_overflow has been running for over 60 seconds
test test::one_and_two_values has been running for over 60 seconds
test test::zlib_last_block has been running for over 60 seconds
test test::zlib_short has been running for over 60 seconds
test writer::test::issue_18 has been running for over 60 seconds
error: test failed, to rerun pass `--lib`

Caused by:
  process didn't exit successfully: `/scratch/group/p.cis260229.000/cargo-temp-u.mm346025/hf-2188463-2/target/bsan/x86_64-unknown-linux-gnu/debug/build/deflate/2360e298d37f5ffc/out/deflate-2360e298d37f5ffc` (signal: 9, SIGKILL: kill)"
parse-patch-bsan,windows-targets-0.53.5,__all__,test_failed,linker,/scratch/group/p.cis260229.000/datasets/top_1_percent/windows-targets-0.53.5/hyperfine-parse-patch-bsan.log,true,true,101,"    Finished `test` profile [unoptimized + debuginfo] target(s) in 0.03s
     Running unittests src/lib.rs (/scratch/group/p.cis260229.000/cargo-temp-u.mm346025/hf-2188453-13/target/bsan/x86_64-unknown-linux-gnu/debug/build/windows-targets/7671b912724a960c/out/windows_targets-7671b912724a960c)

running 0 tests

test result: ok. 0 passed; 0 failed; 0 ignored; 0 measured; 0 filtered out; finished in 0.05s

   Doc-tests windows_targets

running 1 test
test src/lib.rs - (line 21) ... FAILED

failures:

---- src/lib.rs - (line 21) stdout ----
error: linking with `/opt/rust/rustup/toolchains/bsan/bin/clang-23` failed: exit status: 1
  |
  = note:  ""/opt/rust/rustup/toolchains/bsan/bin/clang-23"" ""-m64"" ""/tmp/rustdoctestYSfRlw/rustcGVPTSw/symbols.o"" ""<2 object files omitted>"" ""-Wl,--as-needed"" ""-Wl,-Bstatic"" ""-lclang_rt.bsan-x86_64"" ""/scratch/group/p.cis260229.000/cargo-temp-u.mm346025/hf-2188453-13/target/bsan/x86_64-unknown-linux-gnu/debug/build/windows-targets/521a9a6df6db0bec/out/libwindows_targets-521a9a6df6db0bec.rlib"" ""<sysroot>/lib/rustlib/x86_64-unknown-linux-gnu/lib/{libstd-*,libpanic_unwind-*,libobject-*,libmemchr-*,libaddr2line-*,libgimli-*,libcfg_if-*,librustc_demangle-*,libstd_detect-*,libhashbrown-*,librustc_std_workspace_alloc-*,libminiz_oxide-*,libadler2-*,libunwind-*,liblibc-*,librustc_std_workspace_core-*,liballoc-*,libcore-*,libcompiler_builtins-*}.rlib"" ""-Wl,-Bdynamic"" ""-lgcc_s"" ""-lutil"" ""-lrt"" ""-lpthread"" ""-lm"" ""-ldl"" ""-lc"" ""-L"" ""/tmp/rustdoctestYSfRlw/rustcGVPTSw/raw-dylibs"" ""-Wl,--eh-frame-hdr"" ""-Wl,-z,noexecstack"" ""-L"" ""/opt/rust/rustup/toolchains/bsan/lib"" ""-L"" ""/scratch/group/p.cis260229.000/cargo-temp-u.mm346025/hf-2188453-13/home/registry/src/index.crates.io-1949cf8c6b5b557f/windows_x86_64_gnu-0.53.1/lib"" ""-L"" ""<sysroot>/lib/rustlib/x86_64-unknown-linux-gnu/lib"" ""-o"" ""/tmp/rustdoctestYSfRlw/rust_out"" ""-Wl,--gc-sections"" ""-pie"" ""-Wl,-z,relro,-z,now"" ""-nodefaultlibs"" ""-Wl,-u,__bsan_preinit_anchor"" ""-L/opt/rust/rustup/toolchains/bsan/lib"" ""-lbsan_rt"" ""-fuse-ld=/opt/rust/rustup/toolchains/bsan/lib/rustlib/x86_64-unknown-linux-gnu/bin/gcc-ld/ld.lld""
  = note: some arguments are omitted. use `--verbose` to show all linker arguments
  = note: rust-lld: error: undefined symbol: SetLastError
          >>> referenced by lib.rs:9 (src/lib.rs:9)
          >>>               /tmp/rustdoctestYSfRlw/rust_out.rust_out.3776a6bf3513ee9a-cgu.0.rcgu.o:(rust_out::main::_doctest_main_src_lib_rs_21_0)
          
          rust-lld: error: undefined symbol: GetLastError
          >>> referenced by lib.rs:10 (src/lib.rs:10)
          >>>               /tmp/rustdoctestYSfRlw/rust_out.rust_out.3776a6bf3513ee9a-cgu.0.rcgu.o:(rust_out::main::_doctest_main_src_lib_rs_21_0)
          clang-23: error: linker command failed with exit code 1 (use -v to see invocation)
          

error: aborting due to 1 previous error

Couldn't compile the test.

failures:
    src/lib.rs - (line 21)

test result: FAILED. 0 passed; 1 failed; 0 ignored; 0 measured; 0 filtered out; finished in 0.51s

error: doctest failed, to rerun pass `--doc`"
parse-patch-bsan,gpu-descriptor-types-0.2.0,__all__,no_match,other,/scratch/group/p.cis260229.000/datasets/top_1_percent/gpu-descriptor-types-0.2.0/hyperfine-parse-patch-bsan.log,true,true,0,"warning: `package.homepage` is redundant with `package.repository`
  --> Cargo.toml:18:12
   |
18 | homepage = ""https://github.com/zakarumych/gpu-descriptor""
   |            ^^^^^^^^^^^^^^^^^^^^^^^^^^^^^^^^^^^^^^^^^^^^^^
...
27 | repository = ""https://github.com/zakarumych/gpu-descriptor""
   |              ----------------------------------------------
   |
   = note: `cargo::redundant_homepage` is set to `warn` by default
help: consider removing `package.homepage`
warning: `gpu-descriptor-types` (manifest) generated 1 warning
    Finished `test` profile [unoptimized + debuginfo] target(s) in 0.03s
     Running unittests src/lib.rs (/scratch/group/p.cis260229.000/cargo-temp-u.mm346025/hf-2188463-4/target/bsan/x86_64-unknown-linux-gnu/debug/build/gpu-descriptor-types/8bab9edec0ec3f24/out/gpu_descriptor_types-8bab9edec0ec3f24)

running 0 tests

test result: ok. 0 passed; 0 failed; 0 ignored; 0 measured; 0 filtered out; finished in 0.06s

   Doc-tests gpu_descriptor_types

running 0 tests

test result: ok. 0 passed; 0 failed; 0 ignored; 0 measured; 0 filtered out; finished in 0.00s
"
parse-patch-bsan,mac-0.1.1,__all__,test_failed,other,/scratch/group/p.cis260229.000/datasets/top_1_percent/mac-0.1.1/hyperfine-parse-patch-bsan.log,true,true,101,"warning: Cargo.toml: `package.edition` is unspecified, defaulting to `2015` while the latest is `2024`
warning: `mac` (manifest) generated 1 warning
warning: `...` range patterns are deprecated
  --> src/matches.rs:42:41
   |
42 |         matches!(bar.as_bytes()[1], b'0'... b'9')
   |                                         ^^^ help: use `..=` for an inclusive range
   |
   = warning: this is accepted in the current edition (Rust 2015) but is a hard error in Rust 2021!
   = note: for more information, see <https://doc.rust-lang.org/edition-guide/rust-2021/warnings-promoted-to-error.html>
note: the lint level is defined here
  --> src/lib.rs:1:24
   |
 1 | #![cfg_attr(test, deny(warnings))]
   |                        ^^^^^^^^
   = note: `#[warn(ellipsis_inclusive_range_patterns)]` implied by `#[warn(warnings)]`

warning: `mac` (lib test) generated 1 warning (run `cargo fix --lib -p mac --tests` to apply 1 suggestion)
    Finished `test` profile [unoptimized + debuginfo] target(s) in 0.01s
     Running unittests src/lib.rs (/scratch/group/p.cis260229.000/cargo-temp-u.mm346025/hf-2188463-6/target/bsan/x86_64-unknown-linux-gnu/debug/build/mac/c25392c38649f8b7/out/mac-c25392c38649f8b7)

running 2 tests
test matches::test_matches ... ok
test inspect::test_inspect ... ok

test result: ok. 2 passed; 0 failed; 0 ignored; 0 measured; 0 filtered out; finished in 0.09s

   Doc-tests mac

running 12 tests
test src/inspect.rs - inspect::inspect (line 27) ... ignored
test src/test.rs - test::test_eq (line 8) ... ok
test src/matches.rs - matches::matches (line 7) ... ok
test src/lib.rs - do_while (line 58) ... ok
test src/lib.rs - do_while (line 41) ... ok
test src/mem.rs - mem::addrs_of (line 12) ... ok
test src/inspect.rs - inspect::inspect (line 8) ... ok
test src/cfg.rs - cfg::match_cfg (line 9) ... ok
test src/cfg.rs - cfg::if_cfg (line 65) ... ok
test src/lib.rs - unwrap_or_return (line 24) ... ok
test src/cfg.rs - cfg::if_cfg (line 54) ... FAILED
test src/format.rs - format::format_if (line 19) ... ok

failures:

---- src/cfg.rs - cfg::if_cfg (line 54) stdout ----
error: unexpected end of macro invocation
  --> src/cfg.rs:59:2
   |
59 | })
   |  ^ missing tokens in macro arguments
   |
note: while trying to match meta-variable `$t:block`
  --> src/cfg.rs:80:16
   |
80 |     ($cfg:meta $t:block else $f:block) => {
   |                ^^^^^^^^

error: aborting due to 1 previous error

Couldn't compile the test.

failures:
    src/cfg.rs - cfg::if_cfg (line 54)

test result: FAILED. 10 passed; 1 failed; 1 ignored; 0 measured; 0 filtered out; finished in 0.36s

error: doctest failed, to rerun pass `--doc`"
parse-patch-bsan,plotters-svg-0.3.7,,build_failed,rustc,/scratch/group/p.cis260229.000/datasets/top_1_percent/plotters-svg-0.3.7/hyperfine-parse-patch-bsan.log,true,true,,"RUSTFLAGS=[--cfg=miri --cap-lints=warn]
LIMIT=[timeout -k 30 1h ]
    Updating crates.io index
 Downloading crates ...
  Downloaded adler2 v2.0.1
  Downloaded byteorder v1.5.0
  Downloaded simd-adler32 v0.3.10
  Downloaded cfg-if v1.0.5
  Downloaded color_quant v1.1.0
  Downloaded plotters-backend v0.3.7
  Downloaded crc32fast v1.5.2
  Downloaded autocfg v1.5.1
  Downloaded bitflags v1.3.2
  Downloaded fdeflate v0.3.7
  Downloaded num-traits v0.2.19
  Downloaded bytemuck v1.25.2
  Downloaded miniz_oxide v0.9.1
  Downloaded miniz_oxide v0.8.9
  Downloaded flate2 v1.1.10
  Downloaded png v0.17.16
  Downloaded zlib-rs v0.6.8
  Downloaded jpeg-decoder v0.3.2
  Downloaded image v0.24.9
   Compiling plotters-backend v0.3.7
   Compiling plotters-svg v0.3.7 (/work)
error[E0433]: cannot find module or crate `plotters` in this scope
   --> src/svg.rs:550:9
    |
550 |     use plotters::element::Circle;
    |         ^^^^^^^^ use of unresolved module or unlinked crate `plotters`
    |
    = help: if you wanted to use a crate named `plotters`, use `cargo add plotters` to add it to your `Cargo.toml`

error[E0433]: cannot find module or crate `plotters` in this scope
   --> src/svg.rs:551:9
    |
551 |     use plotters::prelude::{
    |         ^^^^^^^^ use of unresolved module or unlinked crate `plotters`
    |
    = help: if you wanted to use a crate named `plotters`, use `cargo add plotters` to add it to your `Cargo.toml`

error[E0433]: cannot find module or crate `plotters` in this scope
   --> src/svg.rs:555:9
    |
555 |     use plotters::style::text_anchor::{HPos, Pos, VPos};
    |         ^^^^^^^^ use of unresolved module or unlinked crate `plotters`
    |
    = help: if you wanted to use a crate named `plotters`, use `cargo add plotters` to add it to your `Cargo.toml`

error[E0599]: no method named `into_drawing_area` found for struct `svg::SVGBackend<'a>` in the current scope
   --> src/svg.rs:576:74
    |
 69 | pub struct SVGBackend<'a> {
    | ------------------------- method `into_drawing_area` not found for this struct
...
576 |             let root = SVGBackend::with_string(&mut content, (500, 500)).into_drawing_area();
    |                                                                          ^^^^^^^^^^^^^^^^^ method not found in `svg::SVGBackend<'_>`

error[E0599]: no method named `into_font` found for tuple `(&str, {integer})` in the current scope
   --> src/svg.rs:612:60
    |
612 |             let style = TextStyle::from((""sans-serif"", 20).into_font())
    |                                                            ^^^^^^^^^ method not found in `(&str, {integer})`

error[E0599]: no method named `into_drawing_area` found for struct `svg::SVGBackend<'a>` in the current scope
   --> src/svg.rs:644:75
    |
 69 | pub struct SVGBackend<'a> {
    | ------------------------- method `into_drawing_area` not found for this struct
...
644 |             let root = SVGBackend::with_string(&mut content, (1500, 800)).into_drawing_area();
    |                                                                           ^^^^^^^^^^^^^^^^^ method not found in `svg::SVGBackend<'_>`

error[E0599]: no method named `into_font` found for tuple `(&str, {integer})` in the current scope
   --> src/svg.rs:646:59
    |
646 |                 .titled(""Image Title"", (""sans-serif"", 60).into_font())
    |                                                           ^^^^^^^^^ method not found in `(&str, {integer})`

error[E0599]: no method named `into_font` found for tuple `(&str, {integer})` in the current scope
   --> src/svg.rs:681:76
    |
681 | ...                   let style = TextStyle::from((""sans-serif"", 20).into_font())
    |                                                                      ^^^^^^^^^ method not found in `(&str, {integer})`

error[E0599]: no method named `into_drawing_area` found for struct `svg::SVGBackend<'a>` in the current scope
   --> src/svg.rs:707:18
    |
 69 | pub struct SVGBackend<'a> {
    | ------------------------- method `into_drawing_area` not found for this struct
...
706 |             let root = SVGBackend::with_string(&mut content, (width as u32, height as u32))
707 |                 .into_drawing_area();
    |                  ^^^^^^^^^^^^^^^^^ method not found in `svg::SVGBackend<'_>`

error[E0599]: no method named `into_font` found for tuple `(&str, {integer})` in the current scope
   --> src/svg.rs:709:60
    |
709 |             let style = TextStyle::from((""sans-serif"", 20).into_font())
    |                                                            ^^^^^^^^^ method not found in `(&str, {integer})`

error[E0599]: no method named `into_drawing_area` found for struct `svg::SVGBackend<'a>` in the current scope
   --> src/svg.rs:736:79
    |
 69 | pub struct SVGBackend<'a> {
    | ------------------------- method `into_drawing_area` not found for this struct
...
736 |             let root = SVGBackend::with_string(&mut content, (width, height)).into_drawing_area();
    |                                                                               ^^^^^^^^^^^^^^^^^ method not found in `svg::SVGBackend<'_>`

error[E0599]: no method named `into_drawing_area` found for struct `svg::SVGBackend<'a>` in the current scope
   --> src/svg.rs:795:18
    |
 69 | pub struct SVGBackend<'a> {
    | ------------------------- method `into_drawing_area` not found for this struct
...
794 |             let root = SVGBackend::with_string(&mut content, (width as u32, height as u32))
795 |                 .into_drawing_area();
    |                  ^^^^^^^^^^^^^^^^^ method not found in `svg::SVGBackend<'_>`

Some errors have detailed explanations: E0433, E0599.
For more information about an error, try `rustc --explain E0433`.
error: could not compile `plotters-svg` (lib test) due to 12 previous errors
CSVROW:parse-patch-bsan,plotters-svg-0.3.7,,build_failed,,,,,,,1,2026-10-05T15:06:41Z,2188463.8"
parse-patch-bsan,treediff-5.0.0,__all__,no_match,other,/scratch/group/p.cis260229.000/datasets/top_1_percent/treediff-5.0.0/hyperfine-parse-patch-bsan.log,true,true,0,"    Finished `test` profile [unoptimized + debuginfo] target(s) in 0.62s
     Running unittests src/lib.rs (/scratch/group/p.cis260229.000/cargo-temp-u.mm346025/hf-2188464-11/target/bsan/x86_64-unknown-linux-gnu/debug/build/treediff/88f649f0380d3016/out/treediff-88f649f0380d3016)

running 0 tests

test result: ok. 0 passed; 0 failed; 0 ignored; 0 measured; 0 filtered out; finished in 0.05s

   Doc-tests treediff

running 0 tests

test result: ok. 0 passed; 0 failed; 0 ignored; 0 measured; 0 filtered out; finished in 0.00s
"
parse-patch-bsan,deflate64-0.1.12,__all__,no_match,other,/scratch/group/p.cis260229.000/datasets/top_1_percent/deflate64-0.1.12/hyperfine-parse-patch-bsan.log,true,true,0,"    Finished `test` profile [unoptimized + debuginfo] target(s) in 0.39s
     Running unittests src/lib.rs (/scratch/group/p.cis260229.000/cargo-temp-u.mm346025/hf-2188464-2/target/bsan/x86_64-unknown-linux-gnu/debug/build/deflate64/d14444c52a704014/out/deflate64-d14444c52a704014)

running 0 tests

test result: ok. 0 passed; 0 failed; 0 ignored; 0 measured; 0 filtered out; finished in 0.05s

   Doc-tests deflate64

running 0 tests

test result: ok. 0 passed; 0 failed; 0 ignored; 0 measured; 0 filtered out; finished in 0.00s
"
parse-patch-bsan,guppy-workspace-hack-0.1.0,__all__,no_match,other,/scratch/group/p.cis260229.000/datasets/top_1_percent/guppy-workspace-hack-0.1.0/hyperfine-parse-patch-bsan.log,true,true,0,"warning: Cargo.toml: `package.edition` is unspecified, defaulting to `2015` while the latest is `2024`
warning: `guppy-workspace-hack` (manifest) generated 1 warning
    Finished `test` profile [unoptimized + debuginfo] target(s) in 0.28s
     Running unittests src/lib.rs (/scratch/group/p.cis260229.000/cargo-temp-u.mm346025/hf-2188464-4/target/bsan/x86_64-unknown-linux-gnu/debug/build/guppy-workspace-hack/d243a3891e5b1672/out/guppy_workspace_hack-d243a3891e5b1672)

running 0 tests

test result: ok. 0 passed; 0 failed; 0 ignored; 0 measured; 0 filtered out; finished in 0.06s

   Doc-tests guppy_workspace_hack

running 0 tests

test result: ok. 0 passed; 0 failed; 0 ignored; 0 measured; 0 filtered out; finished in 0.00s
"
parse-patch-bsan,ctor-proc-macro-0.0.13,__all__,no_match,other,/scratch/group/p.cis260229.000/datasets/top_1_percent/ctor-proc-macro-0.0.13/hyperfine-parse-patch-bsan.log,true,true,0,"    Finished `test` profile [unoptimized + debuginfo] target(s) in 0.02s
     Running unittests src/lib.rs (/scratch/group/p.cis260229.000/cargo-temp-u.mm346025/hf-2188453-2/target/bsan/debug/build/ctor-proc-macro/cb2882b06ca503f4/out/ctor_proc_macro-cb2882b06ca503f4)

running 0 tests

test result: ok. 0 passed; 0 failed; 0 ignored; 0 measured; 0 filtered out; finished in 0.00s

   Doc-tests ctor_proc_macro

running 0 tests

test result: ok. 0 passed; 0 failed; 0 ignored; 0 measured; 0 filtered out; finished in 0.00s
"
parse-patch-bsan,solana-program-pack-3.1.0,__all__,no_match,other,/scratch/group/p.cis260229.000/datasets/top_1_percent/solana-program-pack-3.1.0/hyperfine-parse-patch-bsan.log,true,true,0,"    Finished `test` profile [unoptimized + debuginfo] target(s) in 0.02s
     Running unittests src/lib.rs (/scratch/group/p.cis260229.000/cargo-temp-u.mm346025/hf-2188465-10/target/bsan/x86_64-unknown-linux-gnu/debug/build/solana-program-pack/afee2cb12f5560b4/out/solana_program_pack-afee2cb12f5560b4)

running 0 tests

test result: ok. 0 passed; 0 failed; 0 ignored; 0 measured; 0 filtered out; finished in 0.06s

   Doc-tests solana_program_pack

running 0 tests

test result: ok. 0 passed; 0 failed; 0 ignored; 0 measured; 0 filtered out; finished in 0.00s
"
parse-patch-bsan,vec1-1.12.1,,fetch_failed,other,/scratch/group/p.cis260229.000/datasets/top_1_percent/vec1-1.12.1/hyperfine-parse-patch-bsan.log,true,true,,"RUSTFLAGS=[--cfg=miri --cap-lints=warn]
LIMIT=[timeout -k 30 1h ]
info: syncing channel updates for 1.71.1-x86_64-unknown-linux-gnu
error: could not create temp file /opt/rust/rustup/tmp/s2n7kj1413ywevvh_file: Read-only file system (os error 30)
CSVROW:parse-patch-bsan,vec1-1.12.1,,fetch_failed,,,,,,,1,2026-10-05T15:18:09Z,2188465.12"
parse-patch-bsan,macro_rules_attribute-0.2.3,,fetch_failed,other,/scratch/group/p.cis260229.000/datasets/top_1_percent/macro_rules_attribute-0.2.3/hyperfine-parse-patch-bsan.log,true,true,,"RUSTFLAGS=[--cfg=miri --cap-lints=warn]
LIMIT=[timeout -k 30 1h ]
info: syncing channel updates for 1.78.0-x86_64-unknown-linux-gnu
error: could not create temp file /opt/rust/rustup/tmp/9jvzqun00ore73k2_file: Read-only file system (os error 30)
CSVROW:parse-patch-bsan,macro_rules_attribute-0.2.3,,fetch_failed,,,,,,,1,2026-10-05T15:18:09Z,2188465.6"
parse-patch-bsan,precomputed-hash-0.1.1,__all__,no_match,other,/scratch/group/p.cis260229.000/datasets/top_1_percent/precomputed-hash-0.1.1/hyperfine-parse-patch-bsan.log,true,true,0,"warning: Cargo.toml: `package.edition` is unspecified, defaulting to `2015` while the latest is `2024`
warning: `precomputed-hash` (manifest) generated 1 warning
    Finished `test` profile [unoptimized + debuginfo] target(s) in 0.02s
     Running unittests src/lib.rs (/scratch/group/p.cis260229.000/cargo-temp-u.mm346025/hf-2188465-8/target/bsan/x86_64-unknown-linux-gnu/debug/build/precomputed-hash/8cc22837764cfbda/out/precomputed_hash-8cc22837764cfbda)

running 0 tests

test result: ok. 0 passed; 0 failed; 0 ignored; 0 measured; 0 filtered out; finished in 0.06s

   Doc-tests precomputed_hash

running 0 tests

test result: ok. 0 passed; 0 failed; 0 ignored; 0 measured; 0 filtered out; finished in 0.00s
"
parse-patch-bsan,solana-sanitize-3.0.1,__all__,no_match,other,/scratch/group/p.cis260229.000/datasets/top_1_percent/solana-sanitize-3.0.1/hyperfine-parse-patch-bsan.log,true,true,0,"    Finished `test` profile [unoptimized + debuginfo] target(s) in 0.02s
     Running unittests src/lib.rs (/scratch/group/p.cis260229.000/cargo-temp-u.mm346025/hf-2188466-10/target/bsan/x86_64-unknown-linux-gnu/debug/build/solana-sanitize/9ec33e1654e3a85f/out/solana_sanitize-9ec33e1654e3a85f)

running 0 tests

test result: ok. 0 passed; 0 failed; 0 ignored; 0 measured; 0 filtered out; finished in 0.05s

   Doc-tests solana_sanitize

running 0 tests

test result: ok. 0 passed; 0 failed; 0 ignored; 0 measured; 0 filtered out; finished in 0.00s
"
parse-patch-bsan,xshell-macros-0.2.7,__all__,no_match,other,/scratch/group/p.cis260229.000/datasets/top_1_percent/xshell-macros-0.2.7/hyperfine-parse-patch-bsan.log,true,true,0,"    Finished `test` profile [unoptimized + debuginfo] target(s) in 0.04s
     Running unittests src/lib.rs (/scratch/group/p.cis260229.000/cargo-temp-u.mm346025/hf-2188466-13/target/bsan/debug/build/xshell-macros/9e6c903e8f34778c/out/xshell_macros-9e6c903e8f34778c)

running 0 tests

test result: ok. 0 passed; 0 failed; 0 ignored; 0 measured; 0 filtered out; finished in 0.00s

   Doc-tests xshell_macros

running 0 tests

test result: ok. 0 passed; 0 failed; 0 ignored; 0 measured; 0 filtered out; finished in 0.00s
"
parse-patch-bsan,deno_core_icudata-0.78.0,__all__,no_match,other,/scratch/group/p.cis260229.000/datasets/top_1_percent/deno_core_icudata-0.78.0/hyperfine-parse-patch-bsan.log,true,true,0,"    Finished `test` profile [unoptimized + debuginfo] target(s) in 0.02s
     Running unittests src/lib.rs (/scratch/group/p.cis260229.000/cargo-temp-u.mm346025/hf-2188466-2/target/bsan/x86_64-unknown-linux-gnu/debug/build/deno_core_icudata/bae19738ac1885d8/out/deno_core_icudata-bae19738ac1885d8)

running 0 tests

test result: ok. 0 passed; 0 failed; 0 ignored; 0 measured; 0 filtered out; finished in 0.08s

   Doc-tests deno_core_icudata

running 0 tests

test result: ok. 0 passed; 0 failed; 0 ignored; 0 measured; 0 filtered out; finished in 0.00s
"
parse-patch-bsan,hash-db-0.16.0,__all__,no_match,other,/scratch/group/p.cis260229.000/datasets/top_1_percent/hash-db-0.16.0/hyperfine-parse-patch-bsan.log,true,true,0,"    Finished `test` profile [unoptimized + debuginfo] target(s) in 0.02s
     Running unittests src/lib.rs (/scratch/group/p.cis260229.000/cargo-temp-u.mm346025/hf-2188466-4/target/bsan/x86_64-unknown-linux-gnu/debug/build/hash-db/7536d1ab6303696d/out/hash_db-7536d1ab6303696d)

running 0 tests

test result: ok. 0 passed; 0 failed; 0 ignored; 0 measured; 0 filtered out; finished in 0.05s

   Doc-tests hash_db

running 0 tests

test result: ok. 0 passed; 0 failed; 0 ignored; 0 measured; 0 filtered out; finished in 0.00s
"
parse-patch-bsan,indexmap-nostd-0.4.0,__all__,no_match,other,/scratch/group/p.cis260229.000/datasets/top_1_percent/indexmap-nostd-0.4.0/hyperfine-parse-patch-bsan.log,true,true,0,"warning: hiding a lifetime that's elided elsewhere is confusing
   --> src/map.rs:184:18
    |
184 |     pub fn entry(&mut self, key: K) -> Entry<K, V>
    |                  ^^^^^^^^^             ^^^^^^^^^^^ the same lifetime is hidden here
    |                  |
    |                  the lifetime is elided here
    |
    = help: the same lifetime is referred to in inconsistent ways, making the signature confusing
    = note: `#[warn(mismatched_lifetime_syntaxes)]` on by default
help: use `'_` for type paths
    |
184 |     pub fn entry(&mut self, key: K) -> Entry<'_, K, V>
    |                                              +++

warning: hiding a lifetime that's elided elsewhere is confusing
   --> src/map.rs:271:17
    |
271 |     pub fn iter(&self) -> Iter<K, V> {
    |                 ^^^^^     ^^^^^^^^^^ the same lifetime is hidden here
    |                 |
    |                 the lifetime is elided here
    |
    = help: the same lifetime is referred to in inconsistent ways, making the signature confusing
help: use `'_` for type paths
    |
271 |     pub fn iter(&self) -> Iter<'_, K, V> {
    |                                +++

warning: hiding a lifetime that's elided elsewhere is confusing
   --> src/map.rs:278:21
    |
278 |     pub fn iter_mut(&mut self) -> IterMut<K, V> {
    |                     ^^^^^^^^^     ^^^^^^^^^^^^^ the same lifetime is hidden here
    |                     |
    |                     the lifetime is elided here
    |
    = help: the same lifetime is referred to in inconsistent ways, making the signature confusing
help: use `'_` for type paths
    |
278 |     pub fn iter_mut(&mut self) -> IterMut<'_, K, V> {
    |                                           +++

warning: hiding a lifetime that's elided elsewhere is confusing
   --> src/map.rs:285:19
    |
285 |     pub fn values(&self) -> Values<K, V> {
    |                   ^^^^^     ^^^^^^^^^^^^ the same lifetime is hidden here
    |                   |
    |                   the lifetime is elided here
    |
    = help: the same lifetime is referred to in inconsistent ways, making the signature confusing
help: use `'_` for type paths
    |
285 |     pub fn values(&self) -> Values<'_, K, V> {
    |                                    +++

warning: hiding a lifetime that's elided elsewhere is confusing
   --> src/map.rs:292:23
    |
292 |     pub fn values_mut(&mut self) -> ValuesMut<K, V> {
    |                       ^^^^^^^^^     ^^^^^^^^^^^^^^^ the same lifetime is hidden here
    |                       |
    |                       the lifetime is elided here
    |
    = help: the same lifetime is referred to in inconsistent ways, making the signature confusing
help: use `'_` for type paths
    |
292 |     pub fn values_mut(&mut self) -> ValuesMut<'_, K, V> {
    |                                               +++

warning: hiding a lifetime that's elided elsewhere is confusing
   --> src/set.rs:221:17
    |
221 |     pub fn iter(&self) -> Iter<T> {
    |                 ^^^^^     ^^^^^^^ the same lifetime is hidden here
    |                 |
    |                 the lifetime is elided here
    |
    = help: the same lifetime is referred to in inconsistent ways, making the signature confusing
help: use `'_` for type paths
    |
221 |     pub fn iter(&self) -> Iter<'_, T> {
    |                                +++

warning: `indexmap-nostd` (lib) generated 6 warnings (run `cargo fix --lib -p indexmap-nostd` to apply 6 suggestions)
warning: `indexmap-nostd` (lib test) generated 6 warnings (6 duplicates)
    Finished `test` profile [unoptimized + debuginfo] target(s) in 0.04s
     Running unittests src/lib.rs (/scratch/group/p.cis260229.000/cargo-temp-u.mm346025/hf-2188466-5/target/bsan/x86_64-unknown-linux-gnu/debug/build/indexmap-nostd/c90054fcad755bfe/out/indexmap_nostd-c90054fcad755bfe)

running 0 tests

test result: ok. 0 passed; 0 failed; 0 ignored; 0 measured; 0 filtered out; finished in 0.05s

   Doc-tests indexmap_nostd

running 0 tests

test result: ok. 0 passed; 0 failed; 0 ignored; 0 measured; 0 filtered out; finished in 0.00s
"
parse-patch-bsan,macro_rules_attribute-proc_macro-0.2.3,__all__,no_match,other,/scratch/group/p.cis260229.000/datasets/top_1_percent/macro_rules_attribute-proc_macro-0.2.3/hyperfine-parse-patch-bsan.log,true,true,0,"warning: non-local `impl` definition, `impl` blocks should be written at the same level as their item
   --> mod.rs:300:9
    |
297 | /     fn vec (self: Self)
298 | |       -> Vec<Self::Item>
    | |________________________- move the `impl` block outside of this method `vec`
299 |       {
300 |           impl<T : IntoIterator> CollectVec for T {}
    |           ^^^^^^^^^^^^^^^^^^^^^^^----------^^^^^^
    |                                  |
    |                                  `CollectVec` is not local
    |
    = note: an `impl` is never scoped, even when it is nested inside an item, as it may impact type checking outside of that item, which can be the case if neither the trait or the self type are at the same nesting level as the `impl`
    = note: `#[warn(non_local_definitions)]` on by default

warning: `macro_rules_attribute-proc_macro` (lib) generated 1 warning
warning: `macro_rules_attribute-proc_macro` (lib test) generated 1 warning (1 duplicate)
    Finished `test` profile [unoptimized + debuginfo] target(s) in 0.04s
     Running unittests mod.rs (/scratch/group/p.cis260229.000/cargo-temp-u.mm346025/hf-2188466-6/target/bsan/debug/build/macro_rules_attribute-proc_macro/56bb8f101ae4dbe0/out/macro_rules_attribute_proc_macro-56bb8f101ae4dbe0)

running 0 tests

test result: ok. 0 passed; 0 failed; 0 ignored; 0 measured; 0 filtered out; finished in 0.00s

   Doc-tests macro_rules_attribute_proc_macro

running 0 tests

test result: ok. 0 passed; 0 failed; 0 ignored; 0 measured; 0 filtered out; finished in 0.00s
"
parse-patch-bsan,fake-simd-0.1.2,__all__,no_match,other,/scratch/group/p.cis260229.000/datasets/top_1_percent/fake-simd-0.1.2/hyperfine-parse-patch-bsan.log,true,true,0,"warning: Cargo.toml: `package.edition` is unspecified, defaulting to `2015` while the latest is `2024`
warning: `fake-simd` (manifest) generated 1 warning
    Finished `test` profile [unoptimized + debuginfo] target(s) in 0.02s
     Running unittests src/lib.rs (/scratch/group/p.cis260229.000/cargo-temp-u.mm346025/hf-2188467-3/target/bsan/x86_64-unknown-linux-gnu/debug/build/fake-simd/4d3e741637246e1b/out/fake_simd-4d3e741637246e1b)

running 0 tests

test result: ok. 0 passed; 0 failed; 0 ignored; 0 measured; 0 filtered out; finished in 0.06s

   Doc-tests fake_simd

running 0 tests

test result: ok. 0 passed; 0 failed; 0 ignored; 0 measured; 0 filtered out; finished in 0.00s
"
parse-patch-bsan,predicates-tree-1.0.13,__all__,no_match,other,/scratch/group/p.cis260229.000/datasets/top_1_percent/predicates-tree-1.0.13/hyperfine-parse-patch-bsan.log,true,true,0,"    Finished `test` profile [unoptimized + debuginfo] target(s) in 0.06s
     Running unittests src/lib.rs (/scratch/group/p.cis260229.000/cargo-temp-u.mm346025/hf-2188467-8/target/bsan/x86_64-unknown-linux-gnu/debug/build/predicates-tree/21381d0d9dec8c9c/out/predicates_tree-21381d0d9dec8c9c)

running 0 tests

test result: ok. 0 passed; 0 failed; 0 ignored; 0 measured; 0 filtered out; finished in 0.05s

   Doc-tests predicates_tree

running 0 tests

test result: ok. 0 passed; 0 failed; 0 ignored; 0 measured; 0 filtered out; finished in 0.00s
"
parse-patch-bsan,atoi-3.1.0,,fetch_failed,other,/scratch/group/p.cis260229.000/datasets/top_1_percent/atoi-3.1.0/hyperfine-parse-patch-bsan.log,true,true,,"RUSTFLAGS=[--cfg=miri --cap-lints=warn]
LIMIT=[timeout -k 30 1h ]
info: syncing channel updates for 1.86.0-x86_64-unknown-linux-gnu
error: could not create temp file /opt/rust/rustup/tmp/go5ovee_ngn19m3e_file: Read-only file system (os error 30)
CSVROW:parse-patch-bsan,atoi-3.1.0,,fetch_failed,,,,,,,1,2026-10-05T15:21:40Z,2188468.0"
parse-patch-bsan,ttf-parser-0.25.1,__all__,test_failed,gc,/scratch/group/p.cis260229.000/datasets/top_1_percent/ttf-parser-0.25.1/hyperfine-parse-patch-bsan.log,true,true,1,"warning: hiding a lifetime that's elided elsewhere is confusing
    --> src/lib.rs:2204:9
     |
2204 |         &self,
     |         ^^^^^ the lifetime is elided here
...
2207 |     ) -> Option<RasterGlyphImage> {
     |                 ^^^^^^^^^^^^^^^^ the same lifetime is hidden here
     |
     = help: the same lifetime is referred to in inconsistent ways, making the signature confusing
     = note: `#[warn(mismatched_lifetime_syntaxes)]` on by default
help: use `'_` for type paths
     |
2207 |     ) -> Option<RasterGlyphImage<'_>> {
     |                                 ++++

warning: hiding a lifetime that's elided elsewhere is confusing
   --> src/tables/cff/cff1.rs:802:29
    |
802 | fn parse_cid_metadata(data: &[u8], top_dict: TopDict, number_of_glyphs: u16) -> Option<FontKind> {
    |                             ^^^^^ the lifetime is elided here                          ^^^^^^^^ the same lifetime is hidden here
    |
    = help: the same lifetime is referred to in inconsistent ways, making the signature confusing
help: use `'_` for type paths
    |
802 | fn parse_cid_metadata(data: &[u8], top_dict: TopDict, number_of_glyphs: u16) -> Option<FontKind<'_>> {
    |                                                                                                ++++

warning: hiding a lifetime that's elided elsewhere is confusing
   --> src/tables/glyf.rs:485:17
    |
485 |     glyph_data: &[u8],
    |                 ^^^^^ the lifetime is elided here
486 |     number_of_contours: NonZeroU16,
487 | ) -> Option<GlyphPointsIter> {
    |             ^^^^^^^^^^^^^^^ the same lifetime is hidden here
    |
    = help: the same lifetime is referred to in inconsistent ways, making the signature confusing
help: use `'_` for type paths
    |
487 | ) -> Option<GlyphPointsIter<'_>> {
    |                            ++++

warning: hiding a lifetime that's elided elsewhere is confusing
   --> src/tables/stat.rs:420:9
    |
420 |         &self,
    |         ^^^^^ the lifetime is elided here
...
423 |     ) -> Option<AxisValueSubtable> {
    |                 ^^^^^^^^^^^^^^^^^ the same lifetime is hidden here
    |
    = help: the same lifetime is referred to in inconsistent ways, making the signature confusing
help: use `'_` for type paths
    |
423 |     ) -> Option<AxisValueSubtable<'_>> {
    |                                  ++++

warning: hiding a lifetime that's elided elsewhere is confusing
   --> src/tables/gpos.rs:910:16
    |
910 |     pub fn get(&self, row: u16, col: u16) -> Option<Anchor> {
    |                ^^^^^ the lifetime is elided here    ^^^^^^ the same lifetime is hidden here
    |
    = help: the same lifetime is referred to in inconsistent ways, making the signature confusing
help: use `'_` for type paths
    |
910 |     pub fn get(&self, row: u16, col: u16) -> Option<Anchor<'_>> {
    |                                                           ++++

warning: hiding a lifetime that's elided elsewhere is confusing
  --> src/tables/math.rs:48:24
   |
48 |     fn get(self, data: &[u8]) -> MathValue {
   |                        ^^^^^     ^^^^^^^^^ the same lifetime is hidden here
   |                        |
   |                        the lifetime is elided here
   |
   = help: the same lifetime is referred to in inconsistent ways, making the signature confusing
help: use `'_` for type paths
   |
48 |     fn get(self, data: &[u8]) -> MathValue<'_> {
   |                                           ++++

warning: hiding a lifetime that's elided elsewhere is confusing
  --> src/var_store.rs:63:27
   |
63 |     pub fn region_indices(&self, index: u16) -> Option<LazyArray16<u16>> {
   |                           ^^^^^                        ^^^^^^^^^^^^^^^^ the same lifetime is hidden here
   |                           |
   |                           the lifetime is elided here
   |
   = help: the same lifetime is referred to in inconsistent ways, making the signature confusing
help: use `'_` for type paths
   |
63 |     pub fn region_indices(&self, index: u16) -> Option<LazyArray16<'_, u16>> {
   |                                                                    +++

warning: `ttf-parser` (lib) generated 7 warnings (run `cargo fix --lib -p ttf-parser` to apply 7 suggestions)
warning: `ttf-parser` (lib test) generated 7 warnings (7 duplicates)
    Finished `test` profile [unoptimized + debuginfo] target(s) in 0.05s
     Running unittests src/lib.rs (/scratch/group/p.cis260229.000/cargo-temp-u.mm346025/hf-2188468-11/target/bsan/x86_64-unknown-linux-gnu/debug/build/ttf-parser/2825da3ff30fcb74/out/ttf_parser-2825da3ff30fcb74)

running 37 tests
test tables::cff::cff1::tests::negative_private_dict_offset_and_size ... ok
test tables::cff::cff1::tests::private_dict_negative_char_strings_offset ... ok
test tables::cff::cff1::tests::private_dict_no_char_strings_offset_operand ... ok
test tables::cff::cff1::tests::private_dict_size_overflow ... ok
test tables::cff::dict::tests::parse_dict_number ... ok
test tables::cff::index::tests::parse_offset_size ... ok
test tables::gvar::packed_deltas::tests::delta_after_zeros ... ok
test tables::gvar::packed_deltas::tests::empty ... ok
test tables::gvar::packed_deltas::tests::invalid_number_of_pairs ... ok
test tables::gvar::packed_deltas::tests::non_default_scalar ... ok
test tables::gvar::packed_deltas::tests::mixed_runs ... ok
test tables::gvar::packed_deltas::tests::single_delta ... ok
test tables::gvar::packed_deltas::tests::single_long_delta ... ok
test tables::gvar::packed_deltas::tests::single_run ... ok
test tables::gvar::packed_deltas::tests::too_many_pairs ... ok
test tables::gvar::packed_deltas::tests::two_deltas ... ok
test tables::gvar::packed_deltas::tests::unexpected_end_of_data_1 ... ok
test tables::gvar::packed_deltas::tests::unexpected_end_of_data_2 ... ok
test tables::gvar::packed_deltas::tests::unexpected_end_of_data_3 ... ok
test tables::gvar::packed_deltas::tests::unexpected_end_of_data_4 ... ok
test tables::gvar::packed_deltas::tests::unexpected_end_of_data_6 ... ok
test tables::gvar::packed_deltas::tests::unexpected_end_of_data_7 ... ok
test tables::gvar::packed_deltas::tests::zero_runs ... ok
test tables::gvar::packed_deltas::tests::zero_words ... ok
test tables::gvar::packed_deltas::tests::zeros ... ok
test tables::gvar::packed_points::tests::empty ... ok
test tables::gvar::packed_points::tests::long_points ... ok
test tables::gvar::packed_points::tests::multiple_runs ... ok
test tables::gvar::packed_points::tests::set_0_and_2 ... ok
test tables::gvar::packed_points::tests::set_1_and_2 ... ok
test tables::gvar::packed_points::tests::set_1_and_3 ... ok
test tables::gvar::packed_points::tests::set_2_5_7 ... ok
test tables::gvar::packed_points::tests::single_point ... ok
test tables::gvar::packed_points::tests::single_zero_control ... ok
test tables::gvar::packed_points::tests::more_than_127_points ... ok
test tables::gvar::packed_points::tests::runs_overflow ... ok
ERROR: BorrowSanitizer: garbage collection has been waiting 10001 ms for threads to reach a safepoint (gc_hang_threshold_ms=10000).
  Thread T12 (os_id 0) has not reached a safepoint.
error: test failed, to rerun pass `--lib`

Caused by:
  process didn't exit successfully: `/scratch/group/p.cis260229.000/cargo-temp-u.mm346025/hf-2188468-11/target/bsan/x86_64-unknown-linux-gnu/debug/build/ttf-parser/2825da3ff30fcb74/out/ttf_parser-2825da3ff30fcb74` (exit status: 1)
note: test exited abnormally; to see the full output pass --no-capture to the harness."
parse-patch-bsan,yazi-0.2.1,__all__,test_failed,oom,/scratch/group/p.cis260229.000/datasets/top_1_percent/yazi-0.2.1/hyperfine-parse-patch-bsan.log,true,true,101,"warning: `package.homepage` is redundant with `package.repository`
  --> Cargo.toml:24:12
   |
24 | homepage = ""https://github.com/dfrg/yazi""
   |            ^^^^^^^^^^^^^^^^^^^^^^^^^^^^^^
...
34 | repository = ""https://github.com/dfrg/yazi""
   |              ------------------------------
   |
   = note: `cargo::redundant_homepage` is set to `warn` by default
help: consider removing `package.homepage`
warning: `yazi` (manifest) generated 1 warning
    Finished `test` profile [unoptimized + debuginfo] target(s) in 0.04s
     Running unittests src/lib.rs (/scratch/group/p.cis260229.000/cargo-temp-u.mm346025/hf-2188468-13/target/bsan/x86_64-unknown-linux-gnu/debug/build/yazi/7ad38f5fca98c37f/out/yazi-7ad38f5fca98c37f)

running 6 tests
test tests::compress_decompress has been running for over 60 seconds
test tests::compress_decompress_raw has been running for over 60 seconds
test tests::compress_decompress_static has been running for over 60 seconds
test tests::compress_decompress_streaming_1byte has been running for over 60 seconds
test tests::compress_decompress_streaming_64bytes has been running for over 60 seconds
test tests::compress_decompress_zlib has been running for over 60 seconds
error: test failed, to rerun pass `--lib`

Caused by:
  process didn't exit successfully: `/scratch/group/p.cis260229.000/cargo-temp-u.mm346025/hf-2188468-13/target/bsan/x86_64-unknown-linux-gnu/debug/build/yazi/7ad38f5fca98c37f/out/yazi-7ad38f5fca98c37f` (signal: 9, SIGKILL: kill)"
parse-patch-bsan,autocfg-1.5.1,__all__,test_failed,rustc,/scratch/group/p.cis260229.000/datasets/top_1_percent/autocfg-1.5.1/hyperfine-parse-patch-bsan.log,true,true,101,"    Finished `test` profile [unoptimized + debuginfo] target(s) in 0.10s
     Running unittests src/lib.rs (/scratch/group/p.cis260229.000/cargo-temp-u.mm346025/hf-2188469-0/target/bsan/x86_64-unknown-linux-gnu/debug/build/autocfg/76b92df62b5a8469/out/autocfg-76b92df62b5a8469)

running 5 tests
test tests::dir_does_contain_target ... ok
test tests::dir_does_contain_target_with_custom_target_dir ... ok
test tests::dir_does_not_contain_target ... ok
test tests::dir_does_not_contain_target_with_custom_target_dir ... ok
test tests::version_cmp ... ok

test result: ok. 5 passed; 0 failed; 0 ignored; 0 measured; 0 filtered out; finished in 0.08s

     Running tests/no_std.rs (/scratch/group/p.cis260229.000/cargo-temp-u.mm346025/hf-2188469-0/target/bsan/x86_64-unknown-linux-gnu/debug/build/autocfg/2dad72f3ead586bd/out/no_std-2dad72f3ead586bd)

running 1 test
error[E0432]: unresolved import `std`
 --> <anon>:2:9
  |
2 | pub use std::mem;
  |         ^^^ use of unresolved module or unlinked crate `std`
  |
help: you might be missing a crate named `std`, add it to your project and import it in your code
  |
2 + extern crate std;
  |

error: aborting due to 1 previous error

For more information about this error, try `rustc --explain E0432`.
test no_std ... ok

test result: ok. 1 passed; 0 failed; 0 ignored; 0 measured; 0 filtered out; finished in 0.63s

     Running tests/rustflags.rs (/scratch/group/p.cis260229.000/cargo-temp-u.mm346025/hf-2188469-0/target/bsan/x86_64-unknown-linux-gnu/debug/build/autocfg/74b9ef0b6051db8b/out/rustflags-74b9ef0b6051db8b)

running 1 test
error[E0463]: can't find crate for `autocfg`
 --> <anon>:1:1
  |
1 | extern crate autocfg as probe;
  | ^^^^^^^^^^^^^^^^^^^^^^^^^^^^^^ can't find crate

error: aborting due to 1 previous error

For more information about this error, try `rustc --explain E0463`.
error[E0463]: can't find crate for `autocfg`
 --> <anon>:1:1
  |
1 | extern crate autocfg as probe;
  | ^^^^^^^^^^^^^^^^^^^^^^^^^^^^^^ can't find crate

error: aborting due to 1 previous error

For more information about this error, try `rustc --explain E0463`.
test test_with_sysroot ... FAILED

failures:

---- test_with_sysroot stdout ----

thread 'test_with_sysroot' (1079827) panicked at tests/rustflags.rs:27:5:
assertion failed: ac.probe_sysroot_crate(""autocfg"")
note: run with `RUST_BACKTRACE=1` environment variable to display a backtrace


failures:
    test_with_sysroot

test result: FAILED. 0 passed; 1 failed; 0 ignored; 0 measured; 0 filtered out; finished in 0.60s

error: test failed, to rerun pass `--test rustflags`"
parse-patch-bsan,typeable-0.1.2,__all__,no_match,other,/scratch/group/p.cis260229.000/datasets/top_1_percent/typeable-0.1.2/hyperfine-parse-patch-bsan.log,true,true,0,"warning: Cargo.toml: `package.edition` is unspecified, defaulting to `2015` while the latest is `2024`
warning: `typeable` (manifest) generated 1 warning
    Finished `test` profile [unoptimized + debuginfo] target(s) in 0.12s
     Running unittests src/lib.rs (/scratch/group/p.cis260229.000/cargo-temp-u.mm346025/hf-2188469-11/target/bsan/x86_64-unknown-linux-gnu/debug/build/typeable/4cc455e66c189b9f/out/typeable-4cc455e66c189b9f)

running 0 tests

test result: ok. 0 passed; 0 failed; 0 ignored; 0 measured; 0 filtered out; finished in 0.06s

   Doc-tests typeable

running 0 tests

test result: ok. 0 passed; 0 failed; 0 ignored; 0 measured; 0 filtered out; finished in 0.00s
"
parse-patch-bsan,void-1.0.2,__all__,no_match,other,/scratch/group/p.cis260229.000/datasets/top_1_percent/void-1.0.2/hyperfine-parse-patch-bsan.log,true,true,0,"warning: Cargo.toml: `package.edition` is unspecified, defaulting to `2015` while the latest is `2024`
warning: `void` (manifest) generated 1 warning
warning: trait objects without an explicit `dyn` are deprecated
  --> src/lib.rs:67:32
   |
67 |     fn cause(&self) -> Option<&error::Error> {
   |                                ^^^^^^^^^^^^
   |
   = warning: this is accepted in the current edition (Rust 2015) but is a hard error in Rust 2021!
   = note: for more information, see <https://doc.rust-lang.org/edition-guide/rust-2021/warnings-promoted-to-error.html>
   = note: `#[warn(bare_trait_objects)]` (part of `#[warn(rust_2021_compatibility)]`) on by default
help: if this is a dyn-compatible trait, use `dyn`
   |
67 |     fn cause(&self) -> Option<&dyn error::Error> {
   |                                +++

warning: `void` (lib) generated 1 warning (run `cargo fix --lib -p void` to apply 1 suggestion)
warning: trait objects without an explicit `dyn` are deprecated
  --> src/lib.rs:67:32
   |
67 |     fn cause(&self) -> Option<&error::Error> {
   |                                ^^^^^^^^^^^^
   |
   = warning: this is accepted in the current edition (Rust 2015) but is a hard error in Rust 2021!
   = note: for more information, see <https://doc.rust-lang.org/edition-guide/rust-2021/warnings-promoted-to-error.html>
note: the lint level is defined here
  --> src/lib.rs:1:24
   |
 1 | #![cfg_attr(test, deny(warnings))]
   |                        ^^^^^^^^
   = note: `#[warn(bare_trait_objects)]` implied by `#[warn(warnings)]`
help: if this is a dyn-compatible trait, use `dyn`
   |
67 |     fn cause(&self) -> Option<&dyn error::Error> {
   |                                +++

warning: `void` (lib test) generated 1 warning (run `cargo fix --lib -p void --tests` to apply 1 suggestion)
    Finished `test` profile [unoptimized + debuginfo] target(s) in 0.08s
     Running unittests src/lib.rs (/scratch/group/p.cis260229.000/cargo-temp-u.mm346025/hf-2188469-12/target/bsan/x86_64-unknown-linux-gnu/debug/build/void/b9ec743ebde4e37c/out/void-b9ec743ebde4e37c)

running 0 tests

test result: ok. 0 passed; 0 failed; 0 ignored; 0 measured; 0 filtered out; finished in 0.06s

   Doc-tests void

running 0 tests

test result: ok. 0 passed; 0 failed; 0 ignored; 0 measured; 0 filtered out; finished in 0.00s
"
parse-patch-bsan,color_quant-2.0.0,,build_failed,rustc,/scratch/group/p.cis260229.000/datasets/top_1_percent/color_quant-2.0.0/hyperfine-parse-patch-bsan.log,true,true,,"RUSTFLAGS=[--cfg=miri --cap-lints=warn]
LIMIT=[timeout -k 30 1h ]
   Compiling color_quant v2.0.0 (/work)
warning: use of deprecated constant `core::f64::MAX`: replaced by the `MAX` associated constant on `f64`
   --> src/lib.rs:295:30
    |
295 |         let mut bestd = f64::MAX;
    |                              ^^^
    |
    = note: `#[warn(deprecated)]` on by default

warning: `color_quant` (lib) generated 1 warning
warning: `color_quant` (lib test) generated 1 warning (1 duplicate)
error[E0635]: unknown feature `array_chunks`
 --> examples/quantize.rs:1:12
  |
1 | #![feature(array_chunks)]
  |            ^^^^^^^^^^^^

error[E0599]: no method named `array_chunks` found for struct `Vec<u8>` in the current scope
  --> examples/quantize.rs:41:18
   |
40 |             pixels
41 |                 .array_chunks::<4>()
   |                  ^^^^^^^^^^^^ `Vec<u8>` is not an iterator
   |
help: call `.into_iter()` first
   |
41 |                 .into_iter().array_chunks::<4>()
   |                  ++++++++++++

error[E0599]: no method named `array_chunks` found for struct `Vec<u8>` in the current scope
  --> examples/quantize.rs:55:18
   |
54 |             pixels
55 |                 .array_chunks::<4>()
   |                  ^^^^^^^^^^^^ `Vec<u8>` is not an iterator
   |
help: call `.into_iter()` first
   |
55 |                 .into_iter().array_chunks::<4>()
   |                  ++++++++++++

Some errors have detailed explanations: E0599, E0635.
For more information about an error, try `rustc --explain E0599`.
error: could not compile `color_quant` (example ""quantize"") due to 3 previous errors
CSVROW:parse-patch-bsan,color_quant-2.0.0,,build_failed,,,,,,,1,2026-10-05T15:22:58Z,2188469.1"
parse-patch-bsan,once_cell_polyfill-1.70.2,__all__,no_match,other,/scratch/group/p.cis260229.000/datasets/top_1_percent/once_cell_polyfill-1.70.2/hyperfine-parse-patch-bsan.log,true,true,0,"    Finished `test` profile [unoptimized + debuginfo] target(s) in 0.04s
     Running unittests src/lib.rs (/scratch/group/p.cis260229.000/cargo-temp-u.mm346025/hf-2188469-7/target/bsan/x86_64-unknown-linux-gnu/debug/build/once_cell_polyfill/fc36164711ed9b74/out/once_cell_polyfill-fc36164711ed9b74)

running 0 tests

test result: ok. 0 passed; 0 failed; 0 ignored; 0 measured; 0 filtered out; finished in 0.06s

   Doc-tests once_cell_polyfill

running 0 tests

test result: ok. 0 passed; 0 failed; 0 ignored; 0 measured; 0 filtered out; finished in 0.00s
"
parse-patch-bsan,aws-endpoint-0.60.3,__all__,no_match,other,/scratch/group/p.cis260229.000/datasets/top_1_percent/aws-endpoint-0.60.3/hyperfine-parse-patch-bsan.log,true,true,0,"    Finished `test` profile [unoptimized + debuginfo] target(s) in 0.02s
     Running unittests src/lib.rs (/scratch/group/p.cis260229.000/cargo-temp-u.mm346025/hf-2188470-0/target/bsan/x86_64-unknown-linux-gnu/debug/build/aws-endpoint/2a0493bcb3036ef2/out/aws_endpoint-2a0493bcb3036ef2)

running 0 tests

test result: ok. 0 passed; 0 failed; 0 ignored; 0 measured; 0 filtered out; finished in 0.06s

   Doc-tests aws_endpoint

running 0 tests

test result: ok. 0 passed; 0 failed; 0 ignored; 0 measured; 0 filtered out; finished in 0.00s
"
parse-patch-bsan,static_assertions_next-1.1.2,__all__,test_failed,rustc,/scratch/group/p.cis260229.000/datasets/top_1_percent/static_assertions_next-1.1.2/hyperfine-parse-patch-bsan.log,true,true,101,"[... 479 earlier line(s) omitted ...]
   |
11 | #[macro_use] extern crate static_assertions;
   |              ^^^^^^^^^^^^^^^^^^^^^^^^^^^^^^^ can't find crate

error: aborting due to 1 previous error

For more information about this error, try `rustc --explain E0463`.
Couldn't compile the test.
---- src/assert_type.rs - assert_type::assert_type_eq_all (line 19) stdout ----
error[E0463]: can't find crate for `static_assertions`
  --> src/assert_type.rs:20:14
   |
20 | #[macro_use] extern crate static_assertions;
   |              ^^^^^^^^^^^^^^^^^^^^^^^^^^^^^^^ can't find crate

error: aborting due to 1 previous error

For more information about this error, try `rustc --explain E0463`.
Couldn't compile the test.
---- src/assert_trait.rs - assert_trait::assert_trait_sub_all (line 18) stdout ----
error[E0463]: can't find crate for `static_assertions`
  --> src/assert_trait.rs:19:14
   |
19 | #[macro_use] extern crate static_assertions;
   |              ^^^^^^^^^^^^^^^^^^^^^^^^^^^^^^^ can't find crate

error: aborting due to 1 previous error

For more information about this error, try `rustc --explain E0463`.
Couldn't compile the test.
---- src/const_assert.rs - const_assert::const_assert (line 17) stdout ----
error[E0463]: can't find crate for `static_assertions`
  --> src/const_assert.rs:18:14
   |
18 | #[macro_use] extern crate static_assertions;
   |              ^^^^^^^^^^^^^^^^^^^^^^^^^^^^^^^ can't find crate

error: aborting due to 1 previous error

For more information about this error, try `rustc --explain E0463`.
Couldn't compile the test.
---- src/assert_trait.rs - assert_trait::assert_trait_sub_any (line 106) stdout ----
error[E0463]: can't find crate for `static_assertions`
   --> src/assert_trait.rs:107:14
    |
107 | #[macro_use] extern crate static_assertions;
    |              ^^^^^^^^^^^^^^^^^^^^^^^^^^^^^^^ can't find crate

error: aborting due to 1 previous error

For more information about this error, try `rustc --explain E0463`.
Couldn't compile the test.
---- src/assert_trait.rs - assert_trait::assert_trait_sub_any (line 113) stdout ----
error[E0463]: can't find crate for `static_assertions`
   --> src/assert_trait.rs:114:14
    |
114 | #[macro_use] extern crate static_assertions;
    |              ^^^^^^^^^^^^^^^^^^^^^^^^^^^^^^^ can't find crate

error: aborting due to 1 previous error

For more information about this error, try `rustc --explain E0463`.
Couldn't compile the test.
---- src/const_assert.rs - const_assert::const_assert_eq (line 69) stdout ----
error[E0463]: can't find crate for `static_assertions`
  --> src/const_assert.rs:70:14
   |
70 | #[macro_use] extern crate static_assertions;
   |              ^^^^^^^^^^^^^^^^^^^^^^^^^^^^^^^ can't find crate

error: aborting due to 1 previous error

For more information about this error, try `rustc --explain E0463`.
Couldn't compile the test.
---- src/lib.rs - (line 44) stdout ----
error[E0463]: can't find crate for `static_assertions`
  --> src/lib.rs:44:1
   |
44 | extern crate static_assertions as sa;
   | ^^^^^^^^^^^^^^^^^^^^^^^^^^^^^^^^^^^^^ can't find crate

error: aborting due to 1 previous error

For more information about this error, try `rustc --explain E0463`.
Couldn't compile the test.
---- src/const_assert.rs - const_assert::const_assert_ne (line 109) stdout ----
error[E0463]: can't find crate for `static_assertions`
   --> src/const_assert.rs:110:14
    |
110 | #[macro_use] extern crate static_assertions;
    |              ^^^^^^^^^^^^^^^^^^^^^^^^^^^^^^^ can't find crate

error: aborting due to 1 previous error

For more information about this error, try `rustc --explain E0463`.
Couldn't compile the test.
---- src/lib.rs - (line 34) stdout ----
error[E0463]: can't find crate for `static_assertions`
  --> src/lib.rs:37:1
   |
37 | extern crate static_assertions;
   | ^^^^^^^^^^^^^^^^^^^^^^^^^^^^^^^ can't find crate

error: aborting due to 1 previous error

For more information about this error, try `rustc --explain E0463`.
Couldn't compile the test.
---- src/does_impl.rs - does_impl::does_impl (line 7) stdout ----
error[E0463]: can't find crate for `static_assertions`
 --> src/does_impl.rs:8:14
  |
8 | #[macro_use] extern crate static_assertions;
  |              ^^^^^^^^^^^^^^^^^^^^^^^^^^^^^^^ can't find crate

error: aborting due to 1 previous error

For more information about this error, try `rustc --explain E0463`.
Couldn't compile the test.
---- src/assert_impl.rs - assert_impl::assert_impl_one (line 27) stdout ----
error[E0432]: unresolved import `static_assertions`
  --> src/assert_impl.rs:28:5
   |
28 | use static_assertions::assert_impl_one; fn main() {}
   |     ^^^^^^^^^^^^^^^^^ use of unresolved module or unlinked crate `static_assertions`
   |
help: there is a crate or module with a similar name
   |
28 | use static_assertions_next::assert_impl_one; fn main() {}
   |                      +++++

error: aborting due to 1 previous error

For more information about this error, try `rustc --explain E0432`.
Couldn't compile the test.
---- src/assert_trait.rs - assert_trait::assert_trait_super_all (line 56) stdout ----
error[E0432]: unresolved import `static_assertions`
  --> src/assert_trait.rs:57:5
   |
57 | use static_assertions::assert_trait_super_all;
   |     ^^^^^^^^^^^^^^^^^ use of unresolved module or unlinked crate `static_assertions`
   |
help: there is a crate or module with a similar name
   |
57 | use static_assertions_next::assert_trait_super_all;
   |                      +++++

error: aborting due to 1 previous error

For more information about this error, try `rustc --explain E0432`.
Couldn't compile the test.

failures:
    src/assert_align.rs - assert_align::assert_align_eq (line 10)
    src/assert_align.rs - assert_align::assert_align_eq (line 17)
    src/assert_align.rs - assert_align::assert_align_ge (line 180)
    src/assert_align.rs - assert_align::assert_align_gt (line 152)
    src/assert_align.rs - assert_align::assert_align_le (line 123)
    src/assert_align.rs - assert_align::assert_align_lt (line 95)
    src/assert_align.rs - assert_align::assert_align_ne (line 66)
    src/assert_cfg.rs - assert_cfg::assert_cfg (line 17)
    src/assert_cfg.rs - assert_cfg::assert_cfg (line 7)
    src/assert_fields.rs - assert_fields::assert_fields (line 28)
    src/assert_fields.rs - assert_fields::assert_fields (line 8)
    src/assert_impl.rs - assert_impl::assert_impl (line 327)
    src/assert_impl.rs - assert_impl::assert_impl (line 334)
    src/assert_impl.rs - assert_impl::assert_impl (line 343)
    src/assert_impl.rs - assert_impl::assert_impl (line 350)
    src/assert_impl.rs - assert_impl::assert_impl_all (line 94)
    src/assert_impl.rs - assert_impl::assert_impl_any (line 127)
    src/assert_impl.rs - assert_impl::assert_impl_any (line 135)
    src/assert_impl.rs - assert_impl::assert_impl_not_all (line 172)
    src/assert_impl.rs - assert_impl::assert_impl_not_all (line 187)
    src/assert_impl.rs - assert_impl::assert_impl_not_any (line 244)
    src/assert_impl.rs - assert_impl::assert_impl_not_any (line 251)
    src/assert_impl.rs - assert_impl::assert_impl_one (line 27)
    src/assert_obj_safe.rs - assert_obj_safe::assert_obj_safe (line 16)
    src/assert_obj_safe.rs - assert_obj_safe::assert_obj_safe (line 27)
    src/assert_obj_safe.rs - assert_obj_safe::assert_obj_safe (line 61)
    src/assert_size.rs - assert_size::assert_size_eq (line 17)
    src/assert_size.rs - assert_size::assert_size_eq_ptr (line 64)
    src/assert_size.rs - assert_size::assert_size_eq_val (line 125)
    src/assert_trait.rs - assert_trait::assert_trait_sub_all (line 10)
    src/assert_trait.rs - assert_trait::assert_trait_sub_all (line 18)
    src/assert_trait.rs - assert_trait::assert_trait_sub_any (line 106)
    src/assert_trait.rs - assert_trait::assert_trait_sub_any (line 113)
    src/assert_trait.rs - assert_trait::assert_trait_super_all (line 56)
    src/assert_trait.rs - assert_trait::assert_trait_super_all (line 67)
    src/assert_type.rs - assert_type::assert_type_eq_all (line 19)
    src/assert_type.rs - assert_type::assert_type_eq_all (line 9)
    src/assert_type.rs - assert_type::assert_type_ne_all (line 75)
    src/const_assert.rs - const_assert::const_assert (line 17)
    src/const_assert.rs - const_assert::const_assert_eq (line 69)
    src/const_assert.rs - const_assert::const_assert_ne (line 109)
    src/does_impl.rs - does_impl::does_impl (line 7)
    src/lib.rs - (line 34)
    src/lib.rs - (line 44)

test result: FAILED. 31 passed; 44 failed; 0 ignored; 0 measured; 0 filtered out; finished in 0.55s

error: doctest failed, to rerun pass `--doc`"
parse-patch-bsan,interpolator-0.5.0,__all__,test_failed,rustc,/scratch/group/p.cis260229.000/datasets/top_1_percent/interpolator-0.5.0/hyperfine-parse-patch-bsan.log,true,true,101,"[... 188 earlier line(s) omitted ...]
    |
154 |   let context = context! {
    |  _______________^
155 | |     a,
156 | |     a:?, // This does not override the display implementation, only debug
157 | |     a: :?, // This overrides both display and debug
158 | |     a = 5, // Only overrides display
159 | |     a:?:x = 5, // Sets debug and lower hex implementation
160 | | };
    | |_^ method not found in `&mut Formattable<'_>`
    |
    = note: this error originates in the macro `$crate::set_trait` which comes from the expansion of the macro `context` (in Nightly builds, run with -Z macro-backtrace for more info)

error[E0599]: no method named `set_debug` found for mutable reference `&mut Formattable<'_>` in the current scope
   --> src/macros.rs:154:15
    |
154 |   let context = context! {
    |  _______________^
155 | |     a,
156 | |     a:?, // This does not override the display implementation, only debug
157 | |     a: :?, // This overrides both display and debug
158 | |     a = 5, // Only overrides display
159 | |     a:?:x = 5, // Sets debug and lower hex implementation
160 | | };
    | |_^ method not found in `&mut Formattable<'_>`
    |
    = note: this error originates in the macro `$crate::set_trait` which comes from the expansion of the macro `context` (in Nightly builds, run with -Z macro-backtrace for more info)

error[E0599]: no method named `set_lower_hex` found for mutable reference `&mut Formattable<'_>` in the current scope
   --> src/macros.rs:154:15
    |
154 |   let context = context! {
    |  _______________^
155 | |     a,
156 | |     a:?, // This does not override the display implementation, only debug
157 | |     a: :?, // This overrides both display and debug
158 | |     a = 5, // Only overrides display
159 | |     a:?:x = 5, // Sets debug and lower hex implementation
160 | | };
    | |_^ method not found in `&mut Formattable<'_>`
    |
    = note: this error originates in the macro `$crate::set_trait` which comes from the expansion of the macro `context` (in Nightly builds, run with -Z macro-backtrace for more info)

error[E0599]: no method named `set_debug` found for mutable reference `&mut Formattable<'_>` in the current scope
   --> src/macros.rs:154:15
    |
154 |   let context = context! {
    |  _______________^
155 | |     a,
156 | |     a:?, // This does not override the display implementation, only debug
157 | |     a: :?, // This overrides both display and debug
158 | |     a = 5, // Only overrides display
159 | |     a:?:x = 5, // Sets debug and lower hex implementation
160 | | };
    | |_^ method not found in `&mut Formattable<'_>`
    |
    = note: this error originates in the macro `$crate::set_trait` which comes from the expansion of the macro `context` (in Nightly builds, run with -Z macro-backtrace for more info)

error[E0599]: no method named `set_debug` found for mutable reference `&mut Formattable<'_>` in the current scope
   --> src/macros.rs:154:15
    |
154 |   let context = context! {
    |  _______________^
155 | |     a,
156 | |     a:?, // This does not override the display implementation, only debug
157 | |     a: :?, // This overrides both display and debug
158 | |     a = 5, // Only overrides display
159 | |     a:?:x = 5, // Sets debug and lower hex implementation
160 | | };
    | |_^ method not found in `&mut Formattable<'_>`
    |
    = note: this error originates in the macro `$crate::set_trait` which comes from the expansion of the macro `context` (in Nightly builds, run with -Z macro-backtrace for more info)

error[E0599]: no method named `set_debug` found for mutable reference `&mut Formattable<'_>` in the current scope
   --> src/macros.rs:154:15
    |
154 |   let context = context! {
    |  _______________^
155 | |     a,
156 | |     a:?, // This does not override the display implementation, only debug
157 | |     a: :?, // This overrides both display and debug
158 | |     a = 5, // Only overrides display
159 | |     a:?:x = 5, // Sets debug and lower hex implementation
160 | | };
    | |_^ method not found in `&mut Formattable<'_>`
    |
    = note: this error originates in the macro `$crate::set_trait` which comes from the expansion of the macro `context` (in Nightly builds, run with -Z macro-backtrace for more info)

error[E0599]: no method named `set_lower_hex` found for mutable reference `&mut Formattable<'_>` in the current scope
   --> src/macros.rs:154:15
    |
154 |   let context = context! {
    |  _______________^
155 | |     a,
156 | |     a:?, // This does not override the display implementation, only debug
157 | |     a: :?, // This overrides both display and debug
158 | |     a = 5, // Only overrides display
159 | |     a:?:x = 5, // Sets debug and lower hex implementation
160 | | };
    | |_^ method not found in `&mut Formattable<'_>`
    |
    = note: this error originates in the macro `$crate::set_trait` which comes from the expansion of the macro `context` (in Nightly builds, run with -Z macro-backtrace for more info)

error: aborting due to 8 previous errors

For more information about this error, try `rustc --explain E0599`.
Couldn't compile the test.
---- src/macros.rs - macros::list (line 191) stdout ----
error[E0432]: unresolved import `assert_dbg`
   --> src/macros.rs:193:5
    |
193 | use assert_dbg::assert_dbg;
    |     ^^^^^^^^^^ use of unresolved module or unlinked crate `assert_dbg`
    |
    = help: if you wanted to use a crate named `assert_dbg`, use `cargo add assert_dbg` to add it to your `Cargo.toml`

error[E0599]: no method named `set_iter` found for mutable reference `&mut Formattable<'_>` in the current scope
   --> src/macros.rs:202:5
    |
202 |     iformat!(""{list:i({})(, )}"", list:i).unwrap(),
    |     ^^^^^^^^^^^^^^^^^^^^^^^^^^^^^^^^^^^^ method not found in `&mut Formattable<'_>`
    |
    = note: this error originates in the macro `$crate::set_trait` which comes from the expansion of the macro `iformat` (in Nightly builds, run with -Z macro-backtrace for more info)

error[E0599]: no method named `set_debug` found for struct `Formattable<'a>` in the current scope
   --> src/macros.rs:206:12
    |
206 | let list = list![: :?:X; 4, 0x10, 0xa4];
    |            ^^^^^^^^^^^^^^^^^^^^^^^^^^^^ method not found in `Formattable<'_>`
    |
    = note: this error originates in the macro `$crate::set_trait` which comes from the expansion of the macro `list` (in Nightly builds, run with -Z macro-backtrace for more info)

error[E0599]: no method named `set_upper_hex` found for struct `Formattable<'a>` in the current scope
   --> src/macros.rs:206:12
    |
206 | let list = list![: :?:X; 4, 0x10, 0xa4];
    |            ^^^^^^^^^^^^^^^^^^^^^^^^^^^^ method not found in `Formattable<'_>`
    |
    = note: this error originates in the macro `$crate::set_trait` which comes from the expansion of the macro `list` (in Nightly builds, run with -Z macro-backtrace for more info)

error[E0599]: no method named `set_debug` found for struct `Formattable<'a>` in the current scope
   --> src/macros.rs:206:12
    |
206 | let list = list![: :?:X; 4, 0x10, 0xa4];
    |            ^^^^^^^^^^^^^^^^^^^^^^^^^^^^ method not found in `Formattable<'_>`
    |
    = note: this error originates in the macro `$crate::set_trait` which comes from the expansion of the macro `list` (in Nightly builds, run with -Z macro-backtrace for more info)

error[E0599]: no method named `set_upper_hex` found for struct `Formattable<'a>` in the current scope
   --> src/macros.rs:206:12
    |
206 | let list = list![: :?:X; 4, 0x10, 0xa4];
    |            ^^^^^^^^^^^^^^^^^^^^^^^^^^^^ method not found in `Formattable<'_>`
    |
    = note: this error originates in the macro `$crate::set_trait` which comes from the expansion of the macro `list` (in Nightly builds, run with -Z macro-backtrace for more info)

error[E0599]: no method named `set_debug` found for struct `Formattable<'a>` in the current scope
   --> src/macros.rs:206:12
    |
206 | let list = list![: :?:X; 4, 0x10, 0xa4];
    |            ^^^^^^^^^^^^^^^^^^^^^^^^^^^^ method not found in `Formattable<'_>`
    |
    = note: this error originates in the macro `$crate::set_trait` which comes from the expansion of the macro `list` (in Nightly builds, run with -Z macro-backtrace for more info)

error[E0599]: no method named `set_upper_hex` found for struct `Formattable<'a>` in the current scope
   --> src/macros.rs:206:12
    |
206 | let list = list![: :?:X; 4, 0x10, 0xa4];
    |            ^^^^^^^^^^^^^^^^^^^^^^^^^^^^ method not found in `Formattable<'_>`
    |
    = note: this error originates in the macro `$crate::set_trait` which comes from the expansion of the macro `list` (in Nightly builds, run with -Z macro-backtrace for more info)

error[E0599]: no method named `set_iter` found for mutable reference `&mut Formattable<'_>` in the current scope
   --> src/macros.rs:208:5
    |
208 |     iformat!(""{list:i({} {:?} {:X})(, )}"", list:i).unwrap(),
    |     ^^^^^^^^^^^^^^^^^^^^^^^^^^^^^^^^^^^^^^^^^^^^^^ method not found in `&mut Formattable<'_>`
    |
    = note: this error originates in the macro `$crate::set_trait` which comes from the expansion of the macro `iformat` (in Nightly builds, run with -Z macro-backtrace for more info)

error: aborting due to 9 previous errors

Some errors have detailed explanations: E0432, E0599.
For more information about an error, try `rustc --explain E0432`.
Couldn't compile the test.

failures:
    src/macros.rs - macros::context (line 149)
    src/macros.rs - macros::ieprint (line 109)
    src/macros.rs - macros::ieprintln (line 126)
    src/macros.rs - macros::iformat (line 9)
    src/macros.rs - macros::iprint (line 75)
    src/macros.rs - macros::iprintln (line 92)
    src/macros.rs - macros::iwrite (line 29)
    src/macros.rs - macros::iwriteln (line 49)
    src/macros.rs - macros::list (line 191)

test result: FAILED. 7 passed; 9 failed; 0 ignored; 0 measured; 0 filtered out; finished in 1.27s

error: doctest failed, to rerun pass `--doc`"
parse-patch-bsan,proc-macro-hack-0.5.20+deprecated,__all__,test_failed,rustc,/scratch/group/p.cis260229.000/datasets/top_1_percent/proc-macro-hack-0.5.20+deprecated/hyperfine-parse-patch-bsan.log,true,true,101,"warning: unexpected `cfg` condition name: `need_proc_macro_hack`
   --> src/lib.rs:267:45
    |
267 |     if args.only_hack_old_rustc && cfg!(not(need_proc_macro_hack)) {
    |                                             ^^^^^^^^^^^^^^^^^^^^
    |
    = help: expected names are: `docsrs`, `feature`, and `test` and 34 more
    = help: consider using a Cargo feature instead
    = help: or consider adding in `Cargo.toml` the `check-cfg` lint config for the lint:
             [lints.rust]
             unexpected_cfgs = { level = ""warn"", check-cfg = ['cfg(need_proc_macro_hack)'] }
    = help: or consider adding `println!(""cargo::rustc-check-cfg=cfg(need_proc_macro_hack)"");` to the top of the `build.rs`
    = note: see <https://doc.rust-lang.org/nightly/rustc/check-cfg/cargo-specifics.html> for more information about checking conditional configuration
    = note: `#[warn(unexpected_cfgs)]` on by default

warning: `proc-macro-hack` (lib) generated 1 warning
warning: `proc-macro-hack` (lib test) generated 1 warning (1 duplicate)
    Finished `test` profile [unoptimized + debuginfo] target(s) in 0.18s
     Running unittests src/lib.rs (/scratch/group/p.cis260229.000/cargo-temp-u.mm346025/hf-2188470-8/target/bsan/debug/build/proc-macro-hack/a9884f1bad4093bd/out/proc_macro_hack-a9884f1bad4093bd)

running 0 tests

test result: ok. 0 passed; 0 failed; 0 ignored; 0 measured; 0 filtered out; finished in 0.00s

     Running tests/compiletest.rs (/scratch/group/p.cis260229.000/cargo-temp-u.mm346025/hf-2188470-8/target/bsan/x86_64-unknown-linux-gnu/debug/build/proc-macro-hack/564401f354889c9d/out/compiletest-564401f354889c9d)

running 1 test
   Compiling proc-macro2 v0.4.30
   Compiling unicode-xid v0.1.0
   Compiling proc-macro-hack v0.5.20+deprecated
   Compiling syn v0.15.44
   Compiling proc-macro2 v1.0.107
   Compiling quote v0.6.13
    Checking unicode-ident v1.0.26
   Compiling quote v1.0.47
   Compiling proc-macro-hack v0.5.20+deprecated (/work)
   Compiling rustversion v1.0.23
   Compiling syn v1.0.109
   Compiling demo-hack-impl v0.0.5
    Checking demo-hack v0.0.5
warning: unexpected `cfg` condition name: `need_proc_macro_hack`
   --> /work/src/lib.rs:267:45
    |
267 |     if args.only_hack_old_rustc && cfg!(not(need_proc_macro_hack)) {
    |                                             ^^^^^^^^^^^^^^^^^^^^
    |
    = help: expected names are: `docsrs`, `feature`, and `test` and 34 more
    = help: consider using a Cargo feature instead
    = help: or consider adding in `Cargo.toml` the `check-cfg` lint config for the lint:
             [lints.rust]
             unexpected_cfgs = { level = ""warn"", check-cfg = ['cfg(need_proc_macro_hack)'] }
    = help: or consider adding `println!(""cargo::rustc-check-cfg=cfg(need_proc_macro_hack)"");` to the top of the `build.rs`
    = note: see <https://doc.rust-lang.org/nightly/rustc/check-cfg/cargo-specifics.html> for more information about checking conditional configuration
    = note: `#[warn(unexpected_cfgs)]` on by default

warning: `proc-macro-hack` (lib) generated 1 warning
    Checking proc-macro-hack-tests v0.0.0 (/scratch/group/p.cis260229.000/cargo-temp-u.mm346025/hf-2188470-8/target/tests/trybuild/proc-macro-hack)
    Finished `dev` profile [unoptimized + debuginfo] target(s) in 3.28s


test ui has been running for over 60 seconds
test [0m[1mtests/ui/private.rs[0m ... [0m[32mok
[0mtest [0m[1mtests/ui/unexpected-arg.rs[0m ... [0m[32mok
[0mtest [0m[1mtests/ui/unexpected.rs[0m ... [0m[32mok
[0mtest [0m[1mtests/ui/unknown-arg.rs[0m ... [0m[32mok
[0m

test ui ... ok

test result: ok. 1 passed; 0 failed; 0 ignored; 0 measured; 0 filtered out; finished in 78.67s

   Doc-tests proc_macro_hack

running 3 tests
test src/lib.rs - (line 39) ... FAILED
test src/lib.rs - (line 105) ... FAILED
test src/lib.rs - (line 71) ... ok

failures:

---- src/lib.rs - (line 39) stdout ----
error[E0463]: can't find crate for `quote`
  --> src/lib.rs:44:5
   |
44 | use quote::quote;
   |     ^^^^^ can't find crate

error[E0463]: can't find crate for `syn`
  --> src/lib.rs:45:5
   |
45 | use syn::{parse_macro_input, Expr};
   |     ^^^ can't find crate

error: aborting due to 2 previous errors

For more information about this error, try `rustc --explain E0463`.
Couldn't compile the test.
---- src/lib.rs - (line 105) stdout ----
error[E0463]: can't find crate for `demo_hack`
   --> src/lib.rs:106:5
    |
106 | use demo_hack::add_one;
    |     ^^^^^^^^^ can't find crate

error: aborting due to 1 previous error

For more information about this error, try `rustc --explain E0463`.
Couldn't compile the test.

failures:
    src/lib.rs - (line 105)
    src/lib.rs - (line 39)

test result: FAILED. 1 passed; 2 failed; 0 ignored; 0 measured; 0 filtered out; finished in 0.14s

error: doctest failed, to rerun pass `--doc`"
parse-patch-bsan,aws-sig-auth-0.60.3,__all__,no_match,other,/scratch/group/p.cis260229.000/datasets/top_1_percent/aws-sig-auth-0.60.3/hyperfine-parse-patch-bsan.log,true,true,0,"    Finished `test` profile [unoptimized + debuginfo] target(s) in 0.02s
     Running unittests src/lib.rs (/scratch/group/p.cis260229.000/cargo-temp-u.mm346025/hf-2188471-0/target/bsan/x86_64-unknown-linux-gnu/debug/build/aws-sig-auth/bf3b258bffda0274/out/aws_sig_auth-bf3b258bffda0274)

running 0 tests

test result: ok. 0 passed; 0 failed; 0 ignored; 0 measured; 0 filtered out; finished in 0.06s

   Doc-tests aws_sig_auth

running 0 tests

test result: ok. 0 passed; 0 failed; 0 ignored; 0 measured; 0 filtered out; finished in 0.00s
"
parse-patch-bsan,fastdivide-0.4.2,__all__,timeout,other,/scratch/group/p.cis260229.000/datasets/top_1_percent/fastdivide-0.4.2/hyperfine-parse-patch-bsan.log,true,true,124,"    Finished `test` profile [unoptimized + debuginfo] target(s) in 0.11s
     Running unittests src/lib.rs (/scratch/group/p.cis260229.000/cargo-temp-u.mm346025/hf-2188471-3/target/bsan/x86_64-unknown-linux-gnu/debug/build/fastdivide/b0ea83b6788efe10/out/fastdivide-b0ea83b6788efe10)

running 10 tests
test tests::test_divide_by_11 ... ok
test tests::test_divide_by_4 ... ok
test tests::test_divide_by_7 ... ok
test tests::test_divide_op ... ok
test tests::test_floor_log2 ... ok
test tests::test_libdivide has been running for over 60 seconds
test tests::test_proptest has been running for over 60 seconds
test tests::test_proptest_divide_by_11 has been running for over 60 seconds
test tests::test_proptest_divide_by_7 has been running for over 60 seconds
test tests::test_proptest_divide_by_any has been running for over 60 seconds"
parse-patch-bsan,is_ci-1.2.0,__all__,no_match,other,/scratch/group/p.cis260229.000/datasets/top_1_percent/is_ci-1.2.0/hyperfine-parse-patch-bsan.log,true,true,0,"    Finished `test` profile [unoptimized + debuginfo] target(s) in 0.03s
     Running unittests src/lib.rs (/scratch/group/p.cis260229.000/cargo-temp-u.mm346025/hf-2188471-5/target/bsan/x86_64-unknown-linux-gnu/debug/build/is_ci/b97499eb1c729828/out/is_ci-b97499eb1c729828)

running 0 tests

test result: ok. 0 passed; 0 failed; 0 ignored; 0 measured; 0 filtered out; finished in 0.05s

     Running unittests src/main.rs (/scratch/group/p.cis260229.000/cargo-temp-u.mm346025/hf-2188471-5/target/bsan/x86_64-unknown-linux-gnu/debug/build/is_ci/1a488a4a21d48d28/out/is_ci-1a488a4a21d48d28)

running 0 tests

test result: ok. 0 passed; 0 failed; 0 ignored; 0 measured; 0 filtered out; finished in 0.05s

   Doc-tests is_ci

running 0 tests

test result: ok. 0 passed; 0 failed; 0 ignored; 0 measured; 0 filtered out; finished in 0.00s
"
parse-patch-bsan,md5-0.8.1,__all__,test_failed,gc,/scratch/group/p.cis260229.000/datasets/top_1_percent/md5-0.8.1/hyperfine-parse-patch-bsan.log,true,true,1,"warning: `package.homepage` is redundant with `package.repository`
  --> Cargo.toml:35:12
   |
35 | homepage = ""https://github.com/stainless-steel/md5""
   |            ^^^^^^^^^^^^^^^^^^^^^^^^^^^^^^^^^^^^^^^^
...
49 | repository = ""https://github.com/stainless-steel/md5""
   |              ----------------------------------------
   |
   = note: `cargo::redundant_homepage` is set to `warn` by default
help: consider removing `package.homepage`
warning: `md5` (manifest) generated 1 warning
warning: use of deprecated constant `std::u32::MAX`: replaced by the `MAX` associated constant on this type
   --> src/lib.rs:438:38
    |
438 |         let data = vec![0; std::u32::MAX as usize + 1];
    |                                      ^^^
    |
    = note: `#[warn(deprecated)]` on by default

warning: `md5` (lib test) generated 1 warning
    Finished `test` profile [unoptimized + debuginfo] target(s) in 0.02s
     Running unittests src/lib.rs (/scratch/group/p.cis260229.000/cargo-temp-u.mm346025/hf-2188471-6/target/bsan/x86_64-unknown-linux-gnu/debug/build/md5/604bb8a15bfb54a4/out/md5-604bb8a15bfb54a4)

running 5 tests
test tests::index ... ok
test tests::compute ... ok
ERROR: BorrowSanitizer: garbage collection has been waiting 10001 ms for threads to reach a safepoint (gc_hang_threshold_ms=10000).
  Thread T2 (os_id 0) has not reached a safepoint.
error: test failed, to rerun pass `--lib`

Caused by:
  process didn't exit successfully: `/scratch/group/p.cis260229.000/cargo-temp-u.mm346025/hf-2188471-6/target/bsan/x86_64-unknown-linux-gnu/debug/build/md5/604bb8a15bfb54a4/out/md5-604bb8a15bfb54a4` (exit status: 1)
note: test exited abnormally; to see the full output pass --no-capture to the harness."
parse-patch-bsan,ruint-macro-1.2.1,,build_failed,rustc,/scratch/group/p.cis260229.000/datasets/top_1_percent/ruint-macro-1.2.1/hyperfine-parse-patch-bsan.log,true,true,,"RUSTFLAGS=[--cfg=miri --cap-lints=warn]
LIMIT=[timeout -k 30 1h ]
   Compiling ruint-macro v1.2.1 (/work)
error[E0433]: cannot find module or crate `ruint` in this scope
 --> tests/parse_mixed.rs:1:5
  |
1 | use ruint::aliases::{B256, U256};
  |     ^^^^^ use of unresolved module or unlinked crate `ruint`
  |
  = help: if you wanted to use a crate named `ruint`, use `cargo add ruint` to add it to your `Cargo.toml`

error[E0433]: cannot find `ruint` in the list of imported crates
  --> tests/parse_mixed.rs:13:5
   |
13 | /     uint! {
14 | |         assert_eq!(0x10U256, ""0x10"".parse::<U256>().unwrap());
15 | |         assert_eq!(0o10U256, ""0o10"".parse::<U256>().unwrap());
16 | |         assert_eq!(0b10U256, ""0b10"".parse::<U256>().unwrap());
...  |
29 | |         assert_eq!(2, 2);
30 | |     }
   | |_____^ could not find `ruint` in the list of imported crates
   |
   = note: this error originates in the macro `uint` (in Nightly builds, run with -Z macro-backtrace for more info)

For more information about this error, try `rustc --explain E0433`.
error: could not compile `ruint-macro` (test ""parse_mixed"") due to 2 previous errors
CSVROW:parse-patch-bsan,ruint-macro-1.2.1,,build_failed,,,,,,,1,2026-10-05T13:59:59Z,2188471.9"
parse-patch-bsan,query_map-0.7.0,__all__,test_failed,rustc,/scratch/group/p.cis260229.000/datasets/top_1_percent/query_map-0.7.0/hyperfine-parse-patch-bsan.log,true,true,101,"    Finished `test` profile [unoptimized + debuginfo] target(s) in 0.05s
     Running unittests src/lib.rs (/scratch/group/p.cis260229.000/cargo-temp-u.mm346025/hf-2188453-9/target/bsan/x86_64-unknown-linux-gnu/debug/build/query_map/f1b73a57ab71b0b6/out/query_map-f1b73a57ab71b0b6)

running 5 tests
test tests::str_map_default_is_empty ... ok
test tests::test_map_all ... ok
test tests::test_map_first ... ok
test tests::test_map_from_string_string ... ok
test tests::test_map_iter ... ok

test result: ok. 5 passed; 0 failed; 0 ignored; 0 measured; 0 filtered out; finished in 0.08s

   Doc-tests query_map

running 3 tests
test src/lib.rs - (line 31) ... ignored
test src/lib.rs - (line 17) ... ok
test src/lib.rs - (line 52) ... FAILED

failures:

---- src/lib.rs - (line 52) stdout ----
error[E0277]: the trait bound `QueryMap: FromStr` is not satisfied
    --> src/lib.rs:57:24
     |
  57 | let map = data.parse::<QueryMap>().unwrap();
     |                -----   ^^^^^^^^ the trait `FromStr` is not implemented for `QueryMap`
     |                |
     |                required by a bound introduced by this call
     |
     = help: the following other types implement trait `FromStr`:
               ByteString
               CString
               IpAddr
               Ipv4Addr
               Ipv6Addr
               NonZero<i128>
               NonZero<i16>
               NonZero<i32>
             and 32 others
note: required by a bound in `core::str::<impl str>::parse`
    --> /opt/rust/rustup/toolchains/bsan/lib/rustlib/src/rust/library/core/src/str/mod.rs:2776:21
     |
 131 | impl str {
...
2776 |     pub fn parse<F: FromStr>(&self) -> Result<F, F::Err> {
     |                     ^^^^^^^ required by this bound in `core::str::<impl str>::parse`

error: aborting due to 1 previous error

For more information about this error, try `rustc --explain E0277`.
Couldn't compile the test.

failures:
    src/lib.rs - (line 52)

test result: FAILED. 1 passed; 1 failed; 1 ignored; 0 measured; 0 filtered out; finished in 0.32s

error: doctest failed, to rerun pass `--doc`"
parse-patch-bsan,aws-smithy-client-0.60.3,__all__,no_match,other,/scratch/group/p.cis260229.000/datasets/top_1_percent/aws-smithy-client-0.60.3/hyperfine-parse-patch-bsan.log,true,true,0,"    Finished `test` profile [unoptimized + debuginfo] target(s) in 0.02s
     Running unittests src/lib.rs (/scratch/group/p.cis260229.000/cargo-temp-u.mm346025/hf-2188472-0/target/bsan/x86_64-unknown-linux-gnu/debug/build/aws-smithy-client/50f3b7e06d524362/out/aws_smithy_client-50f3b7e06d524362)

running 0 tests

test result: ok. 0 passed; 0 failed; 0 ignored; 0 measured; 0 filtered out; finished in 0.06s

   Doc-tests aws_smithy_client

running 0 tests

test result: ok. 0 passed; 0 failed; 0 ignored; 0 measured; 0 filtered out; finished in 0.00s
"
parse-patch-bsan,stdweb-internal-runtime-0.1.5,__all__,no_match,other,/scratch/group/p.cis260229.000/datasets/top_1_percent/stdweb-internal-runtime-0.1.5/hyperfine-parse-patch-bsan.log,true,true,0,"warning: Cargo.toml: `package.edition` is unspecified, defaulting to `2015` while the latest is `2024`
warning: `package.homepage` is redundant with `package.repository`
  --> Cargo.toml:19:12
   |
19 | homepage = ""https://github.com/koute/stdweb""
   |            ^^^^^^^^^^^^^^^^^^^^^^^^^^^^^^^^^
...
25 | repository = ""https://github.com/koute/stdweb""
   |              ---------------------------------
   |
   = note: `cargo::redundant_homepage` is set to `warn` by default
help: consider removing `package.homepage`
warning: `stdweb-internal-runtime` (manifest) generated 2 warnings
    Finished `test` profile [unoptimized + debuginfo] target(s) in 0.02s
     Running unittests src/lib.rs (/scratch/group/p.cis260229.000/cargo-temp-u.mm346025/hf-2188472-10/target/bsan/x86_64-unknown-linux-gnu/debug/build/stdweb-internal-runtime/0a38bb7df9a6122e/out/stdweb_internal_runtime-0a38bb7df9a6122e)

running 0 tests

test result: ok. 0 passed; 0 failed; 0 ignored; 0 measured; 0 filtered out; finished in 0.06s

   Doc-tests stdweb_internal_runtime

running 0 tests

test result: ok. 0 passed; 0 failed; 0 ignored; 0 measured; 0 filtered out; finished in 0.00s
"
parse-patch-bsan,tz-rs-0.7.3,__all__,test_failed,other,/scratch/group/p.cis260229.000/datasets/top_1_percent/tz-rs-0.7.3/hyperfine-parse-patch-bsan.log,true,true,101,"    Finished `test` profile [unoptimized + debuginfo] target(s) in 0.02s
     Running unittests src/lib.rs (/scratch/group/p.cis260229.000/cargo-temp-u.mm346025/hf-2188472-11/target/bsan/x86_64-unknown-linux-gnu/debug/build/tz-rs/d977b36a0eb66f66/out/tz-d977b36a0eb66f66)

running 44 tests
test datetime::find::tests::test_find_date_time_ref_mut ... ok
test datetime::find::tests::test_find_date_time_fixed ... ok
test datetime::tests::test_const ... ok
test datetime::tests::test_date_time_duration ... ok
test datetime::find::tests::test_find_date_time_no_offset ... ok
test datetime::tests::test_date_time_leap_seconds ... ok
test datetime::tests::test_date_time_ord ... ok
test datetime::tests::test_date_time_overflow ... ok
test datetime::tests::test_date_time_sync_and_send ... ok
test datetime::tests::test_date_time_partial_eq_partial_ord ... ok
test datetime::tests::test_days_since_unix_epoch ... ok
test datetime::tests::test_duration_between ... ok
test datetime::tests::test_is_leap_year ... ok
test datetime::tests::test_nanoseconds_since_unix_epoch ... ok
test datetime::tests::test_total_nanoseconds_to_timespec ... ok
test datetime::find::tests::test_find_date_time_extra_rule_only ... ok
test datetime::tests::test_week_day ... ok
test datetime::tests::test_year_day ... ok
test parse::tz_file::tests::test_v1_file_with_leap_seconds ... ok
test parse::tz_string::tests::test_all_year_dst ... ok
test parse::tz_file::tests::test_v3_file ... ok
test parse::tz_file::tests::test_v2_file ... ok
test parse::tz_string::tests::test_error ... ok
test parse::tz_string::tests::test_full ... ok
test parse::tz_string::tests::test_max_dst_offset ... ok
test datetime::tests::test_date_time ... ok
test parse::tz_string::tests::test_min_dst_offset ... ok
test datetime::find::tests::test_find_date_time_transitions_only ... ok
test parse::tz_string::tests::test_negative_dst ... ok
test parse::tz_string::tests::test_negative_hour ... ok
test parse::tz_string::tests::test_no_dst ... ok
test parse::tz_string::tests::test_quoted ... ok
test timezone::rule::tests::test_compute_check_infos ... ok
test timezone::rule::tests::test_rule_day ... ok
test timezone::rule::tests::test_transition_rule ... ok
test timezone::rule::tests::test_transition_rule_overflow ... ok
test timezone::tests::test_leap_seconds ... ok
test timezone::tests::test_leap_seconds_overflow ... ok
test datetime::tests::test_date_time_format ... ok
test timezone::tests::test_time_zone ... ok
test timezone::rule::tests::test_check_dst_transition_rules_consistency ... ok
test timezone::tests::test_tz_ascii_str ... ok
test datetime::find::tests::test_find_date_time_transitions_with_extra_rule ... ok
test timezone::tests::test_time_zone_from_posix_tz ... FAILED

failures:

---- timezone::tests::test_time_zone_from_posix_tz stdout ----

thread 'timezone::tests::test_time_zone_from_posix_tz' (1706597) panicked at src/timezone/mod.rs:701:13:
assertion `left == right` failed
  left: -21600
 right: 0
note: run with `RUST_BACKTRACE=1` environment variable to display a backtrace


failures:
    timezone::tests::test_time_zone_from_posix_tz

test result: FAILED. 43 passed; 1 failed; 0 ignored; 0 measured; 0 filtered out; finished in 3.59s

error: test failed, to rerun pass `--lib`"
parse-patch-bsan,wasm-encoder-0.261.0,,build_failed,rustc,/scratch/group/p.cis260229.000/datasets/top_1_percent/wasm-encoder-0.261.0/hyperfine-parse-patch-bsan.log,true,true,,"RUSTFLAGS=[--cfg=miri --cap-lints=warn]
LIMIT=[timeout -k 30 1h ]
    Updating crates.io index
 Downloading crates ...
  Downloaded equivalent v1.0.2
  Downloaded windows-link v0.2.1
  Downloaded wasmprinter v0.261.0
  Downloaded errno v0.3.14
  Downloaded leb128fmt v0.1.0
  Downloaded cfg-if v1.0.4
  Downloaded winapi-util v0.1.11
  Downloaded termcolor v1.4.1
  Downloaded fastrand v2.5.0
  Downloaded tempfile v3.27.0
  Downloaded once_cell v1.21.4
  Downloaded semver v1.0.28
  Downloaded anyhow v1.0.104
  Downloaded getrandom v0.4.3
  Downloaded indexmap v2.14.2
  Downloaded r-efi v6.0.0
  Downloaded bitflags v2.13.1
  Downloaded hashbrown v0.17.1
  Downloaded wasmparser v0.261.0
  Downloaded rustix v1.1.4
  Downloaded libc v0.2.189
  Downloaded windows-sys v0.61.2
  Downloaded linux-raw-sys v0.12.1
   Compiling libc v0.2.189
   Compiling bitflags v2.13.1
   Compiling rustix v1.1.4
   Compiling anyhow v1.0.104
   Compiling getrandom v0.4.3
   Compiling linux-raw-sys v0.12.1
   Compiling cfg-if v1.0.4
   Compiling errno v0.3.14
   Compiling wasmparser v0.261.0
   Compiling once_cell v1.21.4
   Compiling termcolor v1.4.1
   Compiling leb128fmt v0.1.0
   Compiling fastrand v2.5.0
   Compiling tempfile v3.27.0
   Compiling wasmprinter v0.261.0
   Compiling wasm-encoder v0.261.0 (/work)
error[E0432]: unresolved import `wasmparser`
   --> src/core/dump.rs:341:9
    |
341 |     use wasmparser::{KnownCustom, Parser, Payload};
    |         ^^^^^^^^^^ use of unresolved module or unlinked crate `wasmparser`
    |
    = help: if you wanted to use a crate named `wasmparser`, use `cargo add wasmparser` to add it to your `Cargo.toml`

error[E0432]: unresolved import `wasmparser`
   --> src/core/types.rs:726:9
    |
726 |     use wasmparser::WasmFeatures;
    |         ^^^^^^^^^^ use of unresolved module or unlinked crate `wasmparser`
    |
    = help: if you wanted to use a crate named `wasmparser`, use `cargo add wasmparser` to add it to your `Cargo.toml`

error[E0432]: unresolved import `wasmparser`
   --> src/core/producers.rs:124:13
    |
124 |         use wasmparser::{KnownCustom, Parser, Payload};
    |             ^^^^^^^^^^ use of unresolved module or unlinked crate `wasmparser`
    |
    = help: if you wanted to use a crate named `wasmparser`, use `cargo add wasmparser` to add it to your `Cargo.toml`

error[E0433]: cannot find module or crate `wasmparser` in this scope
   --> src/core/types.rs:747:13
    |
747 |             wasmparser::Validator::new_with_features(WasmFeatures::default() & !WasmFeatures::GC);
    |             ^^^^^^^^^^ use of unresolved module or unlinked crate `wasmparser`
    |
    = help: if you wanted to use a crate named `wasmparser`, use `cargo add wasmparser` to add it to your `Cargo.toml`

error[E0433]: cannot find module or crate `wasmparser` in this scope
   --> src/core/dump.rs:495:22
    |
495 |                     &wasmparser::CoreDumpValue::I32(val) => assert_eq!(val, 10),
    |                      ^^^^^^^^^^ use of unresolved module or unlinked crate `wasmparser`
    |
    = help: if you wanted to use a crate named `wasmparser`, use `cargo add wasmparser` to add it to your `Cargo.toml`
help: consider importing this enum through its public re-export
    |
339 +     use crate::CoreDumpValue;
    |
help: if you import `CoreDumpValue`, refer to it directly
    |
495 -                     &wasmparser::CoreDumpValue::I32(val) => assert_eq!(val, 10),
495 +                     &CoreDumpValue::I32(val) => assert_eq!(val, 10),
    |

error[E0433]: cannot find module or crate `wasmparser` in this scope
   --> src/core/dump.rs:500:22
    |
500 |                     &wasmparser::CoreDumpValue::I32(val) => assert_eq!(val, 42),
    |                      ^^^^^^^^^^ use of unresolved module or unlinked crate `wasmparser`
    |
    = help: if you wanted to use a crate named `wasmparser`, use `cargo add wasmparser` to add it to your `Cargo.toml`
help: consider importing this enum through its public re-export
    |
339 +     use crate::CoreDumpValue;
    |
help: if you import `CoreDumpValue`, refer to it directly
    |
500 -                     &wasmparser::CoreDumpValue::I32(val) => assert_eq!(val, 42),
500 +                     &CoreDumpValue::I32(val) => assert_eq!(val, 42),
    |

Some errors have detailed explanations: E0432, E0433.
For more information about an error, try `rustc --explain E0432`.
error: could not compile `wasm-encoder` (lib test) due to 6 previous errors
CSVROW:parse-patch-bsan,wasm-encoder-0.261.0,,build_failed,,,,,,,1,2026-10-05T14:27:12Z,2188472.12"
parse-patch-bsan,fastrand-2.5.0,__all__,timeout,other,/scratch/group/p.cis260229.000/datasets/top_1_percent/fastrand-2.5.0/hyperfine-parse-patch-bsan.log,true,true,124,"    Finished `test` profile [unoptimized + debuginfo] target(s) in 0.07s
     Running unittests src/lib.rs (/scratch/group/p.cis260229.000/cargo-temp-u.mm346025/hf-2188472-3/target/bsan/x86_64-unknown-linux-gnu/debug/build/fastrand/572bb300b4b2e77b/out/fastrand-572bb300b4b2e77b)

running 0 tests

test result: ok. 0 passed; 0 failed; 0 ignored; 0 measured; 0 filtered out; finished in 0.06s

     Running tests/char.rs (/scratch/group/p.cis260229.000/cargo-temp-u.mm346025/hf-2188472-3/target/bsan/x86_64-unknown-linux-gnu/debug/build/fastrand/012b1d5ff190f9ad/out/char-012b1d5ff190f9ad)

running 1 test
test test_char ... ok

test result: ok. 1 passed; 0 failed; 0 ignored; 0 measured; 0 filtered out; finished in 0.54s

     Running tests/smoke.rs (/scratch/group/p.cis260229.000/cargo-temp-u.mm346025/hf-2188472-3/target/bsan/x86_64-unknown-linux-gnu/debug/build/fastrand/54ac5c6c737dd582/out/smoke-54ac5c6c737dd582)

running 31 tests
test bool ... ok
test choice_empty ... ok
test char_panic - should panic ... ok
test digit ... ok
test choice ... ok
test fill ... ok
test char ... ok
test global_rng_fill ... ok
test rng ... ok
test rng_digit ... ok
test rng_digit_panic_1 - should panic ... ok
test i8 ... ok
test rng_init ... ok
test rng_digit_panic_2 - should panic ... ok
test choose_multiple ... ok
test alphabetic ... ok
test global_rng_choice ... ok
test with_seed ... ok
test lowercase ... ok
test global_rng_alphabetic ... ok
test uppercase ... ok
test global_rng_lowercase ... ok
test global_rng_uppercase ... ok
test u8 ... ok
test f32 has been running for over 60 seconds
test f32_inclusive has been running for over 60 seconds
test f64 has been running for over 60 seconds
test f64_inclusive has been running for over 60 seconds
test u128 has been running for over 60 seconds
test u32 has been running for over 60 seconds
test u64 has been running for over 60 seconds
test u64 ... ok
test u32 ... ok
test u128 ... ok"
parse-patch-bsan,higher-kinded-types-0.3.2,,fetch_failed,other,/scratch/group/p.cis260229.000/datasets/top_1_percent/higher-kinded-types-0.3.2/hyperfine-parse-patch-bsan.log,true,true,,"RUSTFLAGS=[--cfg=miri --cap-lints=warn]
LIMIT=[timeout -k 30 1h ]
info: syncing channel updates for 1.85.0-x86_64-unknown-linux-gnu
error: could not create temp file /opt/rust/rustup/tmp/xd8gtpepf8xrgt2b_file: Read-only file system (os error 30)
CSVROW:parse-patch-bsan,higher-kinded-types-0.3.2,,fetch_failed,,,,,,,1,2026-10-05T14:26:46Z,2188472.4"
parse-patch-bsan,opaque-debug-0.4.0,__all__,no_match,other,/scratch/group/p.cis260229.000/datasets/top_1_percent/opaque-debug-0.4.0/hyperfine-parse-patch-bsan.log,true,true,0,"    Finished `test` profile [unoptimized + debuginfo] target(s) in 0.02s
     Running unittests src/lib.rs (/scratch/group/p.cis260229.000/cargo-temp-u.mm346025/hf-2188472-7/target/bsan/x86_64-unknown-linux-gnu/debug/build/opaque-debug/214ced2168dac02c/out/opaque_debug-214ced2168dac02c)

running 0 tests

test result: ok. 0 passed; 0 failed; 0 ignored; 0 measured; 0 filtered out; finished in 0.06s

   Doc-tests opaque_debug

running 0 tests

test result: ok. 0 passed; 0 failed; 0 ignored; 0 measured; 0 filtered out; finished in 0.00s
"
parse-patch-bsan,runfiles-0.3.0,,build_failed,other,/scratch/group/p.cis260229.000/datasets/top_1_percent/runfiles-0.3.0/hyperfine-parse-patch-bsan.log,true,true,,"RUSTFLAGS=[--cfg=miri --cap-lints=warn]
LIMIT=[timeout -k 30 1h ]
   Compiling runfiles v0.3.0 (/work)
error: environment variable `REPOSITORY_NAME` not defined at compile time
   --> runfiles.rs:49:34
    |
 49 |         $r.rlocation_from($path, env!(""REPOSITORY_NAME""))
    |                                  ^^^^^^^^^^^^^^^^^^^^^^^
...
668 |             let f = rlocation!(r, path).unwrap();
    |                     ------------------- in this macro invocation
    |
    = help: use `std::env::var(""REPOSITORY_NAME"")` to read the variable at run time
    = note: this error originates in the macro `env` which comes from the expansion of the macro `rlocation` (in Nightly builds, run with -Z macro-backtrace for more info)

error: environment variable `REPOSITORY_NAME` not defined at compile time
   --> runfiles.rs:49:34
    |
 49 |         $r.rlocation_from($path, env!(""REPOSITORY_NAME""))
    |                                  ^^^^^^^^^^^^^^^^^^^^^^^
...
689 |         let f = rlocation!(r, ""rules_rust/rust/runfiles/data/sample.txt"").unwrap();
    |                 --------------------------------------------------------- in this macro invocation
    |
    = help: use `std::env::var(""REPOSITORY_NAME"")` to read the variable at run time
    = note: this error originates in the macro `env` which comes from the expansion of the macro `rlocation` (in Nightly builds, run with -Z macro-backtrace for more info)

error: environment variable `REPOSITORY_NAME` not defined at compile time
   --> runfiles.rs:49:34
    |
 49 |         $r.rlocation_from($path, env!(""REPOSITORY_NAME""))
    |                                  ^^^^^^^^^^^^^^^^^^^^^^^
...
714 |                 let d = rlocation!(r, ""rules_rust"").unwrap();
    |                         --------------------------- in this macro invocation
    |
    = help: use `std::env::var(""REPOSITORY_NAME"")` to read the variable at run time
    = note: this error originates in the macro `env` which comes from the expansion of the macro `rlocation` (in Nightly builds, run with -Z macro-backtrace for more info)

error: environment variable `REPOSITORY_NAME` not defined at compile time
   --> runfiles.rs:49:34
    |
 49 |         $r.rlocation_from($path, env!(""REPOSITORY_NAME""))
    |                                  ^^^^^^^^^^^^^^^^^^^^^^^
...
715 |                 let f = rlocation!(r, ""rules_rust/rust/runfiles/data/sample.txt"").unwrap();
    |                         --------------------------------------------------------- in this macro invocation
    |
    = help: use `std::env::var(""REPOSITORY_NAME"")` to read the variable at run time
    = note: this error originates in the macro `env` which comes from the expansion of the macro `rlocation` (in Nightly builds, run with -Z macro-backtrace for more info)

error: environment variable `REPOSITORY_NAME` not defined at compile time
   --> runfiles.rs:49:34
    |
 49 |         $r.rlocation_from($path, env!(""REPOSITORY_NAME""))
    |                                  ^^^^^^^^^^^^^^^^^^^^^^^
...
743 |                 let d = rlocation!(r, ""rules_rust"").unwrap();
    |                         --------------------------- in this macro invocation
    |
    = help: use `std::env::var(""REPOSITORY_NAME"")` to read the variable at run time
    = note: this error originates in the macro `env` which comes from the expansion of the macro `rlocation` (in Nightly builds, run with -Z macro-backtrace for more info)

error: environment variable `REPOSITORY_NAME` not defined at compile time
   --> runfiles.rs:49:34
    |
 49 |         $r.rlocation_from($path, env!(""REPOSITORY_NAME""))
    |                                  ^^^^^^^^^^^^^^^^^^^^^^^
...
744 |                 let f = rlocation!(r, ""rules_rust/rust/runfiles/data/sample.txt"").unwrap();
    |                         --------------------------------------------------------- in this macro invocation
    |
    = help: use `std::env::var(""REPOSITORY_NAME"")` to read the variable at run time
    = note: this error originates in the macro `env` which comes from the expansion of the macro `rlocation` (in Nightly builds, run with -Z macro-backtrace for more info)

error: environment variable `REPOSITORY_NAME` not defined at compile time
   --> runfiles.rs:49:34
    |
 49 |         $r.rlocation_from($path, env!(""REPOSITORY_NAME""))
    |                                  ^^^^^^^^^^^^^^^^^^^^^^^
...
772 |                 let runfile = rlocation!(r, ""rules_rust/rust/runfiles/data/sample.txt"").unwrap();
    |                               --------------------------------------------------------- in this macro invocation
    |
    = help: use `std::env::var(""REPOSITORY_NAME"")` to read the variable at run time
    = note: this error originates in the macro `env` which comes from the expansion of the macro `rlocation` (in Nightly builds, run with -Z macro-backtrace for more info)

error: environment variable `REPOSITORY_NAME` not defined at compile time
   --> runfiles.rs:49:34
    |
 49 |         $r.rlocation_from($path, env!(""REPOSITORY_NAME""))
    |                                  ^^^^^^^^^^^^^^^^^^^^^^^
...
803 |                     File::open(rlocation!(r, ""rules_rust/rust/runfiles/data/sample.txt"").unwrap())
    |                                --------------------------------------------------------- in this macro invocation
    |
    = help: use `std::env::var(""REPOSITORY_NAME"")` to read the variable at run time
    = note: this error originates in the macro `env` which comes from the expansion of the macro `rlocation` (in Nightly builds, run with -Z macro-backtrace for more info)

error: environment variable `REPOSITORY_NAME` not defined at compile time
    --> runfiles.rs:49:34
     |
  49 |         $r.rlocation_from($path, env!(""REPOSITORY_NAME""))
     |                                  ^^^^^^^^^^^^^^^^^^^^^^^
...
1102 |         let f = rlocation!(r, ""rules_rust/rust/runfiles/data/sample.txt"").unwrap();
     |                 --------------------------------------------------------- in this macro invocation
     |
     = help: use `std::env::var(""REPOSITORY_NAME"")` to read the variable at run time
     = note: this error originates in the macro `env` which comes from the expansion of the macro `rlocation` (in Nightly builds, run with -Z macro-backtrace for more info)

error: could not compile `runfiles` (lib test) due to 9 previous errors
warning: build failed, waiting for other jobs to finish...
CSVROW:parse-patch-bsan,runfiles-0.3.0,,build_failed,,,,,,,1,2026-10-05T14:26:52Z,2188472.9"
parse-patch-bsan,adler32-1.2.0,__all__,test_failed,gc,/scratch/group/p.cis260229.000/datasets/top_1_percent/adler32-1.2.0/hyperfine-parse-patch-bsan.log,true,true,1,"    Finished `test` profile [unoptimized + debuginfo] target(s) in 0.21s
     Running unittests src/lib.rs (/scratch/group/p.cis260229.000/cargo-temp-u.mm346025/hf-2188454-0/target/bsan/x86_64-unknown-linux-gnu/debug/build/adler32/16d5af7135abc5ef/out/adler32-16d5af7135abc5ef)

running 4 tests
test test::rolling ... ok
test test::testvectors ... ok
test test::compare has been running for over 60 seconds
test test::long_window_remove has been running for over 60 seconds
ERROR: BorrowSanitizer: garbage collection has been waiting 10001 ms for threads to reach a safepoint (gc_hang_threshold_ms=10000).
  Thread T1 (os_id 0) has not reached a safepoint.
error: test failed, to rerun pass `--lib`

Caused by:
  process didn't exit successfully: `/scratch/group/p.cis260229.000/cargo-temp-u.mm346025/hf-2188454-0/target/bsan/x86_64-unknown-linux-gnu/debug/build/adler32/16d5af7135abc5ef/out/adler32-16d5af7135abc5ef` (exit status: 1)
note: test exited abnormally; to see the full output pass --no-capture to the harness."
parse-patch-bsan,aws-smithy-http-tower-0.60.3,__all__,no_match,other,/scratch/group/p.cis260229.000/datasets/top_1_percent/aws-smithy-http-tower-0.60.3/hyperfine-parse-patch-bsan.log,true,true,0,"    Finished `test` profile [unoptimized + debuginfo] target(s) in 0.02s
     Running unittests src/lib.rs (/scratch/group/p.cis260229.000/cargo-temp-u.mm346025/hf-2188473-0/target/bsan/x86_64-unknown-linux-gnu/debug/build/aws-smithy-http-tower/a1402a6ede1141b9/out/aws_smithy_http_tower-a1402a6ede1141b9)

running 0 tests

test result: ok. 0 passed; 0 failed; 0 ignored; 0 measured; 0 filtered out; finished in 0.06s

   Doc-tests aws_smithy_http_tower

running 0 tests

test result: ok. 0 passed; 0 failed; 0 ignored; 0 measured; 0 filtered out; finished in 0.00s
"
parse-patch-bsan,ucd-trie-0.1.7,__all__,test_failed,other,/scratch/group/p.cis260229.000/datasets/top_1_percent/ucd-trie-0.1.7/hyperfine-parse-patch-bsan.log,true,true,1,"warning: `package.homepage` is redundant with `package.repository`
  --> Cargo.toml:25:12
   |
25 | homepage = ""https://github.com/BurntSushi/ucd-generate""
   |            ^^^^^^^^^^^^^^^^^^^^^^^^^^^^^^^^^^^^^^^^^^^^
...
36 | repository = ""https://github.com/BurntSushi/ucd-generate""
   |              --------------------------------------------
   |
   = note: `cargo::redundant_homepage` is set to `warn` by default
help: consider removing `package.homepage`
warning: `ucd-trie` (manifest) generated 1 warning
warning: use of deprecated constant `std::u8::MAX`: replaced by the `MAX` associated constant on this type
   --> src/owned.rs:235:35
    |
235 |             if start > ::std::u8::MAX as usize {
    |                                   ^^^
    |
    = note: `#[warn(deprecated)]` on by default

warning: use of deprecated constant `std::u8::MAX`: replaced by the `MAX` associated constant on this type
   --> src/owned.rs:257:35
    |
257 |             if start > ::std::u8::MAX as usize {
    |                                   ^^^

warning: `ucd-trie` (lib) generated 2 warnings
warning: `ucd-trie` (lib test) generated 2 warnings (2 duplicates)
    Finished `test` profile [unoptimized + debuginfo] target(s) in 0.03s
     Running unittests src/lib.rs (/scratch/group/p.cis260229.000/cargo-temp-u.mm346025/hf-2188473-11/target/bsan/x86_64-unknown-linux-gnu/debug/build/ucd-trie/9c47b927e44a3010/out/ucd_trie-9c47b927e44a3010)

running 40 tests
test owned::tests::gencat_cased_letter has been running for over 60 seconds
test owned::tests::gencat_close_punctuation has been running for over 60 seconds
test owned::tests::gencat_connector_punctuation has been running for over 60 seconds
test owned::tests::gencat_control has been running for over 60 seconds
test owned::tests::gencat_currency_symbol has been running for over 60 seconds
test owned::tests::gencat_dash_punctuation has been running for over 60 seconds
test owned::tests::gencat_decimal_number has been running for over 60 seconds
test owned::tests::gencat_enclosing_mark has been running for over 60 seconds
test owned::tests::gencat_final_punctuation has been running for over 60 seconds
test owned::tests::gencat_format has been running for over 60 seconds
test owned::tests::gencat_initial_punctuation has been running for over 60 seconds
test owned::tests::gencat_letter has been running for over 60 seconds
test owned::tests::gencat_letter_number has been running for over 60 seconds
test owned::tests::gencat_line_separator has been running for over 60 seconds
test owned::tests::gencat_lowercase_letter has been running for over 60 seconds
test owned::tests::gencat_mark has been running for over 60 seconds
test owned::tests::gencat_math_symbol has been running for over 60 seconds
test owned::tests::gencat_modifier_letter has been running for over 60 seconds
test owned::tests::gencat_modifier_symbol has been running for over 60 seconds
test owned::tests::gencat_nonspacing_mark has been running for over 60 seconds
test owned::tests::gencat_number has been running for over 60 seconds
test owned::tests::gencat_open_punctuation has been running for over 60 seconds
test owned::tests::gencat_other has been running for over 60 seconds
test owned::tests::gencat_other_letter has been running for over 60 seconds
test owned::tests::gencat_other_number has been running for over 60 seconds
test owned::tests::gencat_other_punctuation has been running for over 60 seconds
==3629189==ERROR: BorrowSanitizer failed to deallocate 0x86000 (548864) bytes at address 0x7b0c68a26000 (error code: 12)
ERROR: Failed to munmap
error: test failed, to rerun pass `--lib`

Caused by:
  process didn't exit successfully: `/scratch/group/p.cis260229.000/cargo-temp-u.mm346025/hf-2188473-11/target/bsan/x86_64-unknown-linux-gnu/debug/build/ucd-trie/9c47b927e44a3010/out/ucd_trie-9c47b927e44a3010` (exit status: 1)
note: test exited abnormally; to see the full output pass --no-capture to the harness."
parse-patch-bsan,wasmtime-asm-macros-34.0.2,__all__,no_match,other,/scratch/group/p.cis260229.000/datasets/top_1_percent/wasmtime-asm-macros-34.0.2/hyperfine-parse-patch-bsan.log,true,true,0,"    Finished `test` profile [unoptimized + debuginfo] target(s) in 0.03s
     Running unittests src/lib.rs (/scratch/group/p.cis260229.000/cargo-temp-u.mm346025/hf-2188473-12/target/bsan/x86_64-unknown-linux-gnu/debug/build/wasmtime-asm-macros/158a553d947b64f9/out/wasmtime_asm_macros-158a553d947b64f9)

running 0 tests

test result: ok. 0 passed; 0 failed; 0 ignored; 0 measured; 0 filtered out; finished in 0.06s

   Doc-tests wasmtime_asm_macros

running 0 tests

test result: ok. 0 passed; 0 failed; 0 ignored; 0 measured; 0 filtered out; finished in 0.00s
"
parse-patch-bsan,unicode-xid-0.2.6,__all__,timeout,other,/scratch/group/p.cis260229.000/datasets/top_1_percent/unicode-xid-0.2.6/hyperfine-parse-patch-bsan.log,true,true,124,"    Finished `test` profile [unoptimized + debuginfo] target(s) in 0.17s
     Running unittests src/lib.rs (/scratch/group/p.cis260229.000/cargo-temp-u.mm346025/hf-2188454-12/target/bsan/x86_64-unknown-linux-gnu/debug/build/unicode-xid/983e376cbd5d1d95/out/unicode_xid-983e376cbd5d1d95)

running 4 tests
test tests::test_is_not_xid_continue ... ok
test tests::test_is_not_xid_start ... ok
test tests::test_is_xid_continue ... ok
test tests::test_is_xid_start ... ok

test result: ok. 4 passed; 0 failed; 0 ignored; 0 measured; 0 filtered out; finished in 0.07s

     Running tests/exhaustive_tests.rs (/scratch/group/p.cis260229.000/cargo-temp-u.mm346025/hf-2188454-12/target/bsan/x86_64-unknown-linux-gnu/debug/build/unicode-xid/dcf6ef656710767c/out/exhaustive_tests-dcf6ef656710767c)

running 2 tests
test all_valid_chars_do_not_panic_for_is_xid_continue has been running for over 60 seconds
test all_valid_chars_do_not_panic_for_is_xid_start has been running for over 60 seconds"
parse-patch-bsan,windows_x86_64_gnu-0.53.1,__all__,no_match,other,/scratch/group/p.cis260229.000/datasets/top_1_percent/windows_x86_64_gnu-0.53.1/hyperfine-parse-patch-bsan.log,true,true,0,"    Finished `test` profile [unoptimized + debuginfo] target(s) in 0.03s
     Running unittests src/lib.rs (/scratch/group/p.cis260229.000/cargo-temp-u.mm346025/hf-2188454-13/target/bsan/x86_64-unknown-linux-gnu/debug/build/windows_x86_64_gnu/a2e0a36052b08856/out/windows_x86_64_gnu-a2e0a36052b08856)

running 0 tests

test result: ok. 0 passed; 0 failed; 0 ignored; 0 measured; 0 filtered out; finished in 0.06s

   Doc-tests windows_x86_64_gnu

running 0 tests

test result: ok. 0 passed; 0 failed; 0 ignored; 0 measured; 0 filtered out; finished in 0.00s
"
parse-patch-bsan,feature-probe-0.1.1,__all__,test_failed,other,/scratch/group/p.cis260229.000/datasets/top_1_percent/feature-probe-0.1.1/hyperfine-parse-patch-bsan.log,true,true,101,"warning: Cargo.toml: `package.edition` is unspecified, defaulting to `2015` while the latest is `2024`
warning: `feature-probe` (manifest) generated 1 warning
    Finished `test` profile [unoptimized + debuginfo] target(s) in 0.03s
     Running unittests src/lib.rs (/scratch/group/p.cis260229.000/cargo-temp-u.mm346025/hf-2188473-3/target/bsan/x86_64-unknown-linux-gnu/debug/build/feature-probe/6122a4da69e72a2d/out/feature_probe-6122a4da69e72a2d)

running 0 tests

test result: ok. 0 passed; 0 failed; 0 ignored; 0 measured; 0 filtered out; finished in 0.06s

   Doc-tests feature_probe

running 5 tests
test src/lib.rs - Probe::new (line 75) ... ok
test src/lib.rs - Probe::probe (line 129) ... FAILED
test src/lib.rs - Probe::probe_expression (line 111) ... FAILED
test src/lib.rs - Probe::probe_type (line 96) ... ok
test src/lib.rs - Probe::probe_result (line 147) ... ok

failures:

---- src/lib.rs - Probe::probe (line 129) stdout ----
Test executable failed (exit status: 101).

stderr:
error: could not copy ""target/rust_out.rust_out.3776a6bf3513ee9a-cgu.0.rcgu.o"" to ""target/rust_out.o"": No such file or directory (os error 2)

error: aborting due to 1 previous error


thread 'main' (3628846) panicked at src/lib.rs:7:1:
assertion failed: probe.probe(""fn main() { }"")
note: run with `RUST_BACKTRACE=1` environment variable to display a backtrace


---- src/lib.rs - Probe::probe_expression (line 111) stdout ----
Test executable failed (exit status: 101).

stderr:
warning: unused arithmetic operation that must be used
 --> <anon>:1:13
  |
1 | fn main() { 3 + 4; }
  |             ^^^^^ the arithmetic operation produces a value
  |
  = note: `#[warn(unused_must_use)]` (part of `#[warn(unused)]`) on by default
help: use `let _ = ...` to ignore the resulting value
  |
1 | fn main() { let _ = 3 + 4; }
  |             +++++++

error: could not copy ""target/rust_out.rust_out.3776a6bf3513ee9a-cgu.0.rcgu.o"" to ""target/rust_out.o"": No such file or directory (os error 2)

error: aborting due to 1 previous error; 1 warning emitted


thread 'main' (3628979) panicked at src/lib.rs:8:1:
assertion failed: probe.probe_expression(""3 + 4"")
note: run with `RUST_BACKTRACE=1` environment variable to display a backtrace



failures:
    src/lib.rs - Probe::probe (line 129)
    src/lib.rs - Probe::probe_expression (line 111)

test result: FAILED. 3 passed; 2 failed; 0 ignored; 0 measured; 0 filtered out; finished in 1.23s

error: doctest failed, to rerun pass `--doc`"
parse-patch-bsan,is_terminal_polyfill-1.70.2,__all__,no_match,other,/scratch/group/p.cis260229.000/datasets/top_1_percent/is_terminal_polyfill-1.70.2/hyperfine-parse-patch-bsan.log,true,true,0,"    Finished `test` profile [unoptimized + debuginfo] target(s) in 0.02s
     Running unittests src/lib.rs (/scratch/group/p.cis260229.000/cargo-temp-u.mm346025/hf-2188473-5/target/bsan/x86_64-unknown-linux-gnu/debug/build/is_terminal_polyfill/df6ffe651d8bd4c8/out/is_terminal_polyfill-df6ffe651d8bd4c8)

running 0 tests

test result: ok. 0 passed; 0 failed; 0 ignored; 0 measured; 0 filtered out; finished in 0.06s

   Doc-tests is_terminal_polyfill

running 0 tests

test result: ok. 0 passed; 0 failed; 0 ignored; 0 measured; 0 filtered out; finished in 0.00s
"
parse-patch-bsan,opentelemetry-semantic-conventions-0.33.0,__all__,test_failed,rustc,/scratch/group/p.cis260229.000/datasets/top_1_percent/opentelemetry-semantic-conventions-0.33.0/hyperfine-parse-patch-bsan.log,true,true,101,"    Finished `test` profile [unoptimized + debuginfo] target(s) in 0.11s
     Running unittests src/lib.rs (/scratch/group/p.cis260229.000/cargo-temp-u.mm346025/hf-2188473-7/target/bsan/x86_64-unknown-linux-gnu/debug/build/opentelemetry-semantic-conventions/fbb3810d3d5b0c66/out/opentelemetry_semantic_conventions-fbb3810d3d5b0c66)

running 0 tests

test result: ok. 0 passed; 0 failed; 0 ignored; 0 measured; 0 filtered out; finished in 0.06s

   Doc-tests opentelemetry_semantic_conventions

running 3 tests
test src/metric.rs - metric (line 16) ... FAILED
test src/resource.rs - resource (line 16) ... ok
test src/trace.rs - trace (line 16) ... ok

failures:

---- src/metric.rs - metric (line 16) stdout ----
error[E0425]: cannot find function `meter` in module `global`
  --> src/metric.rs:24:21
   |
24 | let meter = global::meter(""mylibraryname"");
   |                     ^^^^^ not found in `global`

error: aborting due to 1 previous error

For more information about this error, try `rustc --explain E0425`.
Couldn't compile the test.

failures:
    src/metric.rs - metric (line 16)

test result: FAILED. 2 passed; 1 failed; 0 ignored; 0 measured; 0 filtered out; finished in 0.36s

error: doctest failed, to rerun pass `--doc`"
parse-patch-bsan,rustc-demangle-0.1.28,__all__,test_failed,crash,/scratch/group/p.cis260229.000/datasets/top_1_percent/rustc-demangle-0.1.28/hyperfine-parse-patch-bsan.log,true,true,1,"[... 181 earlier line(s) omitted ...]
   --> src/lib.rs:39:9
    |
 39 | /         assert!(
 40 | |             s.contains(needle),
 41 | |             ""{:?} should've contained {:?}"",
 42 | |             s,
 43 | |             needle
 44 | |         );
    | |_________^ ambiguous name
...
544 | /         assert_contains!(
545 | |             super::demangle(""_RMC0RB2_"").to_string(),
546 | |             ""{recursion limit reached}""
547 | |         );
    | |_________- in this macro invocation
    |
    = note: ambiguous because of a conflict between a name from a glob import and an outer scope during import or macro resolution
note: `panic` could refer to the macro imported here
   --> src/lib.rs:356:9
    |
356 |     use std::prelude::v1::*;
    |         ^^^^^^^^^^^^^^^^^^^
    = help: consider adding an explicit import of `panic` to disambiguate
    = help: or use `self::panic` to refer to this macro unambiguously
note: `panic` could also refer to the macro defined here
   --> /opt/rust/rustup/toolchains/bsan/lib/rustlib/src/rust/library/core/src/prelude/mod.rs:21:13
    |
 21 |     pub use super::v1::*;
    |             ^^^^^^^^^
    = warning: this was previously accepted by the compiler but is being phased out; it will become a hard error in a future release!
    = note: for more information, see issue #147319 <https://github.com/rust-lang/rust/issues/147319>
    = note: this warning originates in the macro `assert` which comes from the expansion of the macro `assert_contains` (in Nightly builds, run with -Z macro-backtrace for more info)

warning: `panic` is ambiguous
   --> src/lib.rs:51:9
    |
 51 | /         assert!(
 52 | |             s.ends_with(suffix),
 53 | |             ""{:?} should've ended in {:?}"",
 54 | |             s,
 55 | |             suffix
 56 | |         );
    | |_________^ ambiguous name
...
552 | /         assert_ends_with!(
553 | |             super::demangle(""RYFG_FGyyEvRYFF_EvRYFFEvERLB_B_B_ERLRjB_B_B_"").to_string(),
554 | |             ""{size limit reached}""
555 | |         );
    | |_________- in this macro invocation
    |
    = note: ambiguous because of a conflict between a name from a glob import and an outer scope during import or macro resolution
note: `panic` could refer to the macro imported here
   --> src/lib.rs:356:9
    |
356 |     use std::prelude::v1::*;
    |         ^^^^^^^^^^^^^^^^^^^
    = help: consider adding an explicit import of `panic` to disambiguate
    = help: or use `self::panic` to refer to this macro unambiguously
note: `panic` could also refer to the macro defined here
   --> /opt/rust/rustup/toolchains/bsan/lib/rustlib/src/rust/library/core/src/prelude/mod.rs:21:13
    |
 21 |     pub use super::v1::*;
    |             ^^^^^^^^^
    = warning: this was previously accepted by the compiler but is being phased out; it will become a hard error in a future release!
    = note: for more information, see issue #147319 <https://github.com/rust-lang/rust/issues/147319>
    = note: this warning originates in the macro `assert` which comes from the expansion of the macro `assert_ends_with` (in Nightly builds, run with -Z macro-backtrace for more info)

warning: `panic` is ambiguous
   --> src/lib.rs:51:9
    |
 51 | /         assert!(
 52 | |             s.ends_with(suffix),
 53 | |             ""{:?} should've ended in {:?}"",
 54 | |             s,
 55 | |             suffix
 56 | |         );
    | |_________^ ambiguous name
...
558 | /         assert_ends_with!(
559 | |             super::demangle(""_RMC0FGZZZ_Eu"").to_string(),
560 | |             ""{size limit reached}""
561 | |         );
    | |_________- in this macro invocation
    |
    = note: ambiguous because of a conflict between a name from a glob import and an outer scope during import or macro resolution
note: `panic` could refer to the macro imported here
   --> src/lib.rs:356:9
    |
356 |     use std::prelude::v1::*;
    |         ^^^^^^^^^^^^^^^^^^^
    = help: consider adding an explicit import of `panic` to disambiguate
    = help: or use `self::panic` to refer to this macro unambiguously
note: `panic` could also refer to the macro defined here
   --> /opt/rust/rustup/toolchains/bsan/lib/rustlib/src/rust/library/core/src/prelude/mod.rs:21:13
    |
 21 |     pub use super::v1::*;
    |             ^^^^^^^^^
    = warning: this was previously accepted by the compiler but is being phased out; it will become a hard error in a future release!
    = note: for more information, see issue #147319 <https://github.com/rust-lang/rust/issues/147319>
    = note: this warning originates in the macro `assert` which comes from the expansion of the macro `assert_ends_with` (in Nightly builds, run with -Z macro-backtrace for more info)

warning: `rustc-demangle` (lib test) generated 10 warnings (4 duplicates)
    Finished `test` profile [unoptimized + debuginfo] target(s) in 0.02s
     Running unittests src/lib.rs (/scratch/group/p.cis260229.000/cargo-temp-u.mm346025/hf-2188473-9/target/bsan/x86_64-unknown-linux-gnu/debug/build/rustc-demangle/b6fac180ade0af35/out/rustc_demangle-b6fac180ade0af35)

running 58 tests
test legacy::tests::demangle ... ok
test legacy::tests::demangle_elements_beginning_with_underscore ... ok
test legacy::tests::demangle_ignores_suffix_that_doesnt_look_like_a_symbol ... ok
test legacy::tests::demangle_dollars ... ok
test legacy::tests::demangle_many_dollars ... ok
test legacy::tests::demangle_issue_60925 ... ok
test legacy::tests::demangle_thinlto ... ok
test legacy::tests::demangle_windows ... ok
test legacy::tests::dont_panic ... ok
test legacy::tests::demangle_without_hash ... ok
test legacy::tests::demangle_trait_impls ... ok
test legacy::tests::invalid_no_chop ... ok
test legacy::tests::demangle_utf8_idents ... ok
test legacy::tests::demangle_llvm_ir_branch_labels ... ok
test legacy::tests::demangle_without_hash_edgecases ... ok
test tests::demangle ... ok
test tests::demangle_ignores_suffix_that_doesnt_look_like_a_symbol ... ok
test legacy::tests::demangle_osx ... ok
test legacy::tests::handle_bang ... ok
test tests::demangle_many_dollars ... ok
test tests::demangle_dollars ... ok
test tests::demangle_elements_beginning_with_underscore ... ok
test tests::demangle_thinlto ... ok
test legacy::tests::handle_assoc_types ... ok
test tests::demangle_windows ... ok
test tests::demangle_trait_impls ... ok
test tests::demangle_without_hash ... ok
test tests::demangle_llvm_ir_branch_labels ... ok
test tests::demangle_without_hash_edgecases ... ok
test tests::demangle_osx ... ok
test tests::dont_panic ... ok
test tests::invalid_no_chop ... ok
test tests::handle_bang ... ok
test tests::handle_assoc_types ... ok
test v0::tests::demangle_const_generics_preview ... ok
test v0::tests::demangle_closure ... ok
test v0::tests::demangle_crate_with_leading_digit ... ok
test v0::tests::demangle_const_ref ... ok
test v0::tests::demangle_const_array ... ok
test v0::tests::demangle_crate_with_zero_disambiguator ... ok
test v0::tests::demangle_const_adt ... ok
test v0::tests::demangle_dyn_trait_assoc_const_binding ... ok
test v0::tests::demangle_const_tuple ... ok
test v0::tests::demangle_dyn_trait ... ok
test v0::tests::demangle_extra_suffix ... ok
test v0::tests::demangle_pat_ty ... ok
test v0::tests::demangle_thinlto ... ok
test v0::tests::demangle_utf8_idents ... ok
test v0::tests::demangle_min_const_generics ... ok
test v0::tests::demangle_splat ... ok
BorrowSanitizer:DEADLYSIGNAL
==3629530==ERROR: BorrowSanitizer: stack-overflow on address 0x7b3cebef7948 (pc 0x5634a40f19c9 bp 0x7b3cebefa490 sp 0x7b3cebef7950 T3629838)
test v0::tests::demangle_exponential_explosion ... ok
    #0 0x5634a40f19c9 in <rustc_demangle::v0::Printer>::print_path /work/src/v0.rs:795
    #1 0x5634a41d2bed in <rustc_demangle::v0::Printer>::print_path::{closure#1} /work/src/v0.rs:882:48
    #2 0x5634a41a3a8c in <rustc_demangle::v0::Printer>::print_backref::<<rustc_demangle::v0::Printer>::print_path::{closure#1}> /work/src/v0.rs:665:17
    #3 0x5634a40f4351 in <rustc_demangle::v0::Printer>::print_path /work/src/v0.rs:882:22
    #4 0x5634a40f8ea9 in <rustc_demangle::v0::Printer>::print_path /work/src/v0.rs:816:22
    #5 0x5634a41d2bed in <rustc_demangle::v0::Printer>::print_path::{closure#1} /work/src/v0.rs:882:48
    #6 0x5634a41a3a8c in <rustc_demangle::v0::Printer>::print_backref::<<rustc_demangle::v0::Printer>::print_path::{closure#1}> /work/src/v0.rs:665:17
    #7 0x5634a40f4351 in <rustc_demangle::v0::Printer>::print_path /work/src/v0.rs:882:22
    #8 0x5634a40f8ea9 in <rustc_demangle::v0::Printer>::print_path /work/src/v0.rs:816:22
    #9 0x5634a41d2bed in <rustc_demangle::v0::Printer>::print_path::{closure#1} /work/src/v0.rs:882:48
    #10 0x5634a41a3a8c in <rustc_demangle::v0::Printer>::print_backref::<<rustc_demangle::v0::Printer>::print_path::{closure#1}> /work/src/v0.rs:665:17
    #11 0x5634a40f4351 in <rustc_demangle::v0::Printer>::print_path /work/src/v0.rs:882:22
    #12 0x5634a40f8ea9 in <rustc_demangle::v0::Printer>::print_path /work/src/v0.rs:816:22
    #13 0x5634a41d2bed in <rustc_demangle::v0::Printer>::print_path::{closure#1} /work/src/v0.rs:882:48
    #14 0x5634a41a3a8c in <rustc_demangle::v0::Printer>::print_backref::<<rustc_demangle::v0::Printer>::print_path::{closure#1}> /work/src/v0.rs:665:17
    #15 0x5634a40f4351 in <rustc_demangle::v0::Printer>::print_path /work/src/v0.rs:882:22
    #16 0x5634a40f8ea9 in <rustc_demangle::v0::Printer>::print_path /work/src/v0.rs:816:22
    #17 0x5634a41d2bed in <rustc_demangle::v0::Printer>::print_path::{closure#1} /work/src/v0.rs:882:48
    #18 0x5634a41a3a8c in <rustc_demangle::v0::Printer>::print_backref::<<rustc_demangle::v0::Printer>::print_path::{closure#1}> /work/src/v0.rs:665:17
    #19 0x5634a40f4351 in <rustc_demangle::v0::Printer>::print_path /work/src/v0.rs:882:22
    #20 0x5634a40f8ea9 in <rustc_demangle::v0::Printer>::print_path /work/src/v0.rs:816:22
    #21 0x5634a41d2bed in <rustc_demangle::v0::Printer>::print_path::{closure#1} /work/src/v0.rs:882:48
    #22 0x5634a41a3a8c in <rustc_demangle::v0::Printer>::print_backref::<<rustc_demangle::v0::Printer>::print_path::{closure#1}> /work/src/v0.rs:665:17
    #23 0x5634a40f4351 in <rustc_demangle::v0::Printer>::print_path /work/src/v0.rs:882:22
    #24 0x5634a40f8ea9 in <rustc_demangle::v0::Printer>::print_path /work/src/v0.rs:816:22
    #25 0x5634a41d2bed in <rustc_demangle::v0::Printer>::print_path::{closure#1} /work/src/v0.rs:882:48
    #26 0x5634a41a3a8c in <rustc_demangle::v0::Printer>::print_backref::<<rustc_demangle::v0::Printer>::print_path::{closure#1}> /work/src/v0.rs:665:17
    #27 0x5634a40f4351 in <rustc_demangle::v0::Printer>::print_path /work/src/v0.rs:882:22
    #28 0x5634a40f8ea9 in <rustc_demangle::v0::Printer>::print_path /work/src/v0.rs:816:22
    #29 0x5634a41d2bed in <rustc_demangle::v0::Printer>::print_path::{closure#1} /work/src/v0.rs:882:48
    #30 0x5634a41a3a8c in <rustc_demangle::v0::Printer>::print_backref::<<rustc_demangle::v0::Printer>::print_path::{closure#1}> /work/src/v0.rs:665:17
    #31 0x5634a40f4351 in <rustc_demangle::v0::Printer>::print_path /work/src/v0.rs:882:22
    #32 0x5634a40f8ea9 in <rustc_demangle::v0::Printer>::print_path /work/src/v0.rs:816:22

SUMMARY: BorrowSanitizer: stack-overflow /work/src/v0.rs:795 in <rustc_demangle::v0::Printer>::print_path
==3629530==ABORTING
error: test failed, to rerun pass `--lib`

Caused by:
  process didn't exit successfully: `/scratch/group/p.cis260229.000/cargo-temp-u.mm346025/hf-2188473-9/target/bsan/x86_64-unknown-linux-gnu/debug/build/rustc-demangle/b6fac180ade0af35/out/rustc_demangle-b6fac180ade0af35` (exit status: 1)
note: test exited abnormally; to see the full output pass --no-capture to the harness."
parse-patch-bsan,az-1.3.0,__all__,test_failed,other,/scratch/group/p.cis260229.000/datasets/top_1_percent/az-1.3.0/hyperfine-parse-patch-bsan.log,true,true,101,"[... 252 earlier line(s) omitted ...]
    = note: for more information, see issue #48919 <https://github.com/rust-lang/rust/issues/48919>
note: the lint level is defined here
   --> src/lib.rs:755:9
    |
755 | #![deny(warnings)]
    |         ^^^^^^^^
    = note: `#[deny(unstable_name_collisions)]` implied by `#[deny(warnings)]`
help: add `#![feature(integer_casts)]` to the crate attributes to enable `core::num::<impl i32>::checked_cast`
    |
756 + #![feature(integer_casts)]
    |

error: aborting due to 1 previous error

Couldn't compile the test.
---- src/lib.rs - SaturatingAs (line 912) stdout ----
error: a method with this name may be added to the standard library in the future
   --> src/lib.rs:918:46
    |
918 |     fn saturating_cast(self) -> u32 { self.0.saturating_cast() }
    |                                              ^^^^^^^^^^^^^^^
    |
    = help: call with fully qualified syntax `az::SaturatingCast::saturating_cast(...)` to keep using the current method
    = warning: once this associated item is added to the standard library, the ambiguity may cause an error or change in behavior!
    = note: for more information, see issue #48919 <https://github.com/rust-lang/rust/issues/48919>
note: the lint level is defined here
   --> src/lib.rs:911:9
    |
911 | #![deny(warnings)]
    |         ^^^^^^^^
    = note: `#[deny(unstable_name_collisions)]` implied by `#[deny(warnings)]`
help: add `#![feature(integer_casts)]` to the crate attributes to enable `core::num::<impl i32>::saturating_cast`
    |
912 + #![feature(integer_casts)]
    |

error: aborting due to 1 previous error

Couldn't compile the test.
---- src/lib.rs - StrictAs (line 837) stdout ----
error: a method with this name may be added to the standard library in the future
   --> src/lib.rs:843:42
    |
843 |     fn strict_cast(self) -> i64 { self.0.strict_cast() }
    |                                          ^^^^^^^^^^^
    |
    = help: call with fully qualified syntax `az::StrictCast::strict_cast(...)` to keep using the current method
    = warning: once this associated item is added to the standard library, the ambiguity may cause an error or change in behavior!
    = note: for more information, see issue #48919 <https://github.com/rust-lang/rust/issues/48919>
note: the lint level is defined here
   --> src/lib.rs:836:9
    |
836 | #![deny(warnings)]
    |         ^^^^^^^^
    = note: `#[deny(unstable_name_collisions)]` implied by `#[deny(warnings)]`
help: add `#![feature(integer_casts)]` to the crate attributes to enable `core::num::<impl i32>::strict_cast`
    |
837 + #![feature(integer_casts)]
    |

error: aborting due to 1 previous error

Couldn't compile the test.
---- src/lib.rs - StrictCast (line 226) stdout ----
error: a method with this name may be added to the standard library in the future
   --> src/lib.rs:229:30
    |
229 | let _overflow: u32 = (-5i32).strict_cast();
    |                              ^^^^^^^^^^^
    |
    = help: call with fully qualified syntax `az::StrictCast::strict_cast(...)` to keep using the current method
    = warning: once this associated item is added to the standard library, the ambiguity may cause an error or change in behavior!
    = note: for more information, see issue #48919 <https://github.com/rust-lang/rust/issues/48919>
note: the lint level is defined here
   --> src/lib.rs:224:9
    |
224 | #![deny(warnings)]
    |         ^^^^^^^^
    = note: `#[deny(unstable_name_collisions)]` implied by `#[deny(warnings)]`
help: add `#![feature(integer_casts)]` to the crate attributes to enable `core::num::<impl i32>::strict_cast`
    |
225 + #![feature(integer_casts)]
    |

error: aborting due to 1 previous error

Couldn't compile the test.
---- src/lib.rs - WrappingAs (line 978) stdout ----
error: use of deprecated associated function `core::num::<impl u32>::max_value`: replaced by the `MAX` associated constant on this type
   --> src/lib.rs:981:44
    |
981 | assert_eq!((-1).wrapping_as::<u32>(), u32::max_value());
    |                                            ^^^^^^^^^
    |
note: the lint level is defined here
   --> src/lib.rs:976:9
    |
976 | #![deny(warnings)]
    |         ^^^^^^^^
    = note: `#[deny(deprecated)]` implied by `#[deny(warnings)]`

error: aborting due to 1 previous error

Couldn't compile the test.
---- src/lib.rs - WrappingAs (line 987) stdout ----
error: a method with this name may be added to the standard library in the future
   --> src/lib.rs:993:44
    |
993 |     fn wrapping_cast(self) -> u32 { self.0.wrapping_cast() }
    |                                            ^^^^^^^^^^^^^
    |
    = help: call with fully qualified syntax `az::WrappingCast::wrapping_cast(...)` to keep using the current method
    = warning: once this associated item is added to the standard library, the ambiguity may cause an error or change in behavior!
    = note: for more information, see issue #48919 <https://github.com/rust-lang/rust/issues/48919>
note: the lint level is defined here
   --> src/lib.rs:986:9
    |
986 | #![deny(warnings)]
    |         ^^^^^^^^
    = note: `#[deny(unstable_name_collisions)]` implied by `#[deny(warnings)]`
help: add `#![feature(integer_casts)]` to the crate attributes to enable `core::num::<impl i32>::wrapping_cast`
    |
987 + #![feature(integer_casts)]
    |

error: aborting due to 1 previous error

Couldn't compile the test.
---- src/lib.rs - WrappingCast (line 275) stdout ----
error: use of deprecated associated function `core::num::<impl u32>::max_value`: replaced by the `MAX` associated constant on this type
   --> src/lib.rs:279:20
    |
279 | assert_eq!(a, u32::max_value());
    |                    ^^^^^^^^^
    |
note: the lint level is defined here
   --> src/lib.rs:273:9
    |
273 | #![deny(warnings)]
    |         ^^^^^^^^
    = note: `#[deny(deprecated)]` implied by `#[deny(warnings)]`

error: aborting due to 1 previous error

Couldn't compile the test.
---- src/lib.rs - overflowing_cast (line 1309) stdout ----
error: use of deprecated associated function `core::num::<impl u32>::max_value`: replaced by the `MAX` associated constant on this type
    --> src/lib.rs:1311:56
     |
1311 | assert_eq!(az::overflowing_cast::<i32, u32>(-1), (u32::max_value(), true));
     |                                                        ^^^^^^^^^
     |
note: the lint level is defined here
    --> src/lib.rs:1307:9
     |
1307 | #![deny(warnings)]
     |         ^^^^^^^^
     = note: `#[deny(deprecated)]` implied by `#[deny(warnings)]`

error: aborting due to 1 previous error

Couldn't compile the test.
---- src/lib.rs - wrapping_cast (line 1286) stdout ----
error: use of deprecated associated function `core::num::<impl u32>::max_value`: replaced by the `MAX` associated constant on this type
    --> src/lib.rs:1288:52
     |
1288 | assert_eq!(az::wrapping_cast::<i32, u32>(-1), u32::max_value());
     |                                                    ^^^^^^^^^
     |
note: the lint level is defined here
    --> src/lib.rs:1284:9
     |
1284 | #![deny(warnings)]
     |         ^^^^^^^^
     = note: `#[deny(deprecated)]` implied by `#[deny(warnings)]`

error: aborting due to 1 previous error

Couldn't compile the test.

failures:
    src/lib.rs - (line 43)
    src/lib.rs - CheckedAs (line 756)
    src/lib.rs - CheckedCast (line 189)
    src/lib.rs - OverflowingAs (line 1058)
    src/lib.rs - OverflowingCast (line 298)
    src/lib.rs - SaturatingAs (line 912)
    src/lib.rs - StrictAs (line 837)
    src/lib.rs - StrictCast (line 217)
    src/lib.rs - StrictCast (line 226)
    src/lib.rs - WrappingAs (line 978)
    src/lib.rs - WrappingAs (line 987)
    src/lib.rs - WrappingCast (line 275)
    src/lib.rs - overflowing_cast (line 1309)
    src/lib.rs - wrapping_cast (line 1286)

test result: FAILED. 33 passed; 14 failed; 0 ignored; 0 measured; 0 filtered out; finished in 0.53s

all doctests ran in 0.70s; merged doctests compilation took 0.14s
error: doctest failed, to rerun pass `--doc`"
parse-patch-bsan,wasmtime-internal-component-util-49.0.2,__all__,no_match,other,/scratch/group/p.cis260229.000/datasets/top_1_percent/wasmtime-internal-component-util-49.0.2/hyperfine-parse-patch-bsan.log,true,true,0,"    Finished `test` profile [unoptimized + debuginfo] target(s) in 0.02s
     Running unittests src/lib.rs (/scratch/group/p.cis260229.000/cargo-temp-u.mm346025/hf-2188474-12/target/bsan/x86_64-unknown-linux-gnu/debug/build/wasmtime-internal-component-util/21fbf7f70bb2e6a1/out/wasmtime_internal_component_util-21fbf7f70bb2e6a1)

running 0 tests

test result: ok. 0 passed; 0 failed; 0 ignored; 0 measured; 0 filtered out; finished in 0.06s

   Doc-tests wasmtime_internal_component_util

running 0 tests

test result: ok. 0 passed; 0 failed; 0 ignored; 0 measured; 0 filtered out; finished in 0.00s
"
parse-patch-bsan,doctest-file-1.1.1,__all__,test_failed,other,/scratch/group/p.cis260229.000/datasets/top_1_percent/doctest-file-1.1.1/hyperfine-parse-patch-bsan.log,true,true,101,"    Finished `test` profile [optimized + debuginfo] target(s) in 0.02s
     Running unittests src/lib.rs (/scratch/group/p.cis260229.000/cargo-temp-u.mm346025/hf-2188474-2/target/bsan/debug/build/doctest-file/bb078f47364d825d/out/doctest_file-bb078f47364d825d)

running 0 tests

test result: ok. 0 passed; 0 failed; 0 ignored; 0 measured; 0 filtered out; finished in 0.00s

   Doc-tests doctest_file

running 5 tests
test src/lib.rs - (line 81) ... FAILED
test src/lib.rs - (line 20) ... FAILED
test src/lib.rs - (line 27) ... FAILED
test src/lib.rs - (line 54) ... FAILED
test src/lib.rs - (line 70) ... ok

failures:

---- src/lib.rs - (line 81) stdout ----
error: expected item after doc comment
  --> src/lib.rs:89:1
   |
82 | / /// First, we do a thing:
83 | | /// ```rust
84 | | #[doc = doctest_file::include_doctest!(""examples/foo.rs"", region = ""bar"")]
85 | | /// ```
86 | | /// Then, we do the other thing:
87 | | /// ```rust
88 | | #[doc = doctest_file::include_doctest!(""examples/foo.rs"", region = ""baz"")]
   | |__________________________________________________________________________- other attributes here
89 |   /// ```
   |   ^^^^^^^ this doc comment doesn't document anything

error: aborting due to 1 previous error

Couldn't compile the test.
---- src/lib.rs - (line 20) stdout ----
error: expected item after doc comment
  --> src/lib.rs:23:1
   |
21 | / /// ```rust
22 | | #[doc = doctest_file::include_doctest!(""examples/foo.rs"")]
   | |__________________________________________________________- other attributes here
23 |   /// ```
   |   ^^^^^^^ this doc comment doesn't document anything

error: aborting due to 1 previous error

Couldn't compile the test.
---- src/lib.rs - (line 27) stdout ----
error: expected item after doc comment
  --> src/lib.rs:30:1
   |
28 | / /// ```rust
29 | | #[doc = doctest_file::include_doctest!(""examples/foo.rs"", region = ""bar"")]
   | |__________________________________________________________________________- other attributes here
30 |   /// ```
   |   ^^^^^^^ this doc comment doesn't document anything

error: aborting due to 1 previous error

Couldn't compile the test.
---- src/lib.rs - (line 54) stdout ----
error: expected item after attributes
  --> src/lib.rs:55:1
   |
55 | #[doc = doctest_file::include_doctest!(""examples/foo.rs"", hidden)]
   | ^^^^^^^^^^^^^^^^^^^^^^^^^^^^^^^^^^^^^^^^^^^^^^^^^^^^^^^^^^^^^^^^^^ expected an item after this

error: aborting due to 1 previous error

Couldn't compile the test.

failures:
    src/lib.rs - (line 20)
    src/lib.rs - (line 27)
    src/lib.rs - (line 54)
    src/lib.rs - (line 81)

test result: FAILED. 1 passed; 4 failed; 0 ignored; 0 measured; 0 filtered out; finished in 0.69s

error: doctest failed, to rerun pass `--doc`"
parse-patch-bsan,fiat-crypto-0.3.0,__all__,no_match,other,/scratch/group/p.cis260229.000/datasets/top_1_percent/fiat-crypto-0.3.0/hyperfine-parse-patch-bsan.log,true,true,0,"warning: `package.homepage` is redundant with `package.repository`
  --> Cargo.toml:25:12
   |
25 | homepage = ""https://github.com/mit-plv/fiat-crypto""
   |            ^^^^^^^^^^^^^^^^^^^^^^^^^^^^^^^^^^^^^^^^
...
28 | repository = ""https://github.com/mit-plv/fiat-crypto""
   |              ----------------------------------------
   |
   = note: `cargo::redundant_homepage` is set to `warn` by default
help: consider removing `package.homepage`
warning: `fiat-crypto` (manifest) generated 1 warning
    Finished `test` profile [unoptimized + debuginfo] target(s) in 0.02s
     Running unittests src/lib.rs (/scratch/group/p.cis260229.000/cargo-temp-u.mm346025/hf-2188474-3/target/bsan/x86_64-unknown-linux-gnu/debug/build/fiat-crypto/3bc955982d19cb95/out/fiat_crypto-3bc955982d19cb95)

running 0 tests

test result: ok. 0 passed; 0 failed; 0 ignored; 0 measured; 0 filtered out; finished in 0.06s

   Doc-tests fiat_crypto

running 0 tests

test result: ok. 0 passed; 0 failed; 0 ignored; 0 measured; 0 filtered out; finished in 0.00s
"
parse-patch-bsan,iter-read-1.1.0,,fetch_failed,other,/scratch/group/p.cis260229.000/datasets/top_1_percent/iter-read-1.1.0/hyperfine-parse-patch-bsan.log,true,true,,"RUSTFLAGS=[--cfg=miri --cap-lints=warn]
LIMIT=[timeout -k 30 1h ]
info: syncing channel updates for 1.58.1-x86_64-unknown-linux-gnu
error: could not create temp file /opt/rust/rustup/tmp/zcf22w8o3gpbw0d1_file: Read-only file system (os error 30)
CSVROW:parse-patch-bsan,iter-read-1.1.0,,fetch_failed,,,,,,,1,2026-10-05T15:12:37Z,2188474.5"
parse-patch-bsan,cty-0.2.2,__all__,no_match,other,/scratch/group/p.cis260229.000/datasets/top_1_percent/cty-0.2.2/hyperfine-parse-patch-bsan.log,true,true,0,"warning: Cargo.toml: `package.edition` is unspecified, defaulting to `2015` while the latest is `2024`
warning: `cty` (manifest) generated 1 warning
warning: unexpected `cfg` condition value: `asmjs`
  --> src/lib.rs:21:11
   |
21 |           target_arch = ""asmjs"",
   |           ^^^^^^^^^^^^^^^^^^^^^
   |
   = note: expected values for `target_arch` are: `aarch64`, `amdgpu`, `arm`, `arm64ec`, `avr`, `bpf`, `csky`, `hexagon`, `loongarch32`, `loongarch64`, `m68k`, `mips`, `mips32r6`, `mips64`, `mips64r6`, `msp430`, `nvptx64`, `powerpc`, `powerpc64`, `riscv32`, `riscv64`, `s390x`, `sparc`, `sparc64`, `wasm32`, `wasm64`, `x86`, `x86_64`, and `xtensa`
   = note: see <https://doc.rust-lang.org/nightly/rustc/check-cfg/cargo-specifics.html> for more information about checking conditional configuration
note: the lint level is defined here
  --> src/lib.rs:9:9
   |
 9 | #![deny(warnings)]
   |         ^^^^^^^^
   = note: `#[warn(unexpected_cfgs)]` implied by `#[warn(warnings)]`

warning: unexpected `cfg` condition value: `nvptx`
  --> src/lib.rs:51:11
   |
51 |           target_arch = ""nvptx"",
   |           ^^^^^^^^^^^^^^^^^^^^^
   |
   = note: expected values for `target_arch` are: `aarch64`, `amdgpu`, `arm`, `arm64ec`, `avr`, `bpf`, `csky`, `hexagon`, `loongarch32`, `loongarch64`, `m68k`, `mips`, `mips32r6`, `mips64`, `mips64r6`, `msp430`, `nvptx64`, `powerpc`, `powerpc64`, `riscv32`, `riscv64`, `s390x`, `sparc`, `sparc64`, `wasm32`, `wasm64`, `x86`, `x86_64`, and `xtensa`
   = note: see <https://doc.rust-lang.org/nightly/rustc/check-cfg/cargo-specifics.html> for more information about checking conditional configuration

warning: unused import: `pwd::*`
  --> src/lib.rs:17:9
   |
17 | pub use pwd::*;
   |         ^^^^^^
   |
   = note: `#[warn(unused_imports)]` implied by `#[warn(warnings)]`

warning: `cty` (lib) generated 3 warnings (run `cargo fix --lib -p cty` to apply 1 suggestion)
warning: `cty` (lib test) generated 3 warnings (3 duplicates)
    Finished `test` profile [unoptimized + debuginfo] target(s) in 0.02s
     Running unittests src/lib.rs (/scratch/group/p.cis260229.000/cargo-temp-u.mm346025/hf-2188454-2/target/bsan/x86_64-unknown-linux-gnu/debug/build/cty/fe927cf906bbe33e/out/cty-fe927cf906bbe33e)

running 0 tests

test result: ok. 0 passed; 0 failed; 0 ignored; 0 measured; 0 filtered out; finished in 0.06s

   Doc-tests cty

running 0 tests

test result: ok. 0 passed; 0 failed; 0 ignored; 0 measured; 0 filtered out; finished in 0.00s
"
parse-patch-bsan,document-features-0.2.12,__all__,test_failed,rustc,/scratch/group/p.cis260229.000/datasets/top_1_percent/document-features-0.2.12/hyperfine-parse-patch-bsan.log,true,true,1,"    Finished `test` profile [unoptimized + debuginfo] target(s) in 0.02s
     Running unittests lib.rs (/scratch/group/p.cis260229.000/cargo-temp-u.mm346025/hf-2188475-2/target/bsan/debug/build/document-features/4f96b74c4f954c05/out/document_features-4f96b74c4f954c05)

running 19 tests
test test_get_balanced ... ok
test test_has_doc_comments ... ok
test tests::dependencies ... ok
test tests::basic ... ok
test tests::dots_in_feature ... ok
test tests::no_features ... ok
test tests::multi_lines ... ok
test tests::non_optional_dep1 ... ok
test tests::no_features2 ... ok
test tests::non_optional_dep2 ... ok
test tests::not_a_feature1 ... ok
test tests::not_a_feature2 ... ok
test tests::parse_error3 ... ok
test tests::parse_error4 ... ok
test tests::parse_error5 ... ok
test tests::parse_error6 ... ok
test tests::parse_error7 ... ok
test tests::recursive_default ... ok
test tests::only_get_balanced_in_correct_table ... ok

test result: ok. 19 passed; 0 failed; 0 ignored; 0 measured; 0 filtered out; finished in 0.00s

     Running tests/self-doc.rs (/scratch/group/p.cis260229.000/cargo-temp-u.mm346025/hf-2188475-2/target/bsan/x86_64-unknown-linux-gnu/debug/build/document-features/84b32c819f7e9add/out/self_doc-84b32c819f7e9add)

running 3 tests
test ensure_it_compiles ... ok
test self_doc ... ok
test self_doc_with_custom_label ... ok

test result: ok. 3 passed; 0 failed; 0 ignored; 0 measured; 0 filtered out; finished in 0.07s

   Doc-tests document_features
error[E0460]: found possibly newer version of crate `std` which `litrs` depends on
   --> lib.rs:215:15
    |
215 |         match litrs::StringLit::<String>::try_from(&tt) {
    |               ^^^^^
    |
    = note: perhaps that crate needs to be recompiled?
    = note: the following crate versions were found:
            crate `std`: /opt/bsan-sysroot/lib/rustlib/x86_64-unknown-linux-gnu/lib/libstd-20d1d2f725942495.rmeta
            crate `std`: /opt/bsan-sysroot/lib/rustlib/x86_64-unknown-linux-gnu/lib/libstd-20d1d2f725942495.rlib
            crate `std`: /opt/bsan-sysroot/lib/rustlib/x86_64-unknown-linux-gnu/lib/libstd-20d1d2f725942495.so
            crate `litrs`: /scratch/group/p.cis260229.000/cargo-temp-u.mm346025/hf-2188475-2/target/bsan/debug/build/litrs/2d1ab9e8c942c16b/out/liblitrs-2d1ab9e8c942c16b.rmeta

error: aborting due to 1 previous error

For more information about this error, try `rustc --explain E0460`.
error: doctest failed, to rerun pass `--doc`

Caused by:
  process didn't exit successfully: `/opt/rust/cargo/bin/cargo-bsan --edition=2018 --crate-type proc-macro --color auto --crate-name document_features --test lib.rs --test-run-directory /work --extern document_features=/scratch/group/p.cis260229.000/cargo-temp-u.mm346025/hf-2188475-2/target/bsan/debug/build/document-features/7974ce0467f5296b/out/libdocument_features-7974ce0467f5296b.so --extern litrs=/scratch/group/p.cis260229.000/cargo-temp-u.mm346025/hf-2188475-2/target/bsan/debug/build/litrs/2d1ab9e8c942c16b/out/liblitrs-2d1ab9e8c942c16b.rlib --extern litrs=/scratch/group/p.cis260229.000/cargo-temp-u.mm346025/hf-2188475-2/target/bsan/debug/build/litrs/2d1ab9e8c942c16b/out/liblitrs-2d1ab9e8c942c16b.rmeta --extern proc_macro -C embed-bitcode=no --cfg 'feature=""default""' --check-cfg 'cfg(docsrs,test)' --check-cfg 'cfg(feature, values(""default"", ""self-test""))' --error-format human` (exit status: 1)
note: test exited abnormally; to see the full output pass --no-capture to the harness."
parse-patch-bsan,ittapi-sys-0.5.0,__all__,test_failed,gc,/scratch/group/p.cis260229.000/datasets/top_1_percent/ittapi-sys-0.5.0/hyperfine-parse-patch-bsan.log,true,true,1,"    Finished `test` profile [unoptimized + debuginfo] target(s) in 0.12s
     Running unittests src/lib.rs (/scratch/group/p.cis260229.000/cargo-temp-u.mm346025/hf-2188475-5/target/bsan/x86_64-unknown-linux-gnu/debug/build/ittapi-sys/2adc29933e9f8505/out/ittapi_sys-2adc29933e9f8505)

running 17 tests
test bindgen_test_layout__LineNumberInfo ... ok
test bindgen_test_layout____itt_clock_domain ... ok
test bindgen_test_layout____itt_clock_info ... ok
test bindgen_test_layout____itt_context_metadata ... ok
test bindgen_test_layout____itt_domain ... ok
test bindgen_test_layout____itt_histogram ... ok
test bindgen_test_layout____itt_id ... ok
test bindgen_test_layout____itt_module_object ... ok
test bindgen_test_layout____itt_section_info ... ok
test bindgen_test_layout____itt_string_handle ... ok
test bindgen_test_layout____itt_track ... ok
test bindgen_test_layout____itt_track_group ... ok
test bindgen_test_layout__iJIT_Method_Inline_Load ... ok
test bindgen_test_layout__iJIT_Method_Load ... ok
test bindgen_test_layout__iJIT_Method_Load_V2 ... ok
test bindgen_test_layout__iJIT_Method_Load_V3 ... ok
test bindgen_test_layout__iJIT_Method_Update ... ok

test result: ok. 17 passed; 0 failed; 0 ignored; 0 measured; 0 filtered out; finished in 0.14s

     Running tests/bindgen-up-to-date.rs (/scratch/group/p.cis260229.000/cargo-temp-u.mm346025/hf-2188475-5/target/bsan/x86_64-unknown-linux-gnu/debug/build/ittapi-sys/e051c85f454bfee9/out/bindgen_up_to_date-e051c85f454bfee9)

running 2 tests
test test_ittnotify_bindings_up_to_date has been running for over 60 seconds
test test_jitprofiling_bindings_up_to_date has been running for over 60 seconds
ERROR: BorrowSanitizer: garbage collection has been waiting 10001 ms for threads to reach a safepoint (gc_hang_threshold_ms=10000).
  Thread T1 (os_id 0) has not reached a safepoint.
error: test failed, to rerun pass `--test bindgen-up-to-date`

Caused by:
  process didn't exit successfully: `/scratch/group/p.cis260229.000/cargo-temp-u.mm346025/hf-2188475-5/target/bsan/x86_64-unknown-linux-gnu/debug/build/ittapi-sys/e051c85f454bfee9/out/bindgen_up_to_date-e051c85f454bfee9` (exit status: 1)
note: test exited abnormally; to see the full output pass --no-capture to the harness."
parse-patch-bsan,unic-common-0.9.0,__all__,no_match,other,/scratch/group/p.cis260229.000/datasets/top_1_percent/unic-common-0.9.0/hyperfine-parse-patch-bsan.log,true,true,0,"    Finished `test` profile [unoptimized + debuginfo] target(s) in 0.03s
     Running unittests src/lib.rs (/scratch/group/p.cis260229.000/cargo-temp-u.mm346025/hf-2188476-11/target/bsan/x86_64-unknown-linux-gnu/debug/build/unic-common/a15e6595f3ccaa39/out/unic_common-a15e6595f3ccaa39)

running 0 tests

test result: ok. 0 passed; 0 failed; 0 ignored; 0 measured; 0 filtered out; finished in 0.05s

   Doc-tests unic_common

running 0 tests

test result: ok. 0 passed; 0 failed; 0 ignored; 0 measured; 0 filtered out; finished in 0.00s
"
parse-patch-bsan,web-time-1.1.0,,build_failed,other,/scratch/group/p.cis260229.000/datasets/top_1_percent/web-time-1.1.0/hyperfine-parse-patch-bsan.log,true,true,,"RUSTFLAGS=[--cfg=miri --cap-lints=warn]
LIMIT=[timeout -k 30 1h ]
    Updating crates.io index
 Downloading crates ...
  Downloaded cfg-if v1.0.0
  Downloaded scoped-tls v1.0.1
  Downloaded pollster v0.3.0
  Downloaded futures-task v0.3.30
  Downloaded wasm-bindgen-shared v0.2.91
  Downloaded wasm-bindgen-test-macro v0.3.41
  Downloaded pin-utils v0.1.0
  Downloaded rand_core v0.6.4
  Downloaded itoa v1.0.10
  Downloaded pollster-macro v0.1.0
  Downloaded wasm-bindgen-macro v0.2.91
  Downloaded wasm-bindgen-futures v0.4.41
  Downloaded rand_chacha v0.3.1
  Downloaded futures-core v0.3.30
  Downloaded wasm-bindgen-macro-support v0.2.91
  Downloaded wasm-bindgen-test v0.3.41
  Downloaded static_assertions v1.1.0
  Downloaded futures-channel v0.3.30
  Downloaded rand v0.8.5
  Downloaded quote v1.0.35
  Downloaded wasi v0.11.0+wasi-snapshot-preview1
  Downloaded pin-project-lite v0.2.13
  Downloaded wasm-bindgen-backend v0.2.91
  Downloaded proc-macro2 v1.0.78
  Downloaded log v0.4.20
  Downloaded ryu v1.0.17
  Downloaded getrandom v0.2.12
  Downloaded ppv-lite86 v0.2.17
  Downloaded unicode-ident v1.0.12
  Downloaded once_cell v1.19.0
  Downloaded serde_derive v1.0.197
  Downloaded js-sys v0.3.68
  Downloaded bumpalo v3.15.3
  Downloaded serde v1.0.197
  Downloaded serde_json v1.0.114
  Downloaded futures-util v0.3.30
  Downloaded wasm-bindgen v0.2.91
  Downloaded syn v2.0.51
  Downloaded syn v1.0.109
  Downloaded console_error_panic_hook v0.1.7
  Downloaded web-sys v0.3.68
  Downloaded libc v0.2.153
error: can't find example `benchmark` at path `/work/benches/benchmark.rs`
 --> /work/Cargo.toml
error: could not compile due to 1 previous target resolution error
CSVROW:parse-patch-bsan,web-time-1.1.0,,build_failed,,,,,,,1,2026-10-05T15:25:52Z,2188476.12"
parse-patch-bsan,convert_case-0.12.0,,fetch_failed,other,/scratch/group/p.cis260229.000/datasets/top_1_percent/convert_case-0.12.0/hyperfine-parse-patch-bsan.log,true,true,,"RUSTFLAGS=[--cfg=miri --cap-lints=warn]
LIMIT=[timeout -k 30 1h ]
info: syncing channel updates for 1.97.1-x86_64-unknown-linux-gnu
error: could not create temp file /opt/rust/rustup/tmp/_xzrcnoqp33dl45j_file: Read-only file system (os error 30)
CSVROW:parse-patch-bsan,convert_case-0.12.0,,fetch_failed,,,,,,,1,2026-10-05T15:25:41Z,2188476.1"
parse-patch-bsan,five8_core-1.0.0,__all__,no_match,other,/scratch/group/p.cis260229.000/datasets/top_1_percent/five8_core-1.0.0/hyperfine-parse-patch-bsan.log,true,true,0,"warning: `package.homepage` is redundant with `package.repository`
  --> Cargo.toml:24:12
   |
24 | homepage = ""https://github.com/kevinheavey/five8""
   |            ^^^^^^^^^^^^^^^^^^^^^^^^^^^^^^^^^^^^^^
...
32 | repository = ""https://github.com/kevinheavey/five8""
   |              --------------------------------------
   |
   = note: `cargo::redundant_homepage` is set to `warn` by default
help: consider removing `package.homepage`
warning: `five8_core` (manifest) generated 1 warning
    Finished `test` profile [unoptimized + debuginfo] target(s) in 0.03s
     Running unittests src/lib.rs (/scratch/group/p.cis260229.000/cargo-temp-u.mm346025/hf-2188476-3/target/bsan/x86_64-unknown-linux-gnu/debug/build/five8_core/337bd18faa3ceca0/out/five8_core-337bd18faa3ceca0)

running 0 tests

test result: ok. 0 passed; 0 failed; 0 ignored; 0 measured; 0 filtered out; finished in 0.05s

   Doc-tests five8_core

running 0 tests

test result: ok. 0 passed; 0 failed; 0 ignored; 0 measured; 0 filtered out; finished in 0.00s
"
parse-patch-bsan,weezl-0.2.1,,build_failed,other,/scratch/group/p.cis260229.000/datasets/top_1_percent/weezl-0.2.1/hyperfine-parse-patch-bsan.log,true,true,,"  Downloaded serde_derive v1.0.228
  Downloaded cfg-if v1.0.0
  Downloaded winapi-util v0.1.5
  Downloaded serde_core v1.0.228
  Downloaded clap_derive v4.6.0
  Downloaded anstyle-parse v1.0.0
  Downloaded socket2 v0.4.4
  Downloaded futures-channel v0.3.21
  Downloaded walkdir v2.3.2
  Downloaded half v1.8.2
  Downloaded crossbeam-deque v0.8.1
  Downloaded js-sys v0.3.58
  Downloaded zenbench v0.1.6
  Downloaded proc-macro2 v1.0.106
  Downloaded memchr v2.5.0
  Downloaded serde v1.0.228
  Downloaded clap v4.6.0
  Downloaded log v0.4.17
  Downloaded bytes v1.1.0
  Downloaded futures v0.3.21
  Downloaded serde_cbor v0.11.2
  Downloaded either v1.7.0
  Downloaded wasm-bindgen-shared v0.2.81
  Downloaded plotters-backend v0.3.4
  Downloaded oorandom v11.1.3
  Downloaded itoa v0.4.8
  Downloaded tokio-util v0.6.10
  Downloaded plotters-svg v0.3.2
  Downloaded mio v0.8.4
  Downloaded criterion v0.3.6
  Downloaded ntapi v0.4.3
  Downloaded serde_json v1.0.149
  Downloaded memoffset v0.6.5
  Downloaded ryu v1.0.10
  Downloaded atty v0.2.14
  Downloaded cast v0.3.0
  Downloaded objc2-core-foundation v0.3.2
  Downloaded futures-util v0.3.21
  Downloaded clap_builder v4.6.0
  Downloaded rayon v1.5.3
  Downloaded sysinfo v0.36.1
  Downloaded lazy_static v1.4.0
  Downloaded cast v0.2.7
  Downloaded scopeguard v1.1.0
  Downloaded autocfg v1.1.0
  Downloaded wasm-bindgen-macro-support v0.2.81
  Downloaded csv-core v0.1.10
  Downloaded criterion-plot v0.4.4
  Downloaded rustc_version v0.4.0
  Downloaded unicode-width v0.1.9
  Downloaded bitflags v1.3.2
  Downloaded objc2-io-kit v0.3.2
  Downloaded wasm-bindgen-backend v0.2.81
  Downloaded semver v1.0.12
  Downloaded syn v1.0.98
  Downloaded crossbeam-epoch v0.9.9
  Downloaded textwrap v0.11.0
  Downloaded crossbeam-utils v0.8.10
  Downloaded num-traits v0.2.15
  Downloaded syn v2.0.117
  Downloaded regex-syntax v0.6.27
  Downloaded rayon-core v1.9.3
  Downloaded bumpalo v3.10.0
  Downloaded crossbeam-channel v0.5.5
  Downloaded itertools v0.10.3
  Downloaded regex-automata v0.1.10
  Downloaded plotters v0.3.2
  Downloaded wasm-bindgen v0.2.81
  Downloaded rustix v1.1.4
  Downloaded windows_aarch64_gnullvm v0.52.6
  Downloaded clap v2.34.0
  Downloaded windows_x86_64_gnullvm v0.52.6
  Downloaded windows_i686_gnullvm v0.52.6
  Downloaded regex v1.6.0
  Downloaded bstr v0.2.17
  Downloaded tokio v1.19.2
  Downloaded windows_aarch64_msvc v0.36.1
  Downloaded windows_x86_64_msvc v0.36.1
  Downloaded windows_i686_msvc v0.36.1
  Downloaded windows_x86_64_msvc v0.52.6
  Downloaded windows_x86_64_gnu v0.36.1
  Downloaded libc v0.2.184
  Downloaded windows_i686_gnu v0.36.1
  Downloaded windows_x86_64_gnu v0.52.6
  Downloaded windows_aarch64_msvc v0.52.6
  Downloaded windows_i686_gnu v0.52.6
  Downloaded windows_i686_msvc v0.52.6
  Downloaded web-sys v0.3.58
  Downloaded csv v1.1.6
  Downloaded winapi v0.3.9
  Downloaded windows-sys v0.59.0
  Downloaded windows-sys v0.61.2
  Downloaded winapi-x86_64-pc-windows-gnu v0.4.0
  Downloaded winapi-i686-pc-windows-gnu v0.4.0
  Downloaded linux-raw-sys v0.12.1
  Downloaded windows-sys v0.36.1
  Downloaded windows v0.61.3
   Compiling proc-macro2 v1.0.106
   Compiling libc v0.2.184
   Compiling unicode-ident v1.0.1
   Compiling quote v1.0.45
   Compiling autocfg v1.1.0
   Compiling memchr v2.5.0
   Compiling cfg-if v1.0.0
   Compiling syn v2.0.117
   Compiling serde_core v1.0.228
   Compiling once_cell v1.13.0
   Compiling serde v1.0.228
   Compiling semver v1.0.12
   Compiling crossbeam-utils v0.8.10
   Compiling serde_derive v1.0.228
   Compiling memoffset v0.6.5
   Compiling crossbeam-epoch v0.9.9
   Compiling zmij v1.0.21
   Compiling rustc_version v0.4.0
   Compiling num_cpus v1.13.1
   Compiling serde_json v1.0.149
   Compiling utf8parse v0.2.2
   Compiling log v0.4.17
   Compiling scopeguard v1.1.0
   Compiling rayon-core v1.9.3
   Compiling rustix v1.1.4
   Compiling syn v1.0.98
   Compiling anstyle-parse v1.0.0
   Compiling cast v0.2.7
   Compiling errno v0.3.14
   Compiling num-traits v0.2.15
   Compiling is_terminal_polyfill v1.70.2
   Compiling bitflags v2.11.0
   Compiling anstyle v1.0.14
   Compiling either v1.7.0
   Compiling linux-raw-sys v0.12.1
   Compiling anstyle-query v1.1.5
   Compiling colorchoice v1.0.5
   Compiling itoa v1.0.2
   Compiling anstream v1.0.0
   Compiling crossbeam-deque v0.8.1
   Compiling crossbeam-channel v0.5.5
   Compiling rayon v1.5.3
   Compiling regex-automata v0.1.10
   Compiling clap_lex v1.1.0
   Compiling plotters-backend v0.3.4
   Compiling futures-core v0.3.21
   Compiling strsim v0.11.1
   Compiling unicode-width v0.1.9
   Compiling heck v0.5.0
   Compiling lazy_static v1.4.0
   Compiling bstr v0.2.17
   Compiling clap_derive v4.6.0
   Compiling textwrap v0.11.0
   Compiling tokio-macros v1.8.0
   Compiling clap_builder v4.6.0
   Compiling plotters-svg v0.3.2
   Compiling mio v0.8.4
   Compiling itertools v0.10.3
   Compiling csv-core v0.1.10
   Compiling socket2 v0.4.4
   Compiling pin-project-lite v0.2.9
   Compiling half v1.8.2
   Compiling itoa v0.4.8
   Compiling ryu v1.0.10
   Compiling same-file v1.0.6
   Compiling regex-syntax v0.6.27
   Compiling bitflags v1.3.2
   Compiling bytes v1.1.0
   Compiling tokio v1.19.2
   Compiling clap v2.34.0
   Compiling regex v1.6.0
   Compiling walkdir v2.3.2
   Compiling csv v1.1.6
   Compiling serde_cbor v0.11.2
   Compiling criterion-plot v0.4.4
   Compiling plotters v0.3.2
   Compiling clap v4.6.0
   Compiling fs4 v0.13.1
   Compiling terminal_size v0.4.4
   Compiling tinytemplate v1.2.1
   Compiling sysinfo v0.36.1
   Compiling atty v0.2.14
   Compiling futures-sink v0.3.21
   Compiling cast v0.3.0
   Compiling oorandom v11.1.3
   Compiling futures-io v0.3.21
   Compiling tokio-util v0.6.10
   Compiling criterion v0.3.6
   Compiling zenbench v0.1.6
   Compiling weezl v0.2.1 (/work)
error: couldn't read `/work/benches/binary-8-msb.lzw`: No such file or directory (os error 2)
    --> src/decode.rs:1741:37
     |
1741 |           const FILE: &'static [u8] = include_bytes!(concat!(
     |  _____________________________________^
1742 | |             env!(""CARGO_MANIFEST_DIR""),
1743 | |             ""/benches/binary-8-msb.lzw""
1744 | |         ));
     | |__________^

error: could not compile `weezl` (lib test) due to 1 previous error
warning: build failed, waiting for other jobs to finish...
CSVROW:parse-patch-bsan,weezl-0.2.1,,build_failed,,,,,,,1,2026-10-05T15:28:30Z,2188477.12"
parse-patch-bsan,mirai-annotations-1.12.0,__all__,no_match,other,/scratch/group/p.cis260229.000/datasets/top_1_percent/mirai-annotations-1.12.0/hyperfine-parse-patch-bsan.log,true,true,0,    Finished `test` profile [unoptimized + debuginfo] target(s) in 0.01s
parse-patch-bsan,parity-wasm-0.45.0,__all__,test_failed,other,/scratch/group/p.cis260229.000/datasets/top_1_percent/parity-wasm-0.45.0/hyperfine-parse-patch-bsan.log,true,true,101,"[... 139 earlier line(s) omitted ...]
test elements::name_section::tests::serialize_function_names ... ok
test elements::name_section::tests::serialize_local_names ... ok
test elements::name_section::tests::serialize_module_name ... ok
test elements::ops::display ... ok
test elements::ops::ifelse ... ok
test elements::ops::instructions_hashset ... ok
test elements::ops::size_off ... ok
test elements::primitives::tests::counted_list ... ok
test elements::primitives::tests::varint32_8192 ... ok
test elements::primitives::tests::varint32_bad_extended ... ok
test elements::primitives::tests::varint32_bad_extended2 ... ok
test elements::primitives::tests::varint32_max ... ok
test elements::primitives::tests::varint32_min ... ok
test elements::primitives::tests::varint32_neg_8192 ... ok
test elements::primitives::tests::varint32_too_long ... ok
test elements::primitives::tests::varint64_8192 ... ok
test elements::primitives::tests::varint64_bad_extended ... ok
test elements::primitives::tests::varint64_max ... ok
test elements::primitives::tests::varint64_min ... ok
test elements::primitives::tests::varint64_neg_8192 ... ok
test elements::primitives::tests::varint64_too_long ... ok
test elements::primitives::tests::varint7_invalid ... ok
test elements::primitives::tests::varint7_neg ... ok
test elements::primitives::tests::varuint32_0 ... ok
test elements::primitives::tests::varuint32_1 ... ok
test elements::primitives::tests::varuint32_135 ... ok
test elements::primitives::tests::varuint32_8192 ... ok
test elements::primitives::tests::varuint32_too_long ... ok
test elements::primitives::tests::varuint32_too_long_nulled ... ok
test elements::primitives::tests::varuint32_too_long_trailing ... ok
test elements::primitives::tests::varuint64_0 ... ok
test elements::primitives::tests::varuint64_1 ... ok
test elements::primitives::tests::varuint64_135 ... ok
test elements::primitives::tests::varuint64_8192 ... ok
test elements::primitives::tests::varuint64_too_long ... ok
test elements::primitives::tests::varuint64_too_long_trailing ... ok
test elements::reloc_section::tests::reloc_section ... FAILED
test elements::section::tests::code_detect ... ok
test elements::section::tests::code_section_ser ... ok
test elements::section::tests::data_section_detect ... ok
test elements::section::tests::data_section_ser ... ok
test elements::section::tests::element_section_ser ... ok
test elements::section::tests::fn_section_detect ... ok
test elements::section::tests::export_detect ... ok
test elements::section::tests::fn_section_number ... ok
test elements::section::tests::fn_section_ref ... ok
test elements::section::tests::start_section ... ok
test elements::section::tests::import_section ... FAILED
test elements::section::tests::type_section_infer ... ok
test elements::section::tests::type_section_len ... ok
test io::tests::cursor ... ok
test io::tests::overflow_in_cursor ... ok

failures:

---- elements::module::integration_tests::add_custom_section stdout ----

thread 'elements::module::integration_tests::add_custom_section' (1964963) panicked at src/elements/module.rs:952:63:
failed to deserialize: HeapOther(""Can't read from the file: Os { code: 2, kind: NotFound, message: \""No such file or directory\"" }"")
note: run with `RUST_BACKTRACE=1` environment variable to display a backtrace

---- elements::module::integration_tests::add_start stdout ----

thread 'elements::module::integration_tests::add_start' (1964964) panicked at src/elements/module.rs:982:63:
failed to deserialize: HeapOther(""Can't read from the file: Os { code: 2, kind: NotFound, message: \""No such file or directory\"" }"")

---- elements::module::integration_tests::add_start_custom stdout ----

thread 'elements::module::integration_tests::add_start_custom' (1964965) panicked at src/elements/module.rs:994:14:
failed to deserialize: HeapOther(""Can't read from the file: Os { code: 2, kind: NotFound, message: \""No such file or directory\"" }"")

---- elements::module::integration_tests::const_ stdout ----

thread 'elements::module::integration_tests::const_' (1964966) panicked at src/elements/module.rs:798:68:
Should be deserialized: HeapOther(""Can't read from the file: Os { code: 2, kind: NotFound, message: \""No such file or directory\"" }"")

---- elements::module::integration_tests::hello stdout ----

thread 'elements::module::integration_tests::hello' (1964967) panicked at src/elements/module.rs:717:68:
Should be deserialized: HeapOther(""Can't read from the file: Os { code: 2, kind: NotFound, message: \""No such file or directory\"" }"")

---- elements::module::integration_tests::memory_space stdout ----

thread 'elements::module::integration_tests::memory_space' (1964969) panicked at src/elements/module.rs:945:62:
failed to deserialize: HeapOther(""Can't read from the file: Os { code: 2, kind: NotFound, message: \""No such file or directory\"" }"")

---- elements::module::integration_tests::mut_start stdout ----

thread 'elements::module::integration_tests::mut_start' (1964971) panicked at src/elements/module.rs:971:63:
failed to deserialize: HeapOther(""Can't read from the file: Os { code: 2, kind: NotFound, message: \""No such file or directory\"" }"")

---- elements::module::integration_tests::names stdout ----

thread 'elements::module::integration_tests::names' (1964972) panicked at src/elements/module.rs:882:14:
Should be deserialized: HeapOther(""Can't read from the file: Os { code: 2, kind: NotFound, message: \""No such file or directory\"" }"")

---- elements::module::integration_tests::names_section_not_present stdout ----

thread 'elements::module::integration_tests::names_section_not_present' (1964973) panicked at src/elements/module.rs:1027:58:
failed to deserialize: HeapOther(""Can't read from the file: Os { code: 2, kind: NotFound, message: \""No such file or directory\"" }"")

---- elements::module::integration_tests::names_section_present stdout ----

thread 'elements::module::integration_tests::names_section_present' (1964974) panicked at src/elements/module.rs:1010:59:
failed to deserialize: HeapOther(""Can't read from the file: Os { code: 2, kind: NotFound, message: \""No such file or directory\"" }"")

---- elements::module::integration_tests::names_with_global_section stdout ----

thread 'elements::module::integration_tests::names_with_global_section' (1964975) panicked at src/elements/module.rs:910:14:
Should be deserialized: HeapOther(""Can't read from the file: Os { code: 2, kind: NotFound, message: \""No such file or directory\"" }"")

---- elements::module::integration_tests::peek stdout ----

thread 'elements::module::integration_tests::peek' (1964976) panicked at src/elements/module.rs:838:68:
Should be deserialized: HeapOther(""Can't read from the file: Os { code: 2, kind: NotFound, message: \""No such file or directory\"" }"")

---- elements::module::integration_tests::peek_2 stdout ----

thread 'elements::module::integration_tests::peek_2' (1964977) panicked at src/elements/module.rs:851:60:
Should be deserialized: HeapOther(""Can't read from the file: Os { code: 2, kind: NotFound, message: \""No such file or directory\"" }"")

---- elements::module::integration_tests::peek_3 stdout ----

thread 'elements::module::integration_tests::peek_3' (1964978) panicked at src/elements/module.rs:864:65:
Should be deserialized: HeapOther(""Can't read from the file: Os { code: 2, kind: NotFound, message: \""No such file or directory\"" }"")

---- elements::module::integration_tests::serde stdout ----

thread 'elements::module::integration_tests::serde' (1964982) panicked at src/elements/module.rs:725:68:
Should be deserialized: HeapOther(""Can't read from the file: Os { code: 2, kind: NotFound, message: \""No such file or directory\"" }"")

---- elements::module::integration_tests::serde_code stdout ----

thread 'elements::module::integration_tests::serde_code' (1964983) panicked at src/elements/module.rs:774:59:
Should be deserialized: HeapOther(""Can't read from the file: Os { code: 2, kind: NotFound, message: \""No such file or directory\"" }"")

---- elements::module::integration_tests::serde_import stdout ----

thread 'elements::module::integration_tests::serde_import' (1964984) panicked at src/elements/module.rs:756:59:
Should be deserialized: HeapOther(""Can't read from the file: Os { code: 2, kind: NotFound, message: \""No such file or directory\"" }"")

---- elements::module::integration_tests::serde_type stdout ----

thread 'elements::module::integration_tests::serde_type' (1964985) panicked at src/elements/module.rs:738:59:
Should be deserialized: HeapOther(""Can't read from the file: Os { code: 2, kind: NotFound, message: \""No such file or directory\"" }"")

---- elements::module::integration_tests::serialization_roundtrip stdout ----

thread 'elements::module::integration_tests::serialization_roundtrip' (1964986) panicked at src/elements/module.rs:1076:67:
failed to deserialize: HeapOther(""Can't read from the file: Os { code: 2, kind: NotFound, message: \""No such file or directory\"" }"")

---- elements::module::integration_tests::store stdout ----

thread 'elements::module::integration_tests::store' (1964988) panicked at src/elements/module.rs:827:60:
Should be deserialized: HeapOther(""Can't read from the file: Os { code: 2, kind: NotFound, message: \""No such file or directory\"" }"")

---- elements::name_section::tests::deserialize_local_names stdout ----

thread 'elements::name_section::tests::deserialize_local_names' (1964989) panicked at src/elements/name_section.rs:359:14:
Should be deserialized: HeapOther(""Can't read from the file: Os { code: 2, kind: NotFound, message: \""No such file or directory\"" }"")

---- elements::reloc_section::tests::reloc_section stdout ----

thread 'elements::reloc_section::tests::reloc_section' (1965030) panicked at src/elements/reloc_section.rs:322:14:
Module should be deserialized: HeapOther(""Can't read from the file: Os { code: 2, kind: NotFound, message: \""No such file or directory\"" }"")

---- elements::section::tests::import_section stdout ----

thread 'elements::section::tests::import_section' (1965040) panicked at src/elements/section.rs:772:68:
Should be deserialized: HeapOther(""Can't read from the file: Os { code: 2, kind: NotFound, message: \""No such file or directory\"" }"")


failures:
    elements::module::integration_tests::add_custom_section
    elements::module::integration_tests::add_start
    elements::module::integration_tests::add_start_custom
    elements::module::integration_tests::const_
    elements::module::integration_tests::hello
    elements::module::integration_tests::memory_space
    elements::module::integration_tests::mut_start
    elements::module::integration_tests::names
    elements::module::integration_tests::names_section_not_present
    elements::module::integration_tests::names_section_present
    elements::module::integration_tests::names_with_global_section
    elements::module::integration_tests::peek
    elements::module::integration_tests::peek_2
    elements::module::integration_tests::peek_3
    elements::module::integration_tests::serde
    elements::module::integration_tests::serde_code
    elements::module::integration_tests::serde_import
    elements::module::integration_tests::serde_type
    elements::module::integration_tests::serialization_roundtrip
    elements::module::integration_tests::store
    elements::name_section::tests::deserialize_local_names
    elements::reloc_section::tests::reloc_section
    elements::section::tests::import_section

test result: FAILED. 80 passed; 23 failed; 0 ignored; 0 measured; 0 filtered out; finished in 0.58s

error: test failed, to rerun pass `--lib`"
parse-patch-bsan,rustls-platform-verifier-android-0.2.0,__all__,no_match,other,/scratch/group/p.cis260229.000/datasets/top_1_percent/rustls-platform-verifier-android-0.2.0/hyperfine-parse-patch-bsan.log,true,true,0,"    Finished `test` profile [unoptimized + debuginfo] target(s) in 0.46s
     Running unittests src/lib.rs (/scratch/group/p.cis260229.000/cargo-temp-u.mm346025/hf-2188477-9/target/bsan/x86_64-unknown-linux-gnu/debug/build/rustls-platform-verifier-android/757f0c5fb2762812/out/rustls_platform_verifier_android-757f0c5fb2762812)

running 0 tests

test result: ok. 0 passed; 0 failed; 0 ignored; 0 measured; 0 filtered out; finished in 0.05s

   Doc-tests rustls_platform_verifier_android

running 0 tests

test result: ok. 0 passed; 0 failed; 0 ignored; 0 measured; 0 filtered out; finished in 0.00s
"
parse-patch-bsan,id-arena-2.3.0,__all__,test_failed,other,/scratch/group/p.cis260229.000/datasets/top_1_percent/id-arena-2.3.0/hyperfine-parse-patch-bsan.log,true,true,101,"warning: hiding a lifetime that's elided elsewhere is confusing
   --> src/lib.rs:474:17
    |
474 |     pub fn iter(&self) -> Iter<T, A> {
    |                 ^^^^^     ^^^^^^^^^^ the same lifetime is hidden here
    |                 |
    |                 the lifetime is elided here
    |
    = help: the same lifetime is referred to in inconsistent ways, making the signature confusing
    = note: `#[warn(mismatched_lifetime_syntaxes)]` on by default
help: use `'_` for type paths
    |
474 |     pub fn iter(&self) -> Iter<'_, T, A> {
    |                                +++

warning: hiding a lifetime that's elided elsewhere is confusing
   --> src/lib.rs:481:21
    |
481 |     pub fn iter_mut(&mut self) -> IterMut<T, A> {
    |                     ^^^^^^^^^     ^^^^^^^^^^^^^ the same lifetime is hidden here
    |                     |
    |                     the lifetime is elided here
    |
    = help: the same lifetime is referred to in inconsistent ways, making the signature confusing
help: use `'_` for type paths
    |
481 |     pub fn iter_mut(&mut self) -> IterMut<'_, T, A> {
    |                                           +++

warning: `id-arena` (lib) generated 2 warnings (run `cargo fix --lib -p id-arena` to apply 2 suggestions)
warning: `id-arena` (lib test) generated 2 warnings (2 duplicates)
    Finished `test` profile [unoptimized + debuginfo] target(s) in 0.03s
     Running unittests src/lib.rs (/scratch/group/p.cis260229.000/cargo-temp-u.mm346025/hf-2188454-5/target/bsan/x86_64-unknown-linux-gnu/debug/build/id-arena/1dabbbf1f3c16d11/out/id_arena-1dabbbf1f3c16d11)

running 1 test
test tests::ids_are_send_sync ... ok

test result: ok. 1 passed; 0 failed; 0 ignored; 0 measured; 0 filtered out; finished in 0.06s

     Running tests/readme_up_to_date.rs (/scratch/group/p.cis260229.000/cargo-temp-u.mm346025/hf-2188454-5/target/bsan/x86_64-unknown-linux-gnu/debug/build/id-arena/b356df9e777b6cf3/out/readme_up_to_date-b356df9e777b6cf3)

running 1 test
test cargo_readme_up_to_date ... FAILED

failures:

---- cargo_readme_up_to_date stdout ----
Checking that `cargo readme > README.md` is up to date...

thread 'cargo_readme_up_to_date' (3080656) panicked at tests/readme_up_to_date.rs:20:9:
Run `cargo readme > README.md` to update README.md
note: run with `RUST_BACKTRACE=1` environment variable to display a backtrace


failures:
    cargo_readme_up_to_date

test result: FAILED. 0 passed; 1 failed; 0 ignored; 0 measured; 0 filtered out; finished in 0.10s

error: test failed, to rerun pass `--test readme_up_to_date`"
parse-patch-bsan,strum-0.28.0,__all__,test_failed,rustc,/scratch/group/p.cis260229.000/datasets/top_1_percent/strum-0.28.0/hyperfine-parse-patch-bsan.log,true,true,101,"[... 153 earlier line(s) omitted ...]
    |
    = help: items from traits can only be used if the trait is implemented and in scope
    = note: the following trait defines an item `get_bool`, perhaps you need to implement it:
            candidate #1: `EnumProperty`

error: aborting due to 8 previous errors

For more information about this error, try `rustc --explain E0599`.
Couldn't compile the test.
---- src/additional_attributes.rs - additional_attributes (line 22) stdout ----
error[E0432]: unresolved import `strum_macros`
  --> src/additional_attributes.rs:24:5
   |
24 | use strum_macros;
   |     ^^^^^^^^^^^^ no external crate `strum_macros`

error: cannot find attribute `strum` in this scope
  --> src/additional_attributes.rs:27:3
   |
27 | #[strum(serialize_all = ""snake_case"")]
   |   ^^^^^
   |
note: `strum` is imported here, but it is a crate, not an attribute
  --> src/additional_attributes.rs:22:1
   |
22 | extern crate r#strum;
   | ^^^^^^^^^^^^^^^^^^^^^

error: cannot find attribute `strum` in this scope
  --> src/additional_attributes.rs:33:7
   |
33 |     #[strum(serialize = ""bright"")]
   |       ^^^^^
   |
note: `strum` is imported here, but it is a crate, not an attribute
  --> src/additional_attributes.rs:22:1
   |
22 | extern crate r#strum;
   | ^^^^^^^^^^^^^^^^^^^^^

error[E0599]: `Brightness` doesn't implement `std::fmt::Display`
    --> src/additional_attributes.rs:39:27
     |
  28 | enum Brightness {
     | --------------- method `to_string` not found for this enum because it doesn't satisfy `Brightness: ToString` or `Brightness: std::fmt::Display`
...
  39 |     Brightness::DarkBlack.to_string().as_ref()
     |                           ^^^^^^^^^ method cannot be called on `Brightness` due to unsatisfied trait bounds
     |
     = note: the following trait bounds were not satisfied:
             `Brightness: std::fmt::Display`
             which is required by `Brightness: ToString`
note: the trait `std::fmt::Display` must be implemented
    --> /opt/rust/rustup/toolchains/bsan/lib/rustlib/src/rust/library/core/src/fmt/mod.rs:1187:1
     |
1187 | pub trait Display: PointeeSized {
     | ^^^^^^^^^^^^^^^^^^^^^^^^^^^^^^^
note: the method `to_string` exists on the type `usize`
    --> /opt/rust/rustup/toolchains/bsan/lib/rustlib/src/rust/library/alloc/src/string.rs:2952:5
     |
2952 |     fn to_string(&self) -> String;
     |     ^^^^^^^^^^^^^^^^^^^^^^^^^^^^^^
     = help: items from traits can only be used if the trait is implemented and in scope
     = note: the following trait defines an item `to_string`, perhaps you need to implement it:
             candidate #1: `ToString`

error[E0599]: `Brightness` doesn't implement `std::fmt::Display`
    --> src/additional_attributes.rs:43:33
     |
  28 | enum Brightness {
     | --------------- method `to_string` not found for this enum because it doesn't satisfy `Brightness: ToString` or `Brightness: std::fmt::Display`
...
  43 |     Brightness::Dim { glow: 0 }.to_string().as_ref()
     |                                 ^^^^^^^^^ method cannot be called on `Brightness` due to unsatisfied trait bounds
     |
     = note: the following trait bounds were not satisfied:
             `Brightness: std::fmt::Display`
             which is required by `Brightness: ToString`
note: the trait `std::fmt::Display` must be implemented
    --> /opt/rust/rustup/toolchains/bsan/lib/rustlib/src/rust/library/core/src/fmt/mod.rs:1187:1
     |
1187 | pub trait Display: PointeeSized {
     | ^^^^^^^^^^^^^^^^^^^^^^^^^^^^^^^
note: the method `to_string` exists on the type `usize`
    --> /opt/rust/rustup/toolchains/bsan/lib/rustlib/src/rust/library/alloc/src/string.rs:2952:5
     |
2952 |     fn to_string(&self) -> String;
     |     ^^^^^^^^^^^^^^^^^^^^^^^^^^^^^^
     = help: items from traits can only be used if the trait is implemented and in scope
     = note: the following trait defines an item `to_string`, perhaps you need to implement it:
             candidate #1: `ToString`

error[E0599]: `Brightness` doesn't implement `std::fmt::Display`
    --> src/additional_attributes.rs:47:29
     |
  28 | enum Brightness {
     | --------------- method `to_string` not found for this enum because it doesn't satisfy `Brightness: ToString` or `Brightness: std::fmt::Display`
...
  47 |     Brightness::BrightWhite.to_string().as_ref()
     |                             ^^^^^^^^^ method cannot be called on `Brightness` due to unsatisfied trait bounds
     |
     = note: the following trait bounds were not satisfied:
             `Brightness: std::fmt::Display`
             which is required by `Brightness: ToString`
note: the trait `std::fmt::Display` must be implemented
    --> /opt/rust/rustup/toolchains/bsan/lib/rustlib/src/rust/library/core/src/fmt/mod.rs:1187:1
     |
1187 | pub trait Display: PointeeSized {
     | ^^^^^^^^^^^^^^^^^^^^^^^^^^^^^^^
note: the method `to_string` exists on the type `usize`
    --> /opt/rust/rustup/toolchains/bsan/lib/rustlib/src/rust/library/alloc/src/string.rs:2952:5
     |
2952 |     fn to_string(&self) -> String;
     |     ^^^^^^^^^^^^^^^^^^^^^^^^^^^^^^
     = help: items from traits can only be used if the trait is implemented and in scope
     = note: the following trait defines an item `to_string`, perhaps you need to implement it:
             candidate #1: `ToString`

error: aborting due to 6 previous errors

Some errors have detailed explanations: E0432, E0599.
For more information about an error, try `rustc --explain E0432`.
Couldn't compile the test.
---- src/lib.rs - EnumMessage (line 128) stdout ----
error: cannot find derive macro `EnumMessage` in this scope
   --> src/lib.rs:134:32
    |
134 | #[derive(PartialEq, Eq, Debug, EnumMessage)]
    |                                ^^^^^^^^^^^
    |
note: `EnumMessage` is a trait, not a derive macro
   --> src/lib.rs:146:1
    |
146 | pub trait EnumMessage {
    | ^^^^^^^^^^^^^^^^^^^^^
    = help: consider implementing `EnumMessage` for your type manually

error: cannot find attribute `strum` in this scope
   --> src/lib.rs:136:7
    |
136 |     #[strum(message=""I have a dog"")]
    |       ^^^^^
    |
note: `strum` is imported here, but it is a crate, not an attribute
   --> src/lib.rs:128:1
    |
128 | extern crate r#strum;
    | ^^^^^^^^^^^^^^^^^^^^^

error: cannot find attribute `strum` in this scope
   --> src/lib.rs:137:7
    |
137 |     #[strum(detailed_message=""My dog's name is Spots"")]
    |       ^^^^^
    |
note: `strum` is imported here, but it is a crate, not an attribute
   --> src/lib.rs:128:1
    |
128 | extern crate r#strum;
    | ^^^^^^^^^^^^^^^^^^^^^

error: cannot find attribute `strum` in this scope
   --> src/lib.rs:140:7
    |
140 |     #[strum(message=""I don't have a cat"")]
    |       ^^^^^
    |
note: `strum` is imported here, but it is a crate, not an attribute
   --> src/lib.rs:128:1
    |
128 | extern crate r#strum;
    | ^^^^^^^^^^^^^^^^^^^^^

error[E0599]: no method named `get_message` found for enum `Pet` in the current scope
   --> src/lib.rs:145:35
    |
135 | enum Pet {
    | -------- method `get_message` not found for this enum
...
145 | assert_eq!(""I have a dog"", my_pet.get_message().unwrap());
    |                                   ^^^^^^^^^^^ method not found in `Pet`
    |
    = help: items from traits can only be used if the trait is implemented and in scope
    = note: the following trait defines an item `get_message`, perhaps you need to implement it:
            candidate #1: `EnumMessage`

error: aborting due to 5 previous errors

For more information about this error, try `rustc --explain E0599`.
Couldn't compile the test.

failures:
    src/additional_attributes.rs - additional_attributes (line 22)
    src/lib.rs - EnumMessage (line 128)
    src/lib.rs - EnumProperty (line 162)
    src/lib.rs - IntoEnumIterator (line 73)

test result: FAILED. 0 passed; 4 failed; 0 ignored; 0 measured; 0 filtered out; finished in 1.18s

error: doctest failed, to rerun pass `--doc`"
parse-patch-bsan,unicode-bom-2.0.3,,build_failed,other,/scratch/group/p.cis260229.000/datasets/top_1_percent/unicode-bom-2.0.3/hyperfine-parse-patch-bsan.log,true,true,,"RUSTFLAGS=[--cfg=miri --cap-lints=warn]
LIMIT=[timeout -k 30 1h ]
failed to find `clang-23`
CSVROW:parse-patch-bsan,unicode-bom-2.0.3,,build_failed,,,,,,,1,2026-10-05T15:27:15Z,2188478.11"
parse-patch-bsan,wgpu-core-deps-apple-30.0.1,__all__,no_match,other,/scratch/group/p.cis260229.000/datasets/top_1_percent/wgpu-core-deps-apple-30.0.1/hyperfine-parse-patch-bsan.log,true,true,0,"    Finished `test` profile [unoptimized + debuginfo] target(s) in 0.06s
     Running unittests src/lib.rs (/scratch/group/p.cis260229.000/cargo-temp-u.mm346025/hf-2188478-12/target/bsan/x86_64-unknown-linux-gnu/debug/build/wgpu-core-deps-apple/e55866879a183439/out/wgpu_core_deps_apple-e55866879a183439)

running 0 tests

test result: ok. 0 passed; 0 failed; 0 ignored; 0 measured; 0 filtered out; finished in 0.06s

   Doc-tests wgpu_core_deps_apple

running 0 tests

test result: ok. 0 passed; 0 failed; 0 ignored; 0 measured; 0 filtered out; finished in 0.00s
"
parse-patch-bsan,float_next_after-2.0.0,,fetch_failed,other,/scratch/group/p.cis260229.000/datasets/top_1_percent/float_next_after-2.0.0/hyperfine-parse-patch-bsan.log,true,true,,"RUSTFLAGS=[--cfg=miri --cap-lints=warn]
LIMIT=[timeout -k 30 1h ]
info: syncing channel updates for stable-x86_64-unknown-linux-gnu
error: could not create temp file /opt/rust/rustup/tmp/y1rohff7wdezkj7k_file: Read-only file system (os error 30)
CSVROW:parse-patch-bsan,float_next_after-2.0.0,,fetch_failed,,,,,,,1,2026-10-05T15:27:14Z,2188478.3"
parse-patch-bsan,winapi-build-0.1.1,__all__,no_match,other,/scratch/group/p.cis260229.000/datasets/top_1_percent/winapi-build-0.1.1/hyperfine-parse-patch-bsan.log,true,true,0,"warning: Cargo.toml: `package.edition` is unspecified, defaulting to `2015` while the latest is `2024`
warning: `winapi-build` (manifest) generated 1 warning
    Finished `test` profile [unoptimized + debuginfo] target(s) in 0.02s
     Running unittests src/lib.rs (/scratch/group/p.cis260229.000/cargo-temp-u.mm346025/hf-2188479-12/target/bsan/x86_64-unknown-linux-gnu/debug/build/winapi-build/6741f58816d87361/out/build-6741f58816d87361)

running 0 tests

test result: ok. 0 passed; 0 failed; 0 ignored; 0 measured; 0 filtered out; finished in 0.06s

   Doc-tests build

running 0 tests

test result: ok. 0 passed; 0 failed; 0 ignored; 0 measured; 0 filtered out; finished in 0.00s
"
parse-patch-bsan,jiff-tzdb-platform-0.1.3,__all__,no_match,other,/scratch/group/p.cis260229.000/datasets/top_1_percent/jiff-tzdb-platform-0.1.3/hyperfine-parse-patch-bsan.log,true,true,0,"    Finished `test` profile [unoptimized + debuginfo] target(s) in 0.02s
     Running unittests lib.rs (/scratch/group/p.cis260229.000/cargo-temp-u.mm346025/hf-2188479-5/target/bsan/x86_64-unknown-linux-gnu/debug/build/jiff-tzdb-platform/65d51aba410b1407/out/jiff_tzdb_platform-65d51aba410b1407)

running 0 tests

test result: ok. 0 passed; 0 failed; 0 ignored; 0 measured; 0 filtered out; finished in 0.06s

   Doc-tests jiff_tzdb_platform

running 0 tests

test result: ok. 0 passed; 0 failed; 0 ignored; 0 measured; 0 filtered out; finished in 0.00s
"
parse-patch-bsan,block-modes-0.9.1,__all__,no_match,other,/scratch/group/p.cis260229.000/datasets/top_1_percent/block-modes-0.9.1/hyperfine-parse-patch-bsan.log,true,true,0,"    Finished `test` profile [unoptimized + debuginfo] target(s) in 0.02s
     Running unittests src/lib.rs (/scratch/group/p.cis260229.000/cargo-temp-u.mm346025/hf-2188480-0/target/bsan/x86_64-unknown-linux-gnu/debug/build/block-modes/b422f3939bb3e4c8/out/block_modes-b422f3939bb3e4c8)

running 0 tests

test result: ok. 0 passed; 0 failed; 0 ignored; 0 measured; 0 filtered out; finished in 0.06s

   Doc-tests block_modes

running 0 tests

test result: ok. 0 passed; 0 failed; 0 ignored; 0 measured; 0 filtered out; finished in 0.00s
"
parse-patch-bsan,winapi-i686-pc-windows-gnu-0.4.0,__all__,no_match,other,/scratch/group/p.cis260229.000/datasets/top_1_percent/winapi-i686-pc-windows-gnu-0.4.0/hyperfine-parse-patch-bsan.log,true,true,0,"warning: Cargo.toml: `package.edition` is unspecified, defaulting to `2015` while the latest is `2024`
warning: `winapi-i686-pc-windows-gnu` (manifest) generated 1 warning
    Finished `test` profile [unoptimized + debuginfo] target(s) in 0.02s
     Running unittests src/lib.rs (/scratch/group/p.cis260229.000/cargo-temp-u.mm346025/hf-2188480-12/target/bsan/x86_64-unknown-linux-gnu/debug/build/winapi-i686-pc-windows-gnu/868b19d5415e126d/out/winapi_i686_pc_windows_gnu-868b19d5415e126d)

running 0 tests

test result: ok. 0 passed; 0 failed; 0 ignored; 0 measured; 0 filtered out; finished in 0.06s

   Doc-tests winapi_i686_pc_windows_gnu

running 0 tests

test result: ok. 0 passed; 0 failed; 0 ignored; 0 measured; 0 filtered out; finished in 0.00s
"
parse-patch-bsan,frunk_core-0.5.0,__all__,test_failed,rustc,/scratch/group/p.cis260229.000/datasets/top_1_percent/frunk_core-0.5.0/hyperfine-parse-patch-bsan.log,true,true,101,"[... 899 earlier line(s) omitted ...]
   --> src/labelled.rs:895:1
    |
895 | pub trait Transmogrifier<Target, TransmogrifyIndexIndices> {
    | ^^^^^^^^^^^^^^^^^^^^^^^^^^^^^^^^^^^^^^^^^^^^^^^^^^^^^^^^^^ this is the expected trait
    |
   ::: /scratch/group/p.cis260229.000/cargo-temp-u.mm346025/hf-2188480-3/home/registry/src/index.crates.io-1949cf8c6b5b557f/frunk_core-0.4.4/src/labelled.rs:755:1
    |
755 | pub trait Transmogrifier<Target, TransmogrifyIndexIndices> {
    | ---------------------------------------------------------- this is the found trait
    = help: you can use `cargo tree` to explore your dependency tree
    = help: items from traits can only be used if the trait is implemented and in scope
    = note: the following traits define an item `transmogrify`, perhaps you need to implement one of them:
            candidate #1: `frunk::labelled::Transmogrifier`
            candidate #2: `frunk_core::labelled::Transmogrifier`

error: aborting due to 1 previous error

For more information about this error, try `rustc --explain E0599`.
Couldn't compile the test.
---- src/coproduct.rs - coproduct::Coproduct<Head,Tail>::to_ref (line 467) stdout ----
error[E0308]: mismatched types
   --> src/coproduct.rs:473:38
    |
473 | let co: Coprod!(i32, bool, String) = Coproduct::inject(true);
    |         --------------------------   ^^^^^^^^^^^^^^^^^^^^^^^ expected `Coproduct<i32, Coproduct<bool, _>>`, found `Coproduct<_, _>`
    |         |
    |         expected due to this
    |
note: there are multiple different versions of crate `frunk_core` in the dependency graph
   --> src/coproduct.rs:100:1
    |
100 | pub enum Coproduct<H, T> {
    | ^^^^^^^^^^^^^^^^^^^^^^^^ this is the expected type
    |
   ::: /scratch/group/p.cis260229.000/cargo-temp-u.mm346025/hf-2188480-3/home/registry/src/index.crates.io-1949cf8c6b5b557f/frunk_core-0.4.4/src/coproduct.rs:100:1
    |
100 | pub enum Coproduct<H, T> {
    | ------------------------ this is the found type
    = help: you can use `cargo tree` to explore your dependency tree
    = note: the full name for the type has been written to '/tmp/rustdoctestRfx325/rust_out.long-type-11154159261637428123.txt'
    = note: consider using `--verbose` to print the full type name to the console

error: aborting due to 1 previous error

For more information about this error, try `rustc --explain E0308`.
Couldn't compile the test.
---- src/coproduct.rs - coproduct::Coproduct<Head,Tail>::to_mut (line 492) stdout ----
error[E0308]: mismatched types
   --> src/coproduct.rs:498:42
    |
498 | let mut co: Coprod!(i32, bool, String) = Coproduct::inject(true);
    |             --------------------------   ^^^^^^^^^^^^^^^^^^^^^^^ expected `Coproduct<i32, Coproduct<bool, _>>`, found `Coproduct<_, _>`
    |             |
    |             expected due to this
    |
note: there are multiple different versions of crate `frunk_core` in the dependency graph
   --> src/coproduct.rs:100:1
    |
100 | pub enum Coproduct<H, T> {
    | ^^^^^^^^^^^^^^^^^^^^^^^^ this is the expected type
    |
   ::: /scratch/group/p.cis260229.000/cargo-temp-u.mm346025/hf-2188480-3/home/registry/src/index.crates.io-1949cf8c6b5b557f/frunk_core-0.4.4/src/coproduct.rs:100:1
    |
100 | pub enum Coproduct<H, T> {
    | ------------------------ this is the found type
    = help: you can use `cargo tree` to explore your dependency tree
    = note: the full name for the type has been written to '/tmp/rustdoctestb4p96n/rust_out.long-type-16118029120384840701.txt'
    = note: consider using `--verbose` to print the full type name to the console

error: aborting due to 1 previous error

For more information about this error, try `rustc --explain E0308`.
Couldn't compile the test.
---- src/coproduct.rs - coproduct::Coproduct<Head,Tail>::inject (line 133) stdout ----
error[E0308]: mismatched types
   --> src/coproduct.rs:142:24
    |
142 | let co1_nice: I32F32 = Coproduct::inject(1i32);
    |               ------   ^^^^^^^^^^^^^^^^^^^^^^^ expected `Coproduct<i32, Coproduct<f32, CNil>>`, found `Coproduct<_, _>`
    |               |
    |               expected due to this
    |
note: there are multiple different versions of crate `frunk_core` in the dependency graph
   --> src/coproduct.rs:100:1
    |
100 | pub enum Coproduct<H, T> {
    | ^^^^^^^^^^^^^^^^^^^^^^^^ this is the expected type
    |
   ::: /scratch/group/p.cis260229.000/cargo-temp-u.mm346025/hf-2188480-3/home/registry/src/index.crates.io-1949cf8c6b5b557f/frunk_core-0.4.4/src/coproduct.rs:100:1
    |
100 | pub enum Coproduct<H, T> {
    | ------------------------ this is the found type
    = help: you can use `cargo tree` to explore your dependency tree

error[E0308]: mismatched types
   --> src/coproduct.rs:143:24
    |
143 | let co2_nice: I32F32 = Coproduct::inject(42f32);
    |               ------   ^^^^^^^^^^^^^^^^^^^^^^^^ expected `Coproduct<i32, Coproduct<f32, CNil>>`, found `Coproduct<_, _>`
    |               |
    |               expected due to this
    |
note: there are multiple different versions of crate `frunk_core` in the dependency graph
   --> src/coproduct.rs:100:1
    |
100 | pub enum Coproduct<H, T> {
    | ^^^^^^^^^^^^^^^^^^^^^^^^ this is the expected type
    |
   ::: /scratch/group/p.cis260229.000/cargo-temp-u.mm346025/hf-2188480-3/home/registry/src/index.crates.io-1949cf8c6b5b557f/frunk_core-0.4.4/src/coproduct.rs:100:1
    |
100 | pub enum Coproduct<H, T> {
    | ------------------------ this is the found type
    = help: you can use `cargo tree` to explore your dependency tree

error[E0308]: mismatched types
   --> src/coproduct.rs:146:24
    |
146 | let co1_ugly: I32F32 = Coproduct::Inl(1i32);
    |               ------   ^^^^^^^^^^^^^^^^^^^^ expected `Coproduct<i32, Coproduct<f32, CNil>>`, found `Coproduct<i32, _>`
    |               |
    |               expected due to this
    |
note: there are multiple different versions of crate `frunk_core` in the dependency graph
   --> src/coproduct.rs:100:1
    |
100 | pub enum Coproduct<H, T> {
    | ^^^^^^^^^^^^^^^^^^^^^^^^ this is the expected type
    |
   ::: /scratch/group/p.cis260229.000/cargo-temp-u.mm346025/hf-2188480-3/home/registry/src/index.crates.io-1949cf8c6b5b557f/frunk_core-0.4.4/src/coproduct.rs:100:1
    |
100 | pub enum Coproduct<H, T> {
    | ------------------------ this is the found type
    = help: you can use `cargo tree` to explore your dependency tree

error[E0308]: mismatched types
   --> src/coproduct.rs:147:24
    |
147 | let co2_ugly: I32F32 = Coproduct::Inr(Coproduct::Inl(42f32));
    |               ------   ^^^^^^^^^^^^^^^^^^^^^^^^^^^^^^^^^^^^^ expected `Coproduct<i32, Coproduct<f32, CNil>>`, found `Coproduct<_, Coproduct<f32, _>>`
    |               |
    |               expected due to this
    |
note: there are multiple different versions of crate `frunk_core` in the dependency graph
   --> src/coproduct.rs:100:1
    |
100 | pub enum Coproduct<H, T> {
    | ^^^^^^^^^^^^^^^^^^^^^^^^ this is the expected type
    |
   ::: /scratch/group/p.cis260229.000/cargo-temp-u.mm346025/hf-2188480-3/home/registry/src/index.crates.io-1949cf8c6b5b557f/frunk_core-0.4.4/src/coproduct.rs:100:1
    |
100 | pub enum Coproduct<H, T> {
    | ------------------------ this is the found type
    = help: you can use `cargo tree` to explore your dependency tree

error[E0308]: mismatched types
   --> src/coproduct.rs:161:19
    |
161 | let _: Vi32Vf32 = Coproduct::inject::<Vec<i32>, _>(vec![]);
    |        --------   ^^^^^^^^^^^^^^^^^^^^^^^^^^^^^^^^^^^^^^^^ expected `Coproduct<Vec<i32>, Coproduct<_, CNil>>`, found `Coproduct<_, _>`
    |        |
    |        expected due to this
    |
note: there are multiple different versions of crate `frunk_core` in the dependency graph
   --> src/coproduct.rs:100:1
    |
100 | pub enum Coproduct<H, T> {
    | ^^^^^^^^^^^^^^^^^^^^^^^^ this is the expected type
    |
   ::: /scratch/group/p.cis260229.000/cargo-temp-u.mm346025/hf-2188480-3/home/registry/src/index.crates.io-1949cf8c6b5b557f/frunk_core-0.4.4/src/coproduct.rs:100:1
    |
100 | pub enum Coproduct<H, T> {
    | ------------------------ this is the found type
    = help: you can use `cargo tree` to explore your dependency tree

error: aborting due to 5 previous errors

For more information about this error, try `rustc --explain E0308`.
Couldn't compile the test.

failures:
    src/coproduct.rs - coproduct::Coproduct<Head,Tail>::fold (line 544)
    src/coproduct.rs - coproduct::Coproduct<Head,Tail>::inject (line 133)
    src/coproduct.rs - coproduct::Coproduct<Head,Tail>::to_mut (line 492)
    src/coproduct.rs - coproduct::Coproduct<Head,Tail>::to_ref (line 467)
    src/generic.rs - generic (line 8)
    src/generic.rs - generic::Generic (line 54)
    src/hlist.rs - hlist::HList::LEN (line 76)
    src/hlist.rs - hlist::HList::static_len (line 124)
    src/hlist.rs - hlist::LiftFrom (line 1550)
    src/hlist.rs - hlist::LiftInto (line 1579)
    src/labelled.rs - labelled (line 35)
    src/labelled.rs - labelled (line 70)
    src/labelled.rs - labelled::IntoUnlabelled::into_unlabelled (line 608)
    src/labelled.rs - labelled::IntoValueLabelled::into_value_labelled (line 661)
    src/labelled.rs - labelled::LabelledGeneric (line 171)
    src/labelled.rs - labelled::Transmogrifier (line 807)

test result: FAILED. 71 passed; 16 failed; 2 ignored; 0 measured; 0 filtered out; finished in 1.54s

error: doctest failed, to rerun pass `--doc`"
parse-patch-bsan,block-sys-0.2.1,,build_failed,linker,/scratch/group/p.cis260229.000/datasets/top_1_percent/block-sys-0.2.1/hyperfine-parse-patch-bsan.log,true,true,,"RUSTFLAGS=[--cfg=miri --cap-lints=warn]
LIMIT=[timeout -k 30 1h ]
    Updating crates.io index
 Downloading crates ...
  Downloaded objc-sys v0.3.3
   Compiling block-sys v0.2.1 (/work)
warning: unexpected `cfg` condition value: `objfw`
  --> src/lib.rs:57:40
   |
57 |     #[cfg(any(feature = ""gnustep-1-7"", feature = ""objfw""))]
   |                                        ^^^^^^^^^^^^^^^^^
   |
   = note: expected values for `feature` are: `alloc`, `apple`, `compiler-rt`, `default`, `gnustep-1-7`, `gnustep-1-8`, `gnustep-1-9`, `gnustep-2-0`, `gnustep-2-1`, `objc-sys`, `std`, `unstable-docsrs`, `unstable-objfw`, and `unstable-winobjc`
   = help: consider adding `objfw` as a feature in `Cargo.toml`
   = note: see <https://doc.rust-lang.org/nightly/rustc/check-cfg/cargo-specifics.html> for more information about checking conditional configuration
   = note: `#[warn(unexpected_cfgs)]` on by default

warning: unexpected `cfg` condition value: `objfw`
  --> src/lib.rs:77:45
   |
77 | } else if cfg!(any(feature = ""compiler-rt"", feature = ""objfw"")) {
   |                                             ^^^^^^^^^^^^^^^^^
   |
   = note: expected values for `feature` are: `alloc`, `apple`, `compiler-rt`, `default`, `gnustep-1-7`, `gnustep-1-8`, `gnustep-1-9`, `gnustep-2-0`, `gnustep-2-1`, `objc-sys`, `std`, `unstable-docsrs`, `unstable-objfw`, and `unstable-winobjc`
   = help: consider adding `objfw` as a feature in `Cargo.toml`
   = note: see <https://doc.rust-lang.org/nightly/rustc/check-cfg/cargo-specifics.html> for more information about checking conditional configuration

warning: `block-sys` (lib) generated 2 warnings
error: linking with `/opt/rust/rustup/toolchains/bsan/bin/clang-23` failed: exit status: 1
  |
  = note:  ""/opt/rust/rustup/toolchains/bsan/bin/clang-23"" ""-m64"" ""/scratch/group/p.cis260229.000/cargo-temp-u.mm346025/hf-2188481-0/target/bsan/x86_64-unknown-linux-gnu/debug/build/block-sys/ccb598eecc25283b/out/rustcMlSSva/symbols.o"" ""<57 object files omitted>"" ""-Wl,--as-needed"" ""-Wl,-Bstatic"" ""-lclang_rt.bsan-x86_64"" ""-Wl,-Bdynamic"" ""-lSystem"" ""-Wl,-Bstatic"" ""<sysroot>/lib/rustlib/x86_64-unknown-linux-gnu/lib/{libtest-*,libgetopts-*,librustc_std_workspace_std-*,libstd-*,libpanic_unwind-*,libobject-*,libmemchr-*,libaddr2line-*,libgimli-*,libcfg_if-*,librustc_demangle-*,libstd_detect-*,libhashbrown-*,librustc_std_workspace_alloc-*,libminiz_oxide-*,libadler2-*,libunwind-*,liblibc-*,librustc_std_workspace_core-*,liballoc-*,libcore-*,libcompiler_builtins-*}.rlib"" ""-Wl,-Bdynamic"" ""-lgcc_s"" ""-lutil"" ""-lrt"" ""-lpthread"" ""-lm"" ""-ldl"" ""-lc"" ""-L"" ""/scratch/group/p.cis260229.000/cargo-temp-u.mm346025/hf-2188481-0/target/bsan/x86_64-unknown-linux-gnu/debug/build/block-sys/ccb598eecc25283b/out/rustcMlSSva/raw-dylibs"" ""-Wl,--eh-frame-hdr"" ""-Wl,-z,noexecstack"" ""-L"" ""/opt/rust/rustup/toolchains/bsan/lib"" ""-L"" ""<sysroot>/lib/rustlib/x86_64-unknown-linux-gnu/lib"" ""-o"" ""/scratch/group/p.cis260229.000/cargo-temp-u.mm346025/hf-2188481-0/target/bsan/x86_64-unknown-linux-gnu/debug/build/block-sys/ccb598eecc25283b/out/block_sys-ccb598eecc25283b"" ""-Wl,--gc-sections"" ""-pie"" ""-Wl,-z,relro,-z,now"" ""-nodefaultlibs"" ""-Wl,-u,__bsan_preinit_anchor"" ""-L/opt/rust/rustup/toolchains/bsan/lib"" ""-lbsan_rt"" ""-fuse-ld=/opt/rust/rustup/toolchains/bsan/lib/rustlib/x86_64-unknown-linux-gnu/bin/gcc-ld/ld.lld""
  = note: some arguments are omitted. use `--verbose` to show all linker arguments
  = note: rust-lld: error: unable to find library -lSystem
          clang-23: error: linker command failed with exit code 1 (use -v to see invocation)
          

warning: `block-sys` (lib test) generated 2 warnings (2 duplicates)
error: could not compile `block-sys` (lib test) due to 1 previous error; 2 warnings emitted
CSVROW:parse-patch-bsan,block-sys-0.2.1,,build_failed,,,,,,,1,2026-10-05T15:39:23Z,2188481.0"
parse-patch-bsan,winapi-x86_64-pc-windows-gnu-0.4.0,__all__,no_match,other,/scratch/group/p.cis260229.000/datasets/top_1_percent/winapi-x86_64-pc-windows-gnu-0.4.0/hyperfine-parse-patch-bsan.log,true,true,0,"warning: Cargo.toml: `package.edition` is unspecified, defaulting to `2015` while the latest is `2024`
warning: `winapi-x86_64-pc-windows-gnu` (manifest) generated 1 warning
    Finished `test` profile [unoptimized + debuginfo] target(s) in 0.03s
     Running unittests src/lib.rs (/scratch/group/p.cis260229.000/cargo-temp-u.mm346025/hf-2188481-12/target/bsan/x86_64-unknown-linux-gnu/debug/build/winapi-x86_64-pc-windows-gnu/d932e4d919a01775/out/winapi_x86_64_pc_windows_gnu-d932e4d919a01775)

running 0 tests

test result: ok. 0 passed; 0 failed; 0 ignored; 0 measured; 0 filtered out; finished in 0.06s

   Doc-tests winapi_x86_64_pc_windows_gnu

running 0 tests

test result: ok. 0 passed; 0 failed; 0 ignored; 0 measured; 0 filtered out; finished in 0.00s
"
parse-patch-bsan,cranelift-isle-0.136.2,__all__,test_failed,gc,/scratch/group/p.cis260229.000/datasets/top_1_percent/cranelift-isle-0.136.2/hyperfine-parse-patch-bsan.log,true,true,1,"    Finished `test` profile [unoptimized + debuginfo] target(s) in 0.03s
     Running unittests src/lib.rs (/scratch/group/p.cis260229.000/cargo-temp-u.mm346025/hf-2188481-1/target/bsan/x86_64-unknown-linux-gnu/debug/build/cranelift-isle/16013ed140dbaa81/out/cranelift_isle-16013ed140dbaa81)

running 11 tests
test codegen::tests::formats_wrapped_signed_literals ... ok
test codegen::tests::preserves_positive_unsigned_literals ... ok
test codegen::tests::formats_wrapped_unsigned_literals ... ok
test files::tests::line_map ... ok
test lexer::test::ends_with_num ... ok
test lexer::test::ends_with_sym ... ok
test lexer::test::lexer_basic ... ok
test lexer::test::weird_syms ... ok
test serialize::tests::test_group_mut ... ok
test lexer::test::integers ... ok
test sema::test::build_type_env ... ok

test result: ok. 11 passed; 0 failed; 0 ignored; 0 measured; 0 filtered out; finished in 0.18s

     Running tests/printer_tests.rs (/scratch/group/p.cis260229.000/cargo-temp-u.mm346025/hf-2188481-1/target/bsan/x86_64-unknown-linux-gnu/debug/build/cranelift-isle/802877d7e1744b77/out/printer_tests-802877d7e1744b77)

running 0 tests

test result: ok. 0 passed; 0 failed; 0 ignored; 0 measured; 0 filtered out; finished in 0.05s

     Running tests/run_tests.rs (/scratch/group/p.cis260229.000/cargo-temp-u.mm346025/hf-2188481-1/target/bsan/x86_64-unknown-linux-gnu/debug/build/cranelift-isle/3d425c4d2b1d4cdb/out/run_tests-3d425c4d2b1d4cdb)

running 59 tests
test test_run_fail_multi_internal_etor ... ok
test test_run_fail_multi_prio ... ok
test test_run_fail_bound_var_type_mismatch ... ok
test test_run_fail_extra_parens ... ok
test test_run_pass_nodebug ... ok
test test_run_fail_recursion_direct ... ok
test test_run_fail_impure_expression ... ok
test test_run_fail_bad_converters ... ok
test test_run_pass_bound_var ... ok
test test_run_fail_error1 ... ok
test test_run_fail_impure_rhs ... ok
test test_run_print_bound_var ... ok
test test_run_fail_recursion_cycle ... ok
test test_run_link_multi_extractor ... ok
test test_run_link_multi_constructor ... ok
test test_run_pass_construct_and_extract ... ok
test test_run_pass_recursion ... ok
test test_run_link_convert_partial_borrows ... ok
test test_run_link_borrows ... ok
test test_run_pass_conversions_extern ... ok
test test_run_pass_struct ... ok
test test_run_print_nodebug ... ok
test test_run_print_borrows ... ok
test test_run_pass_let ... ok
test test_run_link_test ... ok
test test_run_print_construct_and_extract ... ok
test test_run_print_convert_partial_borrows ... ok
test test_run_fail_converter_extractor_constructor ... ok
test test_run_print_conversions_extern ... ok
test test_run_pass_test2 ... ok
test test_run_print_multi_extractor ... ok
test test_run_print_multi_constructor ... ok
test test_run_pass_veri_spec ... ok
test test_run_print_struct_test ... ok
test test_run_print_recursion ... ok
test test_run_print_let ... ok
test test_run_pass_conversions ... ok
test test_run_print_struct ... ok
test test_run_print_iconst ... ok
test test_run_print_conversions ... ok
warning: unused variable: `unit`
  --> /scratch/group/p.cis260229.000/cargo-temp-u.mm346025/hf-2188481-1/target/bsan/x86_64-unknown-linux-gnu/tmp/struct_test/struct_test_main.rs:39:9
   |
39 |     let unit = UnitStruct;
   |         ^^^^ help: if this is intentional, prefix it with an underscore: `_unit`
   |
   = note: `#[warn(unused_variables)]` (part of `#[warn(unused)]`) on by default

warning: 1 warning emitted

test test_run_run_struct_test ... ok
test test_run_pass_test4 ... ok
test test_run_link_iflets ... ok
test test_run_print_test2 ... ok
test test_run_print_test ... ok
test test_run_print_iflets ... ok
test test_run_print_let_shadowing ... ok
test test_run_print_tuple_variants ... ok
test test_run_run_tuple_variants ... ok
test test_run_print_test4 ... ok
test test_run_run_let_shadowing ... ok
test test_run_run_iconst ... ok
test test_run_print_veri_spec ... ok
test test_run_pass_test3 ... ok
test test_run_print_test3 ... ok
test test_run_pass_prio_trie_bug has been running for over 60 seconds
test test_run_pass_tutorial has been running for over 60 seconds
test test_run_print_prio_trie_bug has been running for over 60 seconds
test test_run_print_tutorial has been running for over 60 seconds
ERROR: BorrowSanitizer: garbage collection has been waiting 10001 ms for threads to reach a safepoint (gc_hang_threshold_ms=10000).
  Thread T30 (os_id 0) has not reached a safepoint.
error: test failed, to rerun pass `--test run_tests`

Caused by:
  process didn't exit successfully: `/scratch/group/p.cis260229.000/cargo-temp-u.mm346025/hf-2188481-1/target/bsan/x86_64-unknown-linux-gnu/debug/build/cranelift-isle/3d425c4d2b1d4cdb/out/run_tests-3d425c4d2b1d4cdb` (exit status: 1)
note: test exited abnormally; to see the full output pass --no-capture to the harness."
parse-patch-bsan,dtor-proc-macro-0.0.13,__all__,no_match,other,/scratch/group/p.cis260229.000/datasets/top_1_percent/dtor-proc-macro-0.0.13/hyperfine-parse-patch-bsan.log,true,true,0,"    Finished `test` profile [unoptimized + debuginfo] target(s) in 0.02s
     Running unittests src/lib.rs (/scratch/group/p.cis260229.000/cargo-temp-u.mm346025/hf-2188481-2/target/bsan/debug/build/dtor-proc-macro/f037ffbc648a1756/out/dtor_proc_macro-f037ffbc648a1756)

running 0 tests

test result: ok. 0 passed; 0 failed; 0 ignored; 0 measured; 0 filtered out; finished in 0.00s

   Doc-tests dtor_proc_macro

running 0 tests

test result: ok. 0 passed; 0 failed; 0 ignored; 0 measured; 0 filtered out; finished in 0.00s
"
parse-patch-bsan,jsonrpsee-wasm-client-0.26.1,__all__,no_match,other,/scratch/group/p.cis260229.000/datasets/top_1_percent/jsonrpsee-wasm-client-0.26.1/hyperfine-parse-patch-bsan.log,true,true,0,"    Finished `test` profile [unoptimized + debuginfo] target(s) in 0.04s
     Running unittests src/lib.rs (/scratch/group/p.cis260229.000/cargo-temp-u.mm346025/hf-2188481-5/target/bsan/x86_64-unknown-linux-gnu/debug/build/jsonrpsee-wasm-client/aca93721a242c9e4/out/jsonrpsee_wasm_client-aca93721a242c9e4)

running 0 tests

test result: ok. 0 passed; 0 failed; 0 ignored; 0 measured; 0 filtered out; finished in 0.06s

   Doc-tests jsonrpsee_wasm_client

running 0 tests

test result: ok. 0 passed; 0 failed; 0 ignored; 0 measured; 0 filtered out; finished in 0.00s
"
parse-patch-bsan,password-hash-0.6.1,__all__,no_match,other,/scratch/group/p.cis260229.000/datasets/top_1_percent/password-hash-0.6.1/hyperfine-parse-patch-bsan.log,true,true,0,"    Finished `test` profile [unoptimized + debuginfo] target(s) in 0.04s
     Running unittests src/lib.rs (/scratch/group/p.cis260229.000/cargo-temp-u.mm346025/hf-2188481-7/target/bsan/x86_64-unknown-linux-gnu/debug/build/password-hash/20409055527b1623/out/password_hash-20409055527b1623)

running 0 tests

test result: ok. 0 passed; 0 failed; 0 ignored; 0 measured; 0 filtered out; finished in 0.06s

     Running tests/traits.rs (/scratch/group/p.cis260229.000/cargo-temp-u.mm346025/hf-2188481-7/target/bsan/x86_64-unknown-linux-gnu/debug/build/password-hash/a28b27a8c59adb64/out/traits-a28b27a8c59adb64)

running 0 tests

test result: ok. 0 passed; 0 failed; 0 ignored; 0 measured; 0 filtered out; finished in 0.06s

   Doc-tests password_hash

running 0 tests

test result: ok. 0 passed; 0 failed; 0 ignored; 0 measured; 0 filtered out; finished in 0.00s
"
parse-patch-bsan,psl-2.1.239,__all__,no_match,other,/scratch/group/p.cis260229.000/datasets/top_1_percent/psl-2.1.239/hyperfine-parse-patch-bsan.log,true,true,0,"    Finished `test` profile [unoptimized + debuginfo] target(s) in 0.15s
     Running unittests src/lib.rs (/scratch/group/p.cis260229.000/cargo-temp-u.mm346025/hf-2188481-8/target/bsan/x86_64-unknown-linux-gnu/debug/build/psl/68f38d2a7c3bc1c7/out/psl-68f38d2a7c3bc1c7)

running 0 tests

test result: ok. 0 passed; 0 failed; 0 ignored; 0 measured; 0 filtered out; finished in 0.05s

   Doc-tests psl

running 0 tests

test result: ok. 0 passed; 0 failed; 0 ignored; 0 measured; 0 filtered out; finished in 0.00s
"
parse-patch-bsan,unicode-id-0.3.7,,build_failed,other,/scratch/group/p.cis260229.000/datasets/top_1_percent/unicode-id-0.3.7/hyperfine-parse-patch-bsan.log,true,true,,"RUSTFLAGS=[--cfg=miri --cap-lints=warn]
LIMIT=[timeout -k 30 1h ]
    Updating crates.io index
 Downloading crates ...
  Downloaded serde v1.0.228
  Downloaded ciborium-io v0.2.2
  Downloaded cast v0.3.0
  Downloaded itoa v1.0.18
  Downloaded cfg-if v1.0.4
  Downloaded ciborium-ll v0.2.2
  Downloaded crunchy v0.2.4
  Downloaded zmij v1.0.21
  Downloaded quote v1.0.46
  Downloaded crossbeam-deque v0.8.7
  Downloaded either v1.16.0
  Downloaded oorandom v11.1.5
  Downloaded ciborium v0.2.2
  Downloaded crossbeam-epoch v0.9.20
  Downloaded autocfg v1.5.1
  Downloaded unicode-ident v1.0.24
  Downloaded memchr v2.8.3
  Downloaded crossbeam-utils v0.8.22
  Downloaded num-traits v0.2.19
  Downloaded half v2.7.1
  Downloaded proc-macro2 v1.0.106
  Downloaded rayon-core v1.13.0
  Downloaded serde_core v1.0.228
  Downloaded zerocopy-derive v0.8.54
  Downloaded serde_derive v1.0.228
  Downloaded criterion2 v3.0.4
  Downloaded serde_json v1.0.150
  Downloaded rayon v1.12.0
  Downloaded bpaf v0.9.26
  Downloaded zerocopy v0.8.54
  Downloaded syn v2.0.118
failed to find `clang-23`
CSVROW:parse-patch-bsan,unicode-id-0.3.7,,build_failed,,,,,,,1,2026-10-05T15:41:23Z,2188482.11"
parse-patch-bsan,windows_aarch64_gnullvm-0.53.1,__all__,no_match,other,/scratch/group/p.cis260229.000/datasets/top_1_percent/windows_aarch64_gnullvm-0.53.1/hyperfine-parse-patch-bsan.log,true,true,0,"    Finished `test` profile [unoptimized + debuginfo] target(s) in 0.02s
     Running unittests src/lib.rs (/scratch/group/p.cis260229.000/cargo-temp-u.mm346025/hf-2188482-12/target/bsan/x86_64-unknown-linux-gnu/debug/build/windows_aarch64_gnullvm/baf0651ddae54cd0/out/windows_aarch64_gnullvm-baf0651ddae54cd0)

running 0 tests

test result: ok. 0 passed; 0 failed; 0 ignored; 0 measured; 0 filtered out; finished in 0.06s

   Doc-tests windows_aarch64_gnullvm

running 0 tests

test result: ok. 0 passed; 0 failed; 0 ignored; 0 measured; 0 filtered out; finished in 0.00s
"
parse-patch-bsan,icu_locid-2.0.0,__all__,no_match,other,/scratch/group/p.cis260229.000/datasets/top_1_percent/icu_locid-2.0.0/hyperfine-parse-patch-bsan.log,true,true,0,"    Finished `test` profile [unoptimized + debuginfo] target(s) in 0.02s
     Running unittests src/lib.rs (/scratch/group/p.cis260229.000/cargo-temp-u.mm346025/hf-2188482-4/target/bsan/x86_64-unknown-linux-gnu/debug/build/icu_locid/76bba584c7452d35/out/icu_locid-76bba584c7452d35)

running 0 tests

test result: ok. 0 passed; 0 failed; 0 ignored; 0 measured; 0 filtered out; finished in 0.06s

   Doc-tests icu_locid

running 0 tests

test result: ok. 0 passed; 0 failed; 0 ignored; 0 measured; 0 filtered out; finished in 0.00s
"
parse-patch-bsan,paste-1.0.15,,build_failed,other,/scratch/group/p.cis260229.000/datasets/top_1_percent/paste-1.0.15/hyperfine-parse-patch-bsan.log,true,true,,"RUSTFLAGS=[--cfg=miri --cap-lints=warn]
LIMIT=[timeout -k 30 1h ]
    Updating crates.io index
 Downloading crates ...
  Downloaded serde_spanned v1.1.1
  Downloaded toml_writer v1.1.2+spec-1.1.0
  Downloaded unicode-ident v1.0.26
  Downloaded winapi-util v0.1.11
  Downloaded windows-link v0.2.1
  Downloaded paste-test-suite v0.0.0
  Downloaded equivalent v1.0.2
  Downloaded itoa v1.0.18
  Downloaded quote v1.0.47
  Downloaded toml_datetime v1.1.1+spec-1.1.0
  Downloaded target-tuple v1.0.2
  Downloaded glob v0.3.4
  Downloaded termcolor v1.4.1
  Downloaded zmij v1.0.23
  Downloaded rustversion v1.0.23
  Downloaded dissimilar v1.0.11
  Downloaded trybuild v1.0.121
  Downloaded toml_parser v1.1.3+spec-1.1.0
  Downloaded serde_derive v1.0.229
  Downloaded proc-macro2 v1.0.107
  Downloaded toml v1.1.6+spec-1.1.0
  Downloaded serde_core v1.0.229
  Downloaded serde v1.0.229
  Downloaded memchr v2.8.3
  Downloaded indexmap v2.14.2
  Downloaded hashbrown v0.17.1
  Downloaded serde_json v1.0.151
  Downloaded winnow v1.0.4
  Downloaded syn v3.0.6
  Downloaded windows-sys v0.61.2
   Compiling serde_core v1.0.229
   Compiling zmij v1.0.23
   Compiling proc-macro2 v1.0.107
   Compiling serde v1.0.229
   Compiling quote v1.0.47
   Compiling unicode-ident v1.0.26
   Compiling target-tuple v1.0.2
   Compiling serde_json v1.0.151
   Compiling syn v3.0.6
   Compiling paste v1.0.15 (/work)
   Compiling serde_derive v1.0.229
   Compiling rustversion v1.0.23
   Compiling winnow v1.0.4
   Compiling toml_parser v1.1.3+spec-1.1.0
   Compiling toml_datetime v1.1.1+spec-1.1.0
   Compiling serde_spanned v1.1.1
   Compiling memchr v2.8.3
   Compiling itoa v1.0.18
   Compiling toml_writer v1.1.2+spec-1.1.0
   Compiling toml v1.1.6+spec-1.1.0
   Compiling dissimilar v1.0.11
   Compiling glob v0.3.4
   Compiling termcolor v1.4.1
   Compiling trybuild v1.0.121
   Compiling paste-test-suite v0.0.0
error: expected item, found `@`
 --> /scratch/group/p.cis260229.000/cargo-temp-u.mm346025/hf-2188482-7/home/registry/src/index.crates.io-1949cf8c6b5b557f/paste-test-suite-0.0.0/src/lib.rs:1:1
  |
1 | @
  | ^ expected item
  |
  = note: for a full list of items that can appear in modules, see <https://doc.rust-lang.org/reference/items.html>

error: could not compile `paste-test-suite` (lib) due to 1 previous error
warning: build failed, waiting for other jobs to finish...
CSVROW:parse-patch-bsan,paste-1.0.15,,build_failed,,,,,,,1,2026-10-05T15:41:48Z,2188482.7"
parse-patch-bsan,always-assert-0.2.0,__all__,test_failed,other,/scratch/group/p.cis260229.000/datasets/top_1_percent/always-assert-0.2.0/hyperfine-parse-patch-bsan.log,true,true,101,"    Finished `test` profile [unoptimized + debuginfo] target(s) in 0.02s
     Running unittests src/lib.rs (/scratch/group/p.cis260229.000/cargo-temp-u.mm346025/hf-2188455-0/target/bsan/x86_64-unknown-linux-gnu/debug/build/always-assert/4d553a3a98dbe16f/out/always_assert-4d553a3a98dbe16f)

running 0 tests

test result: ok. 0 passed; 0 failed; 0 ignored; 0 measured; 0 filtered out; finished in 0.06s

     Running tests/it.rs (/scratch/group/p.cis260229.000/cargo-temp-u.mm346025/hf-2188455-0/target/bsan/x86_64-unknown-linux-gnu/debug/build/always-assert/4a5aae2fcfbc9de9/out/it-4a5aae2fcfbc9de9)

running 10 tests
test armed::syntax1 - should panic ... ok
test armed::syntax10 - should panic ... ok
test armed::syntax2 - should panic ... ok
test armed::syntax3 - should panic ... ok
test armed::syntax5 - should panic ... ok
test armed::syntax4 - should panic ... FAILED
test armed::syntax6 - should panic ... ok
test armed::syntax7 - should panic ... ok
test armed::syntax8 - should panic ... ok
test armed::syntax9 - should panic ... ok

failures:

---- armed::syntax4 stdout ----

thread 'armed::syntax4' (2085385) panicked at tests/it.rs:26:23:
assertion failed: ! 2 + 2 == 4
note: panic did not contain expected string
      panic message: ""assertion failed: ! 2 + 2 == 4""
 expected substring: ""assertion failed: !(2 + 2 == 4)""

failures:
    armed::syntax4

test result: FAILED. 9 passed; 1 failed; 0 ignored; 0 measured; 0 filtered out; finished in 0.13s

error: test failed, to rerun pass `--test it`"
parse-patch-bsan,windows_aarch64_msvc-0.53.1,__all__,no_match,other,/scratch/group/p.cis260229.000/datasets/top_1_percent/windows_aarch64_msvc-0.53.1/hyperfine-parse-patch-bsan.log,true,true,0,"    Finished `test` profile [unoptimized + debuginfo] target(s) in 0.03s
     Running unittests src/lib.rs (/scratch/group/p.cis260229.000/cargo-temp-u.mm346025/hf-2188483-12/target/bsan/x86_64-unknown-linux-gnu/debug/build/windows_aarch64_msvc/8e756f687a4d5546/out/windows_aarch64_msvc-8e756f687a4d5546)

running 0 tests

test result: ok. 0 passed; 0 failed; 0 ignored; 0 measured; 0 filtered out; finished in 0.06s

   Doc-tests windows_aarch64_msvc

running 0 tests

test result: ok. 0 passed; 0 failed; 0 ignored; 0 measured; 0 filtered out; finished in 0.00s
"
parse-patch-bsan,time-core-0.1.9,__all__,test_failed,rustc,/scratch/group/p.cis260229.000/datasets/top_1_percent/time-core-0.1.9/hyperfine-parse-patch-bsan.log,true,true,101,"warning: Cargo.toml: `lints.clippy.alloc-instead-of-core` is deprecated in favor of `lints.clippy.alloc_instead_of_core` and will not work in a future edition
warning: Cargo.toml: `lints.clippy.as-underscore` is deprecated in favor of `lints.clippy.as_underscore` and will not work in a future edition
warning: Cargo.toml: `lints.clippy.dbg-macro` is deprecated in favor of `lints.clippy.dbg_macro` and will not work in a future edition
warning: Cargo.toml: `lints.clippy.decimal-literal-representation` is deprecated in favor of `lints.clippy.decimal_literal_representation` and will not work in a future edition
warning: Cargo.toml: `lints.clippy.explicit-auto-deref` is deprecated in favor of `lints.clippy.explicit_auto_deref` and will not work in a future edition
warning: Cargo.toml: `lints.clippy.get-unwrap` is deprecated in favor of `lints.clippy.get_unwrap` and will not work in a future edition
warning: Cargo.toml: `lints.clippy.incompatible-msrv` is deprecated in favor of `lints.clippy.incompatible_msrv` and will not work in a future edition
warning: Cargo.toml: `lints.clippy.manual-let-else` is deprecated in favor of `lints.clippy.manual_let_else` and will not work in a future edition
warning: Cargo.toml: `lints.clippy.missing-docs-in-private-items` is deprecated in favor of `lints.clippy.missing_docs_in_private_items` and will not work in a future edition
warning: Cargo.toml: `lints.clippy.missing-enforced-import-renames` is deprecated in favor of `lints.clippy.missing_enforced_import_renames` and will not work in a future edition
warning: Cargo.toml: `lints.clippy.obfuscated-if-else` is deprecated in favor of `lints.clippy.obfuscated_if_else` and will not work in a future edition
warning: Cargo.toml: `lints.clippy.option-if-let-else` is deprecated in favor of `lints.clippy.option_if_let_else` and will not work in a future edition
warning: Cargo.toml: `lints.clippy.print-stdout` is deprecated in favor of `lints.clippy.print_stdout` and will not work in a future edition
warning: Cargo.toml: `lints.clippy.redundant-pub-crate` is deprecated in favor of `lints.clippy.redundant_pub_crate` and will not work in a future edition
warning: Cargo.toml: `lints.clippy.semicolon-outside-block` is deprecated in favor of `lints.clippy.semicolon_outside_block` and will not work in a future edition
warning: Cargo.toml: `lints.clippy.std-instead-of-core` is deprecated in favor of `lints.clippy.std_instead_of_core` and will not work in a future edition
warning: Cargo.toml: `lints.clippy.undocumented-unsafe-blocks` is deprecated in favor of `lints.clippy.undocumented_unsafe_blocks` and will not work in a future edition
warning: Cargo.toml: `lints.clippy.uninhabited-references` is deprecated in favor of `lints.clippy.uninhabited_references` and will not work in a future edition
warning: Cargo.toml: `lints.clippy.uninlined-format-args` is deprecated in favor of `lints.clippy.uninlined_format_args` and will not work in a future edition
warning: Cargo.toml: `lints.clippy.unnested-or-patterns` is deprecated in favor of `lints.clippy.unnested_or_patterns` and will not work in a future edition
warning: Cargo.toml: `lints.clippy.unwrap-in-result` is deprecated in favor of `lints.clippy.unwrap_in_result` and will not work in a future edition
warning: Cargo.toml: `lints.clippy.unwrap-used` is deprecated in favor of `lints.clippy.unwrap_used` and will not work in a future edition
warning: Cargo.toml: `lints.clippy.use-debug` is deprecated in favor of `lints.clippy.use_debug` and will not work in a future edition
warning: Cargo.toml: `lints.rust.ambiguous-glob-reexports` is deprecated in favor of `lints.rust.ambiguous_glob_reexports` and will not work in a future edition
warning: Cargo.toml: `lints.rust.clashing-extern-declarations` is deprecated in favor of `lints.rust.clashing_extern_declarations` and will not work in a future edition
warning: Cargo.toml: `lints.rust.const-item-mutation` is deprecated in favor of `lints.rust.const_item_mutation` and will not work in a future edition
warning: Cargo.toml: `lints.rust.dangling-pointers-from-temporaries` is deprecated in favor of `lints.rust.dangling_pointers_from_temporaries` and will not work in a future edition
warning: Cargo.toml: `lints.rust.deref-nullptr` is deprecated in favor of `lints.rust.deref_nullptr` and will not work in a future edition
warning: Cargo.toml: `lints.rust.drop-bounds` is deprecated in favor of `lints.rust.drop_bounds` and will not work in a future edition
warning: Cargo.toml: `lints.rust.future-incompatible` is deprecated in favor of `lints.rust.future_incompatible` and will not work in a future edition
warning: Cargo.toml: `lints.rust.hidden-glob-reexports` is deprecated in favor of `lints.rust.hidden_glob_reexports` and will not work in a future edition
warning: Cargo.toml: `lints.rust.improper-ctypes` is deprecated in favor of `lints.rust.improper_ctypes` and will not work in a future edition
warning: Cargo.toml: `lints.rust.improper-ctypes-definitions` is deprecated in favor of `lints.rust.improper_ctypes_definitions` and will not work in a future edition
warning: Cargo.toml: `lints.rust.invalid-from-utf8` is deprecated in favor of `lints.rust.invalid_from_utf8` and will not work in a future edition
warning: Cargo.toml: `lints.rust.invalid-macro-export-arguments` is deprecated in favor of `lints.rust.invalid_macro_export_arguments` and will not work in a future edition
warning: Cargo.toml: `lints.rust.invalid-nan-comparisons` is deprecated in favor of `lints.rust.invalid_nan_comparisons` and will not work in a future edition
warning: Cargo.toml: `lints.rust.invalid-reference-casting` is deprecated in favor of `lints.rust.invalid_reference_casting` and will not work in a future edition
warning: Cargo.toml: `lints.rust.invalid-value` is deprecated in favor of `lints.rust.invalid_value` and will not work in a future edition
warning: Cargo.toml: `lints.rust.keyword-idents` is deprecated in favor of `lints.rust.keyword_idents` and will not work in a future edition
warning: Cargo.toml: `lints.rust.let-underscore` is deprecated in favor of `lints.rust.let_underscore` and will not work in a future edition
warning: Cargo.toml: `lints.rust.macro-use-extern-crate` is deprecated in favor of `lints.rust.macro_use_extern_crate` and will not work in a future edition
warning: Cargo.toml: `lints.rust.meta-variable-misuse` is deprecated in favor of `lints.rust.meta_variable_misuse` and will not work in a future edition
warning: Cargo.toml: `lints.rust.missing-abi` is deprecated in favor of `lints.rust.missing_abi` and will not work in a future edition
warning: Cargo.toml: `lints.rust.missing-copy-implementations` is deprecated in favor of `lints.rust.missing_copy_implementations` and will not work in a future edition
warning: Cargo.toml: `lints.rust.missing-debug-implementations` is deprecated in favor of `lints.rust.missing_debug_implementations` and will not work in a future edition
warning: Cargo.toml: `lints.rust.missing-docs` is deprecated in favor of `lints.rust.missing_docs` and will not work in a future edition
warning: Cargo.toml: `lints.rust.named-arguments-used-positionally` is deprecated in favor of `lints.rust.named_arguments_used_positionally` and will not work in a future edition
warning: Cargo.toml: `lints.rust.non-ascii-idents` is deprecated in favor of `lints.rust.non_ascii_idents` and will not work in a future edition
warning: Cargo.toml: `lints.rust.noop-method-call` is deprecated in favor of `lints.rust.noop_method_call` and will not work in a future edition
warning: Cargo.toml: `lints.rust.opaque-hidden-inferred-bound` is deprecated in favor of `lints.rust.opaque_hidden_inferred_bound` and will not work in a future edition
warning: Cargo.toml: `lints.rust.overlapping-range-endpoints` is deprecated in favor of `lints.rust.overlapping_range_endpoints` and will not work in a future edition
warning: Cargo.toml: `lints.rust.single-use-lifetimes` is deprecated in favor of `lints.rust.single_use_lifetimes` and will not work in a future edition
warning: Cargo.toml: `lints.rust.suspicious-double-ref-op` is deprecated in favor of `lints.rust.suspicious_double_ref_op` and will not work in a future edition
warning: Cargo.toml: `lints.rust.trivial-casts` is deprecated in favor of `lints.rust.trivial_casts` and will not work in a future edition
warning: Cargo.toml: `lints.rust.trivial-numeric-casts` is deprecated in favor of `lints.rust.trivial_numeric_casts` and will not work in a future edition
warning: Cargo.toml: `lints.rust.unconditional-recursion` is deprecated in favor of `lints.rust.unconditional_recursion` and will not work in a future edition
warning: Cargo.toml: `lints.rust.unnameable-test-items` is deprecated in favor of `lints.rust.unnameable_test_items` and will not work in a future edition
warning: Cargo.toml: `lints.rust.unreachable-pub` is deprecated in favor of `lints.rust.unreachable_pub` and will not work in a future edition
warning: Cargo.toml: `lints.rust.unsafe-op-in-unsafe-fn` is deprecated in favor of `lints.rust.unsafe_op_in_unsafe_fn` and will not work in a future edition
warning: Cargo.toml: `lints.rust.unstable-name-collisions` is deprecated in favor of `lints.rust.unstable_name_collisions` and will not work in a future edition
warning: Cargo.toml: `lints.rust.unstable-syntax-pre-expansion` is deprecated in favor of `lints.rust.unstable_syntax_pre_expansion` and will not work in a future edition
warning: Cargo.toml: `lints.rust.unused-import-braces` is deprecated in favor of `lints.rust.unused_import_braces` and will not work in a future edition
warning: Cargo.toml: `lints.rust.unused-lifetimes` is deprecated in favor of `lints.rust.unused_lifetimes` and will not work in a future edition
warning: Cargo.toml: `lints.rust.unused-qualifications` is deprecated in favor of `lints.rust.unused_qualifications` and will not work in a future edition
warning: Cargo.toml: `lints.rust.variant-size-differences` is deprecated in favor of `lints.rust.variant_size_differences` and will not work in a future edition
warning: Cargo.toml: `lints.rustdoc.private-doc-tests` is deprecated in favor of `lints.rustdoc.private_doc_tests` and will not work in a future edition
warning: Cargo.toml: `lints.rustdoc.unescaped-backticks` is deprecated in favor of `lints.rustdoc.unescaped_backticks` and will not work in a future edition
warning: `time-core` (manifest) generated 67 warnings
    Finished `test` profile [unoptimized + debuginfo] target(s) in 0.05s
     Running unittests src/lib.rs (/scratch/group/p.cis260229.000/cargo-temp-u.mm346025/hf-2188455-11/target/bsan/x86_64-unknown-linux-gnu/debug/build/time-core/56cffd4e51dda6e1/out/time_core-56cffd4e51dda6e1)

running 0 tests

test result: ok. 0 passed; 0 failed; 0 ignored; 0 measured; 0 filtered out; finished in 0.06s

   Doc-tests time_core

running 4 tests
test src/util.rs - util::weeks_in_year (line 111) ... FAILED
test src/util.rs - util::days_in_year (line 94) ... FAILED
test src/util.rs - util::is_leap_year (line 72) ... FAILED
test src/util.rs - util::days_in_month (line 136) ... ok

failures:

---- src/util.rs - util::weeks_in_year (line 111) stdout ----
error[E0433]: cannot find module or crate `time` in this scope
   --> src/util.rs:112:5
    |
112 | use time::util::weeks_in_year;
    |     ^^^^ use of unresolved module or unlinked crate `time`
    |
    = help: if you wanted to use a crate named `time`, use `cargo add time` to add it to your `Cargo.toml`

error: aborting due to 1 previous error

For more information about this error, try `rustc --explain E0433`.
Couldn't compile the test.
---- src/util.rs - util::days_in_year (line 94) stdout ----
error[E0433]: cannot find module or crate `time` in this scope
  --> src/util.rs:95:5
   |
95 | use time::util::days_in_year;
   |     ^^^^ use of unresolved module or unlinked crate `time`
   |
   = help: if you wanted to use a crate named `time`, use `cargo add time` to add it to your `Cargo.toml`

error: aborting due to 1 previous error

For more information about this error, try `rustc --explain E0433`.
Couldn't compile the test.
---- src/util.rs - util::is_leap_year (line 72) stdout ----
error[E0433]: cannot find module or crate `time` in this scope
  --> src/util.rs:73:5
   |
73 | use time::util::is_leap_year;
   |     ^^^^ use of unresolved module or unlinked crate `time`
   |
   = help: if you wanted to use a crate named `time`, use `cargo add time` to add it to your `Cargo.toml`

error: aborting due to 1 previous error

For more information about this error, try `rustc --explain E0433`.
Couldn't compile the test.

failures:
    src/util.rs - util::days_in_year (line 94)
    src/util.rs - util::is_leap_year (line 72)
    src/util.rs - util::weeks_in_year (line 111)

test result: FAILED. 1 passed; 3 failed; 0 ignored; 0 measured; 0 filtered out; finished in 0.33s

all doctests ran in 0.82s; merged doctests compilation took 0.44s
error: doctest failed, to rerun pass `--doc`"
parse-patch-bsan,dyn-stack-macros-0.1.3,__all__,no_match,other,/scratch/group/p.cis260229.000/datasets/top_1_percent/dyn-stack-macros-0.1.3/hyperfine-parse-patch-bsan.log,true,true,0,"    Finished `test` profile [unoptimized + debuginfo] target(s) in 0.02s
     Running unittests src/lib.rs (/scratch/group/p.cis260229.000/cargo-temp-u.mm346025/hf-2188483-2/target/bsan/debug/build/dyn-stack-macros/fa2d8159cb8f1718/out/dyn_stack_macros-fa2d8159cb8f1718)

running 0 tests

test result: ok. 0 passed; 0 failed; 0 ignored; 0 measured; 0 filtered out; finished in 0.00s

   Doc-tests dyn_stack_macros

running 0 tests

test result: ok. 0 passed; 0 failed; 0 ignored; 0 measured; 0 filtered out; finished in 0.00s
"
parse-patch-bsan,windows_x86_64_gnullvm-0.53.1,__all__,no_match,other,/scratch/group/p.cis260229.000/datasets/top_1_percent/windows_x86_64_gnullvm-0.53.1/hyperfine-parse-patch-bsan.log,true,true,0,"    Finished `test` profile [unoptimized + debuginfo] target(s) in 0.04s
     Running unittests src/lib.rs (/scratch/group/p.cis260229.000/cargo-temp-u.mm346025/hf-2188455-13/target/bsan/x86_64-unknown-linux-gnu/debug/build/windows_x86_64_gnullvm/031a9666d94bf23b/out/windows_x86_64_gnullvm-031a9666d94bf23b)

running 0 tests

test result: ok. 0 passed; 0 failed; 0 ignored; 0 measured; 0 filtered out; finished in 0.06s

   Doc-tests windows_x86_64_gnullvm

running 0 tests

test result: ok. 0 passed; 0 failed; 0 ignored; 0 measured; 0 filtered out; finished in 0.00s
"
parse-patch-bsan,icu_locid_transform-2.0.0,__all__,no_match,other,/scratch/group/p.cis260229.000/datasets/top_1_percent/icu_locid_transform-2.0.0/hyperfine-parse-patch-bsan.log,true,true,0,"    Finished `test` profile [unoptimized + debuginfo] target(s) in 0.02s
     Running unittests src/lib.rs (/scratch/group/p.cis260229.000/cargo-temp-u.mm346025/hf-2188483-4/target/bsan/x86_64-unknown-linux-gnu/debug/build/icu_locid_transform/1f6cce1c59023de8/out/icu_locid_transform-1f6cce1c59023de8)

running 0 tests

test result: ok. 0 passed; 0 failed; 0 ignored; 0 measured; 0 filtered out; finished in 0.06s

   Doc-tests icu_locid_transform

running 0 tests

test result: ok. 0 passed; 0 failed; 0 ignored; 0 measured; 0 filtered out; finished in 0.00s
"
parse-patch-bsan,khronos_api-3.1.0,__all__,no_match,other,/scratch/group/p.cis260229.000/datasets/top_1_percent/khronos_api-3.1.0/hyperfine-parse-patch-bsan.log,true,true,0,"warning: Cargo.toml: `package.edition` is unspecified, defaulting to `2015` while the latest is `2024`
warning: `package.homepage` is redundant with `package.repository`
  --> Cargo.toml:19:12
   |
19 | homepage = ""https://github.com/brendanzab/gl-rs/""
   |            ^^^^^^^^^^^^^^^^^^^^^^^^^^^^^^^^^^^^^^
...
25 | repository = ""https://github.com/brendanzab/gl-rs/""
   |              --------------------------------------
   |
   = note: `cargo::redundant_homepage` is set to `warn` by default
help: consider removing `package.homepage`
warning: `khronos_api` (manifest) generated 2 warnings
    Finished `test` profile [unoptimized + debuginfo] target(s) in 0.04s
     Running unittests src/lib.rs (/scratch/group/p.cis260229.000/cargo-temp-u.mm346025/hf-2188483-5/target/bsan/x86_64-unknown-linux-gnu/debug/build/khronos_api/5786a27e06172684/out/khronos_api-5786a27e06172684)

running 0 tests

test result: ok. 0 passed; 0 failed; 0 ignored; 0 measured; 0 filtered out; finished in 0.06s

   Doc-tests khronos_api

running 0 tests

test result: ok. 0 passed; 0 failed; 0 ignored; 0 measured; 0 filtered out; finished in 0.00s
"
parse-patch-bsan,paste-impl-0.1.18,__all__,no_match,other,/scratch/group/p.cis260229.000/datasets/top_1_percent/paste-impl-0.1.18/hyperfine-parse-patch-bsan.log,true,true,0,"warning: panic message contains braces
  --> src/enum_hack.rs:66:28
   |
66 |         _ => unreachable!(""{...}""),
   |                            ^   ^
   |
   = note: this message is not used as a format string, but will be in Rust 2021
   = note: for more information, see <https://doc.rust-lang.org/edition-guide/rust-2021/panic-macro-consistency.html>
   = note: `#[warn(non_fmt_panics)]` (part of `#[warn(rust_2021_compatibility)]`) on by default
help: add a ""{}"" format string to use the message literally
   |
66 |         _ => unreachable!(""{}"", ""{...}""),
   |                           +++++

warning: panic message contains braces
  --> src/enum_hack.rs:78:28
   |
78 |         _ => unreachable!(""{...}""),
   |                            ^   ^
   |
   = note: this message is not used as a format string, but will be in Rust 2021
   = note: for more information, see <https://doc.rust-lang.org/edition-guide/rust-2021/panic-macro-consistency.html>
help: add a ""{}"" format string to use the message literally
   |
78 |         _ => unreachable!(""{}"", ""{...}""),
   |                           +++++

warning: `paste-impl` (lib) generated 2 warnings (run `cargo fix --lib -p paste-impl` to apply 2 suggestions)
warning: `paste-impl` (lib test) generated 2 warnings (2 duplicates)
    Finished `test` profile [unoptimized + debuginfo] target(s) in 0.02s
     Running unittests src/lib.rs (/scratch/group/p.cis260229.000/cargo-temp-u.mm346025/hf-2188483-7/target/bsan/debug/build/paste-impl/05abee14bb634750/out/paste_impl-05abee14bb634750)

running 0 tests

test result: ok. 0 passed; 0 failed; 0 ignored; 0 measured; 0 filtered out; finished in 0.00s

   Doc-tests paste_impl

running 0 tests

test result: ok. 0 passed; 0 failed; 0 ignored; 0 measured; 0 filtered out; finished in 0.00s
"
parse-patch-bsan,pulp-wasm-simd-flag-0.1.1,__all__,no_match,other,/scratch/group/p.cis260229.000/datasets/top_1_percent/pulp-wasm-simd-flag-0.1.1/hyperfine-parse-patch-bsan.log,true,true,0,"    Finished `test` profile [unoptimized + debuginfo] target(s) in 0.02s
     Running unittests src/lib.rs (/scratch/group/p.cis260229.000/cargo-temp-u.mm346025/hf-2188483-8/target/bsan/x86_64-unknown-linux-gnu/debug/build/pulp-wasm-simd-flag/9dda02f2457439eb/out/pulp_wasm_simd_flag-9dda02f2457439eb)

running 0 tests

test result: ok. 0 passed; 0 failed; 0 ignored; 0 measured; 0 filtered out; finished in 0.05s

   Doc-tests pulp_wasm_simd_flag

running 0 tests

test result: ok. 0 passed; 0 failed; 0 ignored; 0 measured; 0 filtered out; finished in 0.00s
"
parse-patch-bsan,windows_i686_gnu-0.53.1,__all__,no_match,other,/scratch/group/p.cis260229.000/datasets/top_1_percent/windows_i686_gnu-0.53.1/hyperfine-parse-patch-bsan.log,true,true,0,"    Finished `test` profile [unoptimized + debuginfo] target(s) in 0.02s
     Running unittests src/lib.rs (/scratch/group/p.cis260229.000/cargo-temp-u.mm346025/hf-2188484-12/target/bsan/x86_64-unknown-linux-gnu/debug/build/windows_i686_gnu/21ce74404e568352/out/windows_i686_gnu-21ce74404e568352)

running 0 tests

test result: ok. 0 passed; 0 failed; 0 ignored; 0 measured; 0 filtered out; finished in 0.06s

   Doc-tests windows_i686_gnu

running 0 tests

test result: ok. 0 passed; 0 failed; 0 ignored; 0 measured; 0 filtered out; finished in 0.00s
"
parse-patch-bsan,function_name-0.3.0,,fetch_failed,other,/scratch/group/p.cis260229.000/datasets/top_1_percent/function_name-0.3.0/hyperfine-parse-patch-bsan.log,true,true,,"RUSTFLAGS=[--cfg=miri --cap-lints=warn]
LIMIT=[timeout -k 30 1h ]
info: syncing channel updates for 1.45.0-x86_64-unknown-linux-gnu
error: could not create temp file /opt/rust/rustup/tmp/hb6o_p_6ir_59gcb_file: Read-only file system (os error 30)
CSVROW:parse-patch-bsan,function_name-0.3.0,,fetch_failed,,,,,,,1,2026-10-05T15:42:18Z,2188484.3"
parse-patch-bsan,built-0.8.1,__all__,test_failed,other,/scratch/group/p.cis260229.000/datasets/top_1_percent/built-0.8.1/hyperfine-parse-patch-bsan.log,true,true,101,"    Finished `test` profile [unoptimized + debuginfo] target(s) in 0.13s
     Running unittests src/lib.rs (/scratch/group/p.cis260229.000/cargo-temp-u.mm346025/hf-2188485-0/target/bsan/x86_64-unknown-linux-gnu/debug/build/built/e707a7d40db6ecac/out/built-e707a7d40db6ecac)

running 1 test
test util::tests::test_parse_env ... ok

test result: ok. 1 passed; 0 failed; 0 ignored; 0 measured; 0 filtered out; finished in 0.06s

     Running tests/testbox_tests.rs (/scratch/group/p.cis260229.000/cargo-temp-u.mm346025/hf-2188485-0/target/bsan/x86_64-unknown-linux-gnu/debug/build/built/6a19557384f74b9c/out/testbox_tests-6a19557384f74b9c)

running 5 tests
test nostd_testbox ... ignored, requires target x86_64-unknown-none
test cargo_cfg_feature ... FAILED
test minimal_testbox ... FAILED
test simple_workspace ... FAILED
test unused_override ... FAILED

failures:

---- cargo_cfg_feature stdout ----

thread 'cargo_cfg_feature' (1454589) panicked at tests/testbox_tests.rs:160:58:
called `Option::unwrap()` on a `None` value
note: run with `RUST_BACKTRACE=1` environment variable to display a backtrace

---- minimal_testbox stdout ----

thread 'minimal_testbox' (1454590) panicked at tests/testbox_tests.rs:160:58:
called `Option::unwrap()` on a `None` value

---- simple_workspace stdout ----

thread 'simple_workspace' (1454591) panicked at tests/testbox_tests.rs:160:58:
called `Option::unwrap()` on a `None` value

---- unused_override stdout ----

thread 'unused_override' (1454592) panicked at tests/testbox_tests.rs:160:58:
called `Option::unwrap()` on a `None` value


failures:
    cargo_cfg_feature
    minimal_testbox
    simple_workspace
    unused_override

test result: FAILED. 0 passed; 4 failed; 1 ignored; 0 measured; 0 filtered out; finished in 0.11s

error: test failed, to rerun pass `--test testbox_tests`"
parse-patch-bsan,task-local-extensions-0.1.4,__all__,test_failed,rustc,/scratch/group/p.cis260229.000/datasets/top_1_percent/task-local-extensions-0.1.4/hyperfine-parse-patch-bsan.log,true,true,101,"warning: unnecessary parentheses around type
  --> src/extensions.rs:66:45
   |
66 |             .and_then(|boxed| (&**boxed as &(dyn Any)).downcast_ref())
   |                                             ^       ^
   |
   = note: `#[warn(unused_parens)]` (part of `#[warn(unused)]`) on by default
help: remove these parentheses
   |
66 -             .and_then(|boxed| (&**boxed as &(dyn Any)).downcast_ref())
66 +             .and_then(|boxed| (&**boxed as &dyn Any).downcast_ref())
   |

warning: unnecessary parentheses around type
  --> src/extensions.rs:73:53
   |
73 |             .and_then(|boxed| (&mut **boxed as &mut (dyn Any)).downcast_mut())
   |                                                     ^       ^
   |
help: remove these parentheses
   |
73 -             .and_then(|boxed| (&mut **boxed as &mut (dyn Any)).downcast_mut())
73 +             .and_then(|boxed| (&mut **boxed as &mut dyn Any).downcast_mut())
   |

warning: `task-local-extensions` (lib) generated 2 warnings (run `cargo fix --lib -p task-local-extensions` to apply 2 suggestions)
warning: `task-local-extensions` (lib test) generated 2 warnings (2 duplicates)
    Finished `test` profile [unoptimized + debuginfo] target(s) in 0.08s
     Running unittests src/lib.rs (/scratch/group/p.cis260229.000/cargo-temp-u.mm346025/hf-2188485-10/target/bsan/x86_64-unknown-linux-gnu/debug/build/task-local-extensions/bd18cec0f1806114/out/task_local_extensions-bd18cec0f1806114)

running 2 tests
test extensions::tests::test_extensions ... ok
test task_local::tests::works ... ok

test result: ok. 2 passed; 0 failed; 0 ignored; 0 measured; 0 filtered out; finished in 0.15s

   Doc-tests task_local_extensions
warning: unnecessary parentheses around type
  --> src/extensions.rs:66:45
   |
66 |             .and_then(|boxed| (&**boxed as &(dyn Any)).downcast_ref())
   |                                             ^       ^
   |
   = note: `#[warn(unused_parens)]` (part of `#[warn(unused)]`) on by default
help: remove these parentheses
   |
66 -             .and_then(|boxed| (&**boxed as &(dyn Any)).downcast_ref())
66 +             .and_then(|boxed| (&**boxed as &dyn Any).downcast_ref())
   |

warning: unnecessary parentheses around type
  --> src/extensions.rs:73:53
   |
73 |             .and_then(|boxed| (&mut **boxed as &mut (dyn Any)).downcast_mut())
   |                                                     ^       ^
   |
help: remove these parentheses
   |
73 -             .and_then(|boxed| (&mut **boxed as &mut (dyn Any)).downcast_mut())
73 +             .and_then(|boxed| (&mut **boxed as &mut dyn Any).downcast_mut())
   |

warning: 2 warnings emitted


running 3 tests
test src/lib.rs - (line 7) ... FAILED
test src/lib.rs - (line 19) ... FAILED
test src/extensions.rs - extensions::Extensions::with (line 32) ... ok

failures:

---- src/lib.rs - (line 7) stdout ----
error[E0425]: cannot find value `extensions` in this scope
  --> src/lib.rs:13:1
   |
13 | extensions.insert(a);
   | ^^^^^^^^^^ not found in this scope

error: aborting due to 1 previous error

For more information about this error, try `rustc --explain E0425`.
Couldn't compile the test.
---- src/lib.rs - (line 19) stdout ----
error[E0728]: `await` is only allowed inside `async` functions and blocks
  --> src/lib.rs:30:74
   |
20 | fn main() { #[allow(non_snake_case)] fn _doctest_main_src_lib_rs_19_0() {
   |                                      ---------------------------------- this is not `async`
...
30 | let (out_ext, _) = with_extensions(Extensions::new().with(a), my_task()).await;
   |                                                                          ^^^^^ only allowed inside `async` functions and blocks

error[E0061]: this method takes 0 arguments but 1 argument was supplied
    --> src/lib.rs:24:39
     |
  24 |   let a: i64 = get_local_item().await.unwrap(0);
     |                                       ^^^^^^ - unexpected argument of type `{integer}`
     |
note: method defined here
    --> /opt/rust/rustup/toolchains/bsan/lib/rustlib/src/rust/library/core/src/option.rs:1013:18
     |
1013 |     pub const fn unwrap(self) -> T {
     |                  ^^^^^^
help: remove the extra argument
     |
  24 -   let a: i64 = get_local_item().await.unwrap(0);
  24 +   let a: i64 = get_local_item().await.unwrap();
     |

error: aborting due to 2 previous errors

Some errors have detailed explanations: E0061, E0728.
For more information about an error, try `rustc --explain E0061`.
Couldn't compile the test.

failures:
    src/lib.rs - (line 19)
    src/lib.rs - (line 7)

test result: FAILED. 1 passed; 2 failed; 0 ignored; 0 measured; 0 filtered out; finished in 0.37s

error: doctest failed, to rerun pass `--doc`"
parse-patch-bsan,windows_i686_gnullvm-0.53.1,__all__,no_match,other,/scratch/group/p.cis260229.000/datasets/top_1_percent/windows_i686_gnullvm-0.53.1/hyperfine-parse-patch-bsan.log,true,true,0,"    Finished `test` profile [unoptimized + debuginfo] target(s) in 0.02s
     Running unittests src/lib.rs (/scratch/group/p.cis260229.000/cargo-temp-u.mm346025/hf-2188485-12/target/bsan/x86_64-unknown-linux-gnu/debug/build/windows_i686_gnullvm/a1ab52f460658c1b/out/windows_i686_gnullvm-a1ab52f460658c1b)

running 0 tests

test result: ok. 0 passed; 0 failed; 0 ignored; 0 measured; 0 filtered out; finished in 0.06s

   Doc-tests windows_i686_gnullvm

running 0 tests

test result: ok. 0 passed; 0 failed; 0 ignored; 0 measured; 0 filtered out; finished in 0.00s
"
parse-patch-bsan,function_name-proc-macro-0.3.0,__all__,no_match,other,/scratch/group/p.cis260229.000/datasets/top_1_percent/function_name-proc-macro-0.3.0/hyperfine-parse-patch-bsan.log,true,true,0,"    Finished `test` profile [unoptimized + debuginfo] target(s) in 0.02s
     Running unittests src/lib.rs (/scratch/group/p.cis260229.000/cargo-temp-u.mm346025/hf-2188485-3/target/bsan/debug/build/function_name-proc-macro/7e1272cf5c983c05/out/function_name_proc_macro-7e1272cf5c983c05)

running 0 tests

test result: ok. 0 passed; 0 failed; 0 ignored; 0 measured; 0 filtered out; finished in 0.00s

   Doc-tests function_name_proc_macro

running 0 tests

test result: ok. 0 passed; 0 failed; 0 ignored; 0 measured; 0 filtered out; finished in 0.00s
"
parse-patch-bsan,python3-dll-a-0.2.15,__all__,test_failed,other,/scratch/group/p.cis260229.000/datasets/top_1_percent/python3-dll-a-0.2.15/hyperfine-parse-patch-bsan.log,true,true,101,"    Finished `test` profile [unoptimized + debuginfo] target(s) in 0.03s
     Running unittests src/lib.rs (/scratch/group/p.cis260229.000/cargo-temp-u.mm346025/hf-2188485-8/target/bsan/x86_64-unknown-linux-gnu/debug/build/python3-dll-a/b92065c58904a56e/out/python3_dll_a-b92065c58904a56e)

running 5 tests
test tests::generate_msvc ... FAILED
test tests::generate ... FAILED
test tests::generate_msvc32 ... FAILED
test tests::generate_gnu32 ... FAILED
test tests::generate_msvc_arm64 ... FAILED

failures:

---- tests::generate_msvc stdout ----

thread 'tests::generate_msvc' (1438802) panicked at src/lib.rs:615:14:
called `Result::unwrap()` on an `Err` value: Custom { kind: NotFound, error: ""\""llvm-dlltool\"" \""-m\"" \""i386:x86-64\"" \""-d\"" \""/work/target/x86_64-pc-windows-msvc/python3-dll/python3.def\"" \""-l\"" \""/work/target/x86_64-pc-windows-msvc/python3-dll/python3.lib\"" failed with No such file or directory (os error 2)"" }
note: run with `RUST_BACKTRACE=1` environment variable to display a backtrace

---- tests::generate stdout ----

thread 'tests::generate' (1438794) panicked at src/lib.rs:567:14:
called `Result::unwrap()` on an `Err` value: Custom { kind: NotFound, error: ""\""x86_64-w64-mingw32-dlltool\"" \""--input-def\"" \""/work/target/x86_64-pc-windows-gnu/python3-dll/python3.def\"" \""--output-lib\"" \""/work/target/x86_64-pc-windows-gnu/python3-dll/python3.dll.a\"" failed with No such file or directory (os error 2)"" }

---- tests::generate_msvc32 stdout ----

thread 'tests::generate_msvc32' (1438803) panicked at src/lib.rs:650:57:
called `Result::unwrap()` on an `Err` value: Custom { kind: NotFound, error: ""\""llvm-dlltool\"" \""-m\"" \""i386\"" \""-d\"" \""/work/target/i686-pc-windows-msvc/python3-dll/python3.def\"" \""-l\"" \""/work/target/i686-pc-windows-msvc/python3-dll/python3.lib\"" failed with No such file or directory (os error 2)"" }

---- tests::generate_gnu32 stdout ----

thread 'tests::generate_gnu32' (1438798) panicked at src/lib.rs:603:56:
called `Result::unwrap()` on an `Err` value: Custom { kind: NotFound, error: ""\""i686-w64-mingw32-dlltool\"" \""--input-def\"" \""/work/target/i686-pc-windows-gnu/python3-dll/python3.def\"" \""--output-lib\"" \""/work/target/i686-pc-windows-gnu/python3-dll/python3.dll.a\"" failed with No such file or directory (os error 2)"" }

---- tests::generate_msvc_arm64 stdout ----

thread 'tests::generate_msvc_arm64' (1438809) panicked at src/lib.rs:662:14:
called `Result::unwrap()` on an `Err` value: Custom { kind: NotFound, error: ""\""llvm-dlltool\"" \""-m\"" \""arm64\"" \""-d\"" \""/work/target/aarch64-pc-windows-msvc/python3-dll/python3.def\"" \""-l\"" \""/work/target/aarch64-pc-windows-msvc/python3-dll/python3.lib\"" failed with No such file or directory (os error 2)"" }


failures:
    tests::generate
    tests::generate_gnu32
    tests::generate_msvc
    tests::generate_msvc32
    tests::generate_msvc_arm64

test result: FAILED. 0 passed; 5 failed; 0 ignored; 0 measured; 0 filtered out; finished in 0.41s

error: test failed, to rerun pass `--lib`"
parse-patch-bsan,windows_i686_msvc-0.53.1,__all__,no_match,other,/scratch/group/p.cis260229.000/datasets/top_1_percent/windows_i686_msvc-0.53.1/hyperfine-parse-patch-bsan.log,true,true,0,"    Finished `test` profile [unoptimized + debuginfo] target(s) in 0.02s
     Running unittests src/lib.rs (/scratch/group/p.cis260229.000/cargo-temp-u.mm346025/hf-2188486-12/target/bsan/x86_64-unknown-linux-gnu/debug/build/windows_i686_msvc/067639a200b6334e/out/windows_i686_msvc-067639a200b6334e)

running 0 tests

test result: ok. 0 passed; 0 failed; 0 ignored; 0 measured; 0 filtered out; finished in 0.06s

   Doc-tests windows_i686_msvc

running 0 tests

test result: ok. 0 passed; 0 failed; 0 ignored; 0 measured; 0 filtered out; finished in 0.00s
"
parse-patch-bsan,elf-0.8.0,__all__,test_failed,other,/scratch/group/p.cis260229.000/datasets/top_1_percent/elf-0.8.0/hyperfine-parse-patch-bsan.log,true,true,101,"[... 374 earlier line(s) omitted ...]

---- elf_bytes::interface_tests::symbol_version_table stdout ----

thread 'elf_bytes::interface_tests::symbol_version_table' (1762336) panicked at src/elf_bytes.rs:1331:45:
Could not read file.: Os { code: 2, kind: NotFound, message: ""No such file or directory"" }

---- elf_bytes::interface_tests::sysv_hash_table stdout ----

thread 'elf_bytes::interface_tests::sysv_hash_table' (1762339) panicked at src/elf_bytes.rs:1386:45:
Could not read file.: Os { code: 2, kind: NotFound, message: ""No such file or directory"" }

---- elf_stream::arch_tests::aarch64 stdout ----

thread 'elf_stream::arch_tests::aarch64' (1762340) panicked at src/elf_stream.rs:1289:9:
file should exist: Os { code: 2, kind: NotFound, message: ""No such file or directory"" }

---- elf_stream::arch_tests::armhf stdout ----

thread 'elf_stream::arch_tests::armhf' (1762342) panicked at src/elf_stream.rs:1294:9:
file should exist: Os { code: 2, kind: NotFound, message: ""No such file or directory"" }

---- elf_stream::arch_tests::m68k stdout ----

thread 'elf_stream::arch_tests::m68k' (1762343) panicked at src/elf_stream.rs:1284:9:
file should exist: Os { code: 2, kind: NotFound, message: ""No such file or directory"" }

---- elf_stream::arch_tests::powerpc64 stdout ----

thread 'elf_stream::arch_tests::powerpc64' (1762344) panicked at src/elf_stream.rs:1299:9:
file should exist: Os { code: 2, kind: NotFound, message: ""No such file or directory"" }

---- elf_stream::arch_tests::powerpc64le stdout ----

thread 'elf_stream::arch_tests::powerpc64le' (1762345) panicked at src/elf_stream.rs:1304:9:
file should exist: Os { code: 2, kind: NotFound, message: ""No such file or directory"" }

---- elf_stream::arch_tests::riscv64 stdout ----

thread 'elf_stream::arch_tests::riscv64' (1762346) panicked at src/elf_stream.rs:1309:9:
file should exist: Os { code: 2, kind: NotFound, message: ""No such file or directory"" }

---- elf_stream::arch_tests::x86_64 stdout ----

thread 'elf_stream::arch_tests::x86_64' (1762347) panicked at src/elf_stream.rs:1279:9:
file should exist: Os { code: 2, kind: NotFound, message: ""No such file or directory"" }

---- elf_stream::interface_tests::dynamic stdout ----

thread 'elf_stream::interface_tests::dynamic' (1762348) panicked at src/elf_stream.rs:971:44:
Could not open file.: Os { code: 2, kind: NotFound, message: ""No such file or directory"" }

---- elf_stream::interface_tests::dynamic_symbol_table stdout ----

thread 'elf_stream::interface_tests::dynamic_symbol_table' (1762352) panicked at src/elf_stream.rs:941:44:
Could not open file.: Os { code: 2, kind: NotFound, message: ""No such file or directory"" }

---- elf_stream::interface_tests::section_data stdout ----

thread 'elf_stream::interface_tests::section_data' (1762354) panicked at src/elf_stream.rs:837:44:
Could not open file.: Os { code: 2, kind: NotFound, message: ""No such file or directory"" }

---- elf_stream::interface_tests::section_data_as_notes stdout ----

thread 'elf_stream::interface_tests::section_data_as_notes' (1762363) panicked at src/elf_stream.rs:1040:44:
Could not open file.: Os { code: 2, kind: NotFound, message: ""No such file or directory"" }

---- elf_stream::interface_tests::section_data_as_relas stdout ----

thread 'elf_stream::interface_tests::section_data_as_relas' (1762365) panicked at src/elf_stream.rs:1009:44:
Could not open file.: Os { code: 2, kind: NotFound, message: ""No such file or directory"" }

---- elf_stream::interface_tests::section_data_as_rels stdout ----

thread 'elf_stream::interface_tests::section_data_as_rels' (1762367) panicked at src/elf_stream.rs:998:44:
Could not open file.: Os { code: 2, kind: NotFound, message: ""No such file or directory"" }

---- elf_stream::interface_tests::section_data_as_strtab stdout ----

thread 'elf_stream::interface_tests::section_data_as_strtab' (1762369) panicked at src/elf_stream.rs:852:44:
Could not open file.: Os { code: 2, kind: NotFound, message: ""No such file or directory"" }

---- elf_stream::interface_tests::section_data_for_nobits stdout ----

thread 'elf_stream::interface_tests::section_data_for_nobits' (1762373) panicked at src/elf_stream.rs:822:44:
Could not open file.: Os { code: 2, kind: NotFound, message: ""No such file or directory"" }

---- elf_stream::interface_tests::section_header_by_name stdout ----

thread 'elf_stream::interface_tests::section_header_by_name' (1762374) panicked at src/elf_stream.rs:802:44:
Could not open file.: Os { code: 2, kind: NotFound, message: ""No such file or directory"" }

---- elf_stream::interface_tests::section_headers_with_strtab stdout ----

thread 'elf_stream::interface_tests::section_headers_with_strtab' (1762375) panicked at src/elf_stream.rs:759:44:
Could not open file.: Os { code: 2, kind: NotFound, message: ""No such file or directory"" }

---- elf_stream::interface_tests::segment_data stdout ----

thread 'elf_stream::interface_tests::segment_data' (1762377) panicked at src/elf_stream.rs:1062:44:
Could not open file.: Os { code: 2, kind: NotFound, message: ""No such file or directory"" }

---- elf_stream::interface_tests::segment_data_as_notes stdout ----

thread 'elf_stream::interface_tests::segment_data_as_notes' (1762379) panicked at src/elf_stream.rs:1088:44:
Could not open file.: Os { code: 2, kind: NotFound, message: ""No such file or directory"" }

---- elf_stream::interface_tests::segments stdout ----

thread 'elf_stream::interface_tests::segments' (1762389) panicked at src/elf_stream.rs:868:44:
Could not open file.: Os { code: 2, kind: NotFound, message: ""No such file or directory"" }

---- elf_stream::interface_tests::segments_phnum_in_shdr0 stdout ----

thread 'elf_stream::interface_tests::segments_phnum_in_shdr0' (1762391) panicked at src/elf_stream.rs:890:44:
Could not open file.: Os { code: 2, kind: NotFound, message: ""No such file or directory"" }

---- elf_stream::interface_tests::shnum_and_shstrndx_in_shdr0 stdout ----

thread 'elf_stream::interface_tests::shnum_and_shstrndx_in_shdr0' (1762393) panicked at src/elf_stream.rs:779:44:
Could not open file.: Os { code: 2, kind: NotFound, message: ""No such file or directory"" }

---- elf_stream::interface_tests::symbol_table stdout ----

thread 'elf_stream::interface_tests::symbol_table' (1762394) panicked at src/elf_stream.rs:911:44:
Could not open file.: Os { code: 2, kind: NotFound, message: ""No such file or directory"" }

---- elf_stream::interface_tests::symbol_version_table stdout ----

thread 'elf_stream::interface_tests::symbol_version_table' (1762395) panicked at src/elf_stream.rs:1118:44:
Could not open file.: Os { code: 2, kind: NotFound, message: ""No such file or directory"" }

---- elf_stream::interface_tests::sysv_hash_table stdout ----

thread 'elf_stream::interface_tests::sysv_hash_table' (1762396) panicked at src/elf_stream.rs:1172:44:
Could not open file.: Os { code: 2, kind: NotFound, message: ""No such file or directory"" }

---- elf_stream::interface_tests::test_open_stream stdout ----

thread 'elf_stream::interface_tests::test_open_stream' (1762397) panicked at src/elf_stream.rs:751:44:
Could not open file.: Os { code: 2, kind: NotFound, message: ""No such file or directory"" }


failures:
    elf_bytes::arch_tests::aarch64
    elf_bytes::arch_tests::armhf
    elf_bytes::arch_tests::m68k
    elf_bytes::arch_tests::powerpc64
    elf_bytes::arch_tests::powerpc64le
    elf_bytes::arch_tests::riscv64
    elf_bytes::arch_tests::x86_64
    elf_bytes::interface_tests::dynamic
    elf_bytes::interface_tests::dynamic_symbol_table
    elf_bytes::interface_tests::find_common_data
    elf_bytes::interface_tests::gnu_hash_table
    elf_bytes::interface_tests::section_data
    elf_bytes::interface_tests::section_data_as_notes
    elf_bytes::interface_tests::section_data_as_relas
    elf_bytes::interface_tests::section_data_as_strtab
    elf_bytes::interface_tests::section_data_as_wrong_type
    elf_bytes::interface_tests::section_header_by_name
    elf_bytes::interface_tests::section_headers
    elf_bytes::interface_tests::section_headers_with_strtab
    elf_bytes::interface_tests::segment_data_as_notes
    elf_bytes::interface_tests::segments
    elf_bytes::interface_tests::segments_phnum_in_shdr0
    elf_bytes::interface_tests::shnum_and_shstrndx_in_shdr0
    elf_bytes::interface_tests::simultaenous_segments_parsing
    elf_bytes::interface_tests::symbol_table
    elf_bytes::interface_tests::symbol_version_table
    elf_bytes::interface_tests::sysv_hash_table
    elf_stream::arch_tests::aarch64
    elf_stream::arch_tests::armhf
    elf_stream::arch_tests::m68k
    elf_stream::arch_tests::powerpc64
    elf_stream::arch_tests::powerpc64le
    elf_stream::arch_tests::riscv64
    elf_stream::arch_tests::x86_64
    elf_stream::interface_tests::dynamic
    elf_stream::interface_tests::dynamic_symbol_table
    elf_stream::interface_tests::section_data
    elf_stream::interface_tests::section_data_as_notes
    elf_stream::interface_tests::section_data_as_relas
    elf_stream::interface_tests::section_data_as_rels
    elf_stream::interface_tests::section_data_as_strtab
    elf_stream::interface_tests::section_data_for_nobits
    elf_stream::interface_tests::section_header_by_name
    elf_stream::interface_tests::section_headers_with_strtab
    elf_stream::interface_tests::segment_data
    elf_stream::interface_tests::segment_data_as_notes
    elf_stream::interface_tests::segments
    elf_stream::interface_tests::segments_phnum_in_shdr0
    elf_stream::interface_tests::shnum_and_shstrndx_in_shdr0
    elf_stream::interface_tests::symbol_table
    elf_stream::interface_tests::symbol_version_table
    elf_stream::interface_tests::sysv_hash_table
    elf_stream::interface_tests::test_open_stream

test result: FAILED. 189 passed; 53 failed; 0 ignored; 0 measured; 0 filtered out; finished in 1.48s

error: test failed, to rerun pass `--lib`"
parse-patch-bsan,funty-2.0.0,__all__,no_match,other,/scratch/group/p.cis260229.000/datasets/top_1_percent/funty-2.0.0/hyperfine-parse-patch-bsan.log,true,true,0,"[... 653 earlier line(s) omitted ...]
     |
1388 | macro_rules! impl_for {
...
1468 |                 max_value() -> Self;
     |                 ^^^^^^^^^
...
1665 | impl_for!(Integral => i8, i16, i32, i64, i128, isize, u8, u16, u32, u64, u128, usize);
     | ------------------------------------------------------------------------------------- in this macro invocation

warning: use of deprecated associated function `core::num::<impl u32>::min_value`: replaced by the `MIN` associated constant on this type
    --> src/lib.rs:1461:30
     |
1388 | macro_rules! impl_for {
...
1461 |             const MIN: Self = <Self>::min_value();
     |                                       ^^^^^^^^^
...
1665 | impl_for!(Integral => i8, i16, i32, i64, i128, isize, u8, u16, u32, u64, u128, usize);
     | ------------------------------------------------------------------------------------- in this macro invocation

warning: use of deprecated associated function `core::num::<impl u32>::max_value`: replaced by the `MAX` associated constant on this type
    --> src/lib.rs:1462:30
     |
1388 | macro_rules! impl_for {
...
1462 |             const MAX: Self = <Self>::max_value();
     |                                       ^^^^^^^^^
...
1665 | impl_for!(Integral => i8, i16, i32, i64, i128, isize, u8, u16, u32, u64, u128, usize);
     | ------------------------------------------------------------------------------------- in this macro invocation

warning: use of deprecated associated function `core::num::<impl u32>::min_value`: replaced by the `MIN` associated constant on this type
    --> src/lib.rs:1467:5
     |
1388 | macro_rules! impl_for {
...
1467 |                 min_value() -> Self;
     |                 ^^^^^^^^^
...
1665 | impl_for!(Integral => i8, i16, i32, i64, i128, isize, u8, u16, u32, u64, u128, usize);
     | ------------------------------------------------------------------------------------- in this macro invocation

warning: use of deprecated associated function `core::num::<impl u32>::max_value`: replaced by the `MAX` associated constant on this type
    --> src/lib.rs:1468:5
     |
1388 | macro_rules! impl_for {
...
1468 |                 max_value() -> Self;
     |                 ^^^^^^^^^
...
1665 | impl_for!(Integral => i8, i16, i32, i64, i128, isize, u8, u16, u32, u64, u128, usize);
     | ------------------------------------------------------------------------------------- in this macro invocation

warning: use of deprecated associated function `core::num::<impl u64>::min_value`: replaced by the `MIN` associated constant on this type
    --> src/lib.rs:1461:30
     |
1388 | macro_rules! impl_for {
...
1461 |             const MIN: Self = <Self>::min_value();
     |                                       ^^^^^^^^^
...
1665 | impl_for!(Integral => i8, i16, i32, i64, i128, isize, u8, u16, u32, u64, u128, usize);
     | ------------------------------------------------------------------------------------- in this macro invocation

warning: use of deprecated associated function `core::num::<impl u64>::max_value`: replaced by the `MAX` associated constant on this type
    --> src/lib.rs:1462:30
     |
1388 | macro_rules! impl_for {
...
1462 |             const MAX: Self = <Self>::max_value();
     |                                       ^^^^^^^^^
...
1665 | impl_for!(Integral => i8, i16, i32, i64, i128, isize, u8, u16, u32, u64, u128, usize);
     | ------------------------------------------------------------------------------------- in this macro invocation

warning: use of deprecated associated function `core::num::<impl u64>::min_value`: replaced by the `MIN` associated constant on this type
    --> src/lib.rs:1467:5
     |
1388 | macro_rules! impl_for {
...
1467 |                 min_value() -> Self;
     |                 ^^^^^^^^^
...
1665 | impl_for!(Integral => i8, i16, i32, i64, i128, isize, u8, u16, u32, u64, u128, usize);
     | ------------------------------------------------------------------------------------- in this macro invocation

warning: use of deprecated associated function `core::num::<impl u64>::max_value`: replaced by the `MAX` associated constant on this type
    --> src/lib.rs:1468:5
     |
1388 | macro_rules! impl_for {
...
1468 |                 max_value() -> Self;
     |                 ^^^^^^^^^
...
1665 | impl_for!(Integral => i8, i16, i32, i64, i128, isize, u8, u16, u32, u64, u128, usize);
     | ------------------------------------------------------------------------------------- in this macro invocation

warning: use of deprecated associated function `core::num::<impl u128>::min_value`: replaced by the `MIN` associated constant on this type
    --> src/lib.rs:1461:30
     |
1388 | macro_rules! impl_for {
...
1461 |             const MIN: Self = <Self>::min_value();
     |                                       ^^^^^^^^^
...
1665 | impl_for!(Integral => i8, i16, i32, i64, i128, isize, u8, u16, u32, u64, u128, usize);
     | ------------------------------------------------------------------------------------- in this macro invocation

warning: use of deprecated associated function `core::num::<impl u128>::max_value`: replaced by the `MAX` associated constant on this type
    --> src/lib.rs:1462:30
     |
1388 | macro_rules! impl_for {
...
1462 |             const MAX: Self = <Self>::max_value();
     |                                       ^^^^^^^^^
...
1665 | impl_for!(Integral => i8, i16, i32, i64, i128, isize, u8, u16, u32, u64, u128, usize);
     | ------------------------------------------------------------------------------------- in this macro invocation

warning: use of deprecated associated function `core::num::<impl u128>::min_value`: replaced by the `MIN` associated constant on this type
    --> src/lib.rs:1467:5
     |
1388 | macro_rules! impl_for {
...
1467 |                 min_value() -> Self;
     |                 ^^^^^^^^^
...
1665 | impl_for!(Integral => i8, i16, i32, i64, i128, isize, u8, u16, u32, u64, u128, usize);
     | ------------------------------------------------------------------------------------- in this macro invocation

warning: use of deprecated associated function `core::num::<impl u128>::max_value`: replaced by the `MAX` associated constant on this type
    --> src/lib.rs:1468:5
     |
1388 | macro_rules! impl_for {
...
1468 |                 max_value() -> Self;
     |                 ^^^^^^^^^
...
1665 | impl_for!(Integral => i8, i16, i32, i64, i128, isize, u8, u16, u32, u64, u128, usize);
     | ------------------------------------------------------------------------------------- in this macro invocation

warning: use of deprecated associated function `core::num::<impl usize>::min_value`: replaced by the `MIN` associated constant on this type
    --> src/lib.rs:1461:30
     |
1388 | macro_rules! impl_for {
...
1461 |             const MIN: Self = <Self>::min_value();
     |                                       ^^^^^^^^^
...
1665 | impl_for!(Integral => i8, i16, i32, i64, i128, isize, u8, u16, u32, u64, u128, usize);
     | ------------------------------------------------------------------------------------- in this macro invocation

warning: use of deprecated associated function `core::num::<impl usize>::max_value`: replaced by the `MAX` associated constant on this type
    --> src/lib.rs:1462:30
     |
1388 | macro_rules! impl_for {
...
1462 |             const MAX: Self = <Self>::max_value();
     |                                       ^^^^^^^^^
...
1665 | impl_for!(Integral => i8, i16, i32, i64, i128, isize, u8, u16, u32, u64, u128, usize);
     | ------------------------------------------------------------------------------------- in this macro invocation

warning: use of deprecated associated function `core::num::<impl usize>::min_value`: replaced by the `MIN` associated constant on this type
    --> src/lib.rs:1467:5
     |
1388 | macro_rules! impl_for {
...
1467 |                 min_value() -> Self;
     |                 ^^^^^^^^^
...
1665 | impl_for!(Integral => i8, i16, i32, i64, i128, isize, u8, u16, u32, u64, u128, usize);
     | ------------------------------------------------------------------------------------- in this macro invocation

warning: use of deprecated associated function `core::num::<impl usize>::max_value`: replaced by the `MAX` associated constant on this type
    --> src/lib.rs:1468:5
     |
1388 | macro_rules! impl_for {
...
1468 |                 max_value() -> Self;
     |                 ^^^^^^^^^
...
1665 | impl_for!(Integral => i8, i16, i32, i64, i128, isize, u8, u16, u32, u64, u128, usize);
     | ------------------------------------------------------------------------------------- in this macro invocation

warning: `funty` (lib) generated 76 warnings
warning: `funty` (lib test) generated 76 warnings (76 duplicates)
    Finished `test` profile [unoptimized + debuginfo] target(s) in 0.05s
     Running unittests src/lib.rs (/scratch/group/p.cis260229.000/cargo-temp-u.mm346025/hf-2188486-3/target/bsan/x86_64-unknown-linux-gnu/debug/build/funty/a9e61a6e090f0cf6/out/funty-a9e61a6e090f0cf6)

running 0 tests

test result: ok. 0 passed; 0 failed; 0 ignored; 0 measured; 0 filtered out; finished in 0.06s

   Doc-tests funty

running 0 tests

test result: ok. 0 passed; 0 failed; 0 ignored; 0 measured; 0 filtered out; finished in 0.00s
"
parse-patch-bsan,levenshtein-1.0.5,__all__,no_match,other,/scratch/group/p.cis260229.000/datasets/top_1_percent/levenshtein-1.0.5/hyperfine-parse-patch-bsan.log,true,true,0,"warning: Cargo.toml: `package.edition` is unspecified, defaulting to `2015` while the latest is `2024`
warning: `levenshtein` (manifest) generated 1 warning
    Finished `test` profile [unoptimized + debuginfo] target(s) in 0.03s
     Running unittests src/lib.rs (/scratch/group/p.cis260229.000/cargo-temp-u.mm346025/hf-2188486-5/target/bsan/x86_64-unknown-linux-gnu/debug/build/levenshtein/841890c2509e70ed/out/levenshtein-841890c2509e70ed)

running 0 tests

test result: ok. 0 passed; 0 failed; 0 ignored; 0 measured; 0 filtered out; finished in 0.06s

   Doc-tests levenshtein

running 0 tests

test result: ok. 0 passed; 0 failed; 0 ignored; 0 measured; 0 filtered out; finished in 0.00s
"
parse-patch-bsan,qrcodegen-1.8.0,__all__,test_failed,rustc,/scratch/group/p.cis260229.000/datasets/top_1_percent/qrcodegen-1.8.0/hyperfine-parse-patch-bsan.log,true,true,101,"[... 10 earlier line(s) omitted ...]
    = note: `#[warn(unused_parens)]` (part of `#[warn(unused)]`) on by default
help: remove these parentheses
    |
842 ~         i32::from(core && rh[0] >= n * 4 && rh[6] >= n)
843 ~         + i32::from(core && rh[6] >= n * 4 && rh[0] >= n)
    |

warning: use of deprecated constant `std::i32::MAX`: replaced by the `MAX` associated constant on this type
   --> src/lib.rs:304:35
    |
304 |             let mut minpenalty = std::i32::MAX;
    |                                            ^^^
    |
    = note: `#[warn(deprecated)]` on by default

warning: `qrcodegen` (lib) generated 2 warnings (run `cargo fix --lib -p qrcodegen` to apply 1 suggestion)
warning: `qrcodegen` (lib test) generated 2 warnings (2 duplicates)
    Finished `test` profile [unoptimized + debuginfo] target(s) in 0.03s
     Running unittests src/lib.rs (/scratch/group/p.cis260229.000/cargo-temp-u.mm346025/hf-2188486-8/target/bsan/x86_64-unknown-linux-gnu/debug/build/qrcodegen/6eed7273c300d880/out/qrcodegen-6eed7273c300d880)

running 0 tests

test result: ok. 0 passed; 0 failed; 0 ignored; 0 measured; 0 filtered out; finished in 0.06s

   Doc-tests qrcodegen
warning: unnecessary parentheses around block return value
   --> src/lib.rs:842:3
    |
842 |         ( i32::from(core && rh[0] >= n * 4 && rh[6] >= n)
    |         ^^
843 |         + i32::from(core && rh[6] >= n * 4 && rh[0] >= n))
    |                                                          ^
    |
    = note: `#[warn(unused_parens)]` (part of `#[warn(unused)]`) on by default
help: remove these parentheses
    |
842 ~         i32::from(core && rh[0] >= n * 4 && rh[6] >= n)
843 ~         + i32::from(core && rh[6] >= n * 4 && rh[0] >= n)
    |

warning: 1 warning emitted


running 3 tests
test src/lib.rs - (line 56) ... ok
test src/lib.rs - (line 75) ... FAILED
test src/lib.rs - (line 67) ... FAILED

failures:

---- src/lib.rs - (line 75) stdout ----
error: unexpected token: `...`
  --> src/lib.rs:82:10
   |
82 |         (... paint qr.get_module(x, y) ...)
   |          ^^^
   |
help: use `..` for an exclusive range
   |
82 -         (... paint qr.get_module(x, y) ...)
82 +         (.. paint qr.get_module(x, y) ...)
   |
help: or `..=` for an inclusive range
   |
82 -         (... paint qr.get_module(x, y) ...)
82 +         (..= paint qr.get_module(x, y) ...)
   |

error: unexpected token: `...`
  --> src/lib.rs:82:40
   |
82 |         (... paint qr.get_module(x, y) ...)
   |                                        ^^^
   |
help: use `..` for an exclusive range
   |
82 -         (... paint qr.get_module(x, y) ...)
82 +         (... paint qr.get_module(x, y) ..)
   |
help: or `..=` for an inclusive range
   |
82 -         (... paint qr.get_module(x, y) ...)
82 +         (... paint qr.get_module(x, y) ..=)
   |

error[E0586]: inclusive range with no end
  --> src/lib.rs:82:40
   |
82 |         (... paint qr.get_module(x, y) ...)
   |                                        ^^^
   |
   = note: inclusive ranges must be bounded at the end (`..=b` or `a..=b`)
help: use `..` instead
   |
82 -         (... paint qr.get_module(x, y) ...)
82 +         (... paint qr.get_module(x, y) ..)
   |

error: expected one of `!`, `)`, `,`, `.`, `::`, `?`, `{`, or an operator, found `qr`
  --> src/lib.rs:82:20
   |
82 |         (... paint qr.get_module(x, y) ...)
   |                   -^^ expected one of 8 possible tokens
   |                   |
   |                   help: missing `,`

error[E0433]: cannot find type `Mask` in this scope
  --> src/lib.rs:79:44
   |
79 |     Version::new(5), Version::new(5), Some(Mask::new(2)), false).unwrap();
   |                                            ^^^^ use of undeclared type `Mask`
   |
help: consider importing this struct
   |
75 + use std::simd::Mask;
   |

error[E0425]: cannot find value `paint` in this scope
  --> src/lib.rs:82:14
   |
82 |         (... paint qr.get_module(x, y) ...)
   |              ^^^^^ not found in this scope

error[E0433]: cannot find type `QrSegment` in this scope
  --> src/lib.rs:77:12
   |
77 | let segs = QrSegment::make_segments(text);
   |            ^^^^^^^^^ use of undeclared type `QrSegment`

error[E0433]: cannot find type `QrCode` in this scope
  --> src/lib.rs:78:10
   |
78 | let qr = QrCode::encode_segments_advanced(&segs, QrCodeEcc::High,
   |          ^^^^^^ use of undeclared type `QrCode`

error[E0433]: cannot find type `QrCodeEcc` in this scope
  --> src/lib.rs:78:50
   |
78 | let qr = QrCode::encode_segments_advanced(&segs, QrCodeEcc::High,
   |                                                  ^^^^^^^^^ use of undeclared type `QrCodeEcc`

error[E0433]: cannot find type `Version` in this scope
  --> src/lib.rs:79:5
   |
79 |     Version::new(5), Version::new(5), Some(Mask::new(2)), false).unwrap();
   |     ^^^^^^^ use of undeclared type `Version`

error[E0433]: cannot find type `Version` in this scope
  --> src/lib.rs:79:22
   |
79 |     Version::new(5), Version::new(5), Some(Mask::new(2)), false).unwrap();
   |                      ^^^^^^^ use of undeclared type `Version`

error: aborting due to 11 previous errors

Some errors have detailed explanations: E0425, E0433, E0586.
For more information about an error, try `rustc --explain E0425`.
Couldn't compile the test.
---- src/lib.rs - (line 67) stdout ----
error[E0433]: cannot find type `QrCode` in this scope
  --> src/lib.rs:69:10
   |
69 | let qr = QrCode::encode_text(""Hello, world!"",
   |          ^^^^^^ use of undeclared type `QrCode`
   |
help: consider importing this struct
   |
66 + use qrcodegen::QrCode;
   |

error[E0433]: cannot find type `QrCodeEcc` in this scope
  --> src/lib.rs:70:5
   |
70 |     QrCodeEcc::Medium).unwrap();
   |     ^^^^^^^^^ use of undeclared type `QrCodeEcc`
   |
help: consider importing this enum
   |
66 + use qrcodegen::QrCodeEcc;
   |

error[E0425]: cannot find function `to_svg_string` in this scope
  --> src/lib.rs:71:11
   |
71 | let svg = to_svg_string(&qr, 4);
   |           ^^^^^^^^^^^^^ not found in this scope

error: aborting due to 3 previous errors

Some errors have detailed explanations: E0425, E0433.
For more information about an error, try `rustc --explain E0425`.
Couldn't compile the test.

failures:
    src/lib.rs - (line 67)
    src/lib.rs - (line 75)

test result: FAILED. 1 passed; 2 failed; 0 ignored; 0 measured; 0 filtered out; finished in 0.71s

error: doctest failed, to rerun pass `--doc`"
parse-patch-bsan,smawk-0.3.3,__all__,test_failed,gc,/scratch/group/p.cis260229.000/datasets/top_1_percent/smawk-0.3.3/hyperfine-parse-patch-bsan.log,true,true,1,"    Finished `test` profile [unoptimized + debuginfo] target(s) in 5.43s
     Running unittests src/lib.rs (/scratch/group/p.cis260229.000/cargo-temp-u.mm346025/hf-2188456-10/target/bsan/x86_64-unknown-linux-gnu/debug/build/smawk/c0538f7d33e2d9f2/out/smawk-c0538f7d33e2d9f2)

running 19 tests
test monge::tests::is_monge_handles_overflow ... ok
test monge::tests::monge_constant_cols ... ok
test monge::tests::monge_constant_rows ... ok
test tests::online_1x1 ... ok
test tests::online_2x2 ... ok
test monge::tests::monge_lower_left ... ok
test tests::online_3x3 ... ok
test monge::tests::monge_upper_right ... ok
test tests::online_4x4 ... ok
test tests::online_works_with_partial_ord ... ok
test tests::online_5x5 ... ok
test tests::smawk_1x1 ... ok
test tests::smawk_1x2 ... ok
test tests::smawk_2x1 ... ok
test tests::smawk_2x2 ... ok
test tests::smawk_3x3 ... ok
test tests::smawk_works_with_partial_ord ... ok
test tests::smawk_4x4 ... ok
test tests::smawk_5x5 ... ok

test result: ok. 19 passed; 0 failed; 0 ignored; 0 measured; 0 filtered out; finished in 0.13s

     Running tests/agreement.rs (/scratch/group/p.cis260229.000/cargo-temp-u.mm346025/hf-2188456-10/target/bsan/x86_64-unknown-linux-gnu/debug/build/smawk/66849b7b19b7a9aa/out/agreement-66849b7b19b7a9aa)

running 0 tests

test result: ok. 0 passed; 0 failed; 0 ignored; 0 measured; 0 filtered out; finished in 0.05s

     Running tests/complexity.rs (/scratch/group/p.cis260229.000/cargo-temp-u.mm346025/hf-2188456-10/target/bsan/x86_64-unknown-linux-gnu/debug/build/smawk/5c574b1c988a87cd/out/complexity-5c574b1c988a87cd)

running 0 tests

test result: ok. 0 passed; 0 failed; 0 ignored; 0 measured; 0 filtered out; finished in 0.05s

     Running tests/monge.rs (/scratch/group/p.cis260229.000/cargo-temp-u.mm346025/hf-2188456-10/target/bsan/x86_64-unknown-linux-gnu/debug/build/smawk/c7cfe0f5e8484c70/out/monge-c7cfe0f5e8484c70)

running 0 tests

test result: ok. 0 passed; 0 failed; 0 ignored; 0 measured; 0 filtered out; finished in 0.05s

     Running tests/version-numbers.rs (/scratch/group/p.cis260229.000/cargo-temp-u.mm346025/hf-2188456-10/target/bsan/x86_64-unknown-linux-gnu/debug/build/smawk/0ff1659761bf4b1c/out/version_numbers-0ff1659761bf4b1c)

running 2 tests
ERROR: BorrowSanitizer: garbage collection has been waiting 10001 ms for threads to reach a safepoint (gc_hang_threshold_ms=10000).
  Thread T2 (os_id 0) has not reached a safepoint.
error: test failed, to rerun pass `--test version-numbers`

Caused by:
  process didn't exit successfully: `/scratch/group/p.cis260229.000/cargo-temp-u.mm346025/hf-2188456-10/target/bsan/x86_64-unknown-linux-gnu/debug/build/smawk/0ff1659761bf4b1c/out/version_numbers-0ff1659761bf4b1c` (exit status: 1)
note: test exited abnormally; to see the full output pass --no-capture to the harness."
parse-patch-bsan,unidecode-0.3.0,__all__,timeout,other,/scratch/group/p.cis260229.000/datasets/top_1_percent/unidecode-0.3.0/hyperfine-parse-patch-bsan.log,true,true,124,"warning: Cargo.toml: `package.edition` is unspecified, defaulting to `2015` while the latest is `2024`
warning: `package.homepage` is redundant with `package.repository`
 --> Cargo.toml:7:12
  |
7 | homepage = ""https://github.com/chowdhurya/rust-unidecode/""
  |            ^^^^^^^^^^^^^^^^^^^^^^^^^^^^^^^^^^^^^^^^^^^^^^^
8 | repository = ""https://github.com/chowdhurya/rust-unidecode/""
  |              -----------------------------------------------
  |
  = note: `cargo::redundant_homepage` is set to `warn` by default
help: consider removing `package.homepage`
warning: `unidecode` (manifest) generated 2 warnings
    Finished `test` profile [unoptimized + debuginfo] target(s) in 0.51s
     Running unittests src/lib.rs (/scratch/group/p.cis260229.000/cargo-temp-u.mm346025/hf-2188456-12/target/bsan/x86_64-unknown-linux-gnu/debug/build/unidecode/b4f20b8c5a6adab7/out/unidecode-b4f20b8c5a6adab7)

running 0 tests

test result: ok. 0 passed; 0 failed; 0 ignored; 0 measured; 0 filtered out; finished in 0.05s

     Running tests/unidecode.rs (/scratch/group/p.cis260229.000/cargo-temp-u.mm346025/hf-2188456-12/target/bsan/x86_64-unknown-linux-gnu/debug/build/unidecode/231cbfa0164a32d8/out/unidecode-231cbfa0164a32d8)

running 3 tests
test test_unidecode_char ... ok
test test_conversion ... ok
test test_all_ascii has been running for over 60 seconds"
parse-patch-bsan,windows_x86_64_msvc-0.53.1,__all__,no_match,other,/scratch/group/p.cis260229.000/datasets/top_1_percent/windows_x86_64_msvc-0.53.1/hyperfine-parse-patch-bsan.log,true,true,0,"    Finished `test` profile [unoptimized + debuginfo] target(s) in 0.12s
     Running unittests src/lib.rs (/scratch/group/p.cis260229.000/cargo-temp-u.mm346025/hf-2188456-13/target/bsan/x86_64-unknown-linux-gnu/debug/build/windows_x86_64_msvc/0a5124d67204fd4a/out/windows_x86_64_msvc-0a5124d67204fd4a)

running 0 tests

test result: ok. 0 passed; 0 failed; 0 ignored; 0 measured; 0 filtered out; finished in 0.05s

   Doc-tests windows_x86_64_msvc

running 0 tests

test result: ok. 0 passed; 0 failed; 0 ignored; 0 measured; 0 filtered out; finished in 0.00s
"
parse-patch-bsan,census-0.4.2,__all__,timeout,other,/scratch/group/p.cis260229.000/datasets/top_1_percent/census-0.4.2/hyperfine-parse-patch-bsan.log,true,true,124,"warning: Cargo.toml: `package.edition` is unspecified, defaulting to `2015` while the latest is `2024`
warning: `package.homepage` is redundant with `package.repository`
  --> Cargo.toml:17:12
   |
17 | homepage = ""https://github.com/quickwit-inc/census""
   |            ^^^^^^^^^^^^^^^^^^^^^^^^^^^^^^^^^^^^^^^^
...
22 | repository = ""https://github.com/quickwit-inc/census""
   |              ----------------------------------------
   |
   = note: `cargo::redundant_homepage` is set to `warn` by default
help: consider removing `package.homepage`
warning: `census` (manifest) generated 2 warnings
warning: hiding a lifetime that's elided elsewhere is confusing
   --> src/lib.rs:124:19
    |
124 |     fn lock_items(&self) -> MutexGuard<Items<T>> {
    |                   ^^^^^     ^^^^^^^^^^^^^^^^^^^^ the same lifetime is hidden here
    |                   |
    |                   the lifetime is elided here
    |
    = help: the same lifetime is referred to in inconsistent ways, making the signature confusing
    = note: `#[warn(mismatched_lifetime_syntaxes)]` on by default
help: use `'_` for type paths
    |
124 |     fn lock_items(&self) -> MutexGuard<'_, Items<T>> {
    |                                        +++

warning: `census` (lib) generated 1 warning (run `cargo fix --lib -p census` to apply 1 suggestion)
warning: `census` (lib test) generated 1 warning (1 duplicate)
    Finished `test` profile [unoptimized + debuginfo] target(s) in 0.02s
     Running unittests src/lib.rs (/scratch/group/p.cis260229.000/cargo-temp-u.mm346025/hf-2188456-1/target/bsan/x86_64-unknown-linux-gnu/debug/build/census/84c5216d9b3dbf76/out/census-84c5216d9b3dbf76)

running 8 tests
test tests::test_census ... ok
test tests::test_census_2 ... ok
test tests::test_census_3 ... ok
test tests::test_census_list_extends_life ... ok
test tests::test_census_map ... ok
test tests::test_census_race_condition ... ok
test tests::test_census_changes_iter_many has been running for over 60 seconds
test tests::test_census_concurrent_drop has been running for over 60 seconds
test tests::test_census_changes_iter_many ... ok"
parse-patch-bsan,cursor-icon-1.2.0,,build_failed,rustc,/scratch/group/p.cis260229.000/datasets/top_1_percent/cursor-icon-1.2.0/hyperfine-parse-patch-bsan.log,true,true,,"RUSTFLAGS=[--cfg=miri --cap-lints=warn]
LIMIT=[timeout -k 30 1h ]
    Updating crates.io index
 Downloading crates ...
  Downloaded xcursor v0.3.4
  Downloaded wayland-cursor v0.31.0
  Downloaded memchr v2.5.0
  Downloaded minimal-lexical v0.2.1
  Downloaded wayland-scanner v0.31.0
  Downloaded wayland-client v0.31.1
  Downloaded quote v1.0.26
  Downloaded nom v7.1.3
  Downloaded proc-macro2 v1.0.56
  Downloaded unicode-ident v1.0.8
  Downloaded quick-xml v0.30.0
  Downloaded wayland-sys v0.31.1
  Downloaded wayland-backend v0.3.2
  Downloaded pkg-config v0.3.27
  Downloaded log v0.4.17
  Downloaded cfg-if v1.0.0
  Downloaded dlib v0.5.2
  Downloaded libloading v0.7.4
  Downloaded winapi v0.3.9
  Downloaded smallvec v1.10.0
  Downloaded winapi-x86_64-pc-windows-gnu v0.4.0
  Downloaded scoped-tls v1.0.1
  Downloaded winapi-i686-pc-windows-gnu v0.4.0
  Downloaded nix v0.26.2
  Downloaded static_assertions v1.1.0
  Downloaded memoffset v0.7.1
  Downloaded autocfg v1.1.0
  Downloaded libc v0.2.144
  Downloaded downcast-rs v1.2.0
  Downloaded bitflags v1.3.2
  Downloaded cc v1.0.79
  Downloaded bitflags v2.4.1
  Downloaded serde v1.0.162
  Downloaded serde_derive v1.0.162
  Downloaded syn v2.0.15
   Compiling cfg-if v1.0.0
   Compiling autocfg v1.1.0
   Compiling log v0.4.17
   Compiling memoffset v0.7.1
   Compiling pkg-config v0.3.27
   Compiling memchr v2.5.0
   Compiling proc-macro2 v1.0.56
   Compiling libc v0.2.144
   Compiling wayland-sys v0.31.1
   Compiling libloading v0.7.4
   Compiling unicode-ident v1.0.8
   Compiling cc v1.0.79
   Compiling quote v1.0.26
   Compiling wayland-backend v0.3.2
   Compiling dlib v0.5.2
error[E0635]: unknown feature `proc_macro_span_shrink`
  --> /scratch/group/p.cis260229.000/cargo-temp-u.mm346025/hf-2188456-2/home/registry/src/index.crates.io-1949cf8c6b5b557f/proc-macro2-1.0.56/src/lib.rs:92:30
   |
92 |     feature(proc_macro_span, proc_macro_span_shrink)
   |                              ^^^^^^^^^^^^^^^^^^^^^^
   |
help: there is a feature with a similar name: `proc_macro_span_file`
   |
92 -     feature(proc_macro_span, proc_macro_span_shrink)
92 +     feature(proc_macro_span, proc_macro_span_file)
   |

For more information about this error, try `rustc --explain E0635`.
error: could not compile `proc-macro2` (lib) due to 1 previous error
warning: build failed, waiting for other jobs to finish...
CSVROW:parse-patch-bsan,cursor-icon-1.2.0,,build_failed,,,,,,,1,2026-10-05T14:08:02Z,2188456.2"
parse-patch-bsan,encoding_index_tests-0.1.4,__all__,no_match,other,/scratch/group/p.cis260229.000/datasets/top_1_percent/encoding_index_tests-0.1.4/hyperfine-parse-patch-bsan.log,true,true,0,"warning: Cargo.toml: `package.edition` is unspecified, defaulting to `2015` while the latest is `2024`
warning: `encoding_index_tests` (manifest) generated 1 warning
    Finished `test` profile [unoptimized + debuginfo] target(s) in 0.02s
     Running unittests index_tests.rs (/scratch/group/p.cis260229.000/cargo-temp-u.mm346025/hf-2188456-3/target/bsan/x86_64-unknown-linux-gnu/debug/build/encoding_index_tests/b4c2557da7bb484e/out/encoding_index_tests-b4c2557da7bb484e)

running 0 tests

test result: ok. 0 passed; 0 failed; 0 ignored; 0 measured; 0 filtered out; finished in 0.06s

   Doc-tests encoding_index_tests

running 0 tests

test result: ok. 0 passed; 0 failed; 0 ignored; 0 measured; 0 filtered out; finished in 0.00s
"
parse-patch-bsan,get-size-0.1.4,,build_failed,rustc,/scratch/group/p.cis260229.000/datasets/top_1_percent/get-size-0.1.4/hyperfine-parse-patch-bsan.log,true,true,," 66 | pub trait GetSize: Sized {
    | ^^^^^^^^^^^^^^^^^^^^^^^^

error[E0599]: no method named `get_heap_size` found for enum `TestEnumGenerics<'a, A, B, C>` in the current scope
   --> src/tests/mod.rs:177:21
    |
165 | pub enum TestEnumGenerics<'a, A, B, C> {
    | -------------------------------------- method `get_heap_size` not found for this enum
...
177 |     assert_eq!(test.get_heap_size(), 5);
    |                     ^^^^^^^^^^^^^ method not found in `TestEnumGenerics<'_, u64, String, TestStruct>`
    |
   ::: src/lib.rs:78:8
    |
 78 |     fn get_heap_size(&self) -> usize {
    |        ------------- the method is available for `&mut TestEnumGenerics<'_, u64, String, TestStruct>` here
    |
    = help: items from traits can only be used if the trait is implemented and in scope
note: `GetSize` defines an item `get_heap_size`, perhaps you need to implement it
   --> src/lib.rs:66:1
    |
 66 | pub trait GetSize: Sized {
    | ^^^^^^^^^^^^^^^^^^^^^^^^

error[E0599]: no method named `get_heap_size` found for enum `TestEnumGenerics<'a, A, B, C>` in the current scope
   --> src/tests/mod.rs:185:21
    |
165 | pub enum TestEnumGenerics<'a, A, B, C> {
    | -------------------------------------- method `get_heap_size` not found for this enum
...
185 |     assert_eq!(test.get_heap_size(), 0); // It is a pointer.
    |                     ^^^^^^^^^^^^^ method not found in `TestEnumGenerics<'_, u64, String, TestStruct>`
    |
   ::: src/lib.rs:78:8
    |
 78 |     fn get_heap_size(&self) -> usize {
    |        ------------- the method is available for `&mut TestEnumGenerics<'_, u64, String, TestStruct>` here
    |
    = help: items from traits can only be used if the trait is implemented and in scope
note: `GetSize` defines an item `get_heap_size`, perhaps you need to implement it
   --> src/lib.rs:66:1
    |
 66 | pub trait GetSize: Sized {
    | ^^^^^^^^^^^^^^^^^^^^^^^^

error[E0599]: no method named `get_heap_size` found for enum `Node<T>` in the current scope
   --> src/tests/mod.rs:201:21
    |
192 | enum Node<T> where T: Default {
    | ------------ method `get_heap_size` not found for this enum
...
201 |     assert_eq!(test.get_heap_size(), 4);
    |                     ^^^^^^^^^^^^^ method not found in `Node<String>`
    |
   ::: src/lib.rs:78:8
    |
 78 |     fn get_heap_size(&self) -> usize {
    |        ------------- the method is available for `&mut Node<String>` here
    |
    = help: items from traits can only be used if the trait is implemented and in scope
note: `GetSize` defines an item `get_heap_size`, perhaps you need to implement it
   --> src/lib.rs:66:1
    |
 66 | pub trait GetSize: Sized {
    | ^^^^^^^^^^^^^^^^^^^^^^^^

error[E0599]: no method named `get_heap_size` found for enum `Node<T>` in the current scope
   --> src/tests/mod.rs:204:21
    |
192 | enum Node<T> where T: Default {
    | ------------ method `get_heap_size` not found for this enum
...
204 |     assert_eq!(test.get_heap_size(), 8*27);
    |                     ^^^^^^^^^^^^^ method not found in `Node<u64>`
    |
   ::: src/lib.rs:78:8
    |
 78 |     fn get_heap_size(&self) -> usize {
    |        ------------- the method is available for `&mut Node<u64>` here
    |
    = help: items from traits can only be used if the trait is implemented and in scope
note: `GetSize` defines an item `get_heap_size`, perhaps you need to implement it
   --> src/lib.rs:66:1
    |
 66 | pub trait GetSize: Sized {
    | ^^^^^^^^^^^^^^^^^^^^^^^^

error[E0599]: no method named `get_heap_size` found for enum `Node<T>` in the current scope
   --> src/tests/mod.rs:215:21
    |
192 | enum Node<T> where T: Default {
    | ------------ method `get_heap_size` not found for this enum
...
215 |     assert_eq!(test.get_heap_size(), 8*std::mem::size_of::<Node<u64>>());
    |                     ^^^^^^^^^^^^^ method not found in `Node<u64>`
    |
   ::: src/lib.rs:78:8
    |
 78 |     fn get_heap_size(&self) -> usize {
    |        ------------- the method is available for `&mut Node<u64>` here
    |
    = help: items from traits can only be used if the trait is implemented and in scope
note: `GetSize` defines an item `get_heap_size`, perhaps you need to implement it
   --> src/lib.rs:66:1
    |
 66 | pub trait GetSize: Sized {
    | ^^^^^^^^^^^^^^^^^^^^^^^^

error[E0599]: no method named `get_heap_size` found for enum `TestEnum2` in the current scope
   --> src/tests/mod.rs:229:21
    |
220 | pub enum TestEnum2 {
    | ------------------ method `get_heap_size` not found for this enum
...
229 |     assert_eq!(test.get_heap_size(), 0);
    |                     ^^^^^^^^^^^^^ method not found in `TestEnum2`
    |
   ::: src/lib.rs:78:8
    |
 78 |     fn get_heap_size(&self) -> usize {
    |        ------------- the method is available for `&mut TestEnum2` here
    |
    = help: items from traits can only be used if the trait is implemented and in scope
note: `GetSize` defines an item `get_heap_size`, perhaps you need to implement it
   --> src/lib.rs:66:1
    |
 66 | pub trait GetSize: Sized {
    | ^^^^^^^^^^^^^^^^^^^^^^^^

error[E0599]: no method named `get_heap_size` found for enum `TestEnum2` in the current scope
   --> src/tests/mod.rs:232:21
    |
220 | pub enum TestEnum2 {
    | ------------------ method `get_heap_size` not found for this enum
...
232 |     assert_eq!(test.get_heap_size(), 0);
    |                     ^^^^^^^^^^^^^ method not found in `TestEnum2`
    |
   ::: src/lib.rs:78:8
    |
 78 |     fn get_heap_size(&self) -> usize {
    |        ------------- the method is available for `&mut TestEnum2` here
    |
    = help: items from traits can only be used if the trait is implemented and in scope
note: `GetSize` defines an item `get_heap_size`, perhaps you need to implement it
   --> src/lib.rs:66:1
    |
 66 | pub trait GetSize: Sized {
    | ^^^^^^^^^^^^^^^^^^^^^^^^

error[E0599]: no method named `get_heap_size` found for enum `TestEnum2` in the current scope
   --> src/tests/mod.rs:235:21
    |
220 | pub enum TestEnum2 {
    | ------------------ method `get_heap_size` not found for this enum
...
235 |     assert_eq!(test.get_heap_size(), 0);
    |                     ^^^^^^^^^^^^^ method not found in `TestEnum2`
    |
   ::: src/lib.rs:78:8
    |
 78 |     fn get_heap_size(&self) -> usize {
    |        ------------- the method is available for `&mut TestEnum2` here
    |
    = help: items from traits can only be used if the trait is implemented and in scope
note: `GetSize` defines an item `get_heap_size`, perhaps you need to implement it
   --> src/lib.rs:66:1
    |
 66 | pub trait GetSize: Sized {
    | ^^^^^^^^^^^^^^^^^^^^^^^^

error[E0599]: no method named `get_size` found for struct `TestNewType` in the current scope
   --> src/tests/mod.rs:245:44
    |
240 | pub struct TestNewType(u64);
    | ---------------------- method `get_size` not found for this struct
...
245 |     assert_eq!(u64::get_stack_size(), test.get_size());
    |                                            ^^^^^^^^ method not found in `TestNewType`
    |
   ::: src/lib.rs:86:8
    |
 86 |     fn get_size(&self) -> usize {
    |        -------- the method is available for `&mut TestNewType` here
    |
    = help: items from traits can only be used if the trait is implemented and in scope
note: `GetSize` defines an item `get_size`, perhaps you need to implement it
   --> src/lib.rs:66:1
    |
 66 | pub trait GetSize: Sized {
    | ^^^^^^^^^^^^^^^^^^^^^^^^
help: one of the expressions' fields has a method of the same name
    |
245 |     assert_eq!(u64::get_stack_size(), test.0.get_size());
    |                                            ++

For more information about this error, try `rustc --explain E0599`.
error: could not compile `get-size` (lib test) due to 38 previous errors
warning: build failed, waiting for other jobs to finish...
CSVROW:parse-patch-bsan,get-size-0.1.4,,build_failed,,,,,,,1,2026-10-05T14:07:33Z,2188456.4"
parse-patch-bsan,peg-runtime-0.8.6,__all__,no_match,other,/scratch/group/p.cis260229.000/datasets/top_1_percent/peg-runtime-0.8.6/hyperfine-parse-patch-bsan.log,true,true,0,"    Finished `test` profile [unoptimized + debuginfo] target(s) in 0.49s
     Running unittests lib.rs (/scratch/group/p.cis260229.000/cargo-temp-u.mm346025/hf-2188456-8/target/bsan/x86_64-unknown-linux-gnu/debug/build/peg-runtime/07c9667bf0eab7f5/out/peg_runtime-07c9667bf0eab7f5)

running 0 tests

test result: ok. 0 passed; 0 failed; 0 ignored; 0 measured; 0 filtered out; finished in 0.06s

   Doc-tests peg_runtime

running 0 tests

test result: ok. 0 passed; 0 failed; 0 ignored; 0 measured; 0 filtered out; finished in 0.00s
"
parse-patch-bsan,android_log-sys-0.3.2,,build_failed,linker,/scratch/group/p.cis260229.000/datasets/top_1_percent/android_log-sys-0.3.2/hyperfine-parse-patch-bsan.log,true,true,,"RUSTFLAGS=[--cfg=miri --cap-lints=warn]
LIMIT=[timeout -k 30 1h ]
warning: Cargo.toml: `package.edition` is unspecified, defaulting to `2015` while the latest is `2024`
warning: `android_log-sys` (manifest) generated 1 warning
warning: Cargo.toml: `package.edition` is unspecified, defaulting to `2015` while the latest is `2024`
warning: `android_log-sys` (manifest) generated 1 warning
   Compiling android_log-sys v0.3.2 (/work)
error: linking with `/opt/rust/rustup/toolchains/bsan/bin/clang-23` failed: exit status: 1
  |
  = note:  ""/opt/rust/rustup/toolchains/bsan/bin/clang-23"" ""-m64"" ""/scratch/group/p.cis260229.000/cargo-temp-u.mm346025/hf-2188457-0/target/bsan/x86_64-unknown-linux-gnu/debug/build/android_log-sys/4674ffc34b4a2e89/out/rustcQDt45H/symbols.o"" ""<8 object files omitted>"" ""-Wl,--as-needed"" ""-Wl,-Bdynamic"" ""-llog"" ""-Wl,-Bstatic"" ""-lclang_rt.bsan-x86_64"" ""<sysroot>/lib/rustlib/x86_64-unknown-linux-gnu/lib/{libtest-*,libgetopts-*,librustc_std_workspace_std-*,libstd-*,libpanic_unwind-*,libobject-*,libmemchr-*,libaddr2line-*,libgimli-*,libcfg_if-*,librustc_demangle-*,libstd_detect-*,libhashbrown-*,librustc_std_workspace_alloc-*,libminiz_oxide-*,libadler2-*,libunwind-*,liblibc-*,librustc_std_workspace_core-*,liballoc-*,libcore-*,libcompiler_builtins-*}.rlib"" ""-Wl,-Bdynamic"" ""-lgcc_s"" ""-lutil"" ""-lrt"" ""-lpthread"" ""-lm"" ""-ldl"" ""-lc"" ""-L"" ""/scratch/group/p.cis260229.000/cargo-temp-u.mm346025/hf-2188457-0/target/bsan/x86_64-unknown-linux-gnu/debug/build/android_log-sys/4674ffc34b4a2e89/out/rustcQDt45H/raw-dylibs"" ""-Wl,--eh-frame-hdr"" ""-Wl,-z,noexecstack"" ""-L"" ""/opt/rust/rustup/toolchains/bsan/lib"" ""-L"" ""<sysroot>/lib/rustlib/x86_64-unknown-linux-gnu/lib"" ""-o"" ""/scratch/group/p.cis260229.000/cargo-temp-u.mm346025/hf-2188457-0/target/bsan/x86_64-unknown-linux-gnu/debug/build/android_log-sys/4674ffc34b4a2e89/out/android_log_sys-4674ffc34b4a2e89"" ""-Wl,--gc-sections"" ""-pie"" ""-Wl,-z,relro,-z,now"" ""-nodefaultlibs"" ""-Wl,-u,__bsan_preinit_anchor"" ""-L/opt/rust/rustup/toolchains/bsan/lib"" ""-lbsan_rt"" ""-fuse-ld=/opt/rust/rustup/toolchains/bsan/lib/rustlib/x86_64-unknown-linux-gnu/bin/gcc-ld/ld.lld""
  = note: some arguments are omitted. use `--verbose` to show all linker arguments
  = note: rust-lld: error: unable to find library -llog
          clang-23: error: linker command failed with exit code 1 (use -v to see invocation)
          

error: could not compile `android_log-sys` (lib test) due to 1 previous error
CSVROW:parse-patch-bsan,android_log-sys-0.3.2,,build_failed,,,,,,,1,2026-10-05T14:07:42Z,2188457.0"
parse-patch-bsan,snapbox-macros-1.1.0,__all__,no_match,other,/scratch/group/p.cis260229.000/datasets/top_1_percent/snapbox-macros-1.1.0/hyperfine-parse-patch-bsan.log,true,true,0,"    Finished `test` profile [unoptimized + debuginfo] target(s) in 0.03s
     Running unittests src/lib.rs (/scratch/group/p.cis260229.000/cargo-temp-u.mm346025/hf-2188457-10/target/bsan/x86_64-unknown-linux-gnu/debug/build/snapbox-macros/162f8bdc77c18a24/out/snapbox_macros-162f8bdc77c18a24)

running 0 tests

test result: ok. 0 passed; 0 failed; 0 ignored; 0 measured; 0 filtered out; finished in 0.06s

   Doc-tests snapbox_macros

running 0 tests

test result: ok. 0 passed; 0 failed; 0 ignored; 0 measured; 0 filtered out; finished in 0.00s
"
parse-patch-bsan,tinyvec_macros-0.1.1,__all__,no_match,other,/scratch/group/p.cis260229.000/datasets/top_1_percent/tinyvec_macros-0.1.1/hyperfine-parse-patch-bsan.log,true,true,0,"    Finished `test` profile [unoptimized + debuginfo] target(s) in 0.02s
     Running unittests src/lib.rs (/scratch/group/p.cis260229.000/cargo-temp-u.mm346025/hf-2188457-11/target/bsan/x86_64-unknown-linux-gnu/debug/build/tinyvec_macros/5a4ed9f772aa2050/out/tinyvec_macros-5a4ed9f772aa2050)

running 0 tests

test result: ok. 0 passed; 0 failed; 0 ignored; 0 measured; 0 filtered out; finished in 0.06s

   Doc-tests tinyvec_macros

running 0 tests

test result: ok. 0 passed; 0 failed; 0 ignored; 0 measured; 0 filtered out; finished in 0.00s
"
parse-patch-bsan,write16-1.0.0,__all__,no_match,other,/scratch/group/p.cis260229.000/datasets/top_1_percent/write16-1.0.0/hyperfine-parse-patch-bsan.log,true,true,0,"warning: `package.homepage` is redundant with `package.documentation`
  --> Cargo.toml:17:12
   |
17 | homepage = ""https://docs.rs/write16/""
   |            ^^^^^^^^^^^^^^^^^^^^^^^^^^
18 | documentation = ""https://docs.rs/write16/""
   |                 --------------------------
   |
   = note: `cargo::redundant_homepage` is set to `warn` by default
help: consider removing `package.homepage`
warning: `write16` (manifest) generated 1 warning
warning: unused import: `crate::Write16`
   --> src/lib.rs:150:9
    |
150 |     use crate::Write16;
    |         ^^^^^^^^^^^^^^
    |
    = note: `#[warn(unused_imports)]` (part of `#[warn(unused)]`) on by default

warning: `write16` (lib test) generated 1 warning (run `cargo fix --lib -p write16 --tests` to apply 1 suggestion)
    Finished `test` profile [unoptimized + debuginfo] target(s) in 0.02s
     Running unittests src/lib.rs (/scratch/group/p.cis260229.000/cargo-temp-u.mm346025/hf-2188457-13/target/bsan/x86_64-unknown-linux-gnu/debug/build/write16/2572f2277b411c24/out/write16-2572f2277b411c24)

running 0 tests

test result: ok. 0 passed; 0 failed; 0 ignored; 0 measured; 0 filtered out; finished in 0.06s

   Doc-tests write16

running 0 tests

test result: ok. 0 passed; 0 failed; 0 ignored; 0 measured; 0 filtered out; finished in 0.00s
"
parse-patch-bsan,cvss-3.0.0,__all__,test_failed,other,/scratch/group/p.cis260229.000/datasets/top_1_percent/cvss-3.0.0/hyperfine-parse-patch-bsan.log,true,true,101,"    Finished `test` profile [unoptimized + debuginfo] target(s) in 0.03s
     Running unittests src/lib.rs (/scratch/group/p.cis260229.000/cargo-temp-u.mm346025/hf-2188457-2/target/bsan/x86_64-unknown-linux-gnu/debug/build/cvss/f7c422f269fdc9d2/out/cvss-f7c422f269fdc9d2)

running 24 tests
test tests::test_parse_invalid ... ok
test v2::score::tests::roundup_epsilon_magnitude ... ok
test v2::vector::tests::environmental_tie_rounds_half_up ... ok
test tests::test_parse_v3 ... ok
test v3::score::tests::roundup_exact_tenth_unchanged ... ok
test v2::vector::tests::spec_cve_2002_0392 ... ok
test v3::score::tests::roundup_rounds_up ... ok
test v2::vector::tests::spec_cve_2003_0062 ... ok
test v3::score::tests::severity_boundaries ... ok
test tests::test_parse_v4 ... ok
test v2::vector::tests::temporal_tie_rounds_half_up ... ok
test v2::vector::tests::spec_cve_2003_0818 ... ok
test v2::vector::tests::published_scores_clamp_at_zero_but_intermediates_do_not ... ok
test v4::score::tests::into_severity ... ok
test v4::score::tests::new_score ... ok
test v4::score::tests::display_score ... ok
test v4::score::tests::round_v4_epsilon_magnitude ... ok
test v4::score::tests::round_v4_round ... ok
test v3::vector::tests::cvss30_vs_cvss31 ... ok
test v4::vector::tests::parse_base_cvss4 ... ok
test v3::vector::tests::parse_full_cvss3 ... ok
test v4::vector::tests::fails_to_parse_invalid_cvss4 ... ok
test v4::vector::tests::parse_full_cvss4 ... ok
test v4::scoring::max_composed::tests::all_combination_are_valid_scoring_vectors has been running for over 60 seconds
test v4::scoring::max_composed::tests::all_combination_are_valid_scoring_vectors ... ok

test result: ok. 24 passed; 0 failed; 0 ignored; 0 measured; 0 filtered out; finished in 396.73s

     Running tests/base.rs (/scratch/group/p.cis260229.000/cargo-temp-u.mm346025/hf-2188457-2/target/bsan/x86_64-unknown-linux-gnu/debug/build/cvss/e0a063f5b724e30e/out/base-e0a063f5b724e30e)

running 28 tests
test bad_prefix ... ok
test cve_2008_1447 ... ok
test cve_2009_0658 ... ok
test cve_2009_0783 ... ok
test cve_2010_0467 ... ok
test cve_2011_1265 ... ok
test cve_2012_0384 ... ok
test cve_2012_1342 ... ok
test cve_2012_1516 ... ok
test cve_2012_5376 ... ok
test cve_2013_0375 ... ok
test cve_2013_1937 ... ok
test cve_2013_6014 ... ok
test cve_2014_0160 ... ok
test cve_2014_0224 ... ok
test cve_2014_2005 ... ok
test cve_2014_2019 ... ok
test cve_2014_3566 ... ok
test cve_2014_6271 ... ok
test cve_2014_9253 ... ok
test cve_2015_0970 ... ok
test duplicate_metric_rejected ... ok
test cve_2015_1098 ... ok
test cvss_v3_0_prefix ... ok
test low_scope_changed ... ok
test low_scope_unchanged ... ok
test no_impact_scope_changed ... ok
test no_impact_scope_unchanged ... ok

test result: ok. 28 passed; 0 failed; 0 ignored; 0 measured; 0 filtered out; finished in 0.21s

     Running tests/redhat-v2.rs (/scratch/group/p.cis260229.000/cargo-temp-u.mm346025/hf-2188457-2/target/bsan/x86_64-unknown-linux-gnu/debug/build/cvss/90fb9351a7812c2f/out/redhat_v2-90fb9351a7812c2f)

running 4 tests
test cvss_v2_calculator ... FAILED
test cvss_v2_cvsslib ... FAILED
test cvss_v2_random ... FAILED
test cvss_v2_simple ... FAILED

failures:

---- cvss_v2_calculator stdout ----

thread 'cvss_v2_calculator' (2109781) panicked at tests/redhat-v2.rs:31:83:
called `Result::unwrap()` on an `Err` value: Os { code: 2, kind: NotFound, message: ""No such file or directory"" }
note: run with `RUST_BACKTRACE=1` environment variable to display a backtrace

---- cvss_v2_cvsslib stdout ----

thread 'cvss_v2_cvsslib' (2109782) panicked at tests/redhat-v2.rs:31:83:
called `Result::unwrap()` on an `Err` value: Os { code: 2, kind: NotFound, message: ""No such file or directory"" }

---- cvss_v2_random stdout ----

thread 'cvss_v2_random' (2109783) panicked at tests/redhat-v2.rs:31:83:
called `Result::unwrap()` on an `Err` value: Os { code: 2, kind: NotFound, message: ""No such file or directory"" }

---- cvss_v2_simple stdout ----

thread 'cvss_v2_simple' (2109784) panicked at tests/redhat-v2.rs:31:83:
called `Result::unwrap()` on an `Err` value: Os { code: 2, kind: NotFound, message: ""No such file or directory"" }


failures:
    cvss_v2_calculator
    cvss_v2_cvsslib
    cvss_v2_random
    cvss_v2_simple

test result: FAILED. 0 passed; 4 failed; 0 ignored; 0 measured; 0 filtered out; finished in 0.07s

error: test failed, to rerun pass `--test redhat-v2`"
parse-patch-bsan,get-size2-0.11.0,,build_failed,rustc,/scratch/group/p.cis260229.000/datasets/top_1_percent/get-size2-0.11.0/hyperfine-parse-patch-bsan.log,true,true,,"error[E0599]: no method named `get_heap_size` found for struct `std::sync::RwLock<T>` in the current scope
   --> src/tests/mod.rs:726:20
    |
726 |     assert!(rwlock.get_heap_size() >= 8);
    |                    ^^^^^^^^^^^^^
    |
   ::: src/lib.rs:78:8
    |
 78 |     fn get_heap_size(&self) -> usize {
    |        ------------- the method is available for `std::sync::RwLock<String>` here
    |
    = help: items from traits can only be used if the trait is in scope
help: trait `GetSize` which provides `get_heap_size` is implemented but not in scope; perhaps you want to import it
    |
  5 + use crate::GetSize;
    |
help: there is a method `get_size` with a similar name
    |
726 -     assert!(rwlock.get_heap_size() >= 8);
726 +     assert!(rwlock.get_size() >= 8);
    |

error[E0599]: no method named `get_heap_size` found for reference `&[String]` in the current scope
   --> src/tests/mod.rs:777:22
    |
777 |     assert_eq!(slice.get_heap_size(), 0);
    |                      ^^^^^^^^^^^^^
    |
   ::: src/lib.rs:78:8
    |
 78 |     fn get_heap_size(&self) -> usize {
    |        ------------- the method is available for `&[String]` here
    |
    = help: items from traits can only be used if the trait is in scope
help: trait `GetSize` which provides `get_heap_size` is implemented but not in scope; perhaps you want to import it
    |
  5 + use crate::GetSize;
    |
help: there is a method `get_size` with a similar name
    |
777 -     assert_eq!(slice.get_heap_size(), 0);
777 +     assert_eq!(slice.get_size(), 0);
    |

error[E0599]: no method named `get_size` found for reference `&[String]` in the current scope
   --> src/tests/mod.rs:778:22
    |
778 |     assert_eq!(slice.get_size(), size_of::<&[String]>());
    |                      ^^^^^^^^
    |
   ::: src/lib.rs:95:8
    |
 95 |     fn get_size(&self) -> usize {
    |        -------- the method is available for `&[String]` here
    |
    = help: items from traits can only be used if the trait is in scope
help: trait `GetSize` which provides `get_size` is implemented but not in scope; perhaps you want to import it
    |
  5 + use crate::GetSize;
    |
help: there is a method `get_heap_size` with a similar name
    |
778 |     assert_eq!(slice.get_heap_size(), size_of::<&[String]>());
    |                          +++++

error[E0599]: no method named `get_heap_size` found for reference `&str` in the current scope
   --> src/tests/mod.rs:781:21
    |
781 |     assert_eq!(text.get_heap_size(), 0);
    |                     ^^^^^^^^^^^^^
    |
   ::: src/lib.rs:78:8
    |
 78 |     fn get_heap_size(&self) -> usize {
    |        ------------- the method is available for `&str` here
    |
    = help: items from traits can only be used if the trait is in scope
help: trait `GetSize` which provides `get_heap_size` is implemented but not in scope; perhaps you want to import it
    |
  5 + use crate::GetSize;
    |
help: there is a method `get_size` with a similar name
    |
781 -     assert_eq!(text.get_heap_size(), 0);
781 +     assert_eq!(text.get_size(), 0);
    |

error[E0599]: no method named `get_size` found for reference `&str` in the current scope
   --> src/tests/mod.rs:782:21
    |
782 |     assert_eq!(text.get_size(), size_of::<&str>());
    |                     ^^^^^^^^
    |
   ::: src/lib.rs:95:8
    |
 95 |     fn get_size(&self) -> usize {
    |        -------- the method is available for `&str` here
    |
    = help: items from traits can only be used if the trait is in scope
help: trait `GetSize` which provides `get_size` is implemented but not in scope; perhaps you want to import it
    |
  5 + use crate::GetSize;
    |
help: there is a method `get_heap_size` with a similar name
    |
782 |     assert_eq!(text.get_heap_size(), size_of::<&str>());
    |                         +++++

error[E0599]: no method named `get_heap_size` found for mutable reference `&mut str` in the current scope
   --> src/tests/mod.rs:786:25
    |
786 |     assert_eq!(text_mut.get_heap_size(), 0);
    |                         ^^^^^^^^^^^^^
    |
   ::: src/lib.rs:78:8
    |
 78 |     fn get_heap_size(&self) -> usize {
    |        ------------- the method is available for `&mut str` here
    |
    = help: items from traits can only be used if the trait is in scope
help: trait `GetSize` which provides `get_heap_size` is implemented but not in scope; perhaps you want to import it
    |
  5 + use crate::GetSize;
    |
help: there is a method `get_size` with a similar name
    |
786 -     assert_eq!(text_mut.get_heap_size(), 0);
786 +     assert_eq!(text_mut.get_size(), 0);
    |

error[E0599]: no method named `get_heap_size` found for reference `&dyn Debug` in the current scope
   --> src/tests/mod.rs:789:29
    |
789 |     assert_eq!(trait_object.get_heap_size(), 0);
    |                             ^^^^^^^^^^^^^
    |
   ::: src/lib.rs:78:8
    |
 78 |     fn get_heap_size(&self) -> usize {
    |        ------------- the method is available for `&dyn Debug` here
    |
    = help: items from traits can only be used if the trait is in scope
help: trait `GetSize` which provides `get_heap_size` is implemented but not in scope; perhaps you want to import it
    |
  5 + use crate::GetSize;
    |
help: there is a method `get_size` with a similar name
    |
789 -     assert_eq!(trait_object.get_heap_size(), 0);
789 +     assert_eq!(trait_object.get_size(), 0);
    |

error[E0599]: no method named `get_size` found for reference `&dyn Debug` in the current scope
   --> src/tests/mod.rs:790:29
    |
790 |     assert_eq!(trait_object.get_size(), size_of::<&dyn core::fmt::Debug>());
    |                             ^^^^^^^^
    |
   ::: src/lib.rs:95:8
    |
 95 |     fn get_size(&self) -> usize {
    |        -------- the method is available for `&dyn Debug` here
    |
    = help: items from traits can only be used if the trait is in scope
help: trait `GetSize` which provides `get_size` is implemented but not in scope; perhaps you want to import it
    |
  5 + use crate::GetSize;
    |
help: there is a method `get_heap_size` with a similar name
    |
790 |     assert_eq!(trait_object.get_heap_size(), size_of::<&dyn core::fmt::Debug>());
    |                                 +++++

error[E0599]: no method named `get_heap_size` found for raw pointer `*const [u8]` in the current scope
   --> src/tests/mod.rs:793:20
    |
793 |     assert_eq!(raw.get_heap_size(), 0);
    |                    ^^^^^^^^^^^^^
    |
   ::: src/lib.rs:78:8
    |
 78 |     fn get_heap_size(&self) -> usize {
    |        ------------- the method is available for `*const [u8]` here
    |
    = help: items from traits can only be used if the trait is in scope
help: trait `GetSize` which provides `get_heap_size` is implemented but not in scope; perhaps you want to import it
    |
  5 + use crate::GetSize;
    |
help: there is a method `get_size` with a similar name
    |
793 -     assert_eq!(raw.get_heap_size(), 0);
793 +     assert_eq!(raw.get_size(), 0);
    |

Some errors have detailed explanations: E0432, E0599.
For more information about an error, try `rustc --explain E0432`.
error: could not compile `get-size2` (lib test) due to 170 previous errors
warning: build failed, waiting for other jobs to finish...
CSVROW:parse-patch-bsan,get-size2-0.11.0,,build_failed,,,,,,,1,2026-10-05T14:07:51Z,2188457.4"
parse-patch-bsan,line-wrap-0.2.0,__all__,timeout,other,/scratch/group/p.cis260229.000/datasets/top_1_percent/line-wrap-0.2.0/hyperfine-parse-patch-bsan.log,true,true,124,"warning: hiding a lifetime that's elided elsewhere is confusing
   --> src/lib.rs:176:23
    |
176 |     pub fn new(slice: &[u8]) -> Option<SliceLineEnding> {
    |                       ^^^^^            ^^^^^^^^^^^^^^^ the same lifetime is hidden here
    |                       |
    |                       the lifetime is elided here
    |
    = help: the same lifetime is referred to in inconsistent ways, making the signature confusing
    = note: `#[warn(mismatched_lifetime_syntaxes)]` on by default
help: use `'_` for type paths
    |
176 |     pub fn new(slice: &[u8]) -> Option<SliceLineEnding<'_>> {
    |                                                       ++++

warning: `line-wrap` (lib) generated 1 warning (run `cargo fix --lib -p line-wrap` to apply 1 suggestion)
warning: `line-wrap` (lib test) generated 1 warning (1 duplicate)
    Finished `test` profile [optimized + debuginfo] target(s) in 0.05s
     Running unittests src/lib.rs (/scratch/group/p.cis260229.000/cargo-temp-u.mm346025/hf-2188457-6/target/bsan/x86_64-unknown-linux-gnu/debug/build/line-wrap/24e9874495568a82/out/line_wrap-24e9874495568a82)

running 14 tests
test tests::line_params_line_len_1_crlf ... ok
test tests::line_params_line_len_longer_than_input_crlf ... ok
test tests::line_params_line_len_same_as_input_crlf ... ok
test tests::line_params_partial_last_line_crlf ... ok
test tests::line_params_perfect_multiple_of_line_length_lf ... ok
test tests::line_wrap_length_1_crlf ... ok
test tests::line_wrap_length_1_lf ... ok
test tests::line_wrap_length_2_crlf_full_lines ... ok
test tests::line_wrap_length_2_crlf_partial_line ... ok
test tests::line_wrap_length_2_lf_full_lines ... ok
test tests::line_wrap_length_2_lf_partial_line ... ok
test tests::line_wrap_random_single_byte has been running for over 60 seconds
test tests::line_wrap_random_slice has been running for over 60 seconds
test tests::line_wrap_random_two_bytes has been running for over 60 seconds"
parse-patch-bsan,android-tzdata-0.1.1,__all__,test_failed,other,/scratch/group/p.cis260229.000/datasets/top_1_percent/android-tzdata-0.1.1/hyperfine-parse-patch-bsan.log,true,true,101,"warning: hiding a lifetime that's elided elsewhere is confusing
   --> src/tzdata.rs:106:19
    |
106 |     fn find_entry(&self, name: &str) -> Option<IndexEntry> {
    |                   ^^^^^                        ^^^^^^^^^^ the same lifetime is hidden here
    |                   |
    |                   the lifetime is elided here
    |
    = help: the same lifetime is referred to in inconsistent ways, making the signature confusing
    = note: `#[warn(mismatched_lifetime_syntaxes)]` on by default
help: use `'_` for type paths
    |
106 |     fn find_entry(&self, name: &str) -> Option<IndexEntry<'_>> {
    |                                                          ++++

warning: `android-tzdata` (lib) generated 1 warning (run `cargo fix --lib -p android-tzdata` to apply 1 suggestion)
warning: `android-tzdata` (lib test) generated 1 warning (1 duplicate)
    Finished `test` profile [unoptimized + debuginfo] target(s) in 1.44s
     Running unittests src/lib.rs (/scratch/group/p.cis260229.000/cargo-temp-u.mm346025/hf-2188458-0/target/bsan/x86_64-unknown-linux-gnu/debug/build/android-tzdata/b2c2c89ece896d80/out/android_tzdata-b2c2c89ece896d80)

running 1 test
test tzdata::test::parse ... FAILED

failures:

---- tzdata::test::parse stdout ----

thread 'tzdata::test::parse' (1061576) panicked at src/tzdata.rs:157:68:
called `Result::unwrap()` on an `Err` value: Os { code: 2, kind: NotFound, message: ""No such file or directory"" }
note: run with `RUST_BACKTRACE=1` environment variable to display a backtrace


failures:
    tzdata::test::parse

test result: FAILED. 0 passed; 1 failed; 0 ignored; 0 measured; 0 filtered out; finished in 0.06s

error: test failed, to rerun pass `--lib`"
parse-patch-bsan,snmalloc-sys-0.7.6,,build_failed,linker,/scratch/group/p.cis260229.000/datasets/top_1_percent/snmalloc-sys-0.7.6/hyperfine-parse-patch-bsan.log,true,true,,"RUSTFLAGS=[--cfg=miri --cap-lints=warn]
LIMIT=[timeout -k 30 1h ]
warning: `package.homepage` is redundant with `package.repository`
  --> Cargo.toml:32:12
   |
32 | homepage = ""https://github.com/microsoft/snmalloc""
   |            ^^^^^^^^^^^^^^^^^^^^^^^^^^^^^^^^^^^^^^^
...
43 | repository = ""https://github.com/microsoft/snmalloc""
   |              ---------------------------------------
   |
   = note: `cargo::redundant_homepage` is set to `warn` by default
help: consider removing `package.homepage`
warning: `snmalloc-sys` (manifest) generated 1 warning
    Updating crates.io index
 Downloading crates ...
  Downloaded cmake v0.1.58
  Downloaded cc v1.5.1
  Downloaded shlex v2.0.1
  Downloaded find-msvc-tools v0.1.14
warning: `package.homepage` is redundant with `package.repository`
  --> Cargo.toml:32:12
   |
32 | homepage = ""https://github.com/microsoft/snmalloc""
   |            ^^^^^^^^^^^^^^^^^^^^^^^^^^^^^^^^^^^^^^^
...
43 | repository = ""https://github.com/microsoft/snmalloc""
   |              ---------------------------------------
   |
   = note: `cargo::redundant_homepage` is set to `warn` by default
help: consider removing `package.homepage`
warning: `snmalloc-sys` (manifest) generated 1 warning
   Compiling find-msvc-tools v0.1.14
   Compiling shlex v2.0.1
   Compiling cc v1.5.1
   Compiling cmake v0.1.58
   Compiling snmalloc-sys v0.7.6 (/work)
error: failed to run custom build command for `snmalloc-sys v0.7.6 (/work)`

Caused by:
  process didn't exit successfully: `/scratch/group/p.cis260229.000/cargo-temp-u.mm346025/hf-2188458-10/target/bsan/debug/build/snmalloc-sys/41a1a035bee741db/out/build_script_build` (exit status: 101)
  --- stdout
  cargo:rustc-env=BUILD_TARGET_OS=linux
  cargo:rustc-env=BUILD_TARGET_ENV=gnu
  cargo:rustc-env=BUILD_TARGET_FAMILY=unix
  cargo:rustc-env=BUILD_TARGET=x86_64-unknown-linux-gnu
  cargo:rustc-env=BUILD_CC=Gcc
  cargo:rustc-env=BUILD_TYPE=Debug
  cargo:rustc-env=BUILD_DEBUG=true
  cargo:rustc-env=BUILD_OPTIM_LEVEL=-O0
  cargo:rustc-env=BUILD_CXX_STANDARD=20
  cargo:rustc-link-search=/usr/local/lib
  cargo:rustc-link-search=/scratch/group/p.cis260229.000/cargo-temp-u.mm346025/hf-2188458-10/target/bsan/x86_64-unknown-linux-gnu/debug/build/snmalloc-sys/6e51aa743000297c/out
  cargo:rustc-link-search=/scratch/group/p.cis260229.000/cargo-temp-u.mm346025/hf-2188458-10/target/bsan/x86_64-unknown-linux-gnu/debug/build/snmalloc-sys/6e51aa743000297c/out/build
  cargo:rustc-link-search=/scratch/group/p.cis260229.000/cargo-temp-u.mm346025/hf-2188458-10/target/bsan/x86_64-unknown-linux-gnu/debug/build/snmalloc-sys/6e51aa743000297c/out/build/Debug
  cargo:rustc-link-search=/scratch/group/p.cis260229.000/cargo-temp-u.mm346025/hf-2188458-10/target/bsan/x86_64-unknown-linux-gnu/debug/build/snmalloc-sys/6e51aa743000297c/out/build/Release
  CMAKE_TOOLCHAIN_FILE_x86_64-unknown-linux-gnu = None
  CMAKE_TOOLCHAIN_FILE_x86_64_unknown_linux_gnu = None
  HOST_CMAKE_TOOLCHAIN_FILE = None
  CMAKE_TOOLCHAIN_FILE = None
  CMAKE_GENERATOR_x86_64-unknown-linux-gnu = None
  CMAKE_GENERATOR_x86_64_unknown_linux_gnu = None
  HOST_CMAKE_GENERATOR = None
  CMAKE_GENERATOR = None
  CMAKE_PREFIX_PATH_x86_64-unknown-linux-gnu = None
  CMAKE_PREFIX_PATH_x86_64_unknown_linux_gnu = None
  HOST_CMAKE_PREFIX_PATH = None
  CMAKE_PREFIX_PATH = None
  CMAKE_x86_64-unknown-linux-gnu = None
  CMAKE_x86_64_unknown_linux_gnu = None
  HOST_CMAKE = None
  CMAKE = None
  Running with debug output on.
  -- The CXX compiler identification is Clang 23.1.1
     Called from: [3]	/work/upstream/CMakeLists.txt
                  [2]	/usr/share/cmake-3.31/Modules/CMakeDetermineCXXCompiler.cmake
                  [1]	/usr/share/cmake-3.31/Modules/CMakeDetermineCompilerId.cmake
  -- Detecting CXX compiler ABI info
     Called from: [3]	/work/upstream/CMakeLists.txt
                  [2]	/usr/share/cmake-3.31/Modules/CMakeTestCXXCompiler.cmake
                  [1]	/usr/share/cmake-3.31/Modules/CMakeDetermineCompilerABI.cmake
  -- Detecting CXX compiler ABI info - failed
     Called from: [3]	/work/upstream/CMakeLists.txt
                  [2]	/usr/share/cmake-3.31/Modules/CMakeTestCXXCompiler.cmake
                  [1]	/usr/share/cmake-3.31/Modules/CMakeDetermineCompilerABI.cmake
  -- Check for working CXX compiler: /scratch/group/p.cis260229.000/cargo-temp-u.mm346025/hf-2188458-10/target/bsan/clang
     Called from: [3]	/work/upstream/CMakeLists.txt
                  [2]	/usr/share/cmake-3.31/Modules/CMakeTestCXXCompiler.cmake
                  [1]	/usr/share/cmake-3.31/Modules/CMakeTestCompilerCommon.cmake
  -- Check for working CXX compiler: /scratch/group/p.cis260229.000/cargo-temp-u.mm346025/hf-2188458-10/target/bsan/clang - broken
     Called from: [3]	/work/upstream/CMakeLists.txt
                  [2]	/usr/share/cmake-3.31/Modules/CMakeTestCXXCompiler.cmake
                  [1]	/usr/share/cmake-3.31/Modules/CMakeTestCompilerCommon.cmake
  -- Configuring incomplete, errors occurred!

  --- stderr
  running: cd ""/scratch/group/p.cis260229.000/cargo-temp-u.mm346025/hf-2188458-10/target/bsan/x86_64-unknown-linux-gnu/debug/build/snmalloc-sys/6e51aa743000297c/out/build"" && CMAKE_PREFIX_PATH="""" LC_ALL=""C"" ""cmake"" ""-Wdev"" ""--debug-output"" ""/work/upstream"" ""-B"" ""/scratch/group/p.cis260229.000/cargo-temp-u.mm346025/hf-2188458-10/target/bsan/x86_64-unknown-linux-gnu/debug/build/snmalloc-sys/6e51aa743000297c/out/build"" ""-DSNMALLOC_RUST_SUPPORT=ON"" ""-DCMAKE_SH=CMAKE_SH-NOTFOUND"" ""-DSNMALLOC_QEMU_WORKAROUND=OFF"" ""-DSNMALLOC_ENABLE_DYNAMIC_LOADING=OFF"" ""-DUSE_SNMALLOC_STATS=OFF"" ""-DSNMALLOC_RUST_LIBC_API=OFF"" ""-DSNMALLOC_USE_CXX17=OFF"" ""-DSNMALLOC_CHECK_LOADS=OFF"" ""-DSNMALLOC_PAGEID=OFF"" ""-DSNMALLOC_ENABLE_WAIT_ON_ADDRESS=ON"" ""-DCMAKE_INSTALL_PREFIX=/scratch/group/p.cis260229.000/cargo-temp-u.mm346025/hf-2188458-10/target/bsan/x86_64-unknown-linux-gnu/debug/build/snmalloc-sys/6e51aa743000297c/out"" ""-DCMAKE_C_FLAGS= -ffunction-sections -fdata-sections -fPIC -m64 --target=x86_64-unknown-linux-gnu -w"" ""-DCMAKE_C_COMPILER=/scratch/group/p.cis260229.000/cargo-temp-u.mm346025/hf-2188458-10/target/bsan/clang"" ""-DCMAKE_CXX_FLAGS= -ffunction-sections -fdata-sections -fPIC -m64 --target=x86_64-unknown-linux-gnu -w"" ""-DCMAKE_CXX_COMPILER=/scratch/group/p.cis260229.000/cargo-temp-u.mm346025/hf-2188458-10/target/bsan/clang"" ""-DCMAKE_ASM_FLAGS= -ffunction-sections -fdata-sections -fPIC -m64 --target=x86_64-unknown-linux-gnu -w"" ""-DCMAKE_ASM_COMPILER=/scratch/group/p.cis260229.000/cargo-temp-u.mm346025/hf-2188458-10/target/bsan/clang"" ""-DCMAKE_BUILD_TYPE=Debug"" ""-DCMAKE_VERBOSE_MAKEFILE:BOOL=ON""
  CMake Error at /usr/share/cmake-3.31/Modules/CMakeTestCXXCompiler.cmake:73 (message):
    The C++ compiler

      ""/scratch/group/p.cis260229.000/cargo-temp-u.mm346025/hf-2188458-10/target/bsan/clang""

    is not able to compile a simple test program.

    It fails with the following output:

      Change Dir: '/scratch/group/p.cis260229.000/cargo-temp-u.mm346025/hf-2188458-10/target/bsan/x86_64-unknown-linux-gnu/debug/build/snmalloc-sys/6e51aa743000297c/out/build/CMakeFiles/CMakeScratch/TryCompile-Nje1OV'
      
      Run Build Command(s): /usr/bin/cmake -E env VERBOSE=1 /usr/bin/gmake -f Makefile cmTC_43a19/fast
      /usr/bin/gmake  -f CMakeFiles/cmTC_43a19.dir/build.make CMakeFiles/cmTC_43a19.dir/build
      gmake[1]: Entering directory '/scratch/group/p.cis260229.000/cargo-temp-u.mm346025/hf-2188458-10/target/bsan/x86_64-unknown-linux-gnu/debug/build/snmalloc-sys/6e51aa743000297c/out/build/CMakeFiles/CMakeScratch/TryCompile-Nje1OV'
      Building CXX object CMakeFiles/cmTC_43a19.dir/testCXXCompiler.cxx.o
      /scratch/group/p.cis260229.000/cargo-temp-u.mm346025/hf-2188458-10/target/bsan/clang   -ffunction-sections -fdata-sections -fPIC -m64 --target=x86_64-unknown-linux-gnu -w  -MD -MT CMakeFiles/cmTC_43a19.dir/testCXXCompiler.cxx.o -MF CMakeFiles/cmTC_43a19.dir/testCXXCompiler.cxx.o.d -o CMakeFiles/cmTC_43a19.dir/testCXXCompiler.cxx.o -c /scratch/group/p.cis260229.000/cargo-temp-u.mm346025/hf-2188458-10/target/bsan/x86_64-unknown-linux-gnu/debug/build/snmalloc-sys/6e51aa743000297c/out/build/CMakeFiles/CMakeScratch/TryCompile-Nje1OV/testCXXCompiler.cxx
      Linking CXX executable cmTC_43a19
      /usr/bin/cmake -E cmake_link_script CMakeFiles/cmTC_43a19.dir/link.txt --verbose=1
      rust-lld: error: unable to find library -lunwind
      clang-23: error: linker command failed with exit code 1 (use -v to see invocation)
      /scratch/group/p.cis260229.000/cargo-temp-u.mm346025/hf-2188458-10/target/bsan/clang  -ffunction-sections -fdata-sections -fPIC -m64 --target=x86_64-unknown-linux-gnu -w  CMakeFiles/cmTC_43a19.dir/testCXXCompiler.cxx.o -o cmTC_43a19
      gmake[1]: *** [CMakeFiles/cmTC_43a19.dir/build.make:103: cmTC_43a19] Error 1
      gmake[1]: Leaving directory '/scratch/group/p.cis260229.000/cargo-temp-u.mm346025/hf-2188458-10/target/bsan/x86_64-unknown-linux-gnu/debug/build/snmalloc-sys/6e51aa743000297c/out/build/CMakeFiles/CMakeScratch/TryCompile-Nje1OV'
      gmake: *** [Makefile:134: cmTC_43a19/fast] Error 2
      
      

    

    CMake will not be able to correctly generate this project.
  Call Stack (most recent call first):
    CMakeLists.txt:2 (project)


     Called from: [2]	/work/upstream/CMakeLists.txt
                  [1]	/usr/share/cmake-3.31/Modules/CMakeTestCXXCompiler.cmake

  thread 'main' (1056751) panicked at /scratch/group/p.cis260229.000/cargo-temp-u.mm346025/hf-2188458-10/home/registry/src/index.crates.io-1949cf8c6b5b557f/cmake-0.1.58/src/lib.rs:1132:5:

  command did not execute successfully, got: exit status: 1

  build script failed, must exit now
  note: run with `RUST_BACKTRACE=1` environment variable to display a backtrace
CSVROW:parse-patch-bsan,snmalloc-sys-0.7.6,,build_failed,,,,,,,1,2026-10-05T14:10:41Z,2188458.10"
parse-patch-bsan,toml_datetime-1.1.1+spec-1.1.0,__all__,no_match,other,/scratch/group/p.cis260229.000/datasets/top_1_percent/toml_datetime-1.1.1+spec-1.1.0/hyperfine-parse-patch-bsan.log,true,true,0,"    Finished `test` profile [unoptimized + debuginfo] target(s) in 0.51s
     Running unittests src/lib.rs (/scratch/group/p.cis260229.000/cargo-temp-u.mm346025/hf-2188458-11/target/bsan/x86_64-unknown-linux-gnu/debug/build/toml_datetime/277b627c51295815/out/toml_datetime-277b627c51295815)

running 0 tests

test result: ok. 0 passed; 0 failed; 0 ignored; 0 measured; 0 filtered out; finished in 0.06s

   Doc-tests toml_datetime

running 0 tests

test result: ok. 0 passed; 0 failed; 0 ignored; 0 measured; 0 filtered out; finished in 0.00s
"
parse-patch-bsan,cxxbridge-flags-1.0.202,__all__,no_match,other,/scratch/group/p.cis260229.000/datasets/top_1_percent/cxxbridge-flags-1.0.202/hyperfine-parse-patch-bsan.log,true,true,0,"    Finished `test` profile [unoptimized + debuginfo] target(s) in 0.05s
     Running unittests src/lib.rs (/scratch/group/p.cis260229.000/cargo-temp-u.mm346025/hf-2188458-2/target/bsan/x86_64-unknown-linux-gnu/debug/build/cxxbridge-flags/210263afc73ba91c/out/cxxbridge_flags-210263afc73ba91c)

running 0 tests

test result: ok. 0 passed; 0 failed; 0 ignored; 0 measured; 0 filtered out; finished in 0.06s

   Doc-tests cxxbridge_flags

running 0 tests

test result: ok. 0 passed; 0 failed; 0 ignored; 0 measured; 0 filtered out; finished in 0.00s
"
parse-patch-bsan,gif-0.14.2,__all__,timeout,other,/scratch/group/p.cis260229.000/datasets/top_1_percent/gif-0.14.2/hyperfine-parse-patch-bsan.log,true,true,124,"    Finished `test` profile [unoptimized + debuginfo] target(s) in 1.30s
     Running unittests src/lib.rs (/scratch/group/p.cis260229.000/cargo-temp-u.mm346025/hf-2188458-4/target/bsan/x86_64-unknown-linux-gnu/debug/build/gif/ed2bdb8ce2179884/out/gif-ed2bdb8ce2179884)

running 6 tests
test encoder::error_cast ... ok
test reader::decoder::error_cast ... ok
test encoder::test_flag_size ... ok
test reader::converter::test::test_interlace_iterator ... ok
test reader::converter::test::interlace_max ... ok
test common::rgba_speed_avoid_panic_256_colors ... ok

test result: ok. 6 passed; 0 failed; 0 ignored; 0 measured; 0 filtered out; finished in 9.97s

   Doc-tests gif

running 6 tests
test src/lib.rs - (line 37) ... FAILED
test src/lib.rs - (line 188) ... FAILED
test src/lib.rs - (line 170) ... FAILED
test src/lib.rs - (line 17) ... FAILED
test src/lib.rs - (line 225) has been running for over 60 seconds
test src/lib.rs - (line 74) has been running for over 60 seconds"
parse-patch-bsan,no-std-compat-0.4.1,__all__,no_match,other,/scratch/group/p.cis260229.000/datasets/top_1_percent/no-std-compat-0.4.1/hyperfine-parse-patch-bsan.log,true,true,0,"warning: use of deprecated module `core::i128`: all constants in this module replaced by associated constants on the type
  --> src/generated.rs:72:21
   |
72 |     pub use __core::i128::*;
   |                     ^^^^
   |
   = note: `#[warn(deprecated)]` on by default

warning: use of deprecated module `core::i16`: all constants in this module replaced by associated constants on the type
  --> src/generated.rs:75:21
   |
75 |     pub use __core::i16::*;
   |                     ^^^

warning: use of deprecated module `core::i32`: all constants in this module replaced by associated constants on the type
  --> src/generated.rs:78:21
   |
78 |     pub use __core::i32::*;
   |                     ^^^

warning: use of deprecated module `core::i64`: all constants in this module replaced by associated constants on the type
  --> src/generated.rs:81:21
   |
81 |     pub use __core::i64::*;
   |                     ^^^

warning: use of deprecated module `core::i8`: all constants in this module replaced by associated constants on the type
  --> src/generated.rs:84:21
   |
84 |     pub use __core::i8::*;
   |                     ^^

warning: use of deprecated module `core::isize`: all constants in this module replaced by associated constants on the type
  --> src/generated.rs:90:21
   |
90 |     pub use __core::isize::*;
   |                     ^^^^^

warning: use of deprecated module `core::u128`: all constants in this module replaced by associated constants on the type
   --> src/generated.rs:189:21
    |
189 |     pub use __core::u128::*;
    |                     ^^^^

warning: use of deprecated module `core::u16`: all constants in this module replaced by associated constants on the type
   --> src/generated.rs:192:21
    |
192 |     pub use __core::u16::*;
    |                     ^^^

warning: use of deprecated module `core::u32`: all constants in this module replaced by associated constants on the type
   --> src/generated.rs:195:21
    |
195 |     pub use __core::u32::*;
    |                     ^^^

warning: use of deprecated module `core::u64`: all constants in this module replaced by associated constants on the type
   --> src/generated.rs:198:21
    |
198 |     pub use __core::u64::*;
    |                     ^^^

warning: use of deprecated module `core::u8`: all constants in this module replaced by associated constants on the type
   --> src/generated.rs:201:21
    |
201 |     pub use __core::u8::*;
    |                     ^^

warning: use of deprecated module `core::usize`: all constants in this module replaced by associated constants on the type
   --> src/generated.rs:207:21
    |
207 |     pub use __core::usize::*;
    |                     ^^^^^

warning: `no-std-compat` (lib) generated 12 warnings
warning: `no-std-compat` (lib test) generated 12 warnings (12 duplicates)
    Finished `test` profile [unoptimized + debuginfo] target(s) in 0.54s
     Running unittests src/lib.rs (/scratch/group/p.cis260229.000/cargo-temp-u.mm346025/hf-2188458-7/target/bsan/x86_64-unknown-linux-gnu/debug/build/no-std-compat/4c6505ca169d988d/out/no_std_compat-4c6505ca169d988d)

running 0 tests

test result: ok. 0 passed; 0 failed; 0 ignored; 0 measured; 0 filtered out; finished in 0.05s

   Doc-tests no_std_compat

running 0 tests

test result: ok. 0 passed; 0 failed; 0 ignored; 0 measured; 0 filtered out; finished in 0.00s
"
parse-patch-bsan,solana-atomic-u64-3.0.1,__all__,no_match,other,/scratch/group/p.cis260229.000/datasets/top_1_percent/solana-atomic-u64-3.0.1/hyperfine-parse-patch-bsan.log,true,true,0,"    Finished `test` profile [unoptimized + debuginfo] target(s) in 0.02s
     Running unittests src/lib.rs (/scratch/group/p.cis260229.000/cargo-temp-u.mm346025/hf-2188459-10/target/bsan/x86_64-unknown-linux-gnu/debug/build/solana-atomic-u64/0009e3064a430c38/out/solana_atomic_u64-0009e3064a430c38)

running 0 tests

test result: ok. 0 passed; 0 failed; 0 ignored; 0 measured; 0 filtered out; finished in 0.06s

   Doc-tests solana_atomic_u64

running 0 tests

test result: ok. 0 passed; 0 failed; 0 ignored; 0 measured; 0 filtered out; finished in 0.00s
"
parse-patch-bsan,gix-trace-0.2.0,__all__,no_match,other,/scratch/group/p.cis260229.000/datasets/top_1_percent/gix-trace-0.2.0/hyperfine-parse-patch-bsan.log,true,true,0,    Finished `test` profile [unoptimized + debuginfo] target(s) in 0.02s
parse-patch-bsan,solana-define-syscall-5.2.0,__all__,no_match,other,/scratch/group/p.cis260229.000/datasets/top_1_percent/solana-define-syscall-5.2.0/hyperfine-parse-patch-bsan.log,true,true,0,"    Finished `test` profile [unoptimized + debuginfo] target(s) in 0.02s
     Running unittests src/lib.rs (/scratch/group/p.cis260229.000/cargo-temp-u.mm346025/hf-2188460-10/target/bsan/x86_64-unknown-linux-gnu/debug/build/solana-define-syscall/b7b1efe216816bda/out/solana_define_syscall-b7b1efe216816bda)

running 0 tests

test result: ok. 0 passed; 0 failed; 0 ignored; 0 measured; 0 filtered out; finished in 0.06s

   Doc-tests solana_define_syscall

running 0 tests

test result: ok. 0 passed; 0 failed; 0 ignored; 0 measured; 0 filtered out; finished in 0.00s
"
parse-patch-bsan,epaint_default_fonts-0.36.2,__all__,no_match,other,/scratch/group/p.cis260229.000/datasets/top_1_percent/epaint_default_fonts-0.36.2/hyperfine-parse-patch-bsan.log,true,true,0,"warning: `package.homepage` is redundant with `package.repository`
  --> Cargo.toml:35:12
   |
35 | homepage = ""https://github.com/emilk/egui/tree/main/crates/epaint_default_fonts""
   |            ^^^^^^^^^^^^^^^^^^^^^^^^^^^^^^^^^^^^^^^^^^^^^^^^^^^^^^^^^^^^^^^^^^^^^
...
47 | repository = ""https://github.com/emilk/egui/tree/main/crates/epaint_default_fonts""
   |              ---------------------------------------------------------------------
   |
   = note: `cargo::redundant_homepage` is set to `warn` by default
help: consider removing `package.homepage`
warning: `epaint_default_fonts` (manifest) generated 1 warning
    Finished `test` profile [unoptimized + debuginfo] target(s) in 0.02s
     Running unittests src/lib.rs (/scratch/group/p.cis260229.000/cargo-temp-u.mm346025/hf-2188460-3/target/bsan/x86_64-unknown-linux-gnu/debug/build/epaint_default_fonts/e12b111a5a7c45bf/out/epaint_default_fonts-e12b111a5a7c45bf)

running 0 tests

test result: ok. 0 passed; 0 failed; 0 ignored; 0 measured; 0 filtered out; finished in 0.06s

   Doc-tests epaint_default_fonts

running 0 tests

test result: ok. 0 passed; 0 failed; 0 ignored; 0 measured; 0 filtered out; finished in 0.00s
"
parse-patch-bsan,ihex-3.0.0,__all__,test_failed,other,/scratch/group/p.cis260229.000/datasets/top_1_percent/ihex-3.0.0/hyperfine-parse-patch-bsan.log,true,true,101,"warning: `package.homepage` is redundant with `package.repository`
  --> Cargo.toml:19:12
   |
19 | homepage = ""http://github.com/martinmroz/ihex""
   |            ^^^^^^^^^^^^^^^^^^^^^^^^^^^^^^^^^^^
...
24 | repository = ""http://github.com/martinmroz/ihex""
   |              -----------------------------------
   |
   = note: `cargo::redundant_homepage` is set to `warn` by default
help: consider removing `package.homepage`
warning: `ihex` (manifest) generated 1 warning
    Finished `test` profile [unoptimized + debuginfo] target(s) in 0.02s
     Running unittests src/lib.rs (/scratch/group/p.cis260229.000/cargo-temp-u.mm346025/hf-2188460-5/target/bsan/x86_64-unknown-linux-gnu/debug/build/ihex/b50723d699679562/out/ihex-b50723d699679562)

running 5 tests
test checksum::tests::test_checksum_ela_record ... ok
test checksum::tests::test_checksum_empty ... ok
test checksum::tests::test_checksum_eof_record ... ok
test checksum::tests::test_checksum_sla_record ... ok
test record::tests::test_record_type ... ok

test result: ok. 5 passed; 0 failed; 0 ignored; 0 measured; 0 filtered out; finished in 0.08s

     Running tests/test_reader.rs (/scratch/group/p.cis260229.000/cargo-temp-u.mm346025/hf-2188460-5/target/bsan/x86_64-unknown-linux-gnu/debug/build/ihex/02b4df8abb500a1c/out/test_reader-02b4df8abb500a1c)

running 24 tests
test test_reader_allow_no_trailing_newlines_on_one_record ... ok
test test_reader_allow_no_trailing_newlines ... ok
test test_record_from_record_string_parses_valid_extended_linear_address ... ok
test test_record_from_record_string_parses_valid_data_records ... ok
test test_record_from_record_string_parses_valid_extended_segment_address ... ok
test test_record_from_record_string_parses_valid_eof_record ... ok
test test_reader_respects_ignores_extra_newlines ... ok
test test_record_from_record_string_parses_valid_start_linear_address ... ok
test test_record_from_record_string_parses_valid_start_segment_address ... ok
test test_reader_respects_stop_after_first_eof_true ... ok
test test_record_from_record_string_rejects_missing_start_code ... ok
test test_reader_respects_stop_after_first_error_true ... ok
test test_record_from_record_string_rejects_invalid_checksums ... ok
test test_reader_respects_stop_after_first_eof_false ... ok
test test_reader_respects_stop_after_first_error_false ... ok
test test_record_from_record_string_rejects_non_hex_characters ... ok
test test_record_from_record_string_rejects_invalid_lengths_for_types ... ok
test test_record_from_record_string_rejects_odd_length_records ... ok
test test_record_from_record_string_rejects_short_records ... ok
test test_record_from_record_string_rejects_unsupported_record_types ... ok
test test_record_from_record_string_rejects_payload_length_mismatches ... ok
test test_reader_respects_all_newline_formats ... FAILED
test test_reader_processes_well_formed_ihex_object ... ok
test test_record_from_record_string_rejects_long_records ... ok

failures:

---- test_reader_respects_all_newline_formats stdout ----

thread 'test_reader_respects_all_newline_formats' (1916459) panicked at tests/test_reader.rs:493:5:
assertion `left == right` failed
  left: Some(Err(ContainsInvalidCharacters))
 right: Some(Ok(EndOfFile))
note: run with `RUST_BACKTRACE=1` environment variable to display a backtrace


failures:
    test_reader_respects_all_newline_formats

test result: FAILED. 23 passed; 1 failed; 0 ignored; 0 measured; 0 filtered out; finished in 4.88s

error: test failed, to rerun pass `--test test_reader`"
parse-patch-bsan,reborrow-0.5.5,__all__,test_failed,rustc,/scratch/group/p.cis260229.000/datasets/top_1_percent/reborrow-0.5.5/hyperfine-parse-patch-bsan.log,true,true,101,"    Finished `test` profile [unoptimized + debuginfo] target(s) in 0.02s
     Running unittests src/lib.rs (/scratch/group/p.cis260229.000/cargo-temp-u.mm346025/hf-2188460-9/target/bsan/x86_64-unknown-linux-gnu/debug/build/reborrow/b81e2e1321717ab2/out/reborrow-b81e2e1321717ab2)

running 3 tests
test tests::as_ref ... ok
test tests::custom_view_type ... ok
test tests::option ... ok

test result: ok. 3 passed; 0 failed; 0 ignored; 0 measured; 0 filtered out; finished in 0.07s

   Doc-tests reborrow

running 5 tests
test src/lib.rs - (line 33) ... ok
test src/lib.rs - (line 6) ... ok
test src/lib.rs - (line 44) ... ok
test src/lib.rs - (line 23) - compile fail ... ok
test src/lib.rs - (line 59) ... FAILED

failures:

---- src/lib.rs - (line 59) stdout ----
error[E0432]: unresolved imports `reborrow::ReborrowCopyTraits`, `reborrow::ReborrowTraits`
  --> src/lib.rs:61:16
   |
61 | use reborrow::{ReborrowCopyTraits, ReborrowTraits};
   |                ^^^^^^^^^^^^^^^^^^  ^^^^^^^^^^^^^^ no `ReborrowTraits` in the root
   |                |
   |                no `ReborrowCopyTraits` in the root
   |
note: found an item that was configured out
  --> src/lib.rs:96:27
   |
95 | #[cfg(feature = ""derive"")]
   |       ------------------ the item is gated behind the `derive` feature
96 | pub use reborrow_derive::{ReborrowCopyTraits, ReborrowTraits};
   |                           ^^^^^^^^^^^^^^^^^^
note: found an item that was configured out
  --> src/lib.rs:96:47
   |
95 | #[cfg(feature = ""derive"")]
   |       ------------------ the item is gated behind the `derive` feature
96 | pub use reborrow_derive::{ReborrowCopyTraits, ReborrowTraits};
   |                                               ^^^^^^^^^^^^^^

error: cannot find attribute `Const` in this scope
  --> src/lib.rs:84:3
   |
84 | #[Const(I32TupleRef)]
   |   ^^^^^

error: cannot find attribute `reborrow` in this scope
  --> src/lib.rs:87:7
   |
87 |     #[reborrow] &'a mut i32,
   |       ^^^^^^^^
   |
note: `reborrow` is imported here, but it is a crate, not an attribute
  --> src/lib.rs:59:1
   |
59 | extern crate r#reborrow;
   | ^^^^^^^^^^^^^^^^^^^^^^^^

error: cannot find attribute `reborrow` in this scope
  --> src/lib.rs:88:7
   |
88 |     #[reborrow] &'b mut i32,
   |       ^^^^^^^^
   |
note: `reborrow` is imported here, but it is a crate, not an attribute
  --> src/lib.rs:59:1
   |
59 | extern crate r#reborrow;
   | ^^^^^^^^^^^^^^^^^^^^^^^^

error: cannot find attribute `Const` in this scope
  --> src/lib.rs:74:3
   |
74 | #[Const(I32Ref)]
   |   ^^^^^

error: cannot find attribute `reborrow` in this scope
  --> src/lib.rs:77:7
   |
77 |     #[reborrow]
   |       ^^^^^^^^
   |
note: `reborrow` is imported here, but it is a crate, not an attribute
  --> src/lib.rs:59:1
   |
59 | extern crate r#reborrow;
   | ^^^^^^^^^^^^^^^^^^^^^^^^

error: cannot find attribute `reborrow` in this scope
  --> src/lib.rs:79:7
   |
79 |     #[reborrow]
   |       ^^^^^^^^
   |
note: `reborrow` is imported here, but it is a crate, not an attribute
  --> src/lib.rs:59:1
   |
59 | extern crate r#reborrow;
   | ^^^^^^^^^^^^^^^^^^^^^^^^

error: aborting due to 7 previous errors

For more information about this error, try `rustc --explain E0432`.
Couldn't compile the test.

failures:
    src/lib.rs - (line 59)

test result: FAILED. 4 passed; 1 failed; 0 ignored; 0 measured; 0 filtered out; finished in 0.35s

error: doctest failed, to rerun pass `--doc`"
parse-patch-bsan,argh_shared-0.1.19,__all__,no_match,other,/scratch/group/p.cis260229.000/datasets/top_1_percent/argh_shared-0.1.19/hyperfine-parse-patch-bsan.log,true,true,0,"    Finished `test` profile [unoptimized + debuginfo] target(s) in 0.02s
     Running unittests src/lib.rs (/scratch/group/p.cis260229.000/cargo-temp-u.mm346025/hf-2188461-0/target/bsan/x86_64-unknown-linux-gnu/debug/build/argh_shared/93916cf1e5f233a9/out/argh_shared-93916cf1e5f233a9)

running 0 tests

test result: ok. 0 passed; 0 failed; 0 ignored; 0 measured; 0 filtered out; finished in 0.06s

   Doc-tests argh_shared

running 0 tests

test result: ok. 0 passed; 0 failed; 0 ignored; 0 measured; 0 filtered out; finished in 0.00s
"
parse-patch-bsan,solana-measure-4.3.0,__all__,no_match,other,/scratch/group/p.cis260229.000/datasets/top_1_percent/solana-measure-4.3.0/hyperfine-parse-patch-bsan.log,true,true,0,"    Finished `test` profile [unoptimized + debuginfo] target(s) in 0.02s
     Running unittests src/lib.rs (/scratch/group/p.cis260229.000/cargo-temp-u.mm346025/hf-2188461-10/target/bsan/x86_64-unknown-linux-gnu/debug/build/solana-measure/658071f01b49d31c/out/solana_measure-658071f01b49d31c)

running 0 tests

test result: ok. 0 passed; 0 failed; 0 ignored; 0 measured; 0 filtered out; finished in 0.05s

   Doc-tests solana_measure

running 0 tests

test result: ok. 0 passed; 0 failed; 0 ignored; 0 measured; 0 filtered out; finished in 0.00s
"
parse-patch-bsan,equator-macro-0.6.0,__all__,no_match,other,/scratch/group/p.cis260229.000/datasets/top_1_percent/equator-macro-0.6.0/hyperfine-parse-patch-bsan.log,true,true,0,"    Finished `test` profile [unoptimized + debuginfo] target(s) in 0.02s
     Running unittests src/lib.rs (/scratch/group/p.cis260229.000/cargo-temp-u.mm346025/hf-2188461-3/target/bsan/debug/build/equator-macro/a545fac90463679d/out/equator_macro-a545fac90463679d)

running 0 tests

test result: ok. 0 passed; 0 failed; 0 ignored; 0 measured; 0 filtered out; finished in 0.00s

   Doc-tests equator_macro

running 0 tests

test result: ok. 0 passed; 0 failed; 0 ignored; 0 measured; 0 filtered out; finished in 0.00s
"
parse-patch-bsan,glutin_wgl_sys-0.6.1,__all__,no_match,other,/scratch/group/p.cis260229.000/datasets/top_1_percent/glutin_wgl_sys-0.6.1/hyperfine-parse-patch-bsan.log,true,true,0,"    Finished `test` profile [unoptimized + debuginfo] target(s) in 0.04s
     Running unittests src/lib.rs (/scratch/group/p.cis260229.000/cargo-temp-u.mm346025/hf-2188461-4/target/bsan/x86_64-unknown-linux-gnu/debug/build/glutin_wgl_sys/dc33d4a5cf7114a8/out/glutin_wgl_sys-dc33d4a5cf7114a8)

running 0 tests

test result: ok. 0 passed; 0 failed; 0 ignored; 0 measured; 0 filtered out; finished in 0.05s

   Doc-tests glutin_wgl_sys

running 0 tests

test result: ok. 0 passed; 0 failed; 0 ignored; 0 measured; 0 filtered out; finished in 0.00s
"
parse-patch-bsan,local-waker-0.1.4,__all__,no_match,other,/scratch/group/p.cis260229.000/datasets/top_1_percent/local-waker-0.1.4/hyperfine-parse-patch-bsan.log,true,true,0,"    Finished `test` profile [unoptimized + debuginfo] target(s) in 0.02s
     Running unittests src/lib.rs (/scratch/group/p.cis260229.000/cargo-temp-u.mm346025/hf-2188461-6/target/bsan/x86_64-unknown-linux-gnu/debug/build/local-waker/2f2735dc1600ce83/out/local_waker-2f2735dc1600ce83)

running 0 tests

test result: ok. 0 passed; 0 failed; 0 ignored; 0 measured; 0 filtered out; finished in 0.06s

   Doc-tests local_waker

running 0 tests

test result: ok. 0 passed; 0 failed; 0 ignored; 0 measured; 0 filtered out; finished in 0.00s
"
parse-patch-bsan,regex-lite-0.1.9,,build_failed,other,/scratch/group/p.cis260229.000/datasets/top_1_percent/regex-lite-0.1.9/hyperfine-parse-patch-bsan.log,true,true,,"   |     --------------------- in this macro invocation
   |
   = note: this error originates in the macro `include_bytes` which comes from the expansion of the macro `load` (in Nightly builds, run with -Z macro-backtrace for more info)

error: couldn't read `tests/../../testdata/line-terminator.toml`: No such file or directory (os error 2)
  --> tests/lib.rs:15:17
   |
15 |                 include_bytes!(concat!(""../../testdata/"", $name, "".toml""));
   |                 ^^^^^^^^^^^^^^^^^^^^^^^^^^^^^^^^^^^^^^^^^^^^^^^^^^^^^^^^^^
...
30 |     load!(""line-terminator"");
   |     ------------------------ in this macro invocation
   |
   = note: this error originates in the macro `include_bytes` which comes from the expansion of the macro `load` (in Nightly builds, run with -Z macro-backtrace for more info)

error: couldn't read `tests/../../testdata/misc.toml`: No such file or directory (os error 2)
  --> tests/lib.rs:15:17
   |
15 |                 include_bytes!(concat!(""../../testdata/"", $name, "".toml""));
   |                 ^^^^^^^^^^^^^^^^^^^^^^^^^^^^^^^^^^^^^^^^^^^^^^^^^^^^^^^^^^
...
31 |     load!(""misc"");
   |     ------------- in this macro invocation
   |
   = note: this error originates in the macro `include_bytes` which comes from the expansion of the macro `load` (in Nightly builds, run with -Z macro-backtrace for more info)

error: couldn't read `tests/../../testdata/multiline.toml`: No such file or directory (os error 2)
  --> tests/lib.rs:15:17
   |
15 |                 include_bytes!(concat!(""../../testdata/"", $name, "".toml""));
   |                 ^^^^^^^^^^^^^^^^^^^^^^^^^^^^^^^^^^^^^^^^^^^^^^^^^^^^^^^^^^
...
32 |     load!(""multiline"");
   |     ------------------ in this macro invocation
   |
   = note: this error originates in the macro `include_bytes` which comes from the expansion of the macro `load` (in Nightly builds, run with -Z macro-backtrace for more info)

error: couldn't read `tests/../../testdata/no-unicode.toml`: No such file or directory (os error 2)
  --> tests/lib.rs:15:17
   |
15 |                 include_bytes!(concat!(""../../testdata/"", $name, "".toml""));
   |                 ^^^^^^^^^^^^^^^^^^^^^^^^^^^^^^^^^^^^^^^^^^^^^^^^^^^^^^^^^^
...
33 |     load!(""no-unicode"");
   |     ------------------- in this macro invocation
   |
   = note: this error originates in the macro `include_bytes` which comes from the expansion of the macro `load` (in Nightly builds, run with -Z macro-backtrace for more info)

error: couldn't read `tests/../../testdata/overlapping.toml`: No such file or directory (os error 2)
  --> tests/lib.rs:15:17
   |
15 |                 include_bytes!(concat!(""../../testdata/"", $name, "".toml""));
   |                 ^^^^^^^^^^^^^^^^^^^^^^^^^^^^^^^^^^^^^^^^^^^^^^^^^^^^^^^^^^
...
34 |     load!(""overlapping"");
   |     -------------------- in this macro invocation
   |
   = note: this error originates in the macro `include_bytes` which comes from the expansion of the macro `load` (in Nightly builds, run with -Z macro-backtrace for more info)

error: couldn't read `tests/../../testdata/regression.toml`: No such file or directory (os error 2)
  --> tests/lib.rs:15:17
   |
15 |                 include_bytes!(concat!(""../../testdata/"", $name, "".toml""));
   |                 ^^^^^^^^^^^^^^^^^^^^^^^^^^^^^^^^^^^^^^^^^^^^^^^^^^^^^^^^^^
...
35 |     load!(""regression"");
   |     ------------------- in this macro invocation
   |
   = note: this error originates in the macro `include_bytes` which comes from the expansion of the macro `load` (in Nightly builds, run with -Z macro-backtrace for more info)

error: couldn't read `tests/../../testdata/set.toml`: No such file or directory (os error 2)
  --> tests/lib.rs:15:17
   |
15 |                 include_bytes!(concat!(""../../testdata/"", $name, "".toml""));
   |                 ^^^^^^^^^^^^^^^^^^^^^^^^^^^^^^^^^^^^^^^^^^^^^^^^^^^^^^^^^^
...
36 |     load!(""set"");
   |     ------------ in this macro invocation
   |
   = note: this error originates in the macro `include_bytes` which comes from the expansion of the macro `load` (in Nightly builds, run with -Z macro-backtrace for more info)

error: couldn't read `tests/../../testdata/substring.toml`: No such file or directory (os error 2)
  --> tests/lib.rs:15:17
   |
15 |                 include_bytes!(concat!(""../../testdata/"", $name, "".toml""));
   |                 ^^^^^^^^^^^^^^^^^^^^^^^^^^^^^^^^^^^^^^^^^^^^^^^^^^^^^^^^^^
...
37 |     load!(""substring"");
   |     ------------------ in this macro invocation
   |
   = note: this error originates in the macro `include_bytes` which comes from the expansion of the macro `load` (in Nightly builds, run with -Z macro-backtrace for more info)

error: couldn't read `tests/../../testdata/unicode.toml`: No such file or directory (os error 2)
  --> tests/lib.rs:15:17
   |
15 |                 include_bytes!(concat!(""../../testdata/"", $name, "".toml""));
   |                 ^^^^^^^^^^^^^^^^^^^^^^^^^^^^^^^^^^^^^^^^^^^^^^^^^^^^^^^^^^
...
38 |     load!(""unicode"");
   |     ---------------- in this macro invocation
   |
   = note: this error originates in the macro `include_bytes` which comes from the expansion of the macro `load` (in Nightly builds, run with -Z macro-backtrace for more info)

error: couldn't read `tests/../../testdata/utf8.toml`: No such file or directory (os error 2)
  --> tests/lib.rs:15:17
   |
15 |                 include_bytes!(concat!(""../../testdata/"", $name, "".toml""));
   |                 ^^^^^^^^^^^^^^^^^^^^^^^^^^^^^^^^^^^^^^^^^^^^^^^^^^^^^^^^^^
...
39 |     load!(""utf8"");
   |     ------------- in this macro invocation
   |
   = note: this error originates in the macro `include_bytes` which comes from the expansion of the macro `load` (in Nightly builds, run with -Z macro-backtrace for more info)

error: couldn't read `tests/../../testdata/word-boundary.toml`: No such file or directory (os error 2)
  --> tests/lib.rs:15:17
   |
15 |                 include_bytes!(concat!(""../../testdata/"", $name, "".toml""));
   |                 ^^^^^^^^^^^^^^^^^^^^^^^^^^^^^^^^^^^^^^^^^^^^^^^^^^^^^^^^^^
...
40 |     load!(""word-boundary"");
   |     ---------------------- in this macro invocation
   |
   = note: this error originates in the macro `include_bytes` which comes from the expansion of the macro `load` (in Nightly builds, run with -Z macro-backtrace for more info)

error: couldn't read `tests/../../testdata/word-boundary-special.toml`: No such file or directory (os error 2)
  --> tests/lib.rs:15:17
   |
15 |                 include_bytes!(concat!(""../../testdata/"", $name, "".toml""));
   |                 ^^^^^^^^^^^^^^^^^^^^^^^^^^^^^^^^^^^^^^^^^^^^^^^^^^^^^^^^^^
...
41 |     load!(""word-boundary-special"");
   |     ------------------------------ in this macro invocation
   |
   = note: this error originates in the macro `include_bytes` which comes from the expansion of the macro `load` (in Nightly builds, run with -Z macro-backtrace for more info)

error: couldn't read `tests/../../testdata/fowler/basic.toml`: No such file or directory (os error 2)
  --> tests/lib.rs:15:17
   |
15 |                 include_bytes!(concat!(""../../testdata/"", $name, "".toml""));
   |                 ^^^^^^^^^^^^^^^^^^^^^^^^^^^^^^^^^^^^^^^^^^^^^^^^^^^^^^^^^^
...
42 |     load!(""fowler/basic"");
   |     --------------------- in this macro invocation
   |
   = note: this error originates in the macro `include_bytes` which comes from the expansion of the macro `load` (in Nightly builds, run with -Z macro-backtrace for more info)

error: couldn't read `tests/../../testdata/fowler/nullsubexpr.toml`: No such file or directory (os error 2)
  --> tests/lib.rs:15:17
   |
15 |                 include_bytes!(concat!(""../../testdata/"", $name, "".toml""));
   |                 ^^^^^^^^^^^^^^^^^^^^^^^^^^^^^^^^^^^^^^^^^^^^^^^^^^^^^^^^^^
...
43 |     load!(""fowler/nullsubexpr"");
   |     --------------------------- in this macro invocation
   |
   = note: this error originates in the macro `include_bytes` which comes from the expansion of the macro `load` (in Nightly builds, run with -Z macro-backtrace for more info)

error: couldn't read `tests/../../testdata/fowler/repetition.toml`: No such file or directory (os error 2)
  --> tests/lib.rs:15:17
   |
15 |                 include_bytes!(concat!(""../../testdata/"", $name, "".toml""));
   |                 ^^^^^^^^^^^^^^^^^^^^^^^^^^^^^^^^^^^^^^^^^^^^^^^^^^^^^^^^^^
...
44 |     load!(""fowler/repetition"");
   |     -------------------------- in this macro invocation
   |
   = note: this error originates in the macro `include_bytes` which comes from the expansion of the macro `load` (in Nightly builds, run with -Z macro-backtrace for more info)

error: couldn't read `tests/../../testdata/regex-lite.toml`: No such file or directory (os error 2)
  --> tests/lib.rs:15:17
   |
15 |                 include_bytes!(concat!(""../../testdata/"", $name, "".toml""));
   |                 ^^^^^^^^^^^^^^^^^^^^^^^^^^^^^^^^^^^^^^^^^^^^^^^^^^^^^^^^^^
...
47 |     load!(""regex-lite"");
   |     ------------------- in this macro invocation
   |
   = note: this error originates in the macro `include_bytes` which comes from the expansion of the macro `load` (in Nightly builds, run with -Z macro-backtrace for more info)

warning: use of deprecated constant `std::usize::MAX`: replaced by the `MAX` associated constant on this type
  --> tests/string.rs:34:64
   |
34 |                 .take(test.match_limit().unwrap_or(std::usize::MAX))
   |                                                                ^^^
   |
   = note: `#[warn(deprecated)]` on by default

warning: use of deprecated constant `std::usize::MAX`: replaced by the `MAX` associated constant on this type
  --> tests/string.rs:43:64
   |
43 |                 .take(test.match_limit().unwrap_or(std::usize::MAX))
   |                                                                ^^^

For more information about this error, try `rustc --explain E0583`.
warning: `regex-lite` (test ""integration"") generated 2 warnings
error: could not compile `regex-lite` (test ""integration"") due to 27 previous errors; 2 warnings emitted
warning: build failed, waiting for other jobs to finish...
warning: `regex-lite` (lib test) generated 1 warning (1 duplicate)
CSVROW:parse-patch-bsan,regex-lite-0.1.9,,build_failed,,,,,,,1,2026-10-05T14:51:56Z,2188461.9"
