tree_size,count,reads,avg_reads,writes,avg_writes,visited,avg_visited,skipped,avg_skipped,gc_pruned,avg_gc_pruned
1,45814311,59602842,1.30,48166549,1.05,152817688,3.34,0,0.00,0,0.00
2,6958972,7978412,1.15,13560411,1.95,63255256,9.09,4441357,0.64,728,0.00
3,4082477,6566121,1.61,6032490,1.48,63344538,15.52,3957275,0.97,22182,0.01
4,308260,410302,1.33,420771,1.36,6282404,20.38,46350,0.15,3851,0.01
5,687812,1182554,1.72,588434,0.86,19923736,28.97,1402251,2.04,14551,0.02
6,90922,157120,1.73,140729,1.55,4053765,44.59,271804,2.99,3794,0.04
7,227004,2654131,11.69,1536894,6.77,24746353,109.01,4409666,19.43,12824,0.06
8,54857,99826,1.82,52216,0.95,3432027,62.56,48556,0.89,11472,0.21
9,77302,275461,3.56,85760,1.11,6567191,84.95,1139789,14.74,14280,0.18
10,11757,36686,3.12,18084,1.54,1433681,121.94,96182,8.18,2297,0.20
11,35854,173122,4.83,64572,1.80,5259113,146.68,721203,20.11,9955,0.28
12,37676,248329,6.59,77992,2.07,8536895,226.59,848805,22.53,25271,0.67
13,12114,70729,5.84,31516,2.60,2298316,189.72,346626,28.61,3975,0.33
14,19759,66028,3.34,30835,1.56,3622701,183.34,227801,11.53,9190,0.47
15,44518,76657,1.72,52530,1.18,7800562,175.22,570577,12.82,5442,0.12
16,5699,23934,4.20,10974,1.93,1203235,211.13,149964,26.31,10965,1.92
17,62209,201252,3.24,122956,1.98,15631382,251.27,1862787,29.94,15554,0.25
18,15246,73457,4.82,42216,2.77,5426000,355.90,380987,24.99,41850,2.74
19,4450,28153,6.33,13751,3.09,1141518,256.52,256253,57.58,10393,2.34
20,2232,13838,6.20,5427,2.43,1020267,457.11,137655,61.67,3514,1.57
21,15337,86469,5.64,20458,1.33,2492593,162.52,989484,64.52,24088,1.57
22,14309,141148,9.86,54386,3.80,10431085,728.99,836435,58.46,7483,0.52
23,3499,21688,6.20,6870,1.96,1180923,337.50,267386,76.42,5742,1.64
24,1786,8686,4.86,3565,2.00,730715,409.13,109170,61.13,3335,1.87
25,2891,32878,11.37,12047,4.17,1198245,414.47,424688,146.90,12214,4.22
26,10420,41492,3.98,14775,1.42,3967239,380.73,551406,52.92,11241,1.08
27,3163,43699,13.82,9544,3.02,3846171,1215.99,743038,234.92,5245,1.66
28,6740,24093,3.57,9599,1.42,4128040,612.47,417090,61.88,8848,1.31
29,3657,49748,13.60,12743,3.48,1518460,415.22,1595370,436.25,6894,1.89
30,13445,144670,10.76,90343,6.72,14743571,1096.58,993791,73.92,20558,1.53
31,4445,57462,12.93,12068,2.71,2055872,462.51,1174915,264.32,29703,6.68
32,535,5110,9.55,1119,2.09,355381,664.26,80928,151.27,2877,5.38
33,10904,117801,10.80,58481,5.36,5734504,525.91,1850650,169.72,8696,0.80
34,5784,39868,6.89,31753,5.49,2264304,391.48,816071,141.09,22261,3.85
35,2780,51301,18.45,21978,7.91,1863434,670.30,1346427,484.33,12466,4.48
36,4382,26432,6.03,13281,3.03,4543823,1036.93,457755,104.46,6823,1.56
37,2656,41823,15.75,10783,4.06,1489389,560.76,1355082,510.20,10385,3.91
38,305,2157,7.07,412,1.35,230365,755.30,37245,122.11,2063,6.76
39,9552,81123,8.49,20704,2.17,8268192,865.60,903782,94.62,9106,0.95
40,1181,12409,10.51,2790,2.36,801616,678.76,289355,245.01,3164,2.68
41,3296,29677,9.00,15604,4.73,2559611,776.58,567870,172.29,30034,9.11
42,1202,15744,13.10,3621,3.01,1149852,956.62,263385,219.12,19816,16.49
43,5189,34005,6.55,14502,2.79,5007418,965.01,1016272,195.85,7709,1.49
44,625,5249,8.40,1660,2.66,458898,734.24,65401,104.64,12081,19.33
45,2005,23403,11.67,3474,1.73,1692728,844.25,834332,416.13,20385,10.17
46,2537,34682,13.67,13322,5.25,1990035,784.40,886210,349.31,8398,3.31
47,1016,23533,23.16,9024,8.88,1011067,995.14,800059,787.46,2962,2.92
48,539,5101,9.46,1750,3.25,499315,926.37,87594,162.51,1936,3.59
49,8228,90078,10.95,14469,1.76,9329059,1133.82,3712419,451.19,13657,1.66
50,169,2282,13.50,837,4.95,202321,1197.17,58957,348.86,2433,14.40
51,11998,127128,10.60,40683,3.39,14635355,1219.82,2875378,239.65,59559,4.96
52,930,15778,16.97,3780,4.06,605117,650.66,486227,522.82,4067,4.37
53,824,9453,11.47,4713,5.72,1150547,1396.29,296461,359.78,3083,3.74
54,610,3814,6.25,1242,2.04,847457,1389.27,87613,143.63,5881,9.64
55,1165,23144,19.87,5088,4.37,1360715,1168.00,667901,573.31,12798,10.99
56,444,13357,30.08,6306,14.20,550150,1239.08,406851,916.33,2733,6.16
57,360,5963,16.56,1555,4.32,493969,1372.14,141318,392.55,5489,15.25
58,8932,17131,1.92,12016,1.35,14928163,1671.31,666891,74.66,446068,49.94
59,792,11344,14.32,2317,2.93,904232,1141.71,246531,311.28,22840,28.84
60,6726,21192,3.15,8932,1.33,7246680,1077.41,1214409,180.55,4057,0.60
61,1411,31261,22.16,10969,7.77,1715850,1216.05,1237323,876.91,4507,3.19
62,79,813,10.29,185,2.34,159043,2013.20,27188,344.15,873,11.05
63,8597,103900,12.09,51811,6.03,5496933,639.40,2029179,236.03,36274,4.22
64,1837,20928,11.39,10137,5.52,2267868,1234.55,960362,522.79,13907,7.57
65,832,14167,17.03,5755,6.92,925726,1112.65,706599,849.28,4562,5.48
66,428,15324,35.80,7585,17.72,598544,1398.47,555996,1299.06,5342,12.48
67,1156,36142,31.26,8242,7.13,2977789,2575.94,1406240,1216.47,5711,4.94
68,698,7159,10.26,2134,3.06,1044677,1496.67,225266,322.73,19847,28.43
69,405,12154,30.01,2101,5.19,503020,1242.02,564044,1392.70,4685,11.57
70,311,9454,30.40,3031,9.75,303052,974.44,493580,1587.07,1739,5.59
71,566,20094,35.50,8800,15.55,999081,1765.16,807114,1426.00,3619,6.39
72,89,1045,11.74,724,8.13,124301,1396.64,56180,631.24,2977,33.45
73,983,30939,31.47,10355,10.53,1444463,1469.44,1710361,1739.94,7469,7.60
74,211,2720,12.89,1207,5.72,592038,2805.87,73146,346.66,3309,15.68
75,50982,106928,2.10,153886,3.02,128915417,2528.65,6279111,123.16,76598,1.50
76,531,23448,44.16,10671,20.10,797446,1501.78,1038020,1954.84,3663,6.90
77,373,11367,30.47,2587,6.94,680489,1824.37,335405,899.21,4587,12.30
78,5446,135025,24.79,35508,6.52,8617573,1582.37,4348855,798.54,10256,1.88
79,440,13036,29.63,4631,10.53,636802,1447.28,708109,1609.34,5149,11.70
80,236,4227,17.91,1564,6.63,480825,2037.39,79184,335.53,16472,69.80
81,625,22373,35.80,12076,19.32,1004572,1607.32,1042428,1667.88,7666,12.27
82,1753,35550,20.28,7446,4.25,3586373,2045.85,2829440,1614.06,3988,2.27
83,198,4694,23.71,2049,10.35,438734,2215.83,205678,1038.78,7024,35.47
84,291,6160,21.17,2114,7.26,560563,1926.33,222287,763.87,5721,19.66
85,751,19354,25.77,5573,7.42,1867789,2487.07,815593,1086.01,14206,18.92
86,316,16256,51.44,7993,25.29,635908,2012.37,764331,2418.77,4065,12.86
87,2054,9605,4.68,6056,2.95,5600738,2726.75,501865,244.34,37376,18.20
88,215,7747,36.03,3330,15.49,290987,1353.43,505550,2351.40,3331,15.49
89,222,4661,21.00,1583,7.13,416600,1876.58,246994,1112.59,13700,61.71
90,57,1355,23.77,222,3.89,109686,1924.32,105231,1846.16,1429,25.07
91,1079,40308,37.36,17011,15.77,1944473,1802.11,1990746,1844.99,8950,8.29
92,142,3431,24.16,929,6.54,324212,2283.18,146265,1030.04,5811,40.92
93,200,5680,28.40,1324,6.62,559714,2798.57,308851,1544.26,3845,19.23
94,152,8077,53.14,3762,24.75,236821,1558.03,578581,3806.45,1583,10.41
95,338,9673,28.62,3218,9.52,794092,2349.38,382743,1132.38,6526,19.31
96,343,18055,52.64,8584,25.03,903174,2633.16,921674,2687.10,2875,8.38
97,42620,55844,1.31,47142,1.11,127229716,2985.21,5947029,139.54,3823113,89.70
98,38,651,17.13,197,5.18,172582,4541.63,23383,615.34,877,23.08
99,319,6080,19.06,1193,3.74,754574,2365.44,383147,1201.09,5386,16.88
100,836,29269,35.01,10913,13.05,1411151,1687.98,1364984,1632.76,28205,33.74
101,311,18988,61.05,8827,28.38,658022,2115.83,1001528,3220.35,3503,11.26
102,129,1871,14.50,648,5.02,531898,4123.24,121125,938.95,1973,15.29
103,345,11081,32.12,3700,10.72,793347,2299.56,877355,2543.06,2887,8.37
104,197,10105,51.29,4055,20.58,621119,3152.89,443596,2251.76,6158,31.26
105,1390,154033,110.82,19284,13.87,3629599,2611.22,3659949,2633.06,30135,21.68
106,358,22128,61.81,11015,30.77,743205,2075.99,1485703,4150.01,6484,18.11
107,394,7948,20.17,1304,3.31,1045431,2653.38,559343,1419.65,2835,7.20
108,68,824,12.12,304,4.47,136106,2001.56,38673,568.72,3436,50.53
109,285,15101,52.99,5836,20.48,632999,2221.05,1081585,3795.04,5383,18.89
110,258,5687,22.04,1736,6.73,1030705,3994.98,167968,651.04,8278,32.09
111,531,23801,44.82,9149,17.23,1540911,2901.90,1867395,3516.75,2574,4.85
112,160,9497,59.36,4628,28.93,360846,2255.29,718981,4493.63,4060,25.38
113,4846,111855,23.08,44001,9.08,11691001,2412.51,4325361,892.56,26167,5.40
114,49,1355,27.65,388,7.92,128048,2613.22,54547,1113.20,1612,32.90
115,583,21743,37.30,5671,9.73,1583152,2715.53,2196342,3767.31,7240,12.42
116,218,14234,65.29,6809,31.23,565913,2595.93,929653,4264.46,2032,9.32
117,408,12305,30.16,1462,3.58,1934410,4741.20,666755,1634.20,7752,19.00
118,159,8904,56.00,4184,26.31,314627,1978.79,813177,5114.32,2757,17.34
119,103,2279,22.13,968,9.40,537720,5220.58,153257,1487.93,3233,31.39
120,82,3134,38.22,307,3.74,217527,2652.77,134198,1636.56,5126,62.51
121,444,25269,56.91,10774,24.27,1220039,2747.84,1884515,4244.40,9902,22.30
122,192,2498,13.01,1106,5.76,585976,3051.96,137425,715.76,6325,32.94
123,243,5657,23.28,1633,6.72,1453833,5982.85,306650,1261.93,3433,14.13
124,201,9977,49.64,4427,22.02,655732,3262.35,908323,4519.02,4338,21.58
125,47,1751,37.26,632,13.45,151434,3222.00,100389,2135.94,3394,72.21
126,640,18686,29.20,7521,11.75,2700662,4219.78,2014301,3147.35,4937,7.71
127,382,17796,46.59,6562,17.18,1308412,3425.16,1256918,3290.36,8791,23.01
128,26,493,18.96,101,3.88,124188,4776.46,29280,1126.15,1465,56.35
129,1404,27517,19.60,2377,1.69,6479173,4614.80,1345318,958.20,43082,30.69
130,225,10268,45.64,5167,22.96,922101,4098.23,1081341,4805.96,6504,28.91
131,338,13641,40.36,5206,15.40,1486735,4398.62,825930,2443.58,4967,14.70
132,267,7962,29.82,2918,10.93,841499,3151.68,334190,1251.65,2725,10.21
133,155,11510,74.26,5037,32.50,354454,2286.80,1139549,7351.93,3341,21.55
134,53,1665,31.42,1471,27.75,255257,4816.17,255795,4826.32,3216,60.68
135,254,8559,33.70,1317,5.19,921056,3626.20,907509,3572.87,5177,20.38
136,224,17061,76.17,8198,36.60,621582,2774.92,1613478,7203.03,3893,17.38
137,79,3615,45.76,881,11.15,290726,3680.08,173651,2198.11,2474,31.32
138,37,810,21.89,229,6.19,152895,4132.30,34057,920.46,1576,42.59
139,199,12969,65.17,5572,28.00,614183,3086.35,1382489,6947.18,4340,21.81
140,43,1124,26.14,265,6.16,236691,5504.44,67023,1558.67,1742,40.51
141,702,33058,47.09,8063,11.49,2139317,3047.46,1998370,2846.68,31832,45.34
142,134,9953,74.28,4871,36.35,346185,2583.47,1186691,8855.90,3636,27.13
143,73,2606,35.70,699,9.58,371463,5088.53,234104,3206.90,1607,22.01
144,102,2532,24.82,672,6.59,454620,4457.06,234730,2301.27,2191,21.48
145,324,14641,45.19,4947,15.27,854529,2637.44,1543727,4764.59,13721,42.35
146,113,4813,42.59,1892,16.74,377252,3338.51,314645,2784.47,8319,73.62
147,445,7801,17.53,4020,9.03,1895172,4258.81,407007,914.62,34932,78.50
148,197,11119,56.44,4780,24.26,615196,3122.82,1429964,7258.70,3007,15.26
149,152,7230,47.57,1942,12.78,804947,5295.70,408452,2687.18,4763,31.34
150,102,2638,25.86,673,6.60,451964,4431.02,363497,3563.70,2283,22.38
151,586,20181,34.44,10323,17.62,1827028,3117.80,1935924,3303.62,36984,63.11
152,115,3083,26.81,648,5.63,754233,6558.55,155318,1350.59,4016,34.92
153,131,3347,25.55,876,6.69,944193,7207.58,256174,1955.53,5349,40.83
154,948,52166,55.03,19530,20.60,2374086,2504.31,4247068,4480.03,6498,6.85
155,65,5008,77.05,1473,22.66,286310,4404.77,330519,5084.91,2533,38.97
156,42,2152,51.24,1059,25.21,144840,3448.57,179086,4263.95,2239,53.31
157,183,15151,82.79,5773,31.55,599906,3278.17,1545453,8445.10,5308,29.01
158,90,792,8.80,366,4.07,579929,6443.66,73684,818.71,1885,20.94
159,65,3240,49.85,850,13.08,514638,7917.51,251471,3868.78,1762,27.11
160,108,10053,93.08,5028,46.56,312219,2890.92,1290940,11953.15,2270,21.02
161,140,3888,27.77,3224,23.03,700873,5006.24,391883,2799.16,7271,51.94
162,37,1302,35.19,510,13.78,146327,3954.78,91128,2462.92,4001,108.14
163,287,20080,69.97,7406,25.80,1033727,3601.84,2159000,7522.65,6194,21.58
164,166,6367,38.36,2901,17.48,701937,4228.54,231942,1397.24,11697,70.46
165,35,1801,51.46,798,22.80,186416,5326.17,184609,5274.54,2921,83.46
166,199,13045,65.55,6248,31.40,528658,2656.57,1790282,8996.39,7789,39.14
167,132,7213,54.64,1446,10.95,671211,5084.93,389152,2948.12,4321,32.73
168,31,712,22.97,244,7.87,217048,7001.55,93095,3003.06,1373,44.29
169,160,14493,90.58,6566,41.04,585522,3659.51,1978750,12367.19,5306,33.16
170,297,3815,12.85,2101,7.07,1765316,5943.82,163954,552.03,18547,62.45
171,68,2999,44.10,1139,16.75,393846,5791.85,272724,4010.65,2933,43.13
172,196,14735,75.18,6611,33.73,873801,4458.17,1839348,9384.43,3078,15.70
173,130,4066,31.28,1798,13.83,876608,6743.14,254196,1955.35,3541,27.24
174,79,1737,21.99,594,7.52,405807,5136.80,252141,3191.66,5279,66.82
175,177,16200,91.53,7068,39.93,593509,3353.16,2226274,12577.82,3170,17.91
176,14,334,23.86,119,8.50,66324,4737.43,29718,2122.71,1280,91.43
177,83,3287,39.60,986,11.88,442024,5325.59,254763,3069.43,8859,106.73
178,101,10575,104.70,5263,52.11,303522,3005.17,1571232,15556.75,2835,28.07
179,29,1877,64.72,731,25.21,128629,4435.48,171124,5900.83,3629,125.14
180,31,869,28.03,147,4.74,234920,7578.06,47510,1532.58,1464,47.23
181,236,19090,80.89,7827,33.17,723198,3064.40,2379565,10082.90,8715,36.93
182,33,477,14.45,319,9.67,173456,5256.24,39347,1192.33,2604,78.91
183,39,2554,65.49,829,21.26,231871,5945.41,349145,8952.44,2116,54.26
184,122,12345,101.19,5945,48.73,380647,3120.06,1929901,15818.86,3333,27.32
185,81,4667,57.62,969,11.96,464750,5737.65,246660,3045.19,5632,69.53
186,20,304,15.20,195,9.75,172795,8639.75,72197,3609.85,1015,50.75
187,145,14538,100.26,6742,46.50,785887,5419.91,2115813,14591.81,4143,28.57
188,41,595,14.51,164,4.00,154463,3767.39,63405,1546.46,5404,131.80
189,45,3068,68.18,876,19.47,213147,4736.60,303494,6744.31,3146,69.91
190,236,28764,121.88,9429,39.95,1172767,4969.35,2293773,9719.38,20623,87.39
191,287,2162,7.53,4739,16.51,3175142,11063.21,643416,2241.87,3261,11.36
192,381,6063,15.91,3585,9.41,1707492,4481.61,334716,878.52,24372,63.97
193,108,11698,108.31,5296,49.04,451399,4179.62,1743900,16147.22,4736,43.85
194,61,2426,39.77,552,9.05,331263,5430.54,185234,3036.62,7340,120.33
195,32,2759,86.22,911,28.47,182630,5707.19,180488,5640.25,1747,54.59
196,108,2282,21.13,351,3.25,942109,8723.23,196957,1823.68,3115,28.84
197,67,3685,55.00,946,14.12,693876,10356.36,273499,4082.07,5225,77.99
198,57,827,14.51,293,5.14,385576,6764.49,119033,2088.30,5845,102.54
199,50,3070,61.40,836,16.72,254785,5095.70,265281,5305.62,2936,58.72
200,8,211,26.38,33,4.12,96539,12067.38,19922,2490.25,681,85.12
201,92,5123,55.68,1703,18.51,653700,7105.43,451404,4906.57,7080,76.96
202,13,237,18.23,38,2.92,89524,6886.46,22198,1707.54,957,73.62
203,47,3010,64.04,642,13.66,236321,5028.11,172909,3678.91,2718,57.83
204,27,921,34.11,416,15.41,172985,6406.85,123676,4580.59,2747,101.74
205,117,5789,49.48,1806,15.44,702138,6001.18,907540,7756.75,3842,32.84
206,106,14578,137.53,6049,57.07,684179,6454.52,907166,8558.17,13036,122.98
207,17,1924,113.18,779,45.82,126240,7425.88,173643,10214.29,1350,79.41
208,194,3010,15.52,1457,7.51,1953199,10068.04,335999,1731.95,7105,36.62
209,34,1385,40.74,468,13.76,324364,9540.12,137982,4058.29,4703,138.32
210,47,1410,30.00,448,9.53,180361,3837.47,100255,2133.09,6423,136.66
211,392,14355,36.62,2959,7.55,4418947,11272.82,1105547,2820.27,5731,14.62
212,26,692,26.62,189,7.27,239214,9200.54,45723,1758.58,2549,98.04
213,140,4966,35.47,583,4.16,755670,5397.64,868358,6202.56,4482,32.01
214,19,539,28.37,135,7.11,169569,8924.68,66640,3507.37,1981,104.26
215,422,49753,117.90,17621,41.76,3971907,9412.10,4335594,10273.92,15025,35.60
216,16,586,36.62,87,5.44,114852,7178.25,36813,2300.81,1928,120.50
217,305,6950,22.79,1233,4.04,4775112,15656.10,708630,2323.38,54018,177.11
218,20,1366,68.30,626,31.30,109145,5457.25,155710,7785.50,752,37.60
219,17,1974,116.12,541,31.82,154583,9093.12,175906,10347.41,1553,91.35
220,43,1715,39.88,303,7.05,420595,9781.28,151974,3534.28,3163,73.56
221,70,3968,56.69,739,10.56,422023,6028.90,255161,3645.16,5500,78.57
222,45,4147,92.16,774,17.20,311698,6926.62,453649,10081.09,827,18.38
223,87,4034,46.37,1096,12.60,530066,6092.71,419977,4827.32,5504,63.26
224,64,3493,54.58,428,6.69,1047315,16364.30,272100,4251.56,2290,35.78
225,267,19636,73.54,4952,18.55,1592895,5965.90,1166678,4369.58,23275,87.17
226,103,1697,16.48,654,6.35,680390,6605.73,211321,2051.66,9842,95.55
227,11,560,50.91,139,12.64,68920,6265.45,54212,4928.36,1189,108.09
228,17,1190,70.00,351,20.65,146272,8604.24,73420,4318.82,2284,134.35
229,45,2695,59.89,660,14.67,537283,11939.62,352761,7839.13,5785,128.56
230,18,903,50.17,336,18.67,135121,7506.72,79310,4406.11,947,52.61
231,49,2167,44.22,254,5.18,1019900,20814.29,218635,4461.94,1981,40.43
232,27,1165,43.15,261,9.67,252972,9369.33,70827,2623.22,4533,167.89
233,45,1670,37.11,160,3.56,629631,13991.80,159069,3534.87,3542,78.71
234,23,654,28.43,226,9.83,226749,9858.65,78844,3428.00,3551,154.39
235,211,16845,79.83,5738,27.19,884408,4191.51,1734346,8219.65,3097,14.68
236,12,326,27.17,66,5.50,133784,11148.67,57843,4820.25,1139,94.92
237,16,1693,105.81,492,30.75,153282,9580.12,174731,10920.69,2938,183.62
238,38,970,25.53,166,4.37,556252,14638.21,129436,3406.21,2172,57.16
239,55,4630,84.18,944,17.16,335114,6092.98,377789,6868.89,4115,74.82
240,22,662,30.09,210,9.55,234045,10638.41,71353,3243.32,2659,120.86
241,53,3517,66.36,962,18.15,325373,6139.11,358679,6767.53,6053,114.21
242,8,308,38.50,46,5.75,62963,7870.38,23548,2943.50,1461,182.62
243,14,1365,97.50,417,29.79,138129,9866.36,199611,14257.93,1041,74.36
244,44,2256,51.27,852,19.36,291527,6625.61,194535,4421.25,4041,91.84
245,14,548,39.14,242,17.29,123389,8813.50,31870,2276.43,1032,73.71
246,54,847,15.69,96,1.78,353185,6540.46,97228,1800.52,6583,121.91
247,51,2551,50.02,506,9.92,411483,8068.29,191059,3746.25,7048,138.20
248,33,232,7.03,64,1.94,157257,4765.36,42188,1278.42,6414,194.36
249,20,1640,82.00,469,23.45,129330,6466.50,164089,8204.45,1620,81.00
250,42,1366,32.52,291,6.93,647988,15428.29,135017,3214.69,2926,69.67
251,35,234,6.69,174,4.97,532964,15227.54,95934,2740.97,2494,71.26
252,46,2903,63.11,864,18.78,328299,7136.93,369603,8034.85,3476,75.57
253,36,3679,102.19,868,24.11,170944,4748.44,430559,11959.97,2235,62.08
254,10,578,57.80,308,30.80,113475,11347.50,41508,4150.80,1433,143.30
255,45,1493,33.18,271,6.02,819082,18201.82,185906,4131.24,3574,79.42
256,32,1587,49.59,639,19.97,321965,10061.41,164753,5148.53,4816,150.50
257,65,4785,73.62,1153,17.74,657598,10116.89,397033,6108.20,6925,106.54
258,326,1107,3.40,220,0.67,2703478,8292.88,105382,323.26,82792,253.96
259,29,2272,78.34,535,18.45,277464,9567.72,379184,13075.31,2499,86.17
260,13,662,50.92,264,20.31,108889,8376.08,83291,6407.00,1763,135.62
261,36,1390,38.61,193,5.36,289230,8034.17,71387,1982.97,5282,146.72
262,58,2466,42.52,684,11.79,742772,12806.41,275481,4749.67,4010,69.14
263,16,806,50.38,231,14.44,109679,6854.94,50824,3176.50,1548,96.75
264,11,577,52.45,119,10.82,92520,8410.91,57975,5270.45,680,61.82
265,32,2770,86.56,586,18.31,330185,10318.28,315835,9869.84,5363,167.59
266,36,370,10.28,120,3.33,228481,6346.69,69901,1941.69,8460,235.00
267,15,513,34.20,67,4.47,120300,8020.00,65343,4356.20,2064,137.60
268,33,1487,45.06,94,2.85,459545,13925.61,133808,4054.79,4135,125.30
269,15,1284,85.60,113,7.53,305457,20363.80,100160,6677.33,3119,207.93
270,18,387,21.50,241,13.39,197104,10950.22,92829,5157.17,1723,95.72
271,42,2881,68.60,822,19.57,266797,6352.31,314388,7485.43,3740,89.05
272,87,2014,23.15,366,4.21,663455,7625.92,210644,2421.20,12853,147.74
273,7,788,112.57,51,7.29,68726,9818.00,27531,3933.00,1181,168.71
274,35,613,17.51,182,5.20,628244,17949.83,130276,3722.17,4489,128.26
275,46,5065,110.11,1023,22.24,335571,7295.02,459595,9991.20,3968,86.26
276,27,735,27.22,222,8.22,237450,8794.44,190763,7065.30,4753,176.04
277,10,487,48.70,57,5.70,86321,8632.10,61512,6151.20,1504,150.40
278,21,728,34.67,179,8.52,220353,10493.00,71507,3405.10,3592,171.05
279,15,956,63.73,120,8.00,171877,11458.47,67138,4475.87,1847,123.13
280,55,3571,64.93,1233,22.42,841001,15290.93,441476,8026.84,3605,65.55
281,33,1099,33.30,173,5.24,192816,5842.91,178217,5400.52,4245,128.64
282,3,219,73.00,13,4.33,42851,14283.67,28383,9461.00,395,131.67
283,10,2100,210.00,499,49.90,63117,6311.70,183880,18388.00,905,90.50
284,6,453,75.50,111,18.50,15219,2536.50,18545,3090.83,1560,260.00
285,8,231,28.88,93,11.62,113218,14152.25,78658,9832.25,922,115.25
286,45,1164,25.87,294,6.53,1082189,24048.64,149393,3319.84,3792,84.27
287,6,143,23.83,28,4.67,55420,9236.67,20710,3451.67,1415,235.83
288,64,1140,17.81,283,4.42,329792,5153.00,131679,2057.48,13718,214.34
289,53,4819,90.92,1280,24.15,384118,7247.51,549556,10368.98,6050,114.15
290,5,195,39.00,28,5.60,65962,13192.40,15065,3013.00,741,148.20
291,17,1920,112.94,624,36.71,118399,6964.65,278745,16396.76,2319,136.41
292,29,1386,47.79,68,2.34,489138,16866.83,193625,6676.72,663,22.86
293,38,3795,99.87,600,15.79,341044,8974.84,254887,6707.55,3074,80.89
294,12,935,77.92,464,38.67,120088,10007.33,57021,4751.75,2451,204.25
295,111,7633,68.77,2576,23.21,770565,6942.03,795188,7163.86,14851,133.79
296,48,2740,57.08,484,10.08,658498,13718.71,265068,5522.25,9462,197.12
297,42,2125,50.60,410,9.76,385010,9166.90,468061,11144.31,4971,118.36
298,99,7115,71.87,3009,30.39,1240937,12534.72,459135,4637.73,11146,112.59
299,25,1013,40.52,220,8.80,553182,22127.28,174244,6969.76,1091,43.64
300,17,938,55.18,149,8.76,116452,6850.12,150878,8875.18,2410,141.76
301,19,1306,68.74,173,9.11,145631,7664.79,101173,5324.89,3575,188.16
302,4,103,25.75,8,2.00,22343,5585.75,5197,1299.25,896,224.00
303,23,1218,52.96,195,8.48,417324,18144.52,173025,7522.83,1044,45.39
304,34,2230,65.59,395,11.62,377966,11116.65,171293,5038.03,6655,195.74
305,18,457,25.39,119,6.61,326778,18154.33,63973,3554.06,2137,118.72
306,28,1764,63.00,452,16.14,354675,12666.96,171336,6119.14,4666,166.64
307,44,3547,80.61,998,22.68,415777,9449.48,411461,9351.39,5909,134.30
308,8,304,38.00,68,8.50,46146,5768.25,14317,1789.62,2280,285.00
309,15,1157,77.13,279,18.60,145598,9706.53,136908,9127.20,1582,105.47
310,63,1190,18.89,197,3.13,1214114,19271.65,242550,3850.00,4364,69.27
311,37,4033,109.00,610,16.49,288304,7792.00,259013,7000.35,4134,111.73
312,10,398,39.80,134,13.40,95275,9527.50,32940,3294.00,2280,228.00
313,21,3108,148.00,619,29.48,184341,8778.14,287788,13704.19,3967,188.90
314,7,214,30.57,55,7.86,83168,11881.14,26327,3761.00,1834,262.00
315,33,2938,89.03,501,15.18,1035829,31388.76,332894,10087.70,1136,34.42
316,53,3596,67.85,790,14.91,630565,11897.45,425160,8021.89,6801,128.32
317,55,1739,31.62,823,14.96,866716,15758.47,346536,6300.65,10335,187.91
318,12,826,68.83,256,21.33,128994,10749.50,73599,6133.25,2807,233.92
319,11,2269,206.27,562,51.09,84636,7694.18,303460,27587.27,1682,152.91
320,28,624,22.29,181,6.46,305543,10912.25,310284,11081.57,2679,95.68
321,66,1313,19.89,3291,49.86,501190,7593.79,363617,5509.35,14661,222.14
322,33,699,21.18,147,4.45,950150,28792.42,135421,4103.67,2996,90.79
323,48,4564,95.08,1982,41.29,415101,8647.94,310297,6464.52,7551,157.31
324,11,533,48.45,175,15.91,110234,10021.27,72687,6607.91,1705,155.00
325,51,3993,78.29,905,17.75,602036,11804.63,420196,8239.14,4048,79.37
326,9,655,72.78,211,23.44,102033,11337.00,38085,4231.67,2004,222.67
327,7,433,61.86,46,6.57,139527,19932.43,60544,8649.14,2087,298.14
328,36,346,9.61,153,4.25,296862,8246.17,90746,2520.72,11174,310.39
329,141,6667,47.28,1534,10.88,2944491,20882.91,868914,6162.51,8338,59.13
330,10,508,50.80,286,28.60,145286,14528.60,81067,8106.70,2177,217.70
331,15,1505,100.33,233,15.53,110916,7394.40,148483,9898.87,1555,103.67
332,37,874,23.62,255,6.89,228774,6183.08,129587,3502.35,3159,85.38
333,9,502,55.78,52,5.78,120013,13334.78,58462,6495.78,2357,261.89
334,903,95398,105.65,31816,35.23,6310839,6988.75,13746988,15223.69,17510,19.39
335,5,338,67.60,30,6.00,75441,15088.20,19868,3973.60,500,100.00
336,9,763,84.78,269,29.89,79369,8818.78,29129,3236.56,2479,275.44
337,16,1094,68.38,100,6.25,216685,13542.81,129897,8118.56,2295,143.44
338,9,614,68.22,415,46.11,168961,18773.44,28213,3134.78,1775,197.22
339,5,183,36.60,57,11.40,56101,11220.20,31123,6224.60,1245,249.00
340,30,1764,58.80,110,3.67,524358,17478.60,228539,7617.97,1509,50.30
341,18,617,34.28,121,6.72,247717,13762.06,54356,3019.78,4182,232.33
342,18,955,53.06,217,12.06,205292,11405.11,224515,12473.06,2472,137.33
343,30,2632,87.73,679,22.63,434632,14487.73,367784,12259.47,3172,105.73
344,6,220,36.67,88,14.67,81703,13617.17,24737,4122.83,1306,217.67
345,5,278,55.60,7,1.40,26814,5362.80,24404,4880.80,1466,293.20
346,55,560,10.18,204,3.71,1388662,25248.40,214399,3898.16,2574,46.80
347,51,5482,107.49,876,17.18,486391,9537.08,494616,9698.35,5625,110.29
348,33,1321,40.03,324,9.82,913574,27684.06,185320,5615.76,3967,120.21
349,2,558,279.00,2,1.00,10395,5197.50,59960,29980.00,0,0.00
350,37,366,9.89,344,9.30,406797,10994.51,237725,6425.00,9228,249.41
351,16,797,49.81,57,3.56,235147,14696.69,116544,7284.00,2588,161.75
352,16,1772,110.75,599,37.44,104866,6554.12,288562,18035.12,683,42.69
353,21,1264,60.19,278,13.24,214673,10222.52,112582,5361.05,4204,200.19
354,10,522,52.20,110,11.00,86170,8617.00,28485,2848.50,2441,244.10
355,9,960,106.67,25,2.78,85238,9470.89,84689,9409.89,2097,233.00
356,12,377,31.42,31,2.58,234076,19506.33,107831,8985.92,2498,208.17
357,59,4575,77.54,1398,23.69,1095420,18566.44,580497,9838.93,15854,268.71
358,33,631,19.12,198,6.00,1282769,38871.79,178837,5419.30,2952,89.45
359,14,416,29.71,182,13.00,198478,14177.00,81707,5836.21,2512,179.43
360,12,497,41.42,139,11.58,242503,20208.58,101478,8456.50,2278,189.83
361,58,5379,92.74,995,17.16,752092,12967.10,888543,15319.71,10163,175.22
362,37,1729,46.73,516,13.95,349826,9454.76,219689,5937.54,8205,221.76
363,1,55,55.00,1,1.00,8219,8219.00,7629,7629.00,124,124.00
364,39,2818,72.26,382,9.79,772555,19809.10,278530,7141.79,8392,215.18
365,31,3431,110.68,553,17.84,452891,14609.39,302845,9769.19,3448,111.23
366,37,823,22.24,317,8.57,326770,8831.62,379238,10249.68,5068,136.97
367,22,2598,118.09,463,21.05,181989,8272.23,304324,13832.91,4099,186.32
368,41,1280,31.22,293,7.15,1322961,32267.34,246105,6002.56,5311,129.54
369,17,585,34.41,84,4.94,331002,19470.71,103972,6116.00,3773,221.94
370,62,2430,39.19,715,11.53,1189615,19187.34,407850,6578.23,10773,173.76
371,7,440,62.86,54,7.71,116840,16691.43,35196,5028.00,2180,311.43
372,30,286,9.53,78,2.60,356799,11893.30,52536,1751.20,9793,326.43
373,22,2503,113.77,141,6.41,134222,6101.00,218656,9938.91,4124,187.45
374,7,335,47.86,64,9.14,161756,23108.00,22888,3269.71,1424,203.43
375,5,288,57.60,118,23.60,67169,13433.80,49152,9830.40,1440,288.00
376,12,585,48.75,115,9.58,166561,13880.08,91989,7665.75,1969,164.08
377,13,256,19.69,111,8.54,144397,11107.46,54040,4156.92,4243,326.38
378,9,1172,130.22,367,40.78,99093,11010.33,74435,8270.56,2395,266.11
379,29,2845,98.10,713,24.59,258358,8908.90,446608,15400.28,2671,92.10
380,2,26,13.00,8,4.00,47682,23841.00,16992,8496.00,752,376.00
381,33,4927,149.30,1600,48.48,409257,12401.73,789900,23936.36,5355,162.27
382,33,809,24.52,165,5.00,1242084,37638.91,184783,5599.48,4434,134.36
383,37,6773,183.05,1147,31.00,276194,7464.70,709045,19163.38,7467,201.81
384,10,979,97.90,241,24.10,68113,6811.30,110535,11053.50,2692,269.20
385,5,639,127.80,2,0.40,33298,6659.60,63296,12659.20,1278,255.60
386,56,1420,25.36,432,7.71,643608,11493.00,241607,4314.41,19455,347.41
387,18,2943,163.50,872,48.44,302798,16822.11,453145,25174.72,2451,136.17
388,69,4027,58.36,722,10.46,836907,12129.09,731869,10606.80,3097,44.88
389,4,259,64.75,16,4.00,39405,9851.25,38557,9639.25,1168,292.00
390,2,181,90.50,71,35.50,33422,16711.00,45921,22960.50,383,191.50
391,349,16719,47.91,5859,16.79,3600863,10317.66,559316,1602.62,57964,166.09
392,7,540,77.14,140,20.00,118891,16984.43,62439,8919.86,2291,327.29
393,12,636,53.00,128,10.67,112628,9385.67,98596,8216.33,2847,237.25
394,32,1573,49.16,525,16.41,1217634,38051.06,267344,8354.50,4972,155.38
395,13,142,10.92,35,2.69,444343,34180.23,66348,5103.69,3063,235.62
396,16,656,41.00,222,13.88,318066,19879.12,244725,15295.31,4205,262.81
397,26,2874,110.54,751,28.88,296033,11385.88,464877,17879.88,2883,110.88
398,16,1440,90.00,501,31.31,149270,9329.38,116360,7272.50,5297,331.06
399,5,202,40.40,85,17.00,89673,17934.60,43760,8752.00,786,157.20
400,5,431,86.20,23,4.60,40252,8050.40,38032,7606.40,1717,343.40
401,41,4466,108.93,676,16.49,394106,9612.34,402278,9811.66,7957,194.07
402,6,324,54.00,58,9.67,86693,14448.83,63949,10658.17,1092,182.00
403,15,3008,200.53,863,57.53,322965,21531.00,443691,29579.40,2419,161.27
404,7,282,40.29,62,8.86,113206,16172.29,57800,8257.14,2031,290.14
405,5,250,50.00,51,10.20,52344,10468.80,26036,5207.20,1181,236.20
406,40,2487,62.17,733,18.32,822968,20574.20,441398,11034.95,6718,167.95
407,4,233,58.25,10,2.50,52346,13086.50,28535,7133.75,955,238.75
408,33,815,24.70,242,7.33,237021,7182.45,85948,2604.48,11497,348.39
409,10,1443,144.30,133,13.30,73574,7357.40,139520,13952.00,2439,243.90
410,89,14409,161.90,5853,65.76,1041550,11702.81,1214385,13644.78,24669,277.18
411,6,1938,323.00,654,109.00,138030,23005.00,439836,73306.00,1076,179.33
412,37,2568,69.41,162,4.38,992254,26817.68,445643,12044.41,2685,72.57
413,25,1949,77.96,286,11.44,324451,12978.04,326016,13040.64,4325,173.00
414,13,699,53.77,230,17.69,287647,22126.69,434005,33385.00,4395,338.08
415,22,2493,113.32,583,26.50,229261,10420.95,413769,18807.68,2572,116.91
416,11,704,64.00,165,15.00,219392,19944.73,97279,8843.55,3841,349.18
417,5,695,139.00,30,6.00,40066,8013.20,23388,4677.60,1976,395.20
418,71,4042,56.93,551,7.76,1752194,24678.79,761175,10720.77,8443,118.92
419,45,3996,88.80,528,11.73,1592995,35399.89,483232,10738.49,13247,294.38
420,9,628,69.78,158,17.56,99087,11009.67,57311,6367.89,3686,409.56
421,11,1135,103.18,114,10.36,96851,8804.64,126198,11472.55,2946,267.82
422,9,1569,174.33,360,40.00,193555,21506.11,175146,19460.67,2271,252.33
423,6,526,87.67,44,7.33,57245,9540.83,71091,11848.50,1170,195.00
424,22,2658,120.82,933,42.41,167711,7623.23,402077,18276.23,3476,158.00
425,16,960,60.00,217,13.56,286133,17883.31,78990,4936.88,4600,287.50
426,10,661,66.10,105,10.50,205489,20548.90,105310,10531.00,3203,320.30
427,10,1517,151.70,524,52.40,67268,6726.80,111194,11119.40,1749,174.90
428,7,224,32.00,43,6.14,163204,23314.86,65811,9401.57,2256,322.29
429,4,127,31.75,77,19.25,78579,19644.75,35612,8903.00,1187,296.75
430,64,498,7.78,97,1.52,1338921,20920.64,315867,4935.42,10740,167.81
431,23,826,35.91,202,8.78,1022214,44444.09,345351,15015.26,2142,93.13
432,3,201,67.00,47,15.67,22101,7367.00,17041,5680.33,1231,410.33
433,29,4913,169.41,1270,43.79,403439,13911.69,749101,25831.07,6645,229.14
434,8,476,59.50,42,5.25,170258,21282.25,50652,6331.50,3110,388.75
435,14,1290,92.14,225,16.07,241966,17283.29,176614,12615.29,2806,200.43
436,26,1864,71.69,79,3.04,634745,24413.27,349486,13441.77,1179,45.35
437,32,4220,131.88,695,21.72,481741,15054.41,431908,13497.12,4767,148.97
438,3,303,101.00,67,22.33,55802,18600.67,38396,12798.67,1072,357.33
439,4,536,134.00,4,1.00,36904,9226.00,80614,20153.50,1222,305.50
440,6,341,56.83,106,17.67,149284,24880.67,103426,17237.67,1385,230.83
441,6,362,60.33,20,3.33,69628,11604.67,30384,5064.00,2483,413.83
442,42,3492,83.14,1166,27.76,1402759,33399.02,599727,14279.21,6677,158.98
443,33,2145,65.00,862,26.12,175063,5304.94,500271,15159.73,13183,399.48
444,22,1469,66.77,365,16.59,265794,12081.55,244830,11128.64,8426,383.00
445,11,1647,149.73,275,25.00,263894,23990.36,174965,15905.91,2373,215.73
446,40,1524,38.10,527,13.18,493212,12330.30,527893,13197.33,12112,302.80
447,156,19461,124.75,653,4.19,3430357,21989.47,2440732,15645.72,11812,75.72
448,29,304,10.48,79,2.72,235072,8105.93,190250,6560.34,1482,51.10
449,10,735,73.50,342,34.20,238730,23873.00,417387,41738.70,3487,348.70
450,41,595,14.51,209,5.10,1785417,43546.76,250258,6103.85,1912,46.63
451,23,3241,140.91,729,31.70,228456,9932.87,514055,22350.22,2461,107.00
452,12,686,57.17,103,8.58,235157,19596.42,139559,11629.92,3222,268.50
453,11,1104,100.36,321,29.18,238334,21666.73,86679,7879.91,2685,244.09
454,17,920,54.12,93,5.47,629724,37042.59,223238,13131.65,3443,202.53
455,39,5410,138.72,808,20.72,534674,13709.59,575478,14755.85,6828,175.08
456,9,683,75.89,327,36.33,111012,12334.67,47640,5293.33,3580,397.78
457,11,2969,269.91,993,90.27,227702,20700.18,381514,34683.09,3335,303.18
458,3,135,45.00,37,12.33,57322,19107.33,24911,8303.67,1070,356.67
459,3,408,136.00,22,7.33,32989,10996.33,59573,19857.67,860,286.67
460,46,4712,102.43,931,20.24,844155,18351.20,841798,18299.96,5359,116.50
461,6,323,53.83,111,18.50,77295,12882.50,30233,5038.83,2124,354.00
462,1,33,33.00,1,1.00,15455,15455.00,4671,4671.00,313,313.00
463,10,3292,329.20,740,74.00,176497,17649.70,697839,69783.90,1843,184.30
464,38,3192,84.00,733,19.29,847909,22313.39,399579,10515.24,6282,165.32
465,19,1150,60.53,183,9.63,538065,28319.21,282832,14885.89,7723,406.47
466,9,294,32.67,78,8.67,320380,35597.78,61720,6857.78,2035,226.11
467,9,460,51.11,46,5.11,181476,20164.00,123169,13685.44,1559,173.22
468,49,1993,40.67,650,13.27,566216,11555.43,852519,17398.35,4402,89.84
469,2736,423081,154.63,141583,51.75,20555840,7513.10,61710373,22554.96,571194,208.77
470,16,1523,95.19,229,14.31,289576,18098.50,127829,7989.31,3582,223.88
471,8,565,70.62,136,17.00,451728,56466.00,93186,11648.25,1230,153.75
472,4,180,45.00,57,14.25,119695,29923.75,60825,15206.25,820,205.00
473,34,4936,145.18,846,24.88,568389,16717.32,529334,15568.65,5294,155.71
474,122,6434,52.74,736,6.03,3936045,32262.66,735584,6029.38,10665,87.42
475,23,1560,67.83,267,11.61,722244,31401.91,249195,10834.57,6751,293.52
476,1,285,285.00,0,0.00,4010,4010.00,5750,5750.00,475,475.00
477,6,610,101.67,158,26.33,40604,6767.33,66126,11021.00,1817,302.83
478,19,2713,142.79,977,51.42,242710,12774.21,473019,24895.74,3603,189.63
479,13,590,45.38,58,4.46,134489,10345.31,104192,8014.77,5428,417.54
480,8,464,58.00,112,14.00,167165,20895.62,72940,9117.50,2847,355.88
481,10,1092,109.20,81,8.10,60791,6079.10,141111,14111.10,3584,358.40
482,1,271,271.00,145,145.00,8415,8415.00,2782,2782.00,386,386.00
483,6,514,85.67,73,12.17,112574,18762.33,98475,16412.50,857,142.83
484,4,318,79.50,30,7.50,91917,22979.25,28738,7184.50,1060,265.00
485,7,278,39.71,105,15.00,129764,18537.71,86585,12369.29,2640,377.14
486,9,839,93.22,263,29.22,110320,12257.78,275700,30633.33,2413,268.11
487,47,5219,111.04,814,17.32,963316,20496.09,1004243,21366.87,4122,87.70
488,5,289,57.80,61,12.20,86585,17317.00,77312,15462.40,1987,397.40
489,2,26,13.00,26,13.00,47432,23716.00,22534,11267.00,250,125.00
490,8,617,77.12,283,35.38,162761,20345.12,126843,15855.38,2287,285.88
491,32,4622,144.44,744,23.25,445294,13915.44,542981,16968.16,5105,159.53
492,2,72,36.00,42,21.00,8046,4023.00,680,340.00,908,454.00
493,11,1367,124.27,94,8.55,138999,12636.27,226745,20613.18,3027,275.18
494,64,2601,40.64,783,12.23,1839071,28735.48,445124,6955.06,20462,319.72
495,3,165,55.00,33,11.00,66372,22124.00,19880,6626.67,556,185.33
496,16,2531,158.19,904,56.50,156506,9781.62,432640,27040.00,1661,103.81
497,6,515,85.83,135,22.50,129626,21604.33,142690,23781.67,2719,453.17
498,11,919,83.55,333,30.27,187631,17057.36,62395,5672.27,3625,329.55
499,11,1618,147.09,212,19.27,137278,12479.82,153857,13987.00,4017,365.18
500,1,136,136.00,55,55.00,13883,13883.00,16918,16918.00,481,481.00
501,7,387,55.29,164,23.43,69258,9894.00,20344,2906.29,3129,447.00
502,7,924,132.00,497,71.00,192903,27557.57,38133,5447.57,2816,402.29
503,2,105,52.50,26,13.00,43545,21772.50,21866,10933.00,379,189.50
504,15,1469,97.93,500,33.33,282494,18832.93,190401,12693.40,4876,325.07
505,22,3279,149.05,694,31.55,209427,9519.41,568179,25826.32,4386,199.36
506,3,197,65.67,48,16.00,53017,17672.33,23375,7791.67,687,229.00
507,29,3623,124.93,622,21.45,1052759,36302.03,475961,16412.45,4585,158.10
508,6,286,47.67,92,15.33,197030,32838.33,87024,14504.00,2496,416.00
509,26,4492,172.77,682,26.23,370867,14264.12,451740,17374.62,4690,180.38
510,10,677,67.70,86,8.60,121312,12131.20,70058,7005.80,3067,306.70
511,42,4816,114.67,541,12.88,926707,22064.45,818164,19480.10,14023,333.88
512,13,1209,93.00,335,25.77,521649,40126.85,257177,19782.85,3441,264.69
513,7,727,103.86,50,7.14,38634,5519.14,43040,6148.57,2908,415.43
514,24,3380,140.83,1244,51.83,239042,9960.08,498761,20781.71,6685,278.54
515,6,775,129.17,110,18.33,53938,8989.67,45352,7558.67,2857,476.17
516,1,103,103.00,0,0.00,3193,3193.00,0,0.00,515,515.00
517,7,1523,217.57,323,46.14,60224,8603.43,124219,17745.57,2778,396.86
518,9,958,106.44,263,29.22,232594,25843.78,220718,24524.22,2501,277.89
519,22,1151,52.32,421,19.14,705438,32065.36,324698,14759.00,6359,289.05
520,6,967,161.17,233,38.83,98551,16425.17,74872,12478.67,2264,377.33
521,3,182,60.67,27,9.00,6664,2221.33,1190,396.67,1004,334.67
522,11,536,48.73,166,15.09,500041,45458.27,395612,35964.73,4612,419.27
523,17,3182,187.18,757,44.53,127411,7494.76,635334,37372.59,2707,159.24
524,6,613,102.17,109,18.17,68427,11404.50,65837,10972.83,2442,407.00
525,3,183,61.00,32,10.67,94276,31425.33,77451,25817.00,749,249.67
526,5,635,127.00,169,33.80,56995,11399.00,41402,8280.40,2162,432.40
527,34,5417,159.32,690,20.29,420487,12367.26,649805,19111.91,8199,241.15
528,2,182,91.00,20,10.00,30998,15499.00,30754,15377.00,882,441.00
529,33,2789,84.52,272,8.24,493953,14968.27,669059,20274.52,10431,316.09
530,12,2334,194.50,681,56.75,241671,20139.25,356278,29689.83,2367,197.25
531,7,357,51.00,106,15.14,202863,28980.43,143121,20445.86,1444,206.29
532,13,2288,176.00,767,59.00,111646,8588.15,497617,38278.23,1378,106.00
533,29,1769,61.00,682,23.52,446166,15385.03,152136,5246.07,7037,242.66
534,3,506,168.67,135,45.00,31933,10644.33,151484,50494.67,502,167.33
535,35,3329,95.11,80,2.29,993564,28387.54,731234,20892.40,3630,103.71
536,5,1011,202.20,356,71.20,73374,14674.80,109688,21937.60,2202,440.40
537,4,306,76.50,17,4.25,35056,8764.00,24873,6218.25,1967,491.75
538,2,348,174.00,234,117.00,82573,41286.50,20049,10024.50,1017,508.50
539,7,296,42.29,171,24.43,270108,38586.86,381538,54505.43,3517,502.43
540,8,1366,170.75,332,41.50,106261,13282.62,259233,32404.12,3049,381.12
541,27,5539,205.15,970,35.93,204768,7584.00,1083995,40147.96,3532,130.81
542,4,501,125.25,155,38.75,69035,17258.75,109953,27488.25,1644,411.00
543,8,639,79.88,431,53.88,335510,41938.75,487906,60988.25,3696,462.00
544,15,2005,133.67,773,51.53,218938,14595.87,334475,22298.33,6151,410.07
545,25,4653,186.12,694,27.76,334482,13379.28,477011,19080.44,6306,252.24
546,7,658,94.00,86,12.29,161642,23091.71,89376,12768.00,3571,510.14
547,6,659,109.83,28,4.67,121867,20311.17,44078,7346.33,2637,439.50
548,1,318,318.00,228,228.00,7631,7631.00,2629,2629.00,501,501.00
549,6,308,51.33,183,30.50,149664,24944.00,84816,14136.00,2681,446.83
550,22,2924,132.91,897,40.77,475763,21625.59,748088,34004.00,5644,256.55
551,3,287,95.67,50,16.67,91173,30391.00,12524,4174.67,1523,507.67
552,1,73,73.00,23,23.00,26580,26580.00,5160,5160.00,410,410.00
553,11,1590,144.55,164,14.91,379239,34476.27,374378,34034.36,3176,288.73
554,8,1218,152.25,554,69.25,95513,11939.12,101960,12745.00,3543,442.88
555,2,94,47.00,9,4.50,62418,31209.00,21035,10517.50,476,238.00
556,6,314,52.33,151,25.17,142461,23743.50,113364,18894.00,2732,455.33
557,38,2904,76.42,1117,29.39,1626022,42790.05,333417,8774.13,16674,438.79
558,6,240,40.00,114,19.00,70705,11784.17,60530,10088.33,1752,292.00
559,48,6732,140.25,1204,25.08,1173070,24438.96,1309608,27283.50,6604,137.58
560,6,325,54.17,130,21.67,241416,40236.00,222656,37109.33,2390,398.33
561,6,429,71.50,34,5.67,56040,9340.00,34942,5823.67,3244,540.67
562,3,519,173.00,163,54.33,86870,28956.67,120737,40245.67,910,303.33
563,32,5291,165.34,846,26.44,931987,29124.59,720071,22502.22,9280,290.00
564,3,186,62.00,20,6.67,31003,10334.33,24874,8291.33,1290,430.00
565,4,511,127.75,70,17.50,33857,8464.25,37093,9273.25,1514,378.50
566,4,552,138.00,22,5.50,188425,47106.25,56514,14128.50,1762,440.50
567,9,899,99.89,178,19.78,150643,16738.11,324382,36042.44,1254,139.33
568,27,4587,169.89,1545,57.22,248244,9194.22,612261,22676.33,9932,367.85
569,3,354,118.00,44,14.67,46451,15483.67,68836,22945.33,568,189.33
570,3,228,76.00,55,18.33,57618,19206.00,27449,9149.67,1520,506.67
571,3,473,157.67,19,6.33,46721,15573.67,103954,34651.33,625,208.33
572,3,227,75.67,34,11.33,51225,17075.00,39957,13319.00,1516,505.33
573,8,397,49.62,158,19.75,176998,22124.75,111254,13906.75,3680,460.00
574,24,2359,98.29,444,18.50,338475,14103.12,504160,21006.67,5473,228.04
575,6,428,71.33,14,2.33,85920,14320.00,95867,15977.83,1970,328.33
576,7,533,76.14,197,28.14,113838,16262.57,40012,5716.00,3617,516.71
577,23,4013,174.48,902,39.22,239033,10392.74,602039,26175.61,9336,405.91
578,8,1204,150.50,552,69.00,229577,28697.12,170374,21296.75,3194,399.25
580,1,26,26.00,4,4.00,19259,19259.00,5865,5865.00,525,525.00
581,26,5226,201.00,780,30.00,381669,14679.58,581167,22352.58,5983,230.12
582,15,1335,89.00,168,11.20,247687,16512.47,166203,11080.20,5593,372.87
583,28,3856,137.71,76,2.71,880598,31449.93,929137,33183.46,138,4.93
584,5,195,39.00,83,16.60,121540,24308.00,107699,21539.80,2414,482.80
585,15,1757,117.13,464,30.93,214213,14280.87,698200,46546.67,3983,265.53
586,8,1184,148.00,320,40.00,173837,21729.62,104214,13026.75,3242,405.25
587,28,1958,69.93,180,6.43,2288282,81724.36,283822,10136.50,7476,267.00
588,8,706,88.25,122,15.25,234470,29308.75,135330,16916.25,3863,482.88
589,14,1060,75.71,137,9.79,324809,23200.64,299252,21375.14,6171,440.79
590,6,734,122.33,220,36.67,125555,20925.83,56213,9368.83,3091,515.17
591,4,356,89.00,68,17.00,108733,27183.25,41691,10422.75,1404,351.00
592,37,1635,44.19,150,4.05,1125742,30425.46,1954315,52819.32,9761,263.81
593,5,337,67.40,36,7.20,73217,14643.40,47388,9477.60,2638,527.60
594,2,223,111.50,85,42.50,38293,19146.50,14441,7220.50,768,384.00
595,2,633,316.50,86,43.00,19285,9642.50,51330,25665.00,814,407.00
596,1,28,28.00,8,8.00,16036,16036.00,14382,14382.00,344,344.00
597,3,312,104.00,21,7.00,57217,19072.33,23280,7760.00,1701,567.00
598,2,188,94.00,103,51.50,69764,34882.00,6431,3215.50,1131,565.50
599,24,5355,223.12,764,31.83,349821,14575.88,515650,21485.42,5253,218.88
600,3,275,91.67,67,22.33,89330,29776.67,21196,7065.33,1739,579.67
601,86,38412,446.65,100,1.16,838314,9747.84,5918212,68816.42,20088,233.58
602,6,510,85.00,56,9.33,216358,36059.67,129774,21629.00,2199,366.50
603,13,1969,151.46,790,60.77,208494,16038.00,142042,10926.31,5787,445.15
604,6,562,93.67,34,5.67,88476,14746.00,20398,3399.67,3301,550.17
605,1,59,59.00,19,19.00,27228,27228.00,4464,4464.00,603,603.00
606,4,677,169.25,108,27.00,99020,24755.00,37511,9377.75,1671,417.75
607,7,873,124.71,94,13.43,118198,16885.43,168346,24049.43,2657,379.57
608,1,113,113.00,23,23.00,22687,22687.00,29174,29174.00,525,525.00
609,5,344,68.80,59,11.80,58860,11772.00,19553,3910.60,2598,519.60
610,2,90,45.00,49,24.50,72989,36494.50,48874,24437.00,1000,500.00
611,9,811,90.11,17,1.89,121116,13457.33,141400,15711.11,3438,382.00
612,36,5497,152.69,2191,60.86,517180,14366.11,615988,17110.78,15847,440.19
613,8457,59791,7.07,50845,6.01,664065998,78522.64,69252707,8188.80,467504,55.28
614,8,660,82.50,63,7.88,217807,27225.88,123640,15455.00,4476,559.50
615,7,1062,151.71,81,11.57,180141,25734.43,132945,18992.14,2973,424.71
616,10,607,60.70,73,7.30,439647,43964.70,1094448,109444.80,2890,289.00
617,32,8227,257.09,1881,58.78,789208,24662.75,1357238,42413.69,11637,363.66
618,3,490,163.33,193,64.33,59102,19700.67,23229,7743.00,1530,510.00
619,4,311,77.75,93,23.25,134799,33699.75,154758,38689.50,1717,429.25
621,2,420,210.00,116,58.00,93510,46755.00,112576,56288.00,0,0.00
622,10,337,33.70,361,36.10,731985,73198.50,1068580,106858.00,1148,114.80
623,2,147,73.50,37,18.50,78051,39025.50,58480,29240.00,622,311.00
624,7,1025,146.43,254,36.29,118069,16867.00,68130,9732.86,3997,571.00
625,4,580,145.00,92,23.00,223720,55930.00,72726,18181.50,1911,477.75
626,38,10107,265.97,8094,213.00,478412,12589.79,375730,9887.63,22444,590.63
627,5,631,126.20,127,25.40,251504,50300.80,199012,39802.40,1263,252.60
628,26,4615,177.50,1903,73.19,441736,16989.85,212730,8181.92,13125,504.81
629,8,262,32.75,88,11.00,307111,38388.88,205757,25719.62,2189,273.62
630,4,275,68.75,41,10.25,135771,33942.75,131181,32795.25,1871,467.75
631,2,312,156.00,86,43.00,31695,15847.50,88924,44462.00,0,0.00
632,4,422,105.50,89,22.25,77444,19361.00,86594,21648.50,1900,475.00
633,6,324,54.00,45,7.50,78031,13005.17,17205,2867.50,3670,611.67
634,9,1067,118.56,318,35.33,419817,46646.33,245580,27286.67,3502,389.11
635,30,6707,223.57,1002,33.40,791207,26373.57,833243,27774.77,7312,243.73
636,8,639,79.88,61,7.62,94966,11870.75,132438,16554.75,3155,394.38
637,19,14896,784.00,3768,198.32,300986,15841.37,152725,8038.16,11492,604.84
638,12,1682,140.17,506,42.17,282455,23537.92,365729,30477.42,4717,393.08
639,5,2526,505.20,1370,274.00,139625,27925.00,768954,153790.80,2588,517.60
640,4,337,84.25,56,14.00,123506,30876.50,48397,12099.25,1557,389.25
641,42,1253,29.83,4830,115.00,716010,17047.86,545893,12997.45,22400,533.33
642,4,426,106.50,34,8.50,131420,32855.00,116909,29227.25,2059,514.75
643,1,0,0.00,0,0.00,2140,2140.00,7464,7464.00,642,642.00
644,7,687,98.14,142,20.29,123916,17702.29,50795,7256.43,3899,557.00
645,7,1110,158.57,269,38.43,87321,12474.43,152522,21788.86,3653,521.86
646,8,1202,150.25,480,60.00,287913,35989.12,195280,24410.00,3064,383.00
647,9,940,104.44,70,7.78,266361,29595.67,236431,26270.11,3322,369.11
648,5,118,23.60,73,14.60,136329,27265.80,206905,41381.00,1798,359.60
649,6,680,113.33,67,11.17,131356,21892.67,218773,36462.17,2335,389.17
650,1,158,158.00,1,1.00,32721,32721.00,16932,16932.00,246,246.00
651,6,455,75.83,61,10.17,262749,43791.50,116396,19399.33,2686,447.67
652,4,477,119.25,154,38.50,116701,29175.25,59514,14878.50,2376,594.00
653,43,7732,179.81,839,19.51,730143,16980.07,1232965,28673.60,9945,231.28
654,8,785,98.12,136,17.00,159283,19910.38,195840,24480.00,3460,432.50
655,36,5875,163.19,1828,50.78,584592,16238.67,880210,24450.28,17760,493.33
656,3,290,96.67,19,6.33,112571,37523.67,77094,25698.00,1411,470.33
657,2,180,90.00,5,2.50,38617,19308.50,55304,27652.00,1248,624.00
658,12,1556,129.67,636,53.00,167078,13923.17,200430,16702.50,5271,439.25
659,2,145,72.50,35,17.50,58210,29105.00,50498,25249.00,360,180.00
660,5,730,146.00,111,22.20,188649,37729.80,58295,11659.00,1750,350.00
661,3,121,40.33,66,22.00,92382,30794.00,41376,13792.00,1571,523.67
662,9,1933,214.78,807,89.67,186832,20759.11,150329,16703.22,4498,499.78
663,15,14964,997.60,3907,260.47,274228,18281.87,137754,9183.60,9145,609.67
664,8,950,118.75,302,37.75,193173,24146.62,120063,15007.88,2504,313.00
665,5,358,71.60,78,15.60,181549,36309.80,178077,35615.40,1322,264.40
666,5,994,198.80,466,93.20,70564,14112.80,103106,20621.20,2582,516.40
667,1,221,221.00,74,74.00,10700,10700.00,38722,38722.00,206,206.00
668,1,198,198.00,33,33.00,4201,4201.00,8179,8179.00,624,624.00
669,14,1788,127.71,553,39.50,237321,16951.50,215247,15374.79,5647,403.36
670,2,417,208.50,173,86.50,33830,16915.00,27550,13775.00,1219,609.50
671,30,6726,224.20,1118,37.27,775577,25852.57,759369,25312.30,12232,407.73
672,4,485,121.25,45,11.25,134598,33649.50,82390,20597.50,2014,503.50
673,4,385,96.25,99,24.75,82366,20591.50,69239,17309.75,2226,556.50
674,11,990,90.00,71,6.45,187697,17063.36,75584,6871.27,6362,578.36
675,3,156,52.00,36,12.00,69995,23331.67,66233,22077.67,913,304.33
676,3,467,155.67,120,40.00,67684,22561.33,66657,22219.00,2001,667.00
677,4,788,197.00,41,10.25,96293,24073.25,108026,27006.50,1681,420.25
678,3,315,105.00,32,10.67,90960,30320.00,53641,17880.33,1442,480.67
679,1,123,123.00,19,19.00,34936,34936.00,32785,32785.00,654,654.00
680,5,952,190.40,77,15.40,143295,28659.00,70600,14120.00,2449,489.80
681,4,716,179.00,42,10.50,23308,5827.00,72439,18109.75,2576,644.00
682,1,119,119.00,27,27.00,142918,142918.00,47680,47680.00,530,530.00
683,55,11677,212.31,1803,32.78,3980924,72380.44,1747906,31780.11,13462,244.76
684,5,831,166.20,108,21.60,83766,16753.20,34616,6923.20,2665,533.00
685,5,964,192.80,255,51.00,74534,14906.80,143754,28750.80,1770,354.00
686,5,259,51.80,45,9.00,171098,34219.60,120902,24180.40,2114,422.80
687,8,1233,154.12,295,36.88,131914,16489.25,48023,6002.88,4438,554.75
688,6,621,103.50,117,19.50,273104,45517.33,213159,35526.50,2630,438.33
689,23,6024,261.91,858,37.30,352160,15311.30,674979,29346.91,8697,378.13
690,2,204,102.00,80,40.00,19501,9750.50,17610,8805.00,1378,689.00
691,3,117,39.00,17,5.67,62791,20930.33,33879,11293.00,2025,675.00
692,4,436,109.00,4,1.00,47307,11826.75,31481,7870.25,2455,613.75
693,2,109,54.50,31,15.50,80458,40229.00,90592,45296.00,621,310.50
694,5938,1365427,229.95,457106,76.98,64845650,10920.45,243772902,41053.03,2488771,419.13
695,1,117,117.00,1,1.00,13001,13001.00,8316,8316.00,660,660.00
696,4,694,173.50,276,69.00,77434,19358.50,34327,8581.75,1973,493.25
697,2,105,52.50,32,16.00,82406,41203.00,16153,8076.50,1367,683.50
698,5,602,120.40,83,16.60,167604,33520.80,66706,13341.20,2655,531.00
699,2,5390,2695.00,2096,1048.00,40373,20186.50,1538512,769256.00,1126,563.00
701,3,55,18.33,19,6.33,75545,25181.67,20848,6949.33,2097,699.00
702,4,183,45.75,60,15.00,175909,43977.25,131961,32990.25,2492,623.00
703,6,589,98.17,214,35.67,248795,41465.83,248794,41465.67,2448,408.00
704,3,88,29.33,22,7.33,130315,43438.33,60055,20018.33,2100,700.00
705,9,4253,472.56,1559,173.22,296538,32948.67,923688,102632.00,5420,602.22
706,2,267,133.50,31,15.50,30225,15112.50,35639,17819.50,1345,672.50
707,23,6130,266.52,909,39.52,395283,17186.22,709976,30868.52,7001,304.39
708,5,1438,287.60,511,102.20,52948,10589.60,271737,54347.40,2876,575.20
709,5,327,65.40,135,27.00,160362,32072.40,104352,20870.40,3162,632.40
710,1,103,103.00,1,1.00,23033,23033.00,49571,49571.00,0,0.00
711,2,303,151.50,26,13.00,62601,31300.50,43718,21859.00,976,488.00
712,13,1757,135.15,491,37.77,331365,25489.62,402740,30980.00,5036,387.38
713,3,199,66.33,33,11.00,82570,27523.33,132374,44124.67,1365,455.00
714,2,158,79.00,10,5.00,33761,16880.50,13080,6540.00,1350,675.00
715,6,790,131.67,38,6.33,130807,21801.17,111596,18599.33,2855,475.83
716,3,166,55.33,23,7.67,168519,56173.00,285016,95005.33,1025,341.67
717,19,2243,118.05,459,24.16,813478,42814.63,484500,25500.00,3506,184.53
718,2,229,114.50,20,10.00,33621,16810.50,34627,17313.50,1311,655.50
719,7,416,59.43,100,14.29,194880,27840.00,209536,29933.71,4558,651.14
720,2,140,70.00,11,5.50,173484,86742.00,61029,30514.50,932,466.00
721,5,967,193.40,73,14.60,142117,28423.40,240002,48000.40,2515,503.00
722,12,659,54.92,225,18.75,606222,50518.50,160588,13382.33,7043,586.92
723,1,105,105.00,1,1.00,15845,15845.00,5270,5270.00,700,700.00
724,4,361,90.25,76,19.00,91075,22768.75,74872,18718.00,2758,689.50
725,28,6833,244.04,978,34.93,538772,19241.86,801018,28607.79,11896,424.86
726,23,2153,93.61,176,7.65,539690,23464.78,482928,20996.87,10686,464.61
728,7,563,80.43,135,19.29,326770,46681.43,180803,25829.00,2600,371.43
729,3,314,104.67,33,11.00,34194,11398.00,24574,8191.33,2137,712.33
730,4,510,127.50,82,20.50,192111,48027.75,128176,32044.00,2464,616.00
731,3,200,66.67,45,15.00,124962,41654.00,59437,19812.33,2102,700.67
732,4,308,77.00,57,14.25,267070,66767.50,147840,36960.00,1807,451.75
733,1,105,105.00,38,38.00,94089,94089.00,20401,20401.00,35,35.00
736,9,649,72.11,65,7.22,416595,46288.33,123046,13671.78,4786,531.78
737,14,765,54.64,396,28.29,373340,26667.14,252225,18016.07,7092,506.57
738,3,475,158.33,239,79.67,97288,32429.33,34972,11657.33,1859,619.67
739,4,437,109.25,112,28.00,221335,55333.75,487201,121800.25,1830,457.50
740,5,611,122.20,96,19.20,268695,53739.00,195308,39061.60,1520,304.00
741,3,90,30.00,32,10.67,133018,44339.33,87979,29326.33,893,297.67
743,23,6421,279.17,925,40.22,396510,17239.57,799186,34747.22,8705,378.48
744,4,650,162.50,97,24.25,70204,17551.00,81679,20419.75,1983,495.75
745,2,241,120.50,48,24.00,177780,88890.00,75649,37824.50,1375,687.50
746,12,2078,173.17,57,4.75,364673,30389.42,226932,18911.00,6357,529.75
747,5,322,64.40,114,22.80,299274,59854.80,277869,55573.80,2789,557.80
748,3,657,219.00,216,72.00,53804,17934.67,92300,30766.67,1768,589.33
749,3,291,97.00,24,8.00,128346,42782.00,75568,25189.33,1307,435.67
750,3,495,165.00,12,4.00,110628,36876.00,19225,6408.33,1893,631.00
751,1,156,156.00,17,17.00,17494,17494.00,21574,21574.00,745,745.00
752,5,554,110.80,66,13.20,253914,50782.80,71707,14341.40,2900,580.00
753,2,109,54.50,37,18.50,55017,27508.50,18526,9263.00,1296,648.00
754,10,813,81.30,106,10.60,651210,65121.00,1092659,109265.90,6430,643.00
755,3,213,71.00,68,22.67,137073,45691.00,78085,26028.33,1601,533.67
756,7,771,110.14,123,17.57,341602,48800.29,436393,62341.86,1933,276.14
757,2,298,149.00,1,0.50,21204,10602.00,23264,11632.00,1498,749.00
758,13,1492,114.77,134,10.31,251508,19346.77,480621,36970.85,5054,388.77
759,1,135,135.00,34,34.00,49343,49343.00,12189,12189.00,384,384.00
760,4,480,120.00,85,21.25,127960,31990.00,113186,28296.50,736,184.00
761,23,6472,281.39,946,41.13,417674,18159.74,790765,34381.09,10100,439.13
762,9,1296,144.00,226,25.11,288740,32082.22,147859,16428.78,4213,468.11
763,2,332,166.00,85,42.50,66274,33137.00,137715,68857.50,0,0.00
764,1,38,38.00,19,19.00,32049,32049.00,31605,31605.00,680,680.00
765,4,240,60.00,40,10.00,275176,68794.00,257296,64324.00,2893,723.25
766,4,413,103.25,141,35.25,67953,16988.25,61773,15443.25,2225,556.25
768,13,1117,85.92,129,9.92,158880,12221.54,178126,13702.00,9386,722.00
769,106,4770,45.00,746,7.04,4417730,41676.70,11760342,110946.62,27208,256.68
770,1,44,44.00,2,2.00,48924,48924.00,17772,17772.00,766,766.00
771,7,1300,185.71,187,26.71,548764,78394.86,158114,22587.71,4432,633.14
772,8,1006,125.75,138,17.25,498366,62295.75,470610,58826.25,3351,418.88
773,3,63,21.00,63,21.00,54837,18279.00,65718,21906.00,2307,769.00
775,3,523,174.33,169,56.33,100867,33622.33,168387,56129.00,607,202.33
776,19,2269,119.42,471,24.79,854855,44992.37,853093,44899.63,5984,314.95
777,5,221,44.20,136,27.20,257134,51426.80,249637,49927.40,3363,672.60
778,1,300,300.00,61,61.00,5310,5310.00,6012,6012.00,777,777.00
779,29,7500,258.62,1047,36.10,675719,23300.66,903228,31145.79,10917,376.45
780,2,154,77.00,26,13.00,64678,32339.00,67630,33815.00,1076,538.00
781,1,780,780.00,0,0.00,2340,2340.00,5722,5722.00,780,780.00
782,4,341,85.25,77,19.25,153316,38329.00,104590,26147.50,2086,521.50
783,4,536,134.00,96,24.00,104881,26220.25,236461,59115.25,537,134.25
784,4,838,209.50,128,32.00,133163,33290.75,44066,11016.50,2161,540.25
785,4,430,107.50,29,7.25,238571,59642.75,59070,14767.50,2298,574.50
786,3,249,83.00,35,11.67,57684,19228.00,73990,24663.33,1888,629.33
789,3,330,110.00,28,9.33,180303,60101.00,27634,9211.33,1815,605.00
790,7,747,106.71,69,9.86,128860,18408.57,66499,9499.86,5093,727.57
792,5,699,139.80,42,8.40,168450,33690.00,237328,47465.60,2971,594.20
793,9,4208,467.56,1429,158.78,216562,24062.44,1254424,139380.44,3430,381.11
794,3,536,178.67,39,13.00,157454,52484.67,58174,19391.33,1781,593.67
795,4,619,154.75,167,41.75,179666,44916.50,121719,30429.75,1133,283.25
796,4,184,46.00,66,16.50,343080,85770.00,127512,31878.00,2726,681.50
797,24,6854,285.58,1032,43.00,471001,19625.04,795942,33164.25,9770,407.08
799,15,2777,185.13,827,55.13,427572,28504.80,458197,30546.47,8829,588.60
800,1,239,239.00,41,41.00,5005,5005.00,10610,10610.00,784,784.00
803,1,157,157.00,8,8.00,32314,32314.00,20690,20690.00,229,229.00
804,1,75,75.00,2,2.00,40415,40415.00,29349,29349.00,758,758.00
805,1,113,113.00,1,1.00,35257,35257.00,15084,15084.00,0,0.00
806,3,683,227.67,284,94.67,40590,13530.00,343151,114383.67,805,268.33
807,12,1347,112.25,108,9.00,215305,17942.08,92142,7678.50,9260,771.67
808,1,30,30.00,3,3.00,225011,225011.00,43363,43363.00,722,722.00
810,2,110,55.00,56,28.00,132078,66039.00,67406,33703.00,764,382.00
811,3,318,106.00,14,4.67,302354,100784.67,219776,73258.67,2416,805.33
812,7,705,100.71,216,30.86,443879,63411.29,284199,40599.86,3461,494.43
813,40,6390,159.75,2185,54.62,704271,17606.78,1147950,28698.75,18761,469.02
814,1,234,234.00,1,1.00,59480,59480.00,31025,31025.00,459,459.00
815,22,6930,315.00,1012,46.00,408622,18573.73,763571,34707.77,11059,502.68
816,4,723,180.75,88,22.00,162591,40647.75,81668,20417.00,2685,671.25
817,26,2935,112.88,140,5.38,793257,30509.88,283199,10892.27,19219,739.19
818,5,638,127.60,114,22.80,179300,35860.00,130976,26195.20,2275,455.00
819,2,170,85.00,19,9.50,62066,31033.00,19383,9691.50,1541,770.50
820,9,1820,202.22,227,25.22,271718,30190.89,375065,41673.89,5580,620.00
821,3,127,42.33,29,9.67,539349,179783.00,360220,120073.33,2451,817.00
822,3,336,112.00,47,15.67,112838,37612.67,190946,63648.67,1414,471.33
823,3,457,152.33,134,44.67,229851,76617.00,82060,27353.33,2192,730.67
824,5,413,82.60,263,52.60,519816,103963.20,1330148,266029.60,4026,805.20
825,6,348,58.00,52,8.67,225767,37627.83,194506,32417.67,4094,682.33
826,2,252,126.00,24,12.00,62299,31149.50,53690,26845.00,1518,759.00
827,5,276,55.20,78,15.60,220955,44191.00,221169,44233.80,2841,568.20
828,7,1095,156.43,266,38.00,148108,21158.29,683175,97596.43,2291,327.29
829,1,44,44.00,24,24.00,63130,63130.00,60327,60327.00,825,825.00
831,1,151,151.00,23,23.00,44642,44642.00,27611,27611.00,534,534.00
832,7,2129,304.14,515,73.57,249423,35631.86,445971,63710.14,4506,643.71
833,35,7875,225.00,1120,32.00,742747,21221.34,1173812,33537.49,21678,619.37
835,3,186,62.00,19,6.33,73838,24612.67,96240,32080.00,1323,441.00
836,7,1513,216.14,205,29.29,224161,32023.00,120511,17215.86,4124,589.14
838,2,522,261.00,1,0.50,54284,27142.00,152129,76064.50,892,446.00
839,2,286,143.00,52,26.00,65898,32949.00,123962,61981.00,0,0.00
840,1,63,63.00,7,7.00,206042,206042.00,213827,213827.00,836,836.00
841,7,624,89.14,157,22.43,229116,32730.86,210814,30116.29,3344,477.71
842,2,269,134.50,43,21.50,109129,54564.50,41060,20530.00,680,340.00
843,2,242,121.00,16,8.00,297783,148891.50,76795,38397.50,1618,809.00
844,1,50,50.00,21,21.00,39015,39015.00,18907,18907.00,840,840.00
845,1,139,139.00,26,26.00,44131,44131.00,37977,37977.00,0,0.00
846,3,94,31.33,30,10.00,100682,33560.67,77930,25976.67,2322,774.00
848,1,230,230.00,77,77.00,16353,16353.00,45848,45848.00,367,367.00
849,3,210,70.00,68,22.67,97025,32341.67,47988,15996.00,1965,655.00
850,1,129,129.00,12,12.00,26412,26412.00,29355,29355.00,804,804.00
851,27,7933,293.81,1132,41.93,693897,25699.89,1041818,38585.85,12329,456.63
852,2,211,105.50,43,21.50,163306,81653.00,82061,41030.50,780,390.00
853,115,28065,244.04,475,4.13,4971018,43226.24,5780490,50265.13,26394,229.51
854,1,73,73.00,42,42.00,241264,241264.00,251420,251420.00,772,772.00
855,1,150,150.00,21,21.00,27210,27210.00,11588,11588.00,715,715.00
856,6,1018,169.67,205,34.17,195237,32539.50,261763,43627.17,4927,821.17
858,5,954,190.80,137,27.40,206306,41261.20,91793,18358.60,3312,662.40
859,4,4030,1007.50,1368,342.00,132432,33108.00,1164707,291176.75,1561,390.25
860,7,1204,172.00,157,22.43,346469,49495.57,195811,27973.00,4921,703.00
861,5,825,165.00,97,19.40,257898,51579.60,163662,32732.40,3269,653.80
862,15,1812,120.80,508,33.87,550001,36666.73,289769,19317.93,6177,411.80
863,1,145,145.00,1,1.00,17210,17210.00,44288,44288.00,372,372.00
865,4,755,188.75,33,8.25,232924,58231.00,163625,40906.25,2453,613.25
866,3,173,57.67,92,30.67,211169,70389.67,247608,82536.00,2586,862.00
867,1,149,149.00,28,28.00,27962,27962.00,23257,23257.00,819,819.00
868,4,566,141.50,78,19.50,137536,34384.00,162496,40624.00,2091,522.75
869,24,7826,326.08,1078,44.92,447146,18631.08,958877,39953.21,11936,497.33
871,7,777,111.00,159,22.71,523920,74845.71,434484,62069.14,1764,252.00
872,3,673,224.33,95,31.67,25550,8516.67,33666,11222.00,2516,838.67
873,4,411,102.75,38,9.50,411099,102774.75,891960,222990.00,935,233.75
874,1,290,290.00,97,97.00,13931,13931.00,58200,58200.00,382,382.00
875,6,7460,1243.33,2628,438.00,119403,19900.50,2028556,338092.67,3632,605.33
876,6,626,104.33,114,19.00,185411,30901.83,122905,20484.17,4511,751.83
877,2,63,31.50,12,6.00,75125,37562.50,18321,9160.50,1503,751.50
878,6,824,137.33,74,12.33,169403,28233.83,155367,25894.50,2839,473.17
879,8,1016,127.00,160,20.00,241333,30166.62,88025,11003.12,4625,578.12
880,1,48,48.00,3,3.00,364389,364389.00,71487,71487.00,0,0.00
881,27,284,10.52,35,1.30,59190,2192.22,74476,2758.37,23220,860.00
882,1,99,99.00,1,1.00,2537,2537.00,409,409.00,881,881.00
883,6,748,124.67,324,54.00,156592,26098.67,68682,11447.00,3691,615.17
886,8,765,95.62,48,6.00,311060,38882.50,577151,72143.88,4838,604.75
887,25,8008,320.32,1133,45.32,554400,22176.00,1086204,43448.16,14186,567.44
888,2,195,97.50,67,33.50,117970,58985.00,119803,59901.50,1690,845.00
889,2,28,14.00,28,14.00,34762,17381.00,11108,5554.00,1706,853.00
891,5,113,22.60,11,2.20,377870,75574.00,86342,17268.40,4439,887.80
892,7,983,140.43,186,26.57,459800,65685.71,330341,47191.57,4270,610.00
893,1,76,76.00,16,16.00,98016,98016.00,102710,102710.00,0,0.00
894,4,188,47.00,16,4.00,84055,21013.75,149721,37430.25,3440,860.00
895,2,457,228.50,1,0.50,53688,26844.00,55336,27668.00,1718,859.00
896,7,705,100.71,210,30.00,306509,43787.00,214672,30667.43,4087,583.86
897,4,664,166.00,254,63.50,94527,23631.75,15569,3892.25,3554,888.50
899,1,139,139.00,29,29.00,33182,33182.00,17878,17878.00,794,794.00
900,1,270,270.00,47,47.00,5863,5863.00,10597,10597.00,868,868.00
901,3,613,204.33,200,66.67,73239,24413.00,246708,82236.00,900,300.00
902,5,740,148.00,95,19.00,354359,70871.80,176209,35241.80,3819,763.80
903,3,365,121.67,54,18.00,152470,50823.33,129402,43134.00,1659,553.00
904,8,1694,211.75,545,68.12,292444,36555.50,364925,45615.62,6404,800.50
905,25,8124,324.96,1124,44.96,556639,22265.56,1068492,42739.68,14039,561.56
907,3,338,112.67,20,6.67,226285,75428.33,50477,16825.67,1447,482.33
908,5,776,155.20,305,61.00,222998,44599.60,148141,29628.20,2670,534.00
910,3,662,220.67,223,74.33,87632,29210.67,62153,20717.67,2491,830.33
911,3,803,267.67,20,6.67,80643,26881.00,89095,29698.33,2080,693.33
912,2,324,162.00,20,10.00,720582,360291.00,536101,268050.50,1671,835.50
913,1,157,157.00,33,33.00,43686,43686.00,70314,70314.00,0,0.00
914,2,310,155.00,2,1.00,29992,14996.00,27732,13866.00,1620,810.00
915,15,1247,83.13,416,27.73,811649,54109.93,347203,23146.87,11455,763.67
916,4,912,228.00,105,26.25,202651,50662.75,98926,24731.50,3100,775.00
917,1,43,43.00,11,11.00,32208,32208.00,17914,17914.00,862,862.00
918,1,13,13.00,0,0.00,28857,28857.00,2009,2009.00,917,917.00
919,3,458,152.67,79,26.33,100434,33478.00,154294,51431.33,1587,529.00
920,20,1412,70.60,122,6.10,1440225,72011.25,407076,20353.80,13139,656.95
921,2,247,123.50,36,18.00,66348,33174.00,47594,23797.00,1176,588.00
922,2,204,102.00,34,17.00,51896,25948.00,4250,2125.00,1738,869.00
923,23,7885,342.83,1156,50.26,497663,21637.52,1043792,45382.26,11655,506.74
924,3,720,240.00,85,28.33,154892,51630.67,66211,22070.33,1108,369.33
925,2,92,46.00,0,0.00,97788,48894.00,8374,4187.00,1848,924.00
926,2,180,90.00,33,16.50,61439,30719.50,47493,23746.50,1674,837.00
927,11,1188,108.00,298,27.09,371368,33760.73,921102,83736.55,7767,706.09
928,2,616,308.00,206,103.00,29786,14893.00,199471,99735.50,625,312.50
929,2,130,65.00,34,17.00,162953,81476.50,417840,208920.00,1365,682.50
930,1,157,157.00,26,26.00,26548,26548.00,24045,24045.00,875,875.00
931,2,166,83.00,25,12.50,65122,32561.00,52500,26250.00,1569,784.50
932,2,228,114.00,51,25.50,91560,45780.00,39696,19848.00,1383,691.50
933,2,290,145.00,28,14.00,76294,38147.00,51328,25664.00,821,410.50
935,4,460,115.00,55,13.75,162457,40614.25,116081,29020.25,2954,738.50
936,3,170,56.67,83,27.67,114278,38092.67,67684,22561.33,2281,760.33
937,14,827,59.07,61,4.36,653921,46708.64,1500187,107156.21,7210,515.00
939,8,600,75.00,176,22.00,846766,105845.75,3266814,408351.75,2872,359.00
940,1,70,70.00,37,37.00,54834,54834.00,26995,26995.00,936,936.00
941,25,8212,328.48,1175,47.00,726604,29064.16,1137407,45496.28,15374,614.96
942,5,385,77.00,139,27.80,231744,46348.80,129240,25848.00,3438,687.60
943,1,48,48.00,51,51.00,77788,77788.00,112817,112817.00,939,939.00
944,2,174,87.00,22,11.00,130003,65001.50,36946,18473.00,1828,914.00
945,6,960,160.00,204,34.00,342606,57101.00,244631,40771.83,2737,456.17
946,1,111,111.00,34,34.00,67856,67856.00,24563,24563.00,752,752.00
947,4,636,159.00,4,1.00,71189,17797.25,63827,15956.75,3600,900.00
948,1,30,30.00,6,6.00,28187,28187.00,1744,1744.00,898,898.00
949,1,164,164.00,24,24.00,65163,65163.00,36044,36044.00,0,0.00
950,2,586,293.00,2,1.00,95439,47719.50,71647,35823.50,1400,700.00
951,5,91,18.20,25,5.00,39866,7973.20,7601,1520.20,4654,930.80
952,3,574,191.33,102,34.00,15430,5143.33,23293,7764.33,2773,924.33
953,2,288,144.00,16,8.00,103630,51815.00,47733,23866.50,1006,503.00
954,1,191,191.00,60,60.00,49967,49967.00,8074,8074.00,855,855.00
955,6,1326,221.00,138,23.00,990772,165128.67,618350,103058.33,2794,465.67
956,3,904,301.33,200,66.67,20790,6930.00,42872,14290.67,2728,909.33
957,2,84,42.00,85,42.50,88845,44422.50,70180,35090.00,1619,809.50
959,22,8162,371.00,1188,54.00,484713,22032.41,1109942,50451.91,12101,550.05
960,3,561,187.00,53,17.67,99652,33217.33,82666,27555.33,2504,834.67
961,2,47,23.50,25,12.50,41714,20857.00,2587,1293.50,1883,941.50
962,1,31,31.00,0,0.00,19947,19947.00,497,497.00,961,961.00
963,2,278,139.00,38,19.00,70321,35160.50,65425,32712.50,1787,893.50
964,3,354,118.00,49,16.33,150918,50306.00,98425,32808.33,1831,610.33
966,1,257,257.00,13,13.00,63343,63343.00,32649,32649.00,717,717.00
968,2,289,144.50,27,13.50,82944,41472.00,106783,53391.50,1470,735.00
969,2,311,155.50,28,14.00,69700,34850.00,31874,15937.00,649,324.50
970,2,491,245.50,41,20.50,53553,26776.50,16920,8460.00,1732,866.00
971,2,404,202.00,42,21.00,45258,22629.00,66136,33068.00,1884,942.00
973,11,2079,189.00,726,66.00,230383,20943.91,378915,34446.82,7544,685.82
975,2,269,134.50,6,3.00,69317,34658.50,48893,24446.50,1409,704.50
976,4,826,206.50,62,15.50,188556,47139.00,140626,35156.50,2919,729.75
977,22,8316,378.00,1210,55.00,494332,22469.64,1125138,51142.64,12180,553.64
978,4,936,234.00,136,34.00,287913,71978.25,111362,27840.50,3077,769.25
979,2,202,101.00,57,28.50,74919,37459.50,44405,22202.50,1919,959.50
980,1,179,179.00,47,47.00,49891,49891.00,42412,42412.00,0,0.00
981,2,48,24.00,8,4.00,100303,50151.50,34336,17168.00,471,235.50
982,2,184,92.00,40,20.00,118858,59429.00,45597,22798.50,1914,957.00
983,1,44,44.00,19,19.00,64140,64140.00,52190,52190.00,436,436.00
984,1,189,189.00,18,18.00,101460,101460.00,23801,23801.00,0,0.00
985,3,214,71.33,28,9.33,125540,41846.67,91091,30363.67,2130,710.00
986,3,198,66.00,29,9.67,98502,32834.00,71355,23785.00,2134,711.33
988,1,140,140.00,20,20.00,37246,37246.00,121250,121250.00,942,942.00
989,1,45,45.00,4,4.00,144854,144854.00,65846,65846.00,861,861.00
990,1,155,155.00,26,26.00,27192,27192.00,14496,14496.00,943,943.00
991,3,507,169.00,58,19.33,173033,57677.67,75009,25003.00,1731,577.00
993,3,435,145.00,63,21.00,144463,48154.33,118489,39496.33,2452,817.33
994,1,173,173.00,21,21.00,32863,32863.00,21031,21031.00,601,601.00
995,30,9829,327.63,1270,42.33,755405,25180.17,1418216,47273.87,19221,640.70
996,2,166,83.00,70,35.00,223290,111645.00,209805,104902.50,1626,813.00
997,4,516,129.00,48,12.00,297392,74348.00,84397,21099.25,1588,397.00
999,1,100,100.00,1,1.00,58002,58002.00,39753,39753.00,949,949.00
1000,1,138,138.00,1,1.00,41667,41667.00,43427,43427.00,0,0.00
1001,3,231,77.00,126,42.00,163010,54336.67,135031,45010.33,1726,575.33
1002,1,143,143.00,2,2.00,1846,1846.00,96,96.00,994,994.00
1003,3,136,45.33,53,17.67,198048,66016.00,153094,51031.33,2433,811.00
1004,6,1697,282.83,340,56.67,83066,13844.33,246494,41082.33,5125,854.17
1006,1,90,90.00,0,0.00,26285,26285.00,2016,2016.00,1005,1005.00
1007,9,632,70.22,336,37.33,449784,49976.00,273118,30346.44,6899,766.56
1008,1,303,303.00,53,53.00,6541,6541.00,12189,12189.00,964,964.00
1010,2,264,132.00,63,31.50,92900,46450.00,36454,18227.00,1302,651.00
1012,5,653,130.60,163,32.60,389564,77912.80,208703,41740.60,4211,842.20
1013,24,9063,377.62,1275,53.12,588524,24521.83,1225775,51073.96,15858,660.75
1015,3,131,43.67,12,4.00,293731,97910.33,101717,33905.67,2693,897.67
1017,2,218,109.00,17,8.50,24735,12367.50,8417,4208.50,2004,1002.00
1018,2,329,164.50,15,7.50,95300,47650.00,75825,37912.50,1913,956.50
1019,3,216,72.00,109,36.33,142869,47623.00,65837,21945.67,2272,757.33
1020,4,225,56.25,66,16.50,142418,35604.50,179281,44820.25,3309,827.25
1021,1,352,352.00,169,169.00,18609,18609.00,16787,16787.00,952,952.00
1022,1,101,101.00,32,32.00,111001,111001.00,51773,51773.00,567,567.00
1024,1,60,60.00,35,35.00,65088,65088.00,60648,60648.00,1020,1020.00
1025,1,54,54.00,20,20.00,61114,61114.00,24696,24696.00,1021,1021.00
1026,2,252,126.00,24,12.00,95099,47549.50,65084,32542.00,1150,575.00
1031,24,9179,382.46,1297,54.04,576811,24033.79,1315405,54808.54,16254,677.25
1033,1,286,286.00,63,63.00,19338,19338.00,7073,7073.00,994,994.00
1035,1,187,187.00,32,32.00,36930,36930.00,66371,66371.00,837,837.00
1036,1,150,150.00,18,18.00,40772,40772.00,11886,11886.00,990,990.00
1038,3,306,102.00,35,11.67,471894,157298.00,129430,43143.33,2765,921.67
1039,1,104,104.00,1,1.00,2722,2722.00,4,4.00,1038,1038.00
1041,2,303,151.50,26,13.00,60135,30067.50,41189,20594.50,2077,1038.50
1043,2,94,47.00,43,21.50,110713,55356.50,60758,30379.00,2044,1022.00
1044,2,197,98.50,37,18.50,223888,111944.00,94215,47107.50,2083,1041.50
1045,5,923,184.60,28,5.60,457646,91529.20,130864,26172.80,4785,957.00
1046,1,144,144.00,3,3.00,45382,45382.00,27841,27841.00,0,0.00
1047,1,43,43.00,4,4.00,154678,154678.00,66585,66585.00,938,938.00
1049,22,8932,406.00,1298,59.00,522280,23740.00,1250540,56842.73,15851,720.50
1050,5,512,102.40,89,17.80,299222,59844.40,689358,137871.60,4435,887.00
1051,1,21,21.00,0,0.00,39686,39686.00,5102,5102.00,1050,1050.00
1052,1,27,27.00,0,0.00,41502,41502.00,4227,4227.00,1051,1051.00
1053,3,460,153.33,106,35.33,143507,47835.67,97799,32599.67,1849,616.33
1054,3,316,105.33,87,29.00,240329,80109.67,304971,101657.00,3075,1025.00
1056,2,246,123.00,235,117.50,53296,26648.00,35167,17583.50,2075,1037.50
1057,1,61,61.00,4,4.00,220292,220292.00,56986,56986.00,1053,1053.00
1058,2,660,330.00,62,31.00,12213,6106.50,16251,8125.50,2114,1057.00
1059,1,23,23.00,0,0.00,32469,32469.00,1807,1807.00,1058,1058.00
1060,2,478,239.00,30,15.00,239145,119572.50,33900,16950.00,1575,787.50
1062,2,259,129.50,136,68.00,28434,14217.00,14057,7028.50,2075,1037.50
1063,2,391,195.50,151,75.50,94957,47478.50,148325,74162.50,705,352.50
1065,3,423,141.00,117,39.00,72060,24020.00,59996,19998.67,3189,1063.00
1066,1,144,144.00,48,48.00,23385,23385.00,20010,20010.00,952,952.00
1067,23,9110,396.09,1324,57.57,579191,25182.22,1285121,55874.83,15402,669.65
1068,2,288,144.00,30,15.00,88994,44497.00,85021,42510.50,2044,1022.00
1069,4,319,79.75,120,30.00,167305,41826.25,151105,37776.25,3774,943.50
1072,2,422,211.00,22,11.00,81495,40747.50,96527,48263.50,1513,756.50
1073,2,368,184.00,23,11.50,53391,26695.50,31822,15911.00,1619,809.50
1074,1,175,175.00,30,30.00,29328,29328.00,38491,38491.00,181,181.00
1077,1,184,184.00,1,1.00,98869,98869.00,84274,84274.00,994,994.00
1079,1,191,191.00,30,30.00,32183,32183.00,14520,14520.00,883,883.00
1080,4,1222,305.50,86,21.50,288536,72134.00,135739,33934.75,3643,910.75
1081,3,872,290.67,2,0.67,52755,17585.00,310687,103562.33,1524,508.00
1082,2,1848,924.00,442,221.00,138873,69436.50,610613,305306.50,457,228.50
1084,2,134,67.00,52,26.00,251844,125922.00,551410,275705.00,2160,1080.00
1085,24,9696,404.00,1390,57.92,595259,24802.46,1328594,55358.08,17084,711.83
1086,2,206,103.00,33,16.50,83917,41958.50,33695,16847.50,1485,742.50
1087,3,438,146.00,68,22.67,137828,45942.67,139485,46495.00,1766,588.67
1090,2,388,194.00,64,32.00,131792,65896.00,127934,63967.00,624,312.00
1091,3,611,203.67,48,16.00,139115,46371.67,59267,19755.67,3025,1008.33
1092,4,542,135.50,81,20.25,202494,50623.50,201318,50329.50,4124,1031.00
1094,4,527,131.75,59,14.75,219225,54806.25,149104,37276.00,3761,940.25
1096,6,895,149.17,63,10.50,310440,51740.00,179771,29961.83,6137,1022.83
1097,6,225,37.50,144,24.00,179435,29905.83,228311,38051.83,6558,1093.00
1098,1,189,189.00,50,50.00,31819,31819.00,146097,146097.00,322,322.00
1099,2,405,202.50,137,68.50,57728,28864.00,194897,97448.50,1835,917.50
1100,1,294,294.00,15,15.00,69510,69510.00,34995,34995.00,1027,1027.00
1101,1,193,193.00,28,28.00,34616,34616.00,16495,16495.00,961,961.00
1103,25,9822,392.88,1464,58.56,822545,32901.80,1610876,64435.04,17011,680.44
1105,2,84,42.00,24,12.00,107178,53589.00,75011,37505.50,1653,826.50
1106,36,3704,102.89,489,13.58,7271076,201974.33,1085095,30141.53,18187,505.19
1107,2,428,214.00,146,73.00,46976,23488.00,87836,43918.00,2168,1084.00
1108,4,850,212.50,72,18.00,184727,46181.75,126793,31698.25,2754,688.50
1110,1,38,38.00,70,70.00,123751,123751.00,280857,280857.00,391,391.00
1111,4,1071,267.75,96,24.00,346490,86622.50,123104,30776.00,3232,808.00
1113,14,448,32.00,229,16.36,1456685,104048.93,435152,31082.29,4349,310.64
1115,1,192,192.00,24,24.00,38612,38612.00,70218,70218.00,1069,1069.00
1118,1,293,293.00,32,32.00,77316,77316.00,37531,37531.00,722,722.00
1120,1,12,12.00,5,5.00,28761,28761.00,35063,35063.00,1116,1116.00
1121,12,4963,413.58,712,59.33,355253,29604.42,707499,58958.25,9867,822.25
1122,2,71,35.50,18,9.00,138484,69242.00,103233,51616.50,2236,1118.00
1123,4,555,138.75,162,40.50,288648,72162.00,332762,83190.50,3414,853.50
1124,1,57,57.00,50,50.00,84442,84442.00,125665,125665.00,1116,1116.00
1125,3,332,110.67,43,14.33,214206,71402.00,58042,19347.33,3283,1094.33
1126,13,1591,122.38,597,45.92,1010443,77726.38,853053,65619.46,13182,1014.00
1127,2,102,51.00,56,28.00,182888,91444.00,142680,71340.00,2246,1123.00
1128,1,161,161.00,0,0.00,1988,1988.00,100,100.00,1120,1120.00
1129,2,383,191.50,53,26.50,74521,37260.50,47847,23923.50,1856,928.00
1130,1,84,84.00,16,16.00,35237,35237.00,33949,33949.00,1126,1126.00
1131,4,226,56.50,124,31.00,936596,234149.00,592207,148051.75,4508,1127.00
1132,3,126,42.00,3,1.00,133930,44643.33,113106,37702.00,1568,522.67
1134,5,592,118.40,407,81.40,555923,111184.60,1170077,234015.40,4623,924.60
1135,4,579,144.75,120,30.00,109504,27376.00,380629,95157.25,2536,634.00
1136,1,196,196.00,11,11.00,21502,21502.00,21833,21833.00,1062,1062.00
1137,3,261,87.00,144,48.00,178990,59663.33,139370,46456.67,1565,521.67
1138,1,93,93.00,42,42.00,68069,68069.00,36296,36296.00,1056,1056.00
1140,3,500,166.67,2,0.67,69874,23291.33,44020,14673.33,3253,1084.33
1141,2,222,111.00,99,49.50,242558,121279.00,227828,113914.00,931,465.50
1143,3,445,148.33,3,1.00,140051,46683.67,73178,24392.67,1095,365.00
1145,4,165,41.25,62,15.50,332807,83201.75,201879,50469.75,3606,901.50
1148,1,376,376.00,98,98.00,8748,8748.00,24262,24262.00,1144,1144.00
1149,1,40,40.00,0,0.00,139702,139702.00,18716,18716.00,1148,1148.00
1151,3,168,56.00,44,14.67,310687,103562.33,263379,87793.00,2705,901.67
1152,1,76,76.00,76,76.00,42144,42144.00,25090,25090.00,1151,1151.00
1153,5,1685,337.00,165,33.00,296874,59374.80,269843,53968.60,2770,554.00
1154,4,167,41.75,181,45.25,344466,86116.50,390690,97672.50,4522,1130.50
1155,5,817,163.40,199,39.80,227055,45411.00,146854,29370.80,4548,909.60
1156,2,697,348.50,123,61.50,15015,7507.50,28407,14203.50,2228,1114.00
1157,1,167,167.00,1,1.00,25949,25949.00,27955,27955.00,924,924.00
1158,2,348,174.00,122,61.00,29112,14556.00,20631,10315.50,2254,1127.00
1159,1,40,40.00,0,0.00,104042,104042.00,14096,14096.00,1158,1158.00
1160,1,350,350.00,62,62.00,7604,7604.00,16394,16394.00,1156,1156.00
1161,1,109,109.00,38,38.00,131384,131384.00,87535,87535.00,423,423.00
1162,2,403,201.50,64,32.00,105682,52841.00,52492,26246.00,1742,871.00
1164,7,1744,249.14,207,29.57,464210,66315.71,233116,33302.29,6393,913.29
1165,1,184,184.00,34,34.00,38852,38852.00,45116,45116.00,1099,1099.00
1167,1,47,47.00,14,14.00,102160,102160.00,70018,70018.00,288,288.00
1168,7,2201,314.43,232,33.14,728931,104133.00,329794,47113.43,4144,592.00
1169,4,644,161.00,0,0.00,104204,26051.00,15540,3885.00,4672,1168.00
1170,2,189,94.50,17,8.50,101928,50964.00,156358,78179.00,1236,618.00
1172,2,233,116.50,8,4.00,67058,33529.00,28289,14144.50,2025,1012.50
1173,11,1870,170.00,396,36.00,545399,49581.73,99013,9001.18,12033,1093.91
1174,1,227,227.00,61,61.00,45920,45920.00,75684,75684.00,269,269.00
1175,3,651,217.00,61,20.33,183533,61177.67,78281,26093.67,2640,880.00
1176,1,355,355.00,63,63.00,7659,7659.00,15631,15631.00,1120,1120.00
1177,3,147,49.00,67,22.33,158773,52924.33,141395,47131.67,2494,831.33
1178,1,87,87.00,51,51.00,60217,60217.00,31689,31689.00,701,701.00
1179,3,560,186.67,77,25.67,120421,40140.33,95896,31965.33,3525,1175.00
1180,4,835,208.75,82,20.50,299912,74978.00,334638,83659.50,3332,833.00
1183,1,12,12.00,0,0.00,36654,36654.00,3618,3618.00,1182,1182.00
1184,6,3104,517.33,968,161.33,228972,38162.00,161683,26947.17,6487,1081.17
1185,2,134,67.00,68,34.00,19014,9507.00,1586,793.00,2330,1165.00
1186,2,153,76.50,21,10.50,414847,207423.50,297700,148850.00,2279,1139.50
1189,3,510,170.00,42,14.00,140657,46885.67,81386,27128.67,3376,1125.33
1191,3,562,187.33,13,4.33,157590,52530.00,112986,37662.00,3271,1090.33
1192,1,74,74.00,23,23.00,47486,47486.00,26823,26823.00,1188,1188.00
1193,1,159,159.00,17,17.00,57048,57048.00,25576,25576.00,886,886.00
1194,1,67,67.00,29,29.00,58049,58049.00,212308,212308.00,0,0.00
1195,1,206,206.00,26,26.00,38971,38971.00,78933,78933.00,1147,1147.00
1196,1,210,210.00,45,45.00,54246,54246.00,19651,19651.00,1005,1005.00
1197,1,206,206.00,26,26.00,41891,41891.00,82311,82311.00,1151,1151.00
1198,3,821,273.67,190,63.33,107913,35971.00,247759,82586.33,2086,695.33
1199,1,117,117.00,41,41.00,147904,147904.00,98491,98491.00,323,323.00
1200,6,141,23.50,110,18.33,818196,136366.00,524295,87382.50,6432,1072.00
1201,4,510,127.50,1,0.25,125242,31310.50,132152,33038.00,4600,1150.00
1203,4,616,154.00,93,23.25,441656,110414.00,1269990,317497.50,3347,836.75
1205,1,207,207.00,21,21.00,80701,80701.00,68716,68716.00,1126,1126.00
1206,3,231,77.00,37,12.33,119558,39852.67,34454,11484.67,3562,1187.33
1207,2,128,64.00,5,2.50,241153,120576.50,63902,31951.00,2144,1072.00
1209,4,482,120.50,85,21.25,202557,50639.25,408852,102213.00,3908,977.00
1210,1,160,160.00,1,1.00,65441,65441.00,105341,105341.00,308,308.00
1211,1,133,133.00,7,7.00,58692,58692.00,82458,82458.00,1163,1163.00
1213,5,100,20.00,0,0.00,319708,63941.60,38776,7755.20,6060,1212.00
1215,18,3726,207.00,972,54.00,627497,34860.94,2938243,163235.72,14951,830.61
1216,7,1068,152.57,68,9.71,224501,32071.57,133997,19142.43,7138,1019.71
1217,6,982,163.67,102,17.00,763825,127304.17,319485,53247.50,7009,1168.17
1219,1,0,0.00,0,0.00,0,0.00,0,0.00,1194,1194.00
1220,1,368,368.00,65,65.00,7969,7969.00,17069,17069.00,1148,1148.00
1221,7,243,34.71,77,11.00,992839,141834.14,175907,25129.57,8030,1147.14
1222,6,649,108.17,216,36.00,499465,83244.17,590111,98351.83,5811,968.50
1223,6,1230,205.00,6,1.00,138577,23096.17,134010,22335.00,6840,1140.00
1224,1,282,282.00,13,13.00,8364,8364.00,11394,11394.00,1195,1195.00
1225,2,48,24.00,0,0.00,93792,46896.00,11640,5820.00,2448,1224.00
1226,1,76,76.00,9,9.00,71056,71056.00,82080,82080.00,989,989.00
1227,2,271,135.50,6,3.00,224380,112190.00,112555,56277.50,2208,1104.00
1228,4,597,149.25,141,35.25,107077,26769.25,46641,11660.25,4637,1159.25
1229,12,2297,191.42,210,17.50,394191,32849.25,890129,74177.42,7259,604.92
1231,2,320,160.00,53,26.50,124527,62263.50,145054,72527.00,2228,1114.00
1233,1,212,212.00,29,29.00,46431,46431.00,86766,86766.00,1187,1187.00
1237,1,38,38.00,25,25.00,58870,58870.00,18989,18989.00,1079,1079.00
1238,1,156,156.00,15,15.00,44338,44338.00,116812,116812.00,1089,1089.00
1239,1,254,254.00,21,21.00,117114,117114.00,27439,27439.00,1081,1081.00
1240,4,1078,269.50,102,25.50,135735,33933.75,148158,37039.50,4738,1184.50
1241,2,231,115.50,1,0.50,105495,52747.50,36457,18228.50,2381,1190.50
1242,3,653,217.67,135,45.00,158785,52928.33,76106,25368.67,3342,1114.00
1243,3,790,263.33,245,81.67,399153,133051.00,478545,159515.00,933,311.00
1244,4,1153,288.25,309,77.25,231071,57767.75,354978,88744.50,4046,1011.50
1245,3,402,134.00,2,0.67,144006,48002.00,47667,15889.00,2234,744.67
1246,2,170,85.00,80,40.00,97868,48934.00,116846,58423.00,2135,1067.50
1247,3,0,0.00,0,0.00,96714,32238.00,28497,9499.00,3717,1239.00
1248,2,264,132.00,96,48.00,389174,194587.00,168984,84492.00,881,440.50
1249,2,203,101.50,35,17.50,45576,22788.00,36058,18029.00,2330,1165.00
1250,2,272,136.00,69,34.50,261896,130948.00,206339,103169.50,2303,1151.50
1252,2,278,139.00,75,37.50,106095,53047.50,243482,121741.00,900,450.00
1253,1,98,98.00,4,4.00,613536,613536.00,362995,362995.00,1235,1235.00
1255,2,402,201.00,77,38.50,103646,51823.00,95146,47573.00,2031,1015.50
1256,1,172,172.00,19,19.00,50665,50665.00,45956,45956.00,1210,1210.00
1261,1,67,67.00,5,5.00,260854,260854.00,91970,91970.00,1049,1049.00
1263,4,650,162.50,209,52.25,528530,132132.50,136053,34013.25,3280,820.00
1264,1,209,209.00,41,41.00,41471,41471.00,35186,35186.00,1216,1216.00
1267,1,74,74.00,38,38.00,109777,109777.00,209438,209438.00,544,544.00
1272,1,384,384.00,68,68.00,8248,8248.00,16860,16860.00,1224,1224.00
1273,4,520,130.00,66,16.50,242196,60549.00,268698,67174.50,4146,1036.50
1274,1,143,143.00,1,1.00,44922,44922.00,83276,83276.00,1115,1115.00
1275,2,573,286.50,175,87.50,74392,37196.00,148880,74440.00,2164,1082.00
1279,3,425,141.67,652,217.33,112562,37520.67,325108,108369.33,2460,820.00
1280,8,1046,130.75,137,17.12,931203,116400.38,736040,92005.00,8308,1038.50
1281,35,129,3.69,8793,251.23,1241515,35471.86,1044132,29832.34,39836,1138.17
1285,1,0,0.00,0,0.00,0,0.00,0,0.00,1284,1284.00
1286,3,437,145.67,44,14.67,147916,49305.33,67509,22503.00,2613,871.00
1288,2,420,210.00,2,1.00,91344,45672.00,200035,100017.50,2440,1220.00
1290,1,437,437.00,172,172.00,23132,23132.00,14802,14802.00,1079,1079.00
1291,4,554,138.50,132,33.00,127194,31798.50,95979,23994.75,3787,946.75
1292,1,191,191.00,20,20.00,53932,53932.00,24041,24041.00,1246,1246.00
1293,1,85,85.00,7,7.00,30234,30234.00,7248,7248.00,1292,1292.00
1295,1,246,246.00,80,80.00,247853,247853.00,195025,195025.00,0,0.00
1297,6,1146,191.00,33,5.50,266933,44488.83,108825,18137.50,7318,1219.67
1298,1,231,231.00,45,45.00,57258,57258.00,25301,25301.00,1029,1029.00
1301,1,265,265.00,1,1.00,93732,93732.00,25618,25618.00,1164,1164.00
1302,5,825,165.00,5,1.00,130118,26023.60,150373,30074.60,4981,996.20
1306,1,0,0.00,0,0.00,4350,4350.00,15088,15088.00,1305,1305.00
1307,5,2210,442.00,860,172.00,107375,21475.00,77401,15480.20,5844,1168.80
1308,3,459,153.00,96,32.00,300074,100024.67,114901,38300.33,2388,796.00
1312,3,587,195.67,80,26.67,67089,22363.00,29829,9943.00,3905,1301.67
1313,1,236,236.00,36,36.00,77775,77775.00,113887,113887.00,156,156.00
1315,4,1315,328.75,548,137.00,151234,37808.50,302020,75505.00,4760,1190.00
1317,2,327,163.50,24,12.00,263725,131862.50,50349,25174.50,2018,1009.00
1320,2,446,223.00,108,54.00,75728,37864.00,170914,85457.00,1838,919.00
1323,2,230,115.00,98,49.00,211576,105788.00,165181,82590.50,2148,1074.00
1325,1,55,55.00,13,13.00,48202,48202.00,57470,57470.00,1267,1267.00
1332,1,400,400.00,172,172.00,18047,18047.00,15955,15955.00,1289,1289.00
1333,2,434,217.00,74,37.00,72056,36028.00,96502,48251.00,1248,624.00
1334,3,340,113.33,51,17.00,332556,110852.00,411433,137144.33,2859,953.00
1335,2,303,151.50,101,50.50,121126,60563.00,86825,43412.50,2665,1332.50
1339,2,190,95.00,40,20.00,97500,48750.00,61251,30625.50,2126,1063.00
1340,5,1683,336.60,688,137.60,80488,16097.60,63947,12789.40,6359,1271.80
1342,2,730,365.00,44,22.00,217268,108634.00,102080,51040.00,2450,1225.00
1345,4,524,131.00,21,5.25,510768,127692.00,207138,51784.50,5370,1342.50
1348,5,911,182.20,133,26.60,540440,108088.00,367648,73529.60,5708,1141.60
1349,3,492,164.00,21,7.00,415846,138615.33,206352,68784.00,3377,1125.67
1352,1,637,637.00,3,3.00,16716,16716.00,14452,14452.00,1350,1350.00
1354,1,236,236.00,35,35.00,41459,41459.00,20939,20939.00,1093,1093.00
1355,1,55,55.00,22,22.00,107449,107449.00,94865,94865.00,1351,1351.00
1356,9,3404,378.22,1175,130.56,148296,16477.33,130547,14505.22,11111,1234.56
1357,4,1637,409.25,541,135.25,216661,54165.25,145634,36408.50,3498,874.50
1358,1,227,227.00,1,1.00,29863,29863.00,17945,17945.00,1335,1335.00
1359,1,99,99.00,58,58.00,69365,69365.00,39859,39859.00,701,701.00
1360,2,491,245.50,126,63.00,23597,11798.50,21189,10594.50,2576,1288.00
1361,3,260,86.67,156,52.00,179050,59683.33,208032,69344.00,2714,904.67
1364,1,68,68.00,34,34.00,48917,48917.00,45460,45460.00,1240,1240.00
1365,3,1126,375.33,399,133.00,182867,60955.67,58095,19365.00,3467,1155.67
1366,2,221,110.50,69,34.50,149943,74971.50,133150,66575.00,2574,1287.00
1367,7,91,13.00,28,4.00,869594,124227.71,157512,22501.71,7196,1028.00
1370,3,581,193.67,12,4.00,683509,227836.33,127102,42367.33,3497,1165.67
1371,2,120,60.00,34,17.00,78711,39355.50,190412,95206.00,762,381.00
1373,2,487,243.50,176,88.00,546848,273424.00,92685,46342.50,2545,1272.50
1374,7,4426,632.29,1274,182.00,384531,54933.00,274103,39157.57,9133,1304.71
1376,1,120,120.00,43,43.00,131484,131484.00,103451,103451.00,1105,1105.00
1378,1,201,201.00,26,26.00,63168,63168.00,20674,20674.00,1361,1361.00
1381,6,1861,310.17,684,114.00,142931,23821.83,69125,11520.83,7782,1297.00
1382,1,457,457.00,172,172.00,23705,23705.00,15186,15186.00,1191,1191.00
1384,1,376,376.00,22,22.00,105620,105620.00,47854,47854.00,821,821.00
1386,1,376,376.00,22,22.00,100469,100469.00,46783,46783.00,871,871.00
1387,2,82,41.00,26,13.00,66696,33348.00,25109,12554.50,2769,1384.50
1388,1,199,199.00,39,39.00,77120,77120.00,53046,53046.00,0,0.00
1390,4,1134,283.50,225,56.25,332168,83042.00,120873,30218.25,4164,1041.00
1391,3,772,257.33,222,74.00,163203,54401.00,90380,30126.67,3890,1296.67
1392,1,380,380.00,24,24.00,112832,112832.00,52925,52925.00,1043,1043.00
1393,1,197,197.00,20,20.00,64859,64859.00,23882,23882.00,1347,1347.00
1394,2,280,140.00,34,17.00,37842,18921.00,21370,10685.00,2583,1291.50
1395,1,48,48.00,98,98.00,181564,181564.00,604009,604009.00,1391,1391.00
1396,1,239,239.00,23,23.00,98824,98824.00,59498,59498.00,1317,1317.00
1397,1,240,240.00,56,56.00,67016,67016.00,66796,66796.00,257,257.00
1398,3,667,222.33,228,76.00,271665,90555.00,168140,56046.67,2739,913.00
1400,1,44,44.00,4,4.00,59284,59284.00,38541,38541.00,1396,1396.00
1401,3,259,86.33,115,38.33,254651,84883.67,138173,46057.67,2797,932.33
1404,1,72,72.00,33,33.00,71179,71179.00,304812,304812.00,0,0.00
1406,4,1172,293.00,51,12.75,248561,62140.25,170851,42712.75,4508,1127.00
1407,1,582,582.00,3,3.00,14775,14775.00,10108,10108.00,1405,1405.00
1408,3,462,154.00,0,0.00,109385,36461.67,7332,2444.00,4221,1407.00
1410,2,166,83.00,26,13.00,306075,153037.50,610809,305404.50,2124,1062.00
1411,1,321,321.00,13,13.00,78987,78987.00,35462,35462.00,1161,1161.00
1412,2,243,121.50,80,40.00,273222,136611.00,76979,38489.50,1873,936.50
1413,2,484,242.00,58,29.00,89581,44790.50,198224,99112.00,2706,1353.00
1414,1,470,470.00,157,157.00,23202,23202.00,295627,295627.00,0,0.00
1415,1,58,58.00,41,41.00,157477,157477.00,389164,389164.00,1378,1378.00
1416,1,295,295.00,31,31.00,34158,34158.00,51685,51685.00,1410,1410.00
1417,1,61,61.00,28,28.00,163908,163908.00,113482,113482.00,1413,1413.00
1418,3,469,156.33,153,51.00,178382,59460.67,103600,34533.33,3709,1236.33
1419,2,34,17.00,12,6.00,356580,178290.00,63664,31832.00,2826,1413.00
1420,2,262,131.00,88,44.00,283933,141966.50,199410,99705.00,1487,743.50
1422,1,94,94.00,94,94.00,41543,41543.00,20546,20546.00,1405,1405.00
1424,4,1426,356.50,497,124.25,358109,89527.25,206418,51604.50,4043,1010.75
1425,1,0,0.00,0,0.00,37153,37153.00,12500,12500.00,1416,1416.00
1426,8,1905,238.12,414,51.75,753060,94132.50,738460,92307.50,7760,970.00
1427,2,166,83.00,106,53.00,39789,19894.50,10759,5379.50,2762,1381.00
1429,2,35,17.50,0,0.00,97106,48553.00,16240,8120.00,1428,714.00
1430,3,0,0.00,311,103.67,477906,159302.00,969231,323077.00,4278,1426.00
1431,1,130,130.00,156,156.00,3061,3061.00,317,317.00,1430,1430.00
1432,1,390,390.00,22,22.00,110332,110332.00,51293,51293.00,1265,1265.00
1434,1,184,184.00,19,19.00,51596,51596.00,145980,145980.00,1293,1293.00
1441,2,839,419.50,160,80.00,30486,15243.00,387820,193910.00,1440,720.00
1443,1,206,206.00,0,0.00,12776,12776.00,1605,1605.00,1442,1442.00
1445,1,88,88.00,25,25.00,103056,103056.00,53090,53090.00,1326,1326.00
1446,7,1057,151.00,113,16.14,1141653,163093.29,445077,63582.43,5444,777.71
1449,3,940,313.33,356,118.67,96873,32291.00,140762,46920.67,4204,1401.33
1451,2,202,101.00,2,1.00,39068,19534.00,77167,38583.50,2287,1143.50
1453,4,142,35.50,326,81.50,507452,126863.00,956679,239169.75,5728,1432.00
1454,1,240,240.00,1,1.00,50324,50324.00,63972,63972.00,1070,1070.00
1455,1,24,24.00,0,0.00,72775,72775.00,9941,9941.00,1454,1454.00
1456,2,178,89.00,72,36.00,348214,174107.00,897210,448605.00,2904,1452.00
1457,3,297,99.00,73,24.33,170070,56690.00,98496,32832.00,4362,1454.00
1458,2,490,245.00,28,14.00,184788,92394.00,179906,89953.00,2190,1095.00
1460,3,372,124.00,150,50.00,460589,153529.67,426317,142105.67,4236,1412.00
1463,1,65,65.00,19,19.00,115342,115342.00,221972,221972.00,1459,1459.00
1464,1,245,245.00,1,1.00,24062,24062.00,19379,19379.00,1338,1338.00
1465,2,160,80.00,32,16.00,123964,61982.00,524049,262024.50,2858,1429.00
1467,1,250,250.00,58,58.00,69658,69658.00,56276,56276.00,504,504.00
1469,2,331,165.50,21,10.50,341722,170861.00,284562,142281.00,1461,730.50
1474,1,42,42.00,21,21.00,76050,76050.00,79994,79994.00,1470,1470.00
1475,1,125,125.00,18,18.00,550856,550856.00,242103,242103.00,1471,1471.00
1481,2,611,305.50,41,20.50,51737,25868.50,84426,42213.00,2080,1040.00
1482,3,541,180.33,73,24.33,156185,52061.67,387502,129167.33,2870,956.67
1484,1,255,255.00,32,32.00,52155,52155.00,115736,115736.00,1438,1438.00
1485,1,43,43.00,21,21.00,82814,82814.00,92085,92085.00,1481,1481.00
1486,1,494,494.00,165,165.00,23465,23465.00,173712,173712.00,915,915.00
1487,1,4,4.00,64,64.00,96847,96847.00,87351,87351.00,1483,1483.00
1496,1,473,473.00,179,179.00,15937,15937.00,19584,19584.00,1492,1492.00
1497,35,19101,545.74,5051,144.31,1255811,35880.31,7578965,216541.86,39106,1117.31
1499,1,321,321.00,0,0.00,10058,10058.00,2580,2580.00,1498,1498.00
1502,1,46,46.00,5,5.00,41265,41265.00,10535,10535.00,1371,1371.00
1503,7,1794,256.29,397,56.71,400994,57284.86,1505454,215064.86,6947,992.43
1504,1,99,99.00,4,4.00,194805,194805.00,47155,47155.00,1500,1500.00
1505,1,77,77.00,37,37.00,84759,84759.00,337596,337596.00,87,87.00
1506,1,354,354.00,1,1.00,32649,32649.00,4942,4942.00,1461,1461.00
1507,1,69,69.00,3,3.00,121457,121457.00,16621,16621.00,1503,1503.00
1509,1,206,206.00,1,1.00,46012,46012.00,52994,52994.00,1166,1166.00
1510,3,462,154.00,279,93.00,63954,21318.00,32187,10729.00,3375,1125.00
1516,1,253,253.00,1,1.00,24954,24954.00,22185,22185.00,1390,1390.00
1517,1,59,59.00,32,32.00,110959,110959.00,66999,66999.00,823,823.00
1523,5,810,162.00,305,61.00,396247,79249.40,594458,118891.60,5816,1163.20
1527,1,35,35.00,0,0.00,63924,63924.00,7271,7271.00,1308,1308.00
1529,2,48,24.00,48,24.00,59732,29866.00,17929,8964.50,2997,1498.50
1531,2,100,50.00,0,0.00,147235,73617.50,15818,7909.00,2907,1453.50
1532,1,115,115.00,27,27.00,103825,103825.00,35085,35085.00,1447,1447.00
1534,2,646,323.00,60,30.00,111223,55611.50,67130,33565.00,2844,1422.00
1537,3,157,52.33,62,20.67,295871,98623.67,167249,55749.67,2638,879.33
1538,1,330,330.00,0,0.00,41913,41913.00,10860,10860.00,1537,1537.00
1539,2,526,263.00,52,26.00,86788,43394.00,147636,73818.00,2892,1446.00
1542,1,171,171.00,35,35.00,138340,138340.00,163223,163223.00,1148,1148.00
1543,2,422,211.00,74,37.00,331757,165878.50,327101,163550.50,3010,1505.00
1545,3,0,0.00,204,68.00,214769,71589.67,135102,45034.00,4623,1541.00
1546,2,82,41.00,16,8.00,112084,56042.00,81973,40986.50,3087,1543.50
1547,2,526,263.00,121,60.50,309710,154855.00,111325,55662.50,2212,1106.00
1548,1,102,102.00,65,65.00,11679,11679.00,912,912.00,1510,1510.00
1552,1,451,451.00,202,202.00,51312,51312.00,92899,92899.00,920,920.00
1555,2,615,307.50,41,20.50,177804,88902.00,362934,181467.00,2561,1280.50
1557,1,70,70.00,75,75.00,182632,182632.00,381962,381962.00,1552,1552.00
1558,3,737,245.67,153,51.00,146370,48790.00,83823,27941.00,4126,1375.33
1560,2,100,50.00,72,36.00,33580,16790.00,1314,657.00,3024,1512.00
1562,2,283,141.50,41,20.50,410683,205341.50,232764,116382.00,2946,1473.00
1563,3,175,58.33,100,33.33,90166,30055.33,89349,29783.00,4635,1545.00
1564,1,407,407.00,43,43.00,109648,109648.00,61020,61020.00,1534,1534.00
1565,2,479,239.50,56,28.00,252924,126462.00,96151,48075.50,2317,1158.50
1568,1,277,277.00,47,47.00,71150,71150.00,150024,150024.00,1521,1521.00
1569,1,64,64.00,0,0.00,87680,87680.00,11128,11128.00,1568,1568.00
1571,2,473,236.50,2,1.00,117567,58783.50,31269,15634.50,2931,1465.50
1572,1,96,96.00,12,12.00,89842,89842.00,19008,19008.00,1568,1568.00
1573,2,12199,6099.50,4718,2359.00,90370,45185.00,3825606,1912803.00,3144,1572.00
1575,2,369,184.50,6,3.00,599510,299755.00,185423,92711.50,2646,1323.00
1576,1,100,100.00,67,67.00,16644,16644.00,1251,1251.00,1549,1549.00
1579,1,240,240.00,27,27.00,64633,64633.00,33466,33466.00,1533,1533.00
1585,2,381,190.50,43,21.50,130798,65399.00,65105,32552.50,2694,1347.00
1587,1,230,230.00,39,39.00,75345,75345.00,35304,35304.00,1505,1505.00
1590,2,732,366.00,62,31.00,193733,96866.50,72424,36212.00,1442,721.00
1591,2,291,145.50,113,56.50,181444,90722.00,257679,128839.50,3049,1524.50
1595,2,409,204.50,57,28.50,156761,78380.50,122934,61467.00,3102,1551.00
1597,2,676,338.00,38,19.00,58415,29207.50,79411,39705.50,3148,1574.00
1601,1,83,83.00,37,37.00,93032,93032.00,443372,443372.00,0,0.00
1603,5,1177,235.40,205,41.00,466916,93383.20,123068,24613.60,7237,1447.40
1606,6,1102,183.67,23,3.83,296866,49477.67,189866,31644.33,9010,1501.67
1610,5,907,181.40,246,49.20,724494,144898.80,384997,76999.40,5598,1119.60
1612,1,271,271.00,34,34.00,75032,75032.00,47915,47915.00,1062,1062.00
1613,1,8,8.00,68,68.00,62567,62567.00,22560,22560.00,1609,1609.00
1614,3,0,0.00,213,71.00,201333,67111.00,85447,28482.33,4830,1610.00
1617,5,692,138.40,114,22.80,963613,192722.60,1231741,246348.20,6896,1379.20
1619,2,379,189.50,57,28.50,169936,84968.00,89955,44977.50,2940,1470.00
1622,2,116,58.00,136,68.00,279939,139969.50,555693,277846.50,3236,1618.00
1623,2,456,228.00,99,49.50,286343,143171.50,321067,160533.50,2302,1151.00
1624,5,851,170.20,190,38.00,1009707,201941.40,2460723,492144.60,7706,1541.20
1625,44,6864,156.00,792,18.00,13288542,302012.32,2002959,45521.80,36398,827.23
1627,3,587,195.67,26,8.67,300470,100156.67,95343,31781.00,4140,1380.00
1629,1,407,407.00,0,0.00,7733,7733.00,76386,76386.00,1628,1628.00
1631,1,95,95.00,19,19.00,139536,139536.00,298095,298095.00,1523,1523.00
1634,4,623,155.75,92,23.00,638631,159657.75,480109,120027.25,6225,1556.25
1635,1,78,78.00,35,35.00,415101,415101.00,102426,102426.00,1631,1631.00
1636,1,352,352.00,33,33.00,636327,636327.00,144490,144490.00,160,160.00
1637,5,255,51.00,195,39.00,213429,42685.80,218554,43710.80,8165,1633.00
1648,2,8,4.00,142,71.00,126406,63203.00,39903,19951.50,3288,1644.00
1655,1,59,59.00,19,19.00,61501,61501.00,16335,16335.00,1461,1461.00
1656,1,274,274.00,68,68.00,148495,148495.00,64587,64587.00,1596,1596.00
1657,2,164,82.00,28,14.00,136951,68475.50,29332,14666.00,2775,1387.50
1663,1,239,239.00,46,46.00,88180,88180.00,42808,42808.00,688,688.00
1665,56,26172,467.36,275,4.91,4757768,84960.14,7519642,134279.32,57385,1024.73
1668,1,434,434.00,20,20.00,149322,149322.00,59227,59227.00,1255,1255.00
1671,12,5454,454.50,47,3.92,1058051,88170.92,1995577,166298.08,11070,922.50
1674,2,28,14.00,0,0.00,113408,56704.00,14055,7027.50,3346,1673.00
1677,10,4471,447.10,108,10.80,874039,87403.90,1303833,130383.30,10210,1021.00
1678,1,186,186.00,31,31.00,46518,46518.00,3818,3818.00,1674,1674.00
1679,1,55,55.00,0,0.00,34447,34447.00,8380,8380.00,1678,1678.00
1681,1,293,293.00,38,38.00,54367,54367.00,25702,25702.00,1520,1520.00
1682,2,74,37.00,88,44.00,147219,73609.50,77393,38696.50,3247,1623.50
1683,3,1083,361.00,22,7.33,229558,76519.33,501042,167014.00,4470,1490.00
1684,3,408,136.00,179,59.67,385872,128624.00,704720,234906.67,4909,1636.33
1685,1,421,421.00,0,0.00,6315,6315.00,16545,16545.00,1684,1684.00
1686,3,1704,568.00,468,156.00,198979,66326.33,1579381,526460.33,1364,454.67
1687,1,370,370.00,1,1.00,70868,70868.00,52538,52538.00,1584,1584.00
1689,1,87,87.00,19,19.00,135616,135616.00,89461,89461.00,1378,1378.00
1694,1,4,4.00,73,73.00,72556,72556.00,28302,28302.00,1690,1690.00
1695,5,2217,443.40,25,5.00,416236,83247.20,674025,134805.00,5993,1198.60
1699,3,752,250.67,89,29.67,196414,65471.33,103448,34482.67,4665,1555.00
1701,5,1588,317.60,80,16.00,382361,76472.20,519319,103863.80,7369,1473.80
1702,1,124,124.00,42,42.00,11888,11888.00,591,591.00,1701,1701.00
1705,1,248,248.00,27,27.00,76803,76803.00,60042,60042.00,1659,1659.00
1706,1,29,29.00,13,13.00,64656,64656.00,80017,80017.00,1702,1702.00
1707,1,505,505.00,4,4.00,85837,85837.00,137059,137059.00,1171,1171.00
1711,1,220,220.00,1,1.00,51888,51888.00,59909,59909.00,1663,1663.00
1713,5,2072,414.40,91,18.20,392457,78491.40,478733,95746.60,6101,1220.20
1715,1,29,29.00,13,13.00,71409,71409.00,87967,87967.00,1711,1711.00
1717,1,89,89.00,2,2.00,308318,308318.00,149930,149930.00,1437,1437.00
1718,4,796,199.00,174,43.50,3165938,791484.50,901154,225288.50,6546,1636.50
1720,3,1252,417.33,297,99.00,241500,80500.00,485318,161772.67,2937,979.00
1722,1,44,44.00,14,14.00,120280,120280.00,34464,34464.00,1571,1571.00
1723,1,285,285.00,69,69.00,125123,125123.00,56777,56777.00,1663,1663.00
1725,2,766,383.00,33,16.50,166703,83351.50,85302,42651.00,3252,1626.00
1726,5,1022,204.40,159,31.80,313204,62640.80,679136,135827.20,7703,1540.60
1727,1,256,256.00,35,35.00,73774,73774.00,86440,86440.00,1678,1678.00
1728,1,107,107.00,28,28.00,100923,100923.00,135371,135371.00,1626,1626.00
1729,1,575,575.00,192,192.00,27073,27073.00,281651,281651.00,1309,1309.00
1734,1,186,186.00,15,15.00,64551,64551.00,201095,201095.00,1688,1688.00
1737,1,465,465.00,38,38.00,117732,117732.00,47385,47385.00,1169,1169.00
1739,2,385,192.50,91,45.50,171667,85833.50,698240,349120.00,1652,826.00
1741,2,242,121.00,41,20.50,438541,219270.50,191489,95744.50,2546,1273.00
1743,1,235,235.00,29,29.00,58710,58710.00,35195,35195.00,1638,1638.00
1745,24,3384,141.00,576,24.00,1982106,82587.75,596890,24870.42,31620,1317.50
1746,2,647,323.50,202,101.00,122517,61258.50,292264,146132.00,1493,746.50
1748,1,87,87.00,80,80.00,144327,144327.00,201254,201254.00,1744,1744.00
1749,1,526,526.00,4,4.00,89123,89123.00,133903,133903.00,1114,1114.00
1756,3,826,275.33,151,50.33,446527,148842.33,141163,47054.33,4566,1522.00
1757,1,251,251.00,31,31.00,110696,110696.00,53488,53488.00,1715,1715.00
1759,1,244,244.00,33,33.00,76979,76979.00,91181,91181.00,1461,1461.00
1763,3,1051,350.33,172,57.33,221881,73960.33,119972,39990.67,5075,1691.67
1768,1,0,0.00,0,0.00,5890,5890.00,19908,19908.00,1767,1767.00
1769,1,81,81.00,7,7.00,427211,427211.00,239976,239976.00,1765,1765.00
1770,2,210,105.00,72,36.00,477161,238580.50,726197,363098.50,2006,1003.00
1771,3,670,223.33,50,16.67,184117,61372.33,154935,51645.00,4278,1426.00
1773,1,198,198.00,1,1.00,5075,5075.00,802,802.00,1772,1772.00
1774,7,1359,194.14,283,40.43,545831,77975.86,428322,61188.86,8856,1265.14
1781,4,310,77.50,42,10.50,190840,47710.00,88347,22086.75,6566,1641.50
1783,3,339,113.00,12,4.00,368077,122692.33,239426,79808.67,1339,446.33
1784,1,381,381.00,145,145.00,41545,41545.00,34010,34010.00,1512,1512.00
1785,2,501,250.50,136,68.00,68270,34135.00,92030,46015.00,3029,1514.50
1787,2,67,33.50,5,2.50,241274,120637.00,59497,29748.50,3569,1784.50
1791,2,892,446.00,130,65.00,91387,45693.50,18252,9126.00,3522,1761.00
1793,15,3548,236.53,355,23.67,809949,53996.60,1861508,124100.53,20069,1337.93
1796,2,801,400.50,18,9.00,82253,41126.50,102332,51166.00,3586,1793.00
1797,2,196,98.00,86,43.00,214653,107326.50,820494,410247.00,785,392.50
1798,2,301,150.50,80,40.00,178988,89494.00,198052,99026.00,3573,1786.50
1799,1,362,362.00,1,1.00,162299,162299.00,55053,55053.00,1695,1695.00
1801,1,30,30.00,0,0.00,95731,95731.00,11662,11662.00,1800,1800.00
1802,1,222,222.00,22,22.00,58853,58853.00,122500,122500.00,1606,1606.00
1803,1,109,109.00,5,5.00,532336,532336.00,206259,206259.00,1579,1579.00
1804,2,464,232.00,55,27.50,412291,206145.50,162058,81029.00,2925,1462.50
1810,3,465,155.00,111,37.00,518311,172770.33,439002,146334.00,4761,1587.00
1813,2,418,209.00,90,45.00,190796,95398.00,73065,36532.50,3007,1503.50
1815,6,921,153.50,305,50.83,1184213,197368.83,674667,112444.50,7845,1307.50
1818,1,359,359.00,22,22.00,196060,196060.00,48836,48836.00,1089,1089.00
1819,1,605,605.00,202,202.00,29862,29862.00,489442,489442.00,0,0.00
1825,1,163,163.00,63,63.00,191870,191870.00,137310,137310.00,1824,1824.00
1828,1,0,0.00,0,0.00,0,0.00,0,0.00,1791,1791.00
1829,1,836,836.00,1,1.00,15727,15727.00,76388,76388.00,1802,1802.00
1832,6,1297,216.17,378,63.00,609337,101556.17,596274,99379.00,7292,1215.33
1834,1,222,222.00,22,22.00,59214,59214.00,137334,137334.00,1616,1616.00
1837,2,460,230.00,71,35.50,158716,79358.00,156823,78411.50,2862,1431.00
1838,1,463,463.00,44,44.00,151508,151508.00,68859,68859.00,547,547.00
1840,1,124,124.00,7,7.00,541285,541285.00,170852,170852.00,1836,1836.00
1841,3,659,219.67,59,19.67,274720,91573.33,156262,52087.33,5367,1789.00
1842,1,111,111.00,75,75.00,355700,355700.00,1129091,1129091.00,319,319.00
1847,2,1211,605.50,4,2.00,58722,29361.00,75827,37913.50,3633,1816.50
1848,1,154,154.00,2,2.00,389688,389688.00,92358,92358.00,1844,1844.00
1849,1,6,6.00,79,79.00,145402,145402.00,151819,151819.00,1845,1845.00
1855,1,4,4.00,80,80.00,127526,127526.00,120195,120195.00,1851,1851.00
1862,1,270,270.00,46,46.00,94112,94112.00,72946,72946.00,1780,1780.00
1863,1,100,100.00,30,30.00,94921,94921.00,89913,89913.00,1808,1808.00
1869,1,124,124.00,18,18.00,112285,112285.00,52544,52544.00,1694,1694.00
1870,1,267,267.00,4,4.00,3463,3463.00,192,192.00,1862,1862.00
1871,1,313,313.00,1,1.00,30639,30639.00,30377,30377.00,1831,1831.00
1873,1,0,0.00,0,0.00,0,0.00,0,0.00,1872,1872.00
1875,4,1422,355.50,189,47.25,721287,180321.75,707453,176863.25,6283,1570.75
1878,1,94,94.00,5,5.00,105962,105962.00,78538,78538.00,1492,1492.00
1879,1,314,314.00,24,24.00,141301,141301.00,138655,138655.00,1800,1800.00
1880,1,314,314.00,76,76.00,125031,125031.00,92356,92356.00,1820,1820.00
1882,18,5670,315.00,1260,70.00,2087039,115946.61,1991750,110652.78,22756,1264.22
1883,1,129,129.00,9,9.00,122750,122750.00,76695,76695.00,1672,1672.00
1884,1,97,97.00,7,7.00,419305,419305.00,210672,210672.00,1682,1682.00
1888,2,204,102.00,12,6.00,156047,78023.50,254672,127336.00,3496,1748.00
1892,2,377,188.50,43,21.50,51442,25721.00,30774,15387.00,3529,1764.50
1899,1,20,20.00,76,76.00,86287,86287.00,44193,44193.00,1895,1895.00
1902,1,456,456.00,33,33.00,172982,172982.00,84635,84635.00,1381,1381.00
1903,2,658,329.00,88,44.00,121761,60880.50,60284,30142.00,3414,1707.00
1906,1,204,204.00,11,11.00,78589,78589.00,282352,282352.00,1540,1540.00
1907,4,1276,319.00,4,1.00,145782,36445.50,292451,73112.75,6648,1662.00
1908,8,2581,322.62,400,50.00,1052827,131603.38,567238,70904.75,14193,1774.12
1909,1,363,363.00,21,21.00,153083,153083.00,53139,53139.00,1866,1866.00
1914,1,276,276.00,56,56.00,94463,94463.00,86770,86770.00,1702,1702.00
1915,4,2384,596.00,364,91.00,795290,198822.50,518016,129504.00,5618,1404.50
1921,1,60,60.00,0,0.00,41456,41456.00,2982,2982.00,1920,1920.00
1924,1,4,4.00,83,83.00,113492,113492.00,94102,94102.00,1920,1920.00
1926,1,323,323.00,1,1.00,31539,31539.00,33201,33201.00,1839,1839.00
1927,1,916,916.00,1,1.00,17105,17105.00,86133,86133.00,1892,1892.00
1931,1,75,75.00,17,17.00,96885,96885.00,61391,61391.00,1866,1866.00
1933,7,236,33.71,108,15.43,4012138,573162.57,483533,69076.14,9139,1305.57
1935,1,184,184.00,63,63.00,283871,283871.00,261868,261868.00,1342,1342.00
1936,1,289,289.00,39,39.00,75447,75447.00,82856,82856.00,1798,1798.00
1942,3,333,111.00,99,33.00,415700,138566.67,299822,99940.67,5217,1739.00
1944,2,712,356.00,33,16.50,160208,80104.00,61346,30673.00,3801,1900.50
1945,1,456,456.00,1,1.00,88480,88480.00,75975,75975.00,1918,1918.00
1947,1,350,350.00,1,1.00,152850,152850.00,36981,36981.00,1847,1847.00
1948,2,716,358.00,102,51.00,141371,70685.50,272412,136206.00,3742,1871.00
1949,1,120,120.00,14,14.00,584871,584871.00,121723,121723.00,1945,1945.00
1951,3,644,214.67,79,26.33,278167,92722.33,483458,161152.67,5556,1852.00
1953,1,488,488.00,0,0.00,7320,7320.00,7745,7745.00,1952,1952.00
1954,1,650,650.00,217,217.00,31592,31592.00,357292,357292.00,481,481.00
1955,2,232,116.00,150,75.00,621986,310993.00,1915657,957828.50,3166,1583.00
1957,2,589,294.50,56,28.00,290033,145016.50,132882,66441.00,3372,1686.00
1959,1,0,0.00,0,0.00,49684,49684.00,23969,23969.00,1958,1958.00
1960,1,164,164.00,1,1.00,58563,58563.00,263846,263846.00,1790,1790.00
1961,1,35,35.00,0,0.00,79950,79950.00,9934,9934.00,1960,1960.00
1962,1,173,173.00,77,77.00,161804,161804.00,156917,156917.00,901,901.00
1963,116,71224,614.00,10788,93.00,23993616,206841.52,18302029,157776.11,139935,1206.34
1964,3,403,134.33,97,32.33,355606,118535.33,287438,95812.67,5834,1944.67
1965,1,386,386.00,19,19.00,181534,181534.00,45219,45219.00,1865,1865.00
1966,4,436,109.00,220,55.00,462636,115659.00,449714,112428.50,7712,1928.00
1968,1,274,274.00,1,1.00,98038,98038.00,72999,72999.00,1844,1844.00
1971,2,40,20.00,0,0.00,121310,60655.00,11923,5961.50,3940,1970.00
1973,1,371,371.00,21,21.00,157358,157358.00,52883,52883.00,1617,1617.00
1975,1,376,376.00,25,25.00,195970,195970.00,41968,41968.00,1129,1129.00
1976,1,307,307.00,69,69.00,84516,84516.00,99522,99522.00,1577,1577.00
1978,3,989,329.67,50,16.67,138708,46236.00,290621,96873.67,5610,1870.00
1981,3,632,210.67,84,28.00,668938,222979.33,708112,236037.33,4929,1643.00
1982,1,331,331.00,57,57.00,91838,91838.00,189987,189987.00,1935,1935.00
1987,2,352,176.00,42,21.00,208162,104081.00,119248,59624.00,3927,1963.50
1988,2,432,216.00,71,35.50,215629,107814.50,278016,139008.00,2771,1385.50
1994,1,268,268.00,22,22.00,66893,66893.00,193470,193470.00,1948,1948.00
1995,1,90,90.00,5,5.00,96986,96986.00,59757,59757.00,1895,1895.00
1996,1,551,551.00,221,221.00,56407,56407.00,246374,246374.00,1977,1977.00
1997,1,37,37.00,0,0.00,74634,74634.00,8942,8942.00,1996,1996.00
1998,1,86,86.00,0,0.00,60052,60052.00,9926,9926.00,1997,1997.00
2001,2,113,56.50,0,0.00,148130,74065.00,20938,10469.00,3869,1934.50
2004,1,335,335.00,1,1.00,32900,32900.00,34212,34212.00,1878,1878.00
2005,2,0,0.00,176,88.00,329160,164580.00,429802,214901.00,4002,2001.00
2007,2,482,241.00,31,15.50,168101,84050.50,61423,30711.50,3273,1636.50
2009,3,339,113.00,12,4.00,387263,129087.67,216024,72008.00,3673,1224.33
2017,2,753,376.50,50,25.00,185741,92870.50,76356,38178.00,3477,1738.50
2019,3,214,71.33,15,5.00,117435,39145.00,222521,74173.67,5697,1899.00
2033,2,535,267.50,129,64.50,358413,179206.50,190419,95209.50,3980,1990.00
2038,4,536,134.00,196,49.00,1037165,259291.25,4162780,1040695.00,8136,2034.00
2039,2,8,4.00,176,88.00,325214,162607.00,419660,209830.00,4070,2035.00
2041,7,2449,349.86,96,13.71,580524,82932.00,527009,75287.00,12875,1839.29
2042,1,462,462.00,0,0.00,58060,58060.00,22761,22761.00,2041,2041.00
2043,1,77,77.00,25,25.00,187453,187453.00,186036,186036.00,2039,2039.00
2047,2,486,243.00,72,36.00,561842,280921.00,314101,157050.50,4041,2020.50
2052,1,91,91.00,0,0.00,59935,59935.00,9934,9934.00,2051,2051.00
2053,1,285,285.00,0,0.00,50983,50983.00,5305,5305.00,2052,2052.00
2054,3,1219,406.33,87,29.00,343233,114411.00,434163,144721.00,4942,1647.33
2055,2,190,95.00,56,28.00,355222,177611.00,473120,236560.00,3904,1952.00
2057,2,1540,770.00,514,257.00,59980,29990.00,1049022,524511.00,1620,810.00
2058,1,65,65.00,45,45.00,22211,22211.00,773,773.00,2010,2010.00
2059,2,450,225.00,37,18.50,139897,69948.50,502407,251203.50,3977,1988.50
2062,1,276,276.00,22,22.00,71168,71168.00,190634,190634.00,1582,1582.00
2063,1,345,345.00,1,1.00,38750,38750.00,26235,26235.00,2016,2016.00
2064,1,182,182.00,65,65.00,237504,237504.00,141395,141395.00,1146,1146.00
2068,1,329,329.00,48,48.00,75863,75863.00,117356,117356.00,2022,2022.00
2069,1,374,374.00,36,36.00,141161,141161.00,147423,147423.00,1990,1990.00
2070,1,286,286.00,13,13.00,65428,65428.00,171323,171323.00,1386,1386.00
2073,1,489,489.00,1,1.00,44594,44594.00,6294,6294.00,2028,2028.00
2074,3,366,122.00,158,52.67,971341,323780.33,3250282,1083427.33,4140,1380.00
2078,2,291,145.50,33,16.50,736125,368062.50,547339,273669.50,4148,2074.00
2082,1,210,210.00,30,30.00,588288,588288.00,241902,241902.00,1962,1962.00
2087,1,362,362.00,48,48.00,67069,67069.00,38583,38583.00,1475,1475.00
2089,1,583,583.00,129,129.00,39043,39043.00,14584,14584.00,2048,2048.00
2090,3,857,285.67,96,32.00,364986,121662.00,168413,56137.67,5467,1822.33
2091,1,48,48.00,74,74.00,86283,86283.00,41516,41516.00,2087,2087.00
2095,1,42,42.00,0,0.00,66363,66363.00,7220,7220.00,2094,2094.00
2097,1,16,16.00,0,0.00,57770,57770.00,6358,6358.00,2096,2096.00
2101,2,301,150.50,83,41.50,347206,173603.00,279610,139805.00,3351,1675.50
2104,2,722,361.00,114,57.00,166293,83146.50,530816,265408.00,4082,2041.00
2105,1,54,54.00,0,0.00,84383,84383.00,8622,8622.00,2104,2104.00
2108,1,125,125.00,35,35.00,177907,177907.00,111725,111725.00,2021,2021.00
2109,3,592,197.33,233,77.67,487952,162650.67,1179808,393269.33,6255,2085.00
2114,2,708,354.00,2,1.00,80128,40064.00,53041,26520.50,4165,2082.50
2115,2,212,106.00,24,12.00,128421,64210.50,286700,143350.00,4120,2060.00
2117,1,126,126.00,35,35.00,179307,179307.00,106814,106814.00,1998,1998.00
2118,1,369,369.00,49,49.00,67140,67140.00,32428,32428.00,1904,1904.00
2119,2,710,355.00,2,1.00,69740,34870.00,79906,39953.00,3748,1874.00
2120,1,98,98.00,45,45.00,423924,423924.00,250166,250166.00,2116,2116.00
2122,4,762,190.50,41,10.25,447941,111985.25,592596,148149.00,8224,2056.00
2133,2,463,231.50,1,0.50,121692,60846.00,98223,49111.50,4264,2132.00
2137,1,0,0.00,0,0.00,57192,57192.00,28614,28614.00,2124,2124.00
2140,1,183,183.00,9,9.00,436210,436210.00,121332,121332.00,2136,2136.00
2142,2,180,90.00,20,10.00,222705,111352.50,112003,56001.50,4072,2036.00
2143,1,190,190.00,71,71.00,280368,280368.00,257134,257134.00,1870,1870.00
2144,22,4576,208.00,528,24.00,8698490,395385.91,1422014,64637.00,34792,1581.45
2145,1,307,307.00,40,40.00,77911,77911.00,75902,75902.00,2097,2097.00
2153,1,104,104.00,9,9.00,282180,282180.00,91200,91200.00,2097,2097.00
2155,1,375,375.00,41,41.00,72441,72441.00,61879,61879.00,1977,1977.00
2161,1,36,36.00,0,0.00,80016,80016.00,11364,11364.00,2160,2160.00
2163,1,377,377.00,63,63.00,95423,95423.00,291365,291365.00,2116,2116.00
2167,1,90,90.00,30,30.00,169092,169092.00,62969,62969.00,1195,1195.00
2168,1,22,22.00,0,0.00,66537,66537.00,6543,6543.00,2167,2167.00
2170,1,46,46.00,0,0.00,85200,85200.00,10728,10728.00,2169,2169.00
2173,1,36,36.00,82,82.00,154912,154912.00,171479,171479.00,2169,2169.00
2174,1,223,223.00,20,20.00,132887,132887.00,116754,116754.00,1812,1812.00
2175,2,228,114.00,16,8.00,130553,65276.50,274886,137443.00,4342,2171.00
2176,2,302,151.00,2,1.00,58814,29407.00,117601,58800.50,3331,1665.50
2182,1,0,0.00,0,0.00,7270,7270.00,9556,9556.00,2181,2181.00
2183,1,36,36.00,0,0.00,88264,88264.00,12121,12121.00,2182,2182.00
2189,1,93,93.00,94,94.00,140313,140313.00,127446,127446.00,2185,2185.00
2193,1,123,123.00,62,62.00,17599,17599.00,1479,1479.00,2173,2173.00
2194,2,230,115.00,16,8.00,130466,65233.00,318213,159106.50,4380,2190.00
2201,100,16900,169.00,1300,13.00,6344431,63444.31,2356951,23569.51,205298,2052.98
2203,1,382,382.00,50,50.00,70597,70597.00,36452,36452.00,1800,1800.00
2204,1,372,372.00,10,10.00,77749,77749.00,183464,183464.00,870,870.00
2205,11,2178,198.00,33,3.00,341135,31012.27,448403,40763.91,24211,2201.00
2214,1,383,383.00,49,49.00,71627,71627.00,36355,36355.00,1926,1926.00
2215,2,230,115.00,30,15.00,127752,63876.00,286146,143073.00,4302,2151.00
2216,2,748,374.00,176,88.00,331265,165632.50,208681,104340.50,3274,1637.00
2217,11,2216,201.45,759,69.00,1894557,172232.45,1459873,132715.73,20387,1853.36
2218,1,135,135.00,28,28.00,160603,160603.00,276386,276386.00,1789,1789.00
2226,1,373,373.00,1,1.00,36592,36592.00,42199,42199.00,1980,1980.00
2227,1,130,130.00,0,0.00,187692,187692.00,26514,26514.00,2226,2226.00
2229,1,83,83.00,1,1.00,87870,87870.00,102082,102082.00,1291,1291.00
2232,1,262,262.00,1,1.00,83199,83199.00,193227,193227.00,2023,2023.00
2237,1,617,617.00,35,35.00,186353,186353.00,93861,93861.00,1879,1879.00
2239,1,276,276.00,9,9.00,86390,86390.00,105590,105590.00,2191,2191.00
2240,1,388,388.00,51,51.00,71619,71619.00,43149,43149.00,1749,1749.00
2241,1,1013,1013.00,1,1.00,41677,41677.00,7447,7447.00,2240,2240.00
2243,5,2120,424.00,39,7.80,353314,70662.80,263622,52724.40,10311,2062.20
2246,2,1048,524.00,88,44.00,425325,212662.50,178270,89135.00,3174,1587.00
2247,1,377,377.00,1,1.00,36743,36743.00,36755,36755.00,2207,2207.00
2248,2,2996,1498.00,1498,749.00,61295,30647.50,374509,187254.50,4405,2202.50
2249,2,268,134.00,76,38.00,355413,177706.50,208970,104485.00,4214,2107.00
2255,1,41,41.00,20,20.00,98112,98112.00,124526,124526.00,2251,2251.00
2260,1,390,390.00,54,54.00,71857,71857.00,37889,37889.00,2083,2083.00
2263,1,329,329.00,49,49.00,110335,110335.00,82722,82722.00,2217,2217.00
2266,2,90,45.00,0,0.00,199299,99649.50,26432,13216.00,4530,2265.00
2267,2,535,267.50,93,46.50,190483,95241.50,145016,72508.00,4264,2132.00
2268,1,381,381.00,1,1.00,37076,37076.00,34030,34030.00,2202,2202.00
2269,1,333,333.00,56,56.00,110075,110075.00,82944,82944.00,2187,2187.00
2272,1,80,80.00,0,0.00,792104,792104.00,75731,75731.00,2271,2271.00
2275,1,54,54.00,0,0.00,285670,285670.00,29723,29723.00,2274,2274.00
2278,1,438,438.00,142,142.00,128174,128174.00,17937,17937.00,2186,2186.00
2279,2,156,78.00,41,20.50,300141,150070.50,165333,82666.50,3508,1754.00
2280,1,485,485.00,235,235.00,35071,35071.00,48075,48075.00,2279,2279.00
2281,2,206,103.00,91,45.50,722806,361403.00,177250,88625.00,4426,2213.00
2283,1,144,144.00,21,21.00,162679,162679.00,38139,38139.00,2135,2135.00
2286,1,117,117.00,0,0.00,430898,430898.00,59961,59961.00,2285,2285.00
2288,2,458,229.00,2,1.00,162192,81096.00,494015,247007.50,4142,2071.00
2292,2,156,78.00,0,0.00,1492115,746057.50,133534,66767.00,4582,2291.00
2294,1,385,385.00,1,1.00,37506,37506.00,38218,38218.00,2254,2254.00
2302,1,387,387.00,1,1.00,37676,37676.00,34888,34888.00,2168,2168.00
2305,6,4604,767.33,1538,256.33,214222,35703.67,1219282,203213.67,12658,2109.67
2310,1,222,222.00,75,75.00,228779,228779.00,181264,181264.00,2203,2203.00
2311,5,2452,490.40,364,72.80,915704,183140.80,181747,36349.40,11442,2288.40
2314,3,2310,770.00,771,257.00,107910,35970.00,704259,234753.00,6000,2000.00
2315,1,389,389.00,1,1.00,37901,37901.00,34139,34139.00,2189,2189.00
2319,2,168,84.00,42,21.00,205261,102630.50,87048,43524.00,4630,2315.00
2323,1,203,203.00,76,76.00,233450,233450.00,234743,234743.00,1892,1892.00
2325,2,819,409.50,39,19.50,320519,160259.50,113209,56604.50,4221,2110.50
2328,2,340,170.00,56,28.00,311179,155589.50,1595679,797839.50,4654,2327.00
2329,2,685,342.50,37,18.50,275612,137806.00,99629,49814.50,4169,2084.50
2336,1,593,593.00,41,41.00,163134,163134.00,74323,74323.00,1269,1269.00
2338,6,2334,389.00,528,88.00,874431,145738.50,896108,149351.33,8383,1397.17
2341,1,393,393.00,1,1.00,38371,38371.00,38448,38448.00,2207,2207.00
2342,1,186,186.00,6,6.00,471284,471284.00,125374,125374.00,2338,2338.00
2346,2,789,394.50,80,40.00,203580,101790.00,383634,191817.00,4611,2305.50
2349,1,388,388.00,64,64.00,80503,80503.00,249172,249172.00,2266,2266.00
2350,1,409,409.00,53,53.00,75787,75787.00,39697,39697.00,2015,2015.00
2351,1,223,223.00,77,77.00,249566,249566.00,172345,172345.00,1553,1553.00
2352,1,465,465.00,28,28.00,243000,243000.00,60661,60661.00,2032,2032.00
2359,1,18,18.00,0,0.00,67095,67095.00,7362,7362.00,2358,2358.00
2362,2,3148,1574.00,1574,787.00,64456,32228.00,397892,198946.00,4579,2289.50
2365,2,63,31.50,0,0.00,191244,95622.00,22878,11439.00,4728,2364.00
2368,1,209,209.00,39,39.00,76418,76418.00,20802,20802.00,1765,1765.00
2370,1,604,604.00,56,56.00,188214,188214.00,97478,97478.00,959,959.00
2373,1,0,0.00,104,104.00,176651,176651.00,193382,193382.00,2369,2369.00
2377,1,594,594.00,0,0.00,8910,8910.00,14140,14140.00,2376,2376.00
2379,3,497,165.67,252,84.00,424748,141582.67,304026,101342.00,6276,2092.00
2381,2,118,59.00,0,0.00,166251,83125.50,23491,11745.50,4760,2380.00
2383,11,6556,596.00,2189,199.00,608671,55333.73,1224977,111361.55,24124,2193.09
2392,1,186,186.00,34,34.00,835777,835777.00,333942,333942.00,2147,2147.00
2393,1,401,401.00,1,1.00,39142,39142.00,44286,44286.00,2348,2348.00
2395,5,733,146.60,5,1.00,461762,92352.40,844669,168933.80,8261,1652.20
2396,1,363,363.00,25,25.00,84709,84709.00,113725,113725.00,1248,1248.00
2400,10,2160,216.00,820,82.00,2563241,256324.10,2007389,200738.90,20813,2081.30
2401,2,96,48.00,0,0.00,107050,53525.00,44548,22274.00,4800,2400.00
2403,1,136,136.00,9,9.00,590925,590925.00,252075,252075.00,1962,1962.00
2404,11,1540,140.00,55,5.00,1960308,178209.82,11113831,1010348.27,18346,1667.82
2408,2,224,112.00,130,65.00,347350,173675.00,342663,171331.50,4808,2404.00
2414,1,333,333.00,1,1.00,74173,74173.00,92893,92893.00,1642,1642.00
2419,1,217,217.00,126,126.00,120667,120667.00,27048,27048.00,2229,2229.00
2424,2,290,145.00,72,36.00,244244,122122.00,80622,40311.00,4840,2420.00
2425,2,454,227.00,94,47.00,132617,66308.50,349259,174629.50,4734,2367.00
2427,2,823,411.50,57,28.50,128647,64323.50,314288,157144.00,4561,2280.50
2428,1,161,161.00,4,4.00,408287,408287.00,195249,195249.00,2254,2254.00
2429,1,393,393.00,1,1.00,209917,209917.00,65692,65692.00,2325,2325.00
2431,1,344,344.00,61,61.00,134654,134654.00,75661,75661.00,542,542.00
2435,2,831,415.50,55,27.50,117965,58982.50,81331,40665.50,4620,2310.00
2440,1,414,414.00,96,96.00,172510,172510.00,111753,111753.00,1519,1519.00
2442,1,498,498.00,138,138.00,309420,309420.00,231697,231697.00,704,704.00
2445,2,417,208.50,97,48.50,1083866,541933.00,907825,453912.50,3545,1772.50
2446,1,423,423.00,53,53.00,80060,80060.00,43777,43777.00,2190,2190.00
2447,4,458,114.50,186,46.50,1321291,330322.75,1702115,425528.75,7327,1831.75
2448,1,411,411.00,1,1.00,40056,40056.00,47560,47560.00,2374,2374.00
2450,3,707,235.67,211,70.33,423698,141232.67,132151,44050.33,6293,2097.67
2455,1,48,48.00,0,0.00,93323,93323.00,10893,10893.00,2454,2454.00
2458,1,398,398.00,102,102.00,80916,80916.00,43986,43986.00,2457,2457.00
2468,1,21,21.00,5,5.00,73714,73714.00,75708,75708.00,2392,2392.00
2469,1,415,415.00,1,1.00,40561,40561.00,49393,49393.00,2199,2199.00
2474,1,228,228.00,77,77.00,253094,253094.00,207042,207042.00,1315,1315.00
2477,2,1251,625.50,47,23.50,248339,124169.50,120728,60364.00,4157,2078.50
2482,1,417,417.00,1,1.00,40750,40750.00,47845,47845.00,2220,2220.00
2486,1,434,434.00,34,34.00,184631,184631.00,195092,195092.00,2407,2407.00
2490,2,838,419.00,2,1.00,81420,40710.00,78585,39292.50,4746,2373.00
2493,2,254,127.00,44,22.00,211129,105564.50,403519,201759.50,4872,2436.00
2494,1,348,348.00,1,1.00,75382,75382.00,72544,72544.00,2298,2298.00
2495,1,419,419.00,1,1.00,40795,40795.00,42813,42813.00,2429,2429.00
2512,1,160,160.00,5,5.00,952837,952837.00,908295,908295.00,10,10.00
2519,1,383,383.00,1,1.00,58467,58467.00,535363,535363.00,2336,2336.00
2521,1,164,164.00,10,10.00,122735,122735.00,61560,61560.00,2517,2517.00
2523,1,437,437.00,59,59.00,80809,80809.00,39724,39724.00,2146,2146.00
2529,1,79,79.00,0,0.00,54721,54721.00,3780,3780.00,2528,2528.00
2531,1,0,0.00,0,0.00,0,0.00,0,0.00,2530,2530.00
2533,1,118,118.00,5,5.00,794564,794564.00,600734,600734.00,302,302.00
2537,2,683,341.50,96,48.00,1261184,630592.00,954031,477015.50,3277,1638.50
2541,4,932,233.00,340,85.00,1099764,274941.00,903625,225906.25,7673,1918.25
2543,2,248,124.00,152,76.00,400553,200276.50,424499,212249.50,5078,2539.00
2544,1,32,32.00,5,5.00,62051,62051.00,55929,55929.00,2402,2402.00
2547,1,0,0.00,0,0.00,0,0.00,0,0.00,2546,2546.00
2549,1,286,286.00,0,0.00,66685,66685.00,7356,7356.00,2548,2548.00
2550,1,429,429.00,1,1.00,41785,41785.00,46319,46319.00,2348,2348.00
2551,1,703,703.00,41,41.00,203883,203883.00,103715,103715.00,2550,2550.00
2555,2,1070,535.00,63,31.50,228486,114243.00,136848,68424.00,4503,2251.50
2557,2,474,237.00,164,82.00,523361,261680.50,417761,208880.50,4016,2008.00
2561,22,22,1.00,11286,513.00,1380162,62734.64,1178579,53571.77,54125,2460.23
2563,1,119,119.00,70,70.00,180071,180071.00,169428,169428.00,2451,2451.00
2564,1,168,168.00,6,6.00,374528,374528.00,143269,143269.00,2560,2560.00
2567,1,62,62.00,0,0.00,125212,125212.00,26651,26651.00,2566,2566.00
2568,1,431,431.00,1,1.00,42069,42069.00,42367,42367.00,2429,2429.00
2570,1,452,452.00,36,36.00,190000,190000.00,198843,198843.00,2491,2491.00
2573,1,506,506.00,66,66.00,146808,146808.00,631090,631090.00,2570,2570.00
2575,1,384,384.00,56,56.00,109567,109567.00,75401,75401.00,2479,2479.00
2579,1,147,147.00,97,97.00,28552,28552.00,2964,2964.00,2559,2559.00
2584,1,98,98.00,49,49.00,127706,127706.00,84931,84931.00,2553,2553.00
2588,1,448,448.00,57,57.00,83010,83010.00,43879,43879.00,2337,2337.00
2589,1,435,435.00,1,1.00,42418,42418.00,42160,42160.00,2390,2390.00
2590,1,65,65.00,18,18.00,118784,118784.00,96927,96927.00,2516,2516.00
2592,1,341,341.00,27,27.00,100961,100961.00,71021,71021.00,2546,2546.00
2597,4,1772,443.00,388,97.00,192873,48218.25,150095,37523.75,9595,2398.75
2598,2,1192,596.00,88,44.00,487098,243549.00,217009,108504.50,3796,1898.00
2599,1,760,760.00,73,73.00,136164,136164.00,171823,171823.00,1368,1368.00
2601,2,799,399.50,136,68.00,265918,132959.00,46649,23324.50,4939,2469.50
2602,1,761,761.00,73,73.00,132463,132463.00,162904,162904.00,2477,2477.00
2603,2,0,0.00,228,114.00,271531,135765.50,159333,79666.50,5198,2599.00
2605,1,721,721.00,43,43.00,209549,209549.00,102808,102808.00,2328,2328.00
2614,2,180,90.00,200,100.00,611932,305966.00,1398430,699215.00,5220,2610.00
2615,1,727,727.00,43,43.00,222287,222287.00,108984,108984.00,2522,2522.00
2618,1,660,660.00,1,1.00,101628,101628.00,93935,93935.00,2185,2185.00
2623,1,471,471.00,71,71.00,150927,150927.00,355890,355890.00,972,972.00
2630,1,375,375.00,61,61.00,133372,133372.00,79609,79609.00,2548,2548.00
2649,2,978,489.00,72,36.00,300599,150299.50,379174,189587.00,5036,2518.00
2655,1,460,460.00,59,59.00,86364,86364.00,44772,44772.00,2493,2493.00
2657,3,2050,683.33,45,15.00,585097,195032.33,431109,143703.00,7401,2467.00
2662,1,447,447.00,1,1.00,43569,43569.00,47141,47141.00,2549,2549.00
2663,11,2860,260.00,330,30.00,5355273,486843.00,947881,86171.00,22276,2025.09
2664,1,454,454.00,104,104.00,167217,167217.00,140495,140495.00,2534,2534.00
2666,2,766,383.00,2,1.00,94946,47473.00,252076,126038.00,4746,2373.00
2667,1,462,462.00,58,58.00,86289,86289.00,48308,48308.00,2485,2485.00
2668,4,1487,371.75,53,13.25,453101,113275.25,685018,171254.50,10272,2568.00
2670,1,449,449.00,1,1.00,43718,43718.00,53069,53069.00,2468,2468.00
2671,2,603,301.50,122,61.00,448542,224271.00,439558,219779.00,5072,2536.00
2683,8,2514,314.25,6,0.75,879848,109981.00,2760242,345030.25,16281,2035.12
2685,1,118,118.00,53,53.00,178397,178397.00,203845,203845.00,2681,2681.00
2688,1,451,451.00,1,1.00,43925,43925.00,45453,45453.00,2604,2604.00
2689,2,300,150.00,235,117.50,251951,125975.50,223414,111707.00,5373,2686.50
2693,1,744,744.00,45,45.00,223145,223145.00,110754,110754.00,2506,2506.00
2697,2,990,495.00,61,30.50,369034,184517.00,251253,125626.50,4739,2369.50
2699,1,60,60.00,96,96.00,156762,156762.00,136048,136048.00,2695,2695.00
2711,1,122,122.00,9,9.00,243334,243334.00,60227,60227.00,2707,2707.00
2717,2,538,269.00,2,1.00,190164,95082.00,580943,290471.50,5432,2716.00
2718,1,0,0.00,119,119.00,230364,230364.00,270822,270822.00,2714,2714.00
2721,1,381,381.00,1,1.00,109703,109703.00,106161,106161.00,2240,2240.00
2724,1,114,114.00,34,34.00,89591,89591.00,45235,45235.00,2720,2720.00
2729,1,472,472.00,61,61.00,88761,88761.00,44156,44156.00,2454,2454.00
2730,1,459,459.00,1,1.00,44785,44785.00,51749,51749.00,2481,2481.00
2731,1,737,737.00,1,1.00,141626,141626.00,99050,99050.00,2238,2238.00
2734,1,252,252.00,36,36.00,589976,589976.00,186324,186324.00,2680,2680.00
2737,3,1508,502.67,1,0.33,178859,59619.67,124436,41478.67,8182,2727.33
2742,1,254,254.00,7,7.00,959722,959722.00,557835,557835.00,2600,2600.00
2756,1,463,463.00,1,1.00,44969,44969.00,43364,43364.00,2737,2737.00
2757,1,572,572.00,39,39.00,297931,297931.00,70943,70943.00,2324,2324.00
2759,1,1332,1332.00,1,1.00,23317,23317.00,138490,138490.00,2754,2754.00
2766,6,3046,507.67,539,89.83,939938,156656.33,688231,114705.17,10104,1684.00
2767,2,286,143.00,44,22.00,257581,128790.50,412357,206178.50,4331,2165.50
2770,1,470,470.00,1,1.00,95007,95007.00,199365,199365.00,2769,2769.00
2773,1,20,20.00,114,114.00,140795,140795.00,80453,80453.00,2769,2769.00
2775,1,4,4.00,120,120.00,194229,194229.00,168743,168743.00,2771,2771.00
2780,1,479,479.00,111,111.00,161237,161237.00,82130,82130.00,2638,2638.00
2781,1,140,140.00,70,70.00,140655,140655.00,161946,161946.00,2777,2777.00
2782,1,926,926.00,309,309.00,44145,44145.00,582846,582846.00,1548,1548.00
2787,1,167,167.00,86,86.00,293676,293676.00,432923,432923.00,2459,2459.00
2788,1,156,156.00,5,5.00,83837,83837.00,286721,286721.00,2698,2698.00
2792,1,17759,17759.00,17329,17329.00,137875,137875.00,6835,6835.00,2791,2791.00
2793,1,481,481.00,101,101.00,115065,115065.00,481601,481601.00,2717,2717.00
2799,2,994,497.00,48,24.00,300521,150260.50,235389,117694.50,4916,2458.00
2807,2,411,205.50,69,34.50,867343,433671.50,1325913,662956.50,5486,2743.00
2809,1,126,126.00,0,0.00,80874,80874.00,16748,16748.00,2808,2808.00
2811,2,368,184.00,12,6.00,385089,192544.50,233005,116502.50,5279,2639.50
2813,1,351,351.00,5,5.00,105888,105888.00,214264,214264.00,2655,2655.00
2823,1,530,530.00,99,99.00,106198,106198.00,489528,489528.00,2163,2163.00
2826,2,473,236.50,6,3.00,94955,47477.50,241429,120714.50,5647,2823.50
2836,1,570,570.00,39,39.00,256958,256958.00,67729,67729.00,2736,2736.00
2837,2,954,477.00,2,1.00,92773,46386.50,95303,47651.50,5438,2719.00
2842,1,451,451.00,64,64.00,106081,106081.00,241113,241113.00,2796,2796.00
2844,1,490,490.00,113,113.00,254851,254851.00,113441,113441.00,2784,2784.00
2845,1,316,316.00,0,0.00,70909,70909.00,5326,5326.00,2844,2844.00
2847,1,793,793.00,47,47.00,239711,239711.00,124591,124591.00,2846,2846.00
2848,1,280,280.00,40,40.00,681247,681247.00,246646,246646.00,2844,2844.00
2849,1,103,103.00,64,64.00,173530,173530.00,514035,514035.00,1765,1765.00
2850,2,958,479.00,2,1.00,93342,46671.00,96056,48028.00,5312,2656.00
2855,1,348,348.00,11,11.00,102025,102025.00,146773,146773.00,2783,2783.00
2856,2,649,324.50,166,83.00,484348,242174.00,411038,205519.00,5319,2659.50
2858,1,105,105.00,62,62.00,162257,162257.00,449509,449509.00,1990,1990.00
2863,1,481,481.00,1,1.00,46956,46956.00,48655,48655.00,2596,2596.00
2872,1,494,494.00,66,66.00,90518,90518.00,49250,49250.00,2732,2732.00
2881,1,959,959.00,320,320.00,44624,44624.00,820090,820090.00,2673,2673.00
2885,2,540,270.00,127,63.50,211216,105608.00,269982,134991.00,5765,2882.50
2886,1,163,163.00,12,12.00,85770,85770.00,217814,217814.00,2746,2746.00
2887,1,469,469.00,79,79.00,76575,76575.00,115013,115013.00,2760,2760.00
2888,3,325,108.33,129,43.00,943198,314399.33,469693,156564.33,8564,2854.67
2891,3,563,187.67,22,7.33,2207137,735712.33,964795,321598.33,7886,2628.67
2897,1,758,758.00,68,68.00,194734,194734.00,97685,97685.00,1973,1973.00
2900,1,496,496.00,51,51.00,91899,91899.00,268499,268499.00,2852,2852.00
2902,1,496,496.00,51,51.00,100599,100599.00,289054,289054.00,2856,2856.00
2906,2,1544,772.00,2,1.00,225414,112707.00,144100,72050.00,5130,2565.00
2908,1,288,288.00,89,89.00,408817,408817.00,379917,379917.00,1370,1370.00
2911,2,226,113.00,20,10.00,324376,162188.00,168598,84299.00,5059,2529.50
2912,1,267,267.00,94,94.00,301996,301996.00,235818,235818.00,2492,2492.00
2941,1,98,98.00,0,0.00,59336,59336.00,14721,14721.00,2940,2940.00
2943,1,822,822.00,49,49.00,244557,244557.00,118883,118883.00,2503,2503.00
2949,1,264,264.00,0,0.00,77815,77815.00,17096,17096.00,2948,2948.00
2962,1,419,419.00,73,73.00,157093,157093.00,92224,92224.00,2759,2759.00
2967,1,821,821.00,49,49.00,247194,247194.00,135154,135154.00,2173,2173.00
2973,1,168,168.00,68,68.00,123826,123826.00,124846,124846.00,2969,2969.00
2974,1,362,362.00,24,24.00,133621,133621.00,143725,143725.00,2928,2928.00
2977,2,310,155.00,20,10.00,2754609,1377304.50,1602041,801020.50,5926,2963.00
2982,1,515,515.00,68,68.00,95083,95083.00,46820,46820.00,2768,2768.00
2990,1,356,356.00,58,58.00,150555,150555.00,58377,58377.00,2198,2198.00
2991,5,1445,289.00,500,100.00,1823782,364756.40,1784674,356934.80,12337,2467.40
2998,4,2008,502.00,220,55.00,447755,111938.75,479868,119967.00,10387,2596.75
3008,2,413,206.50,34,17.00,324732,162366.00,93494,46747.00,5769,2884.50
3009,1,505,505.00,1,1.00,49247,49247.00,51439,51439.00,2883,2883.00
3013,2,326,163.00,18,9.00,191050,95525.00,463610,231805.00,6018,3009.00
3020,1,427,427.00,75,75.00,157100,157100.00,87421,87421.00,2542,2542.00
3021,1,839,839.00,51,51.00,252488,252488.00,122644,122644.00,2608,2608.00
3027,1,0,0.00,0,0.00,81414,81414.00,58004,58004.00,3009,3009.00
3031,1,50,50.00,0,0.00,70564,70564.00,8240,8240.00,3030,3030.00
3036,1,272,272.00,104,104.00,270910,270910.00,232197,232197.00,2367,2367.00
3041,1,851,851.00,51,51.00,254846,254846.00,131556,131556.00,2938,2938.00
3046,5,1915,383.00,5,1.00,304267,60853.40,682072,136414.40,12336,2467.20
3050,1,473,473.00,67,67.00,115836,115836.00,240053,240053.00,2994,2994.00
3051,1,165,165.00,9,9.00,98399,98399.00,240009,240009.00,3047,3047.00
3052,1,528,528.00,65,65.00,99022,99022.00,52977,52977.00,2738,2738.00
3054,1,741,741.00,79,79.00,195265,195265.00,105535,105535.00,1953,1953.00
3061,2,150,75.00,0,0.00,203237,101618.50,20625,10312.50,5967,2983.50
3063,3,154,51.33,277,92.33,1761988,587329.33,1155790,385263.33,8244,2748.00
3065,1,48,48.00,48,48.00,58227,58227.00,17129,17129.00,2997,2997.00
3068,1,246,246.00,9,9.00,531922,531922.00,136636,136636.00,3064,3064.00
3070,1,166,166.00,9,9.00,95817,95817.00,262150,262150.00,3066,3066.00
3071,1,549,549.00,43,43.00,223881,223881.00,309159,309159.00,2992,2992.00
3072,1,530,530.00,68,68.00,98550,98550.00,52897,52897.00,2776,2776.00
3075,1,180,180.00,68,68.00,132136,132136.00,136110,136110.00,3071,3071.00
3079,2,1540,770.00,514,257.00,150797,75398.50,2053194,1026597.00,2414,1207.00
3089,1,534,534.00,66,66.00,100245,100245.00,51746,51746.00,2664,2664.00
3095,1,230,230.00,17,17.00,574563,574563.00,2725845,2725845.00,2356,2356.00
3109,1,184,184.00,68,68.00,110217,110217.00,43187,43187.00,3105,3105.00
3115,1,865,865.00,53,53.00,265615,265615.00,134147,134147.00,2930,2930.00
3118,2,622,311.00,84,42.00,287020,143510.00,272990,136495.00,5961,2980.50
3120,2,590,295.00,196,98.00,673249,336624.50,608367,304183.50,4880,2440.00
3132,1,201,201.00,131,131.00,23041,23041.00,1763,1763.00,3094,3094.00
3137,1,156,156.00,78,78.00,90898,90898.00,51114,51114.00,3133,3133.00
3140,1,540,540.00,1,1.00,267639,267639.00,87384,87384.00,3073,3073.00
3146,1,286,286.00,95,95.00,180031,180031.00,175202,175202.00,3108,3108.00
3151,1,1049,1049.00,350,350.00,48839,48839.00,856489,856489.00,2915,2915.00
3152,1,602,602.00,28,28.00,311533,311533.00,91518,91518.00,3052,3052.00
3153,1,129,129.00,0,0.00,96432,96432.00,20211,20211.00,3152,3152.00
3155,1,315,315.00,105,105.00,277408,277408.00,50519,50519.00,2678,2678.00
3156,1,546,546.00,68,68.00,103249,103249.00,56017,56017.00,3032,3032.00
3160,1,199,199.00,133,133.00,33568,33568.00,2517,2517.00,3133,3133.00
3161,1,450,450.00,73,73.00,164553,164553.00,102853,102853.00,3079,3079.00
3168,1,172,172.00,77,77.00,313344,313344.00,2356914,2356914.00,2405,2405.00
3169,33,6105,185.00,297,9.00,6140631,186079.73,36167108,1095972.97,85994,2605.88
3170,1,570,570.00,1,1.00,284854,284854.00,89271,89271.00,3103,3103.00
3171,11,6644,604.00,2255,205.00,735482,66862.00,1769611,160873.73,31022,2820.18
3177,1,634,634.00,1,1.00,6192,6192.00,690,690.00,3171,3171.00
3184,3,563,187.67,162,54.00,1465983,488661.00,7825470,2608490.00,7730,2576.67
3187,2,186,93.00,90,45.00,359891,179945.50,417288,208644.00,6366,3183.00
3197,1,900,900.00,53,53.00,267922,267922.00,136233,136233.00,2990,2990.00
3203,1,178,178.00,112,112.00,503102,503102.00,303636,303636.00,3199,3199.00
3205,1,0,0.00,0,0.00,73126,73126.00,65115,65115.00,3186,3186.00
3216,2,767,383.50,129,64.50,466795,233397.50,575400,287700.00,5409,2704.50
3223,1,220,220.00,13,13.00,1269942,1269942.00,729781,729781.00,3219,3219.00
3227,2,388,194.00,112,56.00,522769,261384.50,357766,178883.00,6133,3066.50
3234,6,1140,190.00,390,65.00,5587235,931205.83,65563270,10927211.67,13788,2298.00
3242,1,311,311.00,206,206.00,194544,194544.00,392389,392389.00,3238,3238.00
3244,1,0,0.00,0,0.00,0,0.00,0,0.00,3242,3242.00
3246,1,538,538.00,1,1.00,111400,111400.00,196061,196061.00,3245,3245.00
3247,1,0,0.00,142,142.00,291437,291437.00,381047,381047.00,3243,3243.00
3248,1,292,292.00,95,95.00,179798,179798.00,178710,178710.00,3210,3210.00
3249,1,463,463.00,75,75.00,167853,167853.00,106798,106798.00,3167,3167.00
3255,1,101,101.00,0,0.00,65334,65334.00,3668,3668.00,3254,3254.00
3259,1,226,226.00,17,17.00,571707,571707.00,2699393,2699393.00,2758,2758.00
3260,1,172,172.00,22,22.00,152235,152235.00,252191,252191.00,2752,2752.00
3268,1,209,209.00,4,4.00,211053,211053.00,99188,99188.00,2479,2479.00
3274,1,794,794.00,60,60.00,206236,206236.00,134520,134520.00,3247,3247.00
3275,2,227,113.50,22,11.00,251729,125864.50,336528,168264.00,6485,3242.50
3276,1,568,568.00,129,129.00,186249,186249.00,169503,169503.00,3134,3134.00
3279,1,86,86.00,21,21.00,161067,161067.00,130145,130145.00,3235,3235.00
3281,1,820,820.00,0,0.00,12300,12300.00,25130,25130.00,3280,3280.00
3289,23,22080,960.00,92,4.00,3776453,164193.61,7436663,323333.17,62905,2735.00
3293,2,116,58.00,193,96.50,362201,181100.50,156356,78178.00,6445,3222.50
3295,8,7704,963.00,32,4.00,1318094,164761.75,2559517,319939.62,20833,2604.12
3301,3,2898,966.00,12,4.00,495203,165067.67,951587,317195.67,7802,2600.67
3307,2,1938,969.00,8,4.00,329530,164765.00,635991,317995.50,5502,2751.00
3308,1,199,199.00,3,3.00,239605,239605.00,122069,122069.00,3304,3304.00
3314,1,16,16.00,139,139.00,188050,188050.00,131338,131338.00,3310,3310.00
3319,2,1904,952.00,61,30.50,446803,223401.50,456269,228134.50,5132,2566.00
3325,2,1956,978.00,8,4.00,328596,164298.00,653140,326570.00,5829,2914.50
3327,1,935,935.00,57,57.00,268891,268891.00,122875,122875.00,2940,2940.00
3331,1,981,981.00,4,4.00,169865,169865.00,326409,326409.00,2087,2087.00
3337,1,934,934.00,207,207.00,62326,62326.00,23359,23359.00,3296,3296.00
3344,1,6,6.00,144,144.00,155848,155848.00,69954,69954.00,3340,3340.00
3350,1,34,34.00,0,0.00,103853,103853.00,10251,10251.00,3349,3349.00
3357,1,938,938.00,59,59.00,288756,288756.00,147126,147126.00,2896,2896.00
3375,1,269,269.00,18,18.00,521519,521519.00,259667,259667.00,3371,3371.00
3377,1,844,844.00,0,0.00,12660,12660.00,20745,20745.00,3376,3376.00
3382,1,244,244.00,82,82.00,27738,27738.00,1723,1723.00,3381,3381.00
3389,1,137,137.00,64,64.00,231058,231058.00,92830,92830.00,3092,3092.00
3410,1,312,312.00,183,183.00,178955,178955.00,41599,41599.00,3409,3409.00
3415,1,323,323.00,113,113.00,423124,423124.00,370282,370282.00,2542,2542.00
3421,1,192,192.00,33,33.00,194732,194732.00,80162,80162.00,3279,3279.00
3434,2,632,316.00,366,183.00,351035,175517.50,76463,38231.50,5612,2806.00
3445,1,579,579.00,1,1.00,56359,56359.00,59543,59543.00,3285,3285.00
3446,1,366,366.00,323,323.00,7214,7214.00,702,702.00,3445,3445.00
3447,1,491,491.00,63,63.00,149571,149571.00,137214,137214.00,3309,3309.00
3450,1,579,579.00,1,1.00,56399,56399.00,60337,60337.00,3371,3371.00
3451,2,394,197.00,195,97.50,563828,281914.00,526854,263427.00,6894,3447.00
3454,3,0,0.00,453,151.00,633575,211191.67,466576,155525.33,10350,3450.00
3457,1,1009,1009.00,97,97.00,164973,164973.00,98832,98832.00,3168,3168.00
3458,1,581,581.00,1,1.00,56393,56393.00,69235,69235.00,3452,3452.00
3460,1,384,384.00,64,64.00,97097,97097.00,8152,8152.00,3456,3456.00
3466,1,210,210.00,0,0.00,425706,425706.00,63149,63149.00,3465,3465.00
3468,1,128,128.00,114,114.00,235046,235046.00,648383,648383.00,2924,2924.00
3473,1,125,125.00,49,49.00,217162,217162.00,68312,68312.00,3215,3215.00
3476,1,583,583.00,1,1.00,56771,56771.00,69642,69642.00,3449,3449.00
3487,1,499,499.00,1,1.00,78748,78748.00,453437,453437.00,3430,3430.00
3488,1,342,342.00,113,113.00,487147,487147.00,436177,436177.00,3175,3175.00
3496,1,1021,1021.00,97,97.00,339302,339302.00,242442,242442.00,3057,3057.00
3500,1,0,0.00,153,153.00,195886,195886.00,124748,124748.00,3496,3496.00
3503,4,840,210.00,240,60.00,1196843,299210.75,844003,211000.75,13177,3294.25
3505,2,1502,751.00,46,23.00,253175,126587.50,219952,109976.00,6849,3424.50
3513,1,987,987.00,61,61.00,306412,306412.00,158307,158307.00,3308,3308.00
3516,1,687,687.00,31,31.00,340290,340290.00,92614,92614.00,3424,3424.00
3525,2,1222,611.00,153,76.50,227167,113583.50,121640,60820.00,6659,3329.50
3530,1,126,126.00,21,21.00,137555,137555.00,104318,104318.00,3502,3502.00
3531,1,691,691.00,43,43.00,393853,393853.00,104506,104506.00,3046,3046.00
3536,1,172,172.00,10,10.00,188001,188001.00,236752,236752.00,3209,3209.00
3541,1,612,612.00,75,75.00,117236,117236.00,63069,63069.00,3132,3132.00
3543,1,253,253.00,253,253.00,8393,8393.00,1248,1248.00,3542,3542.00
3545,1,677,677.00,222,222.00,201934,201934.00,27960,27960.00,3493,3493.00
3549,1,222,222.00,7,7.00,1581533,1581533.00,981571,981571.00,3309,3309.00
3559,1,331,331.00,112,112.00,421528,421528.00,424661,424661.00,2454,2454.00
3569,2,0,0.00,312,156.00,436637,218318.50,323839,161919.50,7130,3565.00
3574,1,1190,1190.00,397,397.00,55282,55282.00,980314,980314.00,3419,3419.00
3583,1,1029,1029.00,61,61.00,311238,311238.00,163966,163966.00,3368,3368.00
3588,1,601,601.00,111,111.00,153643,153643.00,547380,547380.00,3159,3159.00
3590,1,744,744.00,53,53.00,402555,402555.00,98971,98971.00,3497,3497.00
3613,1,336,336.00,115,115.00,423595,423595.00,396138,396138.00,3110,3110.00
3615,1,624,624.00,77,77.00,118566,118566.00,58135,58135.00,3322,3322.00
3617,1,113,113.00,0,0.00,78257,78257.00,6598,6598.00,3616,3616.00
3620,1,236,236.00,71,71.00,148675,148675.00,79995,79995.00,3616,3616.00
3624,1,130,130.00,4,4.00,466590,466590.00,204792,204792.00,3450,3450.00
3625,1,609,609.00,1,1.00,59261,59261.00,66078,66078.00,3525,3525.00
3627,1,617,617.00,138,138.00,240220,240220.00,187820,187820.00,3131,3131.00
3636,5,1670,334.00,590,118.00,1968941,393788.20,1723733,344746.60,17914,3582.80
3637,2,917,458.50,43,21.50,960330,480165.00,550257,275128.50,6028,3014.00
3638,1,611,611.00,1,1.00,59535,59535.00,71880,71880.00,3436,3436.00
3639,1,119,119.00,0,0.00,175290,175290.00,30583,30583.00,3638,3638.00
3647,1,1055,1055.00,61,61.00,304216,304216.00,151840,151840.00,3078,3078.00
3661,1,0,0.00,160,160.00,248677,248677.00,237212,237212.00,3657,3657.00
3664,1,615,615.00,1,1.00,60037,60037.00,66471,66471.00,3397,3397.00
3668,1,174,174.00,36,36.00,140747,140747.00,78128,78128.00,3664,3664.00
3670,1,908,908.00,130,130.00,265274,265274.00,117284,117284.00,3327,3327.00
3680,1,398,398.00,24,24.00,140384,140384.00,479120,479120.00,3561,3561.00
3681,1,0,0.00,0,0.00,0,0.00,0,0.00,3680,3680.00
3686,3,627,209.00,12,4.00,756890,252296.67,715614,238538.00,2624,874.67
3688,1,756,756.00,1,1.00,341585,341585.00,106431,106431.00,3584,3584.00
3689,1,1052,1052.00,59,59.00,308639,308639.00,161312,161312.00,3312,3312.00
3690,2,1350,675.00,72,36.00,371278,185639.00,305074,152537.00,7134,3567.00
3693,1,904,904.00,69,69.00,250885,250885.00,124498,124498.00,3227,3227.00
3698,2,1294,647.00,128,64.00,192087,96043.50,558213,279106.50,7041,3520.50
3701,11,4004,364.00,462,42.00,6825788,620526.18,1330597,120963.36,34085,3098.64
3702,1,335,335.00,114,114.00,418848,418848.00,375420,375420.00,3698,3698.00
3704,1,24,24.00,153,153.00,201005,201005.00,137682,137682.00,3700,3700.00
3721,1,128,128.00,95,95.00,308292,308292.00,835259,835259.00,3177,3177.00
3723,1,686,686.00,101,101.00,151549,151549.00,460453,460453.00,3676,3676.00
3727,2,1327,663.50,201,100.50,746306,373153.00,547727,273863.50,5214,2607.00
3739,1,0,0.00,0,0.00,91817,91817.00,88914,88914.00,3717,3717.00
3751,1,170,170.00,70,70.00,197146,197146.00,112185,112185.00,3633,3633.00
3755,1,651,651.00,1,1.00,129978,129978.00,65019,65019.00,3754,3754.00
3759,1,518,518.00,69,69.00,181282,181282.00,162118,162118.00,3669,3669.00
3761,1,28,28.00,154,154.00,220790,220790.00,163081,163081.00,3757,3757.00
3762,1,768,768.00,1,1.00,222186,222186.00,83884,83884.00,3670,3670.00
3767,9,20259,2251.00,6741,749.00,544527,60503.00,1679291,186587.89,33071,3674.56
3782,1,0,0.00,0,0.00,100021,100021.00,93929,93929.00,3759,3759.00
3785,9,17028,1892.00,9,1.00,153606,17067.33,1361041,151226.78,33720,3746.67
3790,1,114,114.00,0,0.00,160453,160453.00,28000,28000.00,3789,3789.00
3792,2,795,397.50,5,2.50,546892,273446.00,285464,142732.00,7279,3639.50
3793,1,154,154.00,62,62.00,341254,341254.00,237801,237801.00,2286,2286.00
3794,1,353,353.00,120,120.00,449610,449610.00,446152,446152.00,3388,3388.00
3803,1,60,60.00,144,144.00,182961,182961.00,100854,100854.00,3799,3799.00
3824,1,260,260.00,71,71.00,163416,163416.00,171504,171504.00,3820,3820.00
3830,1,722,722.00,66,66.00,258742,258742.00,518454,518454.00,3751,3751.00
3833,1,958,958.00,0,0.00,14370,14370.00,24470,24470.00,3832,3832.00
3852,1,331,331.00,113,113.00,460694,460694.00,392597,392597.00,2424,2424.00
3856,1,215,215.00,115,115.00,214546,214546.00,202992,202992.00,3825,3825.00
3862,2,984,492.00,36,18.00,689811,344905.50,613140,306570.00,7559,3779.50
3868,1,0,0.00,169,169.00,231242,231242.00,160470,160470.00,3864,3864.00
3875,2,1237,618.50,93,46.50,404407,202203.50,459807,229903.50,7037,3518.50
3883,1,673,673.00,81,81.00,127585,127585.00,65929,65929.00,3743,3743.00
3885,1,678,678.00,75,75.00,132238,132238.00,117776,117776.00,3701,3701.00
3891,1,403,403.00,136,136.00,838292,838292.00,1082132,1082132.00,3511,3511.00
3901,1,238,238.00,0,0.00,517410,517410.00,76814,76814.00,3900,3900.00
3907,1,657,657.00,1,1.00,63730,63730.00,76405,76405.00,3841,3841.00
3909,12,17626,1468.83,167,13.92,384837,32069.75,1568019,130668.25,46217,3851.42
3924,1,141,141.00,90,90.00,291118,291118.00,806197,806197.00,3240,3240.00
3928,1,661,661.00,1,1.00,64143,64143.00,76540,76540.00,3841,3841.00
3937,1,64,64.00,15,15.00,119045,119045.00,107896,107896.00,3885,3885.00
3943,1,1313,1313.00,438,438.00,62736,62736.00,1157442,1157442.00,2042,2042.00
3957,9,21285,2365.00,7083,787.00,571792,63532.44,1757808,195312.00,34751,3861.22
3968,1,661,661.00,111,111.00,172847,172847.00,593551,593551.00,3921,3921.00
3994,1,382,382.00,130,130.00,444735,444735.00,343794,343794.00,3737,3737.00
4001,8,3000,375.00,1040,130.00,3488741,436092.62,3000989,375123.62,30475,3809.38
4022,1,400,400.00,122,122.00,367444,367444.00,70297,70297.00,3165,3165.00
4028,1,337,337.00,103,103.00,129139,129139.00,41923,41923.00,3990,3990.00
4030,1,679,679.00,1,1.00,65964,65964.00,79649,79649.00,3700,3700.00
4031,1,213,213.00,15,15.00,140458,140458.00,330567,330567.00,4027,4027.00
4035,3,679,226.33,3,1.00,66924,22308.00,80421,26807.00,10906,3635.33
4039,1,569,569.00,100,100.00,212881,212881.00,130109,130109.00,2733,2733.00
4041,4,1064,266.00,308,77.00,1451516,362879.00,874392,218598.00,15504,3876.00
4043,1,681,681.00,1,1.00,66143,66143.00,83687,83687.00,3799,3799.00
4050,1,132,132.00,140,140.00,368084,368084.00,688492,688492.00,4046,4046.00
4068,1,454,454.00,36,36.00,279006,279006.00,125945,125945.00,3784,3784.00
4069,1,452,452.00,0,0.00,101578,101578.00,8566,8566.00,4068,4068.00
4071,1,739,739.00,28,28.00,352869,352869.00,108327,108327.00,3550,3550.00
4081,2,504,252.00,118,59.00,512435,256217.50,95225,47612.50,7719,3859.50
4088,2,700,350.00,15,7.50,215615,107807.50,79543,39771.50,8171,4085.50
4093,1,156,156.00,49,49.00,339950,339950.00,270813,270813.00,2908,2908.00
4095,2,484,242.00,348,174.00,936780,468390.00,917057,458528.50,8182,4091.00
4110,1,587,587.00,104,104.00,12290,12290.00,1815,1815.00,4109,4109.00
4118,1,557,557.00,29,29.00,136132,136132.00,278437,278437.00,4068,4068.00
4125,6,1896,316.00,6,1.00,329347,54891.17,89152,14858.67,24595,4099.17
4130,1,242,242.00,78,78.00,218922,218922.00,291555,291555.00,4129,4129.00
4131,1,12,12.00,176,176.00,242257,242257.00,176878,176878.00,4127,4127.00
4132,1,4,4.00,179,179.00,234377,234377.00,144754,144754.00,4128,4128.00
4143,1,767,767.00,28,28.00,366668,366668.00,110157,110157.00,4100,4100.00
4144,2,562,281.00,200,100.00,1266426,633213.00,6180339,3090169.50,8280,4140.00
4152,1,984,984.00,1,1.00,90195,90195.00,12930,12930.00,4119,4119.00
4154,1,317,317.00,1,1.00,93592,93592.00,161791,161791.00,3485,3485.00
4155,1,4,4.00,180,180.00,258149,258149.00,209645,209645.00,4151,4151.00
4156,1,1172,1172.00,78,78.00,179373,179373.00,112177,112177.00,4083,4083.00
4161,1,60,60.00,0,0.00,155722,155722.00,19144,19144.00,3957,3957.00
4167,1,0,0.00,182,182.00,284297,284297.00,251869,251869.00,4163,4163.00
4171,1,378,378.00,95,95.00,1231000,1231000.00,1789963,1789963.00,3597,3597.00
4178,1,4,4.00,181,181.00,247396,247396.00,162126,162126.00,4174,4174.00
4186,5,1590,318.00,1585,317.00,343622,68724.40,867427,173485.40,19691,3938.20
4195,1,724,724.00,87,87.00,137895,137895.00,70824,70824.00,3888,3888.00
4200,1,388,388.00,133,133.00,558944,558944.00,537051,537051.00,4064,4064.00
4215,2,722,361.00,35,17.50,427901,213950.50,498093,249046.50,8425,4212.50
4217,1,66,66.00,66,66.00,82757,82757.00,24028,24028.00,4149,4149.00
4242,1,44,44.00,169,169.00,257477,257477.00,195718,195718.00,4238,4238.00
4247,1,4,4.00,184,184.00,285898,285898.00,259487,259487.00,4243,4243.00
4248,1,421,421.00,157,157.00,646067,646067.00,832915,832915.00,2675,2675.00
4255,6,1956,326.00,6,1.00,341150,56858.33,92063,15343.83,25268,4211.33
4264,5,2010,402.00,670,134.00,2334467,466893.40,1925060,385012.00,19688,3937.60
4266,1,861,861.00,46,46.00,369427,369427.00,115070,115070.00,3948,3948.00
4269,1,2013,2013.00,1,1.00,36716,36716.00,278712,278712.00,4168,4168.00
4270,1,4,4.00,185,185.00,370998,370998.00,460564,460564.00,4266,4266.00
4273,1,230,230.00,11,11.00,738915,738915.00,543977,543977.00,4092,4092.00
4282,1,0,0.00,187,187.00,296008,296008.00,249021,249021.00,4278,4278.00
4283,1,251,251.00,158,158.00,51655,51655.00,15275,15275.00,4237,4237.00
4292,2,24,12.00,366,183.00,629129,314564.50,669701,334850.50,8576,4288.00
4306,1,742,742.00,90,90.00,140497,140497.00,74933,74933.00,4013,4013.00
4308,1,344,344.00,61,61.00,191687,191687.00,153408,153408.00,4304,4304.00
4313,1,341,341.00,42,42.00,1285084,1285084.00,2179073,2179073.00,4309,4309.00
4323,1,330,330.00,1,1.00,87599,87599.00,172617,172617.00,3862,3862.00
4340,1,980,980.00,68,68.00,398307,398307.00,175859,175859.00,3580,3580.00
4342,11,11,1.00,9548,868.00,1149799,104527.18,1003440,91221.82,47718,4338.00
4353,1,264,264.00,75,75.00,372925,372925.00,253477,253477.00,4096,4096.00
4355,5,1655,331.00,1650,330.00,430211,86042.20,883548,176709.60,19462,3892.40
4356,1,255,255.00,511,511.00,67170,67170.00,148968,148968.00,4284,4284.00
4362,1,265,265.00,75,75.00,380940,380940.00,257704,257704.00,4105,4105.00
4366,1,75,75.00,144,144.00,272791,272791.00,310641,310641.00,4362,4362.00
4368,1,411,411.00,132,132.00,619013,619013.00,617831,617831.00,2910,2910.00
4376,1,73,73.00,0,0.00,103433,103433.00,12473,12473.00,4375,4375.00
4380,1,754,754.00,92,92.00,142659,142659.00,77281,77281.00,4335,4335.00
4393,2,496,248.00,344,172.00,1029371,514685.50,977214,488607.00,8778,4389.00
4406,1,73,73.00,0,0.00,103158,103158.00,13249,13249.00,4405,4405.00
4410,1,822,822.00,1,1.00,400676,400676.00,596598,596598.00,4327,4327.00
4413,1,409,409.00,240,240.00,223613,223613.00,47239,47239.00,3641,3641.00
4421,2,283,141.50,172,86.00,476979,238489.50,432129,216064.50,8087,4043.50
4427,2,824,412.00,282,141.00,1338689,669344.50,1234277,617138.50,7388,3694.00
4436,1,2009,2009.00,3,3.00,51815,51815.00,41620,41620.00,4434,4434.00
4437,1,413,413.00,240,240.00,234230,234230.00,50536,50536.00,3589,3589.00
4439,1,32,32.00,182,182.00,293902,293902.00,246257,246257.00,4435,4435.00
4440,1,263,263.00,10,10.00,168194,168194.00,322685,322685.00,4011,4011.00
4448,1,635,635.00,100,100.00,224499,224499.00,143950,143950.00,4366,4366.00
4453,1,12,12.00,190,190.00,263421,263421.00,185347,185347.00,4449,4449.00
4473,1,435,435.00,1,1.00,341278,341278.00,32632,32632.00,4029,4029.00
4476,1,234,234.00,17,17.00,161040,161040.00,350039,350039.00,4472,4472.00
4481,1,901,901.00,49,49.00,396950,396950.00,121899,121899.00,4266,4266.00
4488,1,227,227.00,75,75.00,516518,516518.00,1222127,1222127.00,3943,3943.00
4491,1,772,772.00,95,95.00,144813,144813.00,81215,81215.00,4446,4446.00
4500,1,894,894.00,40,40.00,414660,414660.00,122360,122360.00,4400,4400.00
4514,1,236,236.00,17,17.00,161589,161589.00,362290,362290.00,4510,4510.00
4526,1,233,233.00,20,20.00,161182,161182.00,385004,385004.00,4522,4522.00
4528,4,1712,428.00,584,146.00,2014746,503686.50,1554057,388514.25,16071,4017.75
4542,1,787,787.00,92,92.00,152347,152347.00,79542,79542.00,3928,3928.00
4551,1,639,639.00,110,110.00,242772,242772.00,159981,159981.00,3394,3394.00
4552,1,238,238.00,17,17.00,170753,170753.00,379136,379136.00,4548,4548.00
4569,1,255,255.00,128,128.00,36719,36719.00,3098,3098.00,4549,4549.00
4588,1,36,36.00,187,187.00,316637,316637.00,323919,323919.00,4584,4584.00
4591,1,937,937.00,56,56.00,421396,421396.00,124232,124232.00,4523,4523.00
4602,1,275,275.00,4,4.00,1128703,1128703.00,2415887,2415887.00,4428,4428.00
4603,1,398,398.00,91,91.00,184815,184815.00,35350,35350.00,4179,4179.00
4618,1,1349,1349.00,129,129.00,237681,237681.00,286526,286526.00,3602,3602.00
4624,1,1345,1345.00,129,129.00,360347,360347.00,311900,311900.00,3559,3559.00
4626,1,244,244.00,25,25.00,165200,165200.00,293830,293830.00,4469,4469.00
4628,1,242,242.00,17,17.00,173039,173039.00,396262,396262.00,4624,4624.00
4630,1,806,806.00,96,96.00,152225,152225.00,81541,81541.00,4527,4527.00
4635,1,885,885.00,44,44.00,432788,432788.00,112722,112722.00,4428,4428.00
4637,1,1020,1020.00,77,77.00,282606,282606.00,132128,132128.00,3186,3186.00
4643,1,229,229.00,109,109.00,643766,643766.00,4757645,4757645.00,1588,1588.00
4652,11,11,1.00,10230,930.00,1229481,111771.00,1065514,96864.91,51128,4648.00
4656,1,1319,1319.00,68,68.00,389935,389935.00,214808,214808.00,4563,4563.00
4674,2,682,341.00,152,76.00,703178,351589.00,786201,393100.50,8190,4095.00
4676,1,1346,1346.00,66,66.00,387022,387022.00,220904,220904.00,4182,4182.00
4686,1,806,806.00,98,98.00,153479,153479.00,82681,82681.00,4161,4161.00
4689,1,244,244.00,18,18.00,178187,178187.00,496293,496293.00,4685,4685.00
4720,1,347,347.00,155,155.00,495123,495123.00,663167,663167.00,4585,4585.00
4724,1,816,816.00,180,180.00,390338,390338.00,219255,219255.00,4664,4664.00
4725,6,4770,795.00,1212,202.00,795853,132642.17,5172863,862143.83,26446,4407.67
4726,1,1320,1320.00,70,70.00,399594,399594.00,222567,222567.00,4637,4637.00
4732,1,819,819.00,96,96.00,156662,156662.00,85148,85148.00,4687,4687.00
4733,1,816,816.00,97,97.00,157037,157037.00,88009,88009.00,4440,4440.00
4736,1,1339,1339.00,70,70.00,388743,388743.00,211482,211482.00,4271,4271.00
4739,33,15444,468.00,1782,54.00,28022096,849154.42,6110444,185164.97,127432,3861.58
4748,2,2186,1093.00,158,79.00,527593,263796.50,296109,148054.50,9039,4519.50
4757,1,195,195.00,16,16.00,290419,290419.00,333945,333945.00,4557,4557.00
4764,6,3828,638.00,1902,317.00,414130,69021.67,2008950,334825.00,26330,4388.33
4765,1,820,820.00,99,99.00,156339,156339.00,85633,85633.00,4546,4546.00
4773,1,417,417.00,78,78.00,164093,164093.00,36758,36758.00,4183,4183.00
4779,1,2298,2298.00,3,3.00,60253,60253.00,74632,74632.00,4777,4777.00
4780,1,826,826.00,96,96.00,159910,159910.00,89980,89980.00,4535,4535.00
4793,1,448,448.00,1,1.00,148073,148073.00,450416,450416.00,4657,4657.00
4798,2,434,217.00,212,106.00,746601,373300.50,1540279,770139.50,9588,4794.00
4801,1,192,192.00,0,0.00,189400,189400.00,29104,29104.00,4800,4800.00
4811,1,820,820.00,106,106.00,211189,211189.00,161427,161427.00,4765,4765.00
4815,1,200,200.00,61,61.00,189331,189331.00,921634,921634.00,4627,4627.00
4816,1,835,835.00,96,96.00,161070,161070.00,85858,85858.00,4668,4668.00
4821,2,1688,844.00,370,185.00,658063,329031.50,533341,266670.50,9427,4713.50
4839,1,423,423.00,78,78.00,159963,159963.00,36269,36269.00,4575,4575.00
4856,1,2269,2269.00,3,3.00,59166,59166.00,62815,62815.00,4854,4854.00
4860,2,1608,804.00,134,67.00,377912,188956.00,596843,298421.50,8536,4268.00
4861,1,454,454.00,518,518.00,10475,10475.00,1177,1177.00,4860,4860.00
4862,2,1673,836.50,159,79.50,487160,243580.00,315481,157740.50,9153,4576.50
4870,1,1129,1129.00,108,108.00,288879,288879.00,179424,179424.00,4240,4240.00
4873,1,0,0.00,0,0.00,0,0.00,0,0.00,4871,4871.00
4878,1,16,16.00,207,207.00,313564,313564.00,236661,236661.00,4874,4874.00
4890,1,1387,1387.00,70,70.00,403708,403708.00,231438,231438.00,4545,4545.00
4904,1,1381,1381.00,72,72.00,413225,413225.00,233766,233766.00,4767,4767.00
4909,1,886,886.00,48,48.00,452895,452895.00,153821,153821.00,4593,4593.00
4921,1,103,103.00,0,0.00,270286,270286.00,35008,35008.00,4920,4920.00
4927,1,254,254.00,40,40.00,407214,407214.00,297592,297592.00,4923,4923.00
4928,1,268,268.00,172,172.00,717535,717535.00,528576,528576.00,4924,4924.00
4941,1,2386,2386.00,1,1.00,43293,43293.00,375996,375996.00,4792,4792.00
4943,1,856,856.00,97,97.00,167188,167188.00,91873,91873.00,4329,4329.00
4958,1,472,472.00,157,157.00,719884,719884.00,711866,711866.00,4825,4825.00
4959,6,3984,664.00,1980,330.00,433198,72199.67,2061224,343537.33,25427,4237.83
4960,1,705,705.00,110,110.00,253387,253387.00,177718,177718.00,4878,4878.00
4980,1,484,484.00,149,149.00,637651,637651.00,638727,638727.00,4424,4424.00
4984,1,180,180.00,151,151.00,263391,263391.00,194589,194589.00,4980,4980.00
5004,1,318,318.00,209,209.00,37841,37841.00,2854,2854.00,4966,4966.00
5005,1,873,873.00,189,189.00,300479,300479.00,99712,99712.00,4863,4863.00
5016,1,872,872.00,193,193.00,342881,342881.00,184641,184641.00,4956,4956.00
5017,1,866,866.00,105,105.00,163692,163692.00,88514,88514.00,4724,4724.00
5026,1,934,934.00,164,164.00,192135,192135.00,978791,978791.00,3793,3793.00
5032,2,572,286.00,336,168.00,365942,182971.00,412773,206386.50,10033,5016.50
5033,8,3800,475.00,1288,161.00,4530446,566305.75,4078301,509787.62,36958,4619.75
5035,6,2796,466.00,960,160.00,3591013,598502.17,3561527,593587.83,28512,4752.00
5047,1,268,268.00,48,48.00,428898,428898.00,301486,301486.00,5043,5043.00
5058,1,163,163.00,0,0.00,262702,262702.00,48743,48743.00,5057,5057.00
5062,2,776,388.00,30,15.00,4029382,2014691.00,1512903,756451.50,9380,4690.00
5073,11,3487,317.00,0,0.00,407958,37087.09,170582,15507.45,55392,5035.64
5093,1,505,505.00,1,1.00,789925,789925.00,50352,50352.00,4563,4563.00
5109,1,600,600.00,19,19.00,199502,199502.00,327061,327061.00,4841,4841.00
5113,1,880,880.00,105,105.00,168191,168191.00,92290,92290.00,4799,4799.00
5116,1,494,494.00,153,153.00,638995,638995.00,607828,607828.00,3773,3773.00
5117,1,91,91.00,0,0.00,350474,350474.00,34617,34617.00,5116,5116.00
5121,1,372,372.00,86,86.00,237671,237671.00,222090,222090.00,5117,5117.00
5129,1,32,32.00,212,212.00,322307,322307.00,239249,239249.00,5125,5125.00
5130,1,24,24.00,215,215.00,365967,365967.00,362143,362143.00,5126,5126.00
5140,2,1800,900.00,390,195.00,687257,343628.50,568817,284408.50,10078,5039.00
5146,1,1029,1029.00,256,256.00,124505,124505.00,636433,636433.00,4840,4840.00
5156,1,371,371.00,5,5.00,410523,410523.00,327695,327695.00,3129,3129.00
5159,1,497,497.00,164,164.00,845883,845883.00,856640,856640.00,3872,3872.00
5160,1,494,494.00,164,164.00,740928,740928.00,670674,670674.00,4498,4498.00
5167,1,600,600.00,19,19.00,200527,200527.00,357401,357401.00,4891,4891.00
5183,1,1044,1044.00,46,46.00,457867,457867.00,138849,138849.00,5083,5083.00
5188,1,741,741.00,6,6.00,9690,9690.00,715,715.00,5180,5180.00
5198,1,1456,1456.00,80,80.00,429136,429136.00,233150,233150.00,5155,5155.00
5212,2,172,86.00,325,162.50,442743,221371.50,359709,179854.50,10372,5186.00
5226,2,540,270.00,354,177.00,832407,416203.50,1017358,508679.00,10444,5222.00
5230,1,1505,1505.00,78,78.00,423632,423632.00,228110,228110.00,4943,4943.00
5234,1,902,902.00,106,106.00,173202,173202.00,90682,90682.00,5094,5094.00
5243,1,909,909.00,103,103.00,176211,176211.00,100404,100404.00,4676,4676.00
5244,3,8982,2994.00,4491,1497.00,435840,145280.00,2896288,965429.33,14975,4991.67
5248,1,1498,1498.00,78,78.00,423599,423599.00,230239,230239.00,4843,4843.00
5259,1,44,44.00,0,0.00,179100,179100.00,22228,22228.00,5258,5258.00
5260,1,180,180.00,163,163.00,284880,284880.00,201647,201647.00,5256,5256.00
5263,2,1222,611.00,74,37.00,1037303,518651.50,215349,107674.50,10205,5102.50
5264,1,1509,1509.00,76,76.00,425814,425814.00,228181,228181.00,4661,4661.00
5267,1,1100,1100.00,74,74.00,634068,634068.00,156200,156200.00,4374,4374.00
5270,1,477,477.00,170,170.00,616961,616961.00,539424,539424.00,4926,4926.00
5281,11,3630,330.00,0,0.00,424693,38608.45,177695,16154.09,57686,5244.18
5286,2,824,412.00,30,15.00,4350582,2175291.00,1747117,873558.50,9908,4954.00
5303,1,426,426.00,5,5.00,1017416,1017416.00,241739,241739.00,5299,5299.00
5304,1,12,12.00,227,227.00,381701,381701.00,380611,380611.00,5300,5300.00
5307,1,259,259.00,131,131.00,217817,217817.00,7928,7928.00,5269,5269.00
5322,1,573,573.00,42,42.00,2510263,2510263.00,2985494,2985494.00,3918,3918.00
5326,1,766,766.00,110,110.00,255634,255634.00,170032,170032.00,5230,5230.00
5340,1,492,492.00,171,171.00,650674,650674.00,599672,599672.00,4437,4437.00
5349,1,126,126.00,0,0.00,479098,479098.00,67929,67929.00,5348,5348.00
5368,2,432,216.00,0,0.00,2992042,1496021.00,382398,191199.00,10734,5367.00
5376,1,1516,1516.00,80,80.00,450398,450398.00,252753,252753.00,5201,5201.00
5381,1,176,176.00,0,0.00,251024,251024.00,52356,52356.00,5380,5380.00
5387,1,928,928.00,109,109.00,177298,177298.00,97533,97533.00,5247,5247.00
5388,2,430,215.00,0,0.00,3759276,1879638.00,463688,231844.00,10774,5387.00
5392,1,150,150.00,0,0.00,402444,402444.00,57933,57933.00,5391,5391.00
5402,1,1202,1202.00,65,65.00,509478,509478.00,250181,250181.00,4621,4621.00
5406,1,939,939.00,104,104.00,184373,184373.00,94844,94844.00,5137,5137.00
5408,1,936,936.00,203,203.00,498889,498889.00,319866,319866.00,4896,4896.00
5414,1,1098,1098.00,62,62.00,489883,489883.00,136973,136973.00,5239,5239.00
5421,1,761,761.00,1,1.00,216965,216965.00,248148,248148.00,5420,5420.00
5434,1,509,509.00,297,297.00,283074,283074.00,63558,63558.00,5356,5356.00
5442,1,928,928.00,206,206.00,535645,535645.00,152839,152839.00,5030,5030.00
5451,1,522,522.00,163,163.00,674768,674768.00,601903,601903.00,4609,4609.00
5457,1,952,952.00,107,107.00,183193,183193.00,101932,101932.00,4843,4843.00
5476,1,995,995.00,185,185.00,197721,197721.00,701327,701327.00,4966,4966.00
5485,1,953,953.00,105,105.00,186446,186446.00,99536,99536.00,4871,4871.00
5489,1,616,616.00,0,0.00,145813,145813.00,16835,16835.00,5488,5488.00
5497,1,928,928.00,207,207.00,464469,464469.00,256522,256522.00,5437,5437.00
5498,1,1576,1576.00,82,82.00,447584,447584.00,238104,238104.00,5217,5217.00
5503,1,98,98.00,0,0.00,427005,427005.00,58622,58622.00,5502,5502.00
5510,3,9438,3146.00,4719,1573.00,458173,152724.33,3072837,1024279.00,15496,5165.33
5511,1,242,242.00,60,60.00,488940,488940.00,178605,178605.00,5375,5375.00
5519,1,0,0.00,0,0.00,144466,144466.00,194959,194959.00,5487,5487.00
5534,1,12,12.00,237,237.00,420926,420926.00,427168,427168.00,5530,5530.00
5541,1,1385,1385.00,0,0.00,20775,20775.00,5110,5110.00,5540,5540.00
5545,2,1912,956.00,222,111.00,369116,184558.00,194538,97269.00,10578,5289.00
5549,3,1530,510.00,534,178.00,1983958,661319.33,1792654,597551.33,14957,4985.67
5559,1,965,965.00,107,107.00,187714,187714.00,100708,100708.00,5356,5356.00
5566,1,618,618.00,103,103.00,155174,155174.00,13486,13486.00,5562,5562.00
5570,1,966,966.00,106,106.00,189403,189403.00,99608,99608.00,5388,5388.00
5596,1,252,252.00,151,151.00,290633,290633.00,293510,293510.00,5592,5592.00
5601,1,140,140.00,0,0.00,809908,809908.00,113962,113962.00,5600,5600.00
5609,1,430,430.00,103,103.00,154158,154158.00,60976,60976.00,5571,5571.00
5613,24,15408,642.00,216,9.00,9190755,382948.12,2169173,90382.21,105595,4399.79
5614,1,284,284.00,177,177.00,505348,505348.00,535800,535800.00,5610,5610.00
5624,2,1940,970.00,224,112.00,374342,187171.00,195429,97714.50,10752,5376.00
5649,1,956,956.00,213,213.00,437655,437655.00,269008,269008.00,5507,5507.00
5680,1,987,987.00,108,108.00,193029,193029.00,98076,98076.00,5224,5224.00
5685,1,522,522.00,0,0.00,151836,151836.00,22896,22896.00,5684,5684.00
5686,1,986,986.00,108,108.00,193086,193086.00,102616,102616.00,5030,5030.00
5701,1,332,332.00,126,126.00,255761,255761.00,219209,219209.00,5697,5697.00
5703,1,984,984.00,113,113.00,189341,189341.00,99358,99358.00,5397,5397.00
5704,1,300,300.00,100,100.00,215857,215857.00,96825,96825.00,5586,5586.00
5706,2,708,354.00,178,89.00,476594,238297.00,452081,226040.50,11268,5634.00
5707,1,1133,1133.00,49,49.00,508875,508875.00,151309,151309.00,5607,5607.00
5716,1,1650,1650.00,88,88.00,475222,475222.00,259552,259552.00,5337,5337.00
5719,1,178,178.00,0,0.00,304768,304768.00,61280,61280.00,5718,5718.00
5720,1,496,496.00,104,104.00,214673,214673.00,41798,41798.00,5409,5409.00
5731,1,135,135.00,0,0.00,502831,502831.00,71337,71337.00,5730,5730.00
5736,12,9273,772.75,319,26.58,1471647,122637.25,7049510,587459.17,61843,5153.58
5751,1,538,538.00,175,175.00,740648,740648.00,783566,783566.00,5380,5380.00
5777,11,6292,572.00,726,66.00,11293272,1026661.09,2496894,226990.36,53329,4848.09
5779,1,554,554.00,179,179.00,809006,809006.00,702369,702369.00,4955,4955.00
5782,1,1061,1061.00,270,270.00,177593,177593.00,812811,812811.00,3738,3738.00
5788,1,1062,1062.00,270,270.00,171146,171146.00,776489,776489.00,5744,5744.00
5802,1,1004,1004.00,103,103.00,199502,199502.00,123393,123393.00,5416,5416.00
5812,1,1648,1648.00,86,86.00,466235,466235.00,240616,240616.00,5475,5475.00
5823,1,96,96.00,0,0.00,228273,228273.00,30304,30304.00,5822,5822.00
5824,1,553,553.00,176,176.00,892134,892134.00,929996,929996.00,5519,5519.00
5852,1,551,551.00,186,186.00,794488,794488.00,781155,781155.00,5582,5582.00
5856,1,1016,1016.00,219,219.00,433010,433010.00,302459,302459.00,5714,5714.00
5867,2,682,341.00,488,244.00,1429514,714757.00,1400177,700088.50,11726,5863.00
5869,2,1718,859.00,673,336.50,1061953,530976.50,1990323,995161.50,10261,5130.50
5872,1,356,356.00,25,25.00,166786,166786.00,70097,70097.00,5868,5868.00
5880,1,280,280.00,153,153.00,293150,293150.00,292429,292429.00,5876,5876.00
5881,1,200,200.00,0,0.00,495660,495660.00,73754,73754.00,5880,5880.00
5887,1,1017,1017.00,117,117.00,195585,195585.00,108221,108221.00,5684,5684.00
5888,1,124,124.00,211,211.00,354539,354539.00,287106,287106.00,5884,5884.00
5894,1,1699,1699.00,86,86.00,468040,468040.00,273322,273322.00,5791,5791.00
5908,1,827,827.00,139,139.00,315083,315083.00,205683,205683.00,5369,5369.00
5913,1,825,825.00,134,134.00,318570,318570.00,181919,181919.00,4411,4411.00
5927,1,1077,1077.00,43,43.00,589636,589636.00,167645,167645.00,5827,5827.00
5935,1,1708,1708.00,92,92.00,468652,468652.00,248865,248865.00,5834,5834.00
5960,5,2827,565.40,945,189.00,4107421,821484.20,4007124,801424.80,26243,5248.60
5971,2,548,274.00,82,41.00,1327528,663764.00,3629043,1814521.50,11579,5789.50
5976,1,1747,1747.00,86,86.00,484267,484267.00,265370,265370.00,5831,5831.00
6009,1,1036,1036.00,119,119.00,200101,200101.00,109282,109282.00,5732,5732.00
6016,2,1250,625.00,312,156.00,998915,499457.50,1100246,550123.00,11439,5719.50
6029,1,1064,1064.00,231,231.00,392670,392670.00,291413,291413.00,5887,5887.00
6032,1,68,68.00,30,30.00,192303,192303.00,255918,255918.00,6028,6028.00
6053,1,0,0.00,0,0.00,144422,144422.00,234787,234787.00,6018,6018.00
6064,2,440,220.00,480,240.00,1347006,673503.00,3711537,1855768.50,12120,6060.00
6065,1,71,71.00,30,30.00,185299,185299.00,258210,258210.00,6061,6061.00
6068,1,2965,2965.00,3,3.00,78001,78001.00,65192,65192.00,6066,6066.00
6071,1,1050,1050.00,121,121.00,201073,201073.00,103413,103413.00,5789,5789.00
6108,1,62,62.00,0,0.00,186324,186324.00,18331,18331.00,6107,6107.00
6126,2,1118,559.00,394,197.00,1495314,747657.00,1387268,693634.00,11922,5961.00
6134,1,510,510.00,512,512.00,375701,375701.00,942256,942256.00,6034,6034.00
6167,2,2128,1064.00,242,121.00,411519,205759.50,217221,108610.50,11770,5885.00
6176,1,1747,1747.00,90,90.00,487294,487294.00,262379,262379.00,6073,6073.00
6178,1,867,867.00,134,134.00,327425,327425.00,199497,199497.00,6096,6096.00
6189,1,476,476.00,94,94.00,293261,293261.00,275279,275279.00,6185,6185.00
6228,1,256,256.00,177,177.00,301728,301728.00,177345,177345.00,6224,6224.00
6231,1,216,216.00,0,0.00,284321,284321.00,63533,63533.00,6230,6230.00
6241,2,2152,1076.00,246,123.00,415181,207590.50,223604,111802.00,11933,5966.50
6266,1,1084,1084.00,124,124.00,208508,208508.00,114705,114705.00,6242,6242.00
6271,1,1088,1088.00,117,117.00,215089,215089.00,117928,117928.00,5778,5778.00
6298,1,1259,1259.00,70,70.00,609989,609989.00,173126,173126.00,5500,5500.00
6302,3,1248,416.00,12,4.00,1116967,372322.33,4362170,1454056.67,17977,5992.33
6315,1,409,409.00,193,193.00,234945,234945.00,86795,86795.00,6311,6311.00
6324,1,1796,1796.00,98,98.00,514124,514124.00,280197,280197.00,6105,6105.00
6351,1,599,599.00,190,190.00,951996,951996.00,1019103,1019103.00,5251,5251.00
6362,1,1098,1098.00,124,124.00,213098,213098.00,113512,113512.00,5711,5711.00
6375,1,2954,2954.00,1,1.00,121510,121510.00,20290,20290.00,6374,6374.00
6377,1,903,903.00,139,139.00,330743,330743.00,249782,249782.00,6295,6295.00
6382,1,901,901.00,134,134.00,327866,327866.00,227221,227221.00,6292,6292.00
6395,200,399200,1996.00,60200,301.00,132200028,661000.14,129297181,646485.91,1103978,5519.89
6403,1,611,611.00,204,204.00,1003943,1003943.00,975703,975703.00,5884,5884.00
6420,1,917,917.00,6,6.00,11952,11952.00,819,819.00,6412,6412.00
6448,1,665,665.00,229,229.00,1014578,1014578.00,1216117,1216117.00,5056,5056.00
6488,1,1837,1837.00,98,98.00,510512,510512.00,275568,275568.00,6343,6343.00
6490,1,1850,1850.00,98,98.00,521926,521926.00,289602,289602.00,6489,6489.00
6500,1,428,428.00,4,4.00,382559,382559.00,1628844,1628844.00,5942,5942.00
6524,1,562,562.00,130,130.00,271099,271099.00,50243,50243.00,6178,6178.00
6534,1,1135,1135.00,122,122.00,223550,223550.00,124808,124808.00,5962,5962.00
6552,2,3003,1501.50,226,113.00,751115,375557.50,415526,207763.00,12879,6439.50
6572,1,1888,1888.00,98,98.00,527758,527758.00,302946,302946.00,6375,6375.00
6588,1,1139,1139.00,128,128.00,220753,220753.00,119880,119880.00,6137,6137.00
6590,1,350,350.00,158,158.00,333256,333256.00,316246,316246.00,6586,6586.00
6594,2,1750,875.00,349,174.50,758272,379136.00,567253,283626.50,12842,6421.00
6601,1,569,569.00,130,130.00,270051,270051.00,50090,50090.00,6391,6391.00
6608,1,324,324.00,332,332.00,456140,456140.00,432364,432364.00,6464,6464.00
6609,1,1569,1569.00,1,1.00,143515,143515.00,20640,20640.00,6605,6605.00
6616,1,1884,1884.00,100,100.00,521014,521014.00,285219,285219.00,6573,6573.00
6625,1,576,576.00,76,76.00,320686,320686.00,366462,366462.00,6621,6621.00
6630,1,1908,1908.00,98,98.00,511434,511434.00,291992,291992.00,6495,6495.00
6631,1,1144,1144.00,129,129.00,220903,220903.00,113246,113246.00,6586,6586.00
6662,1,120,120.00,0,0.00,386318,386318.00,65656,65656.00,6661,6661.00
6690,1,408,408.00,5,5.00,1653179,1653179.00,1370666,1370666.00,4752,4752.00
6691,1,647,647.00,204,204.00,961922,961922.00,935954,935954.00,6067,6067.00
6698,1,1975,1975.00,96,96.00,529347,529347.00,288750,288750.00,6269,6269.00
6701,1,1000,1000.00,0,0.00,171931,171931.00,6301,6301.00,6700,6700.00
6748,1,806,806.00,30,30.00,375554,375554.00,196444,196444.00,6700,6700.00
6749,1,1496,1496.00,1,1.00,86650,86650.00,221389,221389.00,6745,6745.00
6760,1,587,587.00,117,117.00,241571,241571.00,48291,48291.00,6364,6364.00
6770,1,642,642.00,205,205.00,1017165,1017165.00,1054655,1054655.00,5551,5551.00
6782,1,1923,1923.00,108,108.00,541911,541911.00,295992,295992.00,6503,6503.00
6786,1,113,113.00,0,0.00,159788,159788.00,21052,21052.00,6785,6785.00
6796,1,113,113.00,0,0.00,159414,159414.00,21979,21979.00,6795,6795.00
6802,1,2037,2037.00,100,100.00,543281,543281.00,305707,305707.00,6425,6425.00
6809,1,1178,1178.00,133,133.00,227116,227116.00,122481,122481.00,6511,6511.00
6820,1,1950,1950.00,102,102.00,542532,542532.00,305318,305318.00,6819,6819.00
6826,2,2356,1178.00,264,132.00,457962,228981.00,248197,124098.50,12644,6322.00
6884,1,1989,1989.00,102,102.00,551862,551862.00,298725,298725.00,6771,6771.00
6888,1,1992,1992.00,102,102.00,536895,536895.00,298773,298773.00,6887,6887.00
6895,1,262,262.00,0,0.00,373641,373641.00,61837,61837.00,6894,6894.00
6905,1,1192,1192.00,133,133.00,231789,231789.00,128387,128387.00,6607,6607.00
6919,1,760,760.00,217,217.00,1375949,1375949.00,1487337,1487337.00,5594,5594.00
6945,1,1395,1395.00,76,76.00,653671,653671.00,206926,206926.00,5980,5980.00
6970,1,2043,2043.00,102,102.00,541702,541702.00,311636,311636.00,6847,6847.00
6983,1,420,420.00,120,120.00,600842,600842.00,428267,428267.00,6519,6519.00
6992,1,421,421.00,120,120.00,555782,555782.00,408047,408047.00,6905,6905.00
6998,1,2089,2089.00,100,100.00,561597,561597.00,304148,304148.00,6997,6997.00
7001,3,1320,440.00,9,3.00,1426420,475473.33,1096833,365611.00,17782,5927.33
7010,1,1287,1287.00,71,71.00,532396,532396.00,977130,977130.00,6931,6931.00
7018,1,2005,2005.00,112,112.00,587033,587033.00,330389,330389.00,6927,6927.00
7024,1,2101,2101.00,100,100.00,556075,556075.00,305018,305018.00,7023,7023.00
7042,1,322,322.00,188,188.00,386893,386893.00,443462,443462.00,7038,7038.00
7066,1,2038,2038.00,106,106.00,564990,564990.00,296387,296387.00,6861,6861.00
7090,1,171,171.00,0,0.00,340118,340118.00,70750,70750.00,7089,7089.00
7091,2,1711,855.50,1,0.50,470076,235038.00,274025,137012.50,14177,7088.50
7092,1,688,688.00,219,219.00,1129436,1129436.00,1072837,1072837.00,6809,6809.00
7103,3,2001,667.00,690,230.00,2447795,815931.67,2330285,776761.67,19540,6513.33
7108,1,2075,2075.00,112,112.00,583942,583942.00,309124,309124.00,7107,7107.00
7116,1,720,720.00,1,1.00,265050,265050.00,571325,571325.00,6986,6986.00
7174,1,2101,2101.00,106,106.00,563213,563213.00,301514,301514.00,6905,6905.00
7188,1,2147,2147.00,104,104.00,578323,578323.00,313036,313036.00,7095,7095.00
7222,1,2100,2100.00,114,114.00,584771,584771.00,312278,312278.00,6785,6785.00
7224,1,2149,2149.00,110,110.00,583965,583965.00,332635,332635.00,7223,7223.00
7239,1,1222,1222.00,269,269.00,685607,685607.00,333352,333352.00,7097,7097.00
7253,1,1252,1252.00,139,139.00,243804,243804.00,127220,127220.00,6918,6918.00
7257,1,1419,1419.00,88,88.00,406546,406546.00,219906,219906.00,5855,5855.00
7268,1,1465,1465.00,1,1.00,471740,471740.00,221360,221360.00,6907,6907.00
7292,1,691,691.00,224,224.00,1046444,1046444.00,994057,994057.00,6379,6379.00
7335,1,1458,1458.00,93,93.00,426323,426323.00,222745,222745.00,5514,5514.00
7344,2,1392,696.00,450,225.00,2253020,1126510.00,2034026,1017013.00,12839,6419.50
7365,1,701,701.00,222,222.00,1142669,1142669.00,1216341,1216341.00,6646,6646.00
7377,1,411,411.00,206,206.00,58927,58927.00,4983,4983.00,7357,7357.00
7401,1,2147,2147.00,118,118.00,580603,580603.00,308203,308203.00,7095,7095.00
7404,6,7302,1217.00,1716,286.00,2767266,461211.00,3298310,549718.33,41247,6874.50
7405,1,3214,3214.00,1,1.00,60515,60515.00,226817,226817.00,7402,7402.00
7410,2,1396,698.00,822,411.00,775234,387617.00,169727,84863.50,13840,6920.00
7420,1,3061,3061.00,3,3.00,77747,77747.00,82757,82757.00,7418,7418.00
7448,1,2179,2179.00,118,118.00,600398,600398.00,323388,323388.00,7181,7181.00
7570,1,1332,1332.00,282,282.00,465185,465185.00,151147,151147.00,7510,7510.00
7590,1,496,496.00,4,4.00,458017,458017.00,1950221,1950221.00,7433,7433.00
7600,1,2281,2281.00,118,118.00,609956,609956.00,326869,326869.00,7499,7499.00
7644,6,7662,1277.00,1926,321.00,1275629,212604.83,18510099,3085016.50,42256,7042.67
7701,2,3996,1998.00,602,301.00,1242830,621415.00,262260,131130.00,15346,7673.00
7718,1,744,744.00,237,237.00,1202579,1202579.00,1139150,1139150.00,6870,6870.00
7795,1,1349,1349.00,147,147.00,263195,263195.00,150852,150852.00,7780,7780.00
7796,1,739,739.00,240,240.00,1160320,1160320.00,1178664,1178664.00,7692,7692.00
7830,1,289,289.00,216,216.00,695269,695269.00,2376384,2376384.00,6638,6638.00
7849,2,1496,748.00,478,239.00,2477154,1238577.00,2541422,1270711.00,13957,6978.50
7880,1,1362,1362.00,148,148.00,266470,266470.00,144882,144882.00,7777,7777.00
7881,3,1320,440.00,9,3.00,1594589,531529.67,1375333,458444.33,18181,6060.33
7885,1,296,296.00,97,97.00,523829,523829.00,168567,168567.00,7144,7144.00
7896,1,502,502.00,193,193.00,266506,266506.00,129894,129894.00,7892,7892.00
7911,1,1369,1369.00,149,149.00,267650,267650.00,141429,141429.00,7555,7555.00
7929,1,1496,1496.00,237,237.00,118463,118463.00,255291,255291.00,7921,7921.00
7956,6,7974,1329.00,2004,334.00,1339484,223247.33,19027796,3171299.33,40820,6803.33
8023,2,1100,550.00,320,160.00,1519739,759869.50,938363,469181.50,15578,7789.00
8070,1,3026,3026.00,1009,1009.00,181611,181611.00,5279503,5279503.00,6944,6944.00
8087,1,345,345.00,127,127.00,672721,672721.00,273624,273624.00,7767,7767.00
8108,1,780,780.00,1,1.00,268389,268389.00,862558,862558.00,8058,8058.00
8112,2,2804,1402.00,304,152.00,549976,274988.00,293044,146522.00,15596,7798.00
8128,1,832,832.00,251,251.00,1169272,1169272.00,1385073,1385073.00,6721,6721.00
8134,1,788,788.00,249,249.00,1240970,1240970.00,1185803,1185803.00,7779,7779.00
8153,1,847,847.00,239,239.00,656773,656773.00,161903,161903.00,7378,7378.00
8185,1,311,311.00,97,97.00,539997,539997.00,178699,178699.00,7404,7404.00
8205,1,1667,1667.00,85,85.00,679659,679659.00,217197,217197.00,8114,8114.00
8210,1,838,838.00,259,259.00,1122922,1122922.00,1236766,1236766.00,7423,7423.00
8233,1,1424,1424.00,153,153.00,280180,280180.00,153596,153596.00,7777,7777.00
8246,1,715,715.00,143,143.00,315291,315291.00,61433,61433.00,7850,7850.00
8290,1,719,719.00,143,143.00,310598,310598.00,61055,61055.00,8080,8080.00
8349,1,1444,1444.00,155,155.00,284914,284914.00,153175,153175.00,7783,7783.00
8386,1,1450,1450.00,156,156.00,285405,285405.00,152765,152765.00,8204,8204.00
8388,1,387,387.00,84,84.00,320322,320322.00,362549,362549.00,8338,8338.00
8395,2,1607,803.50,724,362.00,1773261,886630.50,1429187,714593.50,15588,7794.00
8441,1,132,132.00,132,132.00,163204,163204.00,47400,47400.00,8437,8437.00
8458,1,809,809.00,256,256.00,1208458,1208458.00,1079859,1079859.00,7420,7420.00
8461,1,1572,1572.00,275,275.00,132791,132791.00,273783,273783.00,8417,8417.00
8462,1,808,808.00,259,259.00,1237906,1237906.00,1225639,1225639.00,7795,7795.00
8502,1,1548,1548.00,257,257.00,225898,225898.00,731637,731637.00,8306,8306.00
8505,1,415,415.00,209,209.00,344176,344176.00,12483,12483.00,8467,8467.00
8534,1,368,368.00,4,4.00,1168781,1168781.00,1554201,1554201.00,7704,7704.00
8612,2,464,232.00,0,0.00,541883,270941.50,77044,38522.00,17222,8611.00
8646,1,1484,1484.00,43,43.00,716955,716955.00,230029,230029.00,8364,8364.00
8655,1,0,0.00,0,0.00,0,0.00,0,0.00,8654,8654.00
8704,1,400,400.00,16484,16484.00,382892,382892.00,317566,317566.00,8526,8526.00
8706,1,2491,2491.00,163,163.00,374393,374393.00,256165,256165.00,8633,8633.00
8736,1,1519,1519.00,43,43.00,727053,727053.00,220435,220435.00,8317,8317.00
8761,1,1768,1768.00,94,94.00,799863,799863.00,240194,240194.00,7799,7799.00
8770,1,356,356.00,211,211.00,1273905,1273905.00,13579563,13579563.00,7240,7240.00
8771,1,515,515.00,323,323.00,101825,101825.00,30907,30907.00,8725,8725.00
8776,1,1518,1518.00,162,162.00,298472,298472.00,161775,161775.00,8478,8478.00
8795,2,2914,1457.00,282,141.00,625597,312798.50,471435,235717.50,17304,8652.00
8808,1,1522,1522.00,164,164.00,299271,299271.00,164462,164462.00,8111,8111.00
8823,1,1528,1528.00,161,161.00,301466,301466.00,159517,159517.00,8620,8620.00
8885,1,1542,1542.00,163,163.00,303544,303544.00,163506,163506.00,8277,8277.00
8899,1,1980,1980.00,186,186.00,502738,502738.00,300857,300857.00,7833,7833.00
8908,1,339,339.00,0,0.00,489706,489706.00,84219,84219.00,8907,8907.00
8918,1,847,847.00,272,272.00,1332615,1332615.00,1262114,1262114.00,8256,8256.00
8958,1,864,864.00,71,71.00,464398,464398.00,445867,445867.00,8902,8902.00
8977,5,14965,2993.00,5,1.00,503041,100608.20,7695723,1539144.60,42690,8538.00
9009,1,1254,1254.00,209,209.00,463491,463491.00,314146,314146.00,9008,9008.00
9025,1,752,752.00,0,0.00,149547,149547.00,59073,59073.00,9024,9024.00
9030,1,840,840.00,83,83.00,453433,453433.00,619644,619644.00,9026,9026.00
9049,1,1569,1569.00,165,165.00,310420,310420.00,168593,168593.00,8483,8483.00
9050,1,1566,1566.00,166,166.00,308613,308613.00,171605,171605.00,8888,8888.00
9082,3,9078,3026.00,3027,1009.00,421110,140370.00,2953234,984411.33,26358,8786.00
9128,1,2650,2650.00,123,123.00,744049,744049.00,446428,446428.00,8993,8993.00
9164,1,1092,1092.00,16,16.00,373202,373202.00,1379578,1379578.00,8255,8255.00
9167,1,1585,1585.00,274,274.00,301244,301244.00,858146,858146.00,8975,8975.00
9175,1,1909,1909.00,1,1.00,231887,231887.00,643259,643259.00,9124,9124.00
9181,2,2904,1452.00,188,94.00,719350,359675.00,509070,254535.00,18044,9022.00
9213,1,571,571.00,9,9.00,661942,661942.00,559922,559922.00,8886,8886.00
9216,1,1624,1624.00,338,338.00,550864,550864.00,154255,154255.00,9074,9074.00
9223,1,4150,4150.00,1,1.00,76119,76119.00,404171,404171.00,9220,9220.00
9229,1,2712,2712.00,123,123.00,742728,742728.00,453992,453992.00,8895,8895.00
9231,1,2728,2728.00,123,123.00,744861,744861.00,455233,455233.00,9138,9138.00
9238,1,863,863.00,281,281.00,1239662,1239662.00,1274553,1274553.00,8397,8397.00
9255,2,5435,2717.50,242,121.00,1455908,727954.00,927479,463739.50,18043,9021.50
9259,2,1780,890.00,558,279.00,2788617,1394308.50,2821804,1410902.00,16888,8444.00
9264,1,895,895.00,284,284.00,1446023,1446023.00,1531446,1531446.00,8203,8203.00
9311,1,168,168.00,0,0.00,677835,677835.00,93441,93441.00,9310,9310.00
9324,1,1614,1614.00,170,170.00,319787,319787.00,171193,171193.00,8673,8673.00
9332,3,4979,1659.67,475,158.33,5168443,1722814.33,4203936,1401312.00,27849,9283.00
9358,1,809,809.00,169,169.00,354772,354772.00,67472,67472.00,8812,8812.00
9404,2,5429,2714.50,252,126.00,1497754,748877.00,946993,473496.50,18574,9287.00
9410,1,891,891.00,525,525.00,495587,495587.00,111586,111586.00,9218,9218.00
9414,1,1809,1809.00,70,70.00,877457,877457.00,273050,273050.00,9314,9314.00
9421,1,407,407.00,129,129.00,785558,785558.00,316724,316724.00,8002,8002.00
9433,5,15725,3145.00,5,1.00,529150,105830.00,8160066,1632013.20,44310,8862.00
9440,1,896,896.00,525,525.00,489142,489142.00,101144,101144.00,8592,8592.00
9456,4,0,0.00,0,0.00,0,0.00,0,0.00,37505,9376.25
9485,1,2734,2734.00,131,131.00,750678,750678.00,460401,460401.00,9484,9484.00
9499,1,1971,1971.00,1,1.00,234137,234137.00,646138,646138.00,9448,9448.00
9507,1,900,900.00,283,283.00,1376811,1376811.00,1407364,1407364.00,8074,8074.00
9581,1,2837,2837.00,129,129.00,746700,746700.00,442204,442204.00,9580,9580.00
9595,1,644,644.00,180,180.00,451518,451518.00,311407,311407.00,9591,9591.00
9601,1,1007,1007.00,284,284.00,767944,767944.00,168822,168822.00,8602,8602.00
9655,1,2732,2732.00,135,135.00,762061,762061.00,465697,465697.00,9612,9612.00
9665,1,928,928.00,295,295.00,1526403,1526403.00,1487034,1487034.00,9405,9405.00
9672,1,2786,2786.00,133,133.00,775413,775413.00,460041,460041.00,9217,9217.00
9741,1,1933,1933.00,65,65.00,886341,886341.00,254469,254469.00,9492,9492.00
9761,2,3214,1607.00,2,1.00,667478,333739.00,1376490,688245.00,19520,9760.00
9766,4,0,0.00,0,0.00,0,0.00,0,0.00,38885,9721.25
9781,1,2843,2843.00,131,131.00,780485,780485.00,483372,483372.00,9780,9780.00
9816,1,2873,2873.00,133,133.00,777544,777544.00,465476,465476.00,9781,9781.00
9819,1,929,929.00,298,298.00,1350175,1350175.00,1308239,1308239.00,9403,9403.00
9852,1,2950,2950.00,131,131.00,775196,775196.00,461575,461575.00,9647,9647.00
9861,1,2891,2891.00,131,131.00,789017,789017.00,496454,496454.00,9592,9592.00
9866,1,1742,1742.00,364,364.00,604523,604523.00,210380,210380.00,9724,9724.00
9966,2,4622,2311.00,270,135.00,1322395,661197.50,702396,351198.00,17664,8832.00
9980,1,2026,2026.00,85,85.00,842081,842081.00,262321,262321.00,9880,9880.00
10009,1,2904,2904.00,137,137.00,802080,802080.00,478239,478239.00,9832,9832.00
10017,1,2352,2352.00,166,166.00,914979,914979.00,631168,631168.00,9040,9040.00
10034,1,1920,1920.00,76,76.00,922415,922415.00,283838,283838.00,9934,9934.00
10084,1,780,780.00,151,151.00,527137,527137.00,439048,439048.00,10080,10080.00
10085,1,2921,2921.00,139,139.00,801125,801125.00,467701,467701.00,9730,9730.00
10123,1,2973,2973.00,137,137.00,789761,789761.00,465584,465584.00,9946,9946.00
10185,1,1790,1790.00,375,375.00,674947,674947.00,222894,222894.00,10043,10043.00
10218,1,999,999.00,324,324.00,2340811,2340811.00,2994604,2994604.00,9769,9769.00
10228,1,3003,3003.00,139,139.00,802088,802088.00,484474,484474.00,10093,10093.00
10243,1,3051,3051.00,137,137.00,821322,821322.00,495181,495181.00,10013,10013.00
10288,1,1465,1465.00,209,209.00,515800,515800.00,396744,396744.00,10206,10206.00
10295,1,474,474.00,84,84.00,407019,407019.00,498428,498428.00,10097,10097.00
10314,1,1071,1071.00,311,311.00,1499016,1499016.00,1566898,1566898.00,9934,9934.00
10347,1,3104,3104.00,137,137.00,815287,815287.00,483565,483565.00,10346,10346.00
10359,1,1769,1769.00,380,380.00,1151874,1151874.00,533202,533202.00,9592,9592.00
10369,1,1837,1837.00,391,391.00,715128,715128.00,526071,526071.00,10347,10347.00
10375,1,905,905.00,156,156.00,335812,335812.00,73878,73878.00,10165,10165.00
10407,2,6191,3095.50,583,291.50,597842,298921.00,500124,250062.00,20041,10020.50
10427,1,1052,1052.00,1,1.00,385357,385357.00,963642,963642.00,10379,10379.00
10468,1,588,588.00,78,78.00,626635,626635.00,804680,804680.00,10464,10464.00
10487,2,5988,2994.00,2994,1497.00,845355,422677.50,3102087,1551043.50,19900,9950.00
10488,1,695,695.00,14,14.00,2037363,2037363.00,611746,611746.00,10296,10296.00
10513,1,985,985.00,318,318.00,1440558,1440558.00,1448532,1448532.00,9692,9692.00
10562,1,3145,3145.00,143,143.00,834203,834203.00,497544,497544.00,10357,10357.00
10563,2,3786,1893.00,2,1.00,123074,61537.00,1136975,568487.50,21024,10512.00
10606,1,594,594.00,84,84.00,648923,648923.00,858025,858025.00,10602,10602.00
10618,1,2157,2157.00,135,135.00,611405,611405.00,326434,326434.00,9432,9432.00
10669,1,3027,3027.00,151,151.00,842425,842425.00,498538,498538.00,10668,10668.00
10690,1,325,325.00,201,201.00,116377,116377.00,3848,3848.00,10642,10642.00
10720,1,1028,1028.00,325,325.00,1709321,1709321.00,1696950,1696950.00,10584,10584.00
10735,1,432,432.00,0,0.00,3809050,3809050.00,457024,457024.00,10734,10734.00
10829,11,17490,1590.00,3520,320.00,4880151,443650.09,944273,85843.00,118181,10743.73
10845,1,1050,1050.00,329,329.00,1698110,1698110.00,1736256,1736256.00,9260,9260.00
10867,1,1848,1848.00,225,225.00,354243,354243.00,539634,539634.00,10866,10866.00
10874,1,900,900.00,141,141.00,484663,484663.00,528395,528395.00,10870,10870.00
10875,1,1850,1850.00,225,225.00,353078,353078.00,362416,362416.00,10874,10874.00
10930,1,3152,3152.00,151,151.00,855517,855517.00,520209,520209.00,10889,10889.00
10945,1,3135,3135.00,153,153.00,853812,853812.00,514028,514028.00,10800,10800.00
10963,2,3910,1955.00,2,1.00,127798,63899.00,1180932,590466.00,21776,10888.00
11015,1,3206,3206.00,153,153.00,864381,864381.00,495528,495528.00,10820,10820.00
11019,2,6292,3146.00,3146,1573.00,888643,444321.50,3282110,1641055.00,20746,10373.00
11032,1,1753,1753.00,397,397.00,1320613,1320613.00,276804,276804.00,10890,10890.00
11036,1,6269,6269.00,2245,2245.00,77111,77111.00,64140,64140.00,11035,11035.00
11064,1,380,380.00,200,200.00,467686,467686.00,560144,560144.00,10660,10660.00
11078,1,6435,6435.00,2245,2245.00,77699,77699.00,65519,65519.00,11077,11077.00
11079,1,3273,3273.00,151,151.00,874045,874045.00,510647,510647.00,10884,10884.00
11102,2,1624,812.00,184,92.00,4505024,2252512.00,3345996,1672998.00,21599,10799.50
11108,1,3245,3245.00,153,153.00,877897,877897.00,516866,516866.00,11107,11107.00
11109,1,3203,3203.00,155,155.00,866700,866700.00,515487,515487.00,10924,10924.00
11124,1,3311,3311.00,151,151.00,864510,864510.00,494967,494967.00,10821,10821.00
11127,1,2370,2370.00,161,161.00,636183,636183.00,309960,309960.00,10245,10245.00
11179,1,3245,3245.00,155,155.00,873981,873981.00,499221,499221.00,11178,11178.00
11183,1,1078,1078.00,341,341.00,1692978,1692978.00,1829528,1829528.00,10652,10652.00
11200,1,3255,3255.00,155,155.00,858317,858317.00,510283,510283.00,11097,11097.00
11221,1,1179,1179.00,384,384.00,2031935,2031935.00,2531951,2531951.00,11137,11137.00
11271,11,18205,1655.00,3663,333.00,5077616,461601.45,982792,89344.73,123067,11187.91
11286,1,3278,3278.00,157,157.00,876075,876075.00,521794,521794.00,11183,11183.00
11308,1,1091,1091.00,342,342.00,1788366,1788366.00,1720366,1720366.00,10021,10021.00
11362,1,3361,3361.00,155,155.00,882984,882984.00,521142,521142.00,11205,11205.00
11393,1,0,0.00,0,0.00,272194,272194.00,836512,836512.00,11328,11328.00
11402,1,3347,3347.00,157,157.00,897730,897730.00,526056,526056.00,11309,11309.00
11410,1,1084,1084.00,639,639.00,599163,599163.00,129290,129290.00,11352,11352.00
11420,1,856,856.00,181,181.00,601736,601736.00,538542,538542.00,11416,11416.00
11426,1,3359,3359.00,157,157.00,897305,897305.00,526787,526787.00,11283,11283.00
11441,1,3385,3385.00,157,157.00,895625,895625.00,528776,528776.00,11398,11398.00
11448,3,2212,737.33,1350,450.00,4074158,1358052.67,5874258,1958086.00,33308,11102.67
11476,1,1088,1088.00,347,347.00,1661300,1661300.00,1654882,1654882.00,11475,11475.00
11494,1,1915,1915.00,1,1.00,463214,463214.00,1229190,1229190.00,11408,11408.00
11500,1,1099,1099.00,639,639.00,596927,596927.00,125752,125752.00,11069,11069.00
11508,1,990,990.00,1,1.00,406306,406306.00,1555550,1555550.00,11242,11242.00
11514,2,1218,609.00,68,34.00,1211379,605689.50,671965,335982.50,22918,11459.00
11525,1,1032,1032.00,0,0.00,305591,305591.00,59884,59884.00,11524,11524.00
11592,1,392,392.00,200,200.00,507957,507957.00,591576,591576.00,11188,11188.00
11634,1,1168,1168.00,75,75.00,625371,625371.00,779663,779663.00,11630,11630.00
11676,1,6669,6669.00,2359,2359.00,81756,81756.00,69323,69323.00,11675,11675.00
11688,1,2284,2284.00,85,85.00,920968,920968.00,297552,297552.00,11485,11485.00
11707,1,1108,1108.00,355,355.00,1656711,1656711.00,1605819,1605819.00,10920,10920.00
11778,1,6907,6907.00,2359,2359.00,82502,82502.00,70941,70941.00,11777,11777.00
11825,1,2100,2100.00,445,445.00,732438,732438.00,505880,505880.00,11683,11683.00
11829,1,195,195.00,0,0.00,590721,590721.00,78003,78003.00,11828,11828.00
11864,1,395,395.00,0,0.00,239651,239651.00,96817,96817.00,11863,11863.00
11866,1,1977,1977.00,1,1.00,478236,478236.00,1273076,1273076.00,11780,11780.00
12043,1,1152,1152.00,371,371.00,1678787,1678787.00,1739427,1739427.00,11692,11692.00
12048,1,2423,2423.00,85,85.00,966098,966098.00,303077,303077.00,11886,11886.00
12063,1,864,864.00,206,206.00,670007,670007.00,744596,744596.00,12059,12059.00
12076,1,1278,1278.00,373,373.00,2052479,2052479.00,2480283,2480283.00,11313,11313.00
12103,2,1396,698.00,1004,502.00,2140432,1070216.00,2614136,1307068.00,24198,12099.00
12137,6,13728,2288.00,4602,767.00,1510122,251687.00,5418760,903126.67,70390,11731.67
12139,1,310,310.00,0,0.00,1219982,1219982.00,174217,174217.00,12138,12138.00
12160,1,1046,1046.00,234,234.00,512968,512968.00,94210,94210.00,11546,11546.00
12164,1,1974,1974.00,1,1.00,1076228,1076228.00,371567,371567.00,12060,12060.00
12167,1,312,312.00,0,0.00,486507,486507.00,49723,49723.00,12166,12166.00
12254,1,990,990.00,1,1.00,422395,422395.00,1993258,1993258.00,11940,11940.00
12269,1,1699,1699.00,264,264.00,659964,659964.00,374871,374871.00,11252,11252.00
12288,2,1074,537.00,0,0.00,8234412,4117206.00,1331563,665781.50,24574,12287.00
12305,1,2178,2178.00,457,457.00,845573,845573.00,653985,653985.00,12245,12245.00
12327,24,34872,1453.00,576,24.00,40129090,1672045.42,14385623,599400.96,272826,11367.75
12389,1,1177,1177.00,696,696.00,655780,655780.00,146490,146490.00,12197,12197.00
12401,1,1179,1179.00,696,696.00,660098,660098.00,140910,140910.00,11732,11732.00
12517,1,1900,1900.00,151,151.00,510335,510335.00,1034309,1034309.00,12361,12361.00
12527,3,2793,931.00,37,12.33,3065290,1021763.33,1917858,639286.00,34977,11659.00
12561,1,2427,2427.00,94,94.00,1136192,1136192.00,355264,355264.00,12461,12461.00
12563,1,2842,2842.00,264,264.00,709317,709317.00,427404,427404.00,11654,11654.00
12609,1,128,128.00,0,0.00,385216,385216.00,37839,37839.00,12608,12608.00
12678,1,1765,1765.00,264,264.00,670406,670406.00,391872,391872.00,12596,12596.00
12745,6,14412,2402.00,4830,805.00,1583355,263892.50,5789057,964842.83,74240,12373.33
12782,1,2900,2900.00,117,117.00,761630,761630.00,485196,485196.00,11471,11471.00
12865,22,16566,753.00,374,17.00,24835701,1128895.50,202832815,9219673.41,271657,12348.05
12930,1,1907,1907.00,1,1.00,386751,386751.00,1039081,1039081.00,12880,12880.00
12963,1,3186,3186.00,301,301.00,802031,802031.00,559406,559406.00,12062,12062.00
13024,1,1233,1233.00,394,394.00,1917300,1917300.00,1973686,1973686.00,12789,12789.00
13035,1,1258,1258.00,397,397.00,2024087,2024087.00,2003526,2003526.00,12198,12198.00
13073,1,1156,1156.00,142,142.00,603649,603649.00,523033,523033.00,13069,13069.00
13079,1,1108,1108.00,160,160.00,647021,647021.00,807377,807377.00,13075,13075.00
13203,1,284,284.00,0,0.00,655745,655745.00,190655,190655.00,13202,13202.00
13239,1,1368,1368.00,380,380.00,1048826,1048826.00,279824,279824.00,13049,13049.00
13279,1,0,0.00,0,0.00,44260,44260.00,104358,104358.00,13278,13278.00
13378,1,1969,1969.00,1,1.00,397758,397758.00,1064956,1064956.00,13328,13328.00
13392,1,1274,1274.00,753,753.00,697717,697717.00,150486,150486.00,13202,13202.00
13397,1,2439,2439.00,76,76.00,1070306,1070306.00,338317,338317.00,13175,13175.00
13433,1,210,210.00,210,210.00,254653,254653.00,71419,71419.00,13429,13429.00
13552,5,24415,4883.00,7635,1527.00,1174165,234833.00,5164648,1032929.60,67321,13464.20
13561,1,854,854.00,5,5.00,900674,900674.00,478291,478291.00,12859,12859.00
13581,1,1276,1276.00,413,413.00,1765096,1765096.00,1671744,1671744.00,12590,12590.00
13623,1,2522,2522.00,76,76.00,1087735,1087735.00,320414,320414.00,13580,13580.00
13641,1,751,751.00,68,68.00,1002936,1002936.00,2895863,2895863.00,13365,13365.00
13676,1,1302,1302.00,415,415.00,1912380,1912380.00,1989048,1989048.00,13308,13308.00
13721,1,444,444.00,268,268.00,623288,623288.00,875513,875513.00,13157,13157.00
13827,1,1310,1310.00,419,419.00,2025518,2025518.00,2090765,2090765.00,12789,12789.00
13880,1,2785,2785.00,151,151.00,1288740,1288740.00,402929,402929.00,13701,13701.00
13884,1,429,429.00,0,0.00,502993,502993.00,87463,87463.00,13883,13883.00
13981,1,2231,2231.00,81,81.00,619785,619785.00,842144,842144.00,13773,13773.00
14053,1,666,666.00,225,225.00,2693217,2693217.00,13698881,13698881.00,14049,14049.00
14063,1,1332,1332.00,427,427.00,1978336,1978336.00,2011803,2011803.00,12789,12789.00
14075,1,827,827.00,518,518.00,162003,162003.00,53136,53136.00,14029,14029.00
14077,1,2247,2247.00,81,81.00,622868,622868.00,860930,860930.00,13355,13355.00
14104,5,25485,5097.00,8020,1604.00,1247854,249570.80,5429049,1085809.80,69996,13999.20
14109,1,1152,1152.00,320,320.00,4092203,4092203.00,6323938,6323938.00,14105,14105.00
14117,1,1222,1222.00,163,163.00,701495,701495.00,825280,825280.00,14113,14113.00
14389,3,2793,931.00,33,11.00,3415816,1138605.33,2200381,733460.33,39646,13215.33
14419,1,1375,1375.00,810,810.00,759049,759049.00,161597,161597.00,13571,13571.00
14446,1,2010,2010.00,1,1.00,496478,496478.00,248305,248305.00,14112,14112.00
14693,1,3409,3409.00,309,309.00,852546,852546.00,505207,505207.00,14426,14426.00
14821,1,817,817.00,68,68.00,1145137,1145137.00,4632107,4632107.00,14771,14771.00
14831,1,1415,1415.00,450,450.00,2170544,2170544.00,2132091,2132091.00,14324,14324.00
14878,1,1436,1436.00,117,117.00,698435,698435.00,613540,613540.00,14874,14874.00
14995,1,1218,1218.00,23,23.00,6393058,6393058.00,17072999,17072999.00,14441,14441.00
15002,1,1414,1414.00,455,455.00,2011407,2011407.00,1978024,1978024.00,14657,14657.00
15129,1,1215,1215.00,14,14.00,3094312,3094312.00,1187791,1187791.00,14937,14937.00
15236,1,1431,1431.00,464,464.00,2073129,2073129.00,2097751,2097751.00,14416,14416.00
15245,1,848,848.00,2,2.00,1021910,1021910.00,1037433,1037433.00,12719,12719.00
15269,2,1708,854.00,7,3.50,2037615,1018807.50,2212074,1106037.00,26499,13249.50
15402,1,1207,1207.00,27,27.00,5256558,5256558.00,1788802,1788802.00,15398,15398.00
15404,1,1368,1368.00,165,165.00,780248,780248.00,816228,816228.00,15400,15400.00
15630,2,11722,5861.00,3908,1954.00,697823,348911.50,23202777,11601388.50,29838,14919.00
15865,1,1376,1376.00,254,254.00,541413,541413.00,112099,112099.00,15295,15295.00
15879,1,1301,1301.00,23,23.00,6167362,6167362.00,13288353,13288353.00,15369,15369.00
16040,1,1522,1522.00,495,495.00,2437231,2437231.00,2475739,2475739.00,15234,15234.00
16134,2,12100,6050.00,4034,2017.00,724306,362153.00,23806037,11903018.50,28820,14410.00
16281,1,683,683.00,255,255.00,1305210,1305210.00,526355,526355.00,15785,15785.00
16349,1,1555,1555.00,496,496.00,2338793,2338793.00,2389392,2389392.00,15743,15743.00
16367,1,492,492.00,268,268.00,793923,793923.00,1055122,1055122.00,15803,15803.00
16504,1,916,916.00,68,68.00,1149104,1149104.00,4096284,4096284.00,16500,16500.00
16536,1,3385,3385.00,166,166.00,1304606,1304606.00,444288,444288.00,15899,15899.00
16697,1,396,396.00,0,0.00,1471739,1471739.00,221981,221981.00,16696,16696.00
16784,1,4860,4860.00,187,187.00,89884,89884.00,134345,134345.00,16783,16783.00
16790,1,4861,4861.00,187,187.00,89743,89743.00,134846,134846.00,16789,16789.00
16957,1,1845,1845.00,439,439.00,2943446,2943446.00,3244687,3244687.00,16393,16393.00
16964,2,28300,14150.00,6482,3241.00,2096837,1048418.50,15558004,7779002.00,32440,16220.00
17164,1,520,520.00,318,318.00,188096,188096.00,6097,6097.00,17116,17116.00
17175,1,1628,1628.00,518,518.00,2576351,2576351.00,2712444,2712444.00,15884,15884.00
17195,11,18876,1716.00,2178,198.00,30396221,2763292.82,8577155,779741.36,182145,16558.64
17233,1,732,732.00,256,256.00,1374265,1374265.00,537085,537085.00,16658,16658.00
17257,1,1645,1645.00,524,524.00,2523802,2523802.00,2550852,2550852.00,15483,15483.00
17625,1,5094,5094.00,190,190.00,94429,94429.00,140899,140899.00,17624,17624.00
17631,1,5162,5162.00,190,190.00,94356,94356.00,141545,141545.00,17630,17630.00
17696,1,0,0.00,0,0.00,0,0.00,0,0.00,17244,17244.00
17808,2,29690,14845.00,6794,3397.00,2190282,1095141.00,16351735,8175867.50,34175,17087.50
17953,2,11970,5985.00,2,1.00,402334,201167.00,8228431,4114215.50,34322,17161.00
18257,1,704,704.00,0,0.00,1516188,1516188.00,315613,315613.00,18256,18256.00
18266,3,4488,1496.00,4674,1558.00,18173523,6057841.00,54847108,18282369.33,54786,18262.00
18354,1,3086,3086.00,1,1.00,624052,624052.00,1635841,1635841.00,18353,18353.00
18442,2,12292,6146.00,4098,2049.00,560526,280263.00,416071,208035.50,36826,18413.00
18449,1,1386,1386.00,21,21.00,1513895,1513895.00,784839,784839.00,17835,17835.00
18493,1,1958,1958.00,621,621.00,3035015,3035015.00,3554980,3554980.00,18366,18366.00
18710,1,0,0.00,0,0.00,0,0.00,0,0.00,18300,18300.00
18780,1,0,0.00,0,0.00,0,0.00,0,0.00,18314,18314.00
18865,2,12578,6289.00,2,1.00,422612,211306.00,8667450,4333725.00,36210,18105.00
18903,2,1432,716.00,72,36.00,2736841,1368420.50,1677185,838592.50,36909,18454.50
19126,1,1131,1131.00,146,146.00,1102134,1102134.00,1668232,1668232.00,19122,19122.00
19183,3,4716,1572.00,4905,1635.00,19483940,6494646.67,58820380,19606793.33,57537,19179.00
19205,1,2950,2950.00,243,243.00,773595,773595.00,1433845,1433845.00,18605,18605.00
19252,1,3411,3411.00,712,712.00,1330117,1330117.00,778267,778267.00,18868,18868.00
19464,1,1865,1865.00,1095,1095.00,1042439,1042439.00,221543,221543.00,18616,18616.00
19536,2,15750,7875.00,6046,3023.00,1100128,550064.00,4515534,2257767.00,38748,19374.00
19554,1,1651,1651.00,27,27.00,6019918,6019918.00,2590366,2590366.00,19550,19550.00
19721,1,760,760.00,0,0.00,1669382,1669382.00,385544,385544.00,19720,19720.00
19741,1,787,787.00,0,0.00,9304905,9304905.00,1734858,1734858.00,19740,19740.00
19761,1,787,787.00,0,0.00,5491837,5491837.00,938625,938625.00,19760,19760.00
19821,1,0,0.00,0,0.00,0,0.00,0,0.00,19820,19820.00
19898,1,0,0.00,0,0.00,0,0.00,0,0.00,19544,19544.00
20181,1,4128,4128.00,166,166.00,1645086,1645086.00,541383,541383.00,20081,20081.00
20292,1,206,206.00,0,0.00,625029,625029.00,61544,61544.00,20291,20291.00
20349,1,820,820.00,193,193.00,1418359,1418359.00,553227,553227.00,19387,19387.00
20354,1,1232,1232.00,233,233.00,589201,589201.00,425394,425394.00,20350,20350.00
20392,2,16482,8241.00,6352,3176.00,1160023,580011.50,4728343,2364171.50,40628,20314.00
20701,1,5175,5175.00,0,0.00,169141,169141.00,1190747,1190747.00,20700,20700.00
20748,1,1716,1716.00,498,498.00,6359029,6359029.00,11335914,11335914.00,20744,20744.00
20899,1,495,495.00,0,0.00,1839699,1839699.00,275826,275826.00,20898,20898.00
20964,11,20922,1902.00,66,6.00,3054343,277667.55,4403887,400353.36,230560,20960.00
21221,3,4158,1386.00,33,11.00,5117262,1705754.00,3720900,1240300.00,60962,20320.67
21409,1,873,873.00,193,193.00,1447375,1447375.00,535256,535256.00,20729,20729.00
21501,1,3101,3101.00,101,101.00,1077153,1077153.00,63210,63210.00,21468,21468.00
21518,3,4611,1537.00,31,10.33,5006153,1668717.67,3130071,1043357.00,60624,20208.00
21519,1,1035,1035.00,365,365.00,4415809,4415809.00,27897454,27897454.00,21515,21515.00
21539,1,600,600.00,0,0.00,1689266,1689266.00,243280,243280.00,21538,21538.00
21591,1,505,505.00,0,0.00,2472956,2472956.00,388612,388612.00,21590,21590.00
21812,11,21780,1980.00,44,4.00,3180130,289102.73,4608109,418919.00,239888,21808.00
22029,1,3588,3588.00,511,511.00,918868,918868.00,1406845,1406845.00,20668,20668.00
22292,1,1722,1722.00,11,11.00,1966292,1966292.00,1454060,1454060.00,21605,21605.00
22434,2,2900,1450.00,12,6.00,3076025,1538012.50,18624827,9312413.50,44067,22033.50
22831,11,62788,5708.00,20933,1903.00,5802463,527496.64,12155664,1105060.36,249180,22652.73
22848,1,1965,1965.00,420,420.00,914667,914667.00,162578,162578.00,22787,22787.00
22895,1,1381,1381.00,231,231.00,548947,548947.00,328748,328748.00,22891,22891.00
23107,1,11554,11554.00,1,1.00,103980,103980.00,846479,846479.00,23106,23106.00
23501,1,550,550.00,0,0.00,2693677,2693677.00,435077,435077.00,23500,23500.00
23554,1,1633,1633.00,3,3.00,1762392,1762392.00,1540695,1540695.00,22919,22919.00
23767,11,65362,5942.00,21791,1981.00,6042889,549353.55,12669244,1151749.45,259344,23576.73
24048,1,5514,5514.00,453,453.00,1445993,1445993.00,1009350,1009350.00,22115,22115.00
24389,1,2335,2335.00,1380,1380.00,1291361,1291361.00,281614,281614.00,23541,23541.00
24577,1,0,0.00,0,0.00,0,0.00,0,0.00,24576,24576.00
24592,3,4611,1537.00,31,10.33,5543220,1847740.00,3775083,1258361.00,69539,23179.67
25375,1,0,0.00,0,0.00,84580,84580.00,40448,40448.00,25374,25374.00
25413,1,4519,4519.00,938,938.00,1585946,1585946.00,1066357,1066357.00,25353,25353.00
26047,1,4768,4768.00,151,151.00,2352509,2352509.00,765342,765342.00,25980,25980.00
26294,1,2700,2700.00,804,804.00,8342574,8342574.00,11739954,11739954.00,24897,24897.00
26480,2,7570,3785.00,2,1.00,938687,469343.50,2876566,1438283.00,51842,25921.00
26497,6,22722,3787.00,6,1.00,3560323,593387.17,31693224,5282204.00,154036,25672.67
26945,3,2244,748.00,2244,748.00,1293012,431004.00,2811371,937123.67,80823,26941.00
27348,2,7818,3909.00,2,1.00,969057,484528.50,2963879,1481939.50,54166,27083.00
27365,6,23466,3911.00,6,1.00,3676198,612699.67,32674576,5445762.67,159502,26583.67
28277,1,7069,7069.00,0,0.00,106035,106035.00,252770,252770.00,28276,28276.00
28313,3,2358,786.00,2358,786.00,1335948,445316.00,3011616,1003872.00,84927,28309.00
28783,1,4734,4734.00,1035,1035.00,2698047,2698047.00,1098627,1098627.00,28723,28723.00
29085,1,7271,7271.00,0,0.00,109065,109065.00,111670,111670.00,29084,29084.00
29285,1,2972,2972.00,13,13.00,17105315,17105315.00,7673155,7673155.00,28809,28809.00
29975,1,2256,2256.00,1347,1347.00,4932209,4932209.00,1000409,1000409.00,29715,29715.00
30262,5,18925,3785.00,5,1.00,2997947,599589.40,8132651,1626530.20,149606,29921.20
30444,11,62942,5722.00,21032,1912.00,6853827,623075.18,20032892,1821172.00,330921,30083.73
30549,1,5487,5487.00,811,811.00,1131549,1131549.00,4996356,4996356.00,28836,28836.00
30893,1,5075,5075.00,1,1.00,1053737,1053737.00,2221782,2221782.00,30892,30892.00
31254,5,19545,3909.00,5,1.00,3096868,619373.60,8407108,1681421.60,154224,30844.80
31436,11,64988,5908.00,21714,1974.00,7075909,643264.45,20710481,1882771.00,342577,31143.36
32053,1,5757,5757.00,850,850.00,1183248,1183248.00,5185045,5185045.00,31444,31444.00
32151,6,11346,1891.00,5238,873.00,60087109,10014518.17,838832468,139805411.33,187035,31172.50
32309,1,3392,3392.00,13,13.00,27266618,27266618.00,13267467,13267467.00,31523,31523.00
32713,1,8178,8178.00,0,0.00,155382,155382.00,193852,193852.00,32712,32712.00
33205,6,11718,1953.00,5598,933.00,61959756,10326626.00,863599793,143933298.83,193681,32280.17
33223,1,3532,3532.00,140,140.00,2150915,2150915.00,3018467,3018467.00,33219,33219.00
33326,1,3193,3193.00,1893,1893.00,1778263,1778263.00,383837,383837.00,32478,32478.00
34221,1,8555,8555.00,0,0.00,128325,128325.00,393430,393430.00,34220,34220.00
34330,1,9382,9382.00,6250,6250.00,5594205,5594205.00,3510094,3510094.00,32580,32580.00
34550,1,9307,9307.00,5773,5773.00,5650817,5650817.00,3270724,3270724.00,32679,32679.00
34901,1,15000,15000.00,1,1.00,1676703,1676703.00,82969,82969.00,34885,34885.00
34905,1,16902,16902.00,1,1.00,1746323,1746323.00,84944,84944.00,34889,34889.00
35240,1,10118,10118.00,6716,6716.00,5696168,5696168.00,3957076,3957076.00,33842,33842.00
35465,1,2114,2114.00,129,129.00,1248324,1248324.00,1176805,1176805.00,35461,35461.00
35635,1,7353,7353.00,873,873.00,2055875,2055875.00,9980019,9980019.00,35590,35590.00
36437,1,5207,5207.00,1,1.00,809578,809578.00,988453,988453.00,36423,36423.00
37299,1,7705,7705.00,913,913.00,2157201,2157201.00,10550069,10550069.00,37124,37124.00
37818,1,10172,10172.00,6147,6147.00,5923631,5923631.00,3504176,3504176.00,36223,36223.00
38357,1,2335,2335.00,7,7.00,2832153,2832153.00,1806853,1806853.00,38353,38353.00
38779,1,4045,4045.00,1,1.00,1443630,1443630.00,3207610,3207610.00,38731,38731.00
39396,1,7710,7710.00,1,1.00,3355460,3355460.00,5793420,5793420.00,39313,39313.00
39399,1,1550,1550.00,0,0.00,17136173,17136173.00,3367344,3367344.00,39398,39398.00
39441,1,1574,1574.00,0,0.00,17180249,17180249.00,3406384,3406384.00,39440,39440.00
39470,1,3667,3667.00,1,1.00,1383958,1383958.00,518176,518176.00,39424,39424.00
39599,1,2835,2835.00,15,15.00,3039129,3039129.00,1602282,1602282.00,37882,37882.00
39785,1,8189,8189.00,509,509.00,2853719,2853719.00,1944255,1944255.00,38806,38806.00
40409,2,2992,1496.00,1496,748.00,1794320,897160.00,2906519,1453259.50,80810,40405.00
40659,1,7960,7960.00,1,1.00,3391582,3391582.00,5845653,5845653.00,40576,40576.00
40743,1,1776,1776.00,511,511.00,3407007,3407007.00,1371330,1371330.00,39727,39727.00
41014,1,9114,9114.00,0,0.00,337193,337193.00,120512,120512.00,41013,41013.00
41031,1,4506,4506.00,1,1.00,1609925,1609925.00,2236027,2236027.00,40983,40983.00
41760,1,2704,2704.00,8,8.00,3104624,3104624.00,22169123,22169123.00,41176,41176.00
41832,1,4238,4238.00,1168,1168.00,3134692,3134692.00,830615,830615.00,40833,40833.00
42461,2,3144,1572.00,1572,786.00,1877575,938787.50,3065247,1532623.50,84914,42457.00
43035,1,1891,1891.00,511,511.00,3727461,3727461.00,1429664,1429664.00,42397,42397.00
43468,1,7391,7391.00,811,811.00,1435569,1435569.00,6034417,6034417.00,43420,43420.00
43470,1,7391,7391.00,811,811.00,1511945,1511945.00,5973651,5973651.00,43424,43424.00
44346,1,4892,4892.00,121,121.00,2876312,2876312.00,4531659,4531659.00,44342,44342.00
45269,3,8505,2835.00,31,10.33,10231527,3410509.00,7327453,2442484.33,128583,42861.00
45420,1,7723,7723.00,850,850.00,1498101,1498101.00,6267624,6267624.00,45372,45372.00
45422,1,7723,7723.00,850,850.00,1580608,1580608.00,6293982,6293982.00,45376,45376.00
45702,6,45774,7629.00,11472,1912.00,7557610,1259601.67,54774304,9129050.67,272480,45413.33
47142,6,47214,7869.00,11832,1972.00,7790161,1298360.17,56478715,9413119.17,279146,46524.33
47584,11,30690,2790.00,341,31.00,59818105,5438009.55,570893292,51899390.18,517066,47006.00
47907,1,2823,2823.00,181,181.00,1907120,1907120.00,1638611,1638611.00,47903,47903.00
48427,1,2688,2688.00,37,37.00,12798742,12798742.00,7048904,7048904.00,48423,48423.00
48745,1,10436,10436.00,579,579.00,3336559,3336559.00,2180010,2180010.00,48320,48320.00
49125,1,2520,2520.00,37,37.00,7011454,7011454.00,2819270,2819270.00,49121,49121.00
49697,11,32054,2914.00,352,32.00,62574122,5688556.55,598482547,54407504.27,540035,49094.09
50410,1,11202,11202.00,0,0.00,414461,414461.00,171076,171076.00,50409,50409.00
50524,1,4361,4361.00,853,853.00,1907647,1907647.00,359144,359144.00,50002,50002.00
50827,1,50826,50826.00,0,0.00,152478,152478.00,1209899,1209899.00,50826,50826.00
51740,1,3058,3058.00,201,201.00,2411990,2411990.00,2667740,2667740.00,51736,51736.00
54055,11,85558,7778.00,803,73.00,13581194,1234654.00,76124651,6920422.82,589188,53562.55
54577,1,2333,2333.00,385,385.00,4139197,4139197.00,1652745,1652745.00,54179,54179.00
55117,1,13779,13779.00,0,0.00,261801,261801.00,506910,506910.00,55116,55116.00
55807,11,88319,8029.00,814,74.00,13999099,1272645.36,78627851,7147986.45,608206,55291.45
56013,1,15118,15118.00,1192,1192.00,3384568,3384568.00,2374139,2374139.00,54299,54299.00
56467,1,9349,9349.00,1621,1621.00,2392397,2392397.00,11453077,11453077.00,56383,56383.00
56537,1,2431,2431.00,385,385.00,4050852,4050852.00,1662088,1662088.00,55549,55549.00
57993,1,3167,3167.00,342,342.00,4666702,4666702.00,13782236,13782236.00,57943,57943.00
59271,1,9811,9811.00,1699,1699.00,2523962,2523962.00,12001562,12001562.00,57735,57735.00
60053,1,15013,15013.00,0,0.00,285247,285247.00,1179427,1179427.00,60052,60052.00
60201,1,15050,15050.00,0,0.00,225750,225750.00,1102735,1102735.00,60200,60200.00
64756,2,9102,4551.00,3116,1558.00,44467861,22233930.50,312645141,156322570.50,129504,64752.00
65637,1,11255,11255.00,1621,1621.00,2624653,2624653.00,12013920,12013920.00,65590,65590.00
66221,1,6360,6360.00,3774,3774.00,3501839,3501839.00,767881,767881.00,65713,65713.00
67978,2,9560,4780.00,3270,1635.00,46421133,23210566.50,325458641,162729320.50,135948,67974.00
68765,1,11779,11779.00,1699,1699.00,2757534,2757534.00,12672514,12672514.00,68718,68718.00
69164,1,5145,5145.00,15,15.00,5554785,5554785.00,4062133,4062133.00,67982,67982.00
70035,1,4495,4495.00,9,9.00,5038851,5038851.00,32743960,32743960.00,69367,69367.00
72231,6,70476,11746.00,17052,2842.00,27205726,4534287.67,34211300,5701883.33,430493,71748.83
74249,2,5278,2639.00,5402,2701.00,20137095,10068547.50,60174104,30087052.00,148490,74245.00
74511,6,72696,12116.00,17592,2932.00,28073476,4678912.67,35298612,5883102.00,441064,73510.67
75008,1,15057,15057.00,873,873.00,5296209,5296209.00,15457728,15457728.00,74929,74929.00
76675,1,4153,4153.00,243,243.00,3463511,3463511.00,2626665,2626665.00,76217,76217.00
77101,3,24278,8092.67,5604,1868.00,21534546,7178182.00,64972084,21657361.33,231294,77098.00
77935,1,15659,15659.00,913,913.00,5586503,5586503.00,16391511,16391511.00,77856,77856.00
80807,1,1592,1592.00,748,748.00,3805703,3805703.00,5118423,5118423.00,80803,80803.00
80884,1,1599,1599.00,748,748.00,3809852,3809852.00,5055664,5055664.00,80880,80880.00
80887,1,11557,11557.00,1,1.00,1797419,1797419.00,2176752,2176752.00,80872,80872.00
81096,1,6999,6999.00,1364,1364.00,3062016,3062016.00,571158,571158.00,80886,80886.00
84233,1,1682,1682.00,786,786.00,4017928,4017928.00,5350853,5350853.00,84229,84229.00
84422,1,1700,1700.00,786,786.00,4039215,4039215.00,5331144,5331144.00,84418,84418.00
89217,3,28419,9473.00,6345,2115.00,138126591,46042197.00,78732434,26244144.67,261464,87154.67
91266,1,5355,5355.00,2,2.00,7812846,7812846.00,50324421,50324421.00,91262,91262.00
91272,1,5599,5599.00,3,3.00,6765993,6765993.00,4751033,4751033.00,91268,91268.00
93324,1,5404,5404.00,51,51.00,7985865,7985865.00,50942460,50942460.00,93320,93320.00
94124,1,18617,18617.00,2676,2676.00,24103820,24103820.00,26186465,26186465.00,93636,93636.00
96060,1,5548,5548.00,51,51.00,8492859,8492859.00,54681217,54681217.00,96056,96056.00
97892,1,5642,5642.00,53,53.00,8712685,8712685.00,55975238,55975238.00,97888,97888.00
98269,1,19495,19495.00,2801,2801.00,25243639,25243639.00,27832321,27832321.00,97535,97535.00
99502,1,18994,18994.00,3210,3210.00,29395676,29395676.00,31368542,31368542.00,99014,99014.00
99575,1,5733,5733.00,51,51.00,7731670,7731670.00,39760646,39760646.00,99571,99571.00
100413,1,25103,25103.00,0,0.00,376545,376545.00,810925,810925.00,100412,100412.00
100698,1,5780,5780.00,61,61.00,7716655,7716655.00,39189488,39189488.00,100694,100694.00
100801,1,17393,17393.00,1,1.00,3424222,3424222.00,1827665,1827665.00,100800,100800.00
101199,1,8526,8526.00,63,63.00,29715782,29715782.00,8620703,8620703.00,101195,101195.00
101484,1,5825,5825.00,58,58.00,9217815,9217815.00,58654482,58654482.00,101480,101480.00
102416,1,5868,5868.00,63,63.00,9543343,9543343.00,62639402,62639402.00,102412,102412.00
104266,1,5946,5946.00,79,79.00,8478873,8478873.00,45614369,45614369.00,104262,104262.00
104449,1,5952,5952.00,82,82.00,8624605,8624605.00,46586907,46586907.00,104445,104445.00
104985,1,5997,5997.00,129,129.00,8317147,8317147.00,44159330,44159330.00,104895,104895.00
105128,1,10108,10108.00,5997,5997.00,5581934,5581934.00,1222936,1222936.00,104936,104936.00
105216,2,11992,5996.00,158,79.00,19791775,9895887.50,129629199,64814599.50,210424,105212.00
106258,1,6069,6069.00,64,64.00,10080834,10080834.00,65796210,65796210.00,106254,106254.00
106312,1,6067,6067.00,68,68.00,9288623,9288623.00,53958506,53958506.00,106308,106308.00
108604,1,20801,20801.00,3842,3842.00,30121844,30121844.00,33151921,33151921.00,107870,107870.00
109037,1,6208,6208.00,70,70.00,9730196,9730196.00,56635879,56635879.00,109033,109033.00
109141,1,10969,10969.00,1,1.00,4025420,4025420.00,1254679,1254679.00,109117,109117.00
109286,1,6209,6209.00,80,80.00,10639433,10639433.00,69704561,69704561.00,109282,109282.00
109566,1,6231,6231.00,74,74.00,9105038,9105038.00,48416308,48416308.00,109562,109562.00
109702,1,6243,6243.00,70,70.00,10770872,10770872.00,71432097,71432097.00,109698,109698.00
110110,1,6233,6233.00,96,96.00,9359052,9359052.00,50602630,50602630.00,110106,110106.00
110609,1,6275,6275.00,83,83.00,10761684,10761684.00,70002143,70002143.00,110605,110605.00
110675,1,6293,6293.00,71,71.00,9632132,9632132.00,53975753,53975753.00,110671,110671.00
110730,1,6308,6308.00,61,61.00,9406340,9406340.00,50850224,50850224.00,110726,110726.00
110767,1,6293,6293.00,75,75.00,8952709,8952709.00,46363057,46363057.00,110763,110763.00
110789,1,6299,6299.00,71,71.00,9876154,9876154.00,56078878,56078878.00,110785,110785.00
110796,2,12606,6303.00,136,68.00,19207720,9603860.00,106309177,53154588.50,221584,110792.00
110854,1,6277,6277.00,92,92.00,10776040,10776040.00,69676615,69676615.00,110850,110850.00
110960,1,6308,6308.00,71,71.00,10111644,10111644.00,57980404,57980404.00,110956,110956.00
111030,1,6325,6325.00,60,60.00,10103879,10103879.00,58665717,58665717.00,111026,111026.00
111036,1,6312,6312.00,71,71.00,10024763,10024763.00,57931326,57931326.00,111032,111032.00
111070,1,6315,6315.00,70,70.00,10368576,10368576.00,63407495,63407495.00,111066,111066.00
111359,1,6329,6329.00,71,71.00,11010080,11010080.00,72181232,72181232.00,111355,111355.00
111435,1,6333,6333.00,71,71.00,10099201,10099201.00,59875372,59875372.00,111431,111431.00
111476,1,6317,6317.00,86,86.00,9855530,9855530.00,55447917,55447917.00,111472,111472.00
111489,1,6308,6308.00,94,94.00,9886025,9886025.00,56731162,56731162.00,111485,111485.00
111493,1,6330,6330.00,76,76.00,9977129,9977129.00,57658105,57658105.00,111489,111489.00
111537,1,6342,6342.00,68,68.00,11222756,11222756.00,75037255,75037255.00,111533,111533.00
111555,1,6280,6280.00,120,120.00,10898438,10898438.00,70532553,70532553.00,111551,111551.00
111594,1,6345,6345.00,68,68.00,10947467,10947467.00,71524982,71524982.00,111590,111590.00
111600,1,6355,6355.00,60,60.00,11088352,11088352.00,72885935,72885935.00,111596,111596.00
111606,3,19026,6342.00,213,71.00,33137767,11045922.33,217078085,72359361.67,334806,111602.00
111613,1,6346,6346.00,68,68.00,11033376,11033376.00,71992672,71992672.00,111609,111609.00
111633,1,6341,6341.00,73,73.00,10938960,10938960.00,70860462,70860462.00,111629,111629.00
111657,1,6358,6358.00,60,60.00,10913755,10913755.00,70608967,70608967.00,111653,111653.00
111692,1,6332,6332.00,83,83.00,9283054,9283054.00,49409829,49409829.00,111688,111688.00
111841,1,6358,6358.00,68,68.00,11023387,11023387.00,72217773,72217773.00,111837,111837.00
111930,1,6353,6353.00,76,76.00,11145335,11145335.00,73606087,73606087.00,111926,111926.00
111960,1,6357,6357.00,74,74.00,11252045,11252045.00,74844142,74844142.00,111956,111956.00
115504,1,7467,7467.00,2052,2052.00,11916462,11916462.00,7524762,7524762.00,114681,114681.00
115513,1,7468,7468.00,2052,2052.00,12195776,12195776.00,7828456,7828456.00,114575,114575.00
116363,1,57627,57627.00,1,1.00,2287301,2287301.00,6170297,6170297.00,116300,116300.00
118687,1,6278,6278.00,342,342.00,18925200,18925200.00,110198833,110198833.00,116463,116463.00
119096,1,23819,23819.00,0,0.00,595470,595470.00,3472812,3472812.00,119095,119095.00
120405,1,5488,5488.00,1014,1014.00,11266147,11266147.00,4348269,4348269.00,120200,120200.00
121003,1,7810,7810.00,2143,2143.00,12667608,12667608.00,8164927,8164927.00,120700,120700.00
121012,1,7811,7811.00,2143,2143.00,12363983,12363983.00,7879532,7879532.00,120801,120801.00
122931,1,5619,5619.00,1019,1019.00,11485682,11485682.00,4301614,4301614.00,122413,122413.00
129814,1,24105,24105.00,1,1.00,12080058,12080058.00,4073751,4073751.00,129747,129747.00
130053,1,0,0.00,1,1.00,268,268.00,0,0.00,129786,129786.00
131081,1,49154,49154.00,16385,16385.00,1835318,1835318.00,43780483,43780483.00,129876,129876.00
135712,1,25967,25967.00,1,1.00,12729925,12729925.00,4245947,4245947.00,135645,135645.00
149173,1,6666,6666.00,769,769.00,11992978,11992978.00,5121183,5121183.00,148848,148848.00
150103,1,0,0.00,0,0.00,500340,500340.00,2409097,2409097.00,150102,150102.00
150219,1,9831,9831.00,253,253.00,6332084,6332084.00,7744598,7744598.00,150215,150215.00
153713,1,6893,6893.00,769,769.00,12480549,12480549.00,5425271,5425271.00,153310,153310.00
155329,1,38832,38832.00,0,0.00,737808,737808.00,8035298,8035298.00,155328,155328.00
164591,11,181324,16484.00,20922,1902.00,285085657,25916877.91,87310638,7937330.73,1800484,163680.36
171338,11,188760,17160.00,21780,1980.00,296362291,26942026.45,90860086,8260007.82,1876754,170614.00
184371,1,9389,9389.00,709,709.00,15181933,15181933.00,7265458,7265458.00,184367,184367.00
184480,1,91741,91741.00,3,3.00,2422164,2422164.00,2663861,2663861.00,184478,184478.00
184731,1,38486,38486.00,2487,2487.00,13225671,13225671.00,8759168,8759168.00,184701,184701.00
187711,1,54825,54825.00,5203,5203.00,9623559,9623559.00,13148223,13148223.00,187710,187710.00
190561,1,9933,9933.00,935,935.00,19526205,19526205.00,7851003,7851003.00,190557,190557.00
195367,1,26750,26750.00,3895,3895.00,10415736,10415736.00,4797802,4797802.00,194532,194532.00
196615,1,49154,49154.00,16385,16385.00,4586159,4586159.00,85743252,85743252.00,194808,194808.00
200591,1,11780,11780.00,2,2.00,18206723,18206723.00,120050237,120050237.00,200587,200587.00
205057,2,42496,21248.00,17410,8705.00,73085333,36542666.50,48190428,24095214.00,409728,204864.00
205153,1,28088,28088.00,4087,4087.00,10930675,10930675.00,5007895,5007895.00,204504,204504.00
206852,1,28662,28662.00,3895,3895.00,10878088,10878088.00,6083174,6083174.00,206770,206770.00
212247,1,12224,12224.00,142,142.00,19979686,19979686.00,132470253,132470253.00,212243,212243.00
216572,1,12517,12517.00,88,88.00,16746004,16746004.00,88649225,88649225.00,216568,216568.00
216798,1,11224,11224.00,1084,1084.00,21948814,21948814.00,8862776,8862776.00,216794,216794.00
217010,1,30062,30062.00,4087,4087.00,11421098,11421098.00,6329316,6329316.00,216928,216928.00
217598,1,11005,11005.00,823,823.00,17767162,17767162.00,8546327,8546327.00,217594,217594.00
217959,1,12590,12590.00,88,88.00,21087266,21087266.00,143087315,143087315.00,217955,217955.00
217978,2,25182,12591.00,176,88.00,42200703,21100351.50,286459117,143229558.50,435948,217974.00
221275,1,12727,12727.00,119,119.00,21631786,21631786.00,146863284,146863284.00,221271,221271.00
225377,1,12863,12863.00,185,185.00,22311307,22311307.00,151593801,151593801.00,225373,225373.00
225477,2,25860,12930.00,268,134.00,44797219,22398609.50,306919010,153459505.00,450946,225473.00
226505,1,12995,12995.00,125,125.00,22627535,22627535.00,155486611,155486611.00,226501,226501.00
226524,1,12996,12996.00,125,125.00,19140594,19140594.00,109963847,109963847.00,226520,226520.00
229022,1,13123,13123.00,220,220.00,18755644,18755644.00,104003068,104003068.00,229018,229018.00
229404,1,13173,13173.00,104,104.00,19285236,19285236.00,109609355,109609355.00,229400,229400.00
234926,1,13368,13368.00,183,183.00,24110421,24110421.00,166316922,166316922.00,234922,234922.00
237653,1,14141,14141.00,51,51.00,15970497,15970497.00,16844434,16844434.00,237636,237636.00
237811,1,13492,13492.00,206,206.00,20481149,20481149.00,117502250,117502250.00,237807,237807.00
237817,1,13548,13548.00,160,160.00,24790421,24790421.00,172620161,172620161.00,237813,237813.00
237971,1,13567,13567.00,151,151.00,21945656,21945656.00,134089463,134089463.00,237967,237967.00
238026,1,13582,13582.00,141,141.00,20038056,20038056.00,112746341,112746341.00,238022,238022.00
238142,1,13576,13576.00,151,151.00,20850338,20850338.00,121503172,121503172.00,238138,238138.00
238189,1,13570,13570.00,158,158.00,21491205,21491205.00,129343686,129343686.00,238185,238185.00
238304,1,13593,13593.00,144,144.00,21784774,21784774.00,132652777,132652777.00,238300,238300.00
238329,1,13627,13627.00,117,117.00,20825123,20825123.00,123145252,123145252.00,238325,238325.00
238332,1,13586,13586.00,151,151.00,21354312,21354312.00,127914211,127914211.00,238328,238328.00
238378,1,13586,13586.00,153,153.00,21065928,21065928.00,124332165,124332165.00,238374,238374.00
238448,1,13557,13557.00,180,180.00,20351232,20351232.00,115611342,115611342.00,238444,238444.00
238483,1,13554,13554.00,184,184.00,24831560,24831560.00,171454778,171454778.00,238479,238479.00
238521,1,13579,13579.00,165,165.00,19878552,19878552.00,110961966,110961966.00,238517,238517.00
238650,1,13633,13633.00,126,126.00,20779082,20779082.00,121171374,121171374.00,238646,238646.00
238732,1,13601,13601.00,156,156.00,21047183,21047183.00,122671886,122671886.00,238728,238728.00
238836,1,13598,13598.00,163,163.00,20649962,20649962.00,120599793,120599793.00,238832,238832.00
238862,1,13603,13603.00,160,160.00,21260184,21260184.00,127026386,127026386.00,238858,238858.00
238906,1,13661,13661.00,114,114.00,25064369,25064369.00,175056967,175056967.00,238902,238902.00
238917,1,13595,13595.00,169,169.00,21320695,21320695.00,126020296,126020296.00,238913,238913.00
238944,1,13663,13663.00,114,114.00,25103415,25103415.00,175726463,175726463.00,238940,238940.00
238946,1,13582,13582.00,181,181.00,21322193,21322193.00,126185674,126185674.00,238942,238942.00
238963,1,13664,13664.00,114,114.00,25006678,25006678.00,173929683,173929683.00,238959,238959.00
239083,1,13588,13588.00,182,182.00,21325587,21325587.00,126086098,126086098.00,239079,239079.00
239111,1,13627,13627.00,151,151.00,24199572,24199572.00,163233848,163233848.00,239107,239107.00
239177,1,13553,13553.00,215,215.00,24769917,24769917.00,170534484,170534484.00,239173,239173.00
239183,1,13586,13586.00,188,188.00,20564186,20564186.00,117606434,117606434.00,239179,239179.00
239219,1,13669,13669.00,121,121.00,18438403,18438403.00,99408401,99408401.00,239215,239215.00
239299,1,13603,13603.00,179,179.00,21254071,21254071.00,125880125,125880125.00,239295,239295.00
239378,1,13658,13658.00,137,137.00,24696941,24696941.00,168855867,168855867.00,239374,239374.00
239424,1,13658,13658.00,139,139.00,25187586,25187586.00,175322432,175322432.00,239420,239420.00
239482,2,27310,13655.00,288,144.00,50217256,25108628.00,348787315,174393657.50,478956,239478.00
239529,1,13649,13649.00,151,151.00,25193120,25193120.00,175880881,175880881.00,239525,239525.00
239607,1,13664,13664.00,142,142.00,21312430,21312430.00,125583727,125583727.00,239603,239603.00
239617,1,13650,13650.00,154,154.00,25133353,25133353.00,174595248,174595248.00,239613,239613.00
239651,2,27306,13653.00,306,153.00,50116975,25058487.50,348187971,174093985.50,479294,239647.00
239700,1,13658,13658.00,151,151.00,23910469,23910469.00,158706658,158706658.00,239696,239696.00
239721,1,13555,13555.00,237,237.00,24910866,24910866.00,171837611,171837611.00,239717,239717.00
239896,1,13632,13632.00,181,181.00,25160099,25160099.00,174724352,174724352.00,239892,239892.00
239953,1,13658,13658.00,162,162.00,24984405,24984405.00,171715114,171715114.00,239949,239949.00
240024,1,13669,13669.00,156,156.00,25297044,25297044.00,175990514,175990514.00,240020,240020.00
240062,1,13671,13671.00,156,156.00,25180771,25180771.00,174748781,174748781.00,240058,240058.00
240090,1,13664,13664.00,163,163.00,24680541,24680541.00,168506171,168506171.00,240086,240086.00
240093,1,13692,13692.00,140,140.00,20270014,20270014.00,116527428,116527428.00,240089,240089.00
240167,1,13639,13639.00,187,187.00,25093196,25093196.00,174194844,174194844.00,240163,240163.00
240211,1,13651,13651.00,179,179.00,25308842,25308842.00,176311212,176311212.00,240207,240207.00
240222,1,13654,13654.00,177,177.00,24528279,24528279.00,165695132,165695132.00,240218,240218.00
240281,1,13645,13645.00,187,187.00,24565337,24565337.00,166513523,166513523.00,240277,240277.00
240294,1,13659,13659.00,176,176.00,25185852,25185852.00,174833885,174833885.00,240290,240290.00
240323,1,13669,13669.00,169,169.00,25097813,25097813.00,173833333,173833333.00,240319,240319.00
240386,1,13659,13659.00,180,180.00,25171280,25171280.00,175423752,175423752.00,240382,240382.00
240394,1,13657,13657.00,182,182.00,25184633,25184633.00,174734870,174734870.00,240390,240390.00
240455,1,13659,13659.00,183,183.00,25246514,25246514.00,174590094,174590094.00,240451,240451.00
240494,1,13632,13632.00,207,207.00,25243695,25243695.00,174376768,174376768.00,240490,240490.00
240495,1,13626,13626.00,212,212.00,25099611,25099611.00,172789651,172789651.00,240491,240491.00
240540,1,13655,13655.00,190,190.00,25178285,25178285.00,174506053,174506053.00,240536,240536.00
240642,1,13664,13664.00,187,187.00,25100036,25100036.00,173183444,173183444.00,240638,240638.00
240700,1,13638,13638.00,211,211.00,24557413,24557413.00,166375314,166375314.00,240696,240696.00
240710,1,13624,13624.00,223,223.00,25098491,25098491.00,173970094,173970094.00,240706,240706.00
241410,1,13656,13656.00,227,227.00,25374956,25374956.00,176078821,176078821.00,241406,241406.00
251559,1,40713,40713.00,1,1.00,14631714,14631714.00,4464590,4464590.00,251433,251433.00
252324,1,52034,52034.00,2431,2431.00,18528054,18528054.00,6683221,6683221.00,251687,251687.00
264967,1,54733,54733.00,2548,2548.00,19420424,19420424.00,7048029,7048029.00,264437,264437.00
271523,1,33805,33805.00,1,1.00,30728899,30728899.00,4548586,4548586.00,271371,271371.00
280912,1,23382,23382.00,94,94.00,84166059,84166059.00,23903213,23903213.00,280908,280908.00
288318,1,17016,17016.00,44,44.00,39074304,39074304.00,94709336,94709336.00,287866,287866.00
317304,1,16900,16900.00,13,13.00,16384193,16384193.00,39546090,39546090.00,317133,317133.00
328971,1,12914,12914.00,0,0.00,120455517,120455517.00,67531728,67531728.00,328970,328970.00
329051,1,12914,12914.00,0,0.00,121196379,121196379.00,68093539,68093539.00,329050,329050.00
333179,1,49874,49874.00,1,1.00,10374374,10374374.00,12240413,12240413.00,332587,332587.00
339268,1,58514,58514.00,1,1.00,11562246,11562246.00,6486327,6486327.00,339267,339267.00
345376,1,49860,49860.00,1,1.00,12612982,12612982.00,12814705,12814705.00,345155,345155.00
349269,1,16056,16056.00,4443,4443.00,40908650,40908650.00,229120547,229120547.00,349078,349078.00
349475,1,16062,16062.00,4448,4448.00,41110542,41110542.00,232913481,232913481.00,348879,348879.00
382819,1,76633,76633.00,2431,2431.00,30735313,30735313.00,10767271,10767271.00,382752,382752.00
399818,1,80167,80167.00,2548,2548.00,32036349,32036349.00,11266652,11266652.00,399751,399751.00
418897,1,122736,122736.00,11553,11553.00,21500970,21500970.00,29259857,29259857.00,418896,418896.00
520206,1,195077,195077.00,65026,65026.00,11570333,11570333.00,408760014,408760014.00,519136,519136.00
542349,2,99836,49918.00,93668,46834.00,183182925,91591462.50,123287629,61643814.50,1084690,542345.00
581131,2,107418,53709.00,100944,50472.00,197359719,98679859.50,130828674,65414337.00,1162254,581127.00
605783,1,67663,67663.00,1,1.00,24235283,24235283.00,124467854,124467854.00,605441,605441.00
635071,1,0,0.00,0,0.00,0,0.00,0,0.00,635070,635070.00
797490,1,47152,47152.00,76,76.00,52447577,52447577.00,52283990,52283990.00,796100,796100.00
854964,1,47638,47638.00,19,19.00,381444867,381444867.00,612021618,612021618.00,854456,854456.00
1740755,2,136196,68098.00,0,0.00,848058244,424029122.00,1035481177,517740588.50,3481508,1740754.00
4546520,1,763388,763388.00,1,1.00,154118006,154118006.00,410825498,410825498.00,4546519,4546519.00
9874902,1,635899,635899.00,51,51.00,599017209,599017209.00,3676566107,3676566107.00,9874901,9874901.00
14838836,1,2496372,2496372.00,1,1.00,502905209,502905209.00,1357560553,1357560553.00,14838835,14838835.00
32134429,1,2068890,2068890.00,76,76.00,1917427602,1917427602.00,11476944259,11476944259.00,32133707,32133707.00
