tree_size,count,reads,avg_reads,writes,avg_writes,visited,avg_visited,skipped,avg_skipped,gc_pruned,avg_gc_pruned
1,3205121,4362781,1.36,3731625,1.16,11206709,3.50,0,0.00,0,0.00
2,704316,885644,1.26,1344398,1.91,6450879,9.16,2757,0.00,62,0.00
3,177693,286675,1.61,365457,2.06,2963964,16.68,291172,1.64,698,0.00
4,23229,23338,1.00,22752,0.98,349284,15.04,863,0.04,165,0.01
5,43197,81768,1.89,39040,0.90,1241596,28.74,175256,4.06,1119,0.03
6,6354,17859,2.81,28130,4.43,365782,57.57,104776,16.49,60,0.01
7,8529,28703,3.37,8299,0.97,383943,45.02,122629,14.38,695,0.08
8,2284,10456,4.58,4137,1.81,215731,94.45,32736,14.33,1361,0.60
9,2265,6219,2.75,1487,0.66,175032,77.28,15216,6.72,1114,0.49
10,981,2274,2.32,1088,1.11,115359,117.59,6757,6.89,96,0.10
11,19325,20152,1.04,910,0.05,724643,37.50,77344,4.00,984,0.05
12,448,2187,4.88,369,0.82,44620,99.60,14042,31.34,239,0.53
13,708,3938,5.56,642,0.91,99064,139.92,22072,31.18,1001,1.41
14,365,1507,4.13,571,1.56,72861,199.62,4708,12.90,1881,5.15
15,19515,153721,7.88,38414,1.97,4012060,205.59,978877,50.16,1545,0.08
16,590,2287,3.88,660,1.12,113006,191.54,11444,19.40,1545,2.62
17,1580,5748,3.64,3090,1.96,395222,250.14,49813,31.53,1076,0.68
18,453,2988,6.60,919,2.03,140927,311.10,15194,33.54,4466,9.86
19,548,2538,4.63,919,1.68,138430,252.61,18964,34.61,829,1.51
20,262,1510,5.76,274,1.05,62675,239.22,6873,26.23,1552,5.92
21,188,1379,7.34,249,1.32,71483,380.23,10280,54.68,510,2.71
22,640,2678,4.18,785,1.23,179898,281.09,18710,29.23,2873,4.49
23,1089,5155,4.73,1171,1.08,345004,316.81,24344,22.35,562,0.52
24,130,359,2.76,134,1.03,44663,343.56,8492,65.32,206,1.58
25,250,2383,9.53,846,3.38,95169,380.68,26787,107.15,1118,4.47
26,1295,1444,1.12,39058,30.16,548121,423.26,12058,9.31,1280,0.99
27,108,1244,11.52,310,2.87,54789,507.31,11597,107.38,116,1.07
28,69,549,7.96,203,2.94,29705,430.51,7775,112.68,102,1.48
29,1124,8119,7.22,2326,2.07,561083,499.18,92904,82.65,2624,2.33
30,91,593,6.52,120,1.32,28472,312.88,5507,60.52,567,6.23
31,93,394,4.24,84,0.90,61591,662.27,6271,67.43,1866,20.06
32,73,737,10.10,146,2.00,51650,707.53,12841,175.90,151,2.07
33,198,2878,14.54,974,4.92,119466,603.36,39721,200.61,157,0.79
34,10,87,8.70,10,1.00,6011,601.10,1969,196.90,77,7.70
35,45,365,8.11,95,2.11,28640,636.44,5185,115.22,202,4.49
36,221,1171,5.30,451,2.04,167440,757.65,15641,70.77,1059,4.79
37,155,1513,9.76,435,2.81,92949,599.67,34139,220.25,705,4.55
38,225,1274,5.66,445,1.98,186438,828.61,20244,89.97,1092,4.85
39,16,192,12.00,49,3.06,39615,2475.94,4799,299.94,32,2.00
40,83,656,7.90,83,1.00,64319,774.93,9585,115.48,214,2.58
41,223,3336,14.96,1253,5.62,124339,557.57,53944,241.90,1516,6.80
42,1287,9725,7.56,1255,0.98,1090835,847.58,109963,85.44,3839,2.98
43,51,622,12.20,94,1.84,46294,907.73,8784,172.24,346,6.78
44,8,156,19.50,31,3.88,7372,921.50,3924,490.50,20,2.50
45,260,1830,7.04,434,1.67,127951,492.12,36684,141.09,4288,16.49
46,1437,5649,3.93,1910,1.33,1380114,960.41,163251,113.61,329,0.23
47,67,793,11.84,483,7.21,68604,1023.94,15397,229.81,219,3.27
48,79,784,9.92,285,3.61,85695,1084.75,11310,143.16,112,1.42
49,140,709,5.06,246,1.76,159921,1142.29,15428,110.20,883,6.31
50,7,81,11.57,17,2.43,5931,847.29,2336,333.71,220,31.43
51,10,252,25.20,83,8.30,12369,1236.90,8517,851.70,28,2.80
52,72,923,12.82,141,1.96,46842,650.58,14899,206.93,165,2.29
53,5,141,28.20,53,10.60,3442,688.40,5517,1103.40,82,16.40
54,82,586,7.15,135,1.65,123477,1505.82,13073,159.43,607,7.40
55,115,2104,18.30,362,3.15,174448,1516.94,47870,416.26,1063,9.24
56,4,107,26.75,30,7.50,6824,1706.00,2317,579.25,0,0.00
57,17,312,18.35,82,4.82,22605,1329.71,6159,362.29,224,13.18
58,7,65,9.29,13,1.86,11677,1668.14,2384,340.57,0,0.00
59,71,668,9.41,104,1.46,70156,988.11,9579,134.92,2791,39.31
60,100,448,4.48,121,1.21,96064,960.64,22738,227.38,0,0.00
61,13,158,12.15,63,4.85,10907,839.00,2903,223.31,120,9.23
62,6,123,20.50,34,5.67,8445,1407.50,4656,776.00,0,0.00
63,2,56,28.00,15,7.50,3667,1833.50,1660,830.00,0,0.00
64,50,1033,20.66,343,6.86,51489,1029.78,29242,584.84,46,0.92
65,69,492,7.13,133,1.93,49014,710.35,12060,174.78,49,0.71
66,142,607,4.27,410,2.89,104091,733.04,23400,164.79,4819,33.94
67,29,735,25.34,172,5.93,43853,1512.17,19847,684.38,91,3.14
68,68,399,5.87,255,3.75,59905,880.96,5462,80.32,2621,38.54
69,4,212,53.00,37,9.25,7998,1999.50,5727,1431.75,0,0.00
70,7,280,40.00,76,10.86,11663,1666.14,9722,1388.86,0,0.00
71,7,178,25.43,86,12.29,7384,1054.86,8514,1216.29,78,11.14
72,7,257,36.71,64,9.14,9627,1375.29,8064,1152.00,197,28.14
73,52,1205,23.17,420,8.08,59344,1141.23,37417,719.56,299,5.75
74,5,164,32.80,46,9.20,9082,1816.40,5962,1192.40,98,19.60
75,2,14,7.00,6,3.00,3216,1608.00,714,357.00,74,37.00
76,12,244,20.33,89,7.42,18113,1509.42,11692,974.33,71,5.92
77,11,302,27.45,74,6.73,18915,1719.55,7351,668.27,102,9.27
78,23,576,25.04,142,6.17,43075,1872.83,28963,1259.26,204,8.87
79,3,253,84.33,60,20.00,6795,2265.00,9240,3080.00,0,0.00
80,128,780,6.09,636,4.97,242580,1895.16,67575,527.93,7852,61.34
81,20,368,18.40,151,7.55,27535,1376.75,11802,590.10,120,6.00
82,51,1306,25.61,443,8.69,66454,1303.02,47704,935.37,139,2.73
83,3,60,20.00,20,6.67,2457,819.00,1752,584.00,0,0.00
84,4,188,47.00,25,6.25,4841,1210.25,5204,1301.00,172,43.00
85,3,121,40.33,48,16.00,7369,2456.33,4281,1427.00,48,16.00
86,12,373,31.08,110,9.17,24305,2025.42,15630,1302.50,249,20.75
87,56,595,10.62,154,2.75,125461,2240.38,19788,353.36,2925,52.23
88,8,119,14.88,12,1.50,16815,2101.88,6381,797.62,61,7.62
89,15,208,13.87,53,3.53,27475,1831.67,7561,504.07,960,64.00
90,9,506,56.22,73,8.11,16740,1860.00,22517,2501.89,184,20.44
91,102,3006,29.47,1030,10.10,154386,1513.59,116847,1145.56,594,5.82
92,62,538,8.68,351,5.66,185956,2999.29,58485,943.31,4686,75.58
93,18,436,24.22,114,6.33,74424,4134.67,14238,791.00,0,0.00
94,65,674,10.37,426,6.55,197929,3045.06,68856,1059.32,5008,77.05
95,3,25,8.33,8,2.67,6941,2313.67,1825,608.33,159,53.00
96,9,473,52.56,104,11.56,23357,2595.22,23034,2559.33,206,22.89
97,11,366,33.27,90,8.18,15153,1377.55,16785,1525.91,264,24.00
98,2,106,53.00,32,16.00,6674,3337.00,3646,1823.00,40,20.00
99,4,83,20.75,23,5.75,8206,2051.50,2775,693.75,294,73.50
100,46,1518,33.00,504,10.96,79185,1721.41,62823,1365.72,274,5.96
101,15,302,20.13,107,7.13,19987,1332.47,5481,365.40,216,14.40
102,13,266,20.46,84,6.46,46516,3578.15,19659,1512.23,180,13.85
104,3,66,22.00,28,9.33,12283,4094.33,2714,904.67,0,0.00
105,11,423,38.45,80,7.27,17173,1561.18,21380,1943.64,93,8.45
106,1,124,124.00,20,20.00,2294,2294.00,4713,4713.00,5,5.00
107,9,382,42.44,92,10.22,14721,1635.67,12191,1354.56,137,15.22
108,6,93,15.50,14,2.33,14074,2345.67,4336,722.67,416,69.33
109,51,1792,35.14,566,11.10,107276,2103.45,83811,1643.35,364,7.14
110,47,1024,21.79,314,6.68,228363,4858.79,32434,690.09,217,4.62
111,4,136,34.00,48,12.00,19470,4867.50,7152,1788.00,0,0.00
112,1,36,36.00,1,1.00,581,581.00,2264,2264.00,12,12.00
113,8,324,40.50,97,12.12,22655,2831.88,13087,1635.88,348,43.50
114,13,830,63.85,161,12.38,39485,3037.31,36512,2808.62,400,30.77
115,10,488,48.80,173,17.30,22713,2271.30,30553,3055.30,228,22.80
116,5,245,49.00,62,12.40,12923,2584.60,15122,3024.40,115,23.00
117,69,2137,30.97,182,2.64,345659,5009.55,77914,1129.19,1498,21.71
118,45,1723,38.29,594,13.20,87800,1951.11,92519,2055.98,354,7.87
119,4,16,4.00,16,4.00,29576,7394.00,2548,637.00,0,0.00
120,5,133,26.60,16,3.20,10402,2080.40,7567,1513.40,271,54.20
121,17,680,40.00,198,11.65,46214,2718.47,28223,1660.18,321,18.88
122,2,90,45.00,36,18.00,10710,5355.00,5005,2502.50,116,58.00
123,5,490,98.00,105,21.00,19052,3810.40,22615,4523.00,0,0.00
124,2,44,22.00,2,1.00,12920,6460.00,2030,1015.00,0,0.00
125,1,56,56.00,13,13.00,3057,3057.00,3209,3209.00,0,0.00
126,15,534,35.60,114,7.60,37791,2519.40,38398,2559.87,242,16.13
127,51,2119,41.55,679,13.31,121365,2379.71,109293,2143.00,392,7.69
128,2,83,41.50,32,16.00,7965,3982.50,2525,1262.50,54,27.00
129,12,364,30.33,112,9.33,51880,4323.33,29882,2490.17,240,20.00
130,3,186,62.00,54,18.00,7262,2420.67,7233,2411.00,230,76.67
131,6,252,42.00,93,15.50,37128,6188.00,15966,2661.00,86,14.33
132,6,318,53.00,43,7.17,16570,2761.67,24872,4145.33,246,41.00
133,2,96,48.00,44,22.00,6912,3456.00,4964,2482.00,0,0.00
134,7,369,52.71,114,16.29,24461,3494.43,27247,3892.43,31,4.43
135,2,115,57.50,39,19.50,6678,3339.00,10770,5385.00,123,61.50
136,45,1874,41.64,638,14.18,117315,2607.00,106670,2370.44,884,19.64
137,17,868,51.06,250,14.71,64864,3815.53,43425,2554.41,418,24.59
138,2,94,47.00,2,1.00,3092,1546.00,5653,2826.50,258,129.00
139,1,45,45.00,1,1.00,575,575.00,2232,2232.00,87,87.00
141,104,3923,37.72,962,9.25,259612,2496.27,194128,1866.62,6048,58.15
142,4,212,53.00,72,18.00,13338,3334.50,20093,5023.25,8,2.00
143,1,64,64.00,15,15.00,3507,3507.00,4197,4197.00,0,0.00
144,4,398,99.50,96,24.00,13609,3402.25,21129,5282.25,270,67.50
145,47,2149,45.72,718,15.28,129551,2756.40,131633,2800.70,1069,22.74
146,4,190,47.50,39,9.75,8880,2220.00,10303,2575.75,310,77.50
147,68,950,13.97,615,9.04,297705,4378.01,35209,517.78,5637,82.90
148,2,4,2.00,2,1.00,4422,2211.00,1160,580.00,0,0.00
149,4,8,2.00,24,6.00,69652,17413.00,4800,1200.00,0,0.00
150,11,493,44.82,102,9.27,34611,3146.45,46916,4265.09,541,49.18
151,69,1405,20.36,836,12.12,208582,3022.93,84033,1217.87,5599,81.14
152,2,164,82.00,50,25.00,9891,4945.50,9897,4948.50,132,66.00
153,18,612,34.00,179,9.94,119260,6625.56,57334,3185.22,432,24.00
154,87,4304,49.47,1464,16.83,213660,2455.86,281920,3240.46,1154,13.26
155,2,109,54.50,17,8.50,3733,1866.50,15140,7570.00,8,4.00
156,4,378,94.50,54,13.50,12176,3044.00,27799,6949.75,294,73.50
157,8,464,58.00,102,12.75,20117,2514.62,40765,5095.62,110,13.75
158,5,456,91.20,144,28.80,19224,3844.80,36079,7215.80,0,0.00
160,4,205,51.25,120,30.00,14897,3724.25,29923,7480.75,162,40.50
161,17,566,33.29,242,14.24,98178,5775.18,39932,2348.94,518,30.47
162,4,272,68.00,160,40.00,7804,1951.00,56272,14068.00,312,78.00
163,36,1908,53.00,648,18.00,93943,2609.53,128945,3581.81,641,17.81
164,5,56,11.20,28,5.60,27830,5566.00,7721,1544.20,0,0.00
165,3,409,136.33,122,40.67,16257,5419.00,25269,8423.00,0,0.00
166,10,564,56.40,162,16.20,36351,3635.10,51004,5100.40,304,30.40
168,7,302,43.14,52,7.43,29836,4262.29,23961,3423.00,361,51.57
169,11,554,50.36,181,16.45,49778,4525.27,33985,3089.55,837,76.09
170,60,720,12.00,420,7.00,392473,6541.22,29663,494.38,3290,54.83
171,5,52,10.40,67,13.40,42193,8438.60,8949,1789.80,127,25.40
172,42,2289,54.50,743,17.69,147675,3516.07,158926,3783.95,833,19.83
173,3,321,107.00,76,25.33,13509,4503.00,20975,6991.67,25,8.33
174,9,514,57.11,124,13.78,34344,3816.00,60313,6701.44,330,36.67
175,1,121,121.00,44,44.00,7799,7799.00,9282,9282.00,0,0.00
176,5,190,38.00,80,16.00,17030,3406.00,13462,2692.40,348,69.60
177,13,608,46.77,173,13.31,71626,5509.69,71785,5521.92,336,25.85
178,1,210,210.00,34,34.00,3438,3438.00,13152,13152.00,168,168.00
179,1,250,250.00,73,73.00,4675,4675.00,6922,6922.00,60,60.00
180,4,144,36.00,14,3.50,8224,2056.00,12460,3115.00,342,85.50
181,42,2207,52.55,782,18.62,122710,2921.67,152059,3620.45,1521,36.21
182,6,302,50.33,114,19.00,24669,4111.50,31828,5304.67,350,58.33
183,2,298,149.00,54,27.00,8008,4004.00,11163,5581.50,144,72.00
184,3,68,22.67,19,6.33,5575,1858.33,8574,2858.00,0,0.00
185,6,338,56.33,98,16.33,45606,7601.00,22991,3831.83,464,77.33
186,4,498,124.50,118,29.50,15044,3761.00,25734,6433.50,472,118.00
187,5,249,49.80,32,6.40,10334,2066.80,23399,4679.80,744,148.80
188,6,384,64.00,102,17.00,21570,3595.00,21581,3596.83,676,112.67
189,1,121,121.00,44,44.00,8935,8935.00,10713,10713.00,0,0.00
190,37,2283,61.70,775,20.95,121886,3294.22,188301,5089.22,1095,29.59
191,33,342,10.36,545,16.52,366512,11106.42,55809,1691.18,383,11.61
192,70,1183,16.90,671,9.59,305883,4369.76,72615,1037.36,4434,63.34
193,15,1052,70.13,297,19.80,115617,7707.80,69239,4615.93,1106,73.73
195,1,85,85.00,37,37.00,4372,4372.00,4986,4986.00,116,116.00
196,5,121,24.20,31,6.20,27175,5435.00,8560,1712.00,525,105.00
197,2,50,25.00,0,0.00,10360,5180.00,654,327.00,392,196.00
198,13,910,70.00,204,15.69,64529,4963.77,116894,8991.85,552,42.46
199,32,2135,66.72,725,22.66,105641,3301.28,172183,5380.72,700,21.88
200,5,450,90.00,154,30.80,21561,4312.20,32349,6469.80,487,97.40
201,21,962,45.81,289,13.76,132462,6307.71,101943,4854.43,1256,59.81
202,2,69,34.50,4,2.00,6045,3022.50,6214,3107.00,190,95.00
203,3,395,131.67,89,29.67,20265,6755.00,30464,10154.67,212,70.67
204,6,337,56.17,75,12.50,19671,3278.50,49685,8280.83,890,148.33
205,5,207,41.40,120,24.00,36489,7297.80,17919,3583.80,287,57.40
206,7,820,117.14,214,30.57,38945,5563.57,80702,11528.86,241,34.43
207,3,328,109.33,119,39.67,47086,15695.33,21705,7235.00,0,0.00
208,36,2326,64.61,758,21.06,115482,3207.83,201623,5600.64,1547,42.97
209,5,358,71.60,104,20.80,12584,2516.80,28844,5768.80,232,46.40
210,5,242,48.40,26,5.20,15804,3160.80,24502,4900.40,800,160.00
211,7,603,86.14,244,34.86,30137,4305.29,71086,10155.14,232,33.14
212,3,166,55.33,74,24.67,11135,3711.67,13080,4360.00,312,104.00
213,4,296,74.00,64,16.00,21339,5334.75,24509,6127.25,242,60.50
214,6,626,104.33,199,33.17,39409,6568.17,67667,11277.83,0,0.00
215,1,13,13.00,4,4.00,4807,4807.00,1035,1035.00,211,211.00
216,6,388,64.67,91,15.17,20417,3402.83,39681,6613.50,734,122.33
217,69,3267,47.35,1041,15.09,692114,10030.64,282554,4094.99,7930,114.93
218,2,332,166.00,43,21.50,7287,3643.50,27353,13676.50,212,106.00
219,3,361,120.33,104,34.67,23175,7725.00,46309,15436.33,0,0.00
220,10,196,19.60,112,11.20,83049,8304.90,20050,2005.00,1089,108.90
221,2,343,171.50,103,51.50,7435,3717.50,20472,10236.00,164,82.00
222,10,848,84.80,184,18.40,52922,5292.20,116124,11612.40,426,42.60
223,3,422,140.67,84,28.00,16859,5619.67,57071,19023.67,143,47.67
224,2,44,22.00,34,17.00,4278,2139.00,3436,1718.00,335,167.50
225,7,623,89.00,194,27.71,41909,5987.00,54728,7818.29,0,0.00
226,33,2081,63.06,707,21.42,132290,4008.79,189434,5740.42,1837,55.67
228,7,892,127.43,200,28.57,26087,3726.71,76425,10917.86,892,127.43
229,3,306,102.00,125,41.67,19648,6549.33,26214,8738.00,0,0.00
230,6,506,84.33,169,28.17,39233,6538.83,68691,11448.50,184,30.67
232,2,48,24.00,38,19.00,4286,2143.00,4782,2391.00,403,201.50
233,5,676,135.20,161,32.20,19102,3820.40,60229,12045.80,188,37.60
234,2,158,79.00,2,1.00,5236,2618.00,18198,9099.00,450,225.00
235,62,4774,77.00,1612,26.00,235557,3799.31,483138,7792.55,794,12.81
236,2,50,25.00,40,20.00,4343,2171.50,5136,2568.00,410,205.00
237,2,438,219.00,122,61.00,12081,6040.50,24395,12197.50,83,41.50
238,10,997,99.70,278,27.80,84824,8482.40,126074,12607.40,147,14.70
240,7,512,73.14,118,16.86,37951,5421.57,90962,12994.57,1125,160.71
241,8,686,85.75,213,26.62,29788,3723.50,66549,8318.62,304,38.00
242,2,394,197.00,102,51.00,14817,7408.50,25987,12993.50,147,73.50
243,2,443,221.50,103,51.50,15848,7924.00,40685,20342.50,210,105.00
244,32,2636,82.38,901,28.16,129099,4034.34,232508,7265.88,2176,68.00
245,1,36,36.00,35,35.00,1451,1451.00,3806,3806.00,137,137.00
246,12,769,64.08,177,14.75,64414,5367.83,123628,10302.33,722,60.17
247,1,171,171.00,62,62.00,11068,11068.00,18837,18837.00,0,0.00
248,7,453,64.71,111,15.86,30335,4333.57,38567,5509.57,1601,228.71
249,9,648,72.00,139,15.44,29459,3273.22,63282,7031.33,1070,118.89
250,1,7,7.00,3,3.00,23714,23714.00,2398,2398.00,0,0.00
251,3,356,118.67,113,37.67,43366,14455.33,29215,9738.33,246,82.00
252,16,768,48.00,206,12.88,97312,6082.00,154285,9642.81,1283,80.19
253,29,2813,97.00,834,28.76,121340,4184.14,237722,8197.31,1999,68.93
254,5,542,108.40,186,37.20,35376,7075.20,77099,15419.80,156,31.20
255,2,268,134.00,82,41.00,14745,7372.50,27317,13658.50,0,0.00
256,3,75,25.00,64,21.33,32891,10963.67,10318,3439.33,451,150.33
257,4,442,110.50,128,32.00,15570,3892.50,46094,11523.50,0,0.00
258,65,964,14.83,158,2.43,503000,7738.46,80460,1237.85,16286,250.55
259,1,173,173.00,44,44.00,10284,10284.00,45475,45475.00,0,0.00
260,3,244,81.33,118,39.33,16591,5530.33,28195,9398.33,459,153.00
261,5,304,60.80,93,18.60,15718,3143.60,32961,6592.20,596,119.20
262,30,2472,82.40,832,27.73,176175,5872.50,296982,9899.40,724,24.13
263,1,312,312.00,51,51.00,5487,5487.00,15466,15466.00,121,121.00
264,5,360,72.00,84,16.80,17144,3428.80,44119,8823.80,982,196.40
265,7,1022,146.00,329,47.00,37236,5319.43,98120,14017.14,0,0.00
266,2,2,1.00,2,1.00,7232,3616.00,616,308.00,504,252.00
267,1,171,171.00,62,62.00,12003,12003.00,10581,10581.00,108,108.00
268,6,638,106.33,168,28.00,49397,8232.83,51716,8619.33,803,133.83
269,1,187,187.00,68,68.00,11780,11780.00,19015,19015.00,22,22.00
270,9,1054,117.11,272,30.22,53604,5956.00,148340,16482.22,794,88.22
271,23,2047,89.00,690,30.00,99453,4324.04,207552,9024.00,1680,73.04
272,5,78,15.60,60,12.00,20792,4158.40,11994,2398.80,950,190.00
273,6,916,152.67,218,36.33,28783,4797.17,84497,14082.83,333,55.50
274,6,54,9.00,12,2.00,176434,29405.67,17432,2905.33,0,0.00
275,1,384,384.00,111,111.00,7234,7234.00,19439,19439.00,63,63.00
276,11,734,66.73,192,17.45,69391,6308.27,152324,13847.64,1265,115.00
277,3,295,98.33,93,31.00,15939,5313.00,31312,10437.33,99,33.00
278,7,948,135.43,270,38.57,55699,7957.00,127003,18143.29,156,22.29
280,29,2854,98.41,980,33.79,129360,4460.69,297211,10248.66,1652,56.97
281,5,654,130.80,201,40.20,26356,5271.20,71734,14346.80,0,0.00
282,5,674,134.80,144,28.80,34682,6936.40,85791,17158.20,733,146.60
283,2,336,168.00,55,27.50,6328,3164.00,36712,18356.00,212,106.00
284,2,74,37.00,64,32.00,4894,2447.00,11632,5816.00,560,280.00
285,1,396,396.00,113,113.00,7198,7198.00,23086,23086.00,217,217.00
286,9,480,53.33,155,17.22,184879,20542.11,95969,10663.22,248,27.56
288,9,620,68.89,128,14.22,34069,3785.44,81223,9024.78,1912,212.44
289,27,2705,100.19,912,33.78,130063,4817.15,305394,11310.89,1333,49.37
290,1,402,402.00,114,114.00,7172,7172.00,34482,34482.00,280,280.00
291,3,520,173.33,173,57.67,32763,10921.00,45969,15323.00,338,112.67
292,5,237,47.40,123,24.60,41440,8288.00,34389,6877.80,523,104.60
293,1,348,348.00,57,57.00,6554,6554.00,39318,39318.00,0,0.00
294,9,914,101.56,240,26.67,60694,6743.78,159469,17718.78,674,74.89
295,6,901,150.17,265,44.17,46665,7777.50,114091,19015.17,699,116.50
296,2,80,40.00,70,35.00,5064,2532.00,10296,5148.00,582,291.00
297,4,512,128.00,148,37.00,17902,4475.50,54745,13686.25,96,24.00
298,23,2510,109.13,784,34.09,111525,4848.91,268668,11681.22,1656,72.00
300,13,1193,91.77,323,24.85,90425,6955.77,188784,14521.85,1406,108.15
301,3,267,89.00,116,38.67,17937,5979.00,26830,8943.33,164,54.67
302,6,732,122.00,263,43.83,51632,8605.33,129147,21524.50,298,49.67
303,2,532,266.00,102,51.00,16069,8034.50,83032,41516.00,294,147.00
304,3,298,99.33,152,50.67,18025,6008.33,29047,9682.33,816,272.00
305,5,946,189.20,269,53.80,26620,5324.00,106368,21273.60,0,0.00
306,2,206,103.00,2,1.00,6838,3419.00,31601,15800.50,600,300.00
307,20,2105,105.25,713,35.65,104018,5200.90,249006,12450.30,989,49.45
308,3,452,150.67,136,45.33,11184,3728.00,50575,16858.33,906,302.00
309,1,15,15.00,3,3.00,101514,101514.00,5215,5215.00,296,296.00
310,11,946,86.00,284,25.82,201536,18321.45,164243,14931.18,0,0.00
311,1,62,62.00,0,0.00,1922,1922.00,0,0.00,310,310.00
312,5,506,101.20,132,26.40,24633,4926.60,111702,22340.40,1228,245.60
313,9,1501,166.78,434,48.22,63680,7075.56,176977,19664.11,243,27.00
315,2,635,317.50,193,96.50,23292,11646.00,65569,32784.50,27,13.50
316,25,2341,93.64,782,31.28,144175,5767.00,264483,10579.32,2875,115.00
317,1,16,16.00,3,3.00,115008,115008.00,5929,5929.00,304,304.00
318,9,1174,130.44,252,28.00,61815,6868.33,197445,21938.33,948,105.33
319,1,105,105.00,1,1.00,1259,1259.00,11944,11944.00,225,225.00
320,4,724,181.00,272,68.00,24245,6061.25,58365,14591.25,712,178.00
321,6,650,108.33,194,32.33,23730,3955.00,73733,12288.83,548,91.33
322,2,157,78.50,37,18.50,50786,25393.00,26233,13116.50,0,0.00
323,1,384,384.00,63,63.00,6738,6738.00,23347,23347.00,156,156.00
324,13,952,73.23,260,20.00,98416,7570.46,246111,18931.62,1561,120.08
325,22,2615,118.86,865,39.32,146063,6639.23,296015,13455.23,1248,56.73
326,6,928,154.67,324,54.00,61503,10250.50,161687,26947.83,152,25.33
328,5,490,98.00,152,30.40,21569,4313.80,41454,8290.80,1370,274.00
329,5,599,119.80,172,34.40,21243,4248.60,66623,13324.60,484,96.80
330,3,672,224.00,124,41.33,15629,5209.67,63320,21106.67,854,284.67
331,3,448,149.33,92,30.67,28832,9610.67,118737,39579.00,336,112.00
332,4,106,26.50,90,22.50,15566,3891.50,23329,5832.25,654,163.50
333,1,202,202.00,73,73.00,11056,11056.00,23022,23022.00,0,0.00
334,185,20289,109.67,6843,36.99,1052052,5686.77,2930384,15839.91,3937,21.28
335,2,691,345.50,209,104.50,23326,11663.00,69742,34871.00,267,133.50
336,4,326,81.50,92,23.00,13160,3290.00,58331,14582.75,1322,330.50
337,8,1425,178.12,410,51.25,52420,6552.50,186405,23300.62,153,19.12
339,1,219,219.00,80,80.00,16251,16251.00,34563,34563.00,0,0.00
340,6,832,138.67,254,42.33,61808,10301.33,96321,16053.50,918,153.00
342,8,856,107.00,204,25.50,59400,7425.00,205915,25739.38,928,116.00
343,15,1695,113.00,570,38.00,82168,5477.87,219302,14620.13,1497,99.80
344,3,516,172.00,164,54.67,13865,4621.67,70086,23362.00,679,226.33
345,6,1260,210.00,346,57.67,41702,6950.33,192739,32123.17,0,0.00
346,7,313,44.71,109,15.57,178104,25443.43,47822,6831.71,657,93.86
348,12,1184,98.67,348,29.00,103700,8641.67,307254,25604.50,1371,114.25
349,2,258,129.00,116,58.00,18239,9119.50,26675,13337.50,204,102.00
350,8,1230,153.75,386,48.25,68915,8614.38,207234,25904.25,834,104.25
351,1,422,422.00,73,73.00,8298,8298.00,58106,58106.00,0,0.00
352,18,1890,105.00,804,44.67,102717,5706.50,267270,14848.33,2466,137.00
353,5,770,154.00,215,43.00,29646,5929.20,89523,17904.60,324,64.80
354,2,238,119.00,2,1.00,7890,3945.00,33779,16889.50,698,349.00
355,1,480,480.00,127,127.00,9284,9284.00,58682,58682.00,0,0.00
356,2,110,55.00,100,50.00,5894,2947.00,18831,9415.50,704,352.00
357,1,251,251.00,92,92.00,16103,16103.00,38982,38982.00,0,0.00
358,12,1080,90.00,277,23.08,370400,30866.67,220310,18359.17,754,62.83
359,1,218,218.00,79,79.00,11090,11090.00,15996,15996.00,254,254.00
360,5,840,168.00,232,46.40,23385,4677.00,116425,23285.00,1420,284.00
361,20,2491,124.55,839,41.95,117884,5894.20,334405,16720.25,1972,98.60
363,1,235,235.00,86,86.00,17422,17422.00,39501,39501.00,0,0.00
364,6,404,67.33,120,20.00,51321,8553.50,53090,8848.33,1675,279.17
365,2,934,467.00,208,104.00,16825,8412.50,91874,45937.00,335,167.50
366,12,1294,107.83,314,26.17,95199,7933.25,323127,26927.25,993,82.75
367,1,245,245.00,62,62.00,14673,14673.00,92179,92179.00,0,0.00
368,2,116,58.00,106,53.00,6075,3037.50,20857,10428.50,727,363.50
369,4,638,159.50,184,46.00,22430,5607.50,95248,23812.00,0,0.00
370,29,2762,95.24,873,30.10,614784,21199.45,379621,13090.38,2732,94.21
372,15,1509,100.60,402,26.80,119412,7960.80,299011,19934.07,2646,176.40
373,2,276,138.00,124,62.00,19554,9777.00,30664,15332.00,144,72.00
374,5,802,160.40,276,55.20,53388,10677.60,170233,34046.60,208,41.60
375,1,504,504.00,131,131.00,9266,9266.00,31960,31960.00,116,116.00
376,2,120,60.00,110,55.00,6167,3083.50,18775,9387.50,743,371.50
377,4,652,163.00,188,47.00,22700,5675.00,87962,21990.50,214,53.50
378,4,320,80.00,21,5.25,36752,9188.00,55752,13938.00,824,206.00
379,14,2013,143.79,592,42.29,83737,5981.21,255304,18236.00,2087,149.07
380,3,632,210.67,244,81.33,15739,5246.33,49477,16492.33,938,312.67
382,11,694,63.09,213,19.36,380916,34628.73,182302,16572.91,638,58.00
384,5,638,127.60,180,36.00,30267,6053.40,171517,34303.40,1516,303.20
385,9,1969,218.78,636,70.67,82607,9178.56,232000,25777.78,503,55.89
386,3,474,158.00,90,30.00,19088,6362.67,36975,12325.00,850,283.33
387,2,471,235.50,147,73.50,31725,15862.50,113533,56766.50,0,0.00
388,17,1670,98.24,593,34.88,131627,7742.76,226015,13295.00,2272,133.65
390,9,1498,166.44,366,40.67,76823,8535.89,292146,32460.67,1516,168.44
391,62,2914,47.00,1054,17.00,634676,10236.71,80648,1300.77,9634,155.39
392,3,312,104.00,166,55.33,16931,5643.67,58260,19420.00,775,258.33
393,5,1162,232.40,287,57.40,32584,6516.80,139037,27807.40,384,76.80
394,3,105,35.00,9,3.00,94224,31408.00,16630,5543.33,605,201.67
395,1,528,528.00,135,135.00,9464,9464.00,61151,61151.00,355,355.00
396,10,810,81.00,236,23.60,83755,8375.50,259572,25957.20,1563,156.30
397,13,1735,133.46,616,47.38,91802,7061.69,274236,21095.08,398,30.62
398,7,1376,196.57,484,69.14,87550,12507.14,246000,35142.86,322,46.00
400,4,1158,289.50,352,88.00,26186,6546.50,152900,38225.00,877,219.25
401,4,694,173.50,200,50.00,24296,6074.00,104060,26015.00,72,18.00
402,2,270,135.00,2,1.00,8968,4484.00,56450,28225.00,794,397.00
403,1,269,269.00,68,68.00,15298,15298.00,57669,57669.00,155,155.00
404,3,257,85.67,125,41.67,11911,3970.33,57727,19242.33,798,266.00
405,1,192,192.00,51,51.00,10939,10939.00,37548,37548.00,0,0.00
406,15,1734,115.60,573,38.20,244723,16314.87,333468,22231.20,1404,93.60
407,3,1329,443.00,338,112.67,37110,12370.00,182866,60955.33,403,134.33
408,7,646,92.29,188,26.86,40871,5838.71,163903,23414.71,2338,334.00
409,6,1010,168.33,340,56.67,46618,7769.67,165650,27608.33,0,0.00
410,2,6,3.00,2,1.00,11719,5859.50,9736,4868.00,409,204.50
411,1,250,250.00,91,91.00,13382,13382.00,23252,23252.00,82,82.00
412,6,962,160.33,269,44.83,67611,11268.50,133441,22240.17,1217,202.83
414,9,1548,172.00,346,38.44,81913,9101.44,359926,39991.78,990,110.00
415,8,2363,295.38,530,66.25,59674,7459.25,345920,43240.00,1002,125.25
416,2,140,70.00,130,65.00,6782,3391.00,29756,14878.00,824,412.00
417,7,1647,235.29,451,64.43,56271,8038.71,205343,29334.71,954,136.29
418,4,263,65.75,65,16.25,209021,52255.25,61217,15304.25,0,0.00
419,2,32,16.00,0,0.00,135840,67920.00,19156,9578.00,836,418.00
420,15,1657,110.47,492,32.80,160850,10723.33,531192,35412.80,2198,146.53
421,3,834,278.00,243,81.00,32610,10870.00,137915,45971.67,0,0.00
422,5,1192,238.40,352,70.40,50381,10076.20,210081,42016.20,508,101.60
424,9,1242,138.00,510,56.67,61100,6788.89,178045,19782.78,1906,211.78
425,4,736,184.00,212,53.00,25494,6373.50,116633,29158.25,344,86.00
426,2,286,143.00,2,1.00,9518,4759.00,53272,26636.00,840,420.00
427,2,863,431.50,249,124.50,29682,14841.00,96364,48182.00,217,108.50
428,4,954,238.50,342,85.50,37416,9354.00,150284,37571.00,955,238.75
429,1,244,244.00,61,61.00,13785,13785.00,42552,42552.00,214,214.00
430,11,718,65.27,229,20.82,266852,24259.27,203641,18512.82,940,85.45
431,1,208,208.00,57,57.00,11809,11809.00,43283,43283.00,0,0.00
432,5,1010,202.00,282,56.40,27475,5495.00,146905,29381.00,1980,396.00
433,13,2071,159.31,696,53.54,96611,7431.62,290513,22347.15,1536,118.15
435,1,542,542.00,109,109.00,10602,10602.00,92492,92492.00,0,0.00
436,5,367,73.40,143,28.60,70479,14095.80,69567,13913.40,1570,314.00
437,1,578,578.00,143,143.00,10494,10494.00,58399,58399.00,332,332.00
438,9,1400,155.56,370,41.11,95876,10652.89,403604,44844.89,1240,137.78
439,1,293,293.00,74,74.00,17599,17599.00,132375,132375.00,0,0.00
440,2,152,76.00,142,71.00,7406,3703.00,35502,17751.00,872,436.00
441,6,1317,219.50,421,70.17,62363,10393.83,227725,37954.17,380,63.33
442,13,2408,185.23,657,50.54,198736,15287.38,376999,28999.92,2047,157.46
443,2,0,0.00,0,0.00,0,0.00,0,0.00,884,442.00
444,5,668,133.60,206,41.20,29630,5926.00,152256,30451.20,1756,351.20
445,3,635,211.67,258,86.00,42867,14289.00,104836,34945.33,552,184.00
446,6,670,111.67,226,37.67,55060,9176.67,210704,35117.33,804,134.00
447,1,590,590.00,145,145.00,10566,10566.00,83810,83810.00,414,414.00
448,4,160,40.00,148,37.00,20346,5086.50,46264,11566.00,1190,297.50
449,5,1340,268.00,339,67.80,37562,7512.40,206741,41348.20,362,72.40
450,3,558,186.00,66,22.00,25343,8447.67,164937,54979.00,888,296.00
451,2,298,149.00,100,50.00,14732,7366.00,59892,29946.00,0,0.00
452,4,1046,261.50,400,100.00,40817,10204.25,191779,47944.75,896,224.00
453,1,176,176.00,103,103.00,10839,10839.00,11237,11237.00,240,240.00
454,5,956,191.20,328,65.60,58797,11759.40,259217,51843.40,0,0.00
456,7,1654,236.29,458,65.43,67327,9618.14,368452,52636.00,2136,305.14
457,8,1956,244.50,590,73.75,75330,9416.25,315868,39483.50,619,77.38
459,1,267,267.00,67,67.00,10485,10485.00,23748,23748.00,387,387.00
460,11,1382,125.64,511,46.45,114807,10437.00,277248,25204.36,1327,120.64
462,10,1844,184.40,422,42.20,94807,9480.70,495140,49514.00,1373,137.30
463,3,1048,349.33,234,78.00,32663,10887.67,137580,45860.00,649,216.33
464,2,164,82.00,154,77.00,7606,3803.00,39311,19655.50,918,459.00
465,5,1107,221.40,342,68.40,50706,10141.20,216479,43295.80,0,0.00
466,1,23,23.00,2,2.00,75860,75860.00,8055,8055.00,0,0.00
467,2,898,449.00,252,126.00,27367,13683.50,139789,69894.50,22,11.00
468,9,814,90.44,166,18.44,42069,4674.33,216106,24011.78,2347,260.78
469,4,658,164.50,260,65.00,39504,9876.00,103969,25992.25,564,141.00
470,7,1637,233.86,433,61.86,70935,10133.57,325165,46452.14,1211,173.00
471,7,766,109.43,205,29.29,98426,14060.86,330604,47229.14,207,29.57
472,4,881,220.25,309,77.25,26700,6675.00,145956,36489.00,979,244.75
473,4,820,205.00,236,59.00,28030,7007.50,132629,33157.25,744,186.00
474,3,638,212.67,116,38.67,31688,10562.67,120302,40100.67,993,331.00
475,2,361,180.50,92,46.00,21166,10583.00,155515,77757.50,474,237.00
476,3,478,159.33,272,90.67,30667,10222.33,101284,33761.33,943,314.33
477,2,1228,614.00,278,139.00,22776,11388.00,139538,69769.00,437,218.50
478,6,1032,172.00,346,57.67,61013,10168.83,257314,42885.67,300,50.00
480,5,786,157.20,270,54.00,34571,6914.20,163736,32747.20,1899,379.80
481,8,1583,197.88,539,67.38,78268,9783.50,230398,28799.75,828,103.50
482,1,632,632.00,152,152.00,11824,11824.00,69465,69465.00,106,106.00
483,1,240,240.00,69,69.00,12482,12482.00,26785,26785.00,210,210.00
484,4,900,225.00,296,74.00,22648,5662.00,144347,36086.75,1469,367.25
486,8,1216,152.00,288,36.00,85054,10631.75,439794,54974.25,960,120.00
487,6,1287,214.50,317,52.83,92318,15386.33,176460,29410.00,657,109.50
488,2,176,88.00,166,83.00,8106,4053.00,45824,22912.00,968,484.00
489,5,1165,233.00,360,72.00,53347,10669.40,239267,47853.40,0,0.00
490,1,78,78.00,5,5.00,7206,7206.00,9452,9452.00,451,451.00
491,2,652,326.00,133,66.50,28200,14100.00,95512,47756.00,927,463.50
492,8,2088,261.00,592,74.00,88078,11009.75,431246,53905.75,2458,307.25
493,5,839,167.80,304,60.80,76726,15345.20,158236,31647.20,492,98.40
494,6,750,125.00,250,41.67,61384,10230.67,259986,43331.00,960,160.00
495,6,522,87.00,144,24.00,86642,14440.33,256635,42772.50,149,24.83
496,5,756,151.20,352,70.40,36737,7347.40,135615,27123.00,1404,280.80
497,6,1574,262.33,403,67.17,46548,7758.00,225638,37606.33,724,120.67
498,3,966,322.00,138,46.00,22430,7476.67,183173,61057.67,1470,490.00
499,1,329,329.00,116,116.00,21125,21125.00,41669,41669.00,308,308.00
500,3,506,168.67,290,96.67,32322,10774.00,117972,39324.00,991,330.33
502,5,1408,281.60,408,81.60,60248,12049.60,321350,64270.00,203,40.60
504,4,522,130.50,176,44.00,19485,4871.25,108447,27111.75,1995,498.75
505,9,2226,247.33,671,74.56,86333,9592.56,437632,48625.78,346,38.44
506,1,308,308.00,112,112.00,15457,15457.00,39366,39366.00,432,432.00
507,1,662,662.00,157,157.00,12142,12142.00,62957,62957.00,176,176.00
508,2,186,93.00,176,88.00,8226,4113.00,39464,19732.00,1008,504.00
509,1,256,256.00,75,75.00,13046,13046.00,39815,39815.00,409,409.00
510,10,1860,186.00,420,42.00,127137,12713.70,549763,54976.30,1880,188.00
511,3,515,171.67,88,29.33,80071,26690.33,221104,73701.33,493,164.33
512,4,1508,377.00,478,119.50,33237,8309.25,235559,58889.75,1184,296.00
513,7,1649,235.57,488,69.71,75017,10716.71,401015,57287.86,724,103.43
514,2,340,170.00,114,57.00,16406,8203.00,63778,31889.00,386,193.00
516,4,536,134.00,182,45.50,20056,5014.00,139016,34754.00,2044,511.00
517,5,1566,313.20,450,90.00,63147,12629.40,245526,49105.20,1125,225.00
518,4,776,194.00,260,65.00,49756,12439.00,274089,68522.25,34,8.50
519,8,1524,190.50,410,51.25,118929,14866.12,408810,51101.25,1071,133.88
520,2,192,96.00,182,91.00,8606,4303.00,56244,28122.00,1032,516.00
521,4,904,226.00,260,65.00,31674,7918.50,183228,45807.00,44,11.00
522,4,1294,323.50,240,60.00,39259,9814.75,245635,61408.75,1148,287.00
523,2,346,173.00,116,58.00,16880,8440.00,61526,30763.00,220,110.00
524,3,534,178.00,308,102.67,31993,10664.33,110834,36944.67,1448,482.67
526,5,1460,292.00,412,82.40,62012,12402.40,315723,63144.60,707,141.40
527,1,686,686.00,161,161.00,12946,12946.00,92424,92424.00,91,91.00
528,6,1246,207.67,396,66.00,65757,10959.50,439389,73231.50,2092,348.67
529,6,1310,218.33,440,73.33,59786,9964.33,232388,38731.33,620,103.33
532,6,1566,261.00,586,97.67,55931,9321.83,247687,41281.17,1476,246.00
533,2,746,373.00,174,87.00,25816,12908.00,72827,36413.50,407,203.50
534,9,1640,182.22,392,43.56,110469,12274.33,563967,62663.00,1506,167.33
535,4,799,199.75,203,50.75,103221,25805.25,207908,51977.00,0,0.00
536,2,200,100.00,190,95.00,8719,4359.50,48020,24010.00,1063,531.50
537,6,1979,329.83,559,93.17,70249,11708.17,333036,55506.00,701,116.83
540,5,1256,251.20,348,69.60,33010,6602.00,192764,38552.80,2443,488.60
541,4,760,190.00,300,75.00,46534,11633.50,171646,42911.50,0,0.00
542,5,1516,303.20,436,87.20,65704,13140.80,432333,86466.60,81,16.20
543,6,570,95.00,156,26.00,94358,15726.33,279972,46662.00,694,115.67
544,3,326,108.67,244,81.33,13109,4369.67,110338,36779.33,1080,360.00
545,5,1278,255.60,393,78.60,50506,10101.20,225647,45129.40,300,60.00
546,4,823,205.75,125,31.25,45522,11380.50,209094,52273.50,1080,270.00
547,3,1777,592.33,414,138.00,47617,15872.33,409605,136535.00,888,296.00
548,4,842,210.50,410,102.50,50040,12510.00,182576,45644.00,1298,324.50
550,8,1493,186.62,462,57.75,84288,10536.00,476207,59525.88,516,64.50
552,5,1294,258.80,366,73.20,34339,6867.80,200995,40199.00,2541,508.20
553,7,1723,246.14,582,83.14,87769,12538.43,403862,57694.57,0,0.00
554,1,712,712.00,160,160.00,13712,13712.00,132725,132725.00,32,32.00
555,1,316,316.00,79,79.00,18884,18884.00,142702,142702.00,0,0.00
556,2,210,105.00,200,100.00,9146,4573.00,67179,33589.50,1104,552.00
557,3,898,299.33,231,77.00,129248,43082.67,82166,27388.67,1091,363.67
558,9,1736,192.89,454,50.44,115738,12859.78,608035,67559.44,1255,139.44
559,4,560,140.00,126,31.50,83852,20963.00,132143,33035.75,362,90.50
560,1,106,106.00,101,101.00,4603,4603.00,34227,34227.00,556,556.00
561,8,2433,304.12,693,86.62,93708,11713.50,438370,54796.25,689,86.12
562,1,728,728.00,168,168.00,13672,13672.00,99347,99347.00,116,116.00
563,1,34,34.00,1,1.00,17705,17705.00,9502,9502.00,0,0.00
564,4,1114,278.50,220,55.00,58942,14735.50,366089,91522.25,1559,389.75
565,2,420,210.00,188,94.00,30132,15066.00,93164,46582.00,0,0.00
566,4,848,212.00,284,71.00,54548,13637.00,337392,84348.00,0,0.00
567,7,1328,189.71,331,47.29,112927,16132.43,489304,69900.57,749,107.00
568,4,1108,277.00,292,73.00,32098,8024.50,168186,42046.50,897,224.25
569,4,988,247.00,284,71.00,34680,8670.00,226898,56724.50,0,0.00
570,3,492,164.00,3,1.00,21480,7160.00,152001,50667.00,1128,376.00
571,2,709,354.50,251,125.50,43611,21805.50,149290,74645.00,117,58.50
572,2,1112,556.00,306,153.00,40634,20317.00,161686,80843.00,461,230.50
574,6,1346,224.33,379,63.17,74171,12361.83,450814,75135.67,408,68.00
575,1,742,742.00,169,169.00,14442,14442.00,161642,161642.00,0,0.00
576,3,714,238.00,84,28.00,32471,10823.67,273606,91202.00,1140,380.00
577,9,2558,284.22,779,86.56,97818,10868.67,484688,53854.22,667,74.11
579,1,253,253.00,109,109.00,13228,13228.00,79479,79479.00,548,548.00
580,2,276,138.00,4,2.00,9578,4789.00,96158,48079.00,450,225.00
582,10,2576,257.60,642,64.20,142314,14231.40,846528,84652.80,1240,124.00
583,4,587,146.75,100,25.00,95507,23876.75,289643,72410.75,576,144.00
584,1,356,356.00,130,130.00,19195,19195.00,56290,56290.00,56,56.00
585,5,1397,279.40,432,86.40,63911,12782.20,341759,68351.80,0,0.00
586,4,776,194.00,260,65.00,38305,9576.25,200986,50246.50,9,2.25
587,1,304,304.00,93,93.00,16804,16804.00,73782,73782.00,36,36.00
588,2,394,197.00,2,1.00,13130,6565.00,97405,48702.50,1164,582.00
589,3,807,269.00,322,107.33,56190,18730.00,135040,45013.33,532,177.33
590,4,884,221.00,296,74.00,56876,14219.00,366744,91686.00,0,0.00
591,6,618,103.00,168,28.00,102934,17155.67,385120,64186.67,88,14.67
592,1,139,139.00,3,3.00,6113,6113.00,58978,58978.00,0,0.00
593,4,1030,257.50,296,74.00,36150,9037.50,246476,61619.00,0,0.00
594,2,398,199.00,2,1.00,13270,6635.00,95440,47720.00,1176,588.00
595,2,394,197.00,132,66.00,18996,9498.00,87057,43528.50,463,231.50
596,1,388,388.00,142,142.00,28775,28775.00,105767,105767.00,0,0.00
597,3,791,263.67,239,79.67,63526,21175.33,252675,84225.00,0,0.00
598,4,896,224.00,300,75.00,56594,14148.50,349952,87488.00,496,124.00
600,5,1490,298.00,326,65.20,80667,16133.40,510333,102066.60,1446,289.20
601,6,1490,248.33,500,83.33,67660,11276.67,297399,49566.50,876,146.00
604,2,400,200.00,134,67.00,19184,9592.00,102799,51399.50,571,285.50
606,8,1516,189.50,358,44.75,105244,13155.50,603965,75495.62,1624,203.00
607,1,377,377.00,128,128.00,25646,25646.00,60863,60863.00,247,247.00
608,1,162,162.00,54,54.00,3856,3856.00,23706,23706.00,492,492.00
609,5,1455,291.00,450,90.00,66068,13213.60,313356,62671.20,440,88.00
610,1,372,372.00,136,136.00,20333,20333.00,75515,75515.00,0,0.00
611,1,267,267.00,115,115.00,13966,13966.00,50901,50901.00,372,372.00
612,2,410,205.00,2,1.00,13666,6833.00,75390,37695.00,1212,606.00
613,5,1182,236.40,439,87.80,69316,13863.20,231569,46313.80,617,123.40
614,4,920,230.00,308,77.00,57257,14314.25,314161,78540.25,924,231.00
615,6,642,107.00,174,29.00,107140,17856.67,427046,71174.33,42,7.00
617,4,1072,268.00,308,77.00,36632,9158.00,211567,52891.75,938,234.50
618,4,1150,287.50,220,55.00,59471,14867.75,291320,72830.00,1921,480.25
619,1,413,413.00,104,104.00,24914,24914.00,264575,264575.00,0,0.00
620,1,404,404.00,148,148.00,29946,29946.00,114259,114259.00,0,0.00
622,6,1344,224.00,450,75.00,78534,13089.00,431977,71996.17,834,139.00
623,1,380,380.00,139,139.00,20768,20768.00,78666,78666.00,0,0.00
624,1,209,209.00,1,1.00,6970,6970.00,70701,70701.00,618,618.00
625,7,1935,276.43,650,92.86,95943,13706.14,370315,52902.14,1651,235.86
626,1,328,328.00,102,102.00,17273,17273.00,48924,48924.00,201,201.00
629,1,63,63.00,1,1.00,1656,1656.00,4,4.00,628,628.00
630,6,1154,192.33,370,61.67,94388,15731.33,510345,85057.50,912,152.00
631,2,418,209.00,140,70.00,20652,10326.00,117452,58726.00,0,0.00
633,5,1513,302.60,468,93.60,68217,13643.40,341217,68243.40,932,186.40
634,1,210,210.00,1,1.00,2459,2459.00,27808,27808.00,465,465.00
635,2,319,159.50,2,1.00,14436,7218.00,122,61.00,1234,617.00
636,3,1204,401.33,380,126.67,70895,23631.67,329774,109924.67,917,305.67
637,2,474,237.00,212,106.00,33401,16700.50,102118,51059.00,528,264.00
638,4,956,239.00,320,80.00,60969,15242.25,371221,92805.25,268,67.00
639,8,1366,170.75,376,47.00,150056,18757.00,663180,82897.50,526,65.75
640,2,424,212.00,142,71.00,20948,10474.00,120834,60417.00,0,0.00
641,4,1114,278.50,320,80.00,38766,9691.50,246497,61624.25,280,70.00
643,2,489,244.50,156,78.00,51543,25771.50,107334,53667.00,758,379.00
644,1,420,420.00,154,154.00,28713,28713.00,88918,88918.00,537,537.00
646,4,968,242.00,324,81.00,61542,15385.50,385450,96362.50,360,90.00
649,9,2436,270.67,829,92.11,115972,12885.78,586416,65157.33,992,110.22
652,1,344,344.00,108,108.00,18026,18026.00,42165,42165.00,344,344.00
654,7,1598,228.29,518,74.00,125883,17983.29,689296,98470.86,1258,179.71
655,1,437,437.00,110,110.00,26377,26377.00,296451,296451.00,0,0.00
657,5,1571,314.20,486,97.20,69453,13890.60,342460,68492.00,903,180.60
658,4,872,218.00,292,73.00,43080,10770.00,255484,63871.00,0,0.00
660,1,376,376.00,94,94.00,22479,22479.00,202462,202462.00,0,0.00
661,3,893,297.67,354,118.00,64509,21503.00,272349,90783.00,0,0.00
662,5,1396,279.20,480,96.00,82728,16545.60,520214,104042.80,1214,242.80
663,6,690,115.00,186,31.00,114895,19149.17,435838,72639.67,552,92.00
665,5,1508,301.60,443,88.60,58198,11639.60,354925,70985.00,1056,211.20
667,2,442,221.00,148,74.00,21652,10826.00,106561,53280.50,175,87.50
668,1,436,436.00,160,160.00,30593,30593.00,64919,64919.00,330,330.00
670,4,1004,251.00,336,84.00,64636,16159.00,473424,118356.00,0,0.00
672,2,856,428.00,248,124.00,57414,28707.00,461727,230863.50,0,0.00
673,6,1670,278.33,560,93.33,76216,12702.67,445362,74227.00,648,108.00
675,1,412,412.00,151,151.00,20832,20832.00,57964,57964.00,510,510.00
676,2,448,224.00,150,75.00,21777,10888.50,101851,50925.50,346,173.00
678,7,1602,228.86,512,73.14,120491,17213.00,693185,99026.43,1544,220.57
681,6,2017,336.17,601,100.17,95934,15989.00,598174,99695.67,798,133.00
685,5,1375,275.00,516,103.20,88148,17629.60,379847,75969.40,1013,202.60
686,4,1028,257.00,344,86.00,65226,16306.50,439774,109943.50,448,112.00
687,6,714,119.00,192,32.00,118746,19791.00,463553,77258.83,1562,260.33
688,1,420,420.00,154,154.00,21547,21547.00,50405,50405.00,432,432.00
689,5,1227,245.40,355,71.00,84592,16918.40,313638,62727.60,448,89.60
691,2,829,414.50,233,116.50,46298,23149.00,433624,216812.00,656,328.00
692,1,452,452.00,166,166.00,32724,32724.00,101647,101647.00,108,108.00
694,6,1500,250.00,502,83.67,89014,14835.67,587246,97874.33,304,50.67
696,1,418,418.00,138,138.00,30928,30928.00,147924,147924.00,29,29.00
697,7,1961,280.14,581,83.00,81359,11622.71,436097,62299.57,1313,187.57
701,1,428,428.00,157,157.00,22320,22320.00,49746,49746.00,326,326.00
702,7,1686,240.86,512,73.14,128828,18404.00,752842,107548.86,1559,222.71
703,4,1118,279.50,372,93.00,64613,16153.25,320369,80092.25,187,46.75
704,1,376,376.00,120,120.00,20944,20944.00,118715,118715.00,0,0.00
705,5,1687,337.40,522,104.40,76417,15283.40,441036,88207.20,226,45.20
707,1,395,395.00,60,60.00,38166,38166.00,57139,57139.00,0,0.00
708,1,472,472.00,118,118.00,27661,27661.00,206842,206842.00,195,195.00
709,2,528,264.00,236,118.00,37578,18789.00,118975,59487.50,180,90.00
710,5,1228,245.60,361,72.20,73020,14604.00,550073,110014.60,706,141.20
711,6,738,123.00,198,33.00,123528,20588.00,557983,92997.17,513,85.50
712,4,944,236.00,316,79.00,46044,11511.00,277662,69415.50,582,145.50
713,4,1240,310.00,356,89.00,43472,10868.00,350639,87659.75,28,7.00
714,2,862,431.00,300,150.00,54142,27071.00,159659,79829.50,398,199.00
716,1,468,468.00,172,172.00,34630,34630.00,151467,151467.00,0,0.00
718,4,1076,269.00,360,90.00,67795,16948.75,527099,131774.75,706,176.50
720,1,29,29.00,11,11.00,46931,46931.00,19193,19193.00,0,0.00
721,10,3081,308.10,1023,102.30,156905,15690.50,838529,83852.90,1419,141.90
723,1,412,412.00,103,103.00,24636,24636.00,243322,243322.00,0,0.00
726,6,1330,221.67,426,71.00,109305,18217.50,652401,108733.50,1000,166.67
727,2,929,464.50,285,142.50,53110,26555.00,437377,218688.50,138,69.00
729,5,1745,349.00,540,108.00,79003,15800.60,471817,94363.40,724,144.80
730,2,484,242.00,162,81.00,23581,11790.50,119308,59654.00,297,148.50
732,1,434,434.00,142,142.00,31173,31173.00,89478,89478.00,307,307.00
733,2,546,273.00,244,122.00,39162,19581.00,157214,78607.00,0,0.00
734,5,1494,298.80,494,98.80,91008,18201.60,550100,110020.00,779,155.80
735,6,762,127.00,204,34.00,127304,21217.33,590712,98452.00,426,71.00
736,2,350,175.00,6,3.00,10572,5286.00,115622,57811.00,1026,513.00
737,4,1282,320.50,368,92.00,44182,11045.50,294823,73705.75,744,186.00
739,3,925,308.33,306,102.00,54580,18193.33,222776,74258.67,506,168.67
740,2,936,468.00,344,172.00,60131,30065.50,251543,125771.50,69,34.50
742,4,1112,278.00,372,93.00,69984,17496.00,518190,129547.50,752,188.00
744,3,1315,438.33,290,96.67,93762,31254.00,693430,231143.33,709,236.33
745,6,1850,308.33,620,103.33,84490,14081.67,511526,85254.33,756,126.00
747,1,402,402.00,129,129.00,21465,21465.00,80069,80069.00,174,174.00
748,2,496,248.00,166,83.00,24443,12221.50,159402,79701.00,27,13.50
750,7,1816,259.43,584,83.43,145690,20812.86,883154,126164.86,562,80.29
751,1,188,188.00,63,63.00,18907,18907.00,85581,85581.00,0,0.00
753,6,2263,377.17,727,121.17,104433,17405.50,613879,102313.17,756,126.00
757,4,1066,266.50,420,105.00,65248,16312.00,336892,84223.00,0,0.00
758,4,1136,284.00,380,95.00,70704,17676.00,511910,127977.50,1168,292.00
759,6,786,131.00,210,35.00,131370,21895.00,606270,101045.00,430,71.67
760,1,410,410.00,132,132.00,21495,21495.00,68019,68019.00,255,255.00
761,4,1324,331.00,380,95.00,45252,11313.00,344019,86004.75,1174,293.50
763,3,1213,404.33,277,92.33,62827,20942.33,412146,137382.00,1679,559.67
764,1,500,500.00,184,184.00,34581,34581.00,94031,94031.00,504,504.00
765,1,436,436.00,109,109.00,26074,26074.00,272647,272647.00,0,0.00
766,7,2124,303.43,726,103.71,123897,17699.57,832268,118895.43,322,46.00
767,1,4,4.00,0,0.00,7695,7695.00,148,148.00,766,766.00
769,8,2034,254.25,642,80.25,137359,17169.88,553694,69211.75,1266,158.25
773,1,418,418.00,135,135.00,21708,21708.00,62693,62693.00,304,304.00
774,7,1876,268.00,604,86.29,148872,21267.43,906567,129509.57,1362,194.57
775,2,514,257.00,172,86.00,25215,12607.50,149591,74795.50,161,80.50
777,5,1861,372.20,576,115.20,82002,16400.40,441689,88337.80,1270,254.00
779,1,476,476.00,175,175.00,25988,25988.00,121392,121392.00,0,0.00
780,1,520,520.00,130,130.00,31446,31446.00,421643,421643.00,0,0.00
781,2,582,291.00,260,130.00,40962,20481.00,108650,54325.00,552,276.00
782,4,1172,293.00,392,98.00,75402,18850.50,639112,159778.00,16,4.00
783,6,810,135.00,216,36.00,135463,22577.17,631791,105298.50,510,85.00
784,2,520,260.00,174,87.00,25376,12688.00,140028,70014.00,296,148.00
785,5,1412,282.40,393,78.60,72976,14595.20,445599,89119.80,20,4.00
786,2,874,437.00,250,125.00,49233,24616.50,350447,175223.50,370,185.00
787,1,467,467.00,154,154.00,32496,32496.00,121101,121101.00,564,564.00
788,1,516,516.00,190,190.00,36915,36915.00,101277,101277.00,243,243.00
790,4,1184,296.00,396,99.00,74027,18506.75,520520,130130.00,1080,270.00
792,1,484,484.00,178,178.00,26423,26423.00,125362,125362.00,0,0.00
793,8,2496,312.00,836,104.50,114524,14315.50,606996,75874.50,1980,247.50
798,7,1936,276.57,624,89.14,154938,22134.00,1102721,157531.57,624,89.14
799,2,967,483.50,275,137.50,54989,27494.50,513663,256831.50,448,224.00
801,4,1394,348.50,400,100.00,48890,12222.50,450082,112520.50,0,0.00
802,2,532,266.00,178,89.00,25691,12845.50,152733,76366.50,578,289.00
805,3,1092,364.00,449,149.67,67044,22348.00,244793,81597.67,1254,418.00
806,2,604,302.00,202,101.00,38640,19320.00,304215,152107.50,104,52.00
807,9,1821,202.33,531,59.00,205738,22859.78,1138020,126446.67,1585,176.11
809,2,704,352.00,202,101.00,24582,12291.00,204538,102269.00,104,52.00
811,6,1828,304.67,610,101.67,98677,16446.17,589049,98174.83,1595,265.83
812,1,442,442.00,144,144.00,22803,22803.00,83583,83583.00,539,539.00
814,1,530,530.00,194,194.00,39342,39342.00,198144,198144.00,0,0.00
816,1,544,544.00,136,136.00,32909,32909.00,461643,461643.00,0,0.00
817,4,814,203.50,274,68.50,102551,25637.75,180643,45160.75,2125,531.25
818,1,500,500.00,184,184.00,25657,25657.00,73573,73573.00,527,527.00
820,2,544,272.00,182,91.00,26868,13434.00,198554,99277.00,0,0.00
822,3,764,254.67,232,77.33,80047,26682.33,476849,158949.67,699,233.00
823,1,535,535.00,196,196.00,36747,36747.00,146901,146901.00,682,682.00
825,1,450,450.00,147,147.00,23064,23064.00,101615,101615.00,619,619.00
828,1,472,472.00,118,118.00,28231,28231.00,319762,319762.00,0,0.00
829,4,1168,292.00,460,115.00,70652,17663.00,381254,95313.50,720,180.00
830,1,538,538.00,196,196.00,37418,37418.00,113448,113448.00,540,540.00
831,7,1366,195.14,415,59.29,170276,24325.14,873696,124813.71,516,73.71
832,1,276,276.00,1,1.00,3047,3047.00,36100,36100.00,699,699.00
835,2,1056,528.00,306,153.00,68311,34155.50,677467,338733.50,763,381.50
838,3,1014,338.00,336,112.00,50657,16885.67,332460,110820.00,710,236.67
839,1,543,543.00,198,198.00,38431,38431.00,105186,105186.00,392,392.00
841,2,626,313.00,280,140.00,43266,21633.00,161742,80871.00,1464,732.00
844,1,516,516.00,190,190.00,27084,27084.00,74012,74012.00,311,311.00
846,4,1334,333.50,438,109.50,121743,30435.75,669718,167429.50,1121,280.25
847,2,562,281.00,188,94.00,27176,13588.00,167126,83563.00,580,290.00
849,1,484,484.00,121,121.00,28521,28521.00,250825,250825.00,126,126.00
851,2,838,419.00,313,156.50,43097,21548.50,231846,115923.00,1222,611.00
852,1,568,568.00,142,142.00,34372,34372.00,503455,503455.00,0,0.00
853,2,636,318.00,284,142.00,44057,22028.50,160034,80017.00,1368,684.00
855,2,551,275.50,200,100.00,39902,19951.00,139406,69703.00,186,93.00
856,2,568,284.00,190,95.00,27776,13888.00,169562,84781.00,264,132.00
859,1,515,515.00,172,172.00,39098,39098.00,246272,246272.00,0,0.00
861,1,526,526.00,193,193.00,28102,28102.00,100602,100602.00,164,164.00
862,1,554,554.00,200,200.00,40541,40541.00,179118,179118.00,92,92.00
864,1,474,474.00,156,156.00,23673,23673.00,163735,163735.00,829,829.00
865,4,1218,304.50,480,120.00,73743,18435.75,333064,83266.00,825,206.25
869,1,124,124.00,0,0.00,7669,7669.00,960,960.00,868,868.00
870,5,1838,367.60,566,113.20,146461,29292.20,1018741,203748.20,1060,212.00
871,2,1140,570.00,348,174.00,76243,38121.50,745972,372986.00,29,14.50
874,2,580,290.00,194,97.00,28644,14322.00,225614,112807.00,0,0.00
877,3,1136,378.67,451,150.33,73301,24433.67,364469,121489.67,228,76.00
878,1,562,562.00,202,202.00,41822,41822.00,242601,242601.00,0,0.00
879,1,534,534.00,195,195.00,26576,26576.00,145301,145301.00,844,844.00
881,2,0,0.00,0,0.00,0,0.00,0,0.00,1760,880.00
882,6,918,153.00,246,41.00,154816,25802.67,789681,131613.50,927,154.50
883,4,1410,352.50,472,118.00,82858,20714.50,588715,147178.75,809,202.25
887,1,567,567.00,204,204.00,38416,38416.00,230281,230281.00,854,854.00
888,2,1130,565.00,344,172.00,62974,31487.00,659188,329594.00,719,359.50
889,2,662,331.00,296,148.00,47422,23711.00,214367,107183.50,76,38.00
890,1,490,490.00,162,162.00,27176,27176.00,187890,187890.00,0,0.00
891,1,508,508.00,127,127.00,30388,30388.00,370630,370630.00,0,0.00
892,3,888,296.00,297,99.00,43209,14403.00,250281,83427.00,624,208.00
894,4,1406,351.50,460,115.00,129429,32357.25,649914,162478.50,1848,462.00
897,1,542,542.00,197,197.00,27729,27729.00,91009,91009.00,585,585.00
901,4,1270,317.50,500,125.00,77724,19431.00,477716,119429.00,0,0.00
903,2,1073,536.50,371,185.50,67639,33819.50,339895,169947.50,655,327.50
904,1,300,300.00,1,1.00,3383,3383.00,40196,40196.00,723,723.00
906,7,1488,212.57,450,64.29,185902,26557.43,898206,128315.14,2656,379.43
907,2,1152,576.00,336,168.00,74283,37141.50,810919,405459.50,850,425.00
910,4,1484,371.00,509,127.25,83042,20760.50,321643,80410.75,1938,484.50
912,1,520,520.00,130,130.00,30259,30259.00,241092,241092.00,235,235.00
913,2,680,340.00,304,152.00,48828,24414.00,244250,122125.00,0,0.00
915,1,550,550.00,199,199.00,28818,28818.00,88020,88020.00,378,378.00
916,1,506,506.00,168,168.00,27745,27745.00,175185,175185.00,49,49.00
918,3,860,286.67,264,88.00,89500,29833.33,439676,146558.67,1873,624.33
919,2,728,364.00,209,104.50,112705,56352.50,160676,80338.00,1291,645.50
924,2,1170,585.00,354,177.00,63024,31512.00,687058,343529.00,1159,579.50
925,2,690,345.00,308,154.00,49482,24741.00,250814,125407.00,0,0.00
926,1,586,586.00,208,208.00,41904,41904.00,139732,139732.00,318,318.00
929,1,514,514.00,171,171.00,28048,28048.00,165601,165601.00,80,80.00
930,6,966,161.00,258,43.00,162364,27060.67,908623,151437.17,1259,209.83
931,2,563,281.50,190,95.00,41992,20996.00,176011,88005.50,1620,810.00
933,2,1090,545.00,334,167.00,61687,30843.50,527116,263558.00,171,85.50
934,1,311,311.00,0,0.00,4354,4354.00,1561,1561.00,933,933.00
935,1,591,591.00,210,210.00,42807,42807.00,174560,174560.00,207,207.00
937,2,698,349.00,312,156.00,49104,24552.00,247704,123852.00,900,450.00
942,6,2562,427.00,858,143.00,194776,32462.67,1024172,170695.33,1139,189.83
943,1,629,629.00,158,158.00,38081,38081.00,616691,616691.00,0,0.00
949,2,708,354.00,316,158.00,49902,24951.00,221137,110568.50,756,378.00
951,2,1165,582.50,415,207.50,74812,37406.00,418293,209146.50,115,57.50
954,7,1534,219.14,400,57.14,199739,28534.14,1375103,196443.29,537,76.71
955,2,1109,554.50,373,186.50,69027,34513.50,290730,145365.00,756,378.00
958,1,602,602.00,212,212.00,44351,44351.00,241037,241037.00,92,92.00
960,2,1210,605.00,364,182.00,69983,34991.50,837936,418968.00,0,0.00
961,3,897,299.00,324,108.00,66272,22090.67,301514,100504.67,624,208.00
966,3,908,302.67,280,93.33,96299,32099.67,580850,193616.67,493,164.33
967,1,607,607.00,214,214.00,44577,44577.00,236540,236540.00,112,112.00
968,1,538,538.00,180,180.00,28973,28973.00,149385,149385.00,156,156.00
969,1,574,574.00,205,205.00,28547,28547.00,184044,184044.00,921,921.00
973,4,1372,343.00,540,135.00,82859,20714.75,418940,104735.00,977,244.25
974,1,610,610.00,214,214.00,44639,44639.00,222381,222381.00,152,152.00
975,1,556,556.00,139,139.00,32689,32689.00,330386,330386.00,155,155.00
978,7,1592,227.43,476,68.00,200304,28614.86,1144266,163466.57,1446,206.57
979,3,1573,524.33,367,122.33,82638,27546.00,591242,197080.67,1991,663.67
981,1,546,546.00,183,183.00,29630,29630.00,174178,174178.00,107,107.00
983,1,615,615.00,216,216.00,44953,44953.00,214527,214527.00,178,178.00
985,2,734,367.00,328,164.00,52050,26025.00,201771,100885.50,420,210.00
987,1,582,582.00,207,207.00,29646,29646.00,135092,135092.00,740,740.00
990,4,1550,387.50,504,126.00,145337,36334.25,869542,217385.50,429,107.25
994,1,554,554.00,186,186.00,30223,30223.00,190176,190176.00,80,80.00
996,3,1818,606.00,516,172.00,104323,34774.33,1269318,423106.00,632,210.67
997,2,744,372.00,332,166.00,52858,26429.00,211773,105886.50,340,170.00
999,1,623,623.00,218,218.00,45241,45241.00,201110,201110.00,238,238.00
1001,2,500,250.00,0,0.00,7500,3750.00,3920,1960.00,2000,1000.00
1002,8,1384,173.00,368,46.00,232361,29045.12,1325213,165651.62,2203,275.38
1003,1,611,611.00,208,208.00,45454,45454.00,275209,275209.00,92,92.00
1005,1,590,590.00,209,209.00,30628,30628.00,108352,108352.00,524,524.00
1006,1,626,626.00,218,218.00,45404,45404.00,193969,193969.00,285,285.00
1007,1,562,562.00,189,189.00,30858,30858.00,215505,215505.00,40,40.00
1009,2,752,376.00,336,168.00,53539,26769.50,238837,119418.50,264,132.00
1014,4,1550,387.50,506,126.50,131218,32804.50,887096,221774.00,1371,342.75
1015,2,1308,654.00,390,195.00,86539,43269.50,899704,449852.00,327,163.50
1017,1,580,580.00,145,145.00,34702,34702.00,483625,483625.00,0,0.00
1020,1,570,570.00,192,192.00,31425,31425.00,238503,238503.00,9,9.00
1021,2,762,381.00,340,170.00,54240,27120.00,243538,121769.00,288,144.00
1022,1,634,634.00,220,220.00,45121,45121.00,166513,166513.00,473,473.00
1023,1,598,598.00,211,211.00,31634,31634.00,114527,114527.00,360,360.00
1024,1,592,592.00,110,110.00,50732,50732.00,127181,127181.00,909,909.00
1026,6,1062,177.00,282,47.00,178928,29821.33,1082406,180401.00,2049,341.50
1027,1,627,627.00,214,214.00,43430,43430.00,198189,198189.00,719,719.00
1031,1,639,639.00,222,222.00,44743,44743.00,188040,188040.00,680,680.00
1032,2,1290,645.00,384,192.00,72109,36054.50,550079,275039.50,668,334.00
1033,3,1348,449.33,539,179.67,83769,27923.00,480091,160030.33,1322,440.67
1038,5,2214,442.80,674,134.80,184585,36917.00,1428412,285682.40,1239,247.80
1041,1,606,606.00,213,213.00,31846,31846.00,115424,115424.00,430,430.00
1044,1,60,60.00,1,1.00,33769,33769.00,28190,28190.00,2,2.00
1045,2,780,390.00,348,174.00,55458,27729.00,247670,123835.00,360,180.00
1046,1,586,586.00,198,198.00,29451,29451.00,206992,206992.00,933,933.00
1047,1,647,647.00,224,224.00,48544,48544.00,363489,363489.00,7,7.00
1050,7,1696,242.29,502,71.71,215635,30805.00,1234280,176325.71,1562,223.14
1051,2,1344,672.00,396,198.00,90149,45074.50,1049856,524928.00,134,67.00
1054,1,650,650.00,224,224.00,47544,47544.00,241241,241241.00,218,218.00
1057,3,1139,379.67,353,117.67,58619,19539.67,278985,92995.00,2379,793.00
1059,3,1812,604.00,567,189.00,98345,32781.67,831231,277077.00,1402,467.33
1062,3,1004,334.67,312,104.00,105394,35131.33,787544,262514.67,883,294.33
1063,1,655,655.00,226,226.00,46417,46417.00,180128,180128.00,513,513.00
1068,2,1330,665.00,394,197.00,70965,35482.50,868383,434191.50,1631,815.50
1069,2,798,399.00,356,178.00,55790,27895.00,210614,105307.00,1334,667.00
1070,1,658,658.00,226,226.00,46091,46091.00,240498,240498.00,810,810.00
1072,1,602,602.00,204,204.00,31074,31074.00,140321,140321.00,682,682.00
1074,6,1110,185.00,294,49.00,186742,31123.67,1190901,198483.50,2279,379.83
1075,1,659,659.00,226,226.00,46749,46749.00,188281,188281.00,553,553.00
1077,1,622,622.00,217,217.00,32050,32050.00,138056,138056.00,674,674.00
1078,1,592,592.00,110,110.00,60534,60534.00,89380,89380.00,514,514.00
1079,1,663,663.00,228,228.00,49229,49229.00,321341,321341.00,92,92.00
1080,1,616,616.00,154,154.00,34542,34542.00,306778,306778.00,735,735.00
1081,2,806,403.00,360,180.00,56358,28179.00,190468,95234.00,1272,636.00
1085,1,610,610.00,207,207.00,32172,32172.00,123456,123456.00,461,461.00
1086,4,1654,413.50,538,134.50,142945,35736.25,1002212,250553.00,856,214.00
1087,1,725,725.00,182,182.00,43933,43933.00,820299,820299.00,0,0.00
1093,2,816,408.00,364,182.00,57072,28536.00,180222,90111.00,1212,606.00
1095,1,630,630.00,219,219.00,32257,32257.00,157066,157066.00,761,761.00
1097,1,228,228.00,5,5.00,10315,10315.00,42480,42480.00,1074,1074.00
1098,7,1752,250.29,510,72.86,223615,31945.00,1374827,196403.86,2636,376.57
1101,1,628,628.00,157,157.00,37578,37578.00,567295,567295.00,0,0.00
1104,2,1370,685.00,404,202.00,76572,38286.00,1071967,535983.50,978,489.00
1105,2,824,412.00,368,184.00,57838,28919.00,194099,97049.50,1156,578.00
1106,1,209,209.00,1,1.00,16137,16137.00,105737,105737.00,1006,1006.00
1110,2,370,185.00,94,47.00,62924,31462.00,567360,283680.00,0,0.00
1111,1,626,626.00,213,213.00,33800,33800.00,209297,209297.00,143,143.00
1113,3,642,214.00,251,83.67,215976,71992.00,273698,91232.67,1333,444.33
1117,3,1088,362.67,376,125.33,75596,25198.67,445383,148461.00,1110,370.00
1122,8,2440,305.00,688,86.00,268188,33523.50,2015157,251894.62,1385,173.12
1123,1,749,749.00,188,188.00,43742,43742.00,482060,482060.00,375,375.00
1124,1,634,634.00,216,216.00,32022,32022.00,215892,215892.00,946,946.00
1129,2,842,421.00,376,188.00,60438,30219.00,374012,187006.00,0,0.00
1131,1,646,646.00,223,223.00,34423,34423.00,143147,143147.00,351,351.00
1134,2,378,189.00,96,48.00,63386,31693.00,458110,229055.00,880,440.00
1135,1,217,217.00,4,4.00,15569,15569.00,94335,94335.00,341,341.00
1137,1,642,642.00,219,219.00,33602,33602.00,143413,143413.00,604,604.00
1138,1,378,378.00,1,1.00,4055,4055.00,49984,49984.00,1011,1011.00
1140,2,1410,705.00,414,207.00,79648,39824.00,1061707,530853.50,728,364.00
1141,2,852,426.00,380,190.00,60016,30008.00,351841,175920.50,1036,518.00
1143,1,652,652.00,163,163.00,38524,38524.00,473962,473962.00,147,147.00
1146,6,1182,197.00,312,52.00,200099,33349.83,1314845,219140.83,1034,172.33
1149,1,654,654.00,225,225.00,32542,32542.00,262386,262386.00,1088,1088.00
1150,1,650,650.00,222,222.00,34410,34410.00,167118,167118.00,282,282.00
1153,2,860,430.00,384,192.00,60708,30354.00,213998,106999.00,952,476.00
1158,3,1044,348.00,324,108.00,99890,33296.67,542054,180684.67,1044,348.00
1159,1,773,773.00,194,194.00,42665,42665.00,631202,631202.00,928,928.00
1163,1,658,658.00,225,225.00,36010,36010.00,280540,280540.00,49,49.00
1164,1,664,664.00,166,166.00,39735,39735.00,634426,634426.00,0,0.00
1165,2,870,435.00,388,194.00,61312,30656.00,249427,124713.50,916,458.00
1167,1,662,662.00,227,227.00,34698,34698.00,144832,144832.00,556,556.00
1170,6,1206,201.00,318,53.00,203528,33921.33,1367277,227879.50,1234,205.67
1172,1,780,780.00,194,194.00,47275,47275.00,961003,961003.00,0,0.00
1176,2,978,489.00,308,154.00,41355,20677.50,244050,122025.00,1787,893.50
1177,2,878,439.00,392,196.00,61812,30906.00,379466,189733.00,1092,546.00
1182,2,394,197.00,100,50.00,66262,33131.00,373085,186542.50,736,368.00
1185,1,676,676.00,169,169.00,38012,38012.00,363438,363438.00,781,781.00
1187,1,789,789.00,196,196.00,47794,47794.00,991125,991125.00,0,0.00
1189,2,888,444.00,396,198.00,62686,31343.00,295044,147522.00,832,416.00
1194,6,1230,205.00,324,54.00,208108,34684.67,1452546,242091.00,1445,240.83
1200,1,796,796.00,196,196.00,48210,48210.00,1019417,1019417.00,0,0.00
1201,1,448,448.00,200,200.00,31896,31896.00,166809,166809.00,144,144.00
1206,3,1090,363.33,274,91.33,108875,36291.67,1184953,394984.33,664,221.33
1207,3,666,222.00,3,1.00,55582,18527.33,408242,136080.67,1204,401.33
1215,1,805,805.00,198,198.00,48729,48729.00,1049863,1049863.00,0,0.00
1218,6,1254,209.00,330,55.00,211986,35331.00,1576872,262812.00,1880,313.33
1222,1,406,406.00,1,1.00,4185,4185.00,54988,54988.00,1170,1170.00
1227,1,700,700.00,175,175.00,41892,41892.00,705310,705310.00,0,0.00
1228,1,812,812.00,198,198.00,47502,47502.00,597640,597640.00,391,391.00
1230,2,410,205.00,104,52.00,68880,34440.00,551656,275828.00,856,428.00
1239,1,341,341.00,137,137.00,34654,34654.00,122281,122281.00,1220,1220.00
1242,6,1278,213.00,336,56.00,215386,35897.67,1595622,265937.00,2377,396.17
1243,1,821,821.00,200,200.00,49664,49664.00,1109189,1109189.00,0,0.00
1248,1,712,712.00,178,178.00,42611,42611.00,729772,729772.00,0,0.00
1251,2,777,388.50,236,118.00,48000,24000.00,263947,131973.50,1424,712.00
1254,2,418,209.00,106,53.00,70058,35029.00,630116,315058.00,1056,528.00
1256,1,828,828.00,200,200.00,46899,46899.00,583373,583373.00,739,739.00
1266,6,1302,217.00,342,57.00,220301,36716.83,1608952,268158.67,2615,435.83
1269,1,724,724.00,181,181.00,43330,43330.00,754651,754651.00,0,0.00
1271,1,837,837.00,202,202.00,50599,50599.00,1169103,1169103.00,0,0.00
1278,2,426,213.00,108,54.00,71228,35614.00,735948,367974.00,1240,620.00
1284,1,844,844.00,202,202.00,46667,46667.00,820690,820690.00,1027,1027.00
1287,1,259,259.00,1,1.00,8778,8778.00,178936,178936.00,351,351.00
1290,7,2062,294.57,532,76.00,266027,38003.86,2199657,314236.71,3183,454.71
1299,1,853,853.00,204,204.00,51534,51534.00,1229605,1229605.00,0,0.00
1302,2,434,217.00,110,55.00,73852,36926.00,781808,390904.00,0,0.00
1309,1,435,435.00,1,1.00,4493,4493.00,58716,58716.00,1248,1248.00
1311,1,748,748.00,187,187.00,44768,44768.00,805660,805660.00,0,0.00
1312,1,860,860.00,204,204.00,46772,46772.00,1184725,1184725.00,1267,1267.00
1314,6,1350,225.00,354,59.00,228395,38065.83,1727493,287915.50,2693,448.83
1326,2,442,221.00,112,56.00,73916,36958.00,795328,397664.00,1294,647.00
1327,1,869,869.00,206,206.00,52469,52469.00,1290695,1290695.00,0,0.00
1332,1,760,760.00,190,190.00,43422,43422.00,413296,413296.00,651,651.00
1336,1,233,233.00,1,1.00,21796,21796.00,179511,179511.00,0,0.00
1338,6,1374,229.00,360,60.00,231740,38623.33,1796174,299362.33,2395,399.17
1340,2,952,476.00,207,103.50,96621,48310.50,1368236,684118.00,0,0.00
1350,2,450,225.00,114,57.00,75594,37797.00,675468,337734.00,984,492.00
1353,1,772,772.00,193,193.00,46206,46206.00,858337,858337.00,0,0.00
1355,1,885,885.00,208,208.00,53404,53404.00,1352373,1352373.00,0,0.00
1362,6,1398,233.00,366,61.00,236696,39449.33,1820315,303385.83,1809,301.50
1368,1,892,892.00,208,208.00,53820,53820.00,1382249,1382249.00,0,0.00
1370,1,780,780.00,194,194.00,43884,43884.00,488266,488266.00,899,899.00
1374,2,458,229.00,116,58.00,77268,38634.00,653846,326923.00,664,332.00
1383,1,901,901.00,210,210.00,54339,54339.00,1414639,1414639.00,0,0.00
1386,6,1422,237.00,372,62.00,240277,40046.17,1899314,316552.33,1383,230.50
1387,2,1248,624.00,338,169.00,56022,28011.00,1036310,518155.00,1359,679.50
1396,1,908,908.00,210,210.00,54755,54755.00,1444779,1444779.00,0,0.00
1398,2,466,233.00,118,59.00,78962,39481.00,732712,366356.00,344,172.00
1399,1,465,465.00,1,1.00,4961,4961.00,63348,63348.00,1254,1254.00
1403,1,560,560.00,103,103.00,25519,25519.00,189624,189624.00,872,872.00
1404,1,796,796.00,196,196.00,44132,44132.00,606223,606223.00,1080,1080.00
1410,6,1446,241.00,378,63.00,244578,40763.00,2006847,334474.50,1090,181.67
1411,1,917,917.00,212,212.00,54714,54714.00,1366706,1366706.00,56,56.00
1420,1,329,329.00,88,88.00,52682,52682.00,94799,94799.00,1304,1304.00
1421,1,804,804.00,197,197.00,47910,47910.00,967129,967129.00,0,0.00
1422,2,474,237.00,120,60.00,80652,40326.00,917702,458851.00,24,12.00
1424,1,924,924.00,212,212.00,55690,55690.00,1507897,1507897.00,0,0.00
1434,6,1470,245.00,384,64.00,248779,41463.17,2117890,352981.67,1006,167.67
1438,1,812,812.00,198,198.00,44610,44610.00,717905,717905.00,1194,1194.00
1439,1,933,933.00,214,214.00,55681,55681.00,1428338,1428338.00,56,56.00
1446,2,482,241.00,122,61.00,82048,41024.00,965156,482578.00,0,0.00
1452,1,940,940.00,214,214.00,56625,56625.00,1571603,1571603.00,0,0.00
1455,1,820,820.00,199,199.00,48762,48762.00,1022893,1022893.00,0,0.00
1458,6,1494,249.00,390,65.00,252586,42097.67,2120632,353438.67,1304,217.33
1467,1,949,949.00,216,216.00,57128,57128.00,1604965,1604965.00,0,0.00
1470,2,490,245.00,124,62.00,83414,41707.00,997590,498795.00,0,0.00
1472,1,828,828.00,200,200.00,45159,45159.00,776289,776289.00,1245,1245.00
1480,1,956,956.00,216,216.00,57560,57560.00,1635897,1635897.00,0,0.00
1482,6,1518,253.00,396,66.00,256362,42727.00,2136728,356121.33,1790,298.33
1489,1,836,836.00,201,201.00,49614,49614.00,1079569,1079569.00,0,0.00
1492,1,496,496.00,1,1.00,5205,5205.00,68376,68376.00,1380,1380.00
1494,2,498,249.00,126,63.00,84780,42390.00,1030560,515280.00,0,0.00
1495,1,965,965.00,218,218.00,58079,58079.00,1669583,1669583.00,0,0.00
1506,7,2386,340.86,604,86.29,307047,43863.86,2946755,420965.00,3564,509.14
1508,1,972,972.00,218,218.00,52404,52404.00,1616359,1616359.00,1465,1465.00
1510,1,154,154.00,93,93.00,21171,21171.00,10752,10752.00,1120,1120.00
1515,3,834,278.00,3,1.00,70148,23382.67,598269,199423.00,1160,386.67
1518,2,506,253.00,128,64.00,84514,42257.00,966716,483358.00,1592,796.00
1523,3,1988,662.67,516,172.00,144129,48043.00,2882325,960775.00,1156,385.33
1526,1,314,314.00,31,31.00,579383,579383.00,134372,134372.00,150,150.00
1530,6,1566,261.00,408,68.00,264176,44029.33,2259527,376587.83,4415,735.83
1536,1,988,988.00,220,220.00,54008,54008.00,1278212,1278212.00,1286,1286.00
1540,1,860,860.00,204,204.00,47376,47376.00,734182,734182.00,1153,1153.00
1542,2,514,257.00,130,65.00,86404,43202.00,670888,335444.00,1080,540.00
1551,1,997,997.00,222,222.00,59949,59949.00,1800583,1800583.00,0,0.00
1554,6,1590,265.00,414,69.00,267773,44628.83,2044010,340668.33,7344,1224.00
1557,1,868,868.00,205,205.00,51318,51318.00,1195657,1195657.00,0,0.00
1564,1,1004,1004.00,222,222.00,56076,56076.00,1002400,1002400.00,1051,1051.00
1566,2,522,261.00,132,66.00,87962,43981.00,735752,367876.00,888,444.00
1574,1,876,876.00,206,206.00,48525,48525.00,662222,662222.00,1015,1015.00
1578,6,1614,269.00,420,70.00,272063,45343.83,2046852,341142.00,7116,1186.00
1579,1,1013,1013.00,224,224.00,60884,60884.00,1866965,1866965.00,0,0.00
1588,1,528,528.00,1,1.00,5639,5639.00,73036,73036.00,1419,1419.00
1590,2,530,265.00,134,67.00,89058,44529.00,940823,470411.50,1168,584.00
1591,1,884,884.00,207,207.00,52170,52170.00,1255069,1255069.00,0,0.00
1592,1,1020,1020.00,224,224.00,57244,57244.00,929656,929656.00,760,760.00
1602,6,1638,273.00,426,71.00,274660,45776.67,2320508,386751.33,5461,910.17
1607,1,1029,1029.00,226,226.00,61819,61819.00,1933935,1933935.00,0,0.00
1608,1,892,892.00,208,208.00,50082,50082.00,634647,634647.00,805,805.00
1614,2,538,269.00,136,68.00,90308,45154.00,1014666,507333.00,1296,648.00
1620,1,1036,1036.00,226,226.00,59940,59940.00,1223214,1223214.00,410,410.00
1625,1,900,900.00,209,209.00,53022,53022.00,1315393,1315393.00,0,0.00
1626,6,1662,277.00,432,72.00,281764,46960.67,2626610,437768.33,1635,272.50
1635,1,1045,1045.00,228,228.00,62754,62754.00,2001493,2001493.00,0,0.00
1638,2,546,273.00,138,69.00,91542,45771.00,1100884,550442.00,1424,712.00
1642,1,908,908.00,210,210.00,51763,51763.00,714718,714718.00,541,541.00
1648,1,1052,1052.00,228,228.00,63115,63115.00,2034009,2034009.00,3,3.00
1659,1,916,916.00,211,211.00,53874,53874.00,1376629,1376629.00,0,0.00
1662,2,554,277.00,140,70.00,91414,45707.00,1011217,505608.50,2910,1455.00
1663,1,1061,1061.00,230,230.00,57716,57716.00,1585652,1585652.00,1440,1440.00
1673,1,94,94.00,1,1.00,54802,54802.00,56098,56098.00,187,187.00
1676,2,1992,996.00,442,221.00,117348,58674.00,3169307,1584653.50,204,102.00
1677,6,1722,287.00,450,75.00,295350,49225.00,3066415,511069.17,837,139.50
1686,2,562,281.00,142,71.00,92972,46486.00,993988,496994.00,2720,1360.00
1687,1,561,561.00,1,1.00,5837,5837.00,78740,78740.00,1584,1584.00
1691,1,1077,1077.00,232,232.00,59678,59678.00,1070930,1070930.00,963,963.00
1693,1,932,932.00,213,213.00,54726,54726.00,1438777,1438777.00,0,0.00
1701,6,1746,291.00,456,76.00,299692,49948.67,3376358,562726.33,402,67.00
1704,1,1084,1084.00,232,232.00,65040,65040.00,2171417,2171417.00,0,0.00
1710,3,1510,503.33,358,119.33,151476,50492.00,2488911,829637.00,744,248.00
1717,1,312,312.00,1,1.00,26334,26334.00,271920,271920.00,1661,1661.00
1719,2,1285,642.50,235,117.50,68039,34019.50,1380574,690287.00,2145,1072.50
1725,6,1770,295.00,462,77.00,300464,50077.33,2759554,459925.67,4626,771.00
1727,1,948,948.00,215,215.00,51544,51544.00,932364,932364.00,1286,1286.00
1732,1,1100,1100.00,234,234.00,65975,65975.00,2241003,2241003.00,0,0.00
1734,2,578,289.00,146,73.00,97990,48995.00,1124304,562152.00,440,220.00
1744,1,956,956.00,216,216.00,56004,56004.00,1533709,1533709.00,0,0.00
1745,2,282,141.00,48,24.00,168344,84172.00,52198,26099.00,2572,1286.00
1747,1,1109,1109.00,236,236.00,66494,66494.00,2277605,2277605.00,0,0.00
1749,6,1794,299.00,468,78.00,305080,50846.67,2438247,406374.50,6220,1036.67
1758,2,586,293.00,148,74.00,99656,49828.00,1320798,660399.00,144,72.00
1760,1,1116,1116.00,236,236.00,60805,60805.00,1269744,1269744.00,1182,1182.00
1761,1,964,964.00,217,217.00,53869,53869.00,759966,759966.00,795,795.00
1773,6,1818,303.00,474,79.00,308759,51459.83,2226536,371089.33,6028,1004.67
1775,1,1125,1125.00,238,238.00,67429,67429.00,2348103,2348103.00,0,0.00
1778,1,972,972.00,218,218.00,56856,56856.00,1598137,1598137.00,0,0.00
1782,2,594,297.00,150,75.00,101172,50586.00,1468008,734004.00,0,0.00
1788,1,1132,1132.00,238,238.00,65069,65069.00,1411530,1411530.00,508,508.00
1789,1,595,595.00,1,1.00,6237,6237.00,82180,82180.00,1656,1656.00
1795,1,980,980.00,219,219.00,56049,56049.00,1235268,1235268.00,230,230.00
1797,6,1842,307.00,480,80.00,313278,52213.00,2171810,361968.33,5844,974.00
1803,1,1141,1141.00,240,240.00,68364,68364.00,2419189,2419189.00,0,0.00
1806,2,602,301.00,152,76.00,102538,51269.00,1507946,753973.00,0,0.00
1812,1,988,988.00,220,220.00,52696,52696.00,1375141,1375141.00,1635,1635.00
1816,1,1148,1148.00,240,240.00,68780,68780.00,2453289,2453289.00,0,0.00
1821,6,1866,311.00,486,81.00,316505,52750.83,2354834,392472.33,5636,939.33
1829,1,996,996.00,221,221.00,58134,58134.00,1696489,1696489.00,0,0.00
1830,2,610,305.00,154,77.00,103904,51952.00,1548420,774210.00,0,0.00
1831,1,1157,1157.00,242,242.00,63857,63857.00,1268764,1268764.00,1061,1061.00
1844,1,1164,1164.00,242,242.00,69715,69715.00,2525227,2525227.00,0,0.00
1845,6,1890,315.00,492,82.00,320595,53432.50,2720836,453472.67,5501,916.83
1846,1,1004,1004.00,222,222.00,55542,55542.00,840171,840171.00,980,980.00
1854,2,618,309.00,156,78.00,103476,51738.00,1536984,768492.00,1784,892.00
1859,1,1173,1173.00,244,244.00,68776,68776.00,1966099,1966099.00,252,252.00
1863,1,1012,1012.00,223,223.00,58986,58986.00,1763197,1763197.00,0,0.00
1869,6,1914,319.00,498,83.00,325990,54331.67,3136170,522695.00,5392,898.67
1872,1,1180,1180.00,244,244.00,63038,63038.00,1737547,1737547.00,1491,1491.00
1878,2,626,313.00,158,79.00,105094,52547.00,1376964,688482.00,1510,755.00
1880,1,1020,1020.00,224,224.00,58100,58100.00,1340236,1340236.00,255,255.00
1887,1,1189,1189.00,246,246.00,71169,71169.00,2635975,2635975.00,0,0.00
1893,6,1938,323.00,504,84.00,329893,54982.17,3614922,602487.00,3505,584.17
1894,1,630,630.00,1,1.00,6419,6419.00,88448,88448.00,1845,1845.00
1897,1,1028,1028.00,225,225.00,54906,54906.00,1325304,1325304.00,1584,1584.00
1900,1,1196,1196.00,246,246.00,68329,68329.00,1511295,1511295.00,604,604.00
1902,2,634,317.00,160,80.00,106760,53380.00,1292990,646495.00,1232,616.00
1911,2,700,350.00,2,1.00,57382,28691.00,452488,226244.00,2601,1300.50
1914,1,1036,1036.00,226,226.00,60264,60264.00,1864969,1864969.00,0,0.00
1915,1,1205,1205.00,248,248.00,64691,64691.00,2397866,2397866.00,1800,1800.00
1917,6,1962,327.00,510,85.00,335132,55855.33,3938440,656406.67,5257,876.17
1926,2,642,321.00,162,81.00,108402,54201.00,1285646,642823.00,962,481.00
1928,1,1212,1212.00,248,248.00,72520,72520.00,2744569,2744569.00,0,0.00
1931,1,1044,1044.00,227,227.00,58278,58278.00,912194,912194.00,771,771.00
1941,6,1986,331.00,516,86.00,337683,56280.50,4182658,697109.67,5123,853.83
1943,1,1221,1221.00,250,250.00,68740,68740.00,1420274,1420274.00,832,832.00
1947,2,634,317.00,2,1.00,86631,43315.50,62284,31142.00,3826,1913.00
1948,1,1052,1052.00,228,228.00,61116,61116.00,1933957,1933957.00,0,0.00
1950,2,650,325.00,164,82.00,109922,54961.00,1262508,631254.00,800,400.00
1956,1,1228,1228.00,250,250.00,73455,73455.00,2818859,2818859.00,0,0.00
1959,1,356,356.00,1,1.00,29886,29886.00,344010,344010.00,1908,1908.00
1965,7,3070,438.57,751,107.29,403548,57649.71,6178543,882649.00,5023,717.57
1971,2,1425,712.50,376,188.00,432413,216206.50,3004154,1502077.00,1964,982.00
1974,2,658,329.00,166,83.00,111418,55709.00,1314408,657204.00,652,326.00
1982,1,1068,1068.00,230,230.00,58518,58518.00,982906,982906.00,1133,1133.00
1984,1,1244,1244.00,252,252.00,69465,69465.00,1444421,1444421.00,943,943.00
1989,6,2034,339.00,528,88.00,348160,58026.67,4053014,675502.33,4803,800.50
1998,2,666,333.00,168,84.00,112940,56470.00,1486500,743250.00,512,256.00
1999,2,2329,1164.50,485,242.50,137303,68651.50,4972404,2486202.00,0,0.00
2002,1,666,666.00,1,1.00,6815,6815.00,93276,93276.00,1935,1935.00
2012,1,1260,1260.00,254,254.00,75325,75325.00,2969203,2969203.00,0,0.00
2013,6,2058,343.00,534,89.00,351012,58502.00,4003686,667281.00,4821,803.50
2016,1,1084,1084.00,232,232.00,62103,62103.00,1803760,1803760.00,136,136.00
2022,2,674,337.00,170,85.00,114242,57121.00,1510808,755404.00,566,283.00
2025,1,565,565.00,125,125.00,37834,37834.00,14107,14107.00,1984,1984.00
2027,1,1269,1269.00,256,256.00,71065,71065.00,1514696,1514696.00,928,928.00
2033,1,1092,1092.00,233,233.00,59133,59133.00,1144255,1144255.00,1352,1352.00
2037,6,2082,347.00,540,90.00,354726,59121.00,3924775,654129.17,6751,1125.17
2040,1,1276,1276.00,256,256.00,65892,65892.00,2956364,2956364.00,2008,2008.00
2043,1,114,114.00,1,1.00,66307,66307.00,56632,56632.00,1223,1223.00
2046,2,682,341.00,172,86.00,115556,57778.00,1521076,760538.00,632,316.00
2050,1,1100,1100.00,234,234.00,63672,63672.00,2146393,2146393.00,0,0.00
2055,1,1285,1285.00,258,258.00,72730,72730.00,3092370,3092370.00,0,0.00
2061,6,2106,351.00,546,91.00,359817,59969.50,3831731,638621.83,4477,746.17
2067,1,1108,1108.00,235,235.00,62779,62779.00,1689397,1689397.00,259,259.00
2070,2,690,345.00,174,87.00,116850,58425.00,1535658,767829.00,704,352.00
2084,2,2422,1211.00,501,250.50,136895,68447.50,2979242,1489621.00,2194,1097.00
2085,6,2130,355.00,552,92.00,362984,60497.33,3792386,632064.33,4300,716.67
2094,2,698,349.00,176,88.00,116108,58054.00,1453563,726781.50,2762,1381.00
2099,1,1315,1315.00,267,267.00,75824,75824.00,2673153,2673153.00,1770,1770.00
2101,1,1124,1124.00,237,237.00,64950,64950.00,2255689,2255689.00,0,0.00
2109,6,2154,359.00,558,93.00,366572,61095.33,3871983,645330.50,4209,701.50
2113,1,703,703.00,1,1.00,7419,7419.00,99864,99864.00,1929,1929.00
2118,4,3168,792.00,687,171.75,268733,67183.25,6837556,1709389.00,2874,718.50
2121,1,0,0.00,0,0.00,0,0.00,0,0.00,2120,2120.00
2133,7,3517,502.43,837,119.57,448294,64042.00,6420408,917201.14,4566,652.29
2135,1,1140,1140.00,239,239.00,61665,61665.00,1202673,1202673.00,1353,1353.00
2142,2,714,357.00,180,90.00,119114,59557.00,1185966,592983.00,2520,1260.00
2152,2,2502,1251.00,517,258.50,144759,72379.50,4311410,2155705.00,1322,661.00
2157,6,2202,367.00,570,95.00,376690,62781.67,4142052,690342.00,6252,1042.00
2166,2,722,361.00,182,91.00,120604,60302.00,1124014,562007.00,2408,1204.00
2167,1,1363,1363.00,279,279.00,88624,88624.00,3885279,3885279.00,0,0.00
2169,1,1156,1156.00,241,241.00,66374,66374.00,2293615,2293615.00,51,51.00
2181,6,2226,371.00,576,96.00,379685,63280.83,4169802,694967.00,6276,1046.00
2186,2,2542,1271.00,525,262.50,152802,76401.00,5072490,2536245.00,1148,574.00
2190,2,730,365.00,184,92.00,122074,61037.00,1200134,600067.00,2296,1148.00
2201,1,1387,1387.00,285,285.00,79363,79363.00,2017683,2017683.00,714,714.00
2203,1,1172,1172.00,243,243.00,60875,60875.00,2415694,2415694.00,2173,2173.00
2205,6,2250,375.00,582,97.00,383661,63943.50,4338134,723022.33,6207,1034.50
2214,3,1164,388.00,324,108.00,247746,82582.00,1712948,570982.67,4308,1436.00
2220,2,2582,1291.00,533,266.50,148272,74136.00,4874364,2437182.00,1585,792.50
2227,1,741,741.00,1,1.00,7829,7829.00,108768,108768.00,2028,2028.00
2229,6,2274,379.00,588,98.00,386659,64443.17,4616023,769337.17,6233,1038.83
2235,1,1411,1411.00,291,291.00,90970,90970.00,4122869,4122869.00,0,0.00
2237,1,1188,1188.00,245,245.00,64423,64423.00,1263844,1263844.00,782,782.00
2238,2,746,373.00,188,94.00,127126,63563.00,2318486,1159243.00,0,0.00
2253,6,2298,383.00,594,99.00,390934,65155.67,4703878,783979.67,6167,1027.83
2254,2,2622,1311.00,541,270.50,155011,77505.50,5878141,2939070.50,1766,883.00
2260,2,1504,752.00,502,251.00,65689,32844.50,23169,11584.50,4498,2249.00
2262,2,754,377.00,190,95.00,126422,63211.00,2183192,1091596.00,2064,1032.00
2269,1,1435,1435.00,297,297.00,81692,81692.00,2129368,2129368.00,746,746.00
2271,1,1204,1204.00,247,247.00,69210,69210.00,2634829,2634829.00,0,0.00
2277,6,2322,387.00,600,100.00,394763,65793.83,4657882,776313.67,6022,1003.67
2286,2,762,381.00,192,96.00,127950,63975.00,1314158,657079.00,1896,948.00
2288,2,2662,1331.00,549,274.50,151311,75655.50,4517589,2258794.50,1793,896.50
2296,1,764,764.00,255,255.00,37081,37081.00,476210,476210.00,616,616.00
2301,6,2346,391.00,606,101.00,400608,66768.00,4631878,771979.67,5875,979.17
2303,1,1459,1459.00,303,303.00,84908,84908.00,4356348,4356348.00,2298,2298.00
2305,1,1220,1220.00,249,249.00,66267,66267.00,1239856,1239856.00,1221,1221.00
2310,2,770,385.00,194,97.00,129412,64706.00,1541476,770738.00,1800,900.00
2322,2,2702,1351.00,557,278.50,157816,78908.00,6765824,3382912.00,2137,1068.50
2325,6,2370,395.00,612,102.00,403540,67256.67,4864930,810821.67,5955,992.50
2334,2,778,389.00,196,98.00,130392,65196.00,2366466,1183233.00,2176,1088.00
2337,1,1483,1483.00,309,309.00,91865,91865.00,2967217,2967217.00,495,495.00
2339,1,1236,1236.00,251,251.00,70914,70914.00,2792869,2792869.00,0,0.00
2344,1,780,780.00,1,1.00,8039,8039.00,112220,112220.00,2235,2235.00
2349,6,2394,399.00,618,103.00,407408,67901.33,4847975,807995.83,6249,1041.50
2356,2,2742,1371.00,565,282.50,154529,77264.50,3988848,1994424.00,1707,853.50
2358,2,786,393.00,198,99.00,132312,66156.00,1828600,914300.00,1634,817.00
2371,1,1507,1507.00,315,315.00,84945,84945.00,3159615,3159615.00,1913,1913.00
2373,7,3670,524.29,877,125.29,478984,68426.29,6176864,882409.14,10185,1455.00
2382,1,397,397.00,100,100.00,67359,67359.00,1038400,1038400.00,280,280.00
2390,2,2782,1391.00,573,286.50,161581,80790.50,7259627,3629813.50,2251,1125.50
2397,6,2442,407.00,630,105.00,416862,69477.00,5036825,839470.83,6416,1069.33
2405,1,1531,1531.00,321,321.00,96835,96835.00,4733119,4733119.00,0,0.00
2407,1,1268,1268.00,255,255.00,72618,72618.00,2954557,2954557.00,0,0.00
2413,1,216,216.00,126,126.00,120637,120637.00,27041,27041.00,2223,2223.00
2421,6,2466,411.00,636,106.00,419974,69995.67,5074244,845707.33,6032,1005.33
2424,2,2822,1411.00,581,290.50,164963,82481.50,5026401,2513200.50,1067,533.50
2439,1,1555,1555.00,327,327.00,87309,87309.00,2249069,2249069.00,1209,1209.00
2441,1,1284,1284.00,257,257.00,69462,69462.00,1374025,1374025.00,1319,1319.00
2445,6,2490,415.00,642,107.00,423158,70526.33,5408058,901343.00,6246,1041.00
2450,1,136,136.00,1,1.00,79468,79468.00,99112,99112.00,1891,1891.00
2458,1,1570,1570.00,331,331.00,88357,88357.00,2983919,2983919.00,1826,1826.00
2464,1,820,820.00,1,1.00,8481,8481.00,116136,116136.00,2334,2334.00
2468,1,1298,1298.00,261,261.00,78444,78444.00,2544246,2544246.00,2083,2083.00
2469,6,2514,419.00,648,108.00,429064,71510.67,4975895,829315.83,9012,1502.00
2473,1,1579,1579.00,333,333.00,90623,90623.00,4648392,4648392.00,2385,2385.00
2485,1,1306,1306.00,262,262.00,85240,85240.00,3434431,3434431.00,0,0.00
2492,1,1594,1594.00,337,337.00,99835,99835.00,5050865,5050865.00,0,0.00
2493,6,2538,423.00,654,109.00,432402,72067.00,5720691,953448.50,4184,697.33
2502,1,1314,1314.00,263,263.00,74997,74997.00,2958422,2958422.00,95,95.00
2507,1,1603,1603.00,339,339.00,99056,99056.00,4305151,4305151.00,220,220.00
2517,3,1281,427.00,330,110.00,218092,72697.33,3052703,1017567.67,1955,651.67
2519,1,1322,1322.00,264,264.00,78835,78835.00,1854686,1854686.00,847,847.00
2526,1,1618,1618.00,343,343.00,97047,97047.00,2983367,2983367.00,758,758.00
2536,1,1330,1330.00,265,265.00,81810,81810.00,1906347,1906347.00,1561,1561.00
2541,1,1627,1627.00,345,345.00,90648,90648.00,2411329,2411329.00,1269,1269.00
2553,1,1338,1338.00,266,266.00,80250,80250.00,2892321,2892321.00,2233,2233.00
2560,1,1642,1642.00,349,349.00,92107,92107.00,2951325,2951325.00,1770,1770.00
2570,1,1346,1346.00,267,267.00,87370,87370.00,3692791,3692791.00,0,0.00
2575,1,1651,1651.00,351,351.00,94072,94072.00,4114113,4114113.00,2230,2230.00
2587,2,2215,1107.50,269,134.50,96077,48038.50,3611351,1805675.50,2617,1308.50
2594,1,1666,1666.00,355,355.00,103354,103354.00,5435303,5435303.00,0,0.00
2604,1,1362,1362.00,269,269.00,79830,79830.00,2103155,2103155.00,745,745.00
2609,1,1675,1675.00,357,357.00,103873,103873.00,5496109,5496109.00,0,0.00
2621,1,1370,1370.00,270,270.00,84518,84518.00,1908379,1908379.00,1390,1390.00
2626,1,278,278.00,4,4.00,113610,113610.00,73372,73372.00,2599,2599.00
2628,1,1690,1690.00,361,361.00,103108,103108.00,4598264,4598264.00,256,256.00
2638,1,1378,1378.00,271,271.00,83218,83218.00,2505118,2505118.00,1982,1982.00
2643,1,1699,1699.00,363,363.00,101470,101470.00,3494075,3494075.00,668,668.00
2655,1,1386,1386.00,272,272.00,81874,81874.00,3722589,3722589.00,2564,2564.00
2661,1,327,327.00,1,1.00,115582,115582.00,123149,123149.00,2648,2648.00
2662,1,1714,1714.00,367,367.00,100297,100297.00,2903418,2903418.00,1056,1056.00
2672,1,1394,1394.00,273,273.00,89926,89926.00,4010347,4010347.00,0,0.00
2677,1,1723,1723.00,369,369.00,95264,95264.00,2659354,2659354.00,1418,1418.00
2689,1,1402,1402.00,274,274.00,89181,89181.00,3403099,3403099.00,228,228.00
2696,1,1738,1738.00,373,373.00,96779,96779.00,3058317,3058317.00,1770,1770.00
2706,1,1410,1410.00,275,275.00,81809,81809.00,2249574,2249574.00,788,788.00
2711,1,1747,1747.00,375,375.00,98173,98173.00,3754053,3754053.00,2101,2101.00
2713,1,903,903.00,1,1.00,9239,9239.00,128628,128628.00,2619,2619.00
2723,1,1418,1418.00,276,276.00,84714,84714.00,2027414,2027414.00,1336,1336.00
2730,1,1762,1762.00,379,379.00,99552,99552.00,4642885,4642885.00,2394,2394.00
2740,1,1426,1426.00,277,277.00,86104,86104.00,2394927,2394927.00,1841,1841.00
2745,1,1771,1771.00,381,381.00,99937,99937.00,5678633,5678633.00,2666,2666.00
2757,1,1434,1434.00,278,278.00,85260,85260.00,3208985,3208985.00,2324,2324.00
2764,1,1786,1786.00,385,385.00,109219,109219.00,6094633,6094633.00,0,0.00
2774,1,1442,1442.00,279,279.00,92482,92482.00,4336111,4336111.00,0,0.00
2779,1,1795,1795.00,387,387.00,109738,109738.00,6157509,6157509.00,0,0.00
2791,1,1450,1450.00,280,280.00,92908,92908.00,4391203,4391203.00,0,0.00
2798,1,1810,1810.00,391,391.00,109315,109315.00,5526670,5526670.00,171,171.00
2806,1,250,250.00,311,311.00,6116,6116.00,649,649.00,2805,2805.00
2808,1,1458,1458.00,281,281.00,92204,92204.00,3764416,3764416.00,221,221.00
2813,1,1819,1819.00,393,393.00,108677,108677.00,4807957,4807957.00,393,393.00
2819,1,698,698.00,233,233.00,71210,71210.00,87270,87270.00,630,630.00
2825,1,1466,1466.00,282,282.00,83264,83264.00,2632843,2632843.00,665,665.00
2832,1,1834,1834.00,397,397.00,108404,108404.00,4271033,4271033.00,598,598.00
2842,2,2420,1210.00,284,142.00,95196,47598.00,2389245,1194622.50,3891,1945.50
2847,1,1843,1843.00,399,399.00,107959,107959.00,3855304,3855304.00,783,783.00
2859,1,1482,1482.00,284,284.00,87893,87893.00,2260676,2260676.00,1506,1506.00
2866,1,1858,1858.00,403,403.00,107698,107698.00,3597174,3597174.00,952,952.00
2876,1,1490,1490.00,285,285.00,89774,89774.00,2586477,2586477.00,1880,1880.00
2881,1,1867,1867.00,405,405.00,107532,107532.00,3425772,3425772.00,1099,1099.00
2893,1,1498,1498.00,286,286.00,89098,89098.00,3133813,3133813.00,2237,2237.00
2894,1,160,160.00,1,1.00,94013,94013.00,132935,132935.00,2177,2177.00
2900,1,1882,1882.00,409,409.00,107546,107546.00,3326257,3326257.00,1231,1231.00
2910,1,1506,1506.00,287,287.00,88431,88431.00,3871805,3871805.00,2582,2582.00
2915,1,1891,1891.00,411,411.00,107525,107525.00,3296465,3296465.00,1342,1342.00
2927,1,1514,1514.00,288,288.00,88013,88013.00,4773986,4773986.00,2901,2901.00
2934,1,1906,1906.00,415,415.00,107698,107698.00,3292508,3292508.00,1436,1436.00
2944,1,1522,1522.00,289,289.00,96742,96742.00,4897291,4897291.00,0,0.00
2949,1,1915,1915.00,417,417.00,107937,107937.00,3316834,3316834.00,1507,1507.00
2961,1,1530,1530.00,290,290.00,96957,96957.00,4859407,4859407.00,30,30.00
2968,1,1930,1930.00,421,421.00,108231,108231.00,3342033,3342033.00,1568,1568.00
2974,1,990,990.00,1,1.00,10145,10145.00,141948,141948.00,2862,2862.00
2978,1,1538,1538.00,291,291.00,95954,95954.00,3997495,3997495.00,323,323.00
2983,1,1939,1939.00,423,423.00,108637,108637.00,3388142,3388142.00,1600,1600.00
2995,1,1546,1546.00,292,292.00,85886,85886.00,3099203,3099203.00,593,593.00
3002,1,1954,1954.00,427,427.00,109030,109030.00,3423200,3423200.00,1624,1624.00
3012,1,1554,1554.00,293,293.00,87427,87427.00,2761612,2761612.00,856,856.00
3017,1,1963,1963.00,429,429.00,109480,109480.00,3454933,3454933.00,1624,1624.00
3029,1,1562,1562.00,294,294.00,88904,88904.00,2580758,2580758.00,1098,1098.00
3036,2,2173,1086.50,560,280.00,132705,66352.50,3493522,1746761.00,4605,2302.50
3046,1,1570,1570.00,295,295.00,90123,90123.00,2513353,2513353.00,1328,1328.00
3051,1,1987,1987.00,435,435.00,111159,111159.00,3533212,3533212.00,1568,1568.00
3063,1,1578,1578.00,296,296.00,91524,91524.00,2552353,2552353.00,1536,1536.00
3064,1,193,193.00,129,129.00,32552,32552.00,2441,2441.00,3037,3037.00
3070,1,2002,2002.00,439,439.00,111979,111979.00,3583174,3583174.00,1515,1515.00
3080,1,1586,1586.00,297,297.00,92768,92768.00,2661791,2661791.00,1727,1727.00
3085,1,2011,2011.00,441,441.00,112972,112972.00,3647912,3647912.00,1440,1440.00
3097,1,1594,1594.00,298,298.00,95405,95405.00,2824992,2824992.00,1893,1893.00
3104,1,2026,2026.00,445,445.00,113835,113835.00,3745063,3745063.00,1351,1351.00
3109,1,1035,1035.00,1,1.00,10565,10565.00,148456,148456.00,3012,3012.00
3111,1,773,773.00,258,258.00,77459,77459.00,91488,91488.00,1980,1980.00
3114,1,1602,1602.00,299,299.00,95232,95232.00,3010861,3010861.00,2047,2047.00
3119,1,2035,2035.00,447,447.00,114919,114919.00,3894295,3894295.00,1240,1240.00
3131,1,1610,1610.00,300,300.00,95528,95528.00,3225702,3225702.00,2177,2177.00
3138,1,2050,2050.00,451,451.00,116282,116282.00,4116644,4116644.00,1112,1112.00
3148,1,1618,1618.00,301,301.00,95544,95544.00,3428841,3428841.00,2299,2299.00
3151,1,450,450.00,63,63.00,9522,9522.00,2052,2052.00,3150,3150.00
3165,1,1626,1626.00,302,302.00,95734,95734.00,3637926,3637926.00,2400,2400.00
3182,1,1634,1634.00,303,303.00,95888,95888.00,3819154,3819154.00,2484,2484.00
3199,1,1642,1642.00,304,304.00,96090,96090.00,3983112,3983112.00,2560,2560.00
3209,1,2057,2057.00,453,453.00,118824,118824.00,4460152,4460152.00,960,960.00
3216,1,1650,1650.00,305,305.00,96298,96298.00,4112995,4112995.00,2611,2611.00
3232,1,2070,2070.00,456,456.00,123476,123476.00,4980038,4980038.00,793,793.00
3233,1,1658,1658.00,306,306.00,96635,96635.00,4212545,4212545.00,2653,2653.00
3247,2,3160,1580.00,459,229.50,135162,67581.00,5724065,2862032.50,3841,1920.50
3250,1,1666,1666.00,307,307.00,97077,97077.00,4275315,4275315.00,2674,2674.00
3260,1,2086,2086.00,458,458.00,125045,125045.00,6332077,6332077.00,394,394.00
3267,1,1674,1674.00,308,308.00,97441,97441.00,4297637,4297637.00,2679,2679.00
3275,1,2095,2095.00,460,460.00,125785,125785.00,7272037,7272037.00,181,181.00
3284,1,1682,1682.00,309,309.00,97942,97942.00,4290985,4290985.00,2670,2670.00
3288,1,2102,2102.00,460,460.00,125558,125558.00,8400182,8400182.00,3243,3243.00
3301,1,1690,1690.00,310,310.00,98460,98460.00,4242457,4242457.00,2645,2645.00
3303,1,2111,2111.00,462,462.00,126915,126915.00,7344132,7344132.00,3008,3008.00
3316,1,2118,2118.00,462,462.00,128227,128227.00,6391163,6391163.00,2759,2759.00
3318,1,1698,1698.00,311,311.00,98995,98995.00,4155671,4155671.00,2604,2604.00
3331,1,2127,2127.00,464,464.00,129908,129908.00,5607319,5607319.00,2496,2496.00
3335,1,1706,1706.00,312,312.00,99667,99667.00,4045725,4045725.00,2549,2549.00
3344,1,2134,2134.00,464,464.00,129008,129008.00,4972816,4972816.00,2216,2216.00
3352,2,2086,1043.00,375,187.50,193816,96908.00,3919315,1959657.50,5826,2913.00
3359,1,2143,2143.00,466,466.00,126984,126984.00,4599925,4599925.00,1922,1922.00
3369,1,1722,1722.00,314,314.00,100960,100960.00,3762382,3762382.00,2386,2386.00
3372,1,2150,2150.00,466,466.00,127872,127872.00,4491076,4491076.00,1610,1610.00
3375,1,186,186.00,1,1.00,110881,110881.00,148474,148474.00,2000,2000.00
3386,1,1730,1730.00,315,315.00,101788,101788.00,3601863,3601863.00,2285,2285.00
3387,1,2159,2159.00,468,468.00,128767,128767.00,4734705,4734705.00,1286,1286.00
3388,1,1128,1128.00,1,1.00,11363,11363.00,165100,165100.00,3357,3357.00
3400,1,2166,2166.00,468,468.00,129741,129741.00,5377487,5377487.00,941,941.00
3403,1,1738,1738.00,316,316.00,102622,102622.00,3448147,3448147.00,2159,2159.00
3415,1,2175,2175.00,470,470.00,130720,130720.00,6430355,6430355.00,589,589.00
3420,1,1746,1746.00,317,317.00,99978,99978.00,3305150,3305150.00,2023,2023.00
3428,1,2182,2182.00,470,470.00,137723,137723.00,8250397,8250397.00,227,227.00
3437,1,1754,1754.00,318,318.00,99534,99534.00,3194470,3194470.00,1859,1859.00
3443,1,2191,2191.00,472,472.00,131282,131282.00,8121221,8121221.00,3155,3155.00
3454,1,1762,1762.00,319,319.00,98999,98999.00,3139199,3139199.00,1676,1676.00
3456,1,2198,2198.00,472,472.00,133369,133369.00,6636642,6636642.00,2767,2767.00
3471,2,3977,1988.50,794,397.00,230729,115364.50,8672568,4336284.00,3853,1926.50
3484,1,2214,2214.00,474,474.00,131678,131678.00,4937911,4937911.00,1956,1956.00
3488,1,1778,1778.00,321,321.00,97627,97627.00,3267941,3267941.00,1268,1268.00
3499,1,2223,2223.00,476,476.00,132729,132729.00,4928718,4928718.00,1521,1521.00
3505,1,1786,1786.00,322,322.00,105590,105590.00,3807823,3807823.00,1037,1037.00
3512,1,2230,2230.00,476,476.00,133713,133713.00,5560755,5560755.00,1073,1073.00
3522,1,1794,1794.00,323,323.00,107193,107193.00,4454084,4454084.00,793,793.00
3527,1,2239,2239.00,478,478.00,138996,138996.00,7060311,7060311.00,619,619.00
3539,1,1802,1802.00,324,324.00,108980,108980.00,5236030,5236030.00,527,527.00
3540,1,2246,2246.00,478,478.00,132874,132874.00,8835732,8835732.00,3444,3444.00
3550,1,507,507.00,4,4.00,6671,6671.00,445,445.00,3542,3542.00
3555,1,2255,2255.00,480,480.00,136050,136050.00,7499652,7499652.00,2972,2972.00
3566,1,1816,1816.00,328,328.00,113229,113229.00,6304958,6304958.00,231,231.00
3568,1,2262,2262.00,480,480.00,135288,135288.00,5907136,5907136.00,2476,2476.00
3583,2,4095,2047.50,811,405.50,249703,124851.50,12129826,6064913.00,5398,2699.00
3596,1,2278,2278.00,482,482.00,136623,136623.00,5328215,5328215.00,1435,1435.00
3600,1,1832,1832.00,330,330.00,115564,115564.00,5908048,5908048.00,3112,3112.00
3611,1,2287,2287.00,484,484.00,140425,140425.00,6495545,6495545.00,903,903.00
3617,1,1840,1840.00,331,331.00,116913,116913.00,5046515,5046515.00,2785,2785.00
3624,1,2294,2294.00,484,484.00,143558,143558.00,8763975,8763975.00,348,348.00
3634,1,1848,1848.00,332,332.00,118444,118444.00,4377847,4377847.00,2432,2432.00
3639,1,2303,2303.00,486,486.00,138545,138545.00,8071276,8071276.00,3095,3095.00
3651,1,1856,1856.00,333,333.00,114792,114792.00,3930076,3930076.00,2052,2052.00
3652,1,2310,2310.00,486,486.00,137599,137599.00,6126269,6126269.00,2515,2515.00
3667,1,2319,2319.00,488,488.00,138725,138725.00,5376722,5376722.00,1930,1930.00
3668,1,1864,1864.00,334,334.00,113167,113167.00,3794031,3794031.00,1644,1644.00
3680,1,2326,2326.00,488,488.00,139841,139841.00,5775921,5775921.00,1318,1318.00
3685,1,1872,1872.00,335,335.00,119956,119956.00,4310166,4310166.00,1226,1226.00
3695,1,2335,2335.00,490,490.00,144225,144225.00,7629491,7629491.00,700,700.00
3702,1,1880,1880.00,336,336.00,118171,118171.00,5199027,5199027.00,784,784.00
3708,1,2342,2342.00,490,490.00,139573,139573.00,9059278,9059278.00,3375,3375.00
3719,1,1888,1888.00,337,337.00,116294,116294.00,6561189,6561189.00,325,325.00
3723,1,2351,2351.00,492,492.00,139591,139591.00,6819077,6819077.00,2732,2732.00
3736,2,4254,2127.00,830,415.00,258814,129407.00,12379888,6189944.00,5462,2731.00
3751,2,3543,1771.50,705,352.50,694067,347033.50,6564194,3282097.00,3838,1919.00
3753,1,1904,1904.00,339,339.00,120160,120160.00,5554878,5554878.00,2925,2925.00
3764,1,2374,2374.00,494,494.00,146380,146380.00,7929437,7929437.00,715,715.00
3770,1,1912,1912.00,340,340.00,121882,121882.00,4601559,4601559.00,2451,2451.00
3779,1,2383,2383.00,496,496.00,140203,140203.00,9172539,9172539.00,3332,3332.00
3787,1,1920,1920.00,341,341.00,116612,116612.00,4091516,4091516.00,1924,1924.00
3792,1,2390,2390.00,496,496.00,141578,141578.00,6542018,6542018.00,2615,2615.00
3804,1,1928,1928.00,342,342.00,114347,114347.00,4178878,4178878.00,1380,1380.00
3807,1,2399,2399.00,498,498.00,144028,144028.00,5764665,5764665.00,1890,1890.00
3820,1,2406,2406.00,498,498.00,146133,146133.00,6767340,6767340.00,1152,1152.00
3821,1,1936,1936.00,343,343.00,120496,120496.00,5481878,5481878.00,826,826.00
3830,1,1176,1176.00,211,211.00,447349,447349.00,353306,353306.00,3647,3647.00
3835,1,2415,2415.00,500,500.00,141342,141342.00,9074199,9074199.00,3703,3703.00
3838,1,1944,1944.00,344,344.00,119002,119002.00,7266600,7266600.00,3770,3770.00
3848,1,2422,2422.00,500,500.00,142959,142959.00,7612540,7612540.00,2939,2939.00
3855,1,1952,1952.00,345,345.00,121884,121884.00,6435600,6435600.00,3216,3216.00
3863,1,2431,2431.00,502,502.00,144314,144314.00,5814075,5814075.00,2156,2156.00
3872,1,1960,1960.00,346,346.00,124040,124040.00,5069919,5069919.00,2645,2645.00
3876,1,2438,2438.00,502,502.00,146853,146853.00,6499925,6499925.00,1372,1372.00
3889,1,1968,1968.00,347,347.00,118812,118812.00,4330935,4330935.00,2022,2022.00
3891,1,2447,2447.00,504,504.00,142104,142104.00,9167824,9167824.00,3871,3871.00
3893,1,214,214.00,1,1.00,128722,128722.00,207158,207158.00,1356,1356.00
3904,1,2454,2454.00,504,504.00,144477,144477.00,8060743,8060743.00,3052,3052.00
3906,1,1976,1976.00,348,348.00,124561,124561.00,4735033,4735033.00,1383,1383.00
3919,1,2463,2463.00,506,506.00,145815,145815.00,5972143,5972143.00,2216,2216.00
3923,1,1984,1984.00,349,349.00,121736,121736.00,6092093,6092093.00,720,720.00
3932,1,2470,2470.00,506,506.00,148753,148753.00,6738652,6738652.00,1376,1376.00
3940,1,1992,1992.00,350,350.00,122836,122836.00,7511546,7511546.00,3578,3578.00
3947,1,2479,2479.00,508,508.00,144301,144301.00,9196917,9196917.00,3828,3828.00
3957,1,2000,2000.00,351,351.00,125342,125342.00,5778599,5778599.00,2928,2928.00
3960,1,2486,2486.00,508,508.00,146110,146110.00,7704345,7704345.00,2952,2952.00
3974,1,2008,2008.00,352,352.00,121181,121181.00,4639746,4639746.00,2239,2239.00
3975,1,2495,2495.00,510,510.00,152490,152490.00,6247419,6247419.00,2058,2058.00
3988,1,2502,2502.00,510,510.00,151620,151620.00,7541821,7541821.00,1163,1163.00
3991,1,2016,2016.00,353,353.00,126530,126530.00,4816635,4816635.00,1515,1515.00
4003,1,2511,2511.00,512,512.00,145716,145716.00,9157841,9157841.00,3564,3564.00
4008,1,2024,2024.00,354,354.00,123305,123305.00,6256854,6256854.00,767,767.00
4016,1,2518,2518.00,512,512.00,148100,148100.00,6822591,6822591.00,2632,2632.00
4021,1,600,600.00,0,0.00,103070,103070.00,3856,3856.00,4020,4020.00
4025,1,2032,2032.00,355,355.00,125153,125153.00,7638156,7638156.00,3550,3550.00
4026,1,954,954.00,1,1.00,87379,87379.00,12483,12483.00,3983,3983.00
4042,1,2040,2040.00,356,356.00,128021,128021.00,5642826,5642826.00,2815,2815.00
4059,1,2048,2048.00,357,357.00,121812,121812.00,4647518,4647518.00,2026,2026.00
4076,1,2056,2056.00,358,358.00,126761,126761.00,5485292,5485292.00,1217,1217.00
4093,1,2064,2064.00,359,359.00,124788,124788.00,7403208,7403208.00,3916,3916.00
4110,1,2072,2072.00,360,360.00,128836,128836.00,6426342,6426342.00,3118,3118.00
4127,1,2080,2080.00,361,361.00,124142,124142.00,4943888,4943888.00,2277,2277.00
4144,1,2088,2088.00,362,362.00,128771,128771.00,5400344,5400344.00,1400,1400.00
4161,1,2096,2096.00,363,363.00,125866,125866.00,7405909,7405909.00,4026,4026.00
4178,1,2104,2104.00,364,364.00,130467,130467.00,6622077,6622077.00,3165,3165.00
4186,1,445,445.00,1,1.00,123668,123668.00,228033,228033.00,4172,4172.00
4195,1,2112,2112.00,365,365.00,125155,125155.00,5033304,5033304.00,2256,2256.00
4212,1,2120,2120.00,366,366.00,129464,129464.00,5738234,5738234.00,1311,1311.00
4229,1,2128,2128.00,367,367.00,128496,128496.00,7557469,7557469.00,3884,3884.00
4246,1,2136,2136.00,368,368.00,132914,132914.00,6199791,6199791.00,2956,2956.00
4263,1,2144,2144.00,369,369.00,125032,125032.00,5017694,5017694.00,1958,1958.00
4280,1,2152,2152.00,370,370.00,129021,129021.00,6707816,6707816.00,945,945.00
4297,1,2160,2160.00,371,371.00,132522,132522.00,7650066,7650066.00,3482,3482.00
4314,1,2168,2168.00,372,372.00,128275,128275.00,5442701,5442701.00,2468,2468.00
4331,1,2176,2176.00,373,373.00,132024,132024.00,5935310,5935310.00,1404,1404.00
4348,1,2184,2184.00,374,374.00,131806,131806.00,7659904,7659904.00,3860,3860.00
4365,1,2192,2192.00,375,375.00,130782,130782.00,6059785,6059785.00,2817,2817.00
4382,1,2200,2200.00,376,376.00,134291,134291.00,5713925,5713925.00,1702,1702.00
4399,1,2208,2208.00,377,377.00,131603,131603.00,7590708,7590708.00,4098,4098.00
4416,1,2216,2216.00,378,378.00,132664,132664.00,6532112,6532112.00,3012,3012.00
4425,1,247,247.00,124,124.00,35617,35617.00,3009,3009.00,4405,4405.00
4433,1,2224,2224.00,379,379.00,135933,135933.00,5726171,5726171.00,1846,1846.00
4448,1,244,244.00,1,1.00,145827,145827.00,252293,252293.00,3063,3063.00
4450,1,2232,2232.00,380,380.00,132474,132474.00,7599327,7599327.00,4193,4193.00
4467,1,2240,2240.00,381,381.00,133730,133730.00,6689843,6689843.00,3063,3063.00
4484,1,2248,2248.00,382,382.00,136759,136759.00,5850707,5850707.00,1846,1846.00
4501,1,2256,2256.00,383,383.00,133997,133997.00,7636022,7636022.00,4144,4144.00
4518,1,2264,2264.00,384,384.00,134085,134085.00,6520253,6520253.00,2957,2957.00
4896,1,825,825.00,210,210.00,139233,139233.00,2616158,2616158.00,3161,3161.00
5040,1,276,276.00,1,1.00,165144,165144.00,265522,265522.00,4210,4210.00
5143,1,251,251.00,127,127.00,210424,210424.00,7863,7863.00,5105,5105.00
5613,2,1284,642.00,18,9.00,576483,288241.50,203507,101753.50,10073,5036.50
5669,1,310,310.00,1,1.00,186328,186328.00,306610,306610.00,4767,4767.00
5753,1,1356,1356.00,217,217.00,602176,602176.00,1175287,1175287.00,4205,4205.00
5895,1,1356,1356.00,217,217.00,719431,719431.00,1231145,1231145.00,2967,2967.00
5900,1,132,132.00,0,0.00,26439,26439.00,3513,3513.00,5899,5899.00
6335,1,346,346.00,1,1.00,209525,209525.00,346018,346018.00,4701,4701.00
7038,1,384,384.00,1,1.00,231332,231332.00,428022,428022.00,6836,6836.00
7735,1,7734,7734.00,1,1.00,23577,23577.00,3037316,3037316.00,7361,7361.00
7778,1,424,424.00,1,1.00,258376,258376.00,488468,488468.00,5404,5404.00
8185,1,128,128.00,128,128.00,158757,158757.00,44899,44899.00,8128,8128.00
8499,1,499,499.00,313,313.00,99232,99232.00,30719,30719.00,8453,8453.00
8555,1,466,466.00,1,1.00,283756,283756.00,540356,540356.00,6109,6109.00
9369,1,510,510.00,1,1.00,308714,308714.00,594980,594980.00,8919,8919.00
10220,1,556,556.00,1,1.00,338884,338884.00,640929,640929.00,8031,8031.00
10358,1,315,315.00,195,195.00,113691,113691.00,3757,3757.00,10310,10310.00
11037,1,0,0.00,0,0.00,266569,266569.00,784889,784889.00,10974,10974.00
11108,1,604,604.00,1,1.00,368314,368314.00,684425,684425.00,9178,9178.00
11465,1,189,189.00,0,0.00,448582,448582.00,59482,59482.00,11464,11464.00
12033,1,654,654.00,1,1.00,399908,399908.00,767084,767084.00,9437,9437.00
12215,1,124,124.00,0,0.00,375600,375600.00,36955,36955.00,12214,12214.00
12327,2,2906,1453.00,48,24.00,3408363,1704181.50,1183264,591632.00,22170,11085.00
12995,1,706,706.00,1,1.00,430635,430635.00,827580,827580.00,11657,11657.00
13994,1,760,760.00,1,1.00,464435,464435.00,859254,859254.00,12915,12915.00
15030,1,816,816.00,1,1.00,500342,500342.00,928540,928540.00,13174,13174.00
15625,1,7813,7813.00,1,1.00,70481,70481.00,4976221,4976221.00,15454,15454.00
15630,1,7815,7815.00,7813,7813.00,187528,187528.00,9930431,9930431.00,15452,15452.00
16103,1,874,874.00,1,1.00,534968,534968.00,1015267,1015267.00,15275,15275.00
17213,1,934,934.00,1,1.00,572220,572220.00,1087275,1087275.00,16309,16309.00
18360,1,996,996.00,1,1.00,611824,611824.00,1165879,1165879.00,16237,16237.00
19544,1,1060,1060.00,1,1.00,651110,651110.00,1246780,1246780.00,17875,17875.00
20765,1,1126,1126.00,1,1.00,691903,691903.00,1340928,1340928.00,18381,18381.00
22023,1,1194,1194.00,1,1.00,732381,732381.00,1433814,1433814.00,20501,20501.00
23206,1,15470,15470.00,7735,7735.00,318244,318244.00,16752388,16752388.00,22083,22083.00
23318,1,1264,1264.00,1,1.00,776060,776060.00,1502363,1502363.00,21388,21388.00
24650,1,1336,1336.00,1,1.00,819532,819532.00,1609707,1609707.00,23867,23867.00
26019,1,1410,1410.00,1,1.00,865232,865232.00,1678638,1678638.00,25014,25014.00
27425,1,1486,1486.00,1,1.00,914073,914073.00,1797239,1797239.00,24792,24792.00
28868,1,1564,1564.00,1,1.00,962155,962155.00,1939217,1939217.00,26050,26050.00
30348,1,1644,1644.00,1,1.00,1012357,1012357.00,1996938,1996938.00,28747,28747.00
31865,1,1726,1726.00,1,1.00,1064960,1064960.00,2052666,2052666.00,29967,29967.00
33419,1,1810,1810.00,1,1.00,1116066,1116066.00,2158993,2158993.00,32554,32554.00
35010,1,1896,1896.00,1,1.00,1170075,1170075.00,2238453,2238453.00,33590,33590.00
36638,1,1984,1984.00,1,1.00,1224067,1224067.00,2372927,2372927.00,35919,35919.00
38303,1,2074,2074.00,1,1.00,1280995,1280995.00,2479166,2479166.00,36624,36624.00
40005,1,2166,2166.00,1,1.00,1337980,1337980.00,2564161,2564161.00,38548,38548.00
41744,1,2260,2260.00,1,1.00,1394753,1394753.00,2737206,2737206.00,41629,41629.00
43520,1,2356,2356.00,1,1.00,1451565,1451565.00,2873637,2873637.00,43025,43025.00
49060,1,4235,4235.00,827,827.00,1873833,1873833.00,352166,352166.00,48835,48835.00
64239,1,6170,6170.00,3660,3660.00,3412825,3412825.00,746801,746801.00,63555,63555.00
70010,1,79,79.00,15548,15548.00,14800741,14800741.00,13766471,13766471.00,70006,70006.00
70318,1,23438,23438.00,7813,7813.00,1086526,1086526.00,30090575,30090575.00,69542,69542.00
78397,1,19599,19599.00,0,0.00,293985,293985.00,3827635,3827635.00,78396,78396.00
