tree_size,count,reads,avg_reads,writes,avg_writes,visited,avg_visited,skipped,avg_skipped,gc_pruned,avg_gc_pruned,exposures,avg_exposures
1,2453285,4893367,1.99,3888084,1.58,841408,0.34,0,0.00,0,0.00,4365,0.00
2,5702,7591,1.33,6380,1.12,17794,3.12,3877,0.68,15,0.00,0,0.00
3,2490362,3770987,1.51,3176211,1.28,30742527,12.34,1248600,0.50,1661,0.00,207,0.00
4,5507,12484,2.27,8723,1.58,80226,14.57,138,0.03,2,0.00,36,0.01
5,1897698,2574276,1.36,2544498,1.34,52790256,27.82,267636,0.14,16617,0.01,0,0.00
6,4220,17425,4.13,10201,2.42,112530,26.67,21938,5.20,17,0.00,0,0.00
7,335775,1340384,3.99,673898,2.01,19162446,57.07,3172711,9.45,246,0.00,0,0.00
8,2356,12766,5.42,6634,2.82,121458,51.55,8499,3.61,7,0.00,24,0.01
9,15128,66305,4.38,32424,2.14,850974,56.25,417956,27.63,831,0.05,0,0.00
10,1792,14964,8.35,6713,3.75,135990,75.89,12748,7.11,119,0.07,3260,1.82
11,2313,17732,7.67,10932,4.73,267606,115.70,55794,24.12,776,0.34,0,0.00
12,10747,23067,2.15,15620,1.45,514441,47.87,4194,0.39,5816,0.54,0,0.00
13,1001,16451,16.43,7023,7.02,100237,100.14,30426,30.40,208,0.21,0,0.00
14,394,12321,31.27,5042,12.80,11388,28.90,132,0.34,114,0.29,6,0.02
15,11858,93719,7.90,17431,1.47,2288952,193.03,507542,42.80,29519,2.49,4,0.00
16,899,20377,22.67,9203,10.24,103561,115.20,35412,39.39,256,0.28,6,0.01
17,6421,34260,5.34,28622,4.46,1452574,226.22,178193,27.75,4962,0.77,342,0.05
18,333,15461,46.43,5362,16.10,12256,36.80,974,2.92,104,0.31,6,0.02
19,1533,26631,17.37,11443,7.46,360842,235.38,95841,62.52,323,0.21,30,0.02
20,306,15524,50.73,5424,17.73,8088,26.43,1074,3.51,15,0.05,25,0.08
21,415,19449,46.87,6797,16.38,25100,60.48,17648,42.53,6,0.01,0,0.00
22,722,23050,31.93,9118,12.63,142492,197.36,67644,93.69,219,0.30,6,0.01
23,887,25157,28.36,11386,12.84,192122,216.60,51498,58.06,644,0.73,0,0.00
24,642,19211,29.92,6747,10.51,232952,362.85,29239,45.54,48,0.07,0,0.00
25,807,27115,33.60,10697,13.26,185314,229.63,130884,162.19,578,0.72,12,0.01
26,326,19937,61.16,6781,20.80,64989,199.35,6090,18.68,120,0.37,0,0.00
27,619,25500,41.20,8945,14.45,156297,252.50,50776,82.03,471,0.76,0,0.00
28,572,25601,44.76,9894,17.30,129519,226.43,112914,197.40,400,0.70,0,0.00
29,6126,315202,51.45,13665,2.23,11312066,1846.57,77430,12.64,15156,2.47,0,0.00
30,290,18154,62.60,6229,21.48,30580,105.45,2667,9.20,215,0.74,47,0.16
31,1173,33740,28.76,12614,10.75,498823,425.25,274563,234.07,4474,3.81,0,0.00
32,5311,101354,19.08,51850,9.76,5796358,1091.39,1209785,227.79,13755,2.59,42,0.01
33,890,26202,29.44,10308,11.58,377902,424.61,68042,76.45,6613,7.43,2400,2.70
34,491,24027,48.93,9572,19.49,149337,304.15,168597,343.37,614,1.25,0,0.00
35,278,24768,89.09,8322,29.94,16876,60.71,14260,51.29,574,2.06,18,0.06
36,286,21814,76.27,7878,27.55,89095,311.52,11847,41.42,326,1.14,0,0.00
37,547,28080,51.33,11028,20.16,200159,365.92,224777,410.93,720,1.32,0,0.00
38,196,20462,104.40,7152,36.49,3514,17.93,3396,17.33,0,0.00,4,0.02
39,6239,48337,7.75,30318,4.86,5323532,853.27,451953,72.44,47700,7.65,6,0.00
40,514,27849,54.18,10836,21.08,200949,390.95,238891,464.77,953,1.85,1,0.00
41,280,22237,79.42,7849,28.03,76846,274.45,32421,115.79,526,1.88,0,0.00
42,652,25802,39.57,9313,14.28,87992,134.96,12199,18.71,86,0.13,14,0.02
43,753,35552,47.21,13823,18.36,426306,566.14,317405,421.52,1162,1.54,0,0.00
44,181,21197,117.11,7493,41.40,10749,59.39,5118,28.28,0,0.00,1,0.01
45,407,27985,68.76,9952,24.45,119664,294.01,46418,114.05,2688,6.60,824,2.02
46,3704,78741,21.26,32252,8.71,2459775,664.09,1235192,333.48,2228,0.60,18,0.00
47,353,27795,78.74,9572,27.12,161584,457.75,35650,100.99,1121,3.18,40,0.11
48,183,22109,120.81,7320,40.00,35608,194.58,6078,33.21,396,2.16,12,0.07
49,1075,40187,37.38,14651,13.63,732307,681.22,482778,449.10,5646,5.25,50,0.05
50,625,28905,46.25,9168,14.67,602595,964.15,60318,96.51,510,0.82,2800,4.48
51,400,28479,71.20,10725,26.81,485856,1214.64,36859,92.15,272,0.68,0,0.00
52,496,35604,71.78,14099,28.43,244617,493.18,433532,874.06,1114,2.25,26,0.05
53,202,27190,134.60,9434,46.70,39662,196.35,23148,114.59,214,1.06,0,0.00
54,211,27737,131.45,9276,43.96,110658,524.45,143301,679.15,1350,6.40,0,0.00
55,571,37796,66.19,14918,26.13,389777,682.62,487143,853.14,2290,4.01,0,0.00
56,188,29572,157.30,10592,56.34,5377,28.60,343,1.82,51,0.27,4,0.02
57,383,33799,88.25,12485,32.60,160275,418.47,51828,135.32,3302,8.62,1020,2.66
58,456,35819,78.55,14398,31.57,253747,556.46,515182,1129.79,1679,3.68,12,0.03
59,212,34612,163.26,11704,55.21,17031,80.33,3820,18.02,823,3.88,0,0.00
60,429,32425,75.58,11251,26.23,181321,422.66,32516,75.79,221,0.52,17,0.04
61,517,47870,92.59,18499,35.78,242839,469.71,482432,933.14,1598,3.09,758,1.47
62,189,33577,177.66,11250,59.52,6502,34.40,1302,6.89,54,0.29,6,0.03
63,274,36646,133.74,12634,46.11,98938,361.09,37331,136.24,120,0.44,12,0.04
64,574,46336,80.72,18016,31.39,481482,838.82,654677,1140.55,2797,4.87,4,0.01
65,148,12868,86.95,4569,30.87,75741,511.76,36365,245.71,1128,7.62,12,0.08
66,68,12134,178.44,4374,64.32,11182,164.44,938,13.79,42,0.62,0,0.00
67,404,26433,65.43,11026,27.29,374289,926.46,665228,1646.60,3013,7.46,0,0.00
68,75,12762,170.16,4370,58.27,12066,160.88,2214,29.52,0,0.00,0,0.00
69,133,12781,96.10,4796,36.06,69121,519.71,9087,68.32,2731,20.53,943,7.09
70,300,22634,75.45,9670,32.23,265906,886.35,562598,1875.33,2052,6.84,0,0.00
71,60,12860,214.33,4402,73.37,0,0.00,0,0.00,0,0.00,0,0.00
72,89,15191,170.69,5278,59.30,31553,354.53,4979,55.94,411,4.62,0,0.00
73,629,32464,51.61,13095,20.82,640303,1017.97,828048,1316.45,3056,4.86,1186,1.89
74,66,13603,206.11,4670,70.76,4988,75.58,652,9.88,0,0.00,4,0.06
75,146,17547,120.18,6465,44.28,108291,741.72,81970,561.44,67,0.46,11,0.08
76,328,28946,88.25,11956,36.45,294280,897.20,723628,2206.18,3124,9.52,0,0.00
77,86,13335,155.06,4322,50.26,41016,476.93,41347,480.78,492,5.72,6,0.07
78,108,13680,126.67,5120,47.41,161251,1493.06,39104,362.07,494,4.57,4,0.04
79,390,31476,80.71,13127,33.66,435628,1116.99,936587,2401.51,2929,7.51,0,0.00
80,55,13303,241.87,4560,82.91,0,0.00,0,0.00,0,0.00,0,0.00
81,196,17237,87.94,5950,30.36,175102,893.38,86093,439.25,5273,26.90,1430,7.30
82,322,25982,80.69,11384,35.35,331269,1028.79,880635,2734.89,4129,12.82,0,0.00
83,130,17354,133.49,6330,48.69,105598,812.29,53623,412.48,772,5.94,0,0.00
84,28343,43759,1.54,33408,1.18,17751224,626.30,1410237,49.76,23273,0.82,56568,2.00
85,535,29170,54.52,11877,22.20,660394,1234.38,920029,1719.68,11899,22.24,1090,2.04
86,60,13776,229.60,4822,80.37,16837,280.62,4182,69.70,219,3.65,0,0.00
87,76,16648,219.05,5866,77.18,23922,314.76,4602,60.55,158,2.08,6,0.08
88,317,31743,100.14,13242,41.77,299011,943.25,912660,2879.05,3422,10.79,12,0.04
89,128,16142,126.11,5498,42.95,89808,701.62,121380,948.28,1203,9.40,0,0.00
90,129,18275,141.67,6564,50.88,30408,235.72,18936,146.79,456,3.53,0,0.00
91,328,34683,105.74,13999,42.68,394474,1202.66,909920,2774.15,4485,13.67,0,0.00
92,121,17816,147.24,6088,50.31,253077,2091.55,72164,596.40,1005,8.31,0,0.00
93,146,16748,114.71,5792,39.67,178913,1225.43,59545,407.84,3399,23.28,1225,8.39
94,298,33619,112.82,13970,46.88,302920,1016.51,957380,3212.68,4648,15.60,0,0.00
95,109,16070,147.43,5547,50.89,49358,452.83,9880,90.64,44,0.40,832,7.63
96,356,18231,51.21,6768,19.01,501936,1409.93,149328,419.46,3120,8.76,0,0.00
97,383,33977,88.71,13563,35.41,481970,1258.41,990610,2586.45,5662,14.78,1568,4.09
98,68,16540,243.24,5500,80.88,37884,557.12,3624,53.29,840,12.35,0,0.00
99,86700,107466,1.24,180682,2.08,106177654,1224.66,10454963,120.59,85436,0.99,173248,2.00
100,281,32566,115.89,13384,47.63,336901,1198.94,1036251,3687.73,4666,16.60,0,0.00
101,4,4,1.00,128,32.00,776,194.00,28,7.00,0,0.00,64,16.00
102,2,104,52.00,32,16.00,3697,1848.50,1774,887.00,144,72.00,0,0.00
103,271,15128,55.82,6983,25.77,479999,1771.21,1081264,3989.90,4057,14.97,0,0.00
105,178,4308,24.20,2417,13.58,257234,1445.13,257886,1448.80,6131,34.44,1562,8.78
106,277,17656,63.74,8952,32.32,566963,2046.80,1296460,4680.36,5480,19.78,0,0.00
107,86,1240,14.42,562,6.53,140884,1638.19,47809,555.92,1038,12.07,1150,13.37
109,231,14352,62.13,7203,31.18,392593,1699.54,1109239,4801.90,5103,22.09,1250,5.41
111,6,336,56.00,336,56.00,5140,856.67,2990,498.33,634,105.67,0,0.00
112,173,12786,73.91,6554,37.88,274586,1587.20,988926,5716.34,4937,28.54,0,0.00
113,391,13423,34.33,4165,10.65,1395009,3567.80,443400,1134.02,3834,9.81,0,0.00
114,13,342,26.31,33,2.54,51221,3940.08,15204,1169.54,0,0.00,42,3.23
115,277,18546,66.95,8373,30.23,529497,1911.54,1507616,5442.66,6748,24.36,2,0.01
116,159600,159676,1.00,478820,3.00,280521741,1757.66,37395126,234.31,210688,1.32,319192,2.00
117,140,5687,40.62,2724,19.46,362286,2587.76,473970,3385.50,5095,36.39,1521,10.86
118,152,11856,78.00,6080,40.00,254004,1671.08,978537,6437.74,4539,29.86,0,0.00
119,58,336,5.79,58,1.00,135734,2340.24,17766,306.31,294,5.07,1570,27.07
120,106,2562,24.17,1366,12.89,294193,2775.41,98747,931.58,1482,13.98,22,0.21
121,252,16128,64.00,7887,31.30,466939,1852.93,1187825,4713.59,8060,31.98,1356,5.38
123,53,2286,43.13,594,11.21,114332,2157.21,171584,3237.43,0,0.00,4,0.08
124,173,13826,79.92,7020,40.58,331900,1918.50,1173599,6783.81,5603,32.39,0,0.00
125,18,1488,82.67,762,42.33,35268,1959.33,196200,10900.00,0,0.00,6,0.33
127,282,19621,69.58,9352,33.16,641168,2273.65,1530514,5427.35,10569,37.48,36,0.13
129,116,3194,27.53,1408,12.14,256167,2208.34,165676,1428.24,7882,67.95,1774,15.29
130,192,15901,82.82,8127,42.33,363399,1892.70,1444651,7524.22,5898,30.72,0,0.00
131,51,554,10.86,181,3.55,178408,3498.20,23243,455.75,951,18.65,1480,29.02
132,1,70,70.00,22,22.00,2338,2338.00,1212,1212.00,99,99.00,0,0.00
133,203,14822,73.01,7517,37.03,446709,2200.54,1275608,6283.78,6725,33.13,1548,7.63
134,61,2806,46.00,1220,20.00,346796,5685.18,141989,2327.69,2378,38.98,0,0.00
135,61,549,9.00,549,9.00,33489,549.00,0,0.00,0,0.00,0,0.00
136,200,17647,88.23,8717,43.59,429846,2149.23,1611592,8057.96,7256,36.28,5,0.03
137,97,4617,47.60,1727,17.80,226213,2332.09,234191,2414.34,2618,26.99,0,0.00
139,234,18829,80.47,8956,38.27,560441,2395.05,1701168,7269.95,8624,36.85,0,0.00
140,2,32,16.00,4,2.00,5942,2971.00,1395,697.50,131,65.50,0,0.00
141,67,1052,15.70,762,11.37,216378,3229.52,76531,1142.25,6549,97.75,2220,33.13
142,181,16978,93.80,8640,47.73,366069,2022.48,1673152,9243.93,6640,36.69,0,0.00
143,70,1232,17.60,392,5.60,268247,3832.10,67514,964.49,352,5.03,2240,32.00
144,205,3727,18.18,469,2.29,609303,2972.21,145385,709.20,14692,71.67,12,0.06
145,251,18590,74.06,8939,35.61,555121,2211.64,1620114,6454.64,11378,45.33,1496,5.96
147,69,2931,42.48,1023,14.83,193017,2797.35,178068,2580.70,109,1.58,6,0.09
148,229,19434,84.86,9658,42.17,752704,3286.92,1796377,7844.44,9122,39.83,0,0.00
149,3,161,53.67,151,50.33,8203,2734.33,1939,646.33,385,128.33,21,7.00
150,65,649,9.98,649,9.98,42723,657.28,820,12.62,142,2.18,11,0.17
151,212,18504,87.28,9038,42.63,554211,2614.20,1673272,7892.79,10200,48.11,1,0.00
153,148,4820,32.57,2056,13.89,484287,3272.21,294707,1991.26,11598,78.36,2560,17.30
154,170,17288,101.69,8806,51.80,371317,2184.22,1769675,10409.85,7853,46.19,0,0.00
155,42,504,12.00,42,1.00,207845,4948.69,31914,759.86,118,2.81,1932,46.00
157,259,20428,78.87,9851,38.03,724353,2796.73,1969441,7604.02,8069,31.15,2210,8.53
158,5,381,76.20,79,15.80,44261,8852.20,21062,4212.40,205,41.00,0,0.00
159,3,190,63.33,163,54.33,5496,1832.00,2154,718.00,306,102.00,0,0.00
160,159,16854,106.00,8586,54.00,359620,2261.76,1696489,10669.74,8772,55.17,0,0.00
161,59,3393,57.51,1307,22.15,157577,2670.80,188574,3196.17,3188,54.03,0,0.00
162,57,3224,56.56,1372,24.07,393897,6910.47,185535,3255.00,2008,35.23,0,0.00
163,230,21282,92.53,10086,43.85,659113,2865.71,2153256,9361.98,10176,44.24,0,0.00
165,124,1542,12.44,1362,10.98,261610,2109.76,80254,647.21,7668,61.84,2334,18.82
166,153,16830,110.00,8568,56.00,360650,2357.19,1874479,12251.50,7313,47.80,0,0.00
167,72,1317,18.29,432,6.00,398227,5530.93,64915,901.60,1076,14.94,3184,44.22
169,233,21616,92.77,10334,44.35,627569,2693.43,2261428,9705.70,11513,49.41,1522,6.53
171,6,121,20.17,19,3.17,28443,4740.50,18802,3133.67,349,58.17,7,1.17
172,177,19625,110.88,9827,55.52,479726,2710.32,2173712,12280.86,9098,51.40,0,0.00
173,10,378,37.80,366,36.60,51852,5185.20,4688,468.80,1448,144.80,12,1.20
175,198,19352,97.74,9254,46.74,624180,3152.42,2047228,10339.54,10778,54.43,0,0.00
176,51,3111,61.00,1326,26.00,386313,7574.76,193529,3794.69,3247,63.67,0,0.00
177,125,5553,44.42,2454,19.63,399093,3192.74,358661,2869.29,12239,97.91,2346,18.77
178,191,22216,116.31,11304,59.18,493167,2582.03,2541621,13306.92,10744,56.25,4,0.02
179,41,804,19.61,219,5.34,269037,6561.88,45770,1116.34,394,9.61,2262,55.17
180,59,1066,18.07,652,11.05,117180,1986.10,35628,603.86,373,6.32,22,0.37
181,198,21868,110.44,11118,56.15,570321,2880.41,2578492,13022.69,10222,51.63,1332,6.73
182,7,172,24.57,68,9.71,26586,3798.00,9308,1329.71,890,127.14,12,1.71
183,3,210,70.00,185,61.67,7064,2354.67,5665,1888.33,414,138.00,1,0.33
184,201,23970,119.25,12144,60.42,564529,2808.60,2855692,14207.42,11284,56.14,0,0.00
185,51,3468,68.00,1224,24.00,134497,2637.20,198779,3897.63,4613,90.45,0,0.00
186,7,514,73.43,203,29.00,51028,7289.71,30864,4409.14,600,85.71,0,0.00
187,240,26143,108.93,12422,51.76,782177,3259.07,3133725,13057.19,13147,54.78,0,0.00
189,54,944,17.48,862,15.96,253985,4703.43,84699,1568.50,7431,137.61,2499,46.28
190,239,26934,112.69,13388,56.02,935515,3914.29,3125879,13078.99,14857,62.16,0,0.00
191,67,1196,17.85,359,5.36,504652,7532.12,87873,1311.54,526,7.85,3543,52.88
192,14,310,22.14,138,9.86,102381,7312.93,16493,1178.07,341,24.36,12,0.86
193,230,24649,107.17,11991,52.13,714961,3108.53,2765714,12024.84,15264,66.37,1692,7.36
195,53,689,13.00,689,13.00,42029,793.00,0,0.00,0,0.00,0,0.00
196,69,7749,112.30,3864,56.00,228911,3317.55,369583,5356.28,10170,147.39,5,0.07
197,5,227,45.40,83,16.60,15056,3011.20,5254,1050.80,314,62.80,12,2.40
199,119,11482,96.49,5173,43.47,494721,4157.32,661228,5556.54,13474,113.23,18,0.15
200,2,205,102.50,93,46.50,12181,6090.50,10161,5080.50,224,112.00,0,0.00
201,129,6358,49.29,2533,19.64,496187,3846.41,436353,3382.58,15749,122.09,2756,21.36
202,61,7810,128.03,3693,60.54,238074,3902.85,369622,6059.38,9482,155.44,0,0.00
203,58,1090,18.79,68,1.17,482720,8322.76,84589,1458.43,1017,17.53,3720,64.14
204,53,3763,71.00,1590,30.00,468204,8834.04,260100,4907.55,4217,79.57,0,0.00
205,79,9494,120.18,4295,54.37,326194,4129.04,461434,5840.94,11051,139.89,1052,13.32
207,12,930,77.50,432,36.00,35638,2969.83,46445,3870.42,631,52.58,6,0.50
208,93,7491,80.55,4131,44.42,408609,4393.65,398554,4285.53,9430,101.40,78,0.84
209,56,3850,68.75,1356,24.21,148877,2658.52,245979,4392.48,6741,120.38,6,0.11
210,56,808,14.43,772,13.79,59369,1060.16,3865,69.02,425,7.59,22,0.39
211,120,12320,102.67,5192,43.27,529963,4416.36,792042,6600.35,15028,125.23,0,0.00
213,56,896,16.00,840,15.00,300777,5371.02,114296,2041.00,8852,158.07,3080,55.00
214,62,8295,133.79,4199,67.73,199757,3221.89,413790,6674.03,9937,160.27,204,3.29
215,108,8312,76.96,108,1.00,1262405,11688.94,192526,1782.65,725,6.71,4512,41.78
217,157,16520,105.22,6853,43.65,605085,3854.04,896982,5713.26,20675,131.69,1270,8.09
218,58,4408,76.00,1856,32.00,547432,9438.48,312846,5393.90,5236,90.28,0,0.00
220,66,8988,136.18,4446,67.36,254220,3851.82,419905,6362.20,11261,170.62,0,0.00
221,1,187,187.00,94,94.00,7357,7357.00,19096,19096.00,0,0.00,0,0.00
222,6,588,98.00,150,25.00,41436,6906.00,78984,13164.00,0,0.00,0,0.00
223,262,13609,51.94,7185,27.42,1588787,6064.07,1141050,4355.15,16853,64.32,282,1.08
224,5,460,92.00,15,3.00,73592,14718.40,39052,7810.40,242,48.40,0,0.00
225,174,6568,37.75,3390,19.48,541211,3110.41,443580,2549.31,16165,92.90,3022,17.37
226,67,10050,150.00,5092,76.00,206956,3088.90,471133,7031.84,13134,196.03,0,0.00
227,92,6872,74.70,92,1.00,1176955,12792.99,185393,2015.14,534,5.80,4640,50.43
228,1,193,193.00,97,97.00,7363,7363.00,19732,19732.00,219,219.00,0,0.00
229,71,10090,142.11,4707,66.30,310101,4367.62,469649,6614.77,11911,167.76,634,8.93
230,2,12,6.00,8,4.00,11800,5900.00,844,422.00,0,0.00,12,6.00
231,6,0,0.00,6,1.00,144,24.00,0,0.00,1248,208.00,6,1.00
232,110,13072,118.84,6184,56.22,710766,6461.51,763418,6940.16,16723,152.03,0,0.00
233,55,4730,86.00,1650,30.00,182337,3315.22,309788,5632.51,7230,131.45,0,0.00
235,105,12246,116.63,5221,49.72,510488,4861.79,814600,7758.10,14171,134.96,0,0.00
236,1,47,47.00,9,9.00,7487,7487.00,2315,2315.00,208,208.00,0,0.00
237,64,1267,19.80,1114,17.41,389985,6093.52,164255,2566.48,11154,174.28,3843,60.05
238,57,9006,158.00,4560,80.00,185483,3254.09,411827,7225.04,11792,206.88,0,0.00
239,94,7638,81.26,94,1.00,1344540,14303.62,211134,2246.11,1185,12.61,5038,53.60
240,54,862,15.96,862,15.96,64977,1203.28,4368,80.89,464,8.59,22,0.41
241,113,13548,119.89,5893,52.15,440186,3895.45,736580,6518.41,18391,162.75,568,5.03
242,7,569,81.29,265,37.86,42175,6025.00,39704,5672.00,625,89.29,21,3.00
244,58,9396,162.00,4756,82.00,193827,3341.84,473626,8165.97,12015,207.16,0,0.00
245,12,0,0.00,12,1.00,1620,135.00,0,0.00,1332,111.00,12,1.00
246,71,6218,87.58,2325,32.75,800123,11269.34,526004,7408.51,7327,103.20,0,0.00
247,96,11701,121.89,4941,51.47,490674,5111.19,812953,8468.26,14482,150.85,0,0.00
249,125,7193,57.54,3174,25.39,608093,4864.74,594106,4752.85,21491,171.93,3776,30.21
250,62,10292,166.00,5208,84.00,212193,3422.47,497869,8030.15,13299,214.50,0,0.00
251,98,8028,81.92,97,0.99,1531118,15623.65,246346,2513.73,1227,12.52,5823,59.42
252,2,284,142.00,92,46.00,8574,4287.00,5927,2963.50,424,212.00,0,0.00
253,61,9648,158.16,4681,76.74,268824,4406.95,449004,7360.72,12120,198.69,516,8.46
254,7,260,37.14,89,12.71,86333,12333.29,15174,2167.71,107,15.29,6,0.86
255,64,1088,17.00,1088,17.00,66368,1037.00,0,0.00,0,0.00,0,0.00
256,55,9444,171.71,4776,86.84,202616,3683.93,500333,9096.96,11869,215.80,0,0.00
257,53,5035,95.00,1749,33.00,193619,3653.19,354622,6690.98,8059,152.06,0,0.00
259,129,15110,117.13,6163,47.78,705590,5469.69,1169286,9064.23,19448,150.76,6,0.05
260,60,5460,91.00,2280,38.00,679576,11326.27,453024,7550.40,6951,115.85,0,0.00
261,53,1060,20.00,1007,19.00,363038,6849.77,167215,3155.00,10054,189.70,3551,67.00
262,56,9744,174.00,4928,88.00,200955,3588.48,522193,9324.88,12567,224.41,0,0.00
263,102,8678,85.08,102,1.00,1751597,17172.52,287575,2819.36,1138,11.16,6702,65.71
265,128,17130,133.83,7509,58.66,541435,4229.96,1023676,7997.47,22929,179.13,540,4.22
267,6,0,0.00,6,1.00,144,24.00,0,0.00,1464,244.00,6,1.00
268,66,9450,143.18,4287,64.95,406725,6162.50,511964,7757.03,11482,173.97,36,0.55
270,61,1097,17.98,1097,17.98,74451,1220.51,2808,46.03,262,4.30,11,0.18
271,119,15750,132.35,6872,57.75,605407,5087.45,1033170,8682.10,22489,188.98,6,0.05
272,3,313,104.33,106,35.33,12059,4019.67,6651,2217.00,652,217.33,6,2.00
273,90,5250,58.33,2430,27.00,508675,5651.94,476737,5297.08,17055,189.50,3360,37.33
274,122,17646,144.64,8468,69.41,895692,7341.74,1048979,8598.19,21912,179.61,0,0.00
275,109,8766,80.42,108,0.99,1965725,18034.17,336189,3084.30,1497,13.73,8153,74.80
277,69,11226,162.70,5037,73.00,447203,6481.20,524550,7602.17,13631,197.55,1332,19.30
280,55,10230,186.00,5170,94.00,210594,3828.98,498280,9059.64,13641,248.02,0,0.00
281,60,6240,104.00,2160,36.00,238376,3972.93,449889,7498.15,11455,190.92,0,0.00
282,1,160,160.00,52,52.00,4778,4778.00,2959,2959.00,240,240.00,0,0.00
283,113,17108,151.40,7655,67.74,604966,5353.68,1106957,9796.08,22970,203.27,0,0.00
285,130,2565,19.73,2501,19.24,601024,4623.26,268415,2064.73,16851,129.62,5127,39.44
286,52,9880,190.00,4992,96.00,203458,3912.65,480904,9248.15,13118,252.27,0,0.00
287,116,9616,82.90,220,1.90,2137535,18427.03,373240,3217.59,2367,20.41,8604,74.17
288,49,4949,101.00,2058,42.00,615744,12566.20,437520,8928.98,6843,139.65,0,0.00
289,114,16376,143.65,7046,61.81,556376,4880.49,974583,8548.97,23711,207.99,806,7.07
290,4,380,95.00,10,2.50,79130,19782.50,36595,9148.75,458,114.50,2,0.50
291,3,741,247.00,372,124.00,28614,9538.00,56348,18782.67,531,177.00,0,0.00
292,66,11692,177.15,5706,86.45,336700,5101.52,596329,9035.29,16632,252.00,1,0.02
293,6,306,51.00,42,7.00,110919,18486.50,18578,3096.33,1188,198.00,18,3.00
295,129,17842,138.31,7430,57.60,800083,6202.19,1372569,10640.07,24175,187.40,0,0.00
297,110,7750,70.45,3380,30.73,652962,5936.02,685034,6227.58,22979,208.90,3800,34.55
298,732,78791,107.64,29535,40.35,3498418,4779.26,9320444,12732.85,20355,27.81,0,0.00
299,96,8096,84.33,95,0.99,2022774,21070.56,358485,3734.22,1473,15.34,8311,86.57
300,49,980,20.00,980,20.00,59780,1220.00,0,0.00,0,0.00,0,0.00
301,63,11482,182.25,5463,86.71,380393,6037.98,643246,10210.25,14395,228.49,984,15.62
302,74,8042,108.68,3292,44.49,950168,12840.11,676051,9135.82,12443,168.15,0,0.00
305,53,6135,115.75,2158,40.72,234918,4432.42,453306,8552.94,10529,198.66,0,0.00
306,5,80,16.00,5,1.00,140349,28069.80,10217,2043.40,1457,291.40,10,2.00
307,59,5625,95.34,1527,25.88,431128,7307.25,584141,9900.69,10389,176.08,6,0.10
309,54,1008,18.67,978,18.11,357976,6629.19,189631,3511.69,10616,196.59,3330,61.67
311,108,10146,93.94,108,1.00,2498138,23130.91,440060,4074.63,1099,10.18,9630,89.17
312,7,1103,157.57,206,29.43,115115,16445.00,91511,13073.00,1016,145.14,0,0.00
313,56,5981,106.80,1932,34.50,337798,6032.11,450545,8045.45,10557,188.52,900,16.07
314,2,120,60.00,12,6.00,11768,5884.00,3444,1722.00,23,11.50,0,0.00
315,77,1516,19.69,1591,20.66,169118,2196.34,22307,289.70,307,3.99,21,0.27
316,58,6037,104.09,2368,40.83,831568,14337.38,568057,9794.09,8423,145.22,0,0.00
317,2,362,181.00,118,59.00,10705,5352.50,6674,3337.00,540,270.00,0,0.00
319,74,8174,110.46,2288,30.92,643632,8697.73,908544,12277.62,11819,159.72,0,0.00
321,123,8997,73.15,4023,32.71,812232,6603.51,870377,7076.24,28266,229.80,4920,40.00
323,86,7892,91.77,86,1.00,2062477,23982.29,378932,4406.19,1731,20.13,8408,97.77
325,12,744,62.00,12,1.00,205375,17114.58,58670,4889.17,875,72.92,1584,132.00
326,6,108,18.00,66,11.00,122562,20427.00,12660,2110.00,0,0.00,36,6.00
327,2,374,187.00,122,61.00,10915,5457.50,6908,3454.00,591,295.50,0,0.00
329,53,6466,122.00,2226,42.00,247137,4662.96,495383,9346.85,11709,220.92,0,0.00
330,96,6247,65.07,3255,33.91,709298,7388.52,455655,4746.41,8232,85.75,11,0.11
331,64,6380,99.69,1688,26.38,524194,8190.53,767481,11991.89,10175,158.98,6,0.09
332,14,14,1.00,238,17.00,202434,14459.57,57143,4081.64,404,28.86,28,2.00
333,56,1636,29.21,1358,24.25,567534,10134.54,290743,5191.84,12138,216.75,4250,75.89
334,2,284,142.00,6,3.00,41574,20787.00,24940,12470.00,242,121.00,0,0.00
335,94,8082,85.98,94,1.00,2315612,24634.17,446803,4753.22,1363,14.50,10210,108.62
337,78,9475,121.47,2976,38.15,510849,6549.35,686339,8799.22,16951,217.32,1104,14.15
340,6,348,58.00,6,1.00,113638,18939.67,47340,7890.00,1724,287.33,0,0.00
342,2,392,196.00,128,64.00,11418,5709.00,7322,3661.00,619,309.50,0,0.00
343,55,6270,114.00,1650,30.00,510006,9272.84,724902,13180.04,10187,185.22,0,0.00
344,61,7381,121.00,3050,50.00,915194,15003.18,694921,11392.15,12868,210.95,0,0.00
345,176,9964,56.61,5280,30.00,1020519,5798.40,940786,5345.38,31489,178.91,6177,35.10
347,296,9418,31.82,4102,13.86,5589189,18882.40,1448760,4894.46,8493,28.69,8800,29.73
349,9,970,107.78,9,1.00,223851,24872.33,50474,5608.22,387,43.00,1080,120.00
352,1,202,202.00,66,66.00,5866,5866.00,3511,3511.00,319,319.00,0,0.00
353,49,6419,131.00,2205,45.00,245072,5001.47,490772,10015.76,11812,241.06,0,0.00
355,54,6372,118.00,1674,31.00,517872,9590.22,736582,13640.41,10431,193.17,0,0.00
356,6,912,152.00,18,3.00,141712,23618.67,105881,17646.83,1214,202.33,0,0.00
357,60,2211,36.85,1740,29.00,593598,9893.30,359604,5993.40,15924,265.40,5187,86.45
358,50,6300,126.00,2600,52.00,784176,15683.52,622535,12450.70,10044,200.88,0,0.00
359,115,11278,98.07,113,0.98,3248121,28244.53,625978,5443.29,3436,29.88,12972,112.80
360,63,1510,23.97,1510,23.97,112186,1780.73,8289,131.57,704,11.17,22,0.35
361,68,8939,131.46,2876,42.29,509807,7497.16,692055,10177.28,16154,237.56,1106,16.26
363,1,33,33.00,3,3.00,17657,17657.00,2207,2207.00,205,205.00,49,49.00
364,2237,2603,1.16,42395,18.95,39342426,17587.14,11723525,5240.74,33869,15.14,4462,1.99
365,6,0,0.00,6,1.00,1596,266.00,0,0.00,600,100.00,6,1.00
367,67,8263,123.33,2181,32.55,656833,9803.48,1001727,14951.15,14987,223.69,0,0.00
368,2,626,313.00,314,157.00,24332,12166.00,60944,30472.00,312,156.00,0,0.00
369,119,9649,81.08,4291,36.06,885139,7438.14,975275,8195.59,33279,279.66,5082,42.71
370,6,36,6.00,91,15.17,5394,899.00,189,31.50,1279,213.17,6,1.00
371,94,9114,96.96,106,1.13,2762023,29383.22,550393,5855.24,2357,25.07,11330,120.53
372,72,9432,131.00,3888,54.00,1169574,16244.08,907428,12603.17,16526,229.53,0,0.00
373,10,846,84.60,10,1.00,242279,24227.90,65054,6505.40,374,37.40,1486,148.60
375,53,1912,36.08,1594,30.08,109791,2071.53,63846,1204.64,854,16.11,11,0.21
377,2280,9863,4.33,47135,20.67,41687958,18284.19,13323555,5843.66,43023,18.87,4452,1.95
378,3,486,162.00,9,3.00,72272,24090.67,66343,22114.33,142,47.33,0,0.00
379,53,6678,126.00,1749,33.00,541954,10225.55,839596,15841.43,11456,216.15,0,0.00
381,50,1500,30.00,1450,29.00,550492,11009.84,350132,7002.64,14091,281.82,4850,97.00
382,1,220,220.00,72,72.00,6365,6365.00,4880,4880.00,347,347.00,0,0.00
383,106,11024,104.00,106,1.00,3442316,32474.68,676366,6380.81,1517,14.31,13396,126.38
385,61,8371,137.23,2509,41.13,543190,8904.75,641731,10520.18,15659,256.70,1414,23.18
386,58,7888,136.00,3248,56.00,974310,16798.45,781852,13480.21,15864,273.52,0,0.00
387,8,446,55.75,152,19.00,15204,1900.50,8973,1121.62,706,88.25,6,0.75
388,12,792,66.00,12,1.00,269910,22492.50,106704,8892.00,1177,98.08,0,0.00
389,9,993,110.33,504,56.00,38463,4273.67,97520,10835.56,2971,330.11,6,0.67
390,72,1872,26.00,1872,26.00,114192,1586.00,0,0.00,0,0.00,0,0.00
391,61,7930,130.00,2074,34.00,645676,10584.85,1004103,16460.70,12969,212.61,0,0.00
393,126,10045,79.72,4706,37.35,1050967,8341.01,1122344,8907.49,37474,297.41,6506,51.63
395,122,12894,105.69,236,1.93,4003647,32816.78,813189,6665.48,4166,34.15,15230,124.84
396,3,1011,337.00,507,169.00,38724,12908.00,101563,33854.33,1076,358.67,0,0.00
397,10,1063,106.30,84,8.40,248401,24840.10,70112,7011.20,778,77.80,1440,144.00
400,59,8443,143.10,3202,54.27,1064700,18045.76,864953,14660.22,14844,251.59,0,0.00
401,59,8791,149.00,3009,51.00,333738,5656.58,682168,11562.17,17919,303.71,0,0.00
402,3,696,232.00,228,76.00,20073,6691.00,12515,4171.67,1086,362.00,0,0.00
403,43,5971,138.86,1642,38.19,467815,10879.42,759688,17667.16,10812,251.44,0,0.00
405,118,3282,27.81,3236,27.42,724163,6136.97,421822,3574.76,19212,162.81,5384,45.63
407,106,11766,111.00,106,1.00,3756672,35440.30,761392,7182.94,2794,26.36,14470,136.51
409,74,9832,132.86,2981,40.28,654452,8843.95,781876,10565.89,18835,254.53,1700,22.97
410,2,698,349.00,350,175.00,27003,13501.50,70116,35058.00,473,236.50,0,0.00
412,6,420,70.00,6,1.00,141108,23518.00,53662,8943.67,1728,288.00,0,0.00
414,66,9180,139.09,3384,51.27,1147324,17383.70,1048681,15889.11,19959,302.41,0,0.00
415,60,8280,138.00,2160,36.00,665626,11093.77,1059786,17663.10,16482,274.70,0,0.00
417,111,10143,91.38,4701,42.35,1047271,9434.87,1094801,9863.07,35011,315.41,6360,57.30
419,103,10750,104.37,103,1.00,3733674,36249.26,793477,7703.66,2575,25.00,15232,147.88
420,56,1567,27.98,1567,27.98,110034,1964.89,6832,122.00,412,7.36,11,0.20
421,12,1254,104.50,12,1.00,372721,31060.08,100644,8387.00,971,80.92,1962,163.50
422,8,1518,189.75,101,12.62,200337,25042.12,187100,23387.50,1754,219.25,0,0.00
424,2,722,361.00,362,181.00,27937,13968.50,72620,36310.00,487,243.50,0,0.00
425,63,9954,158.00,3402,54.00,377648,5994.41,776995,12333.25,20536,325.97,0,0.00
427,60,7773,129.55,2048,34.13,615279,10254.65,992260,16537.67,16993,283.22,6,0.10
428,66,9966,151.00,4092,62.00,1234607,18706.17,1009459,15294.83,19319,292.71,0,0.00
429,48,1428,29.75,1392,29.00,537120,11190.00,376414,7841.96,14714,306.54,4584,95.50
431,88,11358,129.07,88,1.00,3612120,41046.82,713248,8105.09,2717,30.88,12298,139.75
433,65,10289,158.29,3359,51.68,501132,7709.72,825911,12706.32,20963,322.51,676,10.40
435,55,1594,28.98,1594,28.98,106727,1940.49,4622,84.04,427,7.76,11,0.20
436,6,444,74.00,6,1.00,155826,25971.00,88380,14730.00,0,0.00,0,0.00
439,60,8760,146.00,2280,38.00,705502,11758.37,1127839,18797.32,17132,285.53,0,0.00
441,109,10394,95.36,4828,44.29,1087355,9975.73,1236884,11347.56,36492,334.79,6496,59.60
442,55,8780,159.64,3560,64.73,1035776,18832.29,840428,15280.51,18356,333.75,0,0.00
443,85,9552,112.38,85,1.00,3362448,39558.21,731994,8611.69,3462,40.73,13378,157.39
444,4,768,192.00,12,3.00,110852,27713.00,113230,28307.50,564,141.00,0,0.00
445,14,1852,132.29,392,28.00,382003,27285.93,186766,13340.43,1750,125.00,2250,160.71
447,12,102,8.50,84,7.00,113545,9462.08,12850,1070.83,4834,402.83,12,1.00
449,54,8016,148.44,2742,50.78,303599,5622.20,617656,11438.07,19630,363.52,6,0.11
450,70,2096,29.94,2096,29.94,170079,2429.70,20898,298.54,1768,25.26,44,0.63
451,52,7800,150.00,2028,39.00,629475,12105.29,1023836,19689.15,14974,287.96,0,0.00
453,53,1908,36.00,1855,35.00,724904,13677.43,531113,10021.00,17967,339.00,6095,115.00
455,130,14302,110.02,130,1.00,5017793,38598.41,1076050,8277.31,10403,80.02,18898,145.37
456,61,9821,161.00,4026,66.00,1215757,19930.44,1008950,16540.16,19840,325.25,0,0.00
457,67,10586,158.00,3401,50.76,669558,9993.40,809300,12079.10,20631,307.93,1402,20.93
459,1,391,391.00,196,196.00,14962,14962.00,40740,40740.00,429,429.00,0,0.00
460,6,468,78.00,6,1.00,162144,27024.00,62202,10367.00,720,120.00,0,0.00
462,2,536,268.00,176,88.00,15351,7675.50,10285,5142.50,831,415.50,0,0.00
463,48,7392,154.00,1920,40.00,595426,12404.71,987668,20576.42,14612,304.42,0,0.00
465,164,11777,71.81,6481,39.52,1227649,7485.66,1254189,7647.49,40504,246.98,6861,41.84
466,10,2605,260.50,618,61.80,259372,25937.20,328243,32824.30,2855,285.50,0,0.00
467,88,9377,106.56,176,2.00,3444719,39144.53,784623,8916.17,3600,40.91,13926,158.25
469,15,1868,124.53,15,1.00,565523,37701.53,155602,10373.47,1732,115.47,2682,178.80
470,43,7016,163.16,2860,66.51,888485,20662.44,740458,17219.95,13696,318.51,63,1.47
472,1,274,274.00,90,90.00,7814,7814.00,5499,5499.00,434,434.00,0,0.00
473,66,11616,176.00,3960,60.00,439460,6658.48,938344,14217.33,25033,379.29,0,0.00
475,64,10044,156.94,2592,40.50,810702,12667.22,1365822,21340.97,19789,309.20,0,0.00
477,54,2530,46.85,2106,39.00,779848,14441.63,590096,10927.70,19445,360.09,6292,116.52
479,84,9996,119.00,84,1.00,3693208,43966.76,842577,10030.68,4244,50.52,14700,175.00
480,63,2392,37.97,2188,34.73,154479,2452.05,55748,884.89,943,14.97,11,0.17
481,62,10762,173.58,3422,55.19,599657,9671.89,904312,14585.68,21934,353.77,1122,18.10
482,1,280,280.00,92,92.00,7961,7961.00,5556,5556.00,449,449.00,0,0.00
484,60,10260,171.00,4200,70.00,1269343,21155.72,1066564,17776.07,20672,344.53,0,0.00
487,59,9084,153.97,2232,37.83,866361,14684.08,1276720,21639.32,16927,286.90,0,0.00
488,6,1272,212.00,18,3.00,192106,32017.67,193882,32313.67,1735,289.17,0,0.00
489,111,13338,120.16,5730,51.62,1157599,10428.82,1485650,13384.23,41977,378.17,5952,53.62
491,78,7848,100.62,78,1.00,3375391,43274.24,841462,10787.97,2872,36.82,15108,193.69
493,10,1364,136.40,10,1.00,389278,38927.80,113004,11300.40,1821,182.10,1888,188.80
494,1,421,421.00,211,211.00,16126,16126.00,44120,44120.00,450,450.00,0,0.00
495,43,1418,32.98,1418,32.98,104997,2441.79,9058,210.65,487,11.33,11,0.26
497,52,9724,187.00,3308,63.62,365393,7026.79,783017,15058.02,20544,395.08,0,0.00
498,53,9328,176.00,3816,72.00,1153791,21769.64,987112,18624.75,20174,380.64,0,0.00
499,69,11454,166.00,2967,43.00,920262,13337.13,1516275,21975.00,23452,339.88,0,0.00
501,64,2947,46.05,2671,41.73,1000158,15627.47,821213,12831.45,24149,377.33,8001,125.02
502,1,292,292.00,96,96.00,8273,8273.00,5585,5585.00,470,470.00,0,0.00
503,98,11312,115.43,98,1.00,4577495,46709.13,1100387,11228.44,4123,42.07,18788,191.71
505,73,13020,178.36,4105,56.23,802989,10999.85,1112199,15235.60,26079,357.25,1902,26.05
507,2,590,295.00,194,97.00,16722,8361.00,11039,5519.50,939,469.50,0,0.00
508,2,866,433.00,434,217.00,33244,16622.00,90984,45492.00,870,435.00,0,0.00
510,70,4260,60.86,2070,29.57,448374,6405.34,334644,4780.63,2022,28.89,0,0.00
511,61,9872,161.84,2426,39.77,933662,15305.93,1391616,22813.38,19342,317.08,0,0.00
512,60,10860,181.00,4440,74.00,1343577,22392.95,1129088,18818.13,22223,370.38,0,0.00
513,115,12869,111.90,5766,50.14,1266297,11011.28,1541842,13407.32,46835,407.26,6896,59.97
515,90,10296,114.40,90,1.00,4357848,48420.53,1066833,11853.70,3579,39.77,17964,199.60
517,5,702,140.40,5,1.00,225211,45042.20,62926,12585.20,619,123.80,1004,200.80
519,4,344,86.00,96,24.00,106846,26711.50,41426,10356.50,107,26.75,0,0.00
521,58,11252,194.00,3828,66.00,425530,7336.72,928251,16004.33,24389,420.50,0,0.00
522,3,1053,351.00,423,141.00,34312,11437.33,58974,19658.00,1422,474.00,0,0.00
523,51,8794,172.43,2207,43.27,763270,14966.08,1195527,23441.71,17407,341.31,440,8.63
524,12,756,63.00,156,13.00,286044,23837.00,97428,8119.00,5976,498.00,0,0.00
525,121,4695,38.80,4629,38.26,1264273,10448.54,912607,7542.21,26625,220.04,8800,72.73
526,52,9672,186.00,3952,76.00,1198322,23044.65,1043232,20062.15,20169,387.87,0,0.00
527,91,10338,113.60,91,1.00,4558705,50095.66,1137907,12504.47,3166,34.79,18868,207.34
529,67,13552,202.27,4504,67.22,791285,11810.22,1169953,17461.99,25922,386.90,1444,21.55
532,3,696,232.00,9,3.00,102487,34162.33,92061,30687.00,723,241.00,0,0.00
535,65,11048,169.97,2720,41.85,1025272,15773.42,1521795,23412.23,24967,384.11,0,0.00
536,2,180,90.00,52,26.00,55475,27737.50,23209,11604.50,0,0.00,0,0.00
537,108,13122,121.50,5940,55.00,1341600,12422.22,1644728,15228.96,45232,418.81,7344,68.00
539,81,9548,117.88,81,1.00,4171681,51502.23,1056466,13042.79,4066,50.20,17166,211.93
540,108,11328,104.89,5904,54.67,1267741,11738.34,992128,9186.37,19049,176.38,0,0.00
541,10,1440,144.00,10,1.00,490096,49009.60,137050,13705.00,967,96.70,2116,211.60
542,12,2436,203.00,372,31.00,405666,33805.50,42840,3570.00,5916,493.00,0,0.00
545,60,12180,203.00,4140,69.00,460900,7681.67,1019978,16999.63,26089,434.82,0,0.00
547,60,10876,181.27,2774,46.23,908481,15141.35,1484340,24739.00,24109,401.82,232,3.87
549,48,2112,44.00,2064,43.00,848034,17667.38,714693,14889.44,19777,412.02,6672,139.00
550,3,1407,469.00,705,235.00,54248,18082.67,139184,46394.67,1168,389.33,0,0.00
551,74,8634,116.68,74,1.00,3889407,52559.55,1008966,13634.68,3744,50.59,16274,219.92
553,70,13288,189.83,3796,54.23,1146624,16380.34,1141414,16305.91,27724,396.06,3580,51.14
554,66,13074,198.09,5049,76.50,1636465,24794.92,1452287,22004.35,26001,393.95,0,0.00
555,54,1996,36.96,1996,36.96,151782,2810.78,16511,305.76,1094,20.26,22,0.41
557,7,1003,143.29,454,64.86,609985,87140.71,155198,22171.14,450,64.29,0,0.00
559,60,10568,176.13,2551,42.52,1034844,17247.40,1516727,25278.78,24378,406.30,238,3.97
561,125,14177,113.42,6529,52.23,1605530,12844.24,1890441,15123.53,56599,452.79,8248,65.98
563,76,8518,112.08,76,1.00,3974694,52298.61,1086294,14293.34,4510,59.34,17482,230.03
564,1,481,481.00,241,241.00,18386,18386.00,59160,59160.00,548,548.00,0,0.00
565,9,870,96.67,9,1.00,338349,37594.33,136460,15162.22,1339,148.78,2316,257.33
568,53,10653,201.00,4346,82.00,1318450,24876.42,1179572,22256.08,23173,437.23,0,0.00
569,56,11872,212.00,4032,72.00,448256,8004.57,974619,17403.91,26355,470.62,0,0.00
570,48,1824,38.00,1824,38.00,111264,2318.00,0,0.00,0,0.00,0,0.00
571,53,9974,188.19,2501,47.19,887241,16740.40,1389624,26219.32,21007,396.36,488,9.21
573,57,2622,46.00,2565,45.00,1069315,18759.91,926630,16256.67,24446,428.88,8265,145.00
575,74,8294,112.08,74,1.00,4022775,54361.82,1109308,14990.65,4366,59.00,17558,237.27
576,6,1512,252.00,18,3.00,218707,36451.17,250673,41778.83,1229,204.83,0,0.00
577,73,15174,207.86,4681,64.12,1010376,13840.77,1305049,17877.38,31603,432.92,2028,27.78
579,1,110,110.00,11,11.00,10950,10950.00,3184,3184.00,21,21.00,0,0.00
581,2,206,103.00,37,18.50,40932,20466.00,12408,6204.00,416,208.00,0,0.00
582,69,14214,206.00,5796,84.00,1754527,25427.93,1495950,21680.43,31333,454.10,0,0.00
583,61,11264,184.66,2756,45.18,1062017,17410.11,1643605,26944.34,24055,394.34,0,0.00
585,178,19026,106.89,9835,55.25,1698680,9543.15,2079483,11682.49,53455,300.31,7844,44.07
586,1,194,194.00,66,66.00,9063,9063.00,41106,41106.00,518,518.00,0,0.00
587,73,7828,107.23,73,1.00,4006659,54885.74,1147210,15715.21,4138,56.68,18070,247.53
589,8,1128,141.00,8,1.00,455653,56956.62,133208,16651.00,440,55.00,1928,241.00
593,57,12597,221.00,4275,75.00,476171,8353.88,1082680,18994.39,27447,481.53,0,0.00
595,63,12266,194.70,3013,47.83,1112009,17650.94,1697751,26948.43,26955,427.86,1024,16.25
596,55,11605,211.00,4730,86.00,1437677,26139.58,1259983,22908.78,24118,438.51,0,0.00
597,51,2448,48.00,2397,47.00,1005936,19724.24,902499,17696.06,22936,449.73,7701,151.00
598,13,2434,187.23,189,14.54,446781,34367.77,376155,28935.00,3012,231.69,0,0.00
599,67,7670,114.48,67,1.00,3843344,57363.34,1092691,16308.82,4057,60.55,16768,250.27
600,53,2120,40.00,2120,40.00,129320,2440.00,0,0.00,0,0.00,0,0.00
601,80,16928,211.60,5105,63.81,1301809,16272.61,1474732,18434.15,34810,435.12,3202,40.02
606,2,1034,517.00,518,259.00,39878,19939.00,110792,55396.00,858,429.00,0,0.00
607,57,11514,202.00,2964,52.00,919779,16136.47,1644624,28853.05,25944,455.16,0,0.00
609,115,16315,141.87,7260,63.13,1636339,14229.03,2114387,18385.97,55670,484.09,8470,73.65
610,49,10584,216.00,4312,88.00,1310308,26740.98,1154472,23560.65,22482,458.82,0,0.00
611,69,7132,103.36,69,1.00,3909094,56653.54,1181926,17129.36,3725,53.99,18246,264.43
613,13,2482,190.92,535,41.15,613867,47220.54,306230,23556.15,2578,198.31,2882,221.69
615,69,2829,41.00,2829,41.00,172569,2501.00,0,0.00,0,0.00,0,0.00
617,55,12650,230.00,4290,78.00,476749,8668.16,1078659,19611.98,28907,525.58,0,0.00
619,49,10038,204.86,2545,51.94,853595,17420.31,1386598,28297.92,22361,456.35,268,5.47
620,6,1889,314.83,280,46.67,214250,35708.33,280325,46720.83,2238,373.00,0,0.00
621,57,2850,50.00,2793,49.00,1188473,20850.40,1092120,19160.00,26591,466.51,8949,157.00
623,65,7122,109.57,65,1.00,3837788,59042.89,1154014,17754.06,3746,57.63,17408,267.82
624,59,13039,221.00,5310,90.00,1613284,27343.80,1433283,24292.93,28296,479.59,0,0.00
625,52,12116,233.00,4108,79.00,456912,8786.77,1033856,19881.85,27417,527.25,0,0.00
627,1,535,535.00,268,268.00,20594,20594.00,57124,57124.00,485,485.00,0,0.00
630,58,2433,41.95,2433,41.95,202924,3498.69,27088,467.03,1866,32.17,33,0.57
631,63,13230,210.00,3402,54.00,1055964,16761.33,1836280,29147.30,30079,477.44,0,0.00
633,114,16359,143.50,7410,65.00,1724178,15124.37,2230745,19567.94,57386,503.39,9120,80.00
634,2,1082,541.00,542,271.00,41407,20703.50,122820,61410.00,1201,600.50,0,0.00
635,60,5944,99.07,60,1.00,3564164,59402.73,1117787,18629.78,2190,36.50,16896,281.60
637,3,288,96.00,3,1.00,135409,45136.33,59184,19728.00,483,161.00,894,298.00
638,59,13334,226.00,5428,92.00,1647445,27922.80,1456949,24694.05,29433,498.86,0,0.00
641,52,12736,244.92,4405,84.71,480070,9232.12,1095602,21069.27,28689,551.71,0,0.00
642,5,1410,282.00,15,3.00,207851,41570.20,231198,46239.60,2024,404.80,0,0.00
643,61,13054,214.00,3355,55.00,1040342,17054.79,1870721,30667.56,30259,496.05,0,0.00
645,97,4593,47.35,4546,46.87,1187308,12240.29,984064,10144.99,23316,240.37,7672,79.09
647,48,4512,94.00,48,1.00,2856620,59512.92,931513,19406.52,1749,36.44,14016,292.00
649,59,13994,237.19,4676,79.25,613785,10403.14,1210306,20513.66,31406,532.31,620,10.51
652,53,12243,231.00,4982,94.00,1512354,28534.98,1398201,26381.15,28472,537.21,0,0.00
655,51,11118,218.00,2856,56.00,887446,17400.90,1623924,31841.65,25455,499.12,0,0.00
657,106,14258,134.51,6907,65.16,1794662,16930.77,2269379,21409.24,55003,518.90,10126,95.53
659,52,4992,96.00,52,1.00,3157740,60725.77,1047026,20135.12,2411,46.37,15496,298.00
660,65,3189,49.06,2789,42.91,349308,5373.97,86677,1333.49,1426,21.94,11,0.17
661,1,100,100.00,1,1.00,43039,43039.00,21250,21250.00,225,225.00,310,310.00
662,1,565,565.00,283,283.00,21772,21772.00,61904,61904.00,492,492.00,0,0.00
664,8,2336,292.00,24,3.00,329058,41132.25,382052,47756.50,3527,440.88,0,0.00
665,62,15376,248.00,5208,84.00,579616,9348.65,1328218,21422.87,34983,564.24,0,0.00
666,51,12036,236.00,4896,96.00,1488762,29191.41,1360003,26666.73,27303,535.35,0,0.00
667,49,10814,220.69,2737,55.86,896698,18299.96,1492004,30449.06,25172,513.71,292,5.96
669,60,3757,62.62,3413,56.88,1386969,23116.15,1382286,23038.10,30310,505.17,9971,166.18
671,46,4508,98.00,46,1.00,2857799,62126.07,960829,20887.59,2428,52.78,13984,304.00
673,58,14111,243.29,4678,80.66,664856,11463.03,1220579,21044.47,31731,547.09,948,16.34
675,60,2699,44.98,2699,44.98,186080,3101.33,10560,176.00,667,11.12,11,0.18
676,2,1154,577.00,578,289.00,44590,22295.00,129352,64676.00,886,443.00,0,0.00
679,55,12364,224.80,3133,56.96,1048694,19067.16,1692973,30781.33,28003,509.15,298,5.42
680,55,13255,241.00,5390,98.00,1640019,29818.53,1499774,27268.62,29933,544.24,0,0.00
681,103,16013,155.47,7226,70.16,1698699,16492.22,2314987,22475.60,56470,548.25,8772,85.17
683,55,5500,100.00,55,1.00,3559265,64713.91,1191622,21665.85,2136,38.84,17050,310.00
684,2,132,66.00,12,6.00,73391,36695.50,12171,6085.50,862,431.00,182,91.00
685,7,728,104.00,7,1.00,402961,57565.86,159796,22828.00,312,44.57,2254,322.00
686,9,2718,302.00,27,3.00,386867,42985.22,450913,50101.44,4140,460.00,0,0.00
689,52,13110,252.12,4376,84.15,509730,9802.50,1115868,21459.00,30134,579.50,0,0.00
690,55,2528,45.96,2528,45.96,193298,3514.51,21911,398.38,1364,24.80,22,0.40
691,52,10962,210.81,2765,53.17,1107626,21300.50,1581177,30407.25,25874,497.58,309,5.94
693,45,2520,56.00,2475,55.00,1097761,24394.69,1079845,23996.56,23371,519.36,7875,175.00
694,59,14514,246.00,5900,100.00,1789896,30337.22,1595274,27038.54,34103,578.02,0,0.00
695,50,5100,102.00,50,1.00,3296951,65939.02,1120181,22403.62,2265,45.30,15800,316.00
697,64,16082,251.28,5356,83.69,988612,15447.06,1492082,23313.78,35132,548.94,2636,41.19
703,66,15444,234.00,3960,60.00,1228472,18613.21,2234430,33855.00,36785,557.35,0,0.00
705,161,20821,129.32,10504,65.24,2003271,12442.68,2589259,16082.35,62236,386.56,9078,56.39
707,41,4264,104.00,41,1.00,2728102,66539.07,952046,23220.63,2852,69.56,13202,322.00
708,57,14307,251.00,5814,102.00,1769806,31049.23,1621802,28452.67,32873,576.72,0,0.00
709,2,220,110.00,2,1.00,118940,59470.00,47702,23851.00,0,0.00,680,340.00
713,47,12502,266.00,4230,90.00,471536,10032.68,1070534,22777.32,28162,599.19,0,0.00
715,56,13328,238.00,3416,61.00,1062043,18965.05,1981223,35378.98,31316,559.21,0,0.00
717,45,2610,58.00,2565,57.00,1146146,25469.91,1157682,25726.27,24202,537.82,8145,181.00
719,45,4770,106.00,45,1.00,3196732,71038.49,1085586,24124.13,1649,36.64,14760,328.00
720,55,2640,48.00,2640,48.00,161040,2928.00,0,0.00,0,0.00,0,0.00
721,65,16853,259.28,5555,85.46,811056,12477.78,1516752,23334.65,39484,607.45,1372,21.11
722,55,13128,238.69,5216,94.84,1780279,32368.71,1516430,27571.45,29966,544.84,0,0.00
727,64,15414,240.84,3907,61.05,1299160,20299.38,2219061,34672.83,35779,559.05,322,5.03
729,133,22544,169.50,10060,75.64,2388985,17962.29,3282048,24677.05,78718,591.86,11776,88.54
730,8,2576,322.00,24,3.00,364809,45601.12,435972,54496.50,3919,489.88,0,0.00
731,50,5400,108.00,50,1.00,3596680,71933.60,1246023,24920.46,2605,52.10,16700,334.00
733,6,688,114.67,6,1.00,324174,54029.00,151832,25305.33,734,122.33,2124,354.00
735,59,2891,49.00,2891,49.00,176351,2989.00,0,0.00,0,0.00,0,0.00
736,63,16443,261.00,6678,106.00,2032573,32263.06,1856409,29466.81,36759,583.48,0,0.00
737,54,14850,275.00,5022,93.00,559147,10354.57,1273274,23579.15,34325,635.65,0,0.00
739,53,12886,243.13,3215,60.66,1173838,22147.89,1902841,35902.66,29509,556.77,656,12.38
741,56,3360,60.00,3304,59.00,1510551,26974.12,1539720,27495.00,30922,552.18,10472,187.00
743,53,5830,110.00,53,1.00,3799692,71692.30,1361324,25685.36,4087,77.11,18020,340.00
745,57,15518,272.25,5172,90.74,691976,12139.93,1383462,24271.26,35564,623.93,704,12.35
750,120,19174,159.78,9536,79.47,2231590,18596.58,1853402,15445.02,37381,311.51,22,0.18
751,66,16344,247.64,4098,62.09,1456549,22068.92,2439001,36954.56,36810,557.73,668,10.12
752,7,2324,332.00,21,3.00,326076,46582.29,386100,55157.14,4020,574.29,0,0.00
753,129,22829,176.97,10120,78.45,2411632,18694.82,3420288,26513.86,77610,601.63,11590,89.84
755,53,5936,112.00,53,1.00,3959869,74714.51,1409149,26587.72,3516,66.34,18338,346.00
757,8,940,117.50,8,1.00,499655,62456.88,219230,27403.75,703,87.88,2900,362.50
761,52,14768,284.00,4992,96.00,555708,10686.69,1282661,24666.56,34464,662.77,0,0.00
763,58,14572,251.24,3642,62.79,1308294,22556.79,2091766,36064.93,34911,601.91,680,11.72
764,51,13821,271.00,5610,110.00,1708497,33499.94,1580713,30994.37,32397,635.24,0,0.00
765,99,5610,56.67,5559,56.15,1583607,15996.03,1498021,15131.53,29215,295.10,9843,99.42
767,42,4788,114.00,42,1.00,3184772,75827.90,1151825,27424.40,3239,77.12,14784,352.00
769,57,15353,269.35,4953,86.89,925286,16233.09,1410646,24748.18,35582,624.25,2208,38.74
774,9,3078,342.00,27,3.00,433172,48130.22,519697,57744.11,4958,550.89,0,0.00
775,58,14964,258.00,3828,66.00,1190637,20528.22,2198612,37907.10,35907,619.09,0,0.00
777,120,20272,168.93,9456,78.80,2444524,20371.03,3322583,27688.19,75298,627.48,12544,104.53
778,48,13248,276.00,5376,112.00,1632832,34017.33,1450449,30217.69,30686,639.29,0,0.00
779,52,6032,116.00,52,1.00,4077102,78405.81,1472113,28309.87,3189,61.33,18616,358.00
780,64,3327,51.98,3327,51.98,227596,3556.19,15625,244.14,771,12.05,11,0.17
781,5,608,121.60,5,1.00,296977,59395.40,145768,29153.60,900,180.00,1874,374.80
784,7,910,130.00,238,34.00,285245,40749.29,162850,23264.29,582,83.14,0,0.00
785,55,16115,293.00,5445,99.00,605424,11007.71,1409267,25623.04,38544,700.80,0,0.00
787,58,15112,260.55,3820,65.86,1272449,21938.78,2252553,38837.12,34693,598.16,352,6.07
789,56,3752,67.00,3432,61.29,1610176,28753.14,1696162,30288.61,32007,571.55,10746,191.89
791,58,6762,116.59,70,1.21,4643069,80052.91,1654435,28524.74,4367,75.29,20594,355.07
792,54,15174,281.00,6156,114.00,1870553,34639.87,1670278,30931.07,35507,657.54,0,0.00
793,70,20198,288.54,6703,95.76,964400,13777.14,1851569,26450.99,46779,668.27,1128,16.11
795,63,3337,52.97,3337,52.97,253841,4029.22,29288,464.89,1574,24.98,22,0.35
796,4,1408,352.00,12,3.00,195621,48905.25,232669,58167.25,2448,612.00,0,0.00
799,54,14364,266.00,3672,68.00,1141653,21141.72,2080693,38531.35,34696,642.52,0,0.00
801,110,19318,175.62,8964,81.49,2317825,21071.14,3199527,29086.61,71218,647.44,11716,106.51
803,60,7200,120.00,60,1.00,4984442,83074.03,1809774,30162.90,3545,59.08,22200,370.00
805,4,496,124.00,4,1.00,263658,65914.50,126232,31558.00,758,189.50,1528,382.00
806,46,13156,286.00,5336,116.00,1626749,35364.11,1504440,32705.22,29852,648.96,0,0.00
810,53,2860,53.96,2860,53.96,223254,4212.34,29190,550.75,1604,30.26,22,0.42
811,60,16200,270.00,4140,69.00,1290568,21509.47,2422759,40379.32,38427,640.45,0,0.00
813,56,3696,66.00,3640,65.00,1744447,31150.84,1860096,33216.00,33727,602.27,11480,205.00
815,60,7320,122.00,60,1.00,4899999,81666.65,1858455,30974.25,6339,105.65,22560,376.00
817,3,378,126.00,3,1.00,162606,54202.00,97524,32508.00,1280,426.67,1164,388.00
818,2,724,362.00,6,3.00,104731,52365.50,134363,67181.50,1124,562.00,0,0.00
820,66,19206,291.00,7788,118.00,2371409,35930.44,2204763,33405.50,44942,680.94,0,0.00
821,6,630,105.00,6,1.00,172470,28745.00,194910,32485.00,4464,744.00,0,0.00
823,54,14796,274.00,3780,70.00,1172147,21706.43,2160011,40000.20,37234,689.52,0,0.00
825,99,6057,61.18,6006,60.67,1759895,17776.72,1745322,17629.52,31471,317.89,10608,107.15
827,55,6820,124.00,55,1.00,4872355,88588.27,1763461,32062.93,2612,47.49,21010,382.00
834,56,16576,296.00,6720,120.00,2048264,36576.14,1928562,34438.61,39723,709.34,0,0.00
835,56,15476,276.36,3906,69.75,1320422,23578.96,2330654,41618.82,37952,677.71,376,6.71
837,60,4080,68.00,4020,67.00,1928120,32135.33,2116233,35270.55,37533,625.55,12660,211.00
839,49,6174,126.00,49,1.00,4334591,88461.04,1615375,32966.84,3594,73.35,19012,388.00
840,62,5049,81.44,3204,51.68,535254,8633.13,381624,6155.23,4905,79.11,33,0.53
846,3,420,140.00,108,36.00,131619,43873.00,68073,22691.00,604,201.33,0,0.00
847,56,15792,282.00,4032,72.00,1253741,22388.23,2313415,41310.98,38908,694.79,0,0.00
848,63,18963,301.00,7686,122.00,2341806,37171.52,2139519,33960.62,44192,701.46,0,0.00
849,53,3657,69.00,3604,68.00,1736205,32758.58,1922787,36279.00,33624,634.42,11342,214.00
855,49,2790,56.94,2790,56.94,248275,5066.84,48708,994.04,2541,51.86,33,0.67
859,65,18494,284.52,4673,71.89,1547713,23810.97,2793303,42973.89,44886,690.55,388,5.97
861,55,3850,70.00,3795,69.00,1830710,33285.64,2054127,37347.76,35451,644.56,11935,217.00
862,54,16752,310.22,6333,117.28,2089115,38687.31,2045199,37874.06,39752,736.15,0,0.00
870,67,3885,57.99,3885,57.99,263039,3925.96,16091,240.16,862,12.87,11,0.16
871,61,17592,288.39,4441,72.80,1469989,24098.18,2573357,42186.18,43749,717.20,394,6.46
873,55,3905,71.00,3850,70.00,1868537,33973.40,2112638,38411.60,36014,654.80,12100,220.00
876,64,19904,311.00,8064,126.00,2460786,38449.78,2349502,36710.97,47512,742.38,0,0.00
883,58,16952,292.28,4276,73.72,1451216,25020.97,2605909,44929.47,40506,698.38,400,6.90
884,4,1568,392.00,12,3.00,223542,55885.50,300132,75033.00,2531,632.75,0,0.00
885,121,7956,65.75,7893,65.23,2476587,20467.66,2522605,20847.98,43135,356.49,14071,116.29
890,56,17696,316.00,7168,128.00,2184119,39002.12,2013114,35948.46,41731,745.20,0,0.00
895,69,20358,295.04,5094,73.83,1798906,26071.10,3053612,44255.25,49726,720.67,812,11.77
897,58,4234,73.00,4176,72.00,2048072,35311.59,2353234,40573.00,39003,672.47,13108,226.00
899,1,170,170.00,17,17.00,17106,17106.00,4950,4950.00,37,37.00,0,0.00
900,63,3780,60.00,3780,60.00,230580,3660.00,0,0.00,0,0.00,0,0.00
904,58,18618,321.00,7540,130.00,2304300,39729.31,2182913,37636.43,43356,747.52,0,0.00
906,4,1608,402.00,12,3.00,224255,56063.75,293390,73347.50,2578,644.50,0,0.00
907,62,18516,298.65,4622,74.55,1641699,26479.02,2700113,43550.21,45336,731.23,824,13.29
908,5,750,150.00,190,38.00,235879,47175.80,129963,25992.60,1651,330.20,0,0.00
909,57,4218,74.00,4161,73.00,2107164,36967.79,2379759,41750.16,38120,668.77,13053,229.00
910,4,1212,303.00,412,103.00,56101,14025.25,12198,3049.50,3580,895.00,0,0.00
915,53,3231,60.96,3231,60.96,253543,4783.83,34989,660.17,1814,34.23,22,0.42
918,57,18582,326.00,7524,132.00,2298091,40317.39,2160283,37899.70,43092,756.00,0,0.00
919,55,16830,306.00,4290,78.00,1333250,24240.91,2557875,46506.82,42714,776.62,0,0.00
921,66,4950,75.00,4884,74.00,2413526,36568.58,2825460,42810.00,45770,693.48,15312,232.00
928,7,2884,412.00,21,3.00,402603,57514.71,477542,68220.29,4586,655.14,0,0.00
930,64,3968,62.00,3968,62.00,242048,3782.00,0,0.00,0,0.00,0,0.00
931,52,16120,310.00,4108,79.00,1278237,24581.48,2450551,47125.98,40519,779.21,0,0.00
932,54,17874,331.00,7236,134.00,2202357,40784.39,2022238,37448.85,43287,801.61,0,0.00
933,57,4332,76.00,4275,75.00,2145505,37640.44,2506139,43967.35,39745,697.28,13395,235.00
943,57,17898,314.00,4560,80.00,1419227,24898.72,2605014,45702.00,44679,783.84,0,0.00
945,111,7763,69.94,7708,69.44,2300858,20728.45,2480885,22350.32,39160,352.79,13090,117.93
946,60,20160,336.00,8160,136.00,2492755,41545.92,2397202,39953.37,48007,800.12,0,0.00
950,8,3134,391.75,39,4.88,429673,53709.12,555973,69496.62,4608,576.00,0,0.00
955,51,16218,318.00,4131,81.00,1283111,25159.04,2450173,48042.61,41656,816.78,0,0.00
957,52,4056,78.00,4004,77.00,2021979,38884.21,2406456,46278.00,37354,718.35,12532,241.00
960,114,22252,195.19,11290,99.04,2568170,22527.81,2184663,19163.71,45121,395.80,22,0.19
967,57,18354,322.00,4674,82.00,1455125,25528.51,2777929,48735.60,46191,810.37,0,0.00
969,54,4266,79.00,4212,78.00,2142748,39680.52,2563056,47464.00,39238,726.63,13176,244.00
970,2,320,160.00,80,40.00,100625,50312.50,50409,25204.50,785,392.50,0,0.00
972,3,1296,432.00,9,3.00,181617,60539.00,227872,75957.33,2062,687.33,0,0.00
974,55,19030,346.00,7700,140.00,2350809,42741.98,2250158,40911.96,46628,847.78,0,0.00
975,57,3705,65.00,3705,65.00,226005,3965.00,0,0.00,0,0.00,0,0.00
979,45,14670,326.00,3735,83.00,1163310,25851.33,2269244,50427.64,36942,820.93,0,0.00
981,50,4000,80.00,3950,79.00,2020404,40408.08,2434306,48686.12,36759,735.18,12350,247.00
984,12,1092,91.00,336,28.00,62502,5208.50,5226,435.50,11106,925.50,0,0.00
988,56,19656,351.00,7952,142.00,2430969,43410.16,2315425,41346.88,45997,821.38,0,0.00
990,55,3629,65.98,3629,65.98,253273,4604.96,19276,350.47,982,17.85,11,0.20
991,62,20460,330.00,5208,84.00,1621832,26158.58,3147043,50758.76,51759,834.82,0,0.00
993,56,4536,81.00,4480,80.00,2304070,41144.11,2794348,49899.07,41685,744.38,14000,250.00
994,6,2652,442.00,18,3.00,372245,62040.83,470089,78348.17,4233,705.50,0,0.00
1002,64,22784,356.00,9216,144.00,2812321,43942.52,2684303,41942.23,55921,873.77,0,0.00
1003,55,18370,334.00,4675,85.00,1456555,26482.82,2743013,49872.96,46147,839.04,0,0.00
1005,109,8007,73.46,7872,72.22,2287170,20983.21,2371171,21753.86,37669,345.59,11551,105.97
1007,1,65,65.00,14,14.00,53391,53391.00,11440,11440.00,787,787.00,1,1.00
1015,52,17576,338.00,4472,86.00,1392588,26780.54,2692414,51777.19,44735,860.29,0,0.00
1016,65,23920,368.00,8775,135.00,2986669,45948.75,2916759,44873.22,56333,866.66,0,0.00
1017,62,5146,83.00,5084,82.00,2656854,42852.48,3246196,52358.00,47146,760.42,15872,256.00
1020,54,3672,68.00,3672,68.00,223992,4148.00,0,0.00,0,0.00,0,0.00
1027,50,17100,342.00,4350,87.00,1352297,27045.94,2627149,52542.98,44406,888.12,0,0.00
1029,53,4452,84.00,4399,83.00,2304767,43486.17,2841807,53619.00,40862,770.98,13727,259.00
1030,57,20862,366.00,8436,148.00,2579271,45250.37,2494904,43770.25,50372,883.72,0,0.00
1035,56,3863,68.98,3863,68.98,271776,4853.14,21926,391.54,1027,18.34,11,0.20
1038,7,3234,462.00,21,3.00,450498,64356.86,602835,86119.29,5692,813.14,0,0.00
1039,54,18684,346.00,4752,88.00,1477220,27355.93,2769516,51287.33,48360,895.56,0,0.00
1041,52,4420,85.00,4368,84.00,2292471,44085.98,2855811,54919.44,40575,780.29,13624,262.00
1044,67,24857,371.00,10050,150.00,3067991,45790.91,2912429,43469.09,61424,916.78,0,0.00
1049,6,1044,174.00,264,44.00,328851,54808.50,209253,34875.50,3761,626.83,0,0.00
1050,56,3920,70.00,3920,70.00,239120,4270.00,0,0.00,0,0.00,0,0.00
1051,59,20650,350.00,5251,89.00,1637125,27747.88,3140380,53226.78,52078,882.68,0,0.00
1053,50,4300,86.00,4250,85.00,2251088,45021.76,2811466,56229.32,39362,787.24,13250,265.00
1058,61,22760,373.11,9140,149.84,2801170,45920.82,2574892,42211.34,54849,899.16,0,0.00
1060,2,944,472.00,6,3.00,131329,65664.50,176805,88402.50,1837,918.50,0,0.00
1063,47,16638,354.00,4230,90.00,1320043,28086.02,2539108,54023.57,41710,887.45,0,0.00
1065,117,9138,78.10,9086,77.66,2692977,23016.90,3012686,25749.45,42573,363.87,13947,119.21
1072,55,20955,381.00,8470,154.00,2590851,47106.38,2519567,45810.31,50818,923.96,0,0.00
1075,61,21838,358.00,5551,91.00,1726282,28299.70,3354590,54993.28,56913,933.00,0,0.00
1077,57,5016,88.00,4959,87.00,2691695,47222.72,3354788,58855.93,45570,799.47,15447,271.00
1080,61,4391,71.98,4391,71.98,302810,4964.10,21038,344.89,1072,17.57,11,0.18
1082,3,1446,482.00,9,3.00,204430,68143.33,252024,84008.00,2320,773.33,0,0.00
1086,52,20072,386.00,8112,156.00,2481808,47727.08,2403930,46229.42,48654,935.65,0,0.00
1087,69,24978,362.00,6348,92.00,1974480,28615.65,3742626,54240.96,65013,942.22,0,0.00
1089,46,4094,89.00,4048,88.00,2182500,47445.65,2766854,60149.00,37467,814.50,12604,274.00
1095,59,4305,72.97,4305,72.97,333459,5651.85,43496,737.22,2174,36.85,22,0.37
1099,54,19764,366.00,5022,93.00,1564371,28969.83,3022363,55969.69,50859,941.83,0,0.00
1100,57,22287,391.00,9006,158.00,2745712,48170.39,2551035,44755.00,55136,967.30,0,0.00
1101,60,5400,90.00,5340,89.00,2917463,48624.38,3691321,61522.02,49168,819.47,16620,277.00
1104,1,492,492.00,3,3.00,67942,67942.00,94591,94591.00,661,661.00,0,0.00
1110,67,4958,74.00,4958,74.00,302438,4514.00,0,0.00,0,0.00,0,0.00
1111,59,21112,357.83,5329,90.32,1807848,30641.49,3292051,55797.47,52644,892.27,0,0.00
1113,67,6097,91.00,6030,90.00,3257535,48619.93,4212022,62866.00,56126,837.70,18760,280.00
1114,51,20196,396.00,8160,160.00,2492435,48871.27,2390872,46879.84,50009,980.57,0,0.00
1123,68,25432,374.00,6460,95.00,2016652,29656.65,3992827,58718.04,64470,948.09,0,0.00
1125,114,9450,82.89,9397,82.43,2952889,25902.54,3427627,30066.90,45772,401.51,15010,131.67
1126,1,502,502.00,3,3.00,70857,70857.00,90211,90211.00,774,774.00,0,0.00
1128,57,22857,401.00,9234,162.00,2822186,49512.04,2713198,47599.96,56214,986.21,0,0.00
1135,52,19656,378.00,4992,96.00,1554503,29894.29,3037675,58416.83,51096,982.62,0,0.00
1137,55,5115,93.00,5060,92.00,2773246,50422.65,3610365,65643.00,46943,853.51,15730,286.00
1140,58,4405,75.95,4405,75.95,377639,6511.02,66666,1149.41,3396,58.55,33,0.57
1142,45,18270,406.00,7380,164.00,2257383,50164.07,2203536,48967.47,45272,1006.04,0,0.00
1147,51,19482,382.00,4947,97.00,1537736,30151.69,2946549,57775.47,51662,1012.98,0,0.00
1148,4,2048,512.00,12,3.00,282487,70621.75,386142,96535.50,3514,878.50,0,0.00
1149,68,6392,94.00,6324,93.00,3488925,51307.72,4560898,67072.03,58613,861.96,19652,289.00
1155,52,4004,77.00,4004,77.00,244244,4697.00,0,0.00,0,0.00,0,0.00
1156,62,25482,411.00,10292,166.00,3150797,50819.31,3081254,49697.65,62237,1003.82,0,0.00
1159,56,21616,386.00,5488,98.00,1708689,30512.30,3288168,58717.29,56342,1006.11,0,0.00
1161,51,4845,95.00,4794,94.00,2660249,52161.75,3492480,68480.00,44375,870.10,14892,292.00
1164,1,220,220.00,22,22.00,22060,22060.00,6410,6410.00,100,100.00,0,0.00
1170,119,30980,260.34,13707,115.18,3600143,30253.30,3370711,28325.30,62852,528.17,0,0.00
1171,55,21450,390.00,5445,99.00,1692794,30778.07,3340353,60733.69,57157,1039.22,0,0.00
1173,54,5576,103.26,4942,91.52,2884540,53417.41,3680059,68149.24,45514,842.85,14750,273.15
1183,67,26398,394.00,6700,100.00,2087096,31150.69,4162185,62122.16,69056,1030.69,0,0.00
1184,52,21892,421.00,8840,170.00,2704140,52002.69,2647197,50907.63,54612,1050.23,0,0.00
1185,108,9501,87.97,9447,87.47,3307756,30627.37,3922873,36322.90,51169,473.79,16125,149.31
1192,7,3724,532.00,21,3.00,521477,74496.71,709301,101328.71,5701,814.43,0,0.00
1195,52,20696,398.00,5252,101.00,1636937,31479.56,3160007,60769.37,53687,1032.44,0,0.00
1197,55,5390,98.00,5335,97.00,3039440,55262.55,4007937,72871.58,48997,890.85,16555,301.00
1198,50,21300,426.00,8600,172.00,2630785,52615.70,2589580,51791.60,53508,1070.16,0,0.00
1200,58,4639,79.98,4639,79.98,321196,5537.86,22917,395.12,1192,20.55,11,0.19
1203,1,226,226.00,23,23.00,22717,22717.00,6641,6641.00,108,108.00,0,0.00
1209,67,6633,99.00,6566,98.00,3734308,55735.94,4983140,74375.22,60560,903.88,20368,304.00
1212,54,23274,431.00,9396,174.00,2867889,53109.06,2723265,50430.83,58730,1087.59,0,0.00
1214,1,542,542.00,3,3.00,77170,77170.00,103743,103743.00,866,866.00,0,0.00
1215,46,3725,80.98,3725,80.98,268013,5826.37,27690,601.96,1207,26.24,11,0.24
1219,3,472,157.33,45,15.00,161559,53853.00,38467,12822.33,1806,602.00,322,107.33
1221,50,5000,100.00,4950,99.00,2862702,57254.04,3794815,75896.30,45284,905.68,15350,307.00
1226,59,25724,436.00,10384,176.00,3171335,53751.44,3061964,51897.69,64634,1095.49,0,0.00
1230,62,5084,82.00,5084,82.00,310124,5002.00,0,0.00,0,0.00,0,0.00
1235,7,1428,204.00,350,50.00,450878,64411.14,353314,50473.43,4240,605.71,0,0.00
1236,4,2208,552.00,12,3.00,310769,77692.25,426216,106554.00,3666,916.50,0,0.00
1240,47,20727,441.00,8366,178.00,2555315,54368.40,2454430,52221.91,52916,1125.87,0,0.00
1245,55,4565,83.00,4565,83.00,278465,5063.00,0,0.00,0,0.00,0,0.00
1254,61,27206,446.00,10980,180.00,3357586,55042.39,3252617,53321.59,68355,1120.57,0,0.00
1258,3,1686,562.00,9,3.00,234593,78197.67,327117,109039.00,2621,873.67,0,0.00
1260,54,4534,83.96,4534,83.96,361182,6688.56,54046,1000.85,2504,46.37,22,0.41
1268,69,31119,451.00,12558,182.00,3838013,55623.38,3692291,53511.46,78116,1132.12,0,0.00
1272,1,240,240.00,24,24.00,24294,24294.00,7008,7008.00,45,45.00,0,0.00
1275,50,4250,85.00,4250,85.00,259250,5185.00,0,0.00,0,0.00,0,0.00
1280,3,1716,572.00,9,3.00,236662,78887.33,322809,107603.00,2970,990.00,0,0.00
1282,54,24624,456.00,9936,184.00,3038667,56271.61,2926831,54200.57,61926,1146.78,0,0.00
1290,54,4644,86.00,4644,86.00,283284,5246.00,0,0.00,0,0.00,0,0.00
1296,55,25355,461.00,10230,186.00,3132396,56952.65,3089074,56164.98,63767,1159.40,0,0.00
1297,4,856,214.00,208,52.00,271122,67780.50,222293,55573.25,1735,433.75,0,0.00
1302,9,5238,582.00,27,3.00,722212,80245.78,991626,110180.67,9384,1042.67,0,0.00
1305,61,5305,86.97,5305,86.97,408485,6696.48,53020,869.18,2594,42.52,22,0.36
1310,68,31688,466.00,12784,188.00,3915154,57575.79,3877549,57022.78,79407,1167.75,0,0.00
1320,49,4310,87.96,4310,87.96,346330,7067.96,51797,1057.08,2624,53.55,22,0.45
1324,56,26860,479.64,9892,176.64,3344615,59725.27,3429379,61238.91,65528,1170.14,0,0.00
1335,62,5517,88.98,5517,88.98,378718,6108.35,26304,424.26,1327,21.40,11,0.18
1338,51,24276,476.00,9792,192.00,2994844,58722.43,2886932,56606.51,61273,1201.43,0,0.00
1346,6,3612,602.00,18,3.00,494213,82368.83,660371,110061.83,6615,1102.50,0,0.00
1350,70,6299,89.99,6299,89.99,428883,6126.90,27164,388.06,1342,19.17,11,0.16
1352,56,26936,481.00,10864,194.00,3322830,59336.25,3197988,57106.93,67098,1198.18,0,0.00
1359,7,1568,224.00,378,54.00,496648,70949.71,403713,57673.29,5906,843.71,0,0.00
1365,56,5094,90.96,5094,90.96,399067,7126.20,58157,1038.52,2714,48.46,22,0.39
1366,55,26730,486.00,10780,196.00,3301564,60028.44,3281508,59663.78,67496,1227.20,0,0.00
1368,5,3060,612.00,15,3.00,425585,85117.00,606917,121383.40,6193,1238.60,0,0.00
1370,1,258,258.00,26,26.00,26100,26100.00,7556,7556.00,53,53.00,0,0.00
1374,1,260,260.00,26,26.00,26116,26116.00,7564,7564.00,58,58.00,0,0.00
1380,123,38048,309.33,18417,149.73,4427514,35996.05,4103687,33363.31,83932,682.37,11,0.09
1390,6,3732,622.00,18,3.00,516601,86100.17,707597,117932.83,7215,1202.50,0,0.00
1394,52,25792,496.00,10400,200.00,3177729,61110.17,3077397,59180.71,65685,1263.17,0,0.00
1395,68,6324,93.00,6324,93.00,385764,5673.00,0,0.00,0,0.00,0,0.00
1410,52,4888,94.00,4888,94.00,298168,5734.00,0,0.00,0,0.00,0,0.00
1412,3,1896,632.00,9,3.00,261185,87061.67,353947,117982.33,3466,1155.33,0,0.00
1421,6,1404,234.00,336,56.00,445151,74191.83,384897,64149.50,5325,887.50,0,0.00
1425,52,4939,94.98,4939,94.98,348935,6710.29,29391,565.21,1417,27.25,11,0.21
1431,1,270,270.00,27,27.00,27251,27251.00,7876,7876.00,79,79.00,0,0.00
1433,2,286,143.00,26,13.00,156098,78049.00,39920,19960.00,2146,1073.00,378,189.00
1440,57,5471,95.98,5471,95.98,381521,6693.35,31181,547.04,1432,25.12,11,0.19
1455,57,5527,96.96,5527,96.96,434241,7618.26,61756,1083.44,2894,50.77,22,0.39
1456,6,3912,652.00,18,3.00,537038,89506.33,751112,125185.33,7368,1228.00,0,0.00
1470,67,6566,98.00,6566,98.00,400526,5978.00,0,0.00,0,0.00,0,0.00
1474,1,278,278.00,28,28.00,28098,28098.00,8126,8126.00,24,24.00,0,0.00
1478,7,4634,662.00,21,3.00,629151,89878.71,898930,128418.57,8833,1261.86,0,0.00
1483,10,2440,244.00,580,58.00,776815,77681.50,667719,66771.90,6283,628.30,0,0.00
1485,52,5148,99.00,5148,99.00,314028,6039.00,0,0.00,0,0.00,0,0.00
1500,9,4902,544.67,219,24.33,760999,84555.44,956020,106224.44,11675,1297.22,22,2.44
1520,1,674,674.00,3,3.00,157804,157804.00,119863,119863.00,1194,1194.00,0,0.00
1522,2,1364,682.00,6,3.00,187667,93833.50,257708,128854.00,2322,1161.00,0,0.00
1529,1,290,290.00,29,29.00,28990,28990.00,8412,8412.00,53,53.00,0,0.00
1533,1,290,290.00,29,29.00,29112,29112.00,8440,8440.00,84,84.00,0,0.00
1535,2,580,290.00,58,29.00,58412,29206.00,16908,8454.00,166,83.00,0,0.00
1544,3,2076,692.00,9,3.00,279855,93285.00,410996,136998.67,3985,1328.33,0,0.00
1545,3,762,254.00,180,60.00,242269,80756.33,184505,61501.67,2245,748.33,0,0.00
1566,3,2106,702.00,9,3.00,287123,95707.67,413295,137765.00,3794,1264.67,0,0.00
1579,12,1344,112.00,0,0.00,1432140,119345.00,252996,21083.00,18744,1562.00,456,38.00
1582,1,298,298.00,30,30.00,30138,30138.00,8724,8724.00,66,66.00,0,0.00
1588,9,6408,712.00,27,3.00,872108,96900.89,1248567,138729.67,12626,1402.89,0,0.00
1607,3,792,264.00,186,62.00,251475,83825.00,232175,77391.67,3098,1032.67,0,0.00
1610,3,2166,722.00,9,3.00,295552,98517.33,424692,141564.00,4339,1446.33,0,0.00
1632,7,5124,732.00,21,3.00,705787,100826.71,1004593,143513.29,8925,1275.00,0,0.00
1641,1,310,310.00,31,31.00,31188,31188.00,9038,9038.00,108,108.00,0,0.00
1643,2,326,163.00,30,15.00,206295,103147.50,53207,26603.50,2309,1154.50,434,217.00
1654,1,742,742.00,3,3.00,100272,100272.00,145394,145394.00,1528,1528.00,0,0.00
1669,6,1644,274.00,384,64.00,522909,87151.50,507657,84609.50,5085,847.50,0,0.00
1676,3,2256,752.00,9,3.00,306844,102281.33,438470,146156.67,4236,1412.00,0,0.00
1688,1,320,320.00,32,32.00,32060,32060.00,9288,9288.00,42,42.00,0,0.00
1698,4,3048,762.00,12,3.00,417278,104319.50,606718,151679.50,5589,1397.25,0,0.00
1720,5,3860,772.00,15,3.00,524938,104987.60,755291,151058.20,7412,1482.40,0,0.00
1731,7,1988,284.00,462,66.00,632414,90344.86,593095,84727.86,7838,1119.71,0,0.00
1742,3,2346,782.00,9,3.00,323691,107897.00,470662,156887.33,4214,1404.67,0,0.00
1764,4,3168,792.00,12,3.00,432541,108135.25,609382,152345.50,6497,1624.25,0,0.00
1766,12,1464,122.00,0,0.00,955164,79597.00,355584,29632.00,21000,1750.00,480,40.00
1786,7,5150,735.71,52,7.43,691316,98759.43,971539,138791.29,9904,1414.86,0,0.00
1790,1,338,338.00,34,34.00,33866,33866.00,9864,9864.00,142,142.00,0,0.00
1793,5,1470,294.00,340,68.00,467818,93563.60,446599,89319.80,5524,1104.80,0,0.00
1800,12,1452,121.00,0,0.00,1023960,85330.00,336852,28071.00,20016,1668.00,480,40.00
1804,6,894,149.00,162,27.00,442860,73810.00,130362,21727.00,8178,1363.00,18,3.00
1808,4,3248,812.00,12,3.00,444612,111153.00,651035,162758.75,6628,1657.00,0,0.00
1830,5,4110,822.00,15,3.00,558963,111792.60,813373,162674.60,7932,1586.40,0,0.00
1852,5,4160,832.00,15,3.00,566214,113242.80,808564,161712.80,8021,1604.20,0,0.00
1855,3,912,304.00,210,70.00,291165,97055.00,269956,89985.33,3752,1250.67,0,0.00
1861,1,187,187.00,17,17.00,98282,98282.00,31112,31112.00,1515,1515.00,245,245.00
1872,2,616,308.00,144,72.00,195947,97973.50,186319,93159.50,2344,1172.00,0,0.00
1874,3,2526,842.00,9,3.00,340816,113605.33,507107,169035.67,4995,1665.00,0,0.00
1896,6,4620,770.00,51,8.50,621852,103642.00,850936,141822.67,8753,1458.83,0,0.00
1898,1,358,358.00,36,36.00,36026,36026.00,10462,10462.00,124,124.00,0,0.00
1917,1,314,314.00,72,72.00,100130,100130.00,98223,98223.00,1360,1360.00,0,0.00
1918,3,2586,862.00,9,3.00,356753,118917.67,513364,171121.33,5291,1763.67,0,0.00
1934,7,2226,318.00,518,74.00,709390,101341.43,659590,94227.14,9223,1317.57,0,0.00
1940,10,8720,872.00,30,3.00,1187786,118778.60,1731424,173142.40,16694,1669.40,0,0.00
1962,3,2646,882.00,9,3.00,359920,119973.33,523301,174433.67,5315,1771.67,0,0.00
1968,1,198,198.00,18,18.00,100218,100218.00,36900,36900.00,1631,1631.00,259,259.00
1984,7,6244,892.00,21,3.00,849184,121312.00,1239335,177047.86,12212,1744.57,0,0.00
1996,9,2952,328.00,684,76.00,942036,104670.67,895626,99514.00,12417,1379.67,0,0.00
2006,3,2706,902.00,9,3.00,369026,123008.67,544716,181572.00,4921,1640.33,0,0.00
2028,3,2736,912.00,9,3.00,369437,123145.67,548087,182695.67,5073,1691.00,0,0.00
2050,4,3688,922.00,12,3.00,504131,126032.75,731205,182801.25,7155,1788.75,0,0.00
2072,7,6524,932.00,21,3.00,887188,126741.14,1306661,186665.86,12800,1828.57,0,0.00
2079,6,2412,402.00,0,0.00,4132422,688737.00,419142,69857.00,0,0.00,0,0.00
2094,8,7536,942.00,24,3.00,1020215,127526.88,1515383,189422.88,14997,1874.62,0,0.00
2116,2,1904,952.00,6,3.00,255081,127540.50,378072,189036.00,3878,1939.00,0,0.00
2120,8,2784,348.00,640,80.00,889384,111173.00,874102,109262.75,11734,1466.75,0,0.00
2138,7,6734,962.00,21,3.00,910158,130022.57,1348603,192657.57,13290,1898.57,0,0.00
2159,1,408,408.00,41,41.00,40938,40938.00,11894,11894.00,116,116.00,0,0.00
2160,5,4860,972.00,15,3.00,654161,130832.20,975140,195028.00,9462,1892.40,0,0.00
2169,1,410,410.00,41,41.00,41312,41312.00,11944,11944.00,80,80.00,0,0.00
2171,1,410,410.00,41,41.00,41280,41280.00,11958,11958.00,142,142.00,0,0.00
2182,17,11564,680.24,621,36.53,2119245,124661.47,2604580,153210.59,30648,1802.82,287,16.88
2204,6,5952,992.00,18,3.00,797422,132903.67,1203909,200651.50,11568,1928.00,0,0.00
2218,1,418,418.00,42,42.00,42225,42225.00,12225,12225.00,111,111.00,0,0.00
2244,9,3312,368.00,756,84.00,1057107,117456.33,1036943,115215.89,14754,1639.33,0,0.00
2267,1,428,428.00,43,43.00,43094,43094.00,12492,12492.00,100,100.00,0,0.00
2289,1,231,231.00,21,21.00,120512,120512.00,46111,46111.00,1831,1831.00,301,301.00
2306,4,1512,378.00,344,86.00,482613,120653.25,465622,116405.50,7237,1809.25,0,0.00
2326,1,440,440.00,44,44.00,44228,44228.00,12806,12806.00,100,100.00,0,0.00
2368,2,776,388.00,176,88.00,249423,124711.50,269025,134512.50,3339,1669.50,0,0.00
2371,1,450,450.00,45,45.00,44818,44818.00,13042,13042.00,129,129.00,0,0.00
2377,1,450,450.00,45,45.00,45094,45094.00,13084,13084.00,129,129.00,0,0.00
2396,1,242,242.00,22,22.00,122705,122705.00,50167,50167.00,2003,2003.00,315,315.00
2430,5,1990,398.00,450,90.00,636461,127292.20,666714,133342.80,7167,1433.40,0,0.00
2492,3,1224,408.00,276,92.00,391760,130586.67,395729,131909.67,6009,2003.00,0,0.00
2495,1,249,249.00,23,23.00,177116,177116.00,55714,55714.00,1751,1751.00,329,329.00
2500,4,2800,700.00,400,100.00,189125,47281.25,10000,2500.00,12,3.00,0,0.00
2503,1,253,253.00,23,23.00,142605,142605.00,52876,52876.00,1957,1957.00,329,329.00
2554,4,1672,418.00,376,94.00,534982,133745.50,594982,148745.50,8806,2201.50,0,0.00
2575,1,486,486.00,49,49.00,48888,48888.00,14194,14194.00,100,100.00,0,0.00
2593,1,490,490.00,49,49.00,49404,49404.00,14280,14280.00,98,98.00,0,0.00
2610,1,264,264.00,24,24.00,150653,150653.00,58115,58115.00,2004,2004.00,343,343.00
2611,12,3816,318.00,924,77.00,1712376,142698.00,383118,31926.50,29952,2496.00,0,0.00
2616,4,1712,428.00,384,96.00,548075,137018.75,583295,145823.75,7639,1909.75,0,0.00
2678,7,3066,438.00,686,98.00,983094,140442.00,959944,137134.86,13623,1946.14,0,0.00
2687,1,508,508.00,51,51.00,50990,50990.00,14800,14800.00,124,124.00,0,0.00
2740,7,3136,448.00,700,100.00,1003723,143389.00,1102370,157481.43,14891,2127.29,0,0.00
2744,1,520,520.00,52,52.00,51982,51982.00,15091,15091.00,139,139.00,0,0.00
2752,1,520,520.00,52,52.00,52458,52458.00,15156,15156.00,95,95.00,0,0.00
2789,1,528,528.00,53,53.00,52796,52796.00,15356,15356.00,145,145.00,0,0.00
2802,3,1374,458.00,306,102.00,440587,146862.33,457825,152608.33,6102,2034.00,0,0.00
2803,1,530,530.00,53,53.00,53450,53450.00,15434,15434.00,61,61.00,0,0.00
2820,1,284,284.00,26,26.00,173517,173517.00,67206,67206.00,2168,2168.00,371,371.00
2824,1,286,286.00,26,26.00,158827,158827.00,64906,64906.00,2237,2237.00,371,371.00
2828,12,8988,749.00,0,0.00,1258110,104842.50,997680,83140.00,32532,2711.00,864,72.00
2864,6,2808,468.00,624,104.00,899509,149918.17,943170,157195.00,12504,2084.00,0,0.00
2897,1,546,546.00,55,55.00,55120,55120.00,15974,15974.00,124,124.00,0,0.00
2903,1,550,550.00,55,55.00,55060,55060.00,15976,15976.00,134,134.00,0,0.00
2905,1,548,548.00,55,55.00,55314,55314.00,16010,16010.00,132,132.00,0,0.00
2926,5,2390,478.00,530,106.00,765326,153065.20,844527,168905.40,11115,2223.00,0,0.00
2931,1,297,297.00,27,27.00,163557,163557.00,69365,69365.00,2398,2398.00,385,385.00
2950,1,556,556.00,56,56.00,56000,56000.00,16266,16266.00,192,192.00,0,0.00
2958,2,1118,559.00,112,56.00,112567,56283.50,32581,16290.50,224,112.00,0,0.00
2988,7,3416,488.00,756,108.00,1092076,156010.86,1187858,169694.00,16714,2387.71,0,0.00
3001,1,566,566.00,57,57.00,57050,57050.00,16544,16544.00,129,129.00,0,0.00
3034,1,306,306.00,28,28.00,152176,152176.00,78025,78025.00,2580,2580.00,399,399.00
3050,2,996,498.00,220,110.00,318461,159230.50,356609,178304.50,5381,2690.50,0,0.00
3062,1,578,578.00,58,58.00,58352,58352.00,16872,16872.00,91,91.00,0,0.00
3064,1,580,580.00,58,58.00,58208,58208.00,16866,16866.00,130,130.00,0,0.00
3112,3,1524,508.00,336,112.00,490692,163564.00,500863,166954.33,6833,2277.67,0,0.00
3145,4,1276,319.00,116,29.00,714514,178628.50,320319,80079.75,10041,2510.25,1652,413.00
3164,1,598,598.00,60,60.00,60008,60008.00,17428,17428.00,187,187.00,0,0.00
3170,1,600,600.00,60,60.00,60100,60100.00,17450,17450.00,200,200.00,0,0.00
3174,1,518,518.00,114,114.00,165878,165878.00,193413,193413.00,1940,1940.00,0,0.00
3236,1,528,528.00,116,116.00,169454,169454.00,182647,182647.00,2298,2298.00,0,0.00
3248,1,328,328.00,30,30.00,177154,177154.00,84495,84495.00,2651,2651.00,427,427.00
3298,4,2152,538.00,472,118.00,689221,172305.25,769919,192479.75,10296,2574.00,0,0.00
3305,1,624,624.00,63,63.00,62684,62684.00,18218,18218.00,117,117.00,0,0.00
3339,1,630,630.00,63,63.00,63686,63686.00,18396,18396.00,161,161.00,0,0.00
3359,1,341,341.00,31,31.00,212930,212930.00,89061,89061.00,2610,2610.00,441,441.00
3360,7,3836,548.00,840,120.00,1230607,175801.00,1392578,198939.71,19599,2799.86,0,0.00
3422,7,3906,558.00,854,122.00,1254742,179248.86,1432877,204696.71,18071,2581.57,0,0.00
3433,1,650,650.00,65,65.00,65186,65186.00,18896,18896.00,151,151.00,0,0.00
3466,1,352,352.00,32,32.00,218052,218052.00,95800,95800.00,2703,2703.00,455,455.00
3468,1,1524,1524.00,3,3.00,375762,375762.00,267551,267551.00,3334,3334.00,0,0.00
3480,1,658,658.00,66,66.00,66133,66133.00,19163,19163.00,119,119.00,0,0.00
3484,2,1226,613.00,190,95.00,248723,124361.50,228440,114220.00,2749,1374.50,0,0.00
3490,1,660,660.00,66,66.00,66472,66472.00,19216,19216.00,108,108.00,0,0.00
3493,6,1440,240.00,0,0.00,1253094,208849.00,359400,59900.00,20928,3488.00,36,6.00
3546,4,2312,578.00,504,126.00,742752,185688.00,854618,213654.50,10720,2680.00,0,0.00
3598,1,680,680.00,68,68.00,68374,68374.00,19814,19814.00,219,219.00,0,0.00
3608,2,1176,588.00,256,128.00,377268,188634.00,432620,216310.00,5340,2670.00,0,0.00
3625,1,592,592.00,130,130.00,191419,191419.00,223049,223049.00,2360,2360.00,0,0.00
3670,1,598,598.00,130,130.00,190857,190857.00,207221,207221.00,3104,3104.00,0,0.00
3676,2,744,372.00,68,34.00,417279,208639.50,213262,106631.00,5977,2988.50,966,483.00
3687,2,1204,602.00,264,132.00,385818,192909.00,440543,220271.50,5557,2778.50,0,0.00
3702,1,700,700.00,70,70.00,70376,70376.00,20380,20380.00,183,183.00,0,0.00
3747,1,708,708.00,71,71.00,71271,71271.00,20634,20634.00,136,136.00,0,0.00
3749,9,5508,612.00,1206,134.00,1765637,196181.89,1994996,221666.22,27315,3035.00,0,0.00
3794,1,618,618.00,134,134.00,197777,197777.00,227892,227892.00,2887,2887.00,0,0.00
3800,1,720,720.00,72,72.00,72200,72200.00,20912,20912.00,108,108.00,0,0.00
3804,1,720,720.00,72,72.00,72252,72252.00,20940,20940.00,174,174.00,0,0.00
3811,3,1866,622.00,408,136.00,596752,198917.33,674024,224674.67,9250,3083.33,0,0.00
3873,6,3792,632.00,828,138.00,1211520,201920.00,1339761,223293.50,19222,3203.67,0,0.00
3886,1,734,734.00,74,74.00,73648,73648.00,21416,21416.00,177,177.00,0,0.00
3890,1,394,394.00,36,36.00,205128,205128.00,120116,120116.00,3301,3301.00,511,511.00
3894,1,396,396.00,36,36.00,201318,201318.00,120776,120776.00,3282,3282.00,511,511.00
3935,5,3210,642.00,700,140.00,1031100,206220.00,1215037,243007.40,18020,3604.00,0,0.00
3953,1,746,746.00,75,75.00,75140,75140.00,21786,21786.00,182,182.00,0,0.00
3965,1,750,750.00,75,75.00,75131,75131.00,21827,21827.00,302,302.00,0,0.00
3967,1,750,750.00,75,75.00,75384,75384.00,21844,21844.00,224,224.00,0,0.00
3997,6,3912,652.00,852,142.00,1254305,209050.83,1425194,237532.33,20952,3492.00,0,0.00
4024,1,1798,1798.00,3,3.00,430715,430715.00,345025,345025.00,3892,3892.00,0,0.00
4059,3,1986,662.00,432,144.00,637146,212382.00,719682,239894.00,10082,3360.67,0,0.00
4110,1,1830,1830.00,3,3.00,435839,435839.00,334336,334336.00,3759,3759.00,0,0.00
4112,1,776,776.00,78,78.00,78081,78081.00,22659,22659.00,233,233.00,0,0.00
4122,1,780,780.00,78,78.00,78332,78332.00,22692,22692.00,182,182.00,0,0.00
4126,1,780,780.00,78,78.00,78357,78357.00,22705,22705.00,253,253.00,0,0.00
4165,1,786,786.00,79,79.00,79104,79104.00,22954,22954.00,232,232.00,0,0.00
4183,6,4092,682.00,888,148.00,1311326,218554.33,1491642,248607.00,21387,3564.50,0,0.00
4234,1,800,800.00,80,80.00,80449,80449.00,23315,23315.00,275,275.00,0,0.00
4245,7,4844,692.00,1050,150.00,1551744,221677.71,1815205,259315.00,25601,3657.29,0,0.00
4307,7,4914,702.00,1064,152.00,1578481,225497.29,1801522,257360.29,25198,3599.71,0,0.00
4369,2,1424,712.00,308,154.00,457350,228675.00,515955,257977.50,6766,3383.00,0,0.00
4371,1,826,826.00,83,83.00,82982,82982.00,24080,24080.00,187,187.00,0,0.00
4379,1,826,826.00,83,83.00,83302,83302.00,24136,24136.00,211,211.00,0,0.00
4392,1,716,716.00,155,155.00,229424,229424.00,244189,244189.00,3499,3499.00,0,0.00
4425,1,449,449.00,41,41.00,276941,276941.00,149998,149998.00,3513,3513.00,581,581.00
4429,2,902,451.00,82,41.00,481602,240801.00,296627,148313.50,7496,3748.00,1162,581.00
4431,3,2166,722.00,468,156.00,693144,231048.00,817002,272334.00,11547,3849.00,0,0.00
4493,3,2196,732.00,474,158.00,705287,235095.67,843637,281212.33,12382,4127.33,0,0.00
4532,1,460,460.00,42,42.00,266182,266182.00,153523,153523.00,3679,3679.00,595,595.00
4540,1,858,858.00,86,86.00,86306,86306.00,25006,25006.00,200,200.00,0,0.00
4548,1,860,860.00,86,86.00,86636,86636.00,25042,25042.00,140,140.00,0,0.00
4555,9,6678,742.00,1440,160.00,2144622,238291.33,2492096,276899.56,36623,4069.22,0,0.00
4587,1,866,866.00,87,87.00,87280,87280.00,25276,25276.00,162,162.00,0,0.00
4605,1,870,870.00,87,87.00,87458,87458.00,25362,25362.00,329,329.00,0,0.00
4617,3,2256,752.00,486,162.00,721862,240620.67,860599,286866.33,12539,4179.67,0,0.00
4639,1,471,471.00,43,43.00,276677,276677.00,163710,163710.00,3768,3768.00,609,609.00
4650,1,880,880.00,88,88.00,88382,88382.00,25598,25598.00,191,191.00,0,0.00
4679,7,5334,762.00,1148,164.00,1720479,245782.71,1999909,285701.29,25935,3705.00,0,0.00
4699,1,888,888.00,89,89.00,89328,89328.00,25882,25882.00,213,213.00,0,0.00
4741,1,772,772.00,166,166.00,246396,246396.00,287887,287887.00,4423,4423.00,0,0.00
4750,1,484,484.00,44,44.00,278280,278280.00,166383,166383.00,3911,3911.00,623,623.00
4756,1,898,898.00,90,90.00,90532,90532.00,26202,26202.00,211,211.00,0,0.00
4764,1,900,900.00,90,90.00,90836,90836.00,26238,26238.00,164,164.00,0,0.00
4803,3,2346,782.00,504,168.00,754323,251441.00,876916,292305.33,12288,4096.00,0,0.00
4805,1,910,910.00,91,91.00,91226,91226.00,26446,26446.00,201,201.00,0,0.00
4857,2,990,495.00,90,45.00,522188,261094.00,353405,176702.50,8240,4120.00,1274,637.00
4865,4,3168,792.00,680,170.00,1021477,255369.25,1220906,305226.50,16204,4051.00,0,0.00
4927,5,4010,802.00,860,172.00,1288261,257652.20,1530276,306055.20,21464,4292.80,0,0.00
4952,1,934,934.00,94,94.00,94066,94066.00,27298,27298.00,266,266.00,0,0.00
4989,3,2436,812.00,522,174.00,784357,261452.33,949678,316559.33,12215,4071.67,0,0.00
5017,1,950,950.00,95,95.00,95166,95166.00,27614,27614.00,263,263.00,0,0.00
5051,4,3288,822.00,704,176.00,1052753,263188.25,1236833,309208.25,18805,4701.25,0,0.00
5062,1,956,956.00,96,96.00,96169,96169.00,27884,27884.00,236,236.00,0,0.00
5070,1,958,958.00,96,96.00,96454,96454.00,27926,27926.00,206,206.00,0,0.00
5113,6,4992,832.00,1068,178.00,1603862,267310.33,1921892,320315.33,28386,4731.00,0,0.00
5175,4,3368,842.00,720,180.00,1082344,270586.00,1316141,329035.25,19127,4781.75,0,0.00
5229,1,988,988.00,99,99.00,99470,99470.00,28802,28802.00,222,222.00,0,0.00
5235,1,990,990.00,99,99.00,99432,99432.00,28824,28824.00,300,300.00,0,0.00
5237,5,4260,852.00,910,182.00,1368912,273782.40,1630942,326188.40,22921,4584.20,0,0.00
5277,1,535,535.00,49,49.00,330103,330103.00,208751,208751.00,4257,4257.00,693,693.00
5285,1,539,539.00,49,49.00,283507,283507.00,203306,203306.00,4491,4491.00,693,693.00
5299,5,4310,862.00,920,184.00,1378087,275617.40,1627763,325552.60,23179,4635.80,0,0.00
5361,3,2616,872.00,558,186.00,838446,279482.00,1014447,338149.00,14416,4805.33,0,0.00
5404,1,2404,2404.00,3,3.00,560841,560841.00,438327,438327.00,5093,5093.00,0,0.00
5423,5,4410,882.00,940,188.00,1417102,283420.40,1695622,339124.40,24967,4993.40,0,0.00
5485,3,2676,892.00,570,190.00,861978,287326.00,1035072,345024.00,15253,5084.33,0,0.00
5495,1,559,559.00,51,51.00,330884,330884.00,222851,222851.00,4489,4489.00,721,721.00
5547,10,9020,902.00,1920,192.00,2893346,289334.60,3489365,348936.50,48187,4818.70,0,0.00
5606,2,1144,572.00,104,52.00,620865,310432.50,449413,224706.50,9494,4747.00,1470,735.00
5609,3,2736,912.00,582,194.00,877561,292520.33,1051443,350481.00,15315,5105.00,0,0.00
5671,7,6454,922.00,1372,196.00,2067451,295350.14,2505091,357870.14,35248,5035.43,0,0.00
5709,1,581,581.00,53,53.00,321723,321723.00,236523,236523.00,4817,4817.00,749,749.00
5713,1,583,583.00,53,53.00,313893,313893.00,238166,238166.00,4817,4817.00,749,749.00
5733,3,2796,932.00,594,198.00,896475,298825.00,1099908,366636.00,15553,5184.33,0,0.00
5795,3,2826,942.00,600,200.00,905206,301735.33,1105376,368458.67,14643,4881.00,0,0.00
5857,4,3808,952.00,808,202.00,1224132,306033.00,1453409,363352.25,20615,5153.75,0,0.00
5919,8,7335,916.88,1483,185.38,2477357,309669.62,2886513,360814.12,41956,5244.50,777,97.12
5923,1,603,603.00,55,55.00,329469,329469.00,252634,252634.00,5022,5022.00,777,777.00
5927,1,605,605.00,55,55.00,335317,335317.00,257065,257065.00,5003,5003.00,777,777.00
5981,8,7776,972.00,1648,206.00,2492596,311574.50,3045412,380676.50,43236,5404.50,0,0.00
6026,1,612,612.00,56,56.00,312656,312656.00,263161,263161.00,5205,5205.00,791,791.00
6030,1,614,614.00,56,56.00,359390,359390.00,263463,263463.00,4988,4988.00,791,791.00
6034,1,616,616.00,56,56.00,327196,327196.00,263389,263389.00,5142,5142.00,791,791.00
6043,2,1964,982.00,416,208.00,628808,314404.00,765085,382542.50,11171,5585.50,0,0.00
6105,7,6944,992.00,1470,210.00,2225616,317945.14,2714641,387805.86,38265,5466.43,0,0.00
6133,1,623,623.00,57,57.00,325382,325382.00,273433,273433.00,5273,5273.00,805,805.00
6167,5,5010,1002.00,1060,212.00,1606288,321257.60,1941343,388268.60,27240,5448.00,0,0.00
6229,9,9108,1012.00,1926,214.00,2922339,324704.33,3599190,399910.00,49023,5447.00,0,0.00
6244,1,636,636.00,58,58.00,366432,366432.00,276535,276535.00,5186,5186.00,819,819.00
6248,1,638,638.00,58,58.00,344566,344566.00,278598,278598.00,5328,5328.00,819,819.00
6291,6,6132,1022.00,1296,216.00,1968693,328115.50,2398507,399751.17,33306,5551.00,0,0.00
6458,1,658,658.00,60,60.00,347941,347941.00,298134,298134.00,5581,5581.00,847,847.00
6462,1,660,660.00,60,60.00,358688,358688.00,292813,292813.00,5468,5468.00,847,847.00
6771,1,687,687.00,63,63.00,367314,367314.00,327036,327036.00,5827,5827.00,889,889.00
6783,1,693,693.00,63,63.00,364374,364374.00,323364,323364.00,5815,5815.00,889,889.00
6997,1,715,715.00,65,65.00,508729,508729.00,348213,348213.00,5542,5542.00,917,917.00
7100,2,1448,724.00,132,66.00,800598,400299.00,715439,357719.50,12136,6068.00,1862,931.00
7104,1,726,726.00,66,66.00,447032,447032.00,353953,353953.00,5842,5842.00,931,931.00
7318,1,748,748.00,68,68.00,423277,423277.00,371006,371006.00,6212,6212.00,959,959.00
7532,1,770,770.00,70,70.00,473465,473465.00,399182,399182.00,6260,6260.00,987,987.00
7635,1,779,779.00,71,71.00,574990,574990.00,411814,411814.00,6050,6050.00,1001,1001.00
7746,2,1584,792.00,144,72.00,920981,460490.50,842589,421294.50,13099,6549.50,2030,1015.00
7948,1,808,808.00,74,74.00,575230,575230.00,440990,440990.00,6394,6394.00,1043,1043.00
8059,1,821,821.00,75,75.00,486650,486650.00,450907,450907.00,6809,6809.00,1057,1057.00
8067,2,1650,825.00,150,75.00,973260,486630.00,891335,445667.50,13588,6794.00,2114,1057.00
8380,1,854,854.00,78,78.00,526213,526213.00,480666,480666.00,7000,7000.00,1099,1099.00
8388,2,1716,858.00,156,78.00,1000822,500411.00,963219,481609.50,14215,7107.50,2198,1099.00
8487,1,865,865.00,79,79.00,527195,527195.00,493504,493504.00,7135,7135.00,1113,1113.00
8602,1,880,880.00,80,80.00,543610,543610.00,505466,505466.00,7160,7160.00,1127,1127.00
8901,12,39468,3289.00,4692,391.00,7233966,602830.50,2493396,207783.00,9594,799.50,0,0.00
8915,2,1818,909.00,166,83.00,1109350,554675.00,1086647,543323.50,15014,7507.00,2338,1169.00
9240,1,944,944.00,86,86.00,524707,524707.00,579773,579773.00,7999,7999.00,1211,1211.00
9244,1,946,946.00,86,86.00,543526,543526.00,584559,584559.00,7909,7909.00,1211,1211.00
9343,1,953,953.00,87,87.00,567850,567850.00,593128,593128.00,7948,7948.00,1225,1225.00
9351,1,957,957.00,87,87.00,564262,564262.00,591491,591491.00,7956,7956.00,1225,1225.00
9458,1,968,968.00,88,88.00,616246,616246.00,603831,603831.00,7911,7911.00,1239,1239.00
9561,1,977,977.00,89,89.00,620012,620012.00,616111,616111.00,8023,8023.00,1253,1253.00
9668,1,988,988.00,90,90.00,632903,632903.00,632695,632695.00,8070,8070.00,1267,1267.00
9672,1,990,990.00,90,90.00,624760,624760.00,630003,630003.00,8097,8097.00,1267,1267.00
9779,1,1001,1001.00,91,91.00,579102,579102.00,653091,653091.00,8351,8351.00,1281,1281.00
10025,1,1626,1626.00,338,338.00,519210,519210.00,626980,626980.00,9705,9705.00,0,0.00
10088,1,1028,1028.00,94,94.00,796057,796057.00,698438,698438.00,8139,8139.00,1323,1323.00
10207,1,1045,1045.00,95,95.00,703175,703175.00,702374,702374.00,8470,8470.00,1337,1337.00
10306,1,1052,1052.00,96,96.00,619590,619590.00,712344,712344.00,8835,8835.00,1351,1351.00
10310,1,1054,1054.00,96,96.00,649668,649668.00,712433,712433.00,8746,8746.00,1351,1351.00
10550,1,4736,4736.00,3,3.00,1103977,1103977.00,907699,907699.00,10510,10510.00,0,0.00
10572,1,4746,4746.00,3,3.00,1117974,1117974.00,918758,918758.00,10497,10497.00,0,0.00
10631,1,1087,1087.00,99,99.00,620783,620783.00,756133,756133.00,9208,9208.00,1393,1393.00
10635,1,1089,1089.00,99,99.00,614221,614221.00,758061,758061.00,9212,9212.00,1393,1393.00
10740,1,4794,4794.00,3,3.00,1134595,1134595.00,891210,891210.00,10474,10474.00,0,0.00
10787,12,9432,786.00,0,0.00,5165153,430429.42,4848859,404071.58,128688,10724.00,1068,89.00
11470,1,5140,5140.00,3,3.00,1195905,1195905.00,976405,976405.00,11430,11430.00,0,0.00
11523,1,1868,1868.00,387,387.00,596525,596525.00,671772,671772.00,11205,11205.00,0,0.00
11794,1,1912,1912.00,396,396.00,613048,613048.00,663582,663582.00,10857,10857.00,0,0.00
12884,6,9084,1514.00,144,24.00,8347412,1391235.33,5752931,958821.83,68288,11381.33,318,53.00
13160,1,5894,5894.00,3,3.00,1385784,1385784.00,1125466,1125466.00,13120,13120.00,0,0.00
15515,1,2514,2514.00,518,518.00,803330,803330.00,924116,924116.00,14678,14678.00,0,0.00
16322,1,7304,7304.00,3,3.00,1720801,1720801.00,1369673,1369673.00,15946,15946.00,0,0.00
16544,1,7418,7418.00,3,3.00,1740547,1740547.00,1402502,1402502.00,16425,16425.00,0,0.00
17798,1,7988,7988.00,3,3.00,1870088,1870088.00,1537243,1537243.00,17535,17535.00,0,0.00
18646,1,8338,8338.00,3,3.00,1975807,1975807.00,1544374,1544374.00,18612,18612.00,0,0.00
20590,1,9244,9244.00,3,3.00,2159161,2159161.00,1771616,1771616.00,20349,20349.00,0,0.00
21896,1,9782,9782.00,3,3.00,2306233,2306233.00,1778284,1778284.00,21630,21630.00,0,0.00
22316,1,9992,9992.00,3,3.00,2338753,2338753.00,1866892,1866892.00,22276,22276.00,0,0.00
22388,1,10046,10046.00,3,3.00,2342812,2342812.00,1921521,1921521.00,22152,22152.00,0,0.00
26142,1,11724,11724.00,3,3.00,2753341,2753341.00,2245867,2245867.00,25781,25781.00,0,0.00
26526,1,11850,11850.00,3,3.00,2792659,2792659.00,2208117,2208117.00,26219,26219.00,0,0.00
28590,1,12780,12780.00,3,3.00,3044878,3044878.00,2407801,2407801.00,28500,28500.00,0,0.00
29414,1,13190,13190.00,3,3.00,3091082,3091082.00,2495274,2495274.00,29374,29374.00,0,0.00
30063,1,4862,4862.00,989,989.00,1555045,1555045.00,1836593,1836593.00,29993,29993.00,0,0.00
30125,1,4872,4872.00,991,991.00,1556868,1556868.00,1835634,1835634.00,29962,29962.00,0,0.00
30362,1,13628,13628.00,3,3.00,3185582,3185582.00,2581358,2581358.00,30045,30045.00,0,0.00
30713,1,4968,4968.00,1011,1011.00,1588712,1588712.00,1856357,1856357.00,30023,30023.00,0,0.00
30738,1,13806,13806.00,3,3.00,3231082,3231082.00,2657253,2657253.00,30539,30539.00,0,0.00
30974,1,13886,13886.00,3,3.00,3237972,3237972.00,2636669,2636669.00,30591,30591.00,0,0.00
32187,12,25404,2117.00,240,20.00,37451760,3120980.00,22309338,1859111.50,362352,30196.00,9252,771.00
32713,1,5290,5290.00,1075,1075.00,1689178,1689178.00,1994264,1994264.00,32643,32643.00,0,0.00
33474,1,14994,14994.00,3,3.00,3531959,3531959.00,2853574,2853574.00,33340,33340.00,0,0.00
33766,1,15154,15154.00,3,3.00,3564996,3564996.00,2921226,2921226.00,33499,33499.00,0,0.00
35718,1,16020,16020.00,3,3.00,3744371,3744371.00,3048158,3048158.00,35555,35555.00,0,0.00
35822,1,16046,16046.00,3,3.00,3745144,3745144.00,3035738,3035738.00,35615,35615.00,0,0.00
36194,1,16202,16202.00,3,3.00,3814634,3814634.00,3050447,3050447.00,36133,36133.00,0,0.00
36400,1,16330,16330.00,3,3.00,3829796,3829796.00,3131893,3131893.00,36360,36360.00,0,0.00
37232,1,16694,16694.00,3,3.00,3923353,3923353.00,3183489,3183489.00,37005,37005.00,0,0.00
37533,1,6068,6068.00,1231,1231.00,1937590,1937590.00,2331757,2331757.00,37462,37462.00,0,0.00
39670,1,17782,17782.00,3,3.00,4176648,4176648.00,3365794,3365794.00,39607,39607.00,0,0.00
39686,1,17774,17774.00,3,3.00,4168543,4168543.00,3356072,3356072.00,39305,39305.00,0,0.00
40474,1,18196,18196.00,3,3.00,4274690,4274690.00,3547641,3547641.00,40135,40135.00,0,0.00
40810,1,18286,18286.00,3,3.00,4311841,4311841.00,3442152,3442152.00,40524,40524.00,0,0.00
41372,1,18506,18506.00,3,3.00,4386692,4386692.00,3451408,3451408.00,41216,41216.00,0,0.00
42098,1,18920,18920.00,3,3.00,4407476,4407476.00,3638273,3638273.00,41769,41769.00,0,0.00
46268,1,20702,20702.00,3,3.00,4888589,4888589.00,3874468,3874468.00,45983,45983.00,0,0.00
46384,1,20770,20770.00,3,3.00,4867124,4867124.00,3917288,3917288.00,46045,46045.00,0,0.00
46584,1,7529,7529.00,1524,1524.00,2406250,2406250.00,2896083,2896083.00,45583,45583.00,0,0.00
47127,1,7616,7616.00,1541,1541.00,2435363,2435363.00,2892100,2892100.00,46840,46840.00,0,0.00
49234,1,22024,22024.00,3,3.00,5209745,5209745.00,4121510,4121510.00,48895,48895.00,0,0.00
49246,1,22084,22084.00,3,3.00,5169885,5169885.00,4176824,4176824.00,49185,49185.00,0,0.00
50661,1,8186,8186.00,1655,1655.00,2614654,2614654.00,3108242,3108242.00,49971,49971.00,0,0.00
51358,1,23044,23044.00,3,3.00,5384407,5384407.00,4380738,4380738.00,51217,51217.00,0,0.00
51812,1,23222,23222.00,3,3.00,5434002,5434002.00,4383138,4383138.00,51495,51495.00,0,0.00
53024,1,23702,23702.00,3,3.00,5585782,5585782.00,4395013,4395013.00,52795,52795.00,0,0.00
53194,1,8596,8596.00,1738,1738.00,2748002,2748002.00,3361935,3361935.00,53154,53154.00,0,0.00
53668,1,24088,24088.00,3,3.00,5612045,5612045.00,4625177,4625177.00,53541,53541.00,0,0.00
56104,1,25180,25180.00,3,3.00,5888408,5888408.00,4799606,4799606.00,56064,56064.00,0,0.00
56664,1,25386,25386.00,3,3.00,5952727,5952727.00,4804534,4804534.00,56467,56467.00,0,0.00
57518,1,25760,25760.00,3,3.00,6077610,6077610.00,4858423,4858423.00,57230,57230.00,0,0.00
58629,1,9473,9473.00,1914,1914.00,3028713,3028713.00,3598238,3598238.00,58010,58010.00,0,0.00
59672,1,26738,26738.00,3,3.00,6245579,6245579.00,5045620,5045620.00,59289,59289.00,0,0.00
59998,1,26860,26860.00,3,3.00,6324714,6324714.00,5059064,5059064.00,59791,59791.00,0,0.00
60208,1,27010,27010.00,3,3.00,6316888,6316888.00,5090275,5090275.00,59915,59915.00,0,0.00
60590,1,27134,27134.00,3,3.00,6372347,6372347.00,5136793,5136793.00,60307,60307.00,0,0.00
60922,1,27286,27286.00,3,3.00,6414845,6414845.00,5072160,5072160.00,60813,60813.00,0,0.00
61412,1,27536,27536.00,3,3.00,6445230,6445230.00,5213356,5213356.00,61337,61337.00,0,0.00
62564,1,10110,10110.00,2043,2043.00,3230720,3230720.00,3966382,3966382.00,61873,61873.00,0,0.00
63256,1,28348,28348.00,3,3.00,6673618,6673618.00,5380317,5380317.00,63118,63118.00,0,0.00
63611,1,10278,10278.00,2076,2076.00,3284776,3284776.00,4075551,4075551.00,63540,63540.00,0,0.00
63728,1,10296,10296.00,2079,2079.00,3291705,3291705.00,4118041,4118041.00,63076,63076.00,0,0.00
65062,1,29176,29176.00,3,3.00,6863823,6863823.00,5573095,5573095.00,64679,64679.00,0,0.00
65368,1,29314,29314.00,3,3.00,6895997,6895997.00,5568427,5568427.00,65281,65281.00,0,0.00
69274,1,31054,31054.00,3,3.00,7278974,7278974.00,5889678,5889678.00,68942,68942.00,0,0.00
69820,1,31216,31216.00,3,3.00,7359245,7359245.00,5795561,5795561.00,69547,69547.00,0,0.00
70432,1,31636,31636.00,3,3.00,7407302,7407302.00,6090477,6090477.00,70103,70103.00,0,0.00
71148,1,31920,31920.00,3,3.00,7485457,7485457.00,6098414,6098414.00,70919,70919.00,0,0.00
71484,1,32016,32016.00,3,3.00,7546806,7546806.00,6050721,6050721.00,71428,71428.00,0,0.00
71748,1,32142,32142.00,3,3.00,7576664,7576664.00,6117942,6117942.00,71468,71468.00,0,0.00
72088,1,32314,32314.00,3,3.00,7594474,7594474.00,6193451,6193451.00,71839,71839.00,0,0.00
73148,1,32828,32828.00,3,3.00,7682794,7682794.00,6245104,6245104.00,73108,73108.00,0,0.00
74290,1,33256,33256.00,3,3.00,7815141,7815141.00,6163008,6163008.00,74027,74027.00,0,0.00
74422,1,12022,12022.00,2425,2425.00,3844485,3844485.00,4560130,4560130.00,73453,73453.00,0,0.00
75730,1,12235,12235.00,2469,2469.00,3908554,3908554.00,5081818,5081818.00,74924,74924.00,0,0.00
75738,1,33906,33906.00,3,3.00,7984086,7984086.00,6367087,6367087.00,75651,75651.00,0,0.00
75816,1,33984,33984.00,3,3.00,7990976,7990976.00,6464252,6464252.00,75684,75684.00,0,0.00
76336,1,34192,34192.00,3,3.00,8086008,8086008.00,6462692,6462692.00,76109,76109.00,0,0.00
76808,1,34436,34436.00,3,3.00,8089901,8089901.00,6583986,6583986.00,76557,76557.00,0,0.00
77318,1,34688,34688.00,3,3.00,8138146,8138146.00,6599479,6599479.00,77099,77099.00,0,0.00
78028,1,35032,35032.00,3,3.00,8221387,8221387.00,6764027,6764027.00,77764,77764.00,0,0.00
81550,1,13174,13174.00,2657,2657.00,4205912,4205912.00,4986484,4986484.00,81356,81356.00,0,0.00
82424,1,36926,36926.00,3,3.00,8683849,8683849.00,6972628,6972628.00,82128,82128.00,0,0.00
82676,1,37088,37088.00,3,3.00,8713830,8713830.00,7078887,7078887.00,82520,82520.00,0,0.00
82868,1,37136,37136.00,3,3.00,8705995,8705995.00,7010306,7010306.00,82529,82529.00,0,0.00
83729,1,13524,13524.00,2726,2726.00,4322621,4322621.00,5165163,5165163.00,83659,83659.00,0,0.00
86372,1,13950,13950.00,2811,2811.00,4457080,4457080.00,5322386,5322386.00,85527,85527.00,0,0.00
87403,1,14116,14116.00,2844,2844.00,4512119,4512119.00,5608906,5608906.00,86898,86898.00,0,0.00
88208,1,14247,14247.00,2871,2871.00,4556257,4556257.00,6201973,6201973.00,87174,87174.00,0,0.00
88712,1,39782,39782.00,3,3.00,9339973,9339973.00,7536533,7536533.00,88529,88529.00,0,0.00
90928,1,40768,40768.00,3,3.00,9559653,9559653.00,7742468,7742468.00,90875,90875.00,0,0.00
90944,1,40742,40742.00,3,3.00,9610346,9610346.00,7743864,7743864.00,90888,90888.00,0,0.00
92012,1,41204,41204.00,3,3.00,9718032,9718032.00,7818346,7818346.00,91676,91676.00,0,0.00
93064,1,41734,41734.00,3,3.00,9801126,9801126.00,7947949,7947949.00,92955,92955.00,0,0.00
93388,1,41776,41776.00,3,3.00,9827804,9827804.00,7809589,7809589.00,93052,93052.00,0,0.00
95368,1,15403,15403.00,3103,3103.00,4922073,4922073.00,6151599,6151599.00,95049,95049.00,0,0.00
96051,1,15512,15512.00,3124,3124.00,4956563,4956563.00,5922196,5922196.00,95361,95361.00,0,0.00
96076,1,43108,43108.00,3,3.00,10108529,10108529.00,8207344,8207344.00,95759,95759.00,0,0.00
96224,1,43142,43142.00,3,3.00,10124631,10124631.00,8199685,8199685.00,96149,96149.00,0,0.00
96916,1,43492,43492.00,3,3.00,10193756,10193756.00,8337540,8337540.00,96882,96882.00,0,0.00
97502,1,43664,43664.00,3,3.00,10308286,10308286.00,8182454,8182454.00,97216,97216.00,0,0.00
97622,1,43832,43832.00,3,3.00,10272431,10272431.00,8397492,8397492.00,97373,97373.00,0,0.00
98096,1,44012,44012.00,3,3.00,10371480,10371480.00,8466936,8466936.00,97720,97720.00,0,0.00
99670,1,44680,44680.00,3,3.00,10474555,10474555.00,8481775,8481775.00,99583,99583.00,0,0.00
101576,1,45524,45524.00,3,3.00,10668046,10668046.00,8616932,8616932.00,101245,101245.00,0,0.00
101638,1,16414,16414.00,3305,3305.00,5243743,5243743.00,6260809,6260809.00,101227,101227.00,0,0.00
102017,1,16476,16476.00,3318,3318.00,5261974,5261974.00,6568401,6568401.00,101481,101481.00,0,0.00
103080,1,46236,46236.00,3,3.00,10845631,10845631.00,8806029,8806029.00,102750,102750.00,0,0.00
103148,1,16659,16659.00,3355,3355.00,5321326,5321326.00,6477603,6477603.00,103025,103025.00,0,0.00
103560,1,16724,16724.00,3367,3367.00,5343369,5343369.00,6680127,6680127.00,103489,103489.00,0,0.00
104108,1,46682,46682.00,3,3.00,10998659,10998659.00,8955862,8955862.00,103925,103925.00,0,0.00
104396,1,46826,46826.00,3,3.00,10979931,10979931.00,8917924,8917924.00,104340,104340.00,0,0.00
105714,1,47418,47418.00,3,3.00,11126616,11126616.00,9022541,9022541.00,105485,105485.00,0,0.00
105962,1,17112,17112.00,3445,3445.00,5469920,5469920.00,6547222,6547222.00,105374,105374.00,0,0.00
107338,1,48142,48142.00,3,3.00,11314363,11314363.00,9156191,9156191.00,107219,107219.00,0,0.00
108824,1,48782,48782.00,3,3.00,11492124,11492124.00,9308827,9308827.00,108624,108624.00,0,0.00
109926,1,49278,49278.00,3,3.00,11570192,11570192.00,9387960,9387960.00,109741,109741.00,0,0.00
112961,1,18243,18243.00,3673,3673.00,5830179,5830179.00,6972222,6972222.00,112829,112829.00,0,0.00
113038,1,18256,18256.00,3676,3676.00,5830579,5830579.00,7261623,7261623.00,112006,112006.00,0,0.00
114830,1,51506,51506.00,3,3.00,12104394,12104394.00,9799451,9799451.00,114579,114579.00,0,0.00
115001,1,18570,18570.00,3737,3737.00,5933176,5933176.00,7126013,7126013.00,114094,114094.00,0,0.00
115484,1,51782,51782.00,3,3.00,12152044,12152044.00,9835608,9835608.00,115444,115444.00,0,0.00
116231,1,18771,18771.00,3779,3779.00,5995613,5995613.00,7146318,7146318.00,115479,115479.00,0,0.00
116252,1,52130,52130.00,3,3.00,12217253,12217253.00,9849499,9849499.00,116212,116212.00,0,0.00
117958,1,19051,19051.00,3836,3836.00,6087577,6087577.00,7208924,7208924.00,117578,117578.00,0,0.00
119635,1,19318,19318.00,3887,3887.00,6173014,6173014.00,7403148,7403148.00,118759,118759.00,0,0.00
131845,1,21292,21292.00,4285,4285.00,6802770,6802770.00,8505005,8505005.00,131102,131102.00,0,0.00
132140,1,21339,21339.00,4294,4294.00,6814331,6814331.00,8137427,8137427.00,131233,131233.00,0,0.00
140123,1,22626,22626.00,4551,4551.00,7227218,7227218.00,8656429,8656429.00,139991,139991.00,0,0.00
140369,1,22668,22668.00,4561,4561.00,7242841,7242841.00,9285696,9285696.00,139460,139460.00,0,0.00
146075,1,23586,23586.00,4743,4743.00,7538531,7538531.00,9015886,9015886.00,145726,145726.00,0,0.00
147469,1,23812,23812.00,4789,4789.00,7610174,7610174.00,9394309,9394309.00,146623,146623.00,0,0.00
151171,1,24412,24412.00,4911,4911.00,7797735,7797735.00,9765521,9765521.00,150573,150573.00,0,0.00
152639,1,24645,24645.00,4955,4955.00,7874205,7874205.00,9830455,9830455.00,152266,152266.00,0,0.00
159536,1,25758,25758.00,5178,5178.00,8228083,8228083.00,10308660,10308660.00,159465,159465.00,0,0.00
161340,1,26051,26051.00,5238,5238.00,8324644,8324644.00,10396727,10396727.00,160845,160845.00,0,0.00
163804,1,26449,26449.00,5318,5318.00,8448566,8448566.00,10073751,10073751.00,163052,163052.00,0,0.00
169849,1,27424,27424.00,5513,5513.00,8758138,8758138.00,10975335,10975335.00,168817,168817.00,0,0.00
170933,1,27600,27600.00,5549,5549.00,8814502,8814502.00,10550399,10550399.00,170398,170398.00,0,0.00
171245,1,27648,27648.00,5557,5557.00,8831453,8831453.00,10547922,10547922.00,170462,170462.00,0,0.00
172522,1,27856,27856.00,5600,5600.00,8896995,8896995.00,11444054,11444054.00,171755,171755.00,0,0.00
173483,1,28011,28011.00,5631,5631.00,8949228,8949228.00,10712533,10712533.00,173236,173236.00,0,0.00
174724,1,28210,28210.00,5670,5670.00,9013546,9013546.00,11166423,11166423.00,174560,174560.00,0,0.00
180086,1,29076,29076.00,5844,5844.00,9286493,9286493.00,11621833,11621833.00,179767,179767.00,0,0.00
185147,1,29892,29892.00,6007,6007.00,9548298,9548298.00,12030393,12030393.00,184115,184115.00,0,0.00
185984,1,30027,30027.00,6034,6034.00,9592937,9592937.00,11472749,11472749.00,185790,185790.00,0,0.00
197135,1,31827,31827.00,6395,6395.00,10169069,10169069.00,12188640,12188640.00,196259,196259.00,0,0.00
198992,1,32130,32130.00,6458,6458.00,10260410,10260410.00,13118679,13118679.00,198269,198269.00,0,0.00
200144,1,32310,32310.00,6490,6490.00,10322797,10322797.00,13005712,13005712.00,199267,199267.00,0,0.00
201532,1,177625,177625.00,76042,76042.00,24097493,24097493.00,15020374,15020374.00,201489,201489.00,0,0.00
202359,1,32669,32669.00,6563,6563.00,10435733,10435733.00,13140067,13140067.00,201761,201761.00,0,0.00
203535,1,32861,32861.00,6603,6603.00,10498128,10498128.00,12569103,12569103.00,203434,203434.00,0,0.00
204225,1,32972,32972.00,6625,6625.00,10531394,10531394.00,12887437,12887437.00,203449,203449.00,0,0.00
205202,1,33129,33129.00,6656,6656.00,10580924,10580924.00,12690244,12690244.00,204552,204552.00,0,0.00
207970,1,33574,33574.00,6744,6744.00,10724103,10724103.00,13498963,13498963.00,207899,207899.00,0,0.00
211586,1,34161,34161.00,6864,6864.00,10910871,10910871.00,13592259,13592259.00,210904,210904.00,0,0.00
215670,1,34820,34820.00,6996,6996.00,11122496,11122496.00,13890385,13890385.00,215485,215485.00,0,0.00
215718,1,34826,34826.00,6996,6996.00,11122140,11122140.00,13313799,13313799.00,215400,215400.00,0,0.00
217298,1,35082,35082.00,7048,7048.00,11205346,11205346.00,13404022,13404022.00,216711,216711.00,0,0.00
218539,1,35281,35281.00,7087,7087.00,11270584,11270584.00,13856878,13856878.00,217879,217879.00,0,0.00
219882,1,35498,35498.00,7131,7131.00,11339066,11339066.00,14209216,14209216.00,219307,219307.00,0,0.00
221797,1,35806,35806.00,7192,7192.00,11442222,11442222.00,13726466,13726466.00,221107,221107.00,0,0.00
234666,1,37886,37886.00,7611,7611.00,12102226,12102226.00,14880676,14880676.00,233859,233859.00,0,0.00
235125,1,37958,37958.00,7624,7624.00,12125368,12125368.00,14548504,14548504.00,234745,234745.00,0,0.00
235914,1,38087,38087.00,7651,7651.00,12167163,12167163.00,14468954,14468954.00,235006,235006.00,0,0.00
252336,1,40736,40736.00,8181,8181.00,13013046,13013046.00,15579045,15579045.00,251872,251872.00,0,0.00
258667,1,41758,41758.00,8386,8386.00,13342391,13342391.00,16693476,16693476.00,258565,258565.00,0,0.00
258889,1,41794,41794.00,8393,8393.00,13351533,13351533.00,17506200,17506200.00,258786,258786.00,0,0.00
261951,1,42290,42290.00,8494,8494.00,13503801,13503801.00,16975646,16975646.00,261074,261074.00,0,0.00
264766,1,42742,42742.00,8583,8583.00,13650835,13650835.00,17180233,17180233.00,264519,264519.00,0,0.00
266134,1,42967,42967.00,8631,8631.00,13723488,13723488.00,17957823,17957823.00,265256,265256.00,0,0.00
273175,1,44098,44098.00,8854,8854.00,14087626,14087626.00,17719541,17719541.00,272329,272329.00,0,0.00
273786,1,44198,44198.00,8875,8875.00,14116175,14116175.00,18595203,18595203.00,273621,273621.00,0,0.00
275593,1,44488,44488.00,8932,8932.00,14211285,14211285.00,17887601,17887601.00,275562,275562.00,0,0.00
277446,1,44786,44786.00,8991,8991.00,14308852,14308852.00,19591898,19591898.00,276794,276794.00,0,0.00
277566,1,44810,44810.00,8999,8999.00,14313760,14313760.00,17120762,17120762.00,276791,276791.00,0,0.00
278925,1,45026,45026.00,9040,9040.00,14384714,14384714.00,17456942,17456942.00,277924,277924.00,0,0.00
283612,1,45784,45784.00,9193,9193.00,14623563,14623563.00,17574297,17574297.00,283428,283428.00,0,0.00
289044,1,46661,46661.00,9369,9369.00,14904176,14904176.00,18733164,18733164.00,288167,288167.00,0,0.00
293168,1,47325,47325.00,9501,9501.00,15116693,15116693.00,18992195,18992195.00,292291,292291.00,0,0.00
296151,1,47807,47807.00,9598,9598.00,15269918,15269918.00,19204715,19204715.00,295677,295677.00,0,0.00
296880,1,47924,47924.00,9621,9621.00,15308438,15308438.00,18417611,18417611.00,296779,296779.00,0,0.00
300623,1,48528,48528.00,9742,9742.00,15501618,15501618.00,19425967,19425967.00,300025,300025.00,0,0.00
305257,1,49276,49276.00,9892,9892.00,15740483,15740483.00,18859901,18859901.00,304970,304970.00,0,0.00
309588,1,49976,49976.00,10033,10033.00,15963764,15963764.00,20993284,20993284.00,309082,309082.00,0,0.00
312773,1,50490,50490.00,10136,10136.00,16125929,16125929.00,19303710,19303710.00,312246,312246.00,0,0.00
326568,1,52715,52715.00,10581,10581.00,16841077,16841077.00,20166757,20166757.00,325909,325909.00,0,0.00
328497,1,53027,53027.00,10644,10644.00,16936109,16936109.00,21315530,21315530.00,328426,328426.00,0,0.00
330636,1,53372,53372.00,10713,10713.00,17044804,17044804.00,21442708,21442708.00,330565,330565.00,0,0.00
401296,1,353957,353957.00,151570,151570.00,48176689,48176689.00,29110497,29110497.00,401259,401259.00,0,0.00
412670,1,364373,364373.00,156034,156034.00,49575455,49575455.00,30417033,30417033.00,412633,412633.00,0,0.00
10745117,1,9495456,9495456.00,4067236,4067236.00,1481698755,1481698755.00,951010314,951010314.00,10745060,10745060.00,0,0.00
