tree_size,count,reads,avg_reads,writes,avg_writes,visited,avg_visited,skipped,avg_skipped,gc_pruned,avg_gc_pruned,exposures,avg_exposures
1,14091402,32042810,2.27,28568102,2.03,20775930,1.47,0,0.00,0,0.00,384673,0.03
2,212492,1010501,4.76,498493,2.35,516584,2.43,45005,0.21,483,0.00,1680,0.01
3,7946862,12767725,1.61,10338973,1.30,96249012,12.11,3058254,0.38,6123,0.00,28347,0.00
4,226158,529203,2.34,364917,1.61,3924943,17.35,36166,0.16,1192,0.01,2880,0.01
5,1634718,4075411,2.49,2996255,1.83,54808104,33.53,5444565,3.33,48639,0.03,0,0.00
6,71745,251133,3.50,190775,2.66,2195311,30.60,186794,2.60,1291,0.02,1351,0.02
7,286296,1553722,5.43,630462,2.20,15840509,55.33,4576766,15.99,19408,0.07,224,0.00
8,40489,167733,4.14,144285,3.56,2048703,50.60,112252,2.77,1642,0.04,4721,0.12
9,221554,1245391,5.62,569846,2.57,12302416,55.53,4954402,22.36,17477,0.08,0,0.00
10,36145,204974,5.67,167438,4.63,2416291,66.85,370972,10.26,7157,0.20,10353,0.29
11,130663,324975,2.49,419310,3.21,15083593,115.44,3683866,28.19,22818,0.17,42727,0.33
12,24082,168306,6.99,125962,5.23,1994832,82.83,368308,15.29,105,0.00,21,0.00
13,42965,263889,6.14,156765,3.65,5149496,119.85,1222967,28.46,23002,0.54,1567,0.04
14,14400,139101,9.66,136526,9.48,1285448,89.27,21173,1.47,8206,0.57,540,0.04
15,26709,219589,8.22,109066,4.08,3219334,120.53,1388266,51.98,17524,0.66,575,0.02
16,23117,197495,8.54,180098,7.79,4005035,173.25,295919,12.80,6618,0.29,880,0.04
17,54382,236763,4.35,139913,2.57,6065632,111.54,1740006,32.00,385677,7.09,27844,0.51
18,6591,36185,5.49,22715,3.45,1890971,286.90,144856,21.98,11607,1.76,1375,0.21
19,43363,282127,6.51,141802,3.27,9799755,225.99,2939645,67.79,12564,0.29,13853,0.32
20,10230,51777,5.06,31561,3.09,2124597,207.68,201100,19.66,4451,0.44,15418,1.51
21,15603,141519,9.07,61000,3.91,2884040,184.84,1545361,99.04,11468,0.73,8064,0.52
22,16386,52242,3.19,39008,2.38,3768951,230.01,312093,19.05,7129,0.44,2008,0.12
23,29229,530121,18.14,410724,14.05,6182642,211.52,2622907,89.74,2377,0.08,16,0.00
24,109329,187153,1.71,132298,1.21,13081689,119.65,1183229,10.82,9595,0.09,640214,5.86
25,16126,205462,12.74,79159,4.91,5308378,329.18,3012458,186.81,38143,2.37,4712,0.29
26,8100,65450,8.08,22046,2.72,6609990,816.05,575363,71.03,7527,0.93,3076,0.38
27,38163,331056,8.67,134807,3.53,16981033,444.96,4773035,125.07,15020,0.39,30220,0.79
28,19976,317501,15.89,173204,8.67,7852442,393.09,6334930,317.13,21780,1.09,3117,0.16
29,23629,310969,13.16,71302,3.02,27618321,1168.83,6049538,256.02,36023,1.52,24350,1.03
30,4352,23805,5.47,8999,2.07,3323131,763.59,351719,80.82,8254,1.90,3828,0.88
31,11413,128720,11.28,20214,1.77,5698951,499.34,2744207,240.45,24513,2.15,1439,0.13
32,5907,147387,24.95,10440,1.77,71639036,12127.82,13062884,2211.42,105877,17.92,3968,0.67
33,18508,203249,10.98,102785,5.55,11341853,612.81,3991638,215.67,28648,1.55,2986,0.16
34,2324,31890,13.72,10508,4.52,1294166,556.87,334356,143.87,26585,11.44,1576,0.68
35,6804,85457,12.56,46066,6.77,3237810,475.87,1645953,241.91,38153,5.61,1448,0.21
36,4143,91256,22.03,56391,13.61,1542331,372.27,369861,89.27,9193,2.22,1078,0.26
37,5736,112172,19.56,49055,8.55,3806979,663.70,2481511,432.62,13412,2.34,637,0.11
38,2655,53690,20.22,42961,16.18,1060787,399.54,346246,130.41,557,0.21,101,0.04
39,187686,227808,1.21,385987,2.06,43802549,233.38,2381316,12.69,36346,0.19,558221,2.97
40,4371,38117,8.72,6982,1.60,3073193,703.09,597096,136.60,13304,3.04,575,0.13
41,2863,48159,16.82,21773,7.60,2336805,816.21,1219721,426.03,2579,0.90,3250,1.14
42,36521,63824,1.75,73572,2.01,6961873,190.63,856665,23.46,8542,0.23,2166,0.06
43,23875,328745,13.77,140777,5.90,20290988,849.88,5319359,222.80,36922,1.55,6188,0.26
44,2548,61894,24.29,46642,18.31,1305640,512.42,492481,193.28,10500,4.12,1535,0.60
45,21356,172002,8.05,90368,4.23,16383220,767.15,3741402,175.19,54952,2.57,124792,5.84
46,1896,22804,12.03,5906,3.11,1050946,554.30,439151,231.62,11366,5.99,3003,1.58
47,12202,180761,14.81,72281,5.92,11446105,938.05,2777165,227.60,48144,3.95,5122,0.42
48,50673,128397,2.53,101691,2.01,14475293,285.66,653958,12.91,60739,1.20,342905,6.77
49,6169,87982,14.26,31678,5.14,5638624,914.03,2407948,390.33,43999,7.13,1444,0.23
50,2210,35531,16.08,5322,2.41,2050121,927.66,982346,444.50,19527,8.84,12226,5.53
51,2449,91816,37.49,64549,26.36,3066010,1251.94,1175311,479.91,6831,2.79,255,0.10
52,6648,60724,9.13,28505,4.29,3800603,571.69,2161635,325.16,32691,4.92,21166,3.18
53,4638,92977,20.05,40767,8.79,5351604,1153.86,2412361,520.13,994,0.21,530,0.11
54,4783,11610,2.43,6407,1.34,8242898,1723.37,10452953,2185.44,109272,22.85,6779,1.42
55,5130,66925,13.05,17913,3.49,10167198,1981.91,1342584,261.71,9530,1.86,13,0.00
56,2146,111600,52.00,108619,50.61,335925,156.54,51421,23.96,2069,0.96,1094,0.51
57,4914,116629,23.73,77303,15.73,4163054,847.18,903553,183.87,18627,3.79,1494,0.30
58,2576,21394,8.31,14128,5.48,2640589,1025.07,430437,167.10,1811,0.70,1402,0.54
59,10367,29051,2.80,23572,2.27,3732035,359.99,480601,46.36,43731,4.22,88136,8.50
60,8437,38009,4.51,9742,1.15,8507852,1008.40,1578461,187.09,19158,2.27,4407,0.52
61,1010,59470,58.88,58750,58.17,77993,77.22,10614,10.51,1265,1.25,1376,1.36
62,640,4740,7.41,2022,3.16,630202,984.69,73536,114.90,1382,2.16,1200,1.88
63,8794,159312,18.12,63583,7.23,10592500,1204.51,3971180,451.58,1234,0.14,1545,0.18
64,539,3706,6.88,7154,13.27,506810,940.28,85378,158.40,3062,5.68,20667,38.34
65,3259,29875,9.17,14344,4.40,2750070,843.84,330822,101.51,54731,16.79,1030,0.32
66,1077,11232,10.43,3008,2.79,2028620,1883.58,245215,227.68,11983,11.13,4516,4.19
67,3232,59981,18.56,18385,5.69,4093203,1266.46,2091935,647.26,23836,7.38,7865,2.43
68,1797,49915,27.78,32049,17.83,2319820,1290.94,495774,275.89,5669,3.15,2863,1.59
69,18046,236032,13.08,75957,4.21,25445351,1410.03,4664850,258.50,2857,0.16,381995,21.17
70,579,13748,23.74,7871,13.59,818146,1413.03,69215,119.54,2244,3.88,966,1.67
71,185,2511,13.57,1240,6.70,251654,1360.29,48868,264.15,364,1.97,36,0.19
72,1524,9994,6.56,1562,1.02,2519100,1652.95,340466,223.40,32551,21.36,472,0.31
73,9645,228809,23.72,72502,7.52,13311341,1380.13,7249924,751.68,79257,8.22,1430,0.15
74,100,4398,43.98,1747,17.47,220446,2204.46,51961,519.61,1640,16.40,215,2.15
75,2703,110803,40.99,304827,112.77,8678551,3210.71,5788898,2141.66,30002,11.10,10652,3.94
76,597,8774,14.70,1308,2.19,1915148,3207.95,290683,486.91,304,0.51,672,1.13
77,4617,104059,22.54,24443,5.29,6638026,1437.74,4403470,953.75,112249,24.31,3120,0.68
78,1417,12243,8.64,2818,1.99,2659673,1876.97,342130,241.45,58955,41.61,17711,12.50
79,1487,87846,59.08,39850,26.80,2857436,1921.61,5515463,3709.12,31690,21.31,913,0.61
80,80,1720,21.50,823,10.29,202214,2527.68,23126,289.07,2887,36.09,846,10.57
81,1596,26593,16.66,10167,6.37,3790738,2375.15,1142558,715.89,48963,30.68,8330,5.22
82,242,6933,28.65,2363,9.76,681800,2817.36,174386,720.60,385,1.59,14,0.06
83,5388,131465,24.40,49520,9.19,9051862,1680.00,4414436,819.31,35273,6.55,8124,1.51
84,2796,7890,2.82,4236,1.52,2911389,1041.27,286043,102.30,5423,1.94,5549,1.98
85,755,4062,5.38,1606,2.13,620341,821.64,117277,155.33,43869,58.10,4916,6.51
86,535,20080,37.53,858,1.60,1354139,2531.10,328040,613.16,20271,37.89,377,0.70
87,2003,35836,17.89,12900,6.44,3669522,1832.01,1289260,643.66,1286,0.64,1046,0.52
88,1063,890,0.84,140,0.13,352536,331.64,21997,20.69,3772,3.55,2006,1.89
89,1854,56291,30.36,3113,1.68,2008565,1083.37,3972661,2142.75,11382,6.14,3103,1.67
90,688,19532,28.39,2886,4.19,1231388,1789.81,1891908,2749.87,46548,67.66,968,1.41
91,1282,90975,70.96,44823,34.96,2784257,2171.81,8051810,6280.66,10774,8.40,2204,1.72
92,17,242,14.24,28,1.65,44979,2645.82,6993,411.35,833,49.00,176,10.35
93,3517,96136,27.33,34956,9.94,7700975,2189.64,3650071,1037.84,2266,0.64,1561,0.44
94,73,1110,15.21,234,3.21,327070,4480.41,50965,698.15,2626,35.97,848,11.62
95,208,2569,12.35,878,4.22,459660,2209.90,95514,459.20,3958,19.03,1815,8.73
96,24072,174726,7.26,89757,3.73,40197455,1669.88,11958721,496.79,256941,10.67,555,0.02
97,3749,117727,31.40,34393,9.17,6940856,1851.39,4894720,1305.61,3229,0.86,438,0.12
98,1341,21474,16.01,5106,3.81,4037830,3011.06,531954,396.68,80769,60.23,2712,2.02
99,655,11165,17.05,8843,13.50,2625599,4008.55,432830,660.81,2695,4.11,71,0.11
100,581,11327,19.50,1495,2.57,2544941,4380.28,418224,719.83,1081,1.86,131,0.23
101,1061,15350,14.47,1090,1.03,4770934,4496.64,329060,310.14,9076,8.55,16247,15.31
102,58,1588,27.38,445,7.67,196444,3386.97,40972,706.41,2161,37.26,777,13.40
103,7436,240618,32.36,70911,9.54,14150929,1903.03,11881197,1597.79,84891,11.42,20021,2.69
104,248,5324,21.47,2088,8.42,738616,2978.29,144680,583.39,13930,56.17,1676,6.76
105,990,100839,101.86,50963,51.48,2379975,2404.02,8401192,8486.05,30887,31.20,18,0.02
106,111,1516,13.66,820,7.39,190123,1712.82,33547,302.23,6528,58.81,1767,15.92
107,591,2317,3.92,1125,1.90,276921,468.56,82134,138.97,54135,91.60,2038,3.45
108,220,2483,11.29,334,1.52,567628,2580.13,113276,514.89,13244,60.20,2626,11.94
109,665,15921,23.94,4450,6.69,1394386,2096.82,623580,937.71,42466,63.86,1558,2.34
110,223,5784,25.94,2066,9.26,920448,4127.57,132960,596.23,3231,14.49,932,4.18
111,389,2856,7.34,717,1.84,930728,2392.62,132815,341.43,32750,84.19,8680,22.31
112,92,1309,14.23,369,4.01,181800,1976.09,35372,384.48,7059,76.73,2116,23.00
113,27031,919887,34.03,238440,8.82,102212297,3781.30,33549967,1241.17,59107,2.19,304,0.01
114,537,4699,8.75,1249,2.33,242864,452.26,43781,81.53,50063,93.23,4902,9.13
115,3427,279058,81.43,113283,33.06,7046475,2056.16,29546937,8621.81,69734,20.35,12223,3.57
116,2258,51043,22.61,19178,8.49,6312121,2795.45,1193617,528.62,20353,9.01,21196,9.39
117,3394,200877,59.19,82493,24.31,10194473,3003.68,17663690,5204.39,9367,2.76,26,0.01
118,378,5261,13.92,1103,2.92,1860805,4922.76,143011,378.34,11117,29.41,4183,11.07
119,33,1259,38.15,476,14.42,134854,4086.48,35744,1083.15,1698,51.45,402,12.18
120,541,12512,23.13,668,1.23,3110160,5748.91,1548099,2861.55,24570,45.42,4082,7.55
121,66,1029,15.59,195,2.95,221370,3354.09,35227,533.74,4022,60.94,500,7.58
122,33,1560,47.27,564,17.09,104768,3174.79,66582,2017.64,145,4.39,74,2.24
123,4085,168936,41.36,41885,10.25,8556616,2094.64,12245604,2997.70,13508,3.31,673,0.16
124,542,11924,22.00,913,1.68,3351240,6183.10,530260,978.34,2659,4.91,721,1.33
125,3857,128118,33.22,1896184,491.62,8414594,2181.64,14908743,3865.37,49261,12.77,39116,10.14
126,17,816,48.00,257,15.12,63332,3725.41,17003,1000.18,889,52.29,41,2.41
127,3888,137955,35.48,41943,10.79,11240526,2891.08,6335393,1629.47,118013,30.35,3708,0.95
128,1057,25052,23.70,9483,8.97,3315460,3136.67,674985,638.59,54059,51.14,484,0.46
129,550,1051,1.91,774,1.41,160576,291.96,30702,55.82,56409,102.56,2609,4.74
130,1019,12520,12.29,4436,4.35,4253962,4174.64,559377,548.95,1875,1.84,1200,1.18
131,42,1530,36.43,350,8.33,145744,3470.10,40912,974.10,2049,48.79,768,18.29
132,849,9270,10.92,3971,4.68,2676715,3152.79,233532,275.07,6480,7.63,8673,10.22
133,1480,50898,34.39,18983,12.83,5667371,3829.30,2535145,1712.94,8145,5.50,1647,1.11
134,472,15796,33.47,1026,2.17,2138823,4531.40,572395,1212.70,25996,55.08,832,1.76
135,462,8703,18.84,930,2.01,2822380,6109.05,288274,623.97,41314,89.42,12022,26.02
136,525,32545,61.99,1266,2.41,1715967,3268.51,391979,746.63,33073,63.00,650,1.24
137,3902,167471,42.92,58379,14.96,11085674,2841.02,9445810,2420.76,16337,4.19,456,0.12
138,56,690,12.32,72,1.29,194382,3471.11,26377,471.02,5237,93.52,1198,21.39
139,433,6992,16.15,1753,4.05,2886857,6667.11,242541,560.14,18187,42.00,3525,8.14
140,23,464,20.17,367,15.96,83499,3630.39,16210,704.78,413,17.96,108,4.70
141,486,29857,61.43,7705,15.85,2112862,4347.45,2494679,5133.08,551,1.13,103,0.21
142,20,546,27.30,160,8.00,86603,4330.15,17435,871.75,1036,51.80,235,11.75
143,2919,127881,43.81,46352,15.88,8785444,3009.74,7789168,2668.44,2153,0.74,860,0.29
144,516,3816,7.40,1158,2.24,1445757,2801.85,111500,216.09,31121,60.31,1448,2.81
145,639,1770,2.77,653,1.02,785395,1229.10,83357,130.45,72639,113.68,4452,6.97
146,347,5892,16.98,786,2.27,4232228,12196.62,566475,1632.49,33478,96.48,5206,15.00
147,2561,91508,35.73,31999,12.49,6314999,2465.83,5624623,2196.26,14373,5.61,3960,1.55
148,110,1116,10.15,335,3.05,386719,3515.63,74808,680.07,13814,125.58,796,7.24
149,6,540,90.00,132,22.00,24162,4027.00,13458,2243.00,0,0.00,0,0.00
150,911,13628,14.96,3955,4.34,3676442,4035.61,523317,574.44,7113,7.81,8976,9.85
151,557,18460,33.14,5707,10.25,2799856,5026.67,703846,1263.64,15759,28.29,6326,11.36
152,300,3606,12.02,917,3.06,1243163,4143.88,71283,237.61,707,2.36,3351,11.17
153,966,15441,15.98,980,1.01,7114903,7365.32,1471004,1522.78,523,0.54,80,0.08
154,8,373,46.62,134,16.75,35697,4462.12,27601,3450.12,375,46.88,22,2.75
155,37,811,21.92,446,12.05,414944,11214.70,43044,1163.35,658,17.78,152,4.11
156,24,1741,72.54,475,19.79,123334,5138.92,54807,2283.62,991,41.29,145,6.04
157,2927,142548,48.70,49485,16.91,9538511,3258.80,9457170,3231.01,2928,1.00,293,0.10
158,68,3020,44.41,236,3.47,607160,8928.82,159990,2352.79,8448,124.24,1033,15.19
159,40,1038,25.95,122,3.05,269773,6744.32,55845,1396.12,4558,113.95,692,17.30
160,85,2264,26.64,1189,13.99,575442,6769.91,128346,1509.95,6961,81.89,692,8.14
161,193,1816,9.41,4986,25.83,1030716,5340.50,413064,2140.23,6892,35.71,1008,5.22
162,7,177,25.29,96,13.71,24915,3559.29,13136,1876.57,0,0.00,24,3.43
163,1125,63373,56.33,22573,20.06,4006577,3561.40,3920604,3484.98,5850,5.20,306,0.27
164,126,4346,34.49,158,1.25,902836,7165.37,655818,5204.90,11064,87.81,132,1.05
165,965,119,0.12,1009,1.05,84461,87.52,5478,5.68,91146,94.45,1192,1.24
166,17,376,22.12,83,4.88,69953,4114.88,12843,755.47,1144,67.29,266,15.65
167,480,3369,7.02,647,1.35,3173673,6611.82,289005,602.09,6236,12.99,976,2.03
168,88,2466,28.02,917,10.42,420565,4779.15,103414,1175.16,5380,61.14,1973,22.42
169,48,2762,57.54,1617,33.69,169883,3539.23,76918,1602.46,1717,35.77,4179,87.06
170,54,1227,22.72,91,1.69,421423,7804.13,77919,1442.94,5801,107.43,839,15.54
171,576,19944,34.62,3312,5.75,2543120,4415.14,2094882,3636.95,29687,51.54,669,1.16
172,632,16398,25.95,961,1.52,5074911,8029.92,821158,1299.30,17015,26.92,1722,2.72
173,611,4282,7.01,1925,3.15,4228228,6920.18,184321,301.67,67302,110.15,2346,3.84
174,81,1271,15.69,328,4.05,267307,3300.09,27180,335.56,4429,54.68,1054,13.01
175,1514,43869,28.98,11900,7.86,10466427,6913.10,3102516,2049.22,57212,37.79,847,0.56
176,35,1516,43.31,491,14.03,59995,1714.14,81851,2338.60,445,12.71,0,0.00
177,4,239,59.75,60,15.00,27659,6914.75,5963,1490.75,411,102.75,48,12.00
178,105,4291,40.87,776,7.39,424342,4041.35,341799,3255.23,3265,31.10,605,5.76
179,122,3284,26.92,492,4.03,1453427,11913.34,290574,2381.75,16049,131.55,2240,18.36
180,39,1333,34.18,762,19.54,144481,3704.64,21398,548.67,1790,45.90,312,8.00
181,1817,41595,22.89,17022,9.37,12768688,7027.35,1869231,1028.75,45896,25.26,23145,12.74
182,488,6139,12.58,3005,6.16,1947458,3990.69,621073,1272.69,57711,118.26,1154,2.36
183,38,1019,26.82,344,9.05,261661,6885.82,70770,1862.37,3108,81.79,731,19.24
184,964,30868,32.02,8733,9.06,8618205,8940.05,2048907,2125.42,36902,38.28,11,0.01
185,14,556,39.71,50,3.57,91535,6538.21,31662,2261.57,1525,108.93,96,6.86
186,488,20222,41.44,4716,9.66,3823954,7835.97,1172864,2403.41,26015,53.31,0,0.00
187,31,653,21.06,113,3.65,232552,7501.68,38145,1230.48,4003,129.13,262,8.45
188,37,424,11.46,139,3.76,102471,2769.49,43748,1182.38,4340,117.30,102,2.76
189,67,1702,25.40,298,4.45,692891,10341.66,110956,1656.06,8788,131.16,484,7.22
190,8,316,39.50,219,27.38,55062,6882.75,11842,1480.25,193,24.12,345,43.12
191,508,698,1.37,7683,15.12,5198542,10233.35,838048,1649.70,381,0.75,1106,2.18
192,511,5730,11.21,3762,7.36,2191805,4289.25,499570,977.63,21722,42.51,1816,3.55
193,22,796,36.18,216,9.82,125305,5695.68,39113,1777.86,605,27.50,531,24.14
194,23,1527,66.39,537,23.35,154412,6713.57,49000,2130.43,459,19.96,53,2.30
195,19,577,30.37,103,5.42,175120,9216.84,20301,1068.47,2112,111.16,437,23.00
196,996,17425,17.49,3404,3.42,6260136,6285.28,1396060,1401.67,89979,90.34,1768,1.78
197,24,183,7.62,113,4.71,54104,2254.33,6590,274.58,151,6.29,92,3.83
198,222,2104,9.48,1017,4.58,911642,4106.50,118421,533.43,2436,10.97,1334,6.01
199,800,19002,23.75,2209,2.76,6810518,8513.15,716721,895.90,94053,117.57,8718,10.90
200,9,336,37.33,108,12.00,50902,5655.78,10710,1190.00,864,96.00,158,17.56
201,977,55445,56.75,16875,17.27,4893530,5008.73,4502571,4608.57,61582,63.03,416,0.43
202,22,530,24.09,154,7.00,59752,2716.00,26174,1189.73,3264,148.36,604,27.45
203,992,15210,15.33,1968,1.98,8602857,8672.23,1235851,1245.82,157355,158.62,2732,2.75
204,21,476,22.67,44,2.10,102071,4860.52,30202,1438.19,2833,134.90,1276,60.76
205,2,142,71.00,48,24.00,9784,4892.00,2588,1294.00,126,63.00,11,5.50
206,36,5054,140.39,2125,59.03,233748,6493.00,294902,8191.72,3150,87.50,0,0.00
207,510,3991,7.83,1793,3.52,225910,442.96,12144,23.81,264,0.52,646,1.27
208,628,14319,22.80,4323,6.88,6163639,9814.71,1556092,2477.85,60257,95.95,7691,12.25
209,498,348,0.70,611,1.23,261279,524.66,22332,44.84,90744,182.22,619,1.24
210,508,23575,46.41,9020,17.76,5492389,10811.79,1644389,3236.99,4137,8.14,2556,5.03
211,32,618,19.31,141,4.41,167743,5241.97,19868,620.88,5183,161.97,912,28.50
212,19,491,25.84,83,4.37,122143,6428.58,33125,1743.42,2496,131.37,984,51.79
213,41,989,24.12,202,4.93,141660,3455.12,31066,757.71,5584,136.20,1528,37.27
214,49,2032,41.47,875,17.86,362124,7390.29,74330,1516.94,4849,98.96,2408,49.14
215,72,3572,49.61,283,3.93,642896,8929.11,257513,3576.57,796,11.06,219,3.04
216,220,30003,136.38,10431,47.41,1223776,5562.62,1294840,5885.64,10246,46.57,33,0.15
217,37,1465,39.59,205,5.54,662358,17901.57,141072,3812.76,2645,71.49,324,8.76
218,16,278,17.38,119,7.44,55000,3437.50,6573,410.81,622,38.88,314,19.62
219,4,123,30.75,53,13.25,13793,3448.25,996,249.00,0,0.00,66,16.50
220,604,22802,37.75,1680,2.78,7143771,11827.44,1840346,3046.93,29804,49.34,375,0.62
221,17,339,19.94,98,5.76,105200,6188.24,30244,1779.06,2592,152.47,1034,60.82
222,482,47066,97.65,12003,24.90,3325952,6900.32,6320580,13113.24,0,0.00,80,0.17
223,4,274,68.50,74,18.50,31347,7836.75,8677,2169.25,474,118.50,0,0.00
224,111,15832,142.63,5466,49.24,634793,5718.86,712822,6421.82,4840,43.60,0,0.00
225,488,454,0.93,583,1.19,175387,359.40,11604,23.78,825,1.69,562,1.15
226,15,852,56.80,130,8.67,117025,7801.67,58236,3882.40,1863,124.20,82,5.47
227,42,767,18.26,64,1.52,317015,7547.98,43364,1032.48,811,19.31,383,9.12
228,11,215,19.55,47,4.27,114847,10440.64,20450,1859.09,579,52.64,146,13.27
229,3,117,39.00,57,19.00,17477,5825.67,9572,3190.67,0,0.00,42,14.00
230,501,3694,7.37,2304,4.60,2996091,5980.22,247326,493.66,4283,8.55,3142,6.27
231,494,1231,2.49,567,1.15,40359,81.70,3004,6.08,102783,208.06,5128,10.38
232,3,293,97.67,33,11.00,17729,5909.67,9717,3239.00,534,178.00,83,27.67
233,9,87,9.67,21,2.33,38792,4310.22,9438,1048.67,599,66.56,296,32.89
234,3,6,2.00,4,1.33,3772,1257.33,198,66.00,0,0.00,48,16.00
235,6,116,19.33,22,3.67,20575,3429.17,6612,1102.00,828,138.00,237,39.50
236,12,846,70.50,280,23.33,94204,7850.33,28981,2415.08,1092,91.00,28,2.33
237,64,896,14.00,64,1.00,773309,12082.95,94175,1471.48,10582,165.34,2112,33.00
238,2,93,46.50,63,31.50,6993,3496.50,142,71.00,0,0.00,25,12.50
239,41,1076,26.24,158,3.85,345410,8424.63,54857,1337.98,2466,60.15,221,5.39
240,10,597,59.70,241,24.10,50100,5010.00,10940,1094.00,395,39.50,20,2.00
241,3,81,27.00,34,11.33,18510,6170.00,4462,1487.33,385,128.33,50,16.67
242,9,2521,280.11,1240,137.78,51961,5773.44,7698,855.33,182,20.22,110,12.22
243,63,2577,40.90,715,11.35,713539,11326.02,130882,2077.49,1364,21.65,1544,24.51
244,3,158,52.67,48,16.00,18800,6266.67,6038,2012.67,0,0.00,0,0.00
245,964,8,0.01,980,1.02,126288,131.00,432,0.45,117344,121.73,976,1.01
246,20,680,34.00,182,9.10,258553,12927.65,38462,1923.10,1016,50.80,208,10.40
248,1,20,20.00,3,3.00,29074,29074.00,2446,2446.00,137,137.00,29,29.00
249,51,3488,68.39,1217,23.86,708560,13893.33,155029,3039.78,2121,41.59,607,11.90
250,4,108,27.00,17,4.25,33087,8271.75,5756,1439.00,494,123.50,42,10.50
251,21,267,12.71,12,0.57,195155,9293.10,16361,779.10,0,0.00,130,6.19
252,33,3889,117.85,1287,39.00,329689,9990.58,108253,3280.39,3610,109.39,0,0.00
253,54,2284,42.30,801,14.83,607867,11256.80,118738,2198.85,8070,149.44,1439,26.65
254,6,407,67.83,130,21.67,46830,7805.00,24792,4132.00,300,50.00,19,3.17
255,17,670,39.41,53,3.12,302790,17811.18,54689,3217.00,1399,82.29,249,14.65
256,204,63424,310.90,149264,731.69,2080,10.20,96,0.47,0,0.00,0,0.00
257,118,49591,420.26,24487,207.52,337852,2863.15,45785,388.01,3437,29.13,853,7.23
259,481,4931,10.25,521,1.08,1342733,2791.54,214226,445.38,110082,228.86,480,1.00
260,8,1168,146.00,584,73.00,50225,6278.12,27147,3393.38,1866,233.25,0,0.00
261,2,76,38.00,14,7.00,19320,9660.00,6536,3268.00,135,67.50,0,0.00
262,17,785,46.18,281,16.53,166290,9781.76,44539,2619.94,2622,154.24,90,5.29
263,34,447,13.15,7,0.21,371271,10919.74,32880,967.06,418,12.29,169,4.97
264,2,153,76.50,57,28.50,4665,2332.50,744,372.00,108,54.00,0,0.00
265,6,96,16.00,14,2.33,41294,6882.33,6932,1155.33,924,154.00,130,21.67
266,1,9,9.00,5,5.00,10977,10977.00,941,941.00,0,0.00,6,6.00
267,727,5741,7.90,2426,3.34,1597388,2197.23,169317,232.90,141287,194.34,6763,9.30
268,961,24005,24.98,2885,3.00,8815893,9173.67,2613290,2719.34,0,0.00,2912,3.03
269,1,2,2.00,2,2.00,1516,1516.00,77,77.00,0,0.00,21,21.00
270,7,308,44.00,161,23.00,53293,7613.29,9806,1400.86,253,36.14,26,3.71
271,486,77,0.16,491,1.01,172055,354.02,12307,25.32,1006,2.07,769,1.58
272,87,6065,69.71,3413,39.23,381423,4384.17,104593,1202.22,3973,45.67,377,4.33
273,8,1248,156.00,432,54.00,61584,7698.00,71577,8947.12,406,50.75,0,0.00
274,70,11029,157.56,3810,54.43,527689,7538.41,625565,8936.64,6888,98.40,66,0.94
275,95,1861,19.59,302,3.18,1033777,10881.86,102827,1082.39,5095,53.63,1647,17.34
276,1,22,22.00,2,2.00,16882,16882.00,2272,2272.00,97,97.00,37,37.00
277,29,0,0.00,29,1.00,116,4.00,0,0.00,7946,274.00,29,1.00
278,718,41940,58.41,5174,7.21,11809224,16447.39,2646596,3686.07,67792,94.42,3570,4.97
279,60,1871,31.18,273,4.55,292985,4883.08,129604,2160.07,12767,212.78,206,3.43
280,73,3091,42.34,549,7.52,1191677,16324.34,261807,3586.40,10853,148.67,2423,33.19
281,63,54,0.86,81,1.29,7873,124.97,4676,74.22,17499,277.76,62,0.98
282,12,168,14.00,24,2.00,235862,19655.17,35832,2986.00,1262,105.17,516,43.00
283,87,714,8.21,535,6.15,238536,2741.79,88194,1013.72,23198,266.64,115,1.32
284,304,7079,23.29,2096,6.89,2262706,7443.11,216107,710.88,1665,5.48,5411,17.80
285,540,0,0.00,540,1.00,2420,4.48,0,0.00,152020,281.52,540,1.00
286,7,239,34.14,147,21.00,60385,8626.43,32663,4666.14,673,96.14,151,21.57
287,575,478,0.83,549,0.95,574567,999.25,41783,72.67,18730,32.57,705,1.23
288,10,1870,187.00,2014,201.40,59511,5951.10,60909,6090.90,1669,166.90,14,1.40
289,60,38,0.63,64,1.07,35598,593.30,3670,61.17,16988,283.13,136,2.27
291,72,368,5.11,104,1.44,206377,2866.35,30945,429.79,17600,244.44,888,12.33
292,491,24560,50.02,616,1.25,8185308,16670.69,3056286,6224.62,1112,2.26,4,0.01
293,51,711,13.94,290,5.69,41675,817.16,41871,821.00,12760,250.20,115,2.25
294,112,7392,66.00,896,8.00,1982817,17703.72,631502,5638.41,11772,105.11,0,0.00
295,1000,73716,73.72,24561,24.56,7370632,7370.63,10055567,10055.57,93710,93.71,345,0.34
296,1,5,5.00,1,1.00,3058,3058.00,170,170.00,0,0.00,25,25.00
297,17,833,49.00,476,28.00,279769,16457.00,105485,6205.00,1643,96.65,0,0.00
298,8,414,51.75,178,22.25,21372,2671.50,17788,2223.50,565,70.62,135,16.88
299,45,900,20.00,48,1.07,703946,15643.24,77409,1720.20,2438,54.18,977,21.71
300,4,88,22.00,20,5.00,21831,5457.75,3562,890.50,482,120.50,44,11.00
301,224,4987,22.26,1506,6.72,1488551,6645.32,330652,1476.12,35478,158.38,4536,20.25
304,1,20,20.00,5,5.00,4554,4554.00,580,580.00,183,183.00,11,11.00
305,7,146,20.86,43,6.14,67312,9616.00,16046,2292.29,143,20.43,173,24.71
306,478,7648,16.00,478,1.00,13575322,28400.26,980166,2050.56,134051,280.44,956,2.00
307,592,20160,34.05,7424,12.54,979867,1655.18,1224140,2067.80,154990,261.81,480,0.81
308,1,4,4.00,4,4.00,1870,1870.00,145,145.00,0,0.00,17,17.00
309,960,0,0.00,960,1.00,101612,105.85,0,0.00,195988,204.15,960,1.00
311,66,2928,44.36,104,1.58,1276760,19344.85,167420,2536.67,5131,77.74,520,7.88
313,6,84,14.00,35,5.83,40686,6781.00,7578,1263.00,1068,178.00,39,6.50
314,1,22,22.00,7,7.00,6056,6056.00,1534,1534.00,304,304.00,4,4.00
315,1,936,936.00,315,315.00,0,0.00,0,0.00,0,0.00,0,0.00
316,480,25920,54.00,480,1.00,8719110,18164.81,3115118,6489.83,14662,30.55,0,0.00
318,21,414,19.71,46,2.19,75188,3580.38,35184,1675.43,4560,217.14,1369,65.19
319,1,0,0.00,5,5.00,327,327.00,0,0.00,0,0.00,10,10.00
320,4,176,44.00,224,56.00,10112,2528.00,672,168.00,0,0.00,336,84.00
321,436,26244,60.19,11704,26.84,8412258,19294.17,3327960,7632.94,13965,32.03,2404,5.51
322,17,2996,176.24,1027,60.41,155359,9138.76,188624,11095.53,3429,201.71,11,0.65
323,37,2028,54.81,528,14.27,635700,17181.08,156773,4237.11,2285,61.76,145,3.92
324,1,123,123.00,14,14.00,13143,13143.00,5425,5425.00,108,108.00,0,0.00
325,16,1712,107.00,592,37.00,84672,5292.00,248192,15512.00,0,0.00,0,0.00
326,13,748,57.54,60,4.62,157873,12144.08,75381,5798.54,1750,134.62,36,2.77
327,42,1362,32.43,172,4.10,382776,9113.71,124815,2971.79,9564,227.71,1480,35.24
329,5,100,20.00,9,1.80,75534,15106.80,11310,2262.00,1257,251.40,143,28.60
330,2,72,36.00,12,6.00,13896,6948.00,4341,2170.50,546,273.00,122,61.00
331,481,61,0.13,499,1.04,169550,352.49,4198,8.73,0,0.00,480,1.00
332,3,48,16.00,14,4.67,21099,7033.00,2855,951.67,233,77.67,34,11.33
333,14,1324,94.57,280,20.00,278925,19923.21,102254,7303.86,261,18.64,60,4.29
334,10,431,43.10,105,10.50,119926,11992.60,41239,4123.90,1100,110.00,220,22.00
335,53,885,16.70,27,0.51,1015315,19156.89,131796,2486.72,7208,136.00,717,13.53
336,12,912,76.00,60,5.00,118530,9877.50,15272,1272.67,1169,97.42,0,0.00
337,1,47,47.00,9,9.00,11929,11929.00,7132,7132.00,0,0.00,0,0.00
338,1,38,38.00,2,2.00,22039,22039.00,3567,3567.00,283,283.00,8,8.00
340,490,28227,57.61,560,1.14,9900549,20205.20,4235084,8643.03,452,0.92,304,0.62
341,19,81,4.26,1127,59.32,200835,10570.26,152673,8035.42,4684,246.53,112,5.89
342,18,1360,75.56,264,14.67,338202,18789.00,91061,5058.94,1339,74.39,220,12.22
343,3,180,60.00,18,6.00,52886,17628.67,16469,5489.67,287,95.67,34,11.33
344,16,528,33.00,112,7.00,367903,22993.94,23550,1471.88,4732,295.75,128,8.00
345,480,0,0.00,480,1.00,165600,345.00,0,0.00,480,1.00,480,1.00
346,30,1100,36.67,74,2.47,620305,20676.83,103666,3455.53,4988,166.27,882,29.40
347,1004,27697,27.59,7205,7.18,9519100,9481.18,2674728,2664.07,187072,186.33,768,0.76
348,1,24,24.00,2,2.00,20768,20768.00,3860,3860.00,242,242.00,37,37.00
349,20,488,24.40,36,1.80,33137,1656.85,25736,1286.80,6400,320.00,1572,78.60
350,487,9870,20.27,5319,10.92,11471722,23555.90,1305801,2681.32,6526,13.40,3029,6.22
351,10,210,21.00,10,1.00,62744,6274.40,32150,3215.00,103,10.30,0,0.00
352,1,26,26.00,2,2.00,22121,22121.00,5989,5989.00,211,211.00,37,37.00
353,2,54,27.00,36,18.00,35039,17519.50,5579,2789.50,433,216.50,66,33.00
354,24,1280,53.33,48,2.00,630194,26258.08,102662,4277.58,3522,146.75,584,24.33
355,1,61,61.00,3,3.00,22598,22598.00,5533,5533.00,197,197.00,7,7.00
356,34,5400,158.82,1799,52.91,495126,14562.53,174083,5120.09,922,27.12,128,3.76
358,426,7806,18.32,477,1.12,13714424,32193.48,1065764,2501.79,116029,272.37,23766,55.79
359,41,846,20.63,5,0.12,1011688,24675.32,118875,2899.39,913,22.27,227,5.54
360,4,224,56.00,72,18.00,44391,11097.75,5716,1429.00,599,149.75,104,26.00
362,97,2699,27.82,196,2.02,1996397,20581.41,298075,3072.94,24528,252.87,4680,48.25
363,698,31414,45.01,3512,5.03,20588712,29496.72,3370114,4828.24,209213,299.73,5610,8.04
364,482,29806,61.84,493,1.02,10324654,21420.44,4855991,10074.67,589,1.22,32,0.07
365,481,88,0.18,512,1.06,85098,176.92,5991,12.46,112821,234.56,504,1.05
368,15,4460,297.33,2316,154.40,74920,4994.67,4866,324.40,241,16.07,168,11.20
369,481,100,0.21,530,1.10,20655,42.94,11475,23.86,175887,365.67,630,1.31
370,488,3152,6.46,7224,14.80,599020,1227.50,43000,88.11,88684,181.73,870,1.78
371,27,652,24.15,35,1.30,663142,24560.81,93073,3447.15,1543,57.15,158,5.85
373,1,7,7.00,1,1.00,4891,4891.00,343,343.00,0,0.00,30,30.00
374,3,38,12.67,13,4.33,59491,19830.33,9316,3105.33,508,169.33,121,40.33
375,16,944,59.00,16,1.00,287866,17991.62,233810,14613.12,5824,364.00,0,0.00
376,1,4,4.00,2,2.00,3258,3258.00,225,225.00,0,0.00,27,27.00
377,2,93,46.50,2,1.00,30755,15377.50,7838,3919.00,328,164.00,27,13.50
379,28,1984,70.86,727,25.96,459967,16427.39,164155,5862.68,6343,226.54,1593,56.89
380,3,372,124.00,132,44.00,18015,6005.00,24553,8184.33,397,132.33,0,0.00
381,16,1120,70.00,96,6.00,178611,11163.19,131105,8194.06,3744,234.00,2352,147.00
382,4,431,107.75,129,32.25,104417,26104.25,26445,6611.25,219,54.75,285,71.25
384,12,1358,113.17,1292,107.67,71856,5988.00,10511,875.92,1325,110.42,149,12.42
385,18,1076,59.78,262,14.56,335490,18638.33,133078,7393.22,0,0.00,940,52.22
386,3,167,55.67,3,1.00,75763,25254.33,29292,9764.00,764,254.67,142,47.33
387,480,0,0.00,480,1.00,186240,388.00,0,0.00,0,0.00,480,1.00
388,969,63724,65.76,999,1.03,21290630,21971.75,7214455,7445.26,234924,242.44,548,0.57
389,481,258,0.54,539,1.12,18366,38.18,12361,25.70,185652,385.97,480,1.00
392,10,503,50.30,143,14.30,127579,12757.90,63045,6304.50,2282,228.20,512,51.20
393,488,250,0.51,582,1.19,69930,143.30,22977,47.08,188557,386.39,570,1.17
395,16,448,28.00,224,14.00,55540,3471.25,10380,648.75,6000,375.00,112,7.00
397,14,1286,91.86,310,22.14,311681,22262.93,100905,7207.50,740,52.86,228,16.29
398,82,856,10.44,402,4.90,250342,3052.95,25093,306.01,459,5.60,2783,33.94
399,6,200,33.33,16,2.67,91852,15308.67,20481,3413.50,1230,205.00,254,42.33
400,1,416,416.00,16,16.00,11745,11745.00,2272,2272.00,73,73.00,0,0.00
401,1,37,37.00,12,12.00,6662,6662.00,1354,1354.00,270,270.00,39,39.00
402,2,586,293.00,244,122.00,26901,13450.50,60033,30016.50,523,261.50,0,0.00
403,3,244,81.33,15,5.00,60803,20267.67,17276,5758.67,391,130.33,81,27.00
404,16,368,23.00,16,1.00,765140,47821.25,55164,3447.75,4895,305.94,1184,74.00
405,498,1602,3.22,660,1.33,548110,1100.62,127669,256.36,198098,397.79,570,1.14
406,4,149,37.25,24,6.00,80641,20160.25,17207,4301.75,1421,355.25,46,11.50
407,16,912,57.00,32,2.00,374120,23382.50,47648,2978.00,1562,97.62,112,7.00
409,480,0,0.00,480,1.00,120536,251.12,0,0.00,76264,158.88,480,1.00
410,30,2799,93.30,1263,42.10,309842,10328.07,231182,7706.07,7789,259.63,968,32.27
411,19,1999,105.21,452,23.79,193855,10202.89,50444,2654.95,432,22.74,210,11.05
412,481,33774,70.22,579,1.20,11761808,24452.82,6291746,13080.55,197,0.41,272,0.57
413,2,57,28.50,8,4.00,38423,19211.50,6987,3493.50,337,168.50,42,21.00
414,961,103750,107.96,11524,11.99,13977364,14544.60,22987950,23920.86,372759,387.89,0,0.00
415,2,12,6.00,50,25.00,6096,3048.00,786,393.00,0,0.00,36,18.00
416,17,600,35.29,120,7.06,74200,4364.71,62728,3689.88,5984,352.00,1520,89.41
417,3,122,40.67,25,8.33,43823,14607.67,9693,3231.00,903,301.00,134,44.67
418,3,21,7.00,64,21.33,14682,4894.00,1254,418.00,0,0.00,109,36.33
419,4,388,97.00,44,11.00,109016,27254.00,38849,9712.25,886,221.50,0,0.00
420,4,1068,267.00,392,98.00,47628,11907.00,41641,10410.25,636,159.00,0,0.00
423,17,888,52.24,113,6.65,618879,36404.65,81093,4770.18,5875,345.59,161,9.47
425,32,1096,34.25,76,2.38,204328,6385.25,148155,4629.84,11796,368.62,2900,90.62
426,1,5,5.00,4,4.00,5067,5067.00,300,300.00,0,0.00,34,34.00
427,502,1292,2.57,1006,2.00,917245,1827.18,96315,191.86,210569,419.46,2966,5.91
428,17,592,34.82,480,28.24,57888,3405.18,76864,4521.41,4603,270.76,2456,144.47
429,480,0,0.00,480,1.00,41060,85.54,0,0.00,165340,344.46,480,1.00
431,4,100,25.00,8,2.00,88737,22184.25,18293,4573.25,1304,326.00,196,49.00
432,7,582,83.14,371,53.00,125575,17939.29,29554,4222.00,244,34.86,264,37.71
433,5,254,50.80,72,14.40,114397,22879.40,28813,5762.60,312,62.40,36,7.20
434,9,225,25.00,69,7.67,64084,7120.44,11374,1263.78,1256,139.56,205,22.78
436,780,57420,73.62,780,1.00,26665920,34187.08,10398654,13331.61,79316,101.69,4500,5.77
439,12,432,36.00,24,2.00,285018,23751.50,45033,3752.75,4164,347.00,576,48.00
440,32,6336,198.00,1984,62.00,1360981,42530.66,1006220,31444.38,1296,40.50,0,0.00
441,1,6,6.00,2,2.00,3548,3548.00,228,228.00,0,0.00,30,30.00
442,1,0,0.00,90,90.00,2284,2284.00,189,189.00,426,426.00,277,277.00
443,2,112,56.00,16,8.00,48346,24173.00,20534,10267.00,413,206.50,10,5.00
444,8,974,121.75,438,54.75,117063,14632.88,63750,7968.75,1334,166.75,776,97.00
445,19,2435,128.16,71,3.74,97286,5120.32,221046,11634.00,7274,382.84,12,0.63
447,997,12516,12.55,6856,6.88,10315683,10346.72,1915577,1921.34,218914,219.57,1352,1.36
448,112,8848,79.00,112,1.00,5675817,50676.94,1318602,11773.23,29042,259.30,1680,15.00
449,497,1864,3.75,616,1.24,409838,824.62,217484,437.59,219195,441.04,584,1.18
451,11,370,33.64,61,5.55,118049,10731.73,36489,3317.18,2913,264.82,497,45.18
452,16,388,24.25,28,1.75,207973,12998.31,53355,3334.69,6362,397.62,480,30.00
453,1,40,40.00,14,14.00,7296,7296.00,1835,1835.00,325,325.00,46,46.00
454,1,124,124.00,2,2.00,16356,16356.00,34890,34890.00,0,0.00,0,0.00
455,960,7680,8.00,960,1.00,2382720,2482.00,124800,130.00,424320,442.00,4800,5.00
457,1,7,7.00,3,3.00,6887,6887.00,340,340.00,0,0.00,34,34.00
459,3,132,44.00,46,15.33,52289,17429.67,13809,4603.00,0,0.00,24,8.00
460,663,56342,84.98,4680,7.06,18927023,28547.55,6531966,9852.14,149364,225.29,2731,4.12
461,64,13312,208.00,4160,65.00,3009954,47030.53,2318804,36231.31,5690,88.91,0,0.00
462,46,3440,74.78,586,12.74,1732308,37658.87,681491,14815.02,6306,137.09,176,3.83
463,18,3378,187.67,1068,59.33,721526,40084.78,581203,32289.06,3490,193.89,64,3.56
464,2,8,4.00,4,2.00,6580,3290.00,272,136.00,0,0.00,46,23.00
465,480,0,0.00,480,1.00,1920,4.00,0,0.00,221760,462.00,480,1.00
466,1,94,94.00,40,40.00,12234,12234.00,4108,4108.00,456,456.00,0,0.00
467,481,67,0.14,499,1.04,177143,368.28,3285,6.83,58753,122.15,480,1.00
468,3,132,44.00,42,14.00,25132,8377.33,5476,1825.33,1007,335.67,138,46.00
469,16,1122,70.12,380,23.75,307419,19213.69,31666,1979.12,448,28.00,94,5.88
470,4,108,27.00,16,4.00,128400,32100.00,21025,5256.25,0,0.00,168,42.00
471,1,9,9.00,9,9.00,6812,6812.00,522,522.00,0,0.00,27,27.00
472,17,976,57.41,36,2.12,711794,41870.24,82029,4825.24,3785,222.65,440,25.88
474,1,26,26.00,2,2.00,42002,42002.00,3502,3502.00,81,81.00,71,71.00
475,7,593,84.71,32,4.57,97219,13888.43,48256,6893.71,380,54.29,240,34.29
476,2,1428,714.00,1896,948.00,0,0.00,0,0.00,0,0.00,0,0.00
477,8,136,17.00,16,2.00,109288,13661.00,17648,2206.00,2968,371.00,576,72.00
478,9,382,42.44,123,13.67,48017,5335.22,19403,2155.89,659,73.22,455,50.56
479,480,689760,1437.00,689760,1437.00,0,0.00,0,0.00,0,0.00,0,0.00
480,1,320,320.00,128,128.00,12240,12240.00,2688,2688.00,0,0.00,0,0.00
481,369,22823,61.85,736,1.99,17514293,47464.21,1943489,5266.91,44109,119.54,7749,21.00
482,1,341,341.00,117,117.00,46905,46905.00,26503,26503.00,364,364.00,0,0.00
484,4,70,17.50,18,4.50,83142,20785.50,11544,2886.00,0,0.00,162,40.50
485,12,1044,87.00,12,1.00,678715,56559.58,180816,15068.00,3608,300.67,180,15.00
486,4,328,82.00,4,1.00,235887,58971.75,72752,18188.00,1141,285.25,60,15.00
487,1151,45316,39.37,5833,5.07,16644091,14460.55,9297349,8077.63,265333,230.52,42836,37.22
488,1,122,122.00,122,122.00,1586,1586.00,0,0.00,0,0.00,0,0.00
489,13,967,74.38,50,3.85,340988,26229.85,72792,5599.38,4728,363.69,427,32.85
492,6,5928,988.00,1512,252.00,54252,9042.00,2904,484.00,1032,172.00,0,0.00
493,8,720,90.00,8,1.00,231521,28940.12,51070,6383.75,2540,317.50,352,44.00
494,28,5704,203.71,2016,72.00,1378950,49248.21,748956,26748.43,2501,89.32,0,0.00
495,15,928,61.87,91,6.07,669422,44628.13,75502,5033.47,2451,163.40,254,16.93
497,32,71408,2231.50,416,13.00,2138464,66827.00,1825156,57036.12,5232,163.50,272,8.50
499,6,230,38.33,16,2.67,136233,22705.50,37053,6175.50,1357,226.17,203,33.83
500,1,10,10.00,1,1.00,10505,10505.00,769,769.00,0,0.00,49,49.00
501,1,9,9.00,0,0.00,7575,7575.00,636,636.00,0,0.00,27,27.00
502,1,334,334.00,168,168.00,6900,6900.00,115794,115794.00,430,430.00,0,0.00
504,66,14413,218.38,5624,85.21,3018760,45738.79,2354694,35677.18,7611,115.32,24,0.36
508,6,762,127.00,762,127.00,9906,1651.00,0,0.00,0,0.00,0,0.00
509,20,624,31.20,56,2.80,666162,33308.10,79737,3986.85,8006,400.30,1524,76.20
510,1,9,9.00,1,1.00,2976,2976.00,531,531.00,451,451.00,36,36.00
511,820,79580,97.05,1476,1.80,30297994,36948.77,15380580,18756.80,181659,221.54,3460,4.22
512,5,432,86.40,120,24.00,124883,24976.60,19598,3919.60,1620,324.00,252,50.40
513,480,0,0.00,480,1.00,1920,4.00,0,0.00,244800,510.00,480,1.00
514,120,3932,32.77,1311,10.93,1130875,9423.96,334401,2786.68,23831,198.59,1335,11.12
515,164,18716,114.12,492,3.00,7882753,48065.57,5033828,30694.07,44695,272.53,1640,10.00
516,12,2664,222.00,840,70.00,536509,44709.08,452999,37749.92,2799,233.25,0,0.00
517,1,27,27.00,5,5.00,39121,39121.00,6783,6783.00,0,0.00,48,48.00
518,2,20,10.00,4,2.00,17200,8600.00,1280,640.00,0,0.00,82,41.00
519,2,90,45.00,56,28.00,90972,45486.00,16220,8110.00,0,0.00,14,7.00
520,34,7600,223.53,2360,69.41,1599365,47040.15,1187080,34914.12,4379,128.79,0,0.00
521,34,2180,64.12,350,10.29,911253,26801.56,311199,9152.91,13892,408.59,2780,81.76
523,6,902,150.33,284,47.33,212286,35381.00,152215,25369.17,72,12.00,52,8.67
524,1082,75696,69.96,17394,16.08,26659174,24638.79,9212578,8514.40,480602,444.18,0,0.00
525,26,3136,120.62,1138,43.77,2319927,89227.96,519174,19968.23,3746,144.08,242,9.31
526,6,1266,211.00,216,36.00,100013,16668.83,40995,6832.50,2813,468.83,0,0.00
527,24,4560,190.00,1160,48.33,1293386,53891.08,943884,39328.50,2848,118.67,80,3.33
528,18,5808,322.67,1740,96.67,814672,45259.56,574000,31888.89,1162,64.56,0,0.00
529,28,4428,158.14,1164,41.57,1431998,51142.79,749388,26763.86,5635,201.25,624,22.29
531,4,480,120.00,12,3.00,211983,52995.75,152795,38198.75,1134,283.50,40,10.00
532,28,4104,146.57,728,26.00,1131140,40397.86,372603,13307.25,11845,423.04,120,4.29
534,32,3040,95.00,336,10.50,1138684,35583.88,383343,11979.47,7551,235.97,3584,112.00
535,497,47540,95.65,1722,3.46,15582356,31352.83,8601360,17306.56,198270,398.93,222,0.45
536,122,1764,14.46,666,5.46,898068,7361.21,148160,1214.43,44126,361.69,4968,40.72
537,1,6,6.00,6,6.00,8454,8454.00,486,486.00,0,0.00,41,41.00
538,2,76,38.00,10,5.00,96570,48285.00,13902,6951.00,0,0.00,104,52.00
542,960,194880,203.00,29760,31.00,33045166,34422.05,3612516,3763.04,473280,493.00,0,0.00
544,4,160,40.00,20,5.00,224052,56013.00,32740,8185.00,0,0.00,208,52.00
547,9,681,75.67,89,9.89,173604,19289.33,130355,14483.89,3585,398.33,1061,117.89
549,2,514,257.00,102,51.00,51342,25671.00,18203,9101.50,982,491.00,0,0.00
550,33,7507,227.48,2347,71.12,1833733,55567.67,1406207,42612.33,2714,82.24,11,0.33
551,8,584,73.00,40,5.00,161128,20141.00,124186,15523.25,3172,396.50,840,105.00
552,16,3696,231.00,1152,72.00,821782,51361.38,728030,45501.88,4251,265.69,0,0.00
553,1,368,368.00,185,185.00,7708,7708.00,62558,62558.00,367,367.00,0,0.00
554,2,84,42.00,10,5.00,116018,58009.00,16936,8468.00,0,0.00,104,52.00
557,496,42640,85.97,17296,34.87,47683935,96136.97,8649514,17438.54,7440,15.00,1488,3.00
558,16,3552,222.00,1248,78.00,942476,58904.75,514500,32156.25,64,4.00,0,0.00
559,481,45942,95.51,597,1.24,16122036,33517.75,12010946,24970.78,412,0.86,0,0.00
560,5,1840,368.00,720,144.00,75901,15180.20,16344,3268.80,1997,399.40,0,0.00
561,979,7478,7.64,6374,6.51,8716420,8903.39,1895560,1936.22,535118,546.60,1073,1.10
563,1,45,45.00,5,5.00,43660,43660.00,7081,7081.00,0,0.00,42,42.00
564,22,1678,76.27,179,8.14,1216326,55287.55,153604,6982.00,4408,200.36,616,28.00
565,4,28,7.00,17,4.25,9970,2492.50,1324,331.00,2056,514.00,179,44.75
567,4,278,69.50,78,19.50,91203,22800.75,25022,6255.50,1311,327.75,106,26.50
568,32,3666,114.56,142,4.44,1018036,31813.62,722821,22588.16,8825,275.78,2437,76.16
570,1,123,123.00,10,10.00,33268,33268.00,12184,12184.00,483,483.00,5,5.00
571,1,82,82.00,8,8.00,16709,16709.00,17766,17766.00,413,413.00,0,0.00
574,2,39,19.50,4,2.00,59647,29823.50,7911,3955.50,463,231.50,121,60.50
577,16,1488,93.00,112,7.00,732403,45775.19,150440,9402.50,5553,347.06,336,21.00
579,1,16,16.00,1,1.00,548,548.00,376,376.00,560,560.00,58,58.00
581,2,183,91.50,28,14.00,85378,42689.00,20216,10108.00,886,443.00,12,6.00
582,1,76,76.00,14,14.00,22522,22522.00,7097,7097.00,182,182.00,0,0.00
583,508,49672,97.78,936,1.84,17472010,34393.72,8675990,17078.72,79594,156.68,676,1.33
584,2,128,64.00,6,3.00,59794,29897.00,20602,10301.00,672,336.00,208,104.00
585,8,1148,143.50,224,28.00,374324,46790.50,115372,14421.50,0,0.00,80,10.00
586,134,938,7.00,556,4.15,717876,5357.28,75231,561.43,50836,379.37,5956,44.45
592,200,27324,136.62,648,3.24,11852357,59261.79,8517748,42588.74,68729,343.64,2000,10.00
594,6,836,139.33,116,19.33,279985,46664.17,121424,20237.33,1488,248.00,40,6.67
596,3,159,53.00,55,18.33,45604,15201.33,15305,5101.67,929,309.67,22,7.33
598,2,273,136.50,31,15.50,103370,51685.00,36842,18421.00,604,302.00,20,10.00
600,16,2486,155.38,440,27.50,500161,31260.06,228107,14256.69,6924,432.75,70,4.38
601,1,52,52.00,26,26.00,52888,52888.00,10847,10847.00,0,0.00,7,7.00
602,1,45,45.00,4,4.00,10373,10373.00,2726,2726.00,575,575.00,0,0.00
603,1,115,115.00,7,7.00,70894,70894.00,22014,22014.00,309,309.00,10,10.00
604,15,390,26.00,285,19.00,281138,18742.53,49846,3323.07,542,36.13,30,2.00
606,6,1554,259.00,312,52.00,121255,20209.17,50466,8411.00,3552,592.00,0,0.00
608,5,652,130.40,60,12.00,276976,55395.20,214322,42864.40,1440,288.00,40,8.00
609,2,290,145.00,48,24.00,69526,34763.00,32771,16385.50,820,410.00,10,5.00
611,3,58,19.33,9,3.00,86810,28936.67,12166,4055.33,0,0.00,142,47.33
612,6,810,135.00,95,15.83,186240,31040.00,52608,8768.00,2211,368.50,217,36.17
613,2,268,134.00,8,4.00,31700,15850.00,36614,18307.00,175,87.50,0,0.00
614,3,89,29.67,29,9.67,19775,6591.67,6326,2108.67,1569,523.00,68,22.67
616,16,512,32.00,96,6.00,84193,5262.06,43538,2721.12,9760,610.00,112,7.00
618,6,72,12.00,24,4.00,53493,8915.50,5085,847.50,1242,207.00,306,51.00
623,1,60,60.00,10,10.00,33421,33421.00,17922,17922.00,344,344.00,87,87.00
624,1,136,136.00,3,3.00,70730,70730.00,58299,58299.00,359,359.00,10,10.00
631,2,0,0.00,311,155.50,9655,4827.50,826,413.00,1202,601.00,947,473.50
632,1,320,320.00,88,88.00,21524,21524.00,2228,2228.00,600,600.00,0,0.00
633,1,45,45.00,5,5.00,68566,68566.00,11942,11942.00,337,337.00,67,67.00
634,1,9,9.00,10,10.00,9954,9954.00,570,570.00,0,0.00,54,54.00
636,38,304,8.00,76,2.00,202653,5332.97,25218,663.63,19837,522.03,1558,41.00
638,10,100,10.00,40,4.00,50323,5032.30,3360,336.00,387,38.70,510,51.00
641,16,0,0.00,2048,128.00,486130,30383.12,349188,21824.25,5910,369.38,112,7.00
644,90,23040,256.00,11520,128.00,2920641,32451.57,3674061,40822.90,54535,605.94,810,9.00
646,1,9,9.00,3,3.00,12828,12828.00,1077,1077.00,0,0.00,46,46.00
647,17,1067,62.76,308,18.12,797204,46894.35,203572,11974.82,6996,411.53,179,10.53
649,2,128,64.00,36,18.00,98791,49395.50,22080,11040.00,747,373.50,14,7.00
650,16,1392,87.00,160,10.00,658863,41178.94,218705,13669.06,8463,528.94,112,7.00
652,1,172,172.00,25,25.00,35444,35444.00,16560,16560.00,280,280.00,10,10.00
653,1,24,24.00,8,8.00,46091,46091.00,10082,10082.00,476,476.00,78,78.00
657,16,560,35.00,16,1.00,473080,29567.50,99416,6213.50,8112,507.00,1968,123.00
660,32,2096,65.50,496,15.50,2457891,76809.09,911382,28480.69,9815,306.72,288,9.00
661,2,18,9.00,6,3.00,26016,13008.00,2154,1077.00,0,0.00,92,46.00
664,1,129,129.00,7,7.00,81873,81873.00,33249,33249.00,300,300.00,10,10.00
666,1,49,49.00,1,1.00,15312,15312.00,9201,9201.00,617,617.00,36,36.00
668,2,26,13.00,10,5.00,22390,11195.00,1838,919.00,267,133.50,112,56.00
672,5,560,112.00,240,48.00,69718,13943.60,5680,1136.00,3,0.60,0,0.00
682,1,134,134.00,24,24.00,63738,63738.00,22218,22218.00,554,554.00,5,5.00
687,16,192,12.00,64,4.00,98151,6134.44,16710,1044.38,10435,652.19,1024,64.00
691,476,20944,44.00,4760,10.00,17082510,35887.63,4442632,9333.26,122953,258.30,476,1.00
693,18,2947,163.72,59,3.28,725990,40332.78,390823,21712.39,9502,527.89,49,2.72
694,23,1190,51.74,1160,50.43,408833,17775.35,229789,9990.83,7680,333.91,3951,171.78
695,1,43,43.00,1,1.00,70500,70500.00,12390,12390.00,492,492.00,145,145.00
696,2,396,198.00,144,72.00,104726,52363.00,35501,17750.50,466,233.00,80,40.00
702,1,42,42.00,2,2.00,12590,12590.00,6430,6430.00,0,0.00,0,0.00
703,16,2192,137.00,784,49.00,322470,20154.38,257574,16098.38,10640,665.00,0,0.00
704,1,10,10.00,72,72.00,11666,11666.00,637,637.00,0,0.00,30,30.00
707,2,64,32.00,2,1.00,2189,1094.50,3244,1622.00,1339,669.50,212,106.00
709,10,1190,119.00,32,3.20,802350,80235.00,632413,63241.30,4347,434.70,280,28.00
711,2,20,10.00,4,2.00,24362,12181.00,2301,1150.50,237,118.50,94,47.00
713,4,564,141.00,12,3.00,343495,85873.75,313533,78383.25,1889,472.25,40,10.00
717,1,504,504.00,119,119.00,54460,54460.00,113505,113505.00,0,0.00,0,0.00
720,4,480,120.00,64,16.00,61280,15320.00,6014,1503.50,348,87.00,0,0.00
722,1,83,83.00,14,14.00,45295,45295.00,15637,15637.00,458,458.00,7,7.00
725,1,137,137.00,9,9.00,84170,84170.00,34791,34791.00,437,437.00,10,10.00
726,3,2048,682.67,969,323.00,41797,13932.33,13529,4509.67,356,118.67,0,0.00
727,1,138,138.00,9,9.00,84782,84782.00,35624,35624.00,438,438.00,10,10.00
729,1,112,112.00,1,1.00,36790,36790.00,13657,13657.00,348,348.00,3,3.00
732,2,192,96.00,96,48.00,24984,12492.00,6552,3276.00,960,480.00,0,0.00
736,1,176,176.00,16,16.00,17304,17304.00,3482,3482.00,443,443.00,0,0.00
741,17,221,13.00,85,5.00,149843,8814.29,20921,1230.65,9646,567.41,1190,70.00
743,1,264,264.00,133,133.00,38980,38980.00,46371,46371.00,734,734.00,9,9.00
752,1,272,272.00,16,16.00,18610,18610.00,3224,3224.00,209,209.00,0,0.00
754,1,86,86.00,15,15.00,49967,49967.00,16582,16582.00,477,477.00,7,7.00
760,1,248,248.00,88,88.00,12198,12198.00,18442,18442.00,84,84.00,0,0.00
761,1,343,343.00,197,197.00,14294,14294.00,22984,22984.00,754,754.00,528,528.00
768,5,354,70.80,194,38.80,66882,13376.40,12588,2517.60,1913,382.60,132,26.40
774,1,104,104.00,24,24.00,46970,46970.00,11803,11803.00,152,152.00,0,0.00
775,1,19,19.00,5,5.00,32523,32523.00,4120,4120.00,0,0.00,80,80.00
776,1,56,56.00,20,20.00,21495,21495.00,10495,10495.00,755,755.00,0,0.00
781,16,544,34.00,48,3.00,784618,49038.62,107567,6722.94,9976,623.50,1680,105.00
783,16,1872,117.00,16,1.00,746320,46645.00,273477,17092.31,11468,716.75,176,11.00
786,12,360,30.00,12,1.00,321327,26777.25,80711,6725.92,8784,732.00,828,69.00
787,2,2,1.00,28,14.00,39688,19844.00,3100,1550.00,0,0.00,4,2.00
789,1,141,141.00,55,55.00,18968,18968.00,3688,3688.00,508,508.00,0,0.00
790,5,718,143.60,18,3.60,488371,97674.20,413669,82733.80,2633,526.60,126,25.20
792,1,36,36.00,1,1.00,17466,17466.00,6225,6225.00,600,600.00,194,194.00
796,1,212,212.00,224,224.00,22990,22990.00,4294,4294.00,233,233.00,0,0.00
797,2,72,36.00,6,3.00,102083,51041.50,14431,7215.50,1317,658.50,222,111.00
800,5,18400,3680.00,9600,1920.00,0,0.00,0,0.00,0,0.00,0,0.00
802,1,589,589.00,246,246.00,26456,26456.00,62663,62663.00,746,746.00,0,0.00
803,3,171,57.00,93,31.00,117332,39110.67,30859,10286.33,2067,689.00,202,67.33
805,1,15,15.00,7,7.00,6920,6920.00,1617,1617.00,747,747.00,66,66.00
813,2,51,25.50,7,3.50,86341,43170.50,10394,5197.00,682,341.00,185,92.50
814,1,69,69.00,10,10.00,39393,39393.00,26410,26410.00,567,567.00,114,114.00
816,1,36,36.00,3,3.00,25869,25869.00,4896,4896.00,679,679.00,140,140.00
817,16,2128,133.00,128,8.00,1083107,67694.19,300098,18756.12,7484,467.75,112,7.00
818,3,44,14.67,19,6.33,37258,12419.33,3121,1040.33,316,105.33,201,67.00
819,2,92,46.00,28,14.00,26368,13184.00,6046,3023.00,526,263.00,124,62.00
820,1,15,15.00,2,2.00,20605,20605.00,3665,3665.00,504,504.00,63,63.00
821,481,50416,104.81,482,1.00,13773950,28636.07,15480190,32183.35,357120,742.45,59,0.12
823,4,648,162.00,88,22.00,492911,123227.75,140656,35164.00,2823,705.75,20,5.00
828,1,252,252.00,144,144.00,20196,20196.00,1512,1512.00,0,0.00,0,0.00
832,1,544,544.00,288,288.00,10182,10182.00,2000,2000.00,736,736.00,0,0.00
835,1,16,16.00,1,1.00,550,550.00,427,427.00,814,814.00,58,58.00
837,16,1120,70.00,16,1.00,104848,6553.00,126006,7875.38,10964,685.25,144,9.00
838,5,50,10.00,5,1.00,20897,4179.40,1744,348.80,326,65.20,275,55.00
839,1,111,111.00,29,29.00,63307,63307.00,16156,16156.00,221,221.00,0,0.00
842,12,1764,147.00,108,9.00,915962,76330.17,441249,36770.75,7596,633.00,120,10.00
844,4,592,148.00,36,9.00,303764,75941.00,150521,37630.25,2542,635.50,40,10.00
846,3,309,103.00,45,15.00,167182,55727.33,62293,20764.33,1786,595.33,21,7.00
851,1,356,356.00,197,197.00,21751,21751.00,20527,20527.00,731,731.00,537,537.00
852,144,1296,9.00,720,5.00,699840,4860.00,102949,714.92,113669,789.37,7632,53.00
853,33,8151,247.00,132,4.00,1413380,42829.70,1345647,40777.18,12191,369.42,0,0.00
855,2,164,82.00,24,12.00,98255,49127.50,65891,32945.50,1082,541.00,270,135.00
856,74,4218,57.00,1702,23.00,926785,12524.12,243322,3288.14,36942,499.22,2886,39.00
858,1,30,30.00,2,2.00,24130,24130.00,5136,5136.00,718,718.00,115,115.00
861,12,612,51.00,36,3.00,1011725,84310.42,239600,19966.67,8508,709.00,1524,127.00
864,4,140,35.00,4,1.00,132972,33243.00,33667,8416.75,3154,788.50,340,85.00
865,1,83,83.00,1,1.00,34218,34218.00,22126,22126.00,689,689.00,0,0.00
866,16,720,45.00,48,3.00,1244844,77802.75,148366,9272.88,9683,605.19,2208,138.00
872,3,650,216.67,154,51.33,69316,23105.33,12068,4022.67,2526,842.00,0,0.00
874,16,2592,162.00,512,32.00,763192,47699.50,520242,32515.12,7094,443.38,1648,103.00
876,18,2286,127.00,518,28.78,1671809,92878.28,485324,26962.44,12076,670.89,910,50.56
877,4,660,165.00,4,1.00,201920,50480.00,78917,19729.25,2816,704.00,324,81.00
878,2,20,10.00,4,2.00,19447,9723.50,1501,750.50,718,359.00,110,55.00
881,1,17,17.00,2,2.00,8009,8009.00,1886,1886.00,813,813.00,62,62.00
887,100,18500,185.00,2700,27.00,13416175,134161.75,3964594,39645.94,76285,762.85,500,5.00
889,1,508,508.00,127,127.00,3556,3556.00,889,889.00,0,0.00,0,0.00
895,1,40,40.00,19,19.00,19842,19842.00,8996,8996.00,0,0.00,6,6.00
896,5,330,66.00,133,26.60,254648,50929.60,65575,13115.00,564,112.80,333,66.60
899,1,13,13.00,4,4.00,17615,17615.00,1015,1015.00,0,0.00,54,54.00
900,2,388,194.00,156,78.00,58559,29279.50,8942,4471.00,397,198.50,0,0.00
902,192,1920,10.00,816,4.25,1028027,5354.31,158135,823.62,161841,842.92,10320,53.75
904,1,118,118.00,1,1.00,24895,24895.00,6991,6991.00,879,879.00,0,0.00
905,4,68,17.00,9,2.25,36189,9047.25,8138,2034.50,3365,841.25,250,62.50
907,1,17,17.00,1,1.00,24436,24436.00,2039,2039.00,0,0.00,61,61.00
908,2,26,13.00,8,4.00,14360,7180.00,996,498.00,0,0.00,132,66.00
912,16,1904,119.00,224,14.00,808251,50515.69,248764,15547.75,12536,783.50,112,7.00
916,1,13,13.00,2,2.00,19387,19387.00,1780,1780.00,0,0.00,62,62.00
918,28,448,16.00,224,8.00,169462,6052.21,31726,1133.07,24368,870.29,2464,88.00
920,3,375,125.00,123,41.00,140322,46774.00,71406,23802.00,0,0.00,0,0.00
926,4,44,11.00,32,8.00,40059,10014.75,3946,986.50,2266,566.50,304,76.00
928,9,119,13.22,47,5.22,90721,10080.11,7067,785.22,1803,200.33,624,69.33
932,1,58,58.00,19,19.00,11981,11981.00,7230,7230.00,783,783.00,11,11.00
936,1,470,470.00,118,118.00,43612,43612.00,16604,16604.00,0,0.00,0,0.00
941,2,20,10.00,6,3.00,4714,2357.00,863,431.50,1802,901.00,86,43.00
951,1,69,69.00,3,3.00,12311,12311.00,2127,2127.00,926,926.00,0,0.00
952,48,528,11.00,96,2.00,279429,5821.44,44314,923.21,43281,901.69,2400,50.00
953,16,2192,137.00,16,1.00,208114,13007.12,764336,47771.00,8944,559.00,4352,272.00
954,1,630,630.00,324,324.00,12865,12865.00,6083,6083.00,858,858.00,0,0.00
955,2,20,10.00,6,3.00,4837,2418.50,857,428.50,1815,907.50,86,43.00
960,6,809,134.83,210,35.00,161461,26910.17,45967,7661.17,1265,210.83,24,4.00
964,1,88,88.00,10,10.00,52140,52140.00,38206,38206.00,674,674.00,143,143.00
968,1,19,19.00,3,3.00,27951,27951.00,2242,2242.00,0,0.00,70,70.00
972,3,39,13.00,9,3.00,16641,5547.00,1242,414.00,0,0.00,192,64.00
975,12,144,12.00,12,1.00,69652,5804.33,9681,806.75,10269,855.75,816,68.00
976,1,304,304.00,16,16.00,21558,21558.00,4848,4848.00,640,640.00,0,0.00
978,2,24,12.00,14,7.00,21792,10896.00,2226,1113.00,1223,611.50,152,76.00
984,963,87600,90.97,26952,27.99,4936504,5126.17,364788,378.80,849874,882.53,0,0.00
991,1,612,612.00,9,9.00,19638,19638.00,10421,10421.00,958,958.00,27,27.00
1003,16,3744,234.00,752,47.00,373824,23364.00,436880,27305.00,13624,851.50,0,0.00
1007,4,260,65.00,56,14.00,213812,53453.00,50810,12702.50,2258,564.50,4,1.00
1011,24,14376,599.00,3408,142.00,773165,32215.21,1020767,42531.96,14758,614.92,0,0.00
1018,2,40,20.00,8,4.00,43951,21975.50,4345,2172.50,708,354.00,150,75.00
1020,2,744,372.00,264,132.00,132215,66107.50,18573,9286.50,1016,508.00,0,0.00
1025,8,2372,296.50,2225,278.12,154806,19350.75,73890,9236.25,3948,493.50,70,8.75
1027,1,48,48.00,1,1.00,1636,1636.00,3504,3504.00,976,976.00,154,154.00
1029,16,3840,240.00,768,48.00,382391,23899.44,448621,28038.81,13563,847.69,0,0.00
1038,1,29,29.00,13,13.00,67931,67931.00,23500,23500.00,477,477.00,113,113.00
1040,3,5408,1802.67,3136,1045.33,28417,9472.33,7693,2564.33,752,250.67,0,0.00
1041,2,124,62.00,101,50.50,116631,58315.50,47002,23501.00,901,450.50,219,109.50
1045,1,84,84.00,32,32.00,15671,15671.00,4131,4131.00,842,842.00,81,81.00
1048,3,354,118.00,35,11.67,175084,58361.33,85931,28643.67,2719,906.33,116,38.67
1049,1,222,222.00,24,24.00,71216,71216.00,16437,16437.00,604,604.00,15,15.00
1053,1,110,110.00,10,10.00,64553,64553.00,44326,44326.00,746,746.00,167,167.00
1054,16,2176,136.00,272,17.00,1052713,65794.56,379706,23731.62,14552,909.50,208,13.00
1056,4,10788,2697.00,3313,828.25,55154,13788.50,87442,21860.50,1041,260.25,9,2.25
1064,10,2058,205.80,44,4.40,545560,54556.00,382411,38241.10,8854,885.40,991,99.10
1065,2,118,59.00,4,2.00,205190,102595.00,36425,18212.50,1452,726.00,320,160.00
1068,1,21,21.00,5,5.00,33749,33749.00,2730,2730.00,0,0.00,80,80.00
1075,4,904,226.00,112,28.00,677442,169360.50,202167,50541.75,3944,986.00,40,10.00
1094,16,6560,410.00,1104,69.00,515972,32248.25,626043,39127.69,14306,894.12,0,0.00
1095,1,295,295.00,146,146.00,67840,67840.00,68767,68767.00,1083,1083.00,9,9.00
1097,2,276,138.00,34,17.00,135369,67684.50,46176,23088.00,1919,959.50,14,7.00
1098,1,758,758.00,189,189.00,81020,81020.00,224337,224337.00,198,198.00,0,0.00
1100,4,52,13.00,17,4.25,28755,7188.75,3932,983.00,3844,961.00,323,80.75
1104,1,368,368.00,16,16.00,41008,41008.00,6080,6080.00,752,752.00,0,0.00
1109,1,19,19.00,0,0.00,31015,31015.00,3214,3214.00,0,0.00,57,57.00
1134,1,298,298.00,147,147.00,73145,73145.00,60644,60644.00,1122,1122.00,9,9.00
1136,3,3360,1120.00,64,21.33,25690,8563.33,48651,16217.00,2729,909.67,0,0.00
1137,1,50,50.00,19,19.00,24921,24921.00,14982,14982.00,48,48.00,6,6.00
1148,1,350,350.00,125,125.00,78143,78143.00,129810,129810.00,212,212.00,54,54.00
1151,4,244,61.00,4,1.00,497860,124465.00,94048,23512.00,3332,833.00,668,167.00
1152,1,256,256.00,32,32.00,29782,29782.00,4544,4544.00,768,768.00,0,0.00
1153,2,766,383.00,258,129.00,37816,18908.00,392952,196476.00,0,0.00,0,0.00
1155,1,52,52.00,31,31.00,25698,25698.00,13840,13840.00,189,189.00,14,14.00
1160,1,662,662.00,182,182.00,52756,52756.00,20960,20960.00,507,507.00,0,0.00
1168,1,1120,1120.00,592,592.00,25561,25561.00,44588,44588.00,653,653.00,0,0.00
1170,9,2268,252.00,981,109.00,444994,49443.78,399736,44415.11,8181,909.00,4212,468.00
1187,3,773,257.67,117,39.00,112641,37547.00,139617,46539.00,1793,597.67,469,156.33
1188,1,231,231.00,33,33.00,20361,20361.00,2343,2343.00,0,0.00,0,0.00
1192,1,166,166.00,1,1.00,32201,32201.00,10544,10544.00,1164,1164.00,0,0.00
1193,1,22,22.00,6,6.00,7414,7414.00,2344,2344.00,1083,1083.00,85,85.00
1199,1,350,350.00,17,17.00,49396,49396.00,17186,17186.00,1143,1143.00,0,0.00
1200,16,3728,233.00,1328,83.00,411022,25688.88,721422,45088.88,15132,945.75,0,0.00
1203,1,83,83.00,34,34.00,18575,18575.00,7457,7457.00,436,436.00,60,60.00
1204,7,1742,248.86,668,95.43,389789,55684.14,310194,44313.43,6737,962.43,2827,403.86
1206,1,256,256.00,25,25.00,72706,72706.00,44663,44663.00,894,894.00,10,10.00
1207,1,46,46.00,15,15.00,131300,131300.00,46237,46237.00,442,442.00,135,135.00
1208,1,45,45.00,64,64.00,21113,21113.00,1384,1384.00,0,0.00,173,173.00
1213,3,554,184.67,27,9.00,261265,87088.33,101090,33696.67,2406,802.00,21,7.00
1217,1,131,131.00,131,131.00,10642,10642.00,19808,19808.00,1093,1093.00,11,11.00
1221,16,5296,331.00,64,4.00,1885155,117822.19,1310915,81932.19,12715,794.69,3376,211.00
1224,1,306,306.00,306,306.00,5202,5202.00,0,0.00,0,0.00,0,0.00
1247,1,240,240.00,69,69.00,29785,29785.00,100907,100907.00,1177,1177.00,0,0.00
1250,4,2680,670.00,612,153.00,149996,37499.00,574808,143702.00,3612,903.00,0,0.00
1262,20,6608,330.40,1964,98.20,580732,29036.60,1447437,72371.85,24033,1201.65,0,0.00
1264,8,5440,680.00,1256,157.00,300988,37623.50,1214532,151816.50,8460,1057.50,0,0.00
1268,74,1538,20.78,432,5.84,923345,12477.64,74842,1011.38,12109,163.64,6776,91.57
1269,6,90,15.00,30,5.00,43086,7181.00,7815,1302.50,7242,1207.00,426,71.00
1272,1,240,240.00,336,336.00,32286,32286.00,4128,4128.00,1248,1248.00,0,0.00
1279,1,81,81.00,1,1.00,44535,44535.00,17385,17385.00,1094,1094.00,185,185.00
1281,16,0,0.00,4096,256.00,933067,58316.69,752933,47058.31,16156,1009.75,112,7.00
1285,1,163,163.00,17,17.00,86557,86557.00,27558,27558.00,1123,1123.00,7,7.00
1296,1,252,252.00,36,36.00,22212,22212.00,2556,2556.00,0,0.00,0,0.00
1299,6,1530,255.00,18,3.00,1132065,188677.50,265129,44188.17,6670,1111.67,486,81.00
1300,17,2110,124.12,1111,65.35,1855451,109144.18,615301,36194.18,9671,568.88,661,38.88
1301,1,52,52.00,17,17.00,85608,85608.00,35566,35566.00,743,743.00,116,116.00
1307,95,73625,775.00,24415,257.00,2236265,23539.63,49070767,516534.39,52940,557.26,0,0.00
1308,2,306,153.00,18,9.00,295634,147817.00,94099,47049.50,1417,708.50,243,121.50
1320,2,624,312.00,24,12.00,77648,38824.00,14288,7144.00,184,92.00,0,0.00
1324,1,264,264.00,3,3.00,201710,201710.00,47077,47077.00,1142,1142.00,81,81.00
1336,2,300,150.00,2,1.00,50639,25319.50,16372,8186.00,2613,1306.50,0,0.00
1339,4,372,93.00,16,4.00,545471,136367.75,174555,43638.75,4330,1082.50,744,186.00
1356,1,244,244.00,4,4.00,108715,108715.00,22993,22993.00,811,811.00,0,0.00
1369,14,238,17.00,46,3.29,112215,8015.36,20599,1471.36,18290,1306.43,1006,71.86
1374,7,884,126.29,260,37.14,220973,31567.57,173393,24770.43,6102,871.71,865,123.57
1383,1,259,259.00,21,21.00,71175,71175.00,120548,120548.00,1156,1156.00,0,0.00
1387,1,111,111.00,42,42.00,19167,19167.00,8134,8134.00,1127,1127.00,102,102.00
1400,33,808,24.48,304,9.21,1505584,45623.76,216980,6575.15,17867,541.42,3328,100.85
1402,12,228,19.00,66,5.50,241918,20159.83,29754,2479.50,10453,871.08,1038,86.50
1412,2,42,21.00,8,4.00,20496,10248.00,1684,842.00,0,0.00,184,92.00
1416,1,166,166.00,1,1.00,38238,38238.00,13711,13711.00,1391,1391.00,0,0.00
1417,1,18,18.00,14,14.00,10093,10093.00,1329,1329.00,1158,1158.00,89,89.00
1434,1,195,195.00,50,50.00,106434,106434.00,26169,26169.00,901,901.00,0,0.00
1440,1,63,63.00,22,22.00,30632,30632.00,16690,16690.00,852,852.00,6,6.00
1443,16,576,36.00,1152,72.00,247456,15466.00,61958,3872.38,23040,1440.00,112,7.00
1448,4,388,97.00,156,39.00,93597,23399.25,35060,8765.00,4785,1196.25,268,67.00
1450,68,1428,21.00,696,10.24,3495930,51410.74,472862,6953.85,32476,477.59,7528,110.71
1463,16,1920,120.00,48,3.00,1712313,107019.56,5971325,373207.81,15659,978.69,9600,600.00
1466,18,1732,96.22,586,32.56,828258,46014.33,1053989,58554.94,18896,1049.78,4814,267.44
1468,16,3600,225.00,16,1.00,1842939,115183.69,468723,29295.19,22480,1405.00,176,11.00
1469,8,152,19.00,16,2.00,72114,9014.25,14064,1758.00,11242,1405.25,592,74.00
1472,12,1656,138.00,24,2.00,1309813,109151.08,401802,33483.50,16442,1370.17,996,83.00
1475,16,10096,631.00,3472,217.00,2252830,140801.88,2808135,175508.44,12031,751.94,0,0.00
1485,1,66,66.00,66,66.00,7467,7467.00,132,132.00,27,27.00,231,231.00
1489,1,28,28.00,2,2.00,66666,66666.00,13579,13579.00,1110,1110.00,107,107.00
1492,3,2952,984.00,1524,508.00,60868,20289.33,78502,26167.33,3125,1041.67,0,0.00
1500,46,1012,22.00,516,11.22,2627028,57109.30,340918,7411.26,20730,450.65,5366,116.65
1525,1,52,52.00,9,9.00,172625,172625.00,30041,30041.00,245,245.00,189,189.00
1531,1,204,204.00,25,25.00,101208,101208.00,46530,46530.00,1286,1286.00,7,7.00
1532,2,260,130.00,56,28.00,194969,97484.50,43064,21532.00,1402,701.00,135,67.50
1534,1,694,694.00,393,393.00,44465,44465.00,45007,45007.00,1425,1425.00,1054,1054.00
1536,2,520,260.00,604,302.00,40616,20308.00,9500,4750.00,1088,544.00,0,0.00
1537,4,3640,910.00,940,235.00,190930,47732.50,262677,65669.25,4548,1137.00,0,0.00
1539,12,10920,910.00,2820,235.00,574203,47850.25,756244,63020.33,13388,1115.67,0,0.00
1540,1,200,200.00,28,28.00,33867,33867.00,6568,6568.00,746,746.00,0,0.00
1550,10,230,23.00,120,12.00,533266,53326.60,74330,7433.00,5712,571.20,1220,122.00
1554,4,88,22.00,44,11.00,154451,38612.75,22204,5551.00,3292,823.00,464,116.00
1560,1,176,176.00,1,1.00,57148,57148.00,18776,18776.00,1376,1376.00,184,184.00
1568,960,111360,116.00,0,0.00,128774400,134140.00,21587520,22487.00,1490880,1553.00,36480,38.00
1570,1,69,69.00,28,28.00,33540,33540.00,25030,25030.00,1388,1388.00,10,10.00
1584,2,812,406.00,152,76.00,78057,39028.50,31070,15535.00,1501,750.50,0,0.00
1596,15,1605,107.00,645,43.00,317526,21168.40,158675,10578.33,11089,739.27,1005,67.00
1598,1,1102,1102.00,279,279.00,115582,115582.00,303296,303296.00,726,726.00,0,0.00
1604,14,322,23.00,170,12.14,705075,50362.50,93026,6644.71,9550,682.14,1714,122.43
1608,1,1056,1056.00,552,552.00,22328,22328.00,47884,47884.00,505,505.00,0,0.00
1622,1,26,26.00,15,15.00,37052,37052.00,2804,2804.00,660,660.00,115,115.00
1630,1,141,141.00,26,26.00,37065,37065.00,26302,26302.00,1489,1489.00,0,0.00
1639,14,5880,420.00,28,2.00,1447854,103418.14,677027,48359.07,21994,1571.00,0,0.00
1647,2,852,426.00,4,2.00,208976,104488.00,97936,48968.00,3158,1579.00,0,0.00
1648,8,3000,375.00,8,1.00,1031752,128969.00,507720,63465.00,9744,1218.00,2144,268.00
1654,30,3232,107.73,234,7.80,1779890,59329.67,693439,23114.63,32950,1098.33,2284,76.13
1658,4,112,28.00,28,7.00,81196,20299.00,5936,1484.00,0,0.00,468,117.00
1665,32,15520,485.00,128,4.00,2740790,85649.69,4288151,134004.72,26255,820.47,0,0.00
1690,2,54,27.00,4,2.00,124207,62103.50,14046,7023.00,998,499.00,200,100.00
1696,4,1540,385.00,8,2.00,546529,136632.25,268704,67176.00,5008,1252.00,1108,277.00
1704,4,100,25.00,56,14.00,258334,64583.50,31456,7864.00,1974,493.50,536,134.00
1708,1,416,416.00,64,64.00,46625,46625.00,20033,20033.00,602,602.00,0,0.00
1709,4,560,140.00,8,2.00,503604,125901.00,167718,41929.50,6316,1579.00,436,109.00
1718,1,350,350.00,165,165.00,88873,88873.00,81849,81849.00,1706,1706.00,9,9.00
1722,1,28,28.00,2,2.00,50090,50090.00,3616,3616.00,472,472.00,95,95.00
1736,960,107520,112.00,0,0.00,80983680,84358.00,24994560,26036.00,1420800,1480.00,36480,38.00
1748,964,132152,137.09,12,0.01,82449181,85528.20,28689876,29761.28,1665960,1728.17,37624,39.03
1753,2,54,27.00,42,21.00,109262,54631.00,14828,7414.00,1880,940.00,314,157.00
1756,1,444,444.00,2,2.00,54489,54489.00,286405,286405.00,1253,1253.00,0,0.00
1782,1,408,408.00,38,38.00,164825,164825.00,45921,45921.00,1599,1599.00,20,20.00
1792,1,340,340.00,108,108.00,35884,35884.00,11684,11684.00,1348,1348.00,0,0.00
1803,4,112,28.00,40,10.00,243423,60855.75,32415,8103.75,3580,895.00,508,127.00
1804,480,71520,149.00,12960,27.00,35290086,73521.01,10461403,21794.59,654240,1363.00,1440,3.00
1815,1,22,22.00,3,3.00,29061,29061.00,2068,2068.00,0,0.00,79,79.00
1824,2,744,372.00,348,174.00,59866,29933.00,42790,21395.00,3084,1542.00,0,0.00
1840,1,816,816.00,16,16.00,14338,14338.00,6106,6106.00,1431,1431.00,0,0.00
1852,1,334,334.00,18,18.00,192897,192897.00,144804,144804.00,1435,1435.00,13,13.00
1857,1,32,32.00,3,3.00,74873,74873.00,14156,14156.00,1327,1327.00,120,120.00
1873,1,42,42.00,82,82.00,103419,103419.00,25585,25585.00,1618,1618.00,138,138.00
1895,1,542,542.00,217,217.00,143648,143648.00,124609,124609.00,1100,1100.00,40,40.00
1903,4,603,150.75,57,14.25,282301,70575.25,128736,32184.00,6379,1594.75,855,213.75
1907,18,626,34.78,46,2.56,1485015,82500.83,274631,15257.28,21339,1185.50,2286,127.00
1918,1,356,356.00,15,15.00,208277,208277.00,103653,103653.00,1287,1287.00,16,16.00
1920,17,576,33.88,278,16.35,1677797,98693.94,248176,14598.59,10512,618.35,2817,165.71
1933,4,4696,1174.00,940,235.00,214877,53719.25,733780,183445.00,7716,1929.00,0,0.00
1934,16,576,36.00,32,2.00,253655,15853.44,63036,3939.75,29825,1864.06,2080,130.00
1935,12,14088,1174.00,2820,235.00,645633,53802.75,2238320,186526.67,23160,1930.00,0,0.00
1943,1,133,133.00,54,54.00,27527,27527.00,17016,17016.00,1624,1624.00,88,88.00
1944,1,214,214.00,1,1.00,48806,48806.00,15928,15928.00,1919,1919.00,0,0.00
1957,10,360,36.00,30,3.00,791002,79100.20,150988,15098.80,13975,1397.50,1320,132.00
1963,2,1306,653.00,438,219.00,60963,30481.50,252962,126481.00,3450,1725.00,0,0.00
1970,10,350,35.00,170,17.00,1028218,102821.80,143906,14390.60,5551,555.10,1710,171.00
1973,1,26,26.00,18,18.00,78337,78337.00,3961,3961.00,0,0.00,141,141.00
1984,1,240,240.00,64,64.00,39952,39952.00,9168,9168.00,1536,1536.00,0,0.00
1985,16,1120,70.00,16,1.00,1007889,62993.06,347101,21693.81,30256,1891.00,2672,167.00
2012,1,1415,1415.00,355,355.00,184195,184195.00,146269,146269.00,1564,1564.00,0,0.00
2027,1,1014,1014.00,1,1.00,9478,9478.00,1450732,1450732.00,1666,1666.00,0,0.00
2031,2,1132,566.00,384,192.00,394302,197151.00,201376,100688.00,2726,1363.00,198,99.00
2032,1,1016,1016.00,1016,1016.00,24732,24732.00,2903316,2903316.00,1665,1665.00,0,0.00
2040,1,48,48.00,12,12.00,13377,13377.00,2520,2520.00,1926,1926.00,144,144.00
2042,16,5680,355.00,1184,74.00,675785,42236.56,1929085,120567.81,29611,1850.69,0,0.00
2043,1795,1834490,1022.00,1795,1.00,17579151,9793.40,2296511848,1279393.79,2582289,1438.60,0,0.00
2045,256,261888,1023.00,256,1.00,2511340,9809.92,324971802,1269421.10,366868,1433.08,0,0.00
2048,1796,1838592,1023.71,1838336,1023.57,45191178,25162.13,4603870119,2563402.07,2580481,1436.79,0,0.00
2050,256,262400,1025.00,262400,1025.00,6451026,25199.32,651343285,2544309.71,366550,1431.84,0,0.00
2061,2,74,37.00,8,4.00,154044,77022.00,27296,13648.00,2722,1361.00,276,138.00
2066,4,112,28.00,52,13.00,170841,42710.25,19063,4765.75,4657,1164.25,552,138.00
2074,2,72,36.00,36,18.00,212766,106383.00,28189,14094.50,1098,549.00,354,177.00
2079,480,192960,402.00,0,0.00,330593760,688737.00,33531360,69857.00,0,0.00,0,0.00
2086,1,397,397.00,113,113.00,53936,53936.00,128691,128691.00,2069,2069.00,0,0.00
2096,2,1000,500.00,32,16.00,229886,114943.00,159064,79532.00,1223,611.50,0,0.00
2098,2,72,36.00,16,8.00,52656,26328.00,4304,2152.00,0,0.00,290,145.00
2106,1,139,139.00,4,4.00,36958,36958.00,23359,23359.00,2078,2078.00,0,0.00
2109,1,28,28.00,3,3.00,11390,11390.00,2404,2404.00,1724,1724.00,97,97.00
2111,4,152,38.00,20,5.00,430330,107582.50,59424,14856.00,2454,613.50,576,144.00
2124,4,148,37.00,76,19.00,365058,91264.50,61957,15489.25,4681,1170.25,732,183.00
2136,1,408,408.00,30,30.00,228989,228989.00,130863,130863.00,1713,1713.00,13,13.00
2166,5,2146,429.20,14,2.80,1524083,304816.60,568776,113755.20,9660,1932.00,764,152.80
2180,1,605,605.00,214,214.00,190092,190092.00,113520,113520.00,1696,1696.00,102,102.00
2188,1,728,728.00,244,244.00,33871,33871.00,103759,103759.00,1953,1953.00,0,0.00
2190,1,434,434.00,98,98.00,104979,104979.00,192420,192420.00,1819,1819.00,294,294.00
2192,1,2176,2176.00,1120,1120.00,29588,29588.00,267295,267295.00,1811,1811.00,0,0.00
2196,1,852,852.00,252,252.00,99288,99288.00,57060,57060.00,2040,2040.00,0,0.00
2208,5,3328,665.60,3168,633.60,138276,27655.20,18976,3795.20,0,0.00,0,0.00
2227,1,582,582.00,217,217.00,195175,195175.00,109228,109228.00,1637,1637.00,120,120.00
2272,1,1216,1216.00,384,384.00,38608,38608.00,9024,9024.00,1808,1808.00,0,0.00
2274,2,144,72.00,6,3.00,239836,119918.00,63725,31862.50,3927,1963.50,604,302.00
2292,1,600,600.00,65,65.00,107275,107275.00,90484,90484.00,2162,2162.00,20,20.00
2296,1,168,168.00,60,60.00,62331,62331.00,30647,30647.00,2234,2234.00,0,0.00
2307,12,1812,151.00,12,1.00,1283646,106970.50,486014,40501.17,26496,2208.00,2004,167.00
2314,95,73150,770.00,24510,258.00,3465048,36474.19,43414406,456993.75,144318,1519.14,0,0.00
2316,1,148,148.00,1,1.00,107212,107212.00,24272,24272.00,2293,2293.00,0,0.00
2324,2,146,73.00,10,5.00,260380,130190.00,69618,34809.00,4028,2014.00,622,311.00
2335,7,1782,254.57,246,35.14,542481,77497.29,460395,65770.71,13610,1944.29,686,98.00
2345,1,446,446.00,123,123.00,61733,61733.00,157713,157713.00,2328,2328.00,0,0.00
2348,4,136,34.00,80,20.00,215298,53824.50,42440,10610.00,8338,2084.50,716,179.00
2364,28,1092,39.00,112,4.00,2061708,73632.43,489272,17474.00,56108,2003.86,4144,148.00
2376,1,380,380.00,16,16.00,95675,95675.00,17664,17664.00,11,11.00,0,0.00
2377,28,1064,38.00,560,20.00,2084793,74456.89,481754,17205.50,58227,2079.54,5404,193.00
2381,4,624,156.00,4,1.00,442937,110734.25,165993,41498.25,9128,2282.00,668,167.00
2385,2,72,36.00,13,6.50,125860,62930.00,21232,10616.00,3506,1753.00,289,144.50
2398,2,70,35.00,40,20.00,112288,56144.00,22412,11206.00,4254,2127.00,364,182.00
2414,14,560,40.00,70,5.00,1081089,77220.64,262167,18726.21,29755,2125.36,2156,154.00
2417,1,246,246.00,1,1.00,168820,168820.00,53157,53157.00,2207,2207.00,184,184.00
2418,28,1120,40.00,140,5.00,2141208,76471.71,501312,17904.00,57440,2051.43,4312,154.00
2427,14,546,39.00,280,20.00,987464,70533.14,238467,17033.36,29258,2089.86,2744,196.00
2431,28,1092,39.00,588,21.00,1940060,69287.86,463392,16549.71,57936,2069.14,5572,199.00
2468,30,1230,41.00,180,6.00,2456128,81870.93,575918,19197.27,64806,2160.20,4800,160.00
2472,1,208,208.00,16,16.00,266202,266202.00,32960,32960.00,1803,1803.00,0,0.00
2481,30,1200,40.00,646,21.53,2173679,72455.97,515740,17191.33,63566,2118.87,6108,203.60
2493,6,438,73.00,12,2.00,869715,144952.50,211348,35224.67,12397,2066.17,2268,378.00
2495,1,31,31.00,2,2.00,103444,103444.00,7627,7627.00,0,0.00,109,109.00
2496,1,192,192.00,64,64.00,28145,28145.00,2745,2745.00,1456,1456.00,288,288.00
2509,4,4408,1102.00,600,150.00,476346,119086.50,688915,172228.75,9628,2407.00,0,0.00
2510,2,82,41.00,4,2.00,122433,61216.50,29184,14592.00,4480,2240.00,296,148.00
2512,2,960,480.00,384,192.00,108960,54480.00,41702,20851.00,2842,1421.00,0,0.00
2517,1,28,28.00,6,6.00,18735,18735.00,3766,3766.00,1694,1694.00,130,130.00
2518,24,1008,42.00,152,6.33,1859441,77476.71,445281,18553.38,52573,2190.54,3936,164.00
2521,5,4606,921.20,678,135.60,515960,103192.00,727225,145445.00,11097,2219.40,116,23.20
2529,8,8912,1114.00,1232,154.00,959046,119880.75,1390690,173836.25,19404,2425.50,0,0.00
2531,24,984,41.00,528,22.00,1960247,81676.96,446801,18616.71,51785,2157.71,4992,208.00
2537,8,2296,287.00,280,35.00,2597096,324637.00,3197310,399663.75,19024,2378.00,896,112.00
2538,1,102,102.00,3,3.00,92794,92794.00,38293,38293.00,2257,2257.00,127,127.00
2539,4,1144,286.00,140,35.00,1295323,323830.75,1606269,401567.25,9508,2377.00,448,112.00
2540,4,1148,287.00,140,35.00,1301276,325319.00,1607124,401781.00,9324,2331.00,448,112.00
2543,6,444,74.00,24,4.00,836707,139451.17,222006,37001.00,12717,2119.50,2322,387.00
2545,1,32,32.00,2,2.00,108979,108979.00,8126,8126.00,0,0.00,112,112.00
2560,6,530,88.33,55,9.17,544077,90679.50,125363,20893.83,13595,2265.83,906,151.00
2561,18,68,3.78,8209,456.06,2089157,116064.28,1723166,95731.44,40081,2226.72,484,26.89
2568,8,344,43.00,56,7.00,657894,82236.75,156817,19602.12,18208,2276.00,1352,169.00
2573,2,82,41.00,46,23.00,131399,65699.50,30110,15055.00,4597,2298.50,422,211.00
2580,16,3408,213.00,1824,114.00,3257546,203596.62,1359734,84983.38,26883,1680.19,112,7.00
2581,8,336,42.00,176,22.00,616746,77093.25,146494,18311.75,17479,2184.88,1688,211.00
2588,2,90,45.00,2,1.00,70824,35412.00,7428,3714.00,593,296.50,320,160.00
2608,1,400,400.00,16,16.00,98974,98974.00,23958,23958.00,276,276.00,0,0.00
2610,2,86,43.00,19,9.50,132823,66411.50,33174,16587.00,4678,2339.00,353,176.50
2611,960,305280,318.00,73920,77.00,136801964,142502.05,31733938,33056.19,2396160,2496.00,0,0.00
2623,1,42,42.00,23,23.00,57436,57436.00,15210,15210.00,2358,2358.00,214,214.00
2649,1,47,47.00,0,0.00,134890,134890.00,12680,12680.00,515,515.00,143,143.00
2652,1,420,420.00,12,12.00,113088,113088.00,29784,29784.00,126,126.00,0,0.00
2672,4,176,44.00,32,8.00,363392,90848.00,79388,19847.00,9496,2374.00,700,175.00
2673,1,462,462.00,297,297.00,133584,133584.00,15312,15312.00,0,0.00,0,0.00
2682,1,882,882.00,306,306.00,43632,43632.00,117279,117279.00,0,0.00,0,0.00
2685,4,172,43.00,96,24.00,329904,82476.00,76668,19167.00,9592,2398.00,880,220.00
2696,1,428,428.00,16,16.00,104874,104874.00,24807,24807.00,218,218.00,0,0.00
2722,962,685530,712.61,18,0.02,96252330,100054.40,73719746,76631.75,2505616,2604.59,69482,72.23
2729,1,39,39.00,19,19.00,41975,41975.00,5982,5982.00,2178,2178.00,184,184.00
2734,16,832,52.00,160,10.00,584008,36500.50,170632,10664.50,42359,2647.44,3232,202.00
2735,2,88,44.00,48,24.00,179719,89859.50,40202,20101.00,4877,2438.50,446,223.00
2736,1,800,800.00,256,256.00,32912,32912.00,1888,1888.00,0,0.00,0,0.00
2752,2,720,360.00,336,168.00,292771,146385.50,72827,36413.50,4467,2233.50,0,0.00
2754,1,146,146.00,2,2.00,280383,280383.00,109140,109140.00,2220,2220.00,391,391.00
2755,8,2536,317.00,56,7.00,3138188,392273.50,832214,104026.75,10208,1276.00,4256,532.00
2760,2,1856,928.00,432,216.00,164946,82473.00,42342,21171.00,1333,666.50,0,0.00
2778,8,2576,322.00,64,8.00,2377267,297158.38,811889,101486.12,13399,1674.88,4376,547.00
2784,2,1008,504.00,544,272.00,188955,94477.50,41671,20835.50,138,69.00,0,0.00
2816,1,688,688.00,320,320.00,102107,102107.00,22607,22607.00,112,112.00,0,0.00
2822,1,538,538.00,183,183.00,61716,61716.00,634648,634648.00,2778,2778.00,0,0.00
2839,16,1568,98.00,16,1.00,1435649,89728.06,620806,38800.38,43488,2718.00,3792,237.00
2856,4,1904,476.00,1904,476.00,60928,15232.00,0,0.00,0,0.00,0,0.00
2870,16,9328,583.00,96,6.00,2496010,156000.62,3219491,201218.19,29607,1850.44,14336,896.00
2903,1,59,59.00,2,2.00,102273,102273.00,28481,28481.00,2139,2139.00,207,207.00
2904,3,2256,752.00,738,246.00,450818,150272.67,100676,33558.67,2490,830.00,0,0.00
2911,14,742,53.00,56,4.00,1635201,116800.07,448458,32032.71,34973,2498.07,2632,188.00
2916,1,504,504.00,324,324.00,145728,145728.00,16704,16704.00,0,0.00,0,0.00
2944,2,2658,1329.00,748,374.00,259466,129733.00,134948,67474.00,1973,986.50,0,0.00
2950,1,54,54.00,11,11.00,23354,23354.00,5673,5673.00,2845,2845.00,211,211.00
2954,1,130,130.00,1,1.00,121164,121164.00,151479,151479.00,2243,2243.00,711,711.00
2960,1,704,704.00,16,16.00,140965,140965.00,23910,23910.00,1047,1047.00,64,64.00
2965,14,756,54.00,70,5.00,1647163,117654.50,447322,31951.57,35411,2529.36,2716,194.00
2977,1,67,67.00,10,10.00,212398,212398.00,46754,46754.00,1860,1860.00,240,240.00
3003,1,61,61.00,2,2.00,105674,105674.00,29296,29296.00,2203,2203.00,213,213.00
3015,8,440,55.00,48,6.00,977994,122249.25,266832,33354.00,21094,2636.75,1600,200.00
3024,14,756,54.00,168,12.00,1718000,122714.29,489338,34952.71,36912,2636.57,3010,215.00
3027,1,68,68.00,10,10.00,196699,196699.00,43874,43874.00,1879,1879.00,243,243.00
3042,1,58,58.00,26,26.00,48910,48910.00,13483,13483.00,2936,2936.00,268,268.00
3058,1,64,64.00,2,2.00,96092,96092.00,33710,33710.00,2529,2529.00,223,223.00
3062,1,64,64.00,2,2.00,126006,126006.00,30696,30696.00,1968,1968.00,223,223.00
3065,8,448,56.00,48,6.00,904735,113091.88,252352,31544.00,21467,2683.38,1624,203.00
3072,1,736,736.00,336,336.00,112626,112626.00,24759,24759.00,116,116.00,0,0.00
3078,14,770,55.00,182,13.00,1748521,124894.36,492777,35198.36,37540,2681.43,3094,221.00
3093,1,907,907.00,325,325.00,752947,752947.00,232005,232005.00,2879,2879.00,166,166.00
3122,1,64,64.00,2,2.00,92586,92586.00,32424,32424.00,2553,2553.00,223,223.00
3128,8,448,56.00,112,14.00,1063729,132966.12,296408,37051.00,21895,2736.88,1816,227.00
3171,2,92,46.00,12,6.00,169334,84667.00,34910,17455.00,5231,2615.50,346,173.00
3172,1,593,593.00,181,181.00,79640,79640.00,567219,567219.00,2724,2724.00,0,0.00
3174,1,67,67.00,17,17.00,94835,94835.00,21389,21389.00,2919,2919.00,250,250.00
3178,8,456,57.00,112,14.00,951598,118949.75,271832,33979.00,21752,2719.00,1840,230.00
3184,3,6336,2112.00,3216,1072.00,130930,43643.33,700381,233460.33,7624,2541.33,0,0.00
3200,2,57600,28800.00,57600,28800.00,132800,66400.00,112000,56000.00,0,0.00,0,0.00
3219,2,116,58.00,16,8.00,263814,131907.00,71247,35623.50,5640,2820.00,430,215.00
3221,2,94,47.00,22,11.00,178797,89398.50,40932,20466.00,5691,2845.50,382,191.00
3222,2,154,77.00,22,11.00,249008,124504.00,76932,38466.00,5374,2687.00,580,290.00
3224,2,434,217.00,174,87.00,69904,34952.00,66289,33144.50,5606,2803.00,274,137.00
3232,1,592,592.00,208,208.00,94626,94626.00,22556,22556.00,2708,2708.00,0,0.00
3286,16,24640,1540.00,7872,492.00,2247832,140489.50,1269768,79360.50,45092,2818.25,0,0.00
3288,1,484,484.00,16,16.00,130409,130409.00,52708,52708.00,263,263.00,0,0.00
3301,1,209,209.00,30,30.00,629995,629995.00,456027,456027.00,2611,2611.00,475,475.00
3329,1,416,416.00,92,92.00,255597,255597.00,94127,94127.00,2955,2955.00,36,36.00
3332,2,118,59.00,32,16.00,268146,134073.00,73574,36787.00,5884,2942.00,484,242.00
3380,8,12672,1584.00,4048,506.00,1156138,144517.25,671889,83986.12,22604,2825.50,0,0.00
3388,1,1936,1936.00,968,968.00,68002,68002.00,1210,1210.00,0,0.00,0,0.00
3392,8,12720,1590.00,4064,508.00,1161072,145134.00,672512,84064.00,22460,2807.50,0,0.00
3405,2,128,64.00,24,12.00,312114,156057.00,79808,39904.00,6052,3026.00,490,245.00
3416,1,464,464.00,16,16.00,140415,140415.00,53740,53740.00,144,144.00,0,0.00
3459,4,240,60.00,52,13.00,485152,121288.00,141170,35292.50,12330,3082.50,984,246.00
3492,2,1296,648.00,24,12.00,381462,190731.00,82395,41197.50,2299,1149.50,0,0.00
3493,480,115200,240.00,0,0.00,89903224,187298.38,26932662,56109.71,1674240,3488.00,2880,6.00
3518,2,130,65.00,44,22.00,324322,162161.00,85398,42699.00,6250,3125.00,556,278.00
3559,6,372,62.00,86,14.33,717413,119568.83,217012,36168.67,19056,3176.00,1536,256.00
3612,1,2064,2064.00,624,624.00,123416,123416.00,36054,36054.00,1202,1202.00,0,0.00
3652,1,457,457.00,98,98.00,280685,280685.00,104059,104059.00,3272,3272.00,36,36.00
3659,2,128,64.00,30,15.00,253172,126586.00,77193,38596.50,6528,3264.00,528,264.00
3664,1,912,912.00,272,272.00,133148,133148.00,108684,108684.00,3520,3520.00,0,0.00
3700,1,487,487.00,118,118.00,292730,292730.00,109098,109098.00,2233,2233.00,0,0.00
3706,1,50,50.00,14,14.00,26299,26299.00,6662,6662.00,3493,3493.00,203,203.00
3718,68,4488,66.00,204,3.00,4286471,63036.34,372986,5485.09,9448,138.94,15708,231.00
3738,1,2240,2240.00,632,632.00,181344,181344.00,132453,132453.00,3060,3060.00,0,0.00
3825,1,264,264.00,106,106.00,45460,45460.00,49653,49653.00,3520,3520.00,172,172.00
3936,1,1024,1024.00,384,384.00,248830,248830.00,55509,55509.00,755,755.00,256,256.00
3945,1,276,276.00,110,110.00,48342,48342.00,56112,56112.00,3674,3674.00,186,186.00
4004,2,170,85.00,22,11.00,167619,83809.50,51147,25573.50,7172,3586.00,802,401.00
4016,1,384,384.00,16,16.00,312974,312974.00,88014,88014.00,3476,3476.00,0,0.00
4048,2,2208,1104.00,736,368.00,74336,37168.00,0,0.00,0,0.00,0,0.00
4063,2,24376,12188.00,8126,4063.00,0,0.00,0,0.00,0,0.00,0,0.00
4064,2,1640,820.00,288,144.00,601855,300927.50,152097,76048.50,5883,2941.50,40,20.00
4068,1,732,732.00,12,12.00,321291,321291.00,67587,67587.00,2393,2393.00,0,0.00
4078,2,24466,12233.00,8156,4078.00,0,0.00,0,0.00,0,0.00,0,0.00
4096,1,384,384.00,16,16.00,328608,328608.00,73157,73157.00,3716,3716.00,0,0.00
4100,2,3075,1537.50,2050,1025.00,26650,13325.00,0,0.00,0,0.00,0,0.00
4104,2,174,87.00,18,9.00,185864,92932.00,57895,28947.50,7364,3682.00,802,401.00
4133,2,24796,12398.00,8266,4133.00,0,0.00,0,0.00,0,0.00,0,0.00
4158,2,24946,12473.00,8316,4158.00,0,0.00,0,0.00,0,0.00,0,0.00
4163,1,1088,1088.00,87,87.00,280230,280230.00,348963,348963.00,3400,3400.00,25,25.00
4172,2,2184,1092.00,174,87.00,556936,278468.00,634948,317474.00,7796,3898.00,50,25.00
4175,1,1094,1094.00,87,87.00,282592,282592.00,327453,327453.00,3541,3541.00,25,25.00
4181,4,4385,1096.25,348,87.00,1123148,280787.00,1327035,331758.75,14772,3693.00,100,25.00
4193,2,2204,1102.00,174,87.00,559044,279522.00,652430,326215.00,7950,3975.00,50,25.00
4199,1,1104,1104.00,87,87.00,283045,283045.00,353327,353327.00,3398,3398.00,25,25.00
4202,3,3318,1106.00,261,87.00,844318,281439.33,969178,323059.33,11655,3885.00,75,25.00
4205,1,1108,1108.00,87,87.00,285051,285051.00,335882,335882.00,3559,3559.00,25,25.00
4212,3,584,194.67,32,10.67,198226,66075.33,91589,30529.67,4097,1365.67,280,93.33
4216,1,1476,1476.00,476,476.00,58100,58100.00,0,0.00,0,0.00,0,0.00
4223,1,1116,1116.00,87,87.00,284449,284449.00,340497,340497.00,3576,3576.00,25,25.00
4227,90,72180,802.00,24570,273.00,8110580,90117.56,78426331,871403.68,369824,4109.16,0,0.00
4228,1,2916,2916.00,669,669.00,288730,288730.00,1186150,1186150.00,3739,3739.00,0,0.00
4238,6,510,85.00,66,11.00,627981,104663.50,162900,27150.00,21867,3644.50,3042,507.00
4269,1,808,808.00,273,273.00,91389,91389.00,882144,882144.00,4261,4261.00,0,0.00
4293,8,2040,255.00,24,3.00,2511812,313976.50,1049904,131238.00,28992,3624.00,4744,593.00
4300,8,2048,256.00,32,4.00,2508881,313610.12,1033674,129209.25,29036,3629.50,4744,593.00
4311,1,81,81.00,98,98.00,303739,303739.00,35126,35126.00,1993,1993.00,256,256.00
4320,1,752,752.00,16,16.00,159285,159285.00,64357,64357.00,1184,1184.00,0,0.00
4338,6,522,87.00,54,9.00,679492,113248.67,179464,29910.67,22547,3757.83,3042,507.00
4343,2,26056,13028.00,8686,4343.00,0,0.00,0,0.00,0,0.00,0,0.00
4352,2,1696,848.00,640,320.00,189782,94891.00,128043,64021.50,7593,3796.50,0,0.00
4358,6,26458,4409.67,8732,1455.33,325704,54284.00,27056,4509.33,0,0.00,1084,180.67
4368,1,736,736.00,16,16.00,204752,204752.00,52800,52800.00,2592,2592.00,0,0.00
4381,1,824,824.00,273,273.00,94014,94014.00,897565,897565.00,4370,4370.00,0,0.00
4395,1,826,826.00,273,273.00,94330,94330.00,882042,882042.00,4387,4387.00,0,0.00
4406,1,163,163.00,6,6.00,744714,744714.00,240082,240082.00,2900,2900.00,537,537.00
4409,1,828,828.00,273,273.00,94660,94660.00,892956,892956.00,4401,4401.00,0,0.00
4413,1,81,81.00,0,0.00,234493,234493.00,29784,29784.00,2428,2428.00,245,245.00
4448,1,928,928.00,112,112.00,260296,260296.00,58766,58766.00,2688,2688.00,80,80.00
4463,2,170,85.00,36,18.00,449351,224675.50,133900,66950.00,7962,3981.00,664,332.00
4469,16,11904,744.00,6288,393.00,3987684,249230.25,3043814,190238.38,69917,4369.81,0,0.00
4560,3,2560,853.33,368,122.67,620219,206739.67,179564,59854.67,8389,2796.33,160,53.33
4563,2,174,87.00,10,5.00,464604,232302.00,139626,69813.00,8142,4071.00,598,299.00
4605,1,856,856.00,273,273.00,99250,99250.00,903537,903537.00,4597,4597.00,0,0.00
4631,1,1016,1016.00,4,4.00,106029,106029.00,283403,283403.00,4260,4260.00,0,0.00
4661,1,340,340.00,132,132.00,58207,58207.00,80071,80071.00,4116,4116.00,249,249.00
4672,1,608,608.00,112,112.00,166799,166799.00,54569,54569.00,2099,2099.00,0,0.00
4693,2,28156,14078.00,9386,4693.00,0,0.00,0,0.00,0,0.00,0,0.00
4718,2,28306,14153.00,9436,4718.00,0,0.00,0,0.00,0,0.00,0,0.00
4720,1,608,608.00,112,112.00,160422,160422.00,53645,53645.00,2481,2481.00,0,0.00
4734,1,822,822.00,246,246.00,331135,331135.00,1387320,1387320.00,3536,3536.00,868,868.00
4749,12,5136,428.00,24,2.00,3958397,329866.42,1845846,153820.50,55124,4593.67,2844,237.00
4784,1,1840,1840.00,1472,1472.00,80224,80224.00,4048,4048.00,0,0.00,0,0.00
4823,4,1732,433.00,8,2.00,1319146,329786.50,612249,153062.25,18671,4667.75,948,237.00
4828,4,5112,1278.00,1024,256.00,337308,84327.00,17272,4318.00,0,0.00,0,0.00
4846,1,1279,1279.00,256,256.00,84660,84660.00,4335,4335.00,0,0.00,0,0.00
4861,1,80,80.00,2,2.00,69783,69783.00,20140,20140.00,4491,4491.00,267,267.00
4864,90,115200,1280.00,23040,256.00,7649133,84990.37,391680,4352.00,25,0.28,0,0.00
4896,1,656,656.00,112,112.00,171458,171458.00,66850,66850.00,2386,2386.00,0,0.00
4928,1,1168,1168.00,256,256.00,142277,142277.00,57244,57244.00,3904,3904.00,768,768.00
5043,1,633,633.00,133,133.00,398968,398968.00,176330,176330.00,4594,4594.00,36,36.00
5048,2,182,91.00,10,5.00,133653,66826.50,17654,8827.00,4841,2420.50,628,314.00
5084,1,3611,3611.00,790,790.00,491051,491051.00,365216,365216.00,4609,4609.00,0,0.00
5104,1,608,608.00,112,112.00,168701,168701.00,57364,57364.00,2774,2774.00,0,0.00
5121,16,0,0.00,16384,1024.00,3967522,247970.12,3608353,225522.06,78060,4878.75,112,7.00
5136,1,492,492.00,144,144.00,175708,175708.00,264684,264684.00,4942,4942.00,0,0.00
5163,4,360,90.00,46,11.50,559350,139837.50,138802,34700.50,18630,4657.50,1294,323.50
5225,1,985,985.00,268,268.00,130294,130294.00,606149,606149.00,5207,5207.00,0,0.00
5232,1,608,608.00,112,112.00,176475,176475.00,82980,82980.00,2590,2590.00,0,0.00
5287,1,98,98.00,0,0.00,205639,205639.00,37181,37181.00,3999,3999.00,296,296.00
5326,4,368,92.00,72,18.00,510802,127700.50,137052,34263.00,19276,4819.00,1396,349.00
5376,1,1456,1456.00,528,528.00,329510,329510.00,93056,93056.00,4240,4240.00,384,384.00
5555,16,19008,1188.00,1488,93.00,6088388,380524.25,5307477,331717.31,86752,5422.00,272,17.00
5567,2,210,105.00,24,12.00,359090,179545.00,104703,52351.50,9988,4994.00,748,374.00
5580,1,107,107.00,23,23.00,142921,142921.00,47720,47720.00,5401,5401.00,374,374.00
5616,10,3360,336.00,160,16.00,1004364,100436.40,514302,51430.20,1381,138.10,0,0.00
5686,1,749,749.00,211,211.00,685191,685191.00,1537167,1537167.00,4161,4161.00,1260,1260.00
5730,2,214,107.00,38,19.00,377732,188866.00,111900,55950.00,10294,5147.00,802,401.00
5767,480,692160,1442.00,230880,481.00,64906155,135221.16,2071046356,4314679.91,2568676,5351.41,0,0.00
5778,1,1152,1152.00,405,405.00,126516,126516.00,235836,235836.00,5485,5485.00,0,0.00
5788,2,210,105.00,12,6.00,143668,71834.00,35059,17529.50,6688,3344.00,720,360.00
5828,1,984,984.00,164,164.00,293057,293057.00,89178,89178.00,3682,3682.00,40,40.00
5830,1,112,112.00,46,46.00,210010,210010.00,47230,47230.00,5002,5002.00,435,435.00
5872,1,800,800.00,112,112.00,196028,196028.00,82965,82965.00,3499,3499.00,0,0.00
5876,1,984,984.00,164,164.00,302095,302095.00,94045,94045.00,3852,3852.00,40,40.00
5984,1,1952,1952.00,1000,1000.00,84472,84472.00,5176,5176.00,0,0.00,0,0.00
5990,1,948,948.00,66,66.00,724394,724394.00,254742,254742.00,5903,5903.00,10,10.00
6095,2,192,96.00,82,41.00,222480,111240.00,60001,30000.50,11469,5734.50,892,446.00
6100,4,6052,1513.00,484,121.00,2781000,695250.00,1467540,366885.00,23994,5998.50,100,25.00
6106,4,6064,1516.00,484,121.00,2780364,695091.00,1447906,361976.50,24016,6004.00,100,25.00
6120,1,1484,1484.00,136,136.00,582140,582140.00,194599,194599.00,5976,5976.00,68,68.00
6139,8,12216,1527.00,992,124.00,5604304,700538.00,2925260,365657.50,48399,6049.88,200,25.00
6144,2,3488,1744.00,3204,1602.00,588075,294037.50,216085,108042.50,10750,5375.00,60,30.00
6163,1,122,122.00,2,2.00,152746,152746.00,62973,62973.00,5409,5409.00,425,425.00
6245,2,198,99.00,10,5.00,254395,127197.50,68172,34086.00,11759,5879.50,694,347.00
6256,1,176,176.00,32,32.00,37664,37664.00,127581,127581.00,6240,6240.00,0,0.00
6311,2,200,100.00,106,53.00,219904,109952.00,59197,29598.50,11883,5941.50,988,494.00
6403,2,204,102.00,98,49.00,248238,124119.00,65085,32542.50,12061,6030.50,976,488.00
6461,2,206,103.00,26,13.00,270700,135350.00,72001,36000.50,12191,6095.50,766,383.00
6553,2,210,105.00,19,9.50,285738,142869.00,77778,38889.00,12364,6182.00,757,378.50
6768,1,968,968.00,16,16.00,169650,169650.00,90682,90682.00,5364,5364.00,0,0.00
6812,8,11384,1423.00,760,95.00,5164520,645565.00,7171080,896385.00,53748,6718.50,160,20.00
6828,4,5724,1431.00,380,95.00,2609424,652356.00,3636709,909177.25,26938,6734.50,80,20.00
6830,4,5728,1432.00,380,95.00,2643909,660977.25,3755741,938935.25,26950,6737.50,80,20.00
6848,1,3616,3616.00,1376,1376.00,172022,172022.00,20046,20046.00,47,47.00,0,0.00
7072,1,1408,1408.00,544,544.00,153936,153936.00,209133,209133.00,6688,6688.00,0,0.00
7200,1,704,704.00,16,16.00,827991,827991.00,360286,360286.00,6564,6564.00,64,64.00
7219,16,17824,1114.00,496,31.00,11911678,744479.88,4700706,293794.12,91784,5736.50,112,7.00
7283,2,222,111.00,100,50.00,252455,126227.50,64175,32087.50,13677,6838.50,1056,528.00
7360,3,6912,2304.00,2384,794.67,659667,219889.00,166461,55487.00,20548,6849.33,384,128.00
7427,1,1280,1280.00,8,8.00,958562,958562.00,551560,551560.00,6912,6912.00,135,135.00
7533,2,232,116.00,30,15.00,278956,139478.00,70025,35012.50,14162,7081.00,876,438.00
7628,1,119,119.00,5,5.00,152217,152217.00,38162,38162.00,7174,7174.00,417,417.00
7652,2,238,119.00,22,11.00,304486,152243.00,74964,37482.00,14404,7202.00,870,435.00
7844,1,123,123.00,11,11.00,157172,157172.00,38662,38662.00,7382,7382.00,447,447.00
7941,1,124,124.00,16,16.00,154098,154098.00,38203,38203.00,7478,7478.00,465,465.00
7965,2,248,124.00,54,27.00,285017,142508.50,71604,35802.00,15013,7506.50,996,498.00
7982,1,117,117.00,2,2.00,182404,182404.00,26916,26916.00,6805,6805.00,497,497.00
8001,1,4837,4837.00,1074,1074.00,392894,392894.00,1697740,1697740.00,7011,7011.00,0,0.00
8032,1,118,118.00,2,2.00,174172,174172.00,23128,23128.00,6442,6442.00,500,500.00
8157,1,128,128.00,27,27.00,145927,145927.00,36233,36233.00,7691,7691.00,510,510.00
8212,1,2384,2384.00,416,416.00,590357,590357.00,290590,290590.00,7865,7865.00,68,68.00
8253,8,3184,398.00,24,3.00,5710584,713823.00,4883532,610441.50,55928,6991.00,9336,1167.00
8260,8,3192,399.00,32,4.00,5724651,715581.38,4877331,609666.38,55867,6983.38,9336,1167.00
8446,1,1957,1957.00,215,215.00,490247,490247.00,678183,678183.00,7927,7927.00,30,30.00
8448,1,1792,1792.00,4096,4096.00,184904,184904.00,21796,21796.00,7790,7790.00,0,0.00
8551,1,129,129.00,9,9.00,384063,384063.00,68031,68031.00,7066,7066.00,544,544.00
8801,1,134,134.00,31,31.00,472784,472784.00,70106,70106.00,6811,6811.00,603,603.00
8832,1,2208,2208.00,4048,4048.00,186060,186060.00,40463,40463.00,7228,7228.00,0,0.00
8901,960,3157440,3289.00,375360,391.00,578441168,602542.88,199508670,207821.53,812852,846.72,0,0.00
8960,1,5888,5888.00,2304,2304.00,245954,245954.00,53626,53626.00,73,73.00,0,0.00
9120,1,1848,1848.00,300,300.00,431650,431650.00,137652,137652.00,6924,6924.00,120,120.00
9127,1,3041,3041.00,1015,1015.00,142536,142536.00,8725620,8725620.00,7496,7496.00,0,0.00
9169,1,1232,1232.00,24,24.00,593187,593187.00,217629,217629.00,8693,8693.00,231,231.00
9199,1795,5501675,3065.00,1836285,1023.00,263100564,146574.13,13833660702,7706774.76,8332102,4641.84,0,0.00
9208,256,785408,3068.00,262144,1024.00,37492680,146455.78,1958155910,7649046.52,1256412,4907.86,0,0.00
9235,1,3077,3077.00,1027,1027.00,142592,142592.00,30756,30756.00,9220,9220.00,0,0.00
9244,1,3080,3080.00,1028,1028.00,141192,141192.00,33864,33864.00,9229,9229.00,0,0.00
9503,1,168,168.00,38,38.00,301348,301348.00,87308,87308.00,8459,8459.00,538,538.00
9606,16,13968,873.00,4144,259.00,17837072,1114817.00,4800742,300046.38,129483,8092.69,112,7.00
9955,1,180,180.00,0,0.00,383488,383488.00,102375,102375.00,8741,8741.00,542,542.00
10241,12,0,0.00,24576,2048.00,6214485,517873.75,5751229,479269.08,120620,10051.67,84,7.00
10507,3,486,162.00,90,30.00,523543,174514.33,207501,69167.00,29907,9969.00,2043,681.00
10785,960,753600,785.00,0,0.00,434245548,452339.11,379068103,394862.61,10293120,10722.00,85440,89.00
10941,1,2228,2228.00,40,40.00,1334030,1334030.00,1525894,1525894.00,10108,10108.00,263,263.00
11031,2,350,175.00,16,8.00,375571,187785.50,150553,75276.50,21071,10535.50,1308,654.00
11199,1,176,176.00,31,31.00,201605,201605.00,76627,76627.00,10563,10563.00,726,726.00
11409,1,175,175.00,53,53.00,211217,211217.00,81121,81121.00,10766,10766.00,789,789.00
11440,4,12480,3120.00,4160,1040.00,420160,105040.00,0,0.00,0,0.00,0,0.00
11468,4,752,188.00,116,29.00,960200,240050.00,263368,65842.00,43318,10829.50,2712,678.00
11518,1,2683,2683.00,252,252.00,713057,713057.00,1154384,1154384.00,10680,10680.00,35,35.00
11568,6,1140,190.00,138,23.00,1483164,247194.00,417902,69650.33,65568,10928.00,3996,666.00
11623,3,534,178.00,183,61.00,636521,212173.67,230746,76915.33,33195,11065.00,2466,822.00
11668,2,384,192.00,40,20.00,502762,251381.00,143376,71688.00,22055,11027.50,1326,663.00
11723,1,189,189.00,9,9.00,221390,221390.00,79935,79935.00,11068,11068.00,699,699.00
11752,1,224,224.00,96,96.00,150747,150747.00,56210,56210.00,11497,11497.00,976,976.00
12021,3,573,191.00,96,32.00,652494,217498.00,248864,82954.67,34367,11455.67,2322,774.00
12072,1,2392,2392.00,188,188.00,751489,751489.00,525462,525462.00,8631,8631.00,92,92.00
12099,1,188,188.00,61,61.00,227298,227298.00,78750,78750.00,11440,11440.00,852,852.00
12190,2,16252,8126.00,8128,4064.00,332548,166274.00,1304080,652040.00,24342,12171.00,0,0.00
12235,2,16312,8156.00,8158,4079.00,333886,166943.00,1306620,653310.00,24324,12162.00,0,0.00
12400,2,16532,8266.00,8268,4134.00,338263,169131.50,1395172,697586.00,24699,12349.50,0,0.00
12475,2,16632,8316.00,8318,4159.00,340358,170179.00,1398240,699120.00,24828,12414.00,0,0.00
12497,1,201,201.00,37,37.00,232903,232903.00,85430,85430.00,11826,11826.00,819,819.00
12801,1,3200,3200.00,1,1.00,92931,92931.00,27582,27582.00,12800,12800.00,0,0.00
12832,2,442,221.00,39,19.50,616537,308268.50,200742,100371.00,24125,12062.50,1489,744.50
12884,480,726720,1514.00,11520,24.00,650957954,1356162.40,458602903,955422.71,5572510,11609.40,25440,53.00
12932,1,223,223.00,12,12.00,278640,278640.00,100681,100681.00,12154,12154.00,728,728.00
12995,1,223,223.00,44,44.00,285157,285157.00,103125,103125.00,12216,12216.00,824,824.00
13011,2,458,229.00,34,17.00,335624,167812.00,166317,83158.50,25044,12522.00,1522,761.00
13030,2,17372,8686.00,8688,4344.00,355516,177758.00,1292652,646326.00,25902,12951.00,0,0.00
13061,2,460,230.00,34,17.00,343398,171699.00,167318,83659.00,25098,12549.00,1528,764.00
13075,2,17432,8716.00,8718,4359.00,356698,178349.00,1294196,647098.00,26040,13020.00,0,0.00
13111,2,462,231.00,86,43.00,335859,167929.50,173856,86928.00,25246,12623.00,1690,845.00
13161,2,464,232.00,87,43.50,337389,168694.50,171283,85641.50,25294,12647.00,1699,849.50
13174,4,928,232.00,72,18.00,657756,164439.00,328848,82212.00,50688,12672.00,3092,773.00
13274,4,936,234.00,178,44.50,654858,163714.50,338222,84555.50,51076,12769.00,3434,858.50
14080,2,18772,9386.00,9388,4694.00,383988,191994.00,1393601,696800.50,28131,14065.50,0,0.00
14155,2,18872,9436.00,9438,4719.00,386141,193070.50,1400048,700024.00,28221,14110.50,0,0.00
14698,1,2006,2006.00,554,554.00,1005028,1005028.00,317207,317207.00,7083,7083.00,0,0.00
15297,1,2328,2328.00,418,418.00,978766,978766.00,690187,690187.00,15145,15145.00,0,0.00
15510,1,3148,3148.00,300,300.00,950263,950263.00,679160,679160.00,14234,14234.00,120,120.00
15995,480,1398240,2913.00,230880,481.00,479809106,999602.30,1256499172,2617706.61,7535984,15699.97,1440,3.00
16320,1,7184,7184.00,2688,2688.00,268291,268291.00,67278,67278.00,58,58.00,2080,2080.00
16640,1,3328,3328.00,256,256.00,523131,523131.00,126103,126103.00,5829,5829.00,0,0.00
16896,1,2976,2976.00,792,792.00,457166,457166.00,471481,471481.00,16820,16820.00,0,0.00
18859,1,3996,3996.00,21,21.00,1308348,1308348.00,4252185,4252185.00,17192,17192.00,1512,1512.00
19136,1,4048,4048.00,368,368.00,374821,374821.00,60938,60938.00,6363,6363.00,0,0.00
19476,1,11532,11532.00,5894,5894.00,485369,485369.00,19734,19734.00,0,0.00,0,0.00
19602,1,4356,4356.00,4114,4114.00,536591,536591.00,130395,130395.00,56,56.00,0,0.00
20179,1,2738,2738.00,664,664.00,1291017,1291017.00,603732,603732.00,14503,14503.00,364,364.00
21104,1,7320,7320.00,2656,2656.00,1426902,1426902.00,1485649,1485649.00,17051,17051.00,0,0.00
21264,1,7432,7432.00,2704,2704.00,1900337,1900337.00,1134360,1134360.00,11665,11665.00,0,0.00
21671,4,1480,370.00,96,24.00,2087329,521832.25,1011445,252861.25,83119,20779.75,5388,1347.00
21675,2,740,370.00,46,23.00,1040815,520407.50,507824,253912.00,41562,20781.00,2688,1344.00
21771,4,1488,372.00,149,37.25,2084981,521245.25,1029897,257474.25,83492,20873.00,5571,1392.75
21775,4,1488,372.00,124,31.00,2093241,523310.25,1032362,258090.50,83508,20877.00,5496,1374.00
21875,2,748,374.00,76,38.00,1048968,524484.00,523752,261876.00,41948,20974.00,2802,1401.00
22528,1,3952,3952.00,592,592.00,1716798,1716798.00,1215499,1215499.00,19152,19152.00,160,160.00
22827,1,300,300.00,0,0.00,71829,71829.00,167247,167247.00,19493,19493.00,1200,1200.00
23780,1,3120,3120.00,902,902.00,1161203,1161203.00,1914056,1914056.00,20938,20938.00,0,0.00
24424,1,14432,14432.00,3760,3760.00,755395,755395.00,1117066,1117066.00,24112,24112.00,0,0.00
24684,1,242,242.00,968,968.00,75150,75150.00,3146,3146.00,56,56.00,726,726.00
24688,2,18480,9240.00,2080,1040.00,1496960,748480.00,124416,62208.00,0,0.00,0,0.00
24790,8,3904,488.00,928,116.00,5851628,731453.50,2850256,356282.00,194100,24262.50,14624,1828.00
25498,4,2008,502.00,492,123.00,3045339,761334.75,1514329,378582.25,99826,24956.50,7564,1891.00
25598,4,2016,504.00,496,124.00,3058268,764567.00,1502088,375522.00,100204,25051.00,7600,1900.00
28000,2,308000,154000.00,140000,70000.00,0,0.00,0,0.00,0,0.00,0,0.00
28040,1,3468,3468.00,796,796.00,2131004,2131004.00,689537,689537.00,21075,21075.00,688,688.00
29120,2,8264,4132.00,72,36.00,102943817,51471908.50,136625662,68312831.00,33438,16719.00,24806,12403.00
29420,2,8314,4157.00,122,61.00,104205348,52102674.00,138296748,69148374.00,33888,16944.00,24956,12478.00
31597,960,1957440,2039.00,19200,20.00,2976653839,3100681.08,1742132267,1814721.11,28460160,29646.00,747840,779.00
31640,2,8684,4342.00,492,246.00,113750656,56875328.00,150959998,75479999.00,37218,18609.00,26066,13033.00
31820,2,8714,4357.00,522,261.00,114546794,57273397.00,152014948,76007474.00,37488,18744.00,26156,13078.00
33192,1,10716,10716.00,984,984.00,2013367,2013367.00,2019501,2019501.00,32740,32740.00,68,68.00
35354,1,664,664.00,40,40.00,2368587,2368587.00,936271,936271.00,33574,33574.00,2267,2267.00
35360,1,8032,8032.00,256,256.00,1700867,1700867.00,234402,234402.00,412,412.00,1024,1024.00
35620,1,788,788.00,25,25.00,2205079,2205079.00,1273991,1273991.00,31817,31817.00,4418,4418.00
35840,2,9384,4692.00,1192,596.00,132965804,66482902.00,176448768,88224384.00,43518,21759.00,28166,14083.00
36140,2,9434,4717.00,1242,621.00,134380156,67190078.00,178329850,89164925.00,43968,21984.00,28316,14158.00
36223,1,4620,4620.00,1050,1050.00,2870586,2870586.00,1524784,1524784.00,30315,30315.00,432,432.00
37466,1,4725,4725.00,903,903.00,3019613,3019613.00,3388946,3388946.00,37114,37114.00,36,36.00
38520,2,8124,4062.00,4028,2014.00,100440072,50220036.00,132917958,66458979.00,52658,26329.00,24386,12193.00
38700,2,8154,4077.00,4058,2029.00,101184213,50592106.50,133903713,66951856.50,52928,26464.00,24476,12238.00
40992,1,5968,5968.00,1296,1296.00,1277347,1277347.00,5242706,5242706.00,40736,40736.00,0,0.00
41362,1,5292,5292.00,1188,1188.00,3255944,3255944.00,2087167,2087167.00,36708,36708.00,432,432.00
44288,1,23088,23088.00,9664,9664.00,1690517,1690517.00,524532,524532.00,41673,41673.00,0,0.00
45550,1,5760,5760.00,1292,1292.00,3561982,3561982.00,1845546,1845546.00,39387,39387.00,576,576.00
46078,1,6976,6976.00,1268,1268.00,2959606,2959606.00,2229599,2229599.00,45658,45658.00,0,0.00
46125,1,2050,2050.00,2050,2050.00,235750,235750.00,4100,4100.00,0,0.00,7175,7175.00
49312,1,12720,12720.00,1040,1040.00,6344923,6344923.00,3930994,3930994.00,34368,34368.00,11440,11440.00
52341,1,6704,6704.00,1526,1526.00,4161614,4161614.00,2095822,2095822.00,46240,46240.00,576,576.00
58234,1,7444,7444.00,1664,1664.00,4561533,4561533.00,1886075,1886075.00,52510,52510.00,576,576.00
58512,1,4784,4784.00,368,368.00,6266823,6266823.00,799488,799488.00,44409,44409.00,0,0.00
59624,1,14476,14476.00,88,88.00,2438433,2438433.00,1538807,1538807.00,57618,57618.00,68,68.00
62008,1,9844,9844.00,368,368.00,2475759,2475759.00,570607,570607.00,2557,2557.00,0,0.00
65137,1,8272,8272.00,1806,1806.00,5210682,5210682.00,3830846,3830846.00,59402,59402.00,576,576.00
69792,1,17624,17624.00,5928,5928.00,5062746,5062746.00,9201014,9201014.00,64316,64316.00,4608,4608.00
74496,1,9728,9728.00,1792,1792.00,2633704,2633704.00,865962,865962.00,34696,34696.00,0,0.00
83668,1,12714,12714.00,2574,2574.00,5553946,5553946.00,4300909,4300909.00,82100,82100.00,0,0.00
88952,1,21980,21980.00,248,248.00,4230102,4230102.00,3445293,3445293.00,86834,86834.00,68,68.00
89856,1,5376,5376.00,256,256.00,1609916,1609916.00,823040,823040.00,802,802.00,0,0.00
107912,1,14508,14508.00,2844,2844.00,9379766,9379766.00,8248800,8248800.00,97401,97401.00,6304,6304.00
108560,1,13984,13984.00,2576,2576.00,3859608,3859608.00,1263340,1263340.00,51308,51308.00,0,0.00
112000,4,112000,28000.00,112000,28000.00,1456000,364000.00,0,0.00,0,0.00,0,0.00
129168,1,7728,7728.00,368,368.00,2308864,2308864.00,1182901,1182901.00,3712,3712.00,0,0.00
131200,1,24600,24600.00,9225,9225.00,3255347,3255347.00,667274,667274.00,52283,52283.00,0,0.00
247028,1,31512,31512.00,6640,6640.00,19604783,19604783.00,10406446,10406446.00,240086,240086.00,800,800.00
260000,2,171200,85600.00,59200,29600.00,8152122,4076061.00,15532271,7766135.50,294776,147388.00,0,0.00
316671,2,11770,5885.00,4048,2024.00,83716166,41858083.00,105961902,52980951.00,620852,310426.00,47484,23742.00
319271,2,11870,5935.00,4148,2074.00,85049070,42524535.00,107764736,53882368.00,625954,312977.00,48084,24042.00
330391,2,12330,6165.00,4608,2304.00,91971392,45985696.00,116341468,58170734.00,647726,323863.00,50844,25422.00
331951,2,12390,6195.00,4668,2334.00,92962808,46481404.00,117442438,58721219.00,650774,325387.00,51204,25602.00
385761,2,14500,7250.00,6180,3090.00,125196584,62598292.00,160580730,80290365.00,756256,378128.00,62070,31035.00
387321,2,14560,7280.00,6240,3120.00,126473954,63236977.00,161838180,80919090.00,759298,379649.00,62430,31215.00
415161,2,15620,7810.00,7300,3650.00,144641114,72320557.00,186174671,93087335.50,813896,406948.00,68790,34395.00
417761,2,15720,7860.00,66,33.00,146823607,73411803.50,188561341,94280670.50,818967,409483.50,47388,23694.00
617728,1,77776,77776.00,17616,17616.00,48063720,48063720.00,20343133,20343133.00,500256,500256.00,9216,9216.00
1045594,1,132524,132524.00,29688,29688.00,81598492,81598492.00,42565252,42565252.00,903815,903815.00,13248,13248.00
1636692,1,1125340,1125340.00,187864,187864.00,98542225,98542225.00,684763048,684763048.00,1636660,1636660.00,0,0.00
4168066,1,529576,529576.00,106164,106164.00,344969308,344969308.00,468642151,468642151.00,4161578,4161578.00,576,576.00
4875312,1,1374080,1374080.00,454128,454128.00,436585884,436585884.00,35226349583,35226349583.00,4628360,4628360.00,236800,236800.00
