build,crate,test,status,compile_seconds,mean_s,stddev_s,median_s,min_s,max_s,runs,timestamp,job_id
bsan,bit-set-0.10.0,tests::test_bit_set_basic,success,17.191,1.0424070092,0.017605984130963852,1.0378696725,1.016631312,1.071814955,10,2026-07-10T21:02:46Z,1937621.10
bsan,bit-set-0.10.0,tests::test_bit_set_cmp,success,17.191,1.0446979175,0.008474611916740782,1.0437901475000002,1.029076807,1.058343438,10,2026-07-10T21:02:57Z,1937621.10
bsan,bit-set-0.10.0,tests::test_bit_set_debug,success,17.191,1.0742102003,0.019408156361330534,1.071556151,1.050776983,1.115752977,10,2026-07-10T21:03:09Z,1937621.10
bsan,bit-set-0.10.0,tests::test_bit_set_difference,success,17.191,1.0777922058,0.02797050356553382,1.0704964860000001,1.0550662690000001,1.151895049,10,2026-07-10T21:03:21Z,1937621.10
bsan,bit-set-0.10.0,tests::test_bit_set_difference_with,success,17.191,1.064554776,0.009211045945660029,1.0639714475000002,1.048211055,1.083419846,10,2026-07-10T21:03:33Z,1937621.10
bsan,bit-set-0.10.0,tests::test_bit_set_display,success,17.191,1.0572717905,0.008687153604741302,1.0559502900000002,1.043516551,1.072944049,10,2026-07-10T21:03:44Z,1937621.10
bsan,bit-set-0.10.0,tests::test_bit_set_eq,success,17.191,1.0607750582,0.011928822876577205,1.0567215490000001,1.0485266,1.086069118,10,2026-07-10T21:03:56Z,1937621.10
bsan,bit-set-0.10.0,tests::test_bit_set_from_usizes,success,17.191,1.1022191584999999,0.010260722902623668,1.103787757,1.08740533,1.120620163,10,2026-07-10T21:04:08Z,1937621.10
bsan,bit-set-0.10.0,tests::test_bit_set_frombit_vec_init,success,17.191,1.0786657229,0.007902081741608497,1.078291499,1.066903613,1.093849724,10,2026-07-10T21:04:20Z,1937621.10
bsan,bit-set-0.10.0,tests::test_bit_set_intersect_with,success,17.191,1.067773809,0.006936548426725763,1.0678259655,1.059435053,1.081266228,10,2026-07-10T21:04:32Z,1937621.10
bsan,bit-set-0.10.0,tests::test_bit_set_intersection,success,17.191,1.0689399993000002,0.0073650773052588185,1.0695428665,1.057647587,1.080939124,10,2026-07-10T21:04:44Z,1937621.10
bsan,bit-set-0.10.0,tests::test_bit_set_is_disjoint,success,17.191,1.0503988437,0.006603267582239886,1.0507670295,1.04040291,1.061481729,10,2026-07-10T21:04:55Z,1937621.10
bsan,bit-set-0.10.0,tests::test_bit_set_iterator,success,17.191,5.6933414269,0.03403738361642414,5.699244093000001,5.643318274,5.761704947,10,2026-07-10T21:05:58Z,1937621.10
bsan,bit-set-0.10.0,tests::test_bit_set_shrink_to_fit,success,17.191,1.0478155081999998,0.005521555019748288,1.047698082,1.037920448,1.058491643,10,2026-07-10T21:06:09Z,1937621.10
bsan,bit-set-0.10.0,tests::test_bit_set_shrink_to_fit_new,success,17.191,1.0409568898,0.0058906198843052815,1.0428007515,1.027071115,1.047607725,10,2026-07-10T21:06:21Z,1937621.10
bsan,bit-set-0.10.0,tests::test_bit_set_subset,success,17.191,1.0397750239,0.00599895891526177,1.0381357475,1.030982715,1.049875298,10,2026-07-10T21:06:32Z,1937621.10
bsan,bit-set-0.10.0,tests::test_bit_set_symmetric_difference,success,17.191,1.0285567086,0.004254934317433322,1.028271299,1.022657903,1.036748985,10,2026-07-10T21:06:44Z,1937621.10
bsan,bit-set-0.10.0,tests::test_bit_set_symmetric_difference_with,success,17.191,1.0298504188,0.0031921346844649983,1.0309882799999999,1.022909641,1.032892374,10,2026-07-10T21:06:55Z,1937621.10
bsan,bit-set-0.10.0,tests::test_bit_set_union,success,17.191,1.0323114049000002,0.0038203573075443887,1.0327885810000001,1.024870801,1.039047069,10,2026-07-10T21:07:06Z,1937621.10
bsan,bit-set-0.10.0,tests::test_bit_set_union_with,success,17.191,1.0310958741,0.005160123230567206,1.030952441,1.020281681,1.037721459,10,2026-07-10T21:07:18Z,1937621.10
bsan,bit-set-0.10.0,tests::test_bit_vec_clone,success,17.191,1.0372018158,0.004117357749182269,1.037424006,1.028990774,1.042504743,10,2026-07-10T21:07:29Z,1937621.10
bsan,bit-set-0.10.0,tests::test_bit_vec_masking,success,17.191,1.0193439807,0.004793773842392695,1.020744076,1.011696166,1.025410852,10,2026-07-10T21:07:40Z,1937621.10
bsan,bit-set-0.10.0,tests::test_bit_vec_remove,success,17.191,1.0223393911999998,0.007852677014747025,1.022167973,1.010848307,1.034031047,10,2026-07-10T21:07:51Z,1937621.10
bsan,bit-set-0.10.0,tests::test_truncate,success,17.191,1.0309404001,0.007732848776710813,1.0297935905000002,1.021191524,1.044154075,10,2026-07-10T21:08:03Z,1937621.10
bsan,predicates-3.1.4,boolean::test_and::find_case_false,success,37.049,1.0265514838,0.019412286050374556,1.0274536914999999,0.990342547,1.055684078,10,2026-07-10T21:02:58Z,1937621.11
bsan,predicates-3.1.4,boolean::test_and::find_case_false_fails,success,37.049,1.0388249133,0.01382233065543538,1.040215427,1.016432001,1.058325732,10,2026-07-10T21:03:09Z,1937621.11
bsan,predicates-3.1.4,boolean::test_and::find_case_false_left_fail,success,37.049,1.0616049126999998,0.029283888020416416,1.0534290560000001,1.024181106,1.129406361,10,2026-07-10T21:03:21Z,1937621.11
bsan,predicates-3.1.4,boolean::test_and::find_case_false_right_fail,success,37.049,1.0600223914,0.021622818456429892,1.052645072,1.035125487,1.106372843,10,2026-07-10T21:03:32Z,1937621.11
bsan,predicates-3.1.4,boolean::test_and::find_case_true,success,37.049,1.0562233569,0.01921614293886191,1.0544231795,1.033364297,1.089774708,10,2026-07-10T21:03:44Z,1937621.11
bsan,predicates-3.1.4,boolean::test_and::find_case_true_fails,success,37.049,1.0601076676,0.026738666233181288,1.0538106680000001,1.028495842,1.097643411,10,2026-07-10T21:03:56Z,1937621.11
bsan,predicates-3.1.4,boolean::test_and::find_case_true_left_fail,success,37.049,1.0535751555,0.01668092475238184,1.051781037,1.034771791,1.087217826,10,2026-07-10T21:04:07Z,1937621.11
bsan,predicates-3.1.4,boolean::test_and::find_case_true_right_fail,success,37.049,1.0449588193000001,0.027030695140237846,1.034362063,1.026692744,1.118505639,10,2026-07-10T21:04:19Z,1937621.11
bsan,predicates-3.1.4,boolean::test_or::find_case_false,success,37.049,1.0264593088,0.0077506367705620135,1.0245930945000001,1.015209185,1.039632703,10,2026-07-10T21:04:30Z,1937621.11
bsan,predicates-3.1.4,boolean::test_or::find_case_false_fails,success,37.049,1.0227746961000002,0.0071563317542946946,1.0236783695,1.009590858,1.031040963,10,2026-07-10T21:04:41Z,1937621.11
bsan,predicates-3.1.4,boolean::test_or::find_case_false_left_fail,success,37.049,1.0112368721999998,0.00629393618009652,1.0091399815,1.005580595,1.023850349,10,2026-07-10T21:04:53Z,1937621.11
bsan,predicates-3.1.4,boolean::test_or::find_case_false_right_fail,success,37.049,1.0134185283,0.004911428729234517,1.013847604,1.006537888,1.020506838,10,2026-07-10T21:05:04Z,1937621.11
bsan,predicates-3.1.4,boolean::test_or::find_case_true,success,37.049,1.0071134023000001,0.003906156854362599,1.006117066,1.001513805,1.012828872,10,2026-07-10T21:05:15Z,1937621.11
bsan,predicates-3.1.4,boolean::test_or::find_case_true_fails,success,37.049,1.0069743516999998,0.0036484932027913233,1.0060709045,1.002928201,1.01439166,10,2026-07-10T21:05:26Z,1937621.11
bsan,predicates-3.1.4,boolean::test_or::find_case_true_left_fail,success,37.049,1.003858664,0.006127214796393159,1.0036138795,0.9952392640000001,1.014709687,10,2026-07-10T21:05:37Z,1937621.11
bsan,predicates-3.1.4,boolean::test_or::find_case_true_right_fail,success,37.049,0.9950513679,0.0042223322540249795,0.9949737810000001,0.989228086,1.002373515,10,2026-07-10T21:05:48Z,1937621.11
bsan,predicates-3.1.4,boxed::test::boxed_find_case,success,37.049,1.0123112385,0.008244612425183024,1.0097745025,1.000182638,1.027151163,10,2026-07-10T21:05:59Z,1937621.11
bsan,predicates-3.1.4,boxed::test::unsized_boxed,success,37.049,0.9967340687,0.002845126852627875,0.9966098415,0.9925308250000001,1.002021786,10,2026-07-10T21:06:10Z,1937621.11
bsan,predicates-3.1.4,function::str_function,success,37.049,1.0018440062,0.008489206924521762,1.0002771995,0.99400248,1.021239732,10,2026-07-10T21:06:21Z,1937621.11
bsan,pem-rfc7468-1.0.0,decoder::tests::pkcs8_example,success,10.129,2.6824647857000006,0.08660484332526835,2.6807871785,2.5369726310000003,2.876531482,10,2026-07-10T21:02:46Z,1937621.12
bsan,pem-rfc7468-1.0.0,grammar::tests::split_label_empty,success,10.129,2.8311716996999996,0.12771431365083208,2.797010025,2.664955769,3.031186509,10,2026-07-10T21:03:17Z,1937621.12
bsan,pem-rfc7468-1.0.0,grammar::tests::split_label_with_repeat_wsp_is_err,success,10.129,2.9266256115999996,0.0900226868568429,2.9045796155000003,2.746923427,3.057356155,10,2026-07-10T21:03:49Z,1937621.12
bsan,pem-rfc7468-1.0.0,grammar::tests::split_label_with_text,success,10.129,2.7475953695,0.06447192307729242,2.737962572,2.688040807,2.907716451,10,2026-07-10T21:04:19Z,1937621.12
bsan,pem-rfc7468-1.0.0,grammar::tests::validate_private_key_label,success,10.129,2.6633395431,0.01753923562224303,2.665684467,2.637474349,2.690848372,10,2026-07-10T21:04:49Z,1937621.12
bsan,pem-rfc7468-1.0.0,grammar::tests::validate_private_key_label_reject_double_space,success,10.129,2.6394681568,0.013883506975066238,2.642923965,2.615775107,2.660304488,10,2026-07-10T21:05:18Z,1937621.12
bsan,pem-rfc7468-1.0.0,binary_example,success,10.129,2.6126805655000003,0.01613298887841927,2.616118473,2.58792567,2.6413465240000003,10,2026-07-10T21:05:46Z,1937621.12
bsan,pem-rfc7468-1.0.0,ed25519_example,success,10.129,2.6084467706,0.01323113995403354,2.6117132835000003,2.577612222,2.6232650150000003,10,2026-07-10T21:06:15Z,1937621.12
bsan,pem-rfc7468-1.0.0,header_of_length_64,success,10.129,2.5840667942000004,0.016135046231294727,2.576268152,2.569735913,2.618420574,10,2026-07-10T21:06:44Z,1937621.12
bsan,pem-rfc7468-1.0.0,line_width_detection,success,10.129,2.5826397559,0.020771590972080377,2.5773378355,2.562663036,2.6368061640000002,10,2026-07-10T21:07:12Z,1937621.12
bsan,pem-rfc7468-1.0.0,pkcs1_enc_example,success,10.129,2.5726260102999996,0.01457415778319492,2.5653832155,2.552692658,2.6003572090000002,10,2026-07-10T21:07:40Z,1937621.12
bsan,pem-rfc7468-1.0.0,pkcs1_example,success,10.129,5.0303608959,0.039434974715391063,5.021610738,4.961893447,5.090127492,10,2026-07-10T21:08:36Z,1937621.12
bsan,pem-rfc7468-1.0.0,pkcs1_example_with_preceding_junk,success,10.129,4.941384558599999,0.0213499888064744,4.93444747,4.918854598,4.977443877,10,2026-07-10T21:09:30Z,1937621.12
bsan,pem-rfc7468-1.0.0,pkcs8_enc_example,success,10.129,2.5985817573000003,0.01864940160691424,2.6033083990000003,2.563612731,2.628207051,10,2026-07-10T21:09:59Z,1937621.12
bsan,pem-rfc7468-1.0.0,pkcs8_example,success,10.129,2.4952691680999997,0.015768069781015085,2.4903858145,2.473068576,2.519294936,10,2026-07-10T21:10:26Z,1937621.12
bsan,yoke-0.8.2,cartable_ptr::tests::test_new_rc,success,17.320,2.5961897081000003,0.03492680739944147,2.5954449735000003,2.543097547,2.654479544,10,2026-07-10T21:02:55Z,1937621.13
bsan,yoke-0.8.2,cartable_ptr::tests::test_new_sentinel,success,17.320,2.6850906420999996,0.02529413350112033,2.6784699290000002,2.6482709460000002,2.724853424,10,2026-07-10T21:03:24Z,1937621.13
bsan,yoke-0.8.2,cartable_ptr::tests::test_rc_clone,success,17.320,2.6845377573,0.012507863288476261,2.6835316915,2.670313991,2.7128623540000003,10,2026-07-10T21:03:54Z,1937621.13
bsan,yoke-0.8.2,cartable_ptr::tests::test_sizes,success,17.320,2.7260803744000004,0.029867559505340233,2.7203701000000002,2.69092582,2.784025781,10,2026-07-10T21:04:24Z,1937621.13
bsan,yoke-0.8.2,yoke::test_clone,success,17.320,2.6536683107,0.018577386563562073,2.6500358545,2.631961321,2.679674733,10,2026-07-10T21:04:53Z,1937621.13
bsan,yoke-0.8.2,yoke::test_debug,success,17.320,2.632626353,0.007704788360364466,2.63426406,2.620601042,2.646111205,10,2026-07-10T21:05:22Z,1937621.13
bsan,yoke-0.8.2,yoke::test_display,success,17.320,2.6099015092,0.012545800502423274,2.6104946895,2.589699458,2.629858033,10,2026-07-10T21:05:51Z,1937621.13
bsan,yoke-0.8.2,yoke::test_eq_trait,success,17.320,2.6078846316,0.00986837750779235,2.607928986,2.593321633,2.62022446,10,2026-07-10T21:06:20Z,1937621.13
bsan,yoke-0.8.2,yoke::test_partialeq,success,17.320,2.5765708760000003,0.012882091435259134,2.5725491750000002,2.559064444,2.600035865,10,2026-07-10T21:06:48Z,1937621.13
bsan,yoke-0.8.2,yoke::test_partialord_ord,success,17.320,2.5790754608,0.006121897580120423,2.579762114,2.568547768,2.587925801,10,2026-07-10T21:07:16Z,1937621.13
bsan,yoke-0.8.2,test_load,success,17.320,2.5620713388,0.01817697444076233,2.559325517,2.525249686,2.591597803,10,2026-07-10T21:07:44Z,1937621.13
bsan,yoke-0.8.2,run_test,success,17.320,2.5397636387,0.018954083917388682,2.5367523575,2.515152945,2.5612900720000003,10,2026-07-10T21:08:12Z,1937621.13
bsan,socket2-0.6.4,sockaddr::tests::ipv4,success,6.717,1.1060651696000003,0.08847452283813578,1.1063739535,0.9949766270000001,1.256985169,10,2026-07-10T21:02:29Z,1937621.14
bsan,socket2-0.6.4,sockaddr::tests::ipv4_eq,success,6.717,1.1324795887000003,0.10541812022171818,1.102064696,1.011237443,1.295192994,10,2026-07-10T21:02:41Z,1937621.14
bsan,socket2-0.6.4,sockaddr::tests::ipv4_hash,success,6.717,1.1674204629000002,0.08709875866026119,1.169066847,1.019917248,1.312087268,10,2026-07-10T21:02:54Z,1937621.14
bsan,socket2-0.6.4,sockaddr::tests::ipv4_ipv6_eq,success,6.717,1.2101213122,0.0942479617363757,1.196245362,1.09796934,1.349099271,10,2026-07-10T21:03:07Z,1937621.14
bsan,socket2-0.6.4,sockaddr::tests::ipv4_ipv6_hash,success,6.717,1.2609555891000002,0.11223842769783461,1.2650336995,1.086474976,1.41188732,10,2026-07-10T21:03:21Z,1937621.14
bsan,socket2-0.6.4,sockaddr::tests::ipv6,success,6.717,1.2846387795,0.09618761773559639,1.2696027105,1.066808083,1.397929115,10,2026-07-10T21:03:36Z,1937621.14
bsan,socket2-0.6.4,sockaddr::tests::ipv6_eq,success,6.717,1.2453804222,0.12481230114914602,1.2835053840000001,1.060093755,1.395858557,10,2026-07-10T21:03:49Z,1937621.14
bsan,socket2-0.6.4,sockaddr::tests::ipv6_hash,success,6.717,1.1245327355,0.12466010669513343,1.0349145865,1.022220704,1.299327127,10,2026-07-10T21:04:02Z,1937621.14
bsan,socket2-0.6.4,sys::in6_addr_convertion,success,6.717,1.0336607315,0.021450066286941925,1.0309507265,1.007304706,1.084770919,10,2026-07-10T21:04:13Z,1937621.14
bsan,socket2-0.6.4,sys::in_addr_convertion,success,6.717,1.0154113898000001,0.004158324218693833,1.0155427645000001,1.008078169,1.022966645,10,2026-07-10T21:04:24Z,1937621.14
bsan,urlencoding-2.1.3,dec::dec_borrows,success,10.354,1.0443194463999999,0.03915940988254574,1.0383421065,0.9877635690000001,1.1159502350000001,10,2026-07-10T21:02:27Z,1937621.15
bsan,urlencoding-2.1.3,tests::it_decodes_successfully,success,10.354,1.053626042,0.05543055069816145,1.030287047,1.003750515,1.1409242019999999,10,2026-07-10T21:02:39Z,1937621.15
bsan,urlencoding-2.1.3,tests::it_decodes_successfully_emoji,success,10.354,1.0859631685,0.05774338193713899,1.0688954735,1.019284617,1.213173083,10,2026-07-10T21:02:51Z,1937621.15
bsan,urlencoding-2.1.3,tests::it_decodes_unsuccessfully_emoji,success,10.354,1.1347360755,0.0506473278715212,1.146691255,1.027411944,1.1963955,10,2026-07-10T21:03:03Z,1937621.15
bsan,urlencoding-2.1.3,tests::it_encodes_successfully,success,10.354,1.1533525556000002,0.11108466572071701,1.1320675805,1.029983882,1.389854834,10,2026-07-10T21:03:16Z,1937621.15
bsan,urlencoding-2.1.3,tests::it_encodes_successfully_emoji,success,10.354,1.2060430014999999,0.048622243615773574,1.2107328845,1.142325918,1.264948091,10,2026-07-10T21:03:29Z,1937621.15
bsan,urlencoding-2.1.3,tests::lazy_writer,success,10.354,1.2083404034,0.05295190905949646,1.203669366,1.13130862,1.337914974,10,2026-07-10T21:03:42Z,1937621.15
bsan,urlencoding-2.1.3,tests::misc,success,10.354,1.2131257958,0.05314971120882932,1.2386116615,1.105864245,1.266020785,10,2026-07-10T21:03:56Z,1937621.15
bsan,urlencoding-2.1.3,tests::whatwg_examples,success,10.354,1.0133658169,0.006383555716938054,1.012688571,1.002884202,1.022001647,10,2026-07-10T21:04:07Z,1937621.15
bsan,either-1.16.0,basic,success,14.620,1.2902742488,0.18884886183475585,1.218127069,1.026143009,1.6578420500000002,10,2026-07-10T21:02:37Z,1937621.16
bsan,either-1.16.0,deref,success,14.620,1.3281566634000002,0.21714803805572422,1.2853381234999999,1.036540582,1.689876602,10,2026-07-10T21:02:52Z,1937621.16
bsan,either-1.16.0,error,success,14.620,1.3963113788000001,0.1981079539353118,1.3666906855,1.1312827030000001,1.807925445,10,2026-07-10T21:03:07Z,1937621.16
bsan,either-1.16.0,iter,success,14.620,1.4198393653999999,0.20653184829279606,1.4328941395,1.120276981,1.7180025890000001,10,2026-07-10T21:03:23Z,1937621.16
bsan,either-1.16.0,macros,success,14.620,1.5587593238,0.18387752657507309,1.5834381655,1.233957861,1.736152442,10,2026-07-10T21:03:40Z,1937621.16
bsan,either-1.16.0,read_write,success,14.620,1.5183195489999999,0.23667652347304544,1.586955631,1.03065659,1.7919941750000001,10,2026-07-10T21:03:57Z,1937621.16
bsan,either-1.16.0,seek,success,14.620,1.2265814954,0.008785380654832736,1.227722379,1.2144824490000001,1.241900331,10,2026-07-10T21:04:10Z,1937621.16
bsan,bumpalo-3.20.3,tests::allocated_bytes,success,94.249,1.1617113193,0.016553792442018114,1.1596135790000002,1.136223277,1.201894676,10,2026-07-10T21:04:40Z,1937621.17
bsan,bumpalo-3.20.3,tests::chunk_footer_is_five_words,success,94.249,1.1414113689,0.01141577082069478,1.1401969845000002,1.122846192,1.160441495,10,2026-07-10T21:04:53Z,1937621.17
bsan,bumpalo-3.20.3,tests::invalid_read,success,94.249,1.1370971519000002,0.008766627931089696,1.1339992375,1.127524811,1.155811559,10,2026-07-10T21:05:06Z,1937621.17
bsan,bumpalo-3.20.3,tests::realloc_old_size_zero,success,94.249,1.1301619565,0.007874710298661337,1.1303986545,1.118446808,1.147365912,10,2026-07-10T21:05:18Z,1937621.17
bsan,bumpalo-3.20.3,tests::test_realloc,success,94.249,1.134632002,0.0056612197488666366,1.1341697389999998,1.122543333,1.142886295,10,2026-07-10T21:05:30Z,1937621.17
bsan,generic-array-1.4.2,,build_failed,,,,,,,10,2026-07-10T21:04:27Z,1937621.18
bsan,ppv-lite86-0.2.21,generic::test::test_bswap32,no_match,10.990,,,,,,10,2026-07-10T21:02:21Z,1937621.19
bsan,ppv-lite86-0.2.21,generic::test_rotate_u128,no_match,10.990,,,,,,10,2026-07-10T21:02:22Z,1937621.19
bsan,futures-util-0.3.32,lock::mutex::tests::test_mutex_guard_debug_not_recurse,success,32.614,1.1181080965,0.021737221863007195,1.1120280725,1.096263065,1.156092022,10,2026-07-10T21:03:21Z,1937621.20
bsan,rand-0.10.1,distr::bernoulli::test::bernoulli_distributions_can_be_compared,success,46.088,2.1598703251,0.24987973403598035,2.1469565455,1.7718888220000002,2.553500929,10,2026-07-10T21:03:35Z,1937621.3
bsan,rand-0.10.1,distr::bernoulli::test::test_trivial,success,46.088,1.9242691294,0.5344737710822421,2.075912712,1.132862709,2.509129725,10,2026-07-10T21:03:57Z,1937621.3
bsan,rand-0.10.1,distr::bernoulli::test::value_stability,success,46.088,1.1739327994000002,0.020502911904914527,1.1706613945000002,1.143045625,1.204200008,10,2026-07-10T21:04:10Z,1937621.3
bsan,rand-0.10.1,distr::distribution::tests::test_dist_string,success,46.088,1.1474247802000002,0.008729874652483824,1.144590751,1.140080981,1.169772782,10,2026-07-10T21:04:22Z,1937621.3
bsan,rand-0.10.1,distr::distribution::tests::test_distributions_iter,success,46.088,1.1277984757,0.008265089109122173,1.1278015350000001,1.113549467,1.141794168,10,2026-07-10T21:04:35Z,1937621.3
bsan,rand-0.10.1,distr::distribution::tests::test_distributions_map,success,46.088,1.1241616310000002,0.010600064563567314,1.1216491785,1.107569933,1.139014052,10,2026-07-10T21:04:47Z,1937621.3
bsan,rand-0.10.1,distr::distribution::tests::test_make_an_iter,success,46.088,1.1180685414,0.004403837967422633,1.1174368449999998,1.113097549,1.127186521,10,2026-07-10T21:05:00Z,1937621.3
bsan,rand-0.10.1,distr::float::tests::f32_edge_cases,success,46.088,1.1108418915000002,0.00789723190980838,1.112152536,1.099095067,1.121217312,10,2026-07-10T21:05:12Z,1937621.3
bsan,rand-0.10.1,distr::float::tests::f64_edge_cases,success,46.088,1.1064408721999999,0.004526125872173524,1.106290935,1.096675325,1.113126073,10,2026-07-10T21:05:24Z,1937621.3
bsan,rand-0.10.1,distr::float::tests::value_stability,success,46.088,1.1114547405,0.008033362066639708,1.1118197804999999,1.102432646,1.131463307,10,2026-07-10T21:05:36Z,1937621.3
bsan,rand-0.10.1,distr::integer::tests::test_integers,success,46.088,1.0937585220000001,0.00698388305044645,1.09071713,1.086302219,1.106558519,10,2026-07-10T21:05:48Z,1937621.3
bsan,rand-0.10.1,distr::integer::tests::value_stability,success,46.088,1.0971384775,0.007309174332600396,1.097375414,1.085308864,1.108673091,10,2026-07-10T21:06:00Z,1937621.3
bsan,rand-0.10.1,distr::integer::tests::x86_integers,success,46.088,1.0990899407999999,0.006119351697628011,1.0996157565,1.08516451,1.1057952580000001,10,2026-07-10T21:06:12Z,1937621.3
bsan,rand-0.10.1,distr::other::tests::test_alphabetic,success,46.088,1.1068166878999999,0.00668920532325619,1.1077728505,1.095857826,1.119439518,10,2026-07-10T21:06:25Z,1937621.3
bsan,rand-0.10.1,distr::other::tests::test_alphanumeric,success,46.088,1.0931615909999999,0.006403453746908281,1.094292311,1.084148806,1.101916839,10,2026-07-10T21:06:37Z,1937621.3
bsan,rand-0.10.1,distr::other::tests::test_chars,success,46.088,1.2485129875,0.003344539595914218,1.2485674885,1.244039684,1.253499566,10,2026-07-10T21:06:50Z,1937621.3
bsan,rand-0.10.1,distr::other::tests::test_misc,success,46.088,1.0876982269,0.005809906969197581,1.086123147,1.082420935,1.099675148,10,2026-07-10T21:07:02Z,1937621.3
bsan,rand-0.10.1,distr::other::tests::value_stability,success,46.088,1.0859087534,0.007938052064028261,1.083884708,1.074888996,1.099266641,10,2026-07-10T21:07:14Z,1937621.3
bsan,rand-0.10.1,distr::slice::test::value_stability,success,46.088,1.0916504448,0.0068262914894526424,1.09396638,1.080301558,1.101065476,10,2026-07-10T21:07:26Z,1937621.3
bsan,rand-0.10.1,distr::uniform::float::tests::test_float_assertions,success,46.088,1.0799680655,0.0071994719621073225,1.079452949,1.068613995,1.090613552,10,2026-07-10T21:07:38Z,1937621.3
bsan,rand-0.10.1,distr::uniform::float::tests::test_float_overflow,success,46.088,1.0738664135,0.003932083927543493,1.0723011654999999,1.069271911,1.081128765,10,2026-07-10T21:07:50Z,1937621.3
bsan,rand-0.10.1,distr::uniform::float::tests::test_float_overflow_single,success,46.088,1.0900991897999996,0.008417666669214332,1.087529794,1.079943745,1.103551023,10,2026-07-10T21:08:02Z,1937621.3
bsan,rand-0.10.1,distr::uniform::float::tests::test_uniform_from_std_range,success,46.088,1.068095305,0.010240748687477787,1.0651203555,1.05727615,1.088898728,10,2026-07-10T21:08:14Z,1937621.3
bsan,rand-0.10.1,distr::uniform::float::tests::test_uniform_from_std_range_bad_limits,success,46.088,1.0593527207000002,0.009631001168201068,1.061196018,1.0479554,1.072629071,10,2026-07-10T21:08:25Z,1937621.3
bsan,rand-0.10.1,distr::uniform::float::tests::test_uniform_from_std_range_inclusive,success,46.088,1.0493451906,0.010607761224694959,1.0497435125,1.032368985,1.071738118,10,2026-07-10T21:08:37Z,1937621.3
bsan,rand-0.10.1,distr::uniform::float::tests::test_uniform_from_std_range_inclusive_bad_limits,success,46.088,1.0473652164000002,0.005559427969892048,1.0466777500000002,1.0352374,1.054016981,10,2026-07-10T21:08:49Z,1937621.3
bsan,rand-0.10.1,distr::uniform::int::tests::test_uniform_bad_limits_equal_int,success,46.088,1.0466369126,0.0074640042244877155,1.0463147395,1.031585852,1.059673209,10,2026-07-10T21:09:00Z,1937621.3
bsan,rand-0.10.1,distr::uniform::int::tests::test_uniform_bad_limits_flipped_int,success,46.088,1.0500008026,0.00741390081361704,1.0520143525,1.034442382,1.058992035,10,2026-07-10T21:09:12Z,1937621.3
bsan,rand-0.10.1,distr::uniform::int::tests::test_uniform_from_std_range,success,46.088,1.0450693629,0.007180236567751375,1.0430710745,1.034069711,1.056832053,10,2026-07-10T21:09:23Z,1937621.3
bsan,rand-0.10.1,distr::uniform::int::tests::test_uniform_from_std_range_bad_limits,success,46.088,1.0460397104999999,0.00706678533587302,1.0469232505,1.029848522,1.055533481,10,2026-07-10T21:09:35Z,1937621.3
bsan,rand-0.10.1,distr::uniform::int::tests::test_uniform_from_std_range_inclusive,success,46.088,1.0426613369,0.007505659025819313,1.0422933275,1.031536621,1.05430689,10,2026-07-10T21:09:46Z,1937621.3
bsan,rand-0.10.1,distr::uniform::int::tests::test_uniform_from_std_range_inclusive_bad_limits,success,46.088,1.0497592812999998,0.0075907175210813155,1.0495217934999999,1.03957709,1.065236046,10,2026-07-10T21:09:58Z,1937621.3
bsan,rand-0.10.1,distr::uniform::int::tests::test_uniform_good_limits_equal_int,success,46.088,1.0445231025,0.007488700321689555,1.0446408445,1.029203579,1.054997323,10,2026-07-10T21:10:09Z,1937621.3
bsan,rand-0.10.1,distr::uniform::int::tests::test_uniform_usize_constructors,success,46.088,1.0445784267999998,0.007009689397527315,1.044357689,1.036368664,1.056182316,10,2026-07-10T21:10:21Z,1937621.3
bsan,rand-0.10.1,distr::uniform::int::tests::test_uniform_usize_empty_range,success,46.088,1.0321897044,0.010716061610237845,1.0335746315,1.00919799,1.049111424,10,2026-07-10T21:10:32Z,1937621.3
bsan,rand-0.10.1,distr::uniform::int::tests::value_stability,success,46.088,1.0402761039,0.013235815548445414,1.0368484215,1.021990936,1.058264889,10,2026-07-10T21:10:44Z,1937621.3
bsan,rand-0.10.1,distr::uniform::tests::test_custom_uniform,success,46.088,1.0368159341999998,0.006271997633287269,1.037675296,1.021141497,1.042366832,10,2026-07-10T21:10:55Z,1937621.3
bsan,rand-0.10.1,distr::uniform::tests::uniform_distributions_can_be_compared,success,46.088,1.0283112871,0.012024828140543724,1.030217295,1.001447266,1.040300319,10,2026-07-10T21:11:06Z,1937621.3
bsan,rand-0.10.1,distr::uniform::tests::value_stability,success,46.088,1.0294442128,0.006624027798219537,1.028540355,1.01661837,1.038675863,10,2026-07-10T21:11:18Z,1937621.3
bsan,rand-0.10.1,distr::weighted::weighted_index::test::overflow,success,46.088,1.0303397665000003,0.010529703896144762,1.0308797225,1.016833375,1.044166095,10,2026-07-10T21:11:29Z,1937621.3
bsan,rand-0.10.1,distr::weighted::weighted_index::test::test_accepting_nan,success,46.088,1.0341318996,0.005637353034902094,1.033315894,1.026183945,1.048189498,10,2026-07-10T21:11:40Z,1937621.3
bsan,rand-0.10.1,distr::weighted::weighted_index::test::test_update_weights,success,46.088,1.036684618,0.007962413407391657,1.0373250845,1.027379228,1.050532497,10,2026-07-10T21:11:52Z,1937621.3
bsan,rand-0.10.1,distr::weighted::weighted_index::test::test_update_weights_errors,success,46.088,1.0352486051,0.0061787664869319345,1.0354916630000002,1.023032321,1.04574712,10,2026-07-10T21:12:03Z,1937621.3
bsan,rand-0.10.1,distr::weighted::weighted_index::test::test_weight_at,success,46.088,1.0401643707,0.010770125887912102,1.0406823209999998,1.024168894,1.054178254,10,2026-07-10T21:12:15Z,1937621.3
bsan,rand-0.10.1,distr::weighted::weighted_index::test::test_weights,success,46.088,1.0164342548000003,0.01727405008978837,1.017990731,0.979614081,1.037808217,10,2026-07-10T21:12:26Z,1937621.3
bsan,rand-0.10.1,distr::weighted::weighted_index::test::value_stability,success,46.088,1.0197811401,0.013456237548207472,1.0233730155,0.995039836,1.03375593,10,2026-07-10T21:12:37Z,1937621.3
bsan,rand-0.10.1,distr::weighted::weighted_index::test::weighted_index_distributions_can_be_compared,success,46.088,1.0051912217,0.010607197597960501,1.000156407,0.992837822,1.022022281,10,2026-07-10T21:12:48Z,1937621.3
bsan,rand-0.10.1,rng::test::test_fill,success,46.088,1.0085387723,0.011591845910847755,1.0098241285,0.989638279,1.023414246,10,2026-07-10T21:12:59Z,1937621.3
bsan,rand-0.10.1,rng::test::test_fill_bytes_default,success,46.088,1.2637339924000002,0.01512586886111414,1.264298929,1.237358681,1.285340609,10,2026-07-10T21:13:13Z,1937621.3
bsan,rand-0.10.1,rng::test::test_fill_empty,success,46.088,1.0153157525999998,0.007824591125539626,1.0169938375,1.00178327,1.025365645,10,2026-07-10T21:13:24Z,1937621.3
bsan,rand-0.10.1,rng::test::test_random_bool,success,46.088,1.0078654429,0.015661306117868583,1.00446297,0.9768088330000001,1.030106457,10,2026-07-10T21:13:35Z,1937621.3
bsan,rand-0.10.1,rng::test::test_random_range_float,success,46.088,1.5537406863999998,0.019692032505320457,1.5479236955000002,1.526826288,1.591759062,10,2026-07-10T21:13:53Z,1937621.3
bsan,rand-0.10.1,rng::test::test_random_range_int,success,46.088,1.7742358699999996,0.010849519835461388,1.7709694765,1.7605220030000002,1.793343223,10,2026-07-10T21:14:12Z,1937621.3
bsan,rand-0.10.1,rng::test::test_random_range_panic_int,success,46.088,1.0114158391,0.011156320435014161,1.0113437345,0.9982946140000001,1.028350398,10,2026-07-10T21:14:23Z,1937621.3
bsan,rand-0.10.1,rng::test::test_random_range_panic_usize,success,46.088,1.0167382418000002,0.007498295330251228,1.014996588,1.005717955,1.028605835,10,2026-07-10T21:14:34Z,1937621.3
bsan,rand-0.10.1,rng::test::test_rng_boxed_trait,success,46.088,1.0059601539,0.011735758176585552,1.0032819455,0.9927957270000001,1.022607061,10,2026-07-10T21:14:45Z,1937621.3
bsan,rand-0.10.1,rng::test::test_rng_mut_ref,success,46.088,1.0090680963,0.005857891455209518,1.006975187,1.00180136,1.023155856,10,2026-07-10T21:14:57Z,1937621.3
bsan,rand-0.10.1,rng::test::test_rng_trait_object,success,46.088,1.01823342,0.02544705785208917,1.0339347375,0.9767540880000001,1.04220791,10,2026-07-10T21:15:08Z,1937621.3
bsan,rand-0.10.1,rngs::std::test::test_chacha_counter,success,46.088,1.1665593102999998,0.025284739018636492,1.1756099375,1.132896946,1.206180334,10,2026-07-10T21:15:21Z,1937621.3
bsan,rand-0.10.1,rngs::std::test::test_chacha_true_values_1,success,46.088,1.0288588979,0.012505811053824822,1.0297668315,1.009084079,1.047593321,10,2026-07-10T21:15:32Z,1937621.3
bsan,rand-0.10.1,rngs::std::test::test_chacha_true_values_2,success,46.088,1.0266858261,0.015972928779500375,1.0220331644999998,1.008930431,1.056317347,10,2026-07-10T21:15:43Z,1937621.3
bsan,rand-0.10.1,rngs::std::test::test_chacha_true_values_3,success,46.088,1.026956463,0.012140597934683259,1.030660209,1.005902434,1.044635983,10,2026-07-10T21:15:55Z,1937621.3
bsan,rand-0.10.1,rngs::std::test::test_chacha_true_values_8,success,46.088,1.0222836935,0.013083562505161267,1.0239920495,1.002711877,1.038581183,10,2026-07-10T21:16:06Z,1937621.3
bsan,rand-0.10.1,rngs::std::test::test_stdrng_construction,success,46.088,1.0133256066999998,0.015036985111125025,1.0088163575,0.998383651,1.043916865,10,2026-07-10T21:16:17Z,1937621.3
bsan,rand-0.10.1,rngs::thread::test::test_debug_output,success,46.088,0.9856934910000001,0.013595845031504725,0.9836791090000001,0.967736974,1.012210577,10,2026-07-10T21:16:28Z,1937621.3
bsan,rand-0.10.1,rngs::thread::test::test_thread_rng,success,46.088,0.9974776323000001,0.012605053025730582,1.001399212,0.9736181140000001,1.013779139,10,2026-07-10T21:16:39Z,1937621.3
bsan,rand-0.10.1,rngs::xoshiro128plusplus::tests::reference,success,46.088,0.9943406254000001,0.012187464444125523,0.9960526185,0.9754132190000001,1.01467897,10,2026-07-10T21:16:50Z,1937621.3
bsan,rand-0.10.1,rngs::xoshiro128plusplus::tests::stable_seed_from_u64_and_from_seed,success,46.088,0.9923246473,0.015443680470812956,0.987020403,0.973801346,1.018732659,10,2026-07-10T21:17:01Z,1937621.3
bsan,rand-0.10.1,rngs::xoshiro256plusplus::tests::reference,success,46.088,0.9930014999999999,0.020950515220361995,0.98612202,0.969526788,1.036347349,10,2026-07-10T21:17:12Z,1937621.3
bsan,rand-0.10.1,rngs::xoshiro256plusplus::tests::stable_seed_from_u64_and_from_seed,success,46.088,0.9843662102000001,0.015388603406674172,0.9806476185,0.9651861740000001,1.011121723,10,2026-07-10T21:17:23Z,1937621.3
bsan,rand-0.10.1,seq::index_::test::test_sample_boundaries,success,46.088,0.9978697002000001,0.009288450456107525,0.9964436495,0.9825022710000001,1.011086602,10,2026-07-10T21:17:34Z,1937621.3
bsan,rand-0.10.1,seq::index_::test::test_sample_weighted,success,46.088,1.0113250239,0.0185210988412081,1.0053387695,0.9810125970000001,1.048026109,10,2026-07-10T21:17:45Z,1937621.3
bsan,rand-0.10.1,seq::index_::test::value_stability_sample,success,46.088,1.1490478551999999,0.013288084305331257,1.143949309,1.135091949,1.171194467,10,2026-07-10T21:17:57Z,1937621.3
bsan,rand-0.10.1,seq::iterator::test::test_sample_iter,success,46.088,1.053344015,0.018610426178529753,1.0528085864999999,1.027893757,1.0926874500000001,10,2026-07-10T21:18:09Z,1937621.3
bsan,rand-0.10.1,seq::iterator::test::value_stability_choose,success,46.088,1.0006365536000001,0.017490582551675272,0.9948879915000001,0.9875481210000001,1.03720526,10,2026-07-10T21:18:20Z,1937621.3
bsan,rand-0.10.1,seq::iterator::test::value_stability_choose_stable,success,46.088,1.02054582,0.011675129106817592,1.0194275815,1.005790763,1.041093435,10,2026-07-10T21:18:31Z,1937621.3
bsan,rand-0.10.1,seq::iterator::test::value_stability_sample,success,46.088,1.0047763145000002,0.017782154014083527,0.999320416,0.9841683240000001,1.04363408,10,2026-07-10T21:18:42Z,1937621.3
bsan,rand-0.10.1,seq::slice::test::test_multiple_weighted_distributions,success,46.088,239.9336442922,8.308367010754724,235.183542634,233.02299784,255.755608203,10,2026-07-10T22:02:43Z,1937621.3
bsan,rand-0.10.1,seq::slice::test::test_multiple_weighted_edge_cases,success,46.088,1.3927162256999999,0.02858585846098393,1.379892734,1.351280716,1.426621046,10,2026-07-10T22:02:58Z,1937621.3
bsan,rand-0.10.1,seq::slice::test::test_partial_shuffle,success,46.088,1.4423076070999998,0.4977785168856249,1.383431254,0.9559947860000001,2.165000755,10,2026-07-10T22:03:14Z,1937621.3
bsan,rand-0.10.1,seq::slice::test::test_slice_choose,success,46.088,1.8197121974000001,0.5187300603268022,1.6738034205,1.362618422,2.806177502,10,2026-07-10T22:03:33Z,1937621.3
bsan,rand-0.10.1,seq::slice::test::value_stability_slice,success,46.088,1.2731046467,0.4627615458928188,1.051084306,0.966236144,2.313431336,10,2026-07-10T22:03:47Z,1937621.3
bsan,rand-0.10.1,test::rng_reader,success,46.088,1.2267258127,0.23995922030000927,1.1465683119999999,1.006743148,1.6562274989999999,10,2026-07-10T22:04:01Z,1937621.3
bsan,rand-0.10.1,test::test_random,success,46.088,1.0317400089,0.03567674862016172,1.0156400025,1.001651041,1.101547471,10,2026-07-10T22:04:12Z,1937621.3
bsan,rand-0.10.1,test::test_range,success,46.088,1.3251687512,0.38282430629308684,1.13961712,0.981583466,2.150080766,10,2026-07-10T22:04:27Z,1937621.3
bsan,crossbeam-utils-0.8.21,atomic::seq_lock::tests::test_abort,success,39.824,6.8930853067,0.4597387873025499,6.8353828285,6.316582239,7.4188617390000005,10,2026-07-10T21:04:17Z,1937621.5
bsan,crossbeam-utils-0.8.21,arithmetic_i128,success,39.824,6.1921476814,0.044921364484606645,6.174747162,6.149265494,6.261607063,10,2026-07-10T21:05:25Z,1937621.5
bsan,crossbeam-utils-0.8.21,arithmetic_i16,success,39.824,6.093618723399999,0.031437742779884724,6.0978137189999995,6.020157285,6.129659333,10,2026-07-10T21:06:32Z,1937621.5
bsan,crossbeam-utils-0.8.21,arithmetic_i32,success,39.824,6.020040315899999,0.023983212637013723,6.0182598679999995,5.990228604,6.058719585,10,2026-07-10T21:07:38Z,1937621.5
bsan,crossbeam-utils-0.8.21,arithmetic_i64,success,39.824,5.887725809,0.06809135133257967,5.873857640000001,5.801788005,5.98947632,10,2026-07-10T21:08:43Z,1937621.5
bsan,crossbeam-utils-0.8.21,arithmetic_i8,success,39.824,5.789371529600001,0.02063576518072173,5.788790317,5.762757508,5.829351057,10,2026-07-10T21:09:47Z,1937621.5
bsan,crossbeam-utils-0.8.21,arithmetic_u128,success,39.824,5.7388658124,0.05452176759861692,5.7492663765,5.662292008,5.807394896,10,2026-07-10T21:10:50Z,1937621.5
bsan,crossbeam-utils-0.8.21,arithmetic_u16,success,39.824,5.6956249971999995,0.025814904196340555,5.69763413,5.652330135,5.749467165,10,2026-07-10T21:11:53Z,1937621.5
bsan,crossbeam-utils-0.8.21,arithmetic_u32,success,39.824,5.6328171178,0.08165034573941264,5.601632067000001,5.554726817,5.763668564,10,2026-07-10T21:12:55Z,1937621.5
bsan,crossbeam-utils-0.8.21,arithmetic_u64,success,39.824,5.5464628054,0.03249863966158142,5.554884212499999,5.491746369,5.5880381880000005,10,2026-07-10T21:13:56Z,1937621.5
bsan,crossbeam-utils-0.8.21,arithmetic_u8,success,39.824,5.5459524298,0.02150277584211878,5.547292444,5.516434522,5.585715853,10,2026-07-10T21:14:57Z,1937621.5
bsan,crossbeam-utils-0.8.21,const_atomic_cell_new,success,39.824,5.4792987145,0.0460201840213167,5.4674901245,5.39517539,5.547152629,10,2026-07-10T21:15:57Z,1937621.5
bsan,crossbeam-utils-0.8.21,const_is_lock_free,success,39.824,5.470972087599999,0.013842323041844308,5.4746575095,5.443699882,5.485578006,10,2026-07-10T21:16:57Z,1937621.5
bsan,crossbeam-utils-0.8.21,drops_u8,success,39.824,5.4507382967,0.023309552995432158,5.4553244544999995,5.403983102,5.47985671,10,2026-07-10T21:17:57Z,1937621.5
bsan,crossbeam-utils-0.8.21,drops_unit,success,39.824,5.3833914823999995,0.07362974220497599,5.403020296999999,5.228515699,5.456428702,10,2026-07-10T21:18:57Z,1937621.5
bsan,crossbeam-utils-0.8.21,drops_usize,success,39.824,5.2564377395,0.06204128425121365,5.235051481499999,5.190424626,5.349650911,10,2026-07-10T21:19:55Z,1937621.5
bsan,crossbeam-utils-0.8.21,garbage_padding,success,39.824,5.3355907066,0.016155693193125202,5.336336853,5.304414601,5.362194171,10,2026-07-10T21:20:53Z,1937621.5
bsan,crossbeam-utils-0.8.21,is_lock_free,success,39.824,5.311826083400001,0.028250288224378986,5.308759232,5.264604878,5.357512907,10,2026-07-10T21:21:52Z,1937621.5
bsan,crossbeam-utils-0.8.21,issue_833,success,39.824,68.7222933341,0.8602055012689942,68.3352343245,67.533840531,70.013285239,10,2026-07-10T21:34:29Z,1937621.5
bsan,crossbeam-utils-0.8.21,modular_u8,success,39.824,5.333849752299999,0.03871164106144665,5.3396739405,5.26737523,5.379612146,10,2026-07-10T21:35:28Z,1937621.5
bsan,crossbeam-utils-0.8.21,modular_usize,success,39.824,5.3093623818,0.03463625055399609,5.2960729865000005,5.277146899,5.372023919,10,2026-07-10T21:36:27Z,1937621.5
bsan,crossbeam-utils-0.8.21,clone,success,39.824,5.3039429178,0.02323708084428159,5.30072879,5.269270131,5.34880474,10,2026-07-10T21:37:25Z,1937621.5
bsan,crossbeam-utils-0.8.21,debug,success,39.824,5.322053162000001,0.037963570645750816,5.319062882000001,5.245917818,5.401100814,10,2026-07-10T21:38:24Z,1937621.5
bsan,crossbeam-utils-0.8.21,default,success,39.824,5.3431037755999995,0.036369017582711,5.3314617305,5.290510889,5.405891913,10,2026-07-10T21:39:22Z,1937621.5
bsan,crossbeam-utils-0.8.21,different_sizes,success,39.824,5.3895436933999985,0.02467605664998654,5.3883615495,5.350081973,5.435571274,10,2026-07-10T21:40:22Z,1937621.5
bsan,crossbeam-utils-0.8.21,distance,success,39.824,5.3007642527000005,0.052899731201157485,5.2902144665,5.240968917,5.411706502,10,2026-07-10T21:41:20Z,1937621.5
bsan,crossbeam-utils-0.8.21,drops,success,39.824,5.250758952700001,0.029435917643516992,5.2496803165,5.204617336,5.289982112,10,2026-07-10T21:42:18Z,1937621.5
bsan,crossbeam-utils-0.8.21,large,success,39.824,5.2760986777,0.04328402682394825,5.279351762499999,5.183553156,5.346326855,10,2026-07-10T21:43:16Z,1937621.5
bsan,crossbeam-utils-0.8.21,runs_custom_clone,success,39.824,5.277573139199999,0.05573851968300821,5.284435456000001,5.137372063,5.337676974,10,2026-07-10T21:44:14Z,1937621.5
bsan,crossbeam-utils-0.8.21,store_pair,success,39.824,5.1051414982,0.037277556148026594,5.092652666499999,5.051403573,5.16327758,10,2026-07-10T21:45:10Z,1937621.5
bsan,crossbeam-utils-0.8.21,store_u64,success,39.824,5.1117706885,0.036763975331267545,5.114092072,5.060810407,5.189984758,10,2026-07-10T21:46:06Z,1937621.5
bsan,crossbeam-utils-0.8.21,park_timeout_unpark_before,success,39.824,5.1525855891,0.02660385245298529,5.1545127485,5.12087152,5.19633625,10,2026-07-10T21:47:03Z,1937621.5
bsan,crossbeam-utils-0.8.21,park_timeout_unpark_called_other_thread,success,39.824,5.7078976557,0.02520089185938049,5.711953458,5.654924064,5.738814438,10,2026-07-10T21:48:06Z,1937621.5
bsan,crossbeam-utils-0.8.21,park_timeout_unpark_not_called,success,39.824,5.223397115999999,0.027081036242943935,5.2148335915,5.179393399,5.275451591,10,2026-07-10T21:49:03Z,1937621.5
bsan,crossbeam-utils-0.8.21,arc,success,39.824,5.4184135313,0.3359110008338678,5.263122763,5.109411673,5.898382592,10,2026-07-10T21:50:03Z,1937621.5
bsan,crossbeam-utils-0.8.21,arc_access_in_unwind,success,39.824,5.7856238883,0.04898162449038433,5.802829172,5.668278063,5.827466604,10,2026-07-10T21:51:06Z,1937621.5
bsan,crossbeam-utils-0.8.21,arc_no_poison_rr,success,39.824,5.7308251214,0.04604059516378977,5.7250473875,5.660173532,5.811270713,10,2026-07-10T21:52:09Z,1937621.5
bsan,crossbeam-utils-0.8.21,arc_no_poison_sl,success,39.824,5.6647002087999985,0.04480281037200889,5.653959156,5.605195177,5.750730701,10,2026-07-10T21:53:12Z,1937621.5
bsan,crossbeam-utils-0.8.21,arc_poison_wr,success,39.824,5.6390441438,0.04278736058112339,5.6398637229999995,5.570014758,5.731183151,10,2026-07-10T21:54:14Z,1937621.5
bsan,crossbeam-utils-0.8.21,arc_poison_ww,success,39.824,5.642551044799999,0.05913779999914598,5.6465362795,5.546255132,5.744399291,10,2026-07-10T21:55:16Z,1937621.5
bsan,crossbeam-utils-0.8.21,frob,success,39.824,103.67558002560001,5.293045115912156,102.18286122149999,95.545284236,113.795620097,10,2026-07-10T22:14:16Z,1937621.5
bsan,crossbeam-utils-0.8.21,smoke,success,39.824,6.306461436899999,0.3063496345555153,6.3749429405,5.772784066,6.741933648,10,2026-07-10T22:15:26Z,1937621.5
bsan,crossbeam-utils-0.8.21,test_get_mut,success,39.824,5.8289809645999995,0.4220540001957271,5.803380258000001,5.270141796,6.609863514,10,2026-07-10T22:16:30Z,1937621.5
bsan,crossbeam-utils-0.8.21,test_get_mut_poison,success,39.824,5.572101336,0.40353926146872615,5.3935633565,5.169996817,6.272019596,10,2026-07-10T22:17:31Z,1937621.5
bsan,crossbeam-utils-0.8.21,test_into_inner,success,39.824,5.6598718622,0.44469604233058024,5.5117723775,5.204774181,6.328892133,10,2026-07-10T22:18:34Z,1937621.5
bsan,crossbeam-utils-0.8.21,test_into_inner_drop,success,39.824,6.0088651816,0.5948477527882675,6.1897943115,5.182557244,6.596711042,10,2026-07-10T22:19:40Z,1937621.5
bsan,crossbeam-utils-0.8.21,test_into_inner_poison,success,39.824,5.7964492532,0.6259966725188354,5.7069551235,5.11604681,6.872954091,10,2026-07-10T22:20:44Z,1937621.5
bsan,crossbeam-utils-0.8.21,try_write,success,39.824,5.641680011999999,0.3332192071564378,5.6759346950000005,5.142778967,6.147869002,10,2026-07-10T22:21:47Z,1937621.5
bsan,crossbeam-utils-0.8.21,unsized_type,success,39.824,5.6677994008,0.42786691814213285,5.528534479,5.200827641,6.371356796,10,2026-07-10T22:22:50Z,1937621.5
bsan,crossbeam-utils-0.8.21,as_pthread_t,success,39.824,5.8949516149,0.5864720608589274,5.633375532500001,5.398089802,6.968883831,10,2026-07-10T22:23:55Z,1937621.5
bsan,crossbeam-utils-0.8.21,counter,success,39.824,5.667032601400001,0.3508793873831535,5.4507377235,5.329259185,6.144315688,10,2026-07-10T22:24:57Z,1937621.5
bsan,crossbeam-utils-0.8.21,counter_builder,success,39.824,6.096821584900001,0.5412616085403731,6.1088407149999995,5.408139881,6.771949438,10,2026-07-10T22:26:04Z,1937621.5
bsan,crossbeam-utils-0.8.21,counter_panic,success,39.824,5.8900738941,0.3889083172953755,5.7181692405,5.565108478,6.727896924,10,2026-07-10T22:27:08Z,1937621.5
bsan,crossbeam-utils-0.8.21,join,success,39.824,6.056134838699999,0.40672955667346555,6.073326034500001,5.340135588,6.766767173,10,2026-07-10T22:28:15Z,1937621.5
bsan,crossbeam-utils-0.8.21,join_nested,success,39.824,6.3719736432000005,0.28575210305495236,6.460757443,5.904010352,6.678380606,10,2026-07-10T22:29:25Z,1937621.5
bsan,crossbeam-utils-0.8.21,nesting,success,39.824,5.8889554317,0.1965773403317293,5.973592163,5.487659718,6.074953116,10,2026-07-10T22:30:30Z,1937621.5
bsan,crossbeam-utils-0.8.21,panic_many,success,39.824,5.724830594099998,0.3008674228288089,5.654493785,5.366412133,6.088526336,10,2026-07-10T22:31:33Z,1937621.5
bsan,crossbeam-utils-0.8.21,panic_twice,success,39.824,6.173827511100001,0.36782768709905994,6.1577420709999995,5.670297236,6.871917887,10,2026-07-10T22:32:42Z,1937621.5
bsan,crossbeam-utils-0.8.21,scope_returns_ok,success,39.824,5.5585598263,0.38408810497375956,5.423732843,5.173223829,6.194083204,10,2026-07-10T22:33:42Z,1937621.5
bsan,crossbeam-utils-0.8.21,wait,success,39.824,5.7579452941,0.4377444725831772,5.586287229,5.298503634,6.593264768,10,2026-07-10T22:34:45Z,1937621.5
bsan,crossbeam-utils-0.8.21,wait_and_drop,success,39.824,5.583391603400001,0.23023140410116674,5.5071193245,5.337201691,6.047674172,10,2026-07-10T22:35:47Z,1937621.5
bsan,hashlink-0.11.0,test_borrow,success,20.912,4.350141020100001,0.0660964683521302,4.362637653,4.25083471,4.446685224,10,2026-07-10T21:03:17Z,1937621.6
bsan,hashlink-0.11.0,test_clear,success,20.912,4.4570690497,0.060146527422524916,4.4292336045,4.411507953,4.588003567,10,2026-07-10T21:04:06Z,1937621.6
bsan,hashlink-0.11.0,test_consuming_iter,success,20.912,4.432889411700001,0.03961688028118471,4.442838248499999,4.379511779,4.4864644160000005,10,2026-07-10T21:04:55Z,1937621.6
bsan,hashlink-0.11.0,test_consuming_iter_empty,success,20.912,4.3550209236,0.016655837788056564,4.355824871499999,4.329071878,4.383137037,10,2026-07-10T21:05:43Z,1937621.6
bsan,hashlink-0.11.0,test_consuming_iter_with_free_list,success,20.912,4.3233167071,0.025453856799749548,4.3315990305,4.273241811,4.354789247,10,2026-07-10T21:06:30Z,1937621.6
bsan,hashlink-0.11.0,test_cursor_back_mut,success,20.912,4.2718687133,0.013233389409303284,4.272650657,4.24895291,4.286789802,10,2026-07-10T21:07:17Z,1937621.6
bsan,hashlink-0.11.0,test_cursor_front_mut,success,20.912,4.2522757029,0.01940521363004815,4.246369166999999,4.240373473,4.30306603,10,2026-07-10T21:08:04Z,1937621.6
bsan,hashlink-0.11.0,test_cursor_mut_current,success,20.912,4.1393653628,0.03624454065963015,4.134766770500001,4.091358443,4.192931799,10,2026-07-10T21:08:50Z,1937621.6
bsan,hashlink-0.11.0,test_cursor_mut_insert_after,success,20.912,4.1144908589,0.021258353264540196,4.110750426,4.081823618,4.14593502,10,2026-07-10T21:09:35Z,1937621.6
bsan,hashlink-0.11.0,test_cursor_mut_insert_before,success,20.912,4.1168405081,0.018492570973602553,4.115498612,4.091564953,4.153627605,10,2026-07-10T21:10:20Z,1937621.6
bsan,hashlink-0.11.0,test_cursor_mut_insert_before_itself,success,20.912,4.0422297414,0.029488809094788033,4.0410384415,4.004892637,4.110525447,10,2026-07-10T21:11:05Z,1937621.6
bsan,hashlink-0.11.0,test_cursor_mut_move_next,success,20.912,4.0517731565999995,0.017981372088430828,4.0533773545,4.019377678,4.079046253,10,2026-07-10T21:11:49Z,1937621.6
bsan,hashlink-0.11.0,test_cursor_mut_move_prev,success,20.912,4.0266238756,0.05668840391600992,4.0596923364999995,3.922362386,4.077437225,10,2026-07-10T21:12:34Z,1937621.6
bsan,hashlink-0.11.0,test_cursor_mut_pick_next,success,20.912,3.9516121022,0.023338500099964635,3.9524713295000002,3.916100261,3.99077946,10,2026-07-10T21:13:17Z,1937621.6
bsan,hashlink-0.11.0,test_cursor_mut_pick_prev,success,20.912,3.9402115554000003,0.03383567746456954,3.948131461,3.859381108,3.972399276,10,2026-07-10T21:14:00Z,1937621.6
bsan,hashlink-0.11.0,test_drain,success,20.912,6.1549164229,0.06251996957056896,6.1379083715,6.104319574,6.324261997,10,2026-07-10T21:15:08Z,1937621.6
bsan,hashlink-0.11.0,test_entry_insert_vacant,success,20.912,3.8918377121,0.021107411863624234,3.8889959469999997,3.859079619,3.926844438,10,2026-07-10T21:15:51Z,1937621.6
bsan,hashlink-0.11.0,test_index,success,20.912,3.8848659570999997,0.021343124378789904,3.8814789195,3.851969504,3.920727994,10,2026-07-10T21:16:34Z,1937621.6
bsan,hashlink-0.11.0,test_insert_and_get,success,20.912,3.8911974077000004,0.02858995932251681,3.886690188,3.84180338,3.928203165,10,2026-07-10T21:17:16Z,1937621.6
bsan,hashlink-0.11.0,test_insert_update,success,20.912,3.8706996072999997,0.025231027811765727,3.868881349,3.840246174,3.915591653,10,2026-07-10T21:17:59Z,1937621.6
bsan,hashlink-0.11.0,test_into_iter_drop,success,20.912,3.8556466932000006,0.022642330669349515,3.8513968695000003,3.827653606,3.898794891,10,2026-07-10T21:18:42Z,1937621.6
bsan,hashlink-0.11.0,test_iter,success,20.912,3.7461791381000005,0.04232948063907806,3.765817995,3.66860483,3.789702875,10,2026-07-10T21:19:23Z,1937621.6
bsan,hashlink-0.11.0,test_iter_mut,success,20.912,3.7761995018,0.055908632910332594,3.776652119,3.670029378,3.876852427,10,2026-07-10T21:20:04Z,1937621.6
bsan,hashlink-0.11.0,test_move,success,20.912,3.7992400116999994,0.011706591330494572,3.798248006,3.78418374,3.816379564,10,2026-07-10T21:20:46Z,1937621.6
bsan,hashlink-0.11.0,test_order_equality,success,20.912,3.8333308071000003,0.019061381128385343,3.829406562,3.810600715,3.870503112,10,2026-07-10T21:21:28Z,1937621.6
bsan,hashlink-0.11.0,test_pop,success,20.912,3.7679513254,0.041951137569063955,3.784278426,3.683279228,3.809029205,10,2026-07-10T21:22:10Z,1937621.6
bsan,hashlink-0.11.0,test_remove,success,20.912,3.7230728405,0.04079012950720067,3.709615902,3.673886596,3.809450011,10,2026-07-10T21:22:51Z,1937621.6
bsan,hashlink-0.11.0,test_replace,success,20.912,3.692101590599999,0.03443244493683681,3.684317687,3.654025325,3.7514405980000003,10,2026-07-10T21:23:31Z,1937621.6
bsan,hashlink-0.11.0,test_reserve,success,20.912,3.6546995099999995,0.03720673206815818,3.643022486,3.618344927,3.73278713,10,2026-07-10T21:24:12Z,1937621.6
bsan,hashlink-0.11.0,test_retain,success,20.912,3.6603117661000004,0.03478763234165322,3.6571616440000003,3.622052391,3.730607816,10,2026-07-10T21:24:52Z,1937621.6
bsan,hashlink-0.11.0,test_send_sync,success,20.912,3.6368965077,0.041053889103615265,3.6431709375,3.577503164,3.7072727739999998,10,2026-07-10T21:25:32Z,1937621.6
bsan,hashlink-0.11.0,test_shrink_to_fit_resize,success,20.912,3.8453966705,0.02242662266650251,3.8433946834999997,3.803484838,3.879192205,10,2026-07-10T21:26:14Z,1937621.6
bsan,hashlink-0.11.0,double_ended_iter,success,20.912,3.6765316871000002,0.0396834739677758,3.6767299305,3.6224298,3.7464952680000003,10,2026-07-10T21:26:55Z,1937621.6
bsan,hashlink-0.11.0,front_back,success,20.912,3.6674441974000005,0.025448025011091918,3.6655755325,3.63111263,3.713189199,10,2026-07-10T21:27:35Z,1937621.6
bsan,hashlink-0.11.0,insert_order,success,20.912,3.6843606035999996,0.03053080383211419,3.679741791,3.635422772,3.725745862,10,2026-07-10T21:28:16Z,1937621.6
bsan,hashlink-0.11.0,test_difference,success,20.912,3.6808912185999993,0.04392028406621215,3.6735513155,3.627098093,3.754512962,10,2026-07-10T21:28:56Z,1937621.6
bsan,hashlink-0.11.0,test_disjoint,success,20.912,3.6845927314999996,0.02473064112682384,3.690762232,3.648131201,3.715626475,10,2026-07-10T21:29:37Z,1937621.6
bsan,hashlink-0.11.0,test_eq,success,20.912,3.691414012100001,0.03032133087095146,3.697206249,3.634630372,3.74427664,10,2026-07-10T21:30:17Z,1937621.6
bsan,hashlink-0.11.0,test_extend_ref,success,20.912,3.7101161350999994,0.041487600100161705,3.7155048625,3.649399375,3.768579998,10,2026-07-10T21:30:58Z,1937621.6
bsan,hashlink-0.11.0,test_from_iter,success,20.912,3.6971170598999996,0.02510431409710614,3.6937706749999997,3.662012614,3.751900332,10,2026-07-10T21:31:39Z,1937621.6
bsan,hashlink-0.11.0,test_intersection,success,20.912,3.7239243917999993,0.026685782495448004,3.7228121695,3.684553038,3.759535164,10,2026-07-10T21:32:20Z,1937621.6
bsan,hashlink-0.11.0,test_iterate,success,20.912,3.7939958822,0.028225117122815443,3.798542553,3.755852495,3.827886089,10,2026-07-10T21:33:02Z,1937621.6
bsan,hashlink-0.11.0,test_move_iter,success,20.912,3.7294572744,0.03258228963595101,3.717161661,3.691878902,3.784807855,10,2026-07-10T21:33:43Z,1937621.6
bsan,hashlink-0.11.0,test_retain_with_order,success,20.912,3.7138354051999998,0.015300252177911988,3.7156313560000003,3.695229291,3.746434593,10,2026-07-10T21:34:24Z,1937621.6
bsan,hashlink-0.11.0,test_show,success,20.912,3.7882506129999998,0.025840504334976165,3.7867668020000003,3.758013842,3.836244169,10,2026-07-10T21:35:05Z,1937621.6
bsan,hashlink-0.11.0,test_subset_and_superset,success,20.912,3.8017650869999997,0.030154183256471925,3.8045269765,3.757949711,3.852598154,10,2026-07-10T21:35:47Z,1937621.6
bsan,hashlink-0.11.0,test_symmetric_difference,success,20.912,3.7913770506000004,0.029821506018110747,3.7926133825,3.752394712,3.8324349470000003,10,2026-07-10T21:36:29Z,1937621.6
bsan,hashlink-0.11.0,test_trivial_drain,success,20.912,3.759155162,0.027452744351722628,3.74817473,3.730778398,3.808728778,10,2026-07-10T21:37:10Z,1937621.6
bsan,hashlink-0.11.0,test_union,success,20.912,3.8074842013000003,0.02902809905973638,3.8111022825000003,3.765121187,3.8554920370000003,10,2026-07-10T21:37:52Z,1937621.6
bsan,hashlink-0.11.0,test_zero_capacities,success,20.912,3.7983143253000007,0.03558025662030809,3.7980078915,3.743412499,3.84705017,10,2026-07-10T21:38:34Z,1937621.6
bsan,hashlink-0.11.0,to_back_front_order,success,20.912,3.8049486289,0.044034400983221283,3.803146968,3.732625216,3.874838351,10,2026-07-10T21:39:16Z,1937621.6
bsan,hashlink-0.11.0,test_change_capacity,success,20.912,3.8133337558999996,0.014626947458899493,3.8077166995000002,3.795330938,3.84055545,10,2026-07-10T21:39:58Z,1937621.6
bsan,hashlink-0.11.0,test_contains_key,success,20.912,3.820881793700001,0.0388694999084362,3.829262827,3.753598858,3.877712233,10,2026-07-10T21:40:40Z,1937621.6
bsan,hashlink-0.11.0,test_entry,success,20.912,3.7699369438,0.019493503725565388,3.768094192,3.742030205,3.801932593,10,2026-07-10T21:41:21Z,1937621.6
bsan,hashlink-0.11.0,test_expire_lru,success,20.912,3.7373498624999995,0.035790352540796724,3.7479602005,3.679811856,3.772249777,10,2026-07-10T21:42:02Z,1937621.6
bsan,hashlink-0.11.0,test_peek,success,20.912,3.7500278212999993,0.03122334386929185,3.7453180145,3.70136326,3.818895465,10,2026-07-10T21:42:43Z,1937621.6
bsan,hashlink-0.11.0,test_put_and_get,success,20.912,3.7655014189,0.0225872996417985,3.7626321865000003,3.734516267,3.8077743230000003,10,2026-07-10T21:43:25Z,1937621.6
bsan,hashlink-0.11.0,test_put_update,success,20.912,3.7570557186,0.026731820415581423,3.7551238490000003,3.725059302,3.804605269,10,2026-07-10T21:44:06Z,1937621.6
bsan,spin-0.12.0,barrier::tests::test_barrier,success,86.152,1.4750265181999997,0.04551500291086429,1.4649195535000001,1.4195871260000001,1.580266059,10,2026-07-10T21:04:33Z,1937621.8
bsan,spin-0.12.0,mutex::spin::tests::lots_and_lots,success,86.152,1.8388518504,0.043225550714962306,1.838004968,1.786285194,1.934001765,10,2026-07-10T21:04:54Z,1937621.8
bsan,spin-0.12.0,mutex::spin::tests::smoke,success,86.152,1.1526036562000002,0.006507351951826349,1.1516632505,1.143799213,1.165442959,10,2026-07-10T21:05:06Z,1937621.8
bsan,spin-0.12.0,mutex::spin::tests::test_into_inner,success,86.152,1.1472511663,0.006050681361275463,1.1462090539999998,1.13694993,1.158590769,10,2026-07-10T21:05:19Z,1937621.8
bsan,spin-0.12.0,mutex::spin::tests::test_into_inner_drop,success,86.152,1.1505941101000001,0.008977915177392404,1.1512342105000002,1.137413958,1.164590123,10,2026-07-10T21:05:32Z,1937621.8
bsan,spin-0.12.0,mutex::spin::tests::test_mutex_arc_access_in_unwind,success,86.152,1.1570600412999998,0.021720441510252073,1.152479682,1.140248812,1.216281666,10,2026-07-10T21:05:44Z,1937621.8
bsan,spin-0.12.0,mutex::spin::tests::test_mutex_arc_nested,success,86.152,1.1455844145999998,0.010119679145956864,1.1430279885,1.131487177,1.163053492,10,2026-07-10T21:05:57Z,1937621.8
bsan,spin-0.12.0,mutex::spin::tests::test_mutex_force_lock,success,86.152,1.1415685155,0.0070293928610183735,1.1391608425,1.1329777619999999,1.153921961,10,2026-07-10T21:06:10Z,1937621.8
bsan,spin-0.12.0,mutex::spin::tests::test_mutex_unsized,success,86.152,1.1395411706,0.006199543181470306,1.139971112,1.130121109,1.1523716450000001,10,2026-07-10T21:06:22Z,1937621.8
bsan,spin-0.12.0,mutex::spin::tests::try_lock,success,86.152,1.132706542,0.009109899355402492,1.135085751,1.120795204,1.145359058,10,2026-07-10T21:06:35Z,1937621.8
bsan,spin-0.12.0,once::tests::call_once_test,success,86.152,2.5615026988,0.028118737204068246,2.5647244395,2.523805807,2.612065065,10,2026-07-10T21:07:03Z,1937621.8
bsan,spin-0.12.0,once::tests::drop_occurs_and_skip_uninit_drop,success,86.152,1.1321746537,0.009247116953011957,1.12934986,1.121798209,1.147318287,10,2026-07-10T21:07:15Z,1937621.8
bsan,spin-0.12.0,once::tests::get,success,86.152,1.1323436496999997,0.0072277392848975365,1.133167465,1.120115469,1.140941879,10,2026-07-10T21:07:28Z,1937621.8
bsan,spin-0.12.0,once::tests::get_no_wait,success,86.152,4.1303091234,0.009968276400159083,4.131680936,4.109293326,4.142003825,10,2026-07-10T21:08:13Z,1937621.8
bsan,spin-0.12.0,once::tests::init_constant,success,86.152,1.0989914027999999,0.009675612259763322,1.1001671545,1.077282814,1.113574924,10,2026-07-10T21:08:25Z,1937621.8
bsan,spin-0.12.0,once::tests::init_from_ref_basic,success,86.152,1.08927455,0.006663789007297541,1.0903789425000001,1.075297619,1.098662564,10,2026-07-10T21:08:37Z,1937621.8
bsan,spin-0.12.0,once::tests::panic,success,86.152,1.1022883937,0.00769157355079612,1.1047598495,1.08650169,1.113139346,10,2026-07-10T21:08:49Z,1937621.8
bsan,spin-0.12.0,once::tests::poll,success,86.152,1.0874023337,0.006704244331836876,1.0879954195,1.074741397,1.096967423,10,2026-07-10T21:09:01Z,1937621.8
bsan,spin-0.12.0,once::tests::smoke_once,success,86.152,1.0823982954000002,0.007568084954701723,1.083878038,1.071946477,1.091464706,10,2026-07-10T21:09:13Z,1937621.8
bsan,spin-0.12.0,once::tests::smoke_once_value,success,86.152,1.0899261615999998,0.0105192634280693,1.0890773005,1.071705418,1.1041607230000001,10,2026-07-10T21:09:25Z,1937621.8
bsan,spin-0.12.0,once::tests::stampede_once,success,86.152,1.1501829763999998,0.007676212514477601,1.1515643515,1.133440363,1.159501082,10,2026-07-10T21:09:38Z,1937621.8
bsan,spin-0.12.0,once::tests::try_call_once_err,success,86.152,1.1714350301,0.006993518865629557,1.169115289,1.162993184,1.182427905,10,2026-07-10T21:09:51Z,1937621.8
bsan,spin-0.12.0,once::tests::wait,success,86.152,1.0925470065000003,0.009798277040720524,1.09035071,1.08099404,1.108410041,10,2026-07-10T21:10:03Z,1937621.8
bsan,spin-0.12.0,rwlock::tests::smoke,success,86.152,1.0902306619000002,0.006317403984103807,1.0900844065,1.080224533,1.099309893,10,2026-07-10T21:10:15Z,1937621.8
bsan,spin-0.12.0,rwlock::tests::test_force_read_decrement,success,86.152,1.0847700411,0.010789299057513592,1.090247046,1.065156351,1.097659338,10,2026-07-10T21:10:27Z,1937621.8
bsan,spin-0.12.0,rwlock::tests::test_force_write_unlock,success,86.152,1.0705016264,0.009910062818458307,1.0695634,1.054131398,1.086065204,10,2026-07-10T21:10:39Z,1937621.8
bsan,spin-0.12.0,rwlock::tests::test_into_inner,success,86.152,1.0722728637,0.00982114782595771,1.0731880495000001,1.053863858,1.088298885,10,2026-07-10T21:10:50Z,1937621.8
bsan,spin-0.12.0,rwlock::tests::test_into_inner_drop,success,86.152,1.0697513912,0.011261126432128942,1.0739547515,1.047000637,1.086810036,10,2026-07-10T21:11:02Z,1937621.8
bsan,spin-0.12.0,rwlock::tests::test_rw_access_in_unwind,success,86.152,1.0861342625,0.009097902764319793,1.0886733845,1.071018634,1.098379692,10,2026-07-10T21:11:14Z,1937621.8
bsan,spin-0.12.0,rwlock::tests::test_rw_arc,success,86.152,1.1073935941000002,0.01195872351187755,1.10442708,1.093567408,1.12678516,10,2026-07-10T21:11:26Z,1937621.8
bsan,spin-0.12.0,rwlock::tests::test_rw_try_read,success,86.152,1.0701408615999999,0.005771484259432386,1.070389303,1.06066541,1.077253416,10,2026-07-10T21:11:38Z,1937621.8
bsan,spin-0.12.0,rwlock::tests::test_rwlock_try_write,success,86.152,1.0720751176,0.009387964359554414,1.073377064,1.057828227,1.087441787,10,2026-07-10T21:11:50Z,1937621.8
bsan,spin-0.12.0,rwlock::tests::test_rwlock_unsized,success,86.152,1.0735283498,0.010016899071738809,1.0708838489999999,1.062272985,1.090766676,10,2026-07-10T21:12:02Z,1937621.8
bsan,spin-0.12.0,rwlock::tests::test_upgrade_downgrade,success,86.152,1.075670051,0.014137326974008532,1.074115767,1.047735539,1.10017445,10,2026-07-10T21:12:13Z,1937621.8
bsan,lazycell-1.3.0,tests::atomic_replace,success,4.859,1.2066374461999998,0.06900613819572637,1.2215810029999998,1.069341863,1.3049385500000001,10,2026-07-10T21:03:27Z,1937621.9
bsan,lazycell-1.3.0,tests::clone,success,4.859,1.1816883607000002,0.08069604938184977,1.1954736285,1.052935504,1.279105206,10,2026-07-10T21:03:40Z,1937621.9
bsan,lazycell-1.3.0,tests::clone_atomic,success,4.859,1.238784399,0.06997810702723782,1.245533779,1.136221936,1.335609032,10,2026-07-10T21:03:54Z,1937621.9
bsan,lazycell-1.3.0,tests::default,success,4.859,1.0381865124999998,0.007329931971064291,1.037248127,1.029423658,1.049999891,10,2026-07-10T21:04:05Z,1937621.9
bsan,lazycell-1.3.0,tests::normal_replace,success,4.859,1.0303105044,0.00853505231965657,1.027232275,1.020775215,1.046392492,10,2026-07-10T21:04:17Z,1937621.9
bsan,lazycell-1.3.0,tests::test_already_filled_error,success,4.859,1.0209501037,0.005528914138361929,1.020982326,1.012959251,1.030340302,10,2026-07-10T21:04:28Z,1937621.9
bsan,lazycell-1.3.0,tests::test_atomic_already_filled_panic,success,4.859,1.0149463611999998,0.005405126305249077,1.015428177,1.004534124,1.020898479,10,2026-07-10T21:04:39Z,1937621.9
bsan,lazycell-1.3.0,tests::test_atomic_borrow_from_empty,success,4.859,1.0067125010000002,0.004854708971326512,1.007758021,0.9984980350000001,1.012773492,10,2026-07-10T21:04:50Z,1937621.9
bsan,lazycell-1.3.0,tests::test_atomic_fill_and_borrow,success,4.859,1.005444516,0.004280820096430984,1.0043309310000001,0.999322832,1.01231379,10,2026-07-10T21:05:01Z,1937621.9
bsan,lazycell-1.3.0,tests::test_atomic_into_inner,success,4.859,1.0035154925999998,0.006305836697112828,1.0049615235,0.993657211,1.011470275,10,2026-07-10T21:05:12Z,1937621.9
bsan,lazycell-1.3.0,tests::test_borrow_from_empty,success,4.859,1.0027716401000002,0.004594892744209014,1.0045651735,0.994135435,1.010073677,10,2026-07-10T21:05:23Z,1937621.9
bsan,lazycell-1.3.0,tests::test_borrow_mut,success,4.859,1.0001239011000003,0.004546135931930991,0.9997354785000001,0.9919418820000001,1.008977195,10,2026-07-10T21:05:34Z,1937621.9
bsan,lazycell-1.3.0,tests::test_borrow_mut_with,success,4.859,0.9886886678,0.004694360860322208,0.9895816435,0.9814413110000001,0.997262097,10,2026-07-10T21:05:45Z,1937621.9
bsan,lazycell-1.3.0,tests::test_borrow_mut_with_already_filled,success,4.859,0.9880516817,0.005139752391900467,0.9872496610000001,0.9830059010000001,0.9985299070000001,10,2026-07-10T21:05:56Z,1937621.9
bsan,lazycell-1.3.0,tests::test_borrow_mut_with_not_called_when_filled,success,4.859,0.9957873021000001,0.004225082429078329,0.9953107715,0.9905263460000001,1.005656204,10,2026-07-10T21:06:07Z,1937621.9
bsan,lazycell-1.3.0,tests::test_borrow_with,success,4.859,0.9919357522000001,0.004395389350076619,0.991588006,0.986786483,1.00304096,10,2026-07-10T21:06:18Z,1937621.9
bsan,lazycell-1.3.0,tests::test_borrow_with_already_filled,success,4.859,0.9857130924000002,0.00766595066838741,0.9862090880000001,0.9759176780000001,0.9996045130000001,10,2026-07-10T21:06:29Z,1937621.9
bsan,lazycell-1.3.0,tests::test_borrow_with_not_called_when_filled,success,4.859,0.9780619987000001,0.006859721081689082,0.9798817405,0.9606197510000001,0.9851630050000001,10,2026-07-10T21:06:40Z,1937621.9
bsan,lazycell-1.3.0,tests::test_borrow_with_sound_with_reentrancy,success,4.859,0.9866961532000001,0.004063776857950574,0.9881430820000001,0.980270768,0.991929597,10,2026-07-10T21:06:51Z,1937621.9
bsan,lazycell-1.3.0,tests::test_fill_and_borrow,success,4.859,0.980695201,0.005017252723347718,0.9805497825,0.974444344,0.9907005230000001,10,2026-07-10T21:07:01Z,1937621.9
bsan,lazycell-1.3.0,tests::test_into_inner,success,4.859,0.9803138281000002,0.003812472433746324,0.9800923535000001,0.9759433160000001,0.987346237,10,2026-07-10T21:07:12Z,1937621.9
bsan,lazycell-1.3.0,tests::test_try_borrow_mut_with_already_filled,success,4.859,0.9812423977,0.00450086226429436,0.982525482,0.972704471,0.987358684,10,2026-07-10T21:07:23Z,1937621.9
bsan,lazycell-1.3.0,tests::test_try_borrow_mut_with_err,success,4.859,0.9780800146,0.007946202453903373,0.9815771910000001,0.964959788,0.9861496730000001,10,2026-07-10T21:07:34Z,1937621.9
bsan,lazycell-1.3.0,tests::test_try_borrow_mut_with_ok,success,4.859,0.9733285545000001,0.005682275752086385,0.9713418765,0.9679936520000001,0.987579607,10,2026-07-10T21:07:44Z,1937621.9
bsan,lazycell-1.3.0,tests::test_try_borrow_with_already_filled,success,4.859,0.9695964246000001,0.007338776193613936,0.9716459825000001,0.956907597,0.979583289,10,2026-07-10T21:07:55Z,1937621.9
bsan,lazycell-1.3.0,tests::test_try_borrow_with_err,success,4.859,0.9716835062000001,0.0059208329118382,0.9734978205,0.96206789,0.980521909,10,2026-07-10T21:08:06Z,1937621.9
bsan,lazycell-1.3.0,tests::test_try_borrow_with_ok,success,4.859,0.9566595113000002,0.006035322337695088,0.9551329390000001,0.94878432,0.96618482,10,2026-07-10T21:08:16Z,1937621.9
bsan,lazycell-1.3.0,tests::test_try_borrow_with_sound_with_reentrancy,success,4.859,0.9643968506000002,0.007456164746395422,0.9635113585000001,0.951581034,0.9772672840000001,10,2026-07-10T21:08:27Z,1937621.9
bsan,bytemuck-1.25.0,,build_failed,,,,,,,10,2026-07-10T21:04:07Z,1937622.10
bsan,crossbeam-queue-0.3.12,,build_failed,,,,,,,10,2026-07-10T21:04:09Z,1937622.12
bsan,alloc-stdlib-0.2.2,tests::heap_test,success,941.228,2.0559900193,0.023839260920958456,2.0517686250000002,2.023030942,2.089932618,10,2026-07-10T21:20:05Z,1937622.13
bsan,alloc-stdlib-0.2.2,tests::std_test,success,941.228,2.0851428220999995,0.052181805877209594,2.0754020965,2.042247748,2.226099303,10,2026-07-10T21:20:28Z,1937622.13
bsan,alloc-stdlib-0.2.2,calloc_pool_test,success,941.228,2.0940391604,0.010944714231089682,2.095548764,2.07725252,2.109883055,10,2026-07-10T21:20:51Z,1937622.13
bsan,alloc-stdlib-0.2.2,global_pool_test,success,941.228,2.0778547041,0.05018681416100076,2.068485869,2.014605208,2.200571679,10,2026-07-10T21:21:14Z,1937622.13
bsan,alloc-stdlib-0.2.2,heap_pool_test,success,941.228,2.3874291356,0.05043156179964492,2.382782882,2.293076627,2.479359248,10,2026-07-10T21:21:40Z,1937622.13
bsan,alloc-stdlib-0.2.2,stack_pool_free_null,success,941.228,2.0933476534999995,0.040439464033119904,2.0917222475,2.044504097,2.192130884,10,2026-07-10T21:22:03Z,1937622.13
bsan,alloc-stdlib-0.2.2,stack_pool_test,success,941.228,2.0344311585,0.025944521716137366,2.0320106795,1.999195582,2.081014562,10,2026-07-10T21:22:26Z,1937622.13
bsan,alloc-stdlib-0.2.2,uninitialized_calloc_pool_test,success,941.228,2.0639322178000006,0.024585781038674936,2.0571795880000003,2.026069498,2.10705952,10,2026-07-10T21:22:49Z,1937622.13
bsan,alloc-stdlib-0.2.2,uninitialized_global_pool_test,success,941.228,2.0560133136000003,0.06189998145815645,2.0426944029999996,1.988172219,2.215306138,10,2026-07-10T21:23:11Z,1937622.13
bsan,alloc-stdlib-0.2.2,uninitialized_stack_pool_free_null,success,941.228,2.0490967774,0.05330893790392702,2.0304748110000004,2.005009333,2.185258312,10,2026-07-10T21:23:34Z,1937622.13
bsan,alloc-stdlib-0.2.2,uninitialized_stack_pool_test,success,941.228,2.0346582198000003,0.04954360569826479,2.0245439689999998,1.986206751,2.159757758,10,2026-07-10T21:23:56Z,1937622.13
bsan,alloc-no-stdlib-2.0.4,tests::heap_test,success,942.925,2.080152898,0.04050011119871072,2.084738027,2.01641688,2.131482573,10,2026-07-10T21:20:06Z,1937622.14
bsan,alloc-no-stdlib-2.0.4,calloc_pool_test,success,942.925,2.1209773292,0.058165373720567,2.1001841189999997,2.084356844,2.278956391,10,2026-07-10T21:20:30Z,1937622.14
bsan,alloc-no-stdlib-2.0.4,global_pool_test,success,942.925,2.075126343,0.02315614332609045,2.077534118,2.037232499,2.108856329,10,2026-07-10T21:20:53Z,1937622.14
bsan,alloc-no-stdlib-2.0.4,stack_pool_free_null,success,942.925,2.1323992764,0.031222040363305874,2.129476952,2.073649027,2.185344386,10,2026-07-10T21:21:16Z,1937622.14
bsan,alloc-no-stdlib-2.0.4,stack_pool_test,success,942.925,2.0672942070000007,0.030891831578302224,2.0710967145,2.028985876,2.115886739,10,2026-07-10T21:21:39Z,1937622.14
bsan,alloc-no-stdlib-2.0.4,uninitialized_calloc_pool_test,success,942.925,2.104954357,0.04793416276281707,2.094503802,2.061322815,2.233437796,10,2026-07-10T21:22:02Z,1937622.14
bsan,alloc-no-stdlib-2.0.4,uninitialized_global_pool_test,success,942.925,2.0553560937,0.028039372903234928,2.054802679,1.999339446,2.101677055,10,2026-07-10T21:22:25Z,1937622.14
bsan,alloc-no-stdlib-2.0.4,uninitialized_stack_pool_free_null,success,942.925,2.0604528302,0.03489415278824642,2.0549583714999997,2.024337943,2.149564123,10,2026-07-10T21:22:48Z,1937622.14
bsan,alloc-no-stdlib-2.0.4,uninitialized_stack_pool_test,success,942.925,2.0746569607000005,0.04238656313652391,2.0606979069999998,2.031601268,2.186072121,10,2026-07-10T21:23:11Z,1937622.14
bsan,anstyle-1.0.14,color::test::max_display_buffer,success,15.578,0.9489902466,0.023052056836694004,0.9529753120000001,0.9087957780000001,0.989248666,10,2026-07-10T21:04:30Z,1937622.15
bsan,anstyle-1.0.14,color::test::no_align,success,15.578,0.9596133848000001,0.012750024145522726,0.9586347835000001,0.941522791,0.9861610460000001,10,2026-07-10T21:04:41Z,1937622.15
bsan,anstyle-1.0.14,color::test::print_size_of,success,15.578,0.9284362375,0.011611284509534818,0.9241809480000001,0.9119596390000001,0.943484037,10,2026-07-10T21:04:51Z,1937622.15
bsan,anstyle-1.0.14,effect::test::no_align,success,15.578,0.9412782284000001,0.013434354996891029,0.9375394315000001,0.9246951360000001,0.975721511,10,2026-07-10T21:05:01Z,1937622.15
bsan,anstyle-1.0.14,effect::test::print_size_of,success,15.578,0.926899452,0.011412561002918754,0.928187673,0.906222586,0.9467768870000001,10,2026-07-10T21:05:12Z,1937622.15
bsan,anstyle-1.0.14,reset::test::no_align,success,15.578,0.9225280803,0.00795058695220266,0.9254628045,0.9054602810000001,0.930658831,10,2026-07-10T21:05:22Z,1937622.15
bsan,anstyle-1.0.14,reset::test::print_size_of,success,15.578,0.914569103,0.015270074385419052,0.9105978155000001,0.8973147850000001,0.9528746360000001,10,2026-07-10T21:05:32Z,1937622.15
bsan,anstyle-1.0.14,style::print_size_of,success,15.578,0.9044865201000001,0.032943522947961074,0.9018056865000001,0.859479749,0.9805625990000001,10,2026-07-10T21:05:42Z,1937622.15
bsan,shlex-2.0.1,bytes::test_invalid_utf8,success,3.657,0.945626588,0.028785229409914497,0.943067011,0.907795352,0.9933354510000001,10,2026-07-10T21:04:14Z,1937622.16
bsan,shlex-2.0.1,bytes::test_lineno,success,3.657,0.9222635275,0.016703863891269027,0.9170944540000001,0.911862979,0.9692023820000001,10,2026-07-10T21:04:25Z,1937622.16
bsan,shlex-2.0.1,bytes::test_split,success,3.657,0.9243500879000001,0.015089532432989952,0.9274278895000001,0.896672919,0.9467033440000001,10,2026-07-10T21:04:35Z,1937622.16
bsan,shlex-2.0.1,test_fallible,success,3.657,0.9017469518000001,0.013479099423247832,0.9062774555,0.8771614480000001,0.914018772,10,2026-07-10T21:04:45Z,1937622.16
bsan,shlex-2.0.1,test_lineno,success,3.657,0.8872564645000001,0.016760806149959673,0.8874658945,0.863148973,0.9108048550000001,10,2026-07-10T21:04:54Z,1937622.16
bsan,shlex-2.0.1,test_quote,success,3.657,1.2520754005999999,0.016926154624391274,1.2531123,1.224632178,1.276748962,10,2026-07-10T21:05:08Z,1937622.16
bsan,shlex-2.0.1,test_split,success,3.657,0.8994244473,0.012751835761952506,0.9031182020000001,0.8782470670000001,0.912612654,10,2026-07-10T21:05:18Z,1937622.16
bsan,camino-1.2.2,tests::test_borrowed_into,success,12.760,1.7037022134000002,0.0318618592675301,1.7035843055000002,1.652780272,1.7557501960000002,10,2026-07-10T21:04:37Z,1937622.17
bsan,camino-1.2.2,tests::test_deref_mut,success,12.760,1.6649750132999999,0.02646499323903682,1.671277419,1.610674919,1.696452752,10,2026-07-10T21:04:56Z,1937622.17
bsan,camino-1.2.2,tests::test_owned_into,success,12.760,1.6600999762000002,0.024602146182436196,1.6565327335000002,1.615222957,1.701132592,10,2026-07-10T21:05:14Z,1937622.17
bsan,camino-1.2.2,test_borrow_eq_ord,success,12.760,2.1618644159000007,0.033961806474616704,2.1672671085,2.086647933,2.2029999,10,2026-07-10T21:05:38Z,1937622.17
bsan,camino-1.2.2,test_borrow_hash,success,12.760,1.625143125,0.04332537827399606,1.6099872160000002,1.582273615,1.704394287,10,2026-07-10T21:05:56Z,1937622.17
bsan,rustversion-1.0.22,,build_failed,,,,,,,10,2026-07-10T21:04:09Z,1937622.19
bsan,csv-1.4.0,byte_record::tests::empty_field_1,success,22.327,1.7870136065000004,0.01999205242106457,1.7904706190000002,1.754877317,1.81678161,10,2026-07-10T21:04:43Z,1937622.1
bsan,csv-1.4.0,byte_record::tests::empty_field_2,success,22.327,1.7620451082000002,0.01597349156927512,1.7653261525000001,1.7337727040000002,1.784755383,10,2026-07-10T21:05:03Z,1937622.1
bsan,csv-1.4.0,byte_record::tests::empty_record,success,22.327,1.7457961840000003,0.01159903764843707,1.7503266705000002,1.718939121,1.755164479,10,2026-07-10T21:05:22Z,1937622.1
bsan,csv-1.4.0,byte_record::tests::empty_surround_1,success,22.327,1.7118486840000002,0.03083955048725133,1.7103518575,1.655417213,1.767263041,10,2026-07-10T21:05:41Z,1937622.1
bsan,csv-1.4.0,byte_record::tests::empty_surround_2,success,22.327,1.6803217141000002,0.0321299519957007,1.6713554965,1.641881443,1.761494441,10,2026-07-10T21:05:59Z,1937622.1
bsan,csv-1.4.0,byte_record::tests::eq_field_boundaries,success,22.327,1.6726535338000001,0.05335390919425708,1.6602794145,1.6065067320000002,1.772769658,10,2026-07-10T21:06:18Z,1937622.1
bsan,csv-1.4.0,byte_record::tests::eq_record_len,success,22.327,1.6649606760000002,0.03890943085089968,1.667152879,1.589115764,1.7196842060000002,10,2026-07-10T21:06:36Z,1937622.1
bsan,csv-1.4.0,byte_record::tests::iter,success,22.327,1.6707380174000002,0.02372476875404375,1.6742158200000001,1.6317860560000002,1.7054093940000001,10,2026-07-10T21:06:54Z,1937622.1
bsan,csv-1.4.0,byte_record::tests::iter_forward_and_reverse,success,22.327,1.6793145648999999,0.028177915031400314,1.685690466,1.6241296360000002,1.72722454,10,2026-07-10T21:07:13Z,1937622.1
bsan,csv-1.4.0,byte_record::tests::iter_reverse,success,22.327,1.6757787288000003,0.03647051406495733,1.6717532335,1.6347422530000002,1.763941578,10,2026-07-10T21:07:31Z,1937622.1
bsan,csv-1.4.0,byte_record::tests::record_1,success,22.327,1.6588866594000002,0.039570398143745515,1.6580194350000002,1.606353509,1.7349479429999999,10,2026-07-10T21:07:50Z,1937622.1
bsan,csv-1.4.0,byte_record::tests::record_2,success,22.327,1.6773386628,0.037039934373548355,1.6674165695,1.640112624,1.7615847050000002,10,2026-07-10T21:08:08Z,1937622.1
bsan,csv-1.4.0,byte_record::tests::trim_back,success,22.327,1.6736625802000002,0.0284031482010327,1.6631929484999999,1.638246872,1.7244019160000001,10,2026-07-10T21:08:27Z,1937622.1
bsan,csv-1.4.0,byte_record::tests::trim_both,success,22.327,1.6541000466000004,0.028889564581919193,1.6625087095,1.5837221330000002,1.6852850990000001,10,2026-07-10T21:08:45Z,1937622.1
bsan,csv-1.4.0,byte_record::tests::trim_does_not_panic_on_empty_records_1,success,22.327,1.6660125995999997,0.03570580786614853,1.6569873575,1.620543137,1.725401468,10,2026-07-10T21:09:03Z,1937622.1
bsan,csv-1.4.0,byte_record::tests::trim_does_not_panic_on_empty_records_2,success,22.327,1.6665769899,0.03166492464811783,1.6653664195000002,1.6139945629999999,1.710108479,10,2026-07-10T21:09:21Z,1937622.1
bsan,csv-1.4.0,byte_record::tests::trim_does_not_panic_on_empty_records_3,success,22.327,1.6620708007999998,0.03093319377759027,1.669093742,1.6124850020000001,1.705313445,10,2026-07-10T21:09:40Z,1937622.1
bsan,csv-1.4.0,byte_record::tests::trim_front,success,22.327,1.6587916689,0.025033372209570325,1.6633977039999999,1.607494843,1.6899628340000001,10,2026-07-10T21:09:58Z,1937622.1
bsan,csv-1.4.0,byte_record::tests::trim_whitespace_only,success,22.327,1.6356311431000001,0.02045496252220115,1.6383654280000002,1.595821107,1.66867863,10,2026-07-10T21:10:16Z,1937622.1
bsan,csv-1.4.0,byte_record::tests::utf8_clear_ok,success,22.327,1.6520962070000003,0.04410330201584292,1.6499705740000001,1.5933946520000002,1.742789908,10,2026-07-10T21:10:34Z,1937622.1
bsan,csv-1.4.0,byte_record::tests::utf8_error_1,success,22.327,1.6432477765000002,0.03450922810945674,1.6357506265000001,1.614470409,1.73281148,10,2026-07-10T21:10:52Z,1937622.1
bsan,csv-1.4.0,byte_record::tests::utf8_error_2,success,22.327,1.6373579915,0.032493945889247366,1.6363903455,1.6035623380000001,1.7108032180000001,10,2026-07-10T21:11:10Z,1937622.1
bsan,csv-1.4.0,byte_record::tests::utf8_error_3,success,22.327,1.6480962952000002,0.012389837889696454,1.648941221,1.617436603,1.6600961120000002,10,2026-07-10T21:11:29Z,1937622.1
bsan,csv-1.4.0,byte_record::tests::utf8_error_4,success,22.327,1.6639129483000001,0.03648366372313166,1.6636664045,1.622888545,1.745611279,10,2026-07-10T21:11:47Z,1937622.1
bsan,csv-1.4.0,byte_record::tests::utf8_error_5,success,22.327,1.6596510842999996,0.04028993176965555,1.659887528,1.58268783,1.73013394,10,2026-07-10T21:12:05Z,1937622.1
bsan,csv-1.4.0,byte_record::tests::utf8_error_6,success,22.327,1.6595045798,0.041014953881234814,1.6536895690000002,1.606477952,1.734156709,10,2026-07-10T21:12:23Z,1937622.1
bsan,csv-1.4.0,deserializer::tests::adjacent_fixed_arrays,success,22.327,1.6447411322,0.025788127001693886,1.6445799015,1.610879315,1.6891922830000001,10,2026-07-10T21:12:41Z,1937622.1
bsan,csv-1.4.0,deserializer::tests::bad_hex_seq,success,22.327,1.6370220543999998,0.02852711056239455,1.6405061365,1.594195805,1.686183197,10,2026-07-10T21:12:59Z,1937622.1
bsan,csv-1.4.0,deserializer::tests::borrowed,success,22.327,1.6396582444000003,0.04277288632301587,1.6468728945,1.5710923330000002,1.733471572,10,2026-07-10T21:13:17Z,1937622.1
bsan,csv-1.4.0,deserializer::tests::borrowed_map,success,22.327,1.6512418134,0.04450983621223153,1.6452539700000002,1.590400883,1.740705099,10,2026-07-10T21:13:36Z,1937622.1
bsan,csv-1.4.0,deserializer::tests::borrowed_map_bytes,success,22.327,1.6341374022000004,0.026881698947079213,1.633167897,1.593068817,1.668706202,10,2026-07-10T21:13:54Z,1937622.1
bsan,csv-1.4.0,deserializer::tests::bytes,success,22.327,1.6316025153000002,0.047401970030195605,1.6265414445,1.5633923410000001,1.743179503,10,2026-07-10T21:14:11Z,1937622.1
bsan,csv-1.4.0,deserializer::tests::enum_label_simple_tagged,test_failed,22.327,,,,,,10,2026-07-10T21:14:12Z,1937622.1
bsan,csv-1.4.0,deserializer::tests::enum_untagged,success,22.327,1.6423773457,0.0437847512929467,1.6446191460000001,1.587072596,1.724385486,10,2026-07-10T21:14:31Z,1937622.1
bsan,csv-1.4.0,deserializer::tests::flatten,success,22.327,1.6335338712999998,0.028224824255851377,1.634930854,1.5757530590000002,1.673595561,10,2026-07-10T21:14:49Z,1937622.1
bsan,csv-1.4.0,deserializer::tests::map_headers,success,22.327,1.6436761542,0.05512401310477723,1.6485456255000002,1.544479988,1.715383545,10,2026-07-10T21:15:07Z,1937622.1
bsan,csv-1.4.0,deserializer::tests::map_no_headers,success,22.327,1.5762381975,0.04882178514437487,1.565576692,1.532439042,1.700116549,10,2026-07-10T21:15:24Z,1937622.1
bsan,csv-1.4.0,deserializer::tests::mixed_hex_seq,success,22.327,1.5795972872,0.026349759929417325,1.576366383,1.5469985830000001,1.6283764139999999,10,2026-07-10T21:15:41Z,1937622.1
bsan,csv-1.4.0,deserializer::tests::no_chars,success,22.327,1.5675006781999998,0.023993906110168127,1.563151214,1.545200523,1.6145844249999999,10,2026-07-10T21:15:59Z,1937622.1
bsan,csv-1.4.0,deserializer::tests::no_fields,success,22.327,1.5767106537,0.037344832937572264,1.566703401,1.549524033,1.679314528,10,2026-07-10T21:16:16Z,1937622.1
bsan,csv-1.4.0,deserializer::tests::one_char,success,22.327,1.5762620945,0.034402292855782876,1.5713791855,1.531040912,1.634086989,10,2026-07-10T21:16:33Z,1937622.1
bsan,csv-1.4.0,deserializer::tests::one_field,success,22.327,1.5643917335,0.008345699255833429,1.562110458,1.5517055910000002,1.580976621,10,2026-07-10T21:16:51Z,1937622.1
bsan,csv-1.4.0,deserializer::tests::one_field_128,success,22.327,1.5711836529000003,0.03628832579714369,1.5636663385,1.53100951,1.6542519260000002,10,2026-07-10T21:17:08Z,1937622.1
bsan,csv-1.4.0,deserializer::tests::option_empty_field,success,22.327,1.5789467796,0.04642433316878833,1.5654089195,1.529362909,1.698063646,10,2026-07-10T21:17:25Z,1937622.1
bsan,csv-1.4.0,deserializer::tests::option_invalid_field,success,22.327,1.5836251088,0.0445602282769586,1.5786418835,1.545331435,1.701505455,10,2026-07-10T21:17:43Z,1937622.1
bsan,csv-1.4.0,deserializer::tests::partially_invalid_utf8,success,22.327,1.5575560431000004,0.02319509891258097,1.5538703150000002,1.523236445,1.611431163,10,2026-07-10T21:18:00Z,1937622.1
bsan,csv-1.4.0,deserializer::tests::seq_in_struct,success,22.327,1.5582076494,0.05416560618336267,1.5321304005,1.5110009290000002,1.669465833,10,2026-07-10T21:18:17Z,1937622.1
bsan,csv-1.4.0,deserializer::tests::seq_in_struct_tail,success,22.327,1.5603044897000002,0.037624090860962384,1.5529041565000001,1.521368719,1.652138319,10,2026-07-10T21:18:34Z,1937622.1
bsan,csv-1.4.0,deserializer::tests::simple_hex_seq,success,22.327,1.514665983,0.01983413483141844,1.517505117,1.487793603,1.536323173,10,2026-07-10T21:18:51Z,1937622.1
bsan,csv-1.4.0,deserializer::tests::simple_seq,success,22.327,1.5162123166,0.017986740469451173,1.515135513,1.491262414,1.5506543110000002,10,2026-07-10T21:19:08Z,1937622.1
bsan,csv-1.4.0,deserializer::tests::too_many_chars,success,22.327,1.5327370774,0.053856399369083596,1.503894904,1.487113229,1.649853615,10,2026-07-10T21:19:24Z,1937622.1
bsan,csv-1.4.0,deserializer::tests::two_fields,success,22.327,1.5276718664,0.02623951750058795,1.5309828365,1.495456418,1.571879323,10,2026-07-10T21:19:41Z,1937622.1
bsan,csv-1.4.0,deserializer::tests::two_fields_too_few,success,22.327,1.5204985544999998,0.04194533780329058,1.5091788805,1.472560518,1.6202520900000001,10,2026-07-10T21:19:58Z,1937622.1
bsan,csv-1.4.0,deserializer::tests::two_fields_too_many,success,22.327,1.5362971010000002,0.04052783791099948,1.5374583995,1.476279385,1.614125274,10,2026-07-10T21:20:15Z,1937622.1
bsan,csv-1.4.0,deserializer::tests::with_header,test_failed,22.327,,,,,,10,2026-07-10T21:20:16Z,1937622.1
bsan,csv-1.4.0,deserializer::tests::with_header_empty,success,22.327,1.5317376941,0.04529684284194547,1.522637674,1.492608469,1.649121034,10,2026-07-10T21:20:33Z,1937622.1
bsan,csv-1.4.0,deserializer::tests::with_header_empty_ok,success,22.327,1.5093524128000002,0.019524192128987677,1.5059971564999999,1.479641122,1.5388982119999999,10,2026-07-10T21:20:49Z,1937622.1
bsan,csv-1.4.0,deserializer::tests::with_header_missing,test_failed,22.327,,,,,,10,2026-07-10T21:20:50Z,1937622.1
bsan,csv-1.4.0,deserializer::tests::with_header_missing_ok,test_failed,22.327,,,,,,10,2026-07-10T21:20:51Z,1937622.1
bsan,csv-1.4.0,deserializer::tests::with_header_no_fields,success,22.327,1.5324446623,0.05333643238481647,1.51433127,1.492678545,1.670207194,10,2026-07-10T21:21:08Z,1937622.1
bsan,csv-1.4.0,deserializer::tests::with_header_unknown,success,22.327,1.52570884,0.026574991877537556,1.5222773235,1.494927507,1.564774515,10,2026-07-10T21:21:25Z,1937622.1
bsan,csv-1.4.0,deserializer::tests::without_header,test_failed,22.327,,,,,,10,2026-07-10T21:21:26Z,1937622.1
bsan,csv-1.4.0,reader::tests::headers_on_empty_data,success,22.327,2.7752519625999996,0.04499553551399292,2.772437735,2.734057759,2.883512023,10,2026-07-10T21:21:56Z,1937622.1
bsan,csv-1.4.0,reader::tests::no_headers_on_empty_data,success,22.327,2.7813657200999997,0.05377616600291219,2.775376799,2.731902129,2.899255641,10,2026-07-10T21:22:27Z,1937622.1
bsan,csv-1.4.0,reader::tests::no_headers_on_empty_data_after_headers,success,22.327,2.7742477982000002,0.0379564559868302,2.7613549345,2.741234381,2.8731513040000003,10,2026-07-10T21:22:57Z,1937622.1
bsan,csv-1.4.0,reader::tests::positions_headers,success,22.327,2.7668050691000006,0.05107583040530348,2.7702831210000003,2.703319184,2.8763383510000002,10,2026-07-10T21:23:28Z,1937622.1
bsan,csv-1.4.0,reader::tests::positions_no_headers,success,22.327,2.7588116289,0.049033326381502804,2.7468872365,2.709129572,2.865471337,10,2026-07-10T21:23:58Z,1937622.1
bsan,csv-1.4.0,reader::tests::read_byte_record,success,22.327,2.7232450146,0.06257042911295639,2.7039157014999997,2.667108512,2.886581758,10,2026-07-10T21:24:28Z,1937622.1
bsan,csv-1.4.0,reader::tests::read_record_headers,success,22.327,2.7100307825,0.047841202717290116,2.6923850590000002,2.661902718,2.7966184370000002,10,2026-07-10T21:24:58Z,1937622.1
bsan,csv-1.4.0,reader::tests::read_record_headers_invalid_utf8,success,22.327,2.7162700673,0.06445312403356537,2.7009183595,2.666428235,2.889580945,10,2026-07-10T21:25:28Z,1937622.1
bsan,csv-1.4.0,reader::tests::read_record_no_headers_after,success,22.327,2.7118904739,0.058763277792548654,2.69544408,2.675799439,2.877499434,10,2026-07-10T21:25:58Z,1937622.1
bsan,csv-1.4.0,reader::tests::read_record_no_headers_before,success,22.327,2.7083078389999993,0.05606383285207224,2.6922473680000003,2.668850363,2.858131254,10,2026-07-10T21:26:28Z,1937622.1
bsan,csv-1.4.0,reader::tests::read_record_unequal_continue,success,22.327,2.7254211062,0.07155021226186638,2.7040673715,2.669323563,2.873236722,10,2026-07-10T21:26:58Z,1937622.1
bsan,csv-1.4.0,reader::tests::read_record_unequal_fails,success,22.327,2.7032032083,0.037925406122606906,2.6899596255000002,2.659643021,2.769653619,10,2026-07-10T21:27:27Z,1937622.1
bsan,csv-1.4.0,reader::tests::read_record_unequal_ok,success,22.327,2.7084801140000003,0.03996081425009865,2.688979958,2.677386463,2.797250705,10,2026-07-10T21:27:57Z,1937622.1
bsan,csv-1.4.0,reader::tests::read_trimed_header_invalid_utf8,success,22.327,2.6940193862,0.050698224309341594,2.6849530915,2.662066214,2.83267448,10,2026-07-10T21:28:27Z,1937622.1
bsan,csv-1.4.0,reader::tests::read_trimmed_header,success,22.327,2.7126514048000003,0.055766488925557293,2.701720538,2.671744395,2.8621353540000003,10,2026-07-10T21:28:57Z,1937622.1
bsan,csv-1.4.0,reader::tests::read_trimmed_records,success,22.327,2.7224185528000002,0.07382452949278268,2.6987766300000002,2.662645167,2.894342957,10,2026-07-10T21:29:26Z,1937622.1
bsan,csv-1.4.0,reader::tests::read_trimmed_records_and_headers,success,22.327,2.7219279622999997,0.06566023484243474,2.7000019474999997,2.684617414,2.903902377,10,2026-07-10T21:29:56Z,1937622.1
bsan,csv-1.4.0,reader::tests::read_trimmed_records_without_headers,success,22.327,2.7067053537,0.04662572567678967,2.6978390455000003,2.65697651,2.83228748,10,2026-07-10T21:30:26Z,1937622.1
bsan,csv-1.4.0,reader::tests::seek,success,22.327,2.7290259514999997,0.0893215907376791,2.687932721,2.668756748,2.903561833,10,2026-07-10T21:30:56Z,1937622.1
bsan,csv-1.4.0,reader::tests::seek_headers_after,success,22.327,2.7028352889000002,0.05760002072785578,2.6846929145000002,2.669305817,2.8628785480000003,10,2026-07-10T21:31:26Z,1937622.1
bsan,csv-1.4.0,reader::tests::seek_headers_before_after,success,22.327,2.7036990830999996,0.0583127495806325,2.6836923595,2.669318348,2.867116723,10,2026-07-10T21:31:56Z,1937622.1
bsan,csv-1.4.0,reader::tests::seek_headers_no_actual_seek,success,22.327,2.7040087098,0.05088238797894342,2.684878928,2.6538856070000003,2.801557357,10,2026-07-10T21:32:25Z,1937622.1
bsan,csv-1.4.0,serializer::tests::bool,success,22.327,1.4853296243,0.06373394716434637,1.4708781545,1.445054276,1.6624112690000001,10,2026-07-10T21:32:42Z,1937622.1
bsan,csv-1.4.0,serializer::tests::bytes,success,22.327,1.4862552993,0.038829757944838936,1.4769376605,1.451970876,1.585700436,10,2026-07-10T21:32:58Z,1937622.1
bsan,csv-1.4.0,serializer::tests::char,success,22.327,1.461554049,0.017008025683006738,1.4565608855,1.444312544,1.500998942,10,2026-07-10T21:33:14Z,1937622.1
bsan,csv-1.4.0,serializer::tests::enum_newtypes,success,22.327,1.4816223286999999,0.051540491925868716,1.4661340785,1.448965726,1.621195147,10,2026-07-10T21:33:30Z,1937622.1
bsan,csv-1.4.0,serializer::tests::enum_struct_variant,success,22.327,1.4721436075,0.026497674415711405,1.464052745,1.438334658,1.535223406,10,2026-07-10T21:33:47Z,1937622.1
bsan,csv-1.4.0,serializer::tests::enum_units,success,22.327,1.4690403547000002,0.01829668984205174,1.4618264315,1.4536040730000002,1.513830744,10,2026-07-10T21:34:03Z,1937622.1
bsan,csv-1.4.0,serializer::tests::float,success,22.327,1.48576268,0.049861563666341285,1.473657724,1.445557575,1.617857451,10,2026-07-10T21:34:19Z,1937622.1
bsan,csv-1.4.0,serializer::tests::float_nan,success,22.327,1.4796365448,0.02140708004062367,1.4748402280000001,1.45073777,1.518890995,10,2026-07-10T21:34:35Z,1937622.1
bsan,csv-1.4.0,serializer::tests::integer,success,22.327,1.4813999096,0.01648635399093886,1.476787423,1.458531478,1.507270375,10,2026-07-10T21:34:52Z,1937622.1
bsan,csv-1.4.0,serializer::tests::integer_i128,success,22.327,1.484153662,0.053994232427733525,1.4671614380000002,1.447384288,1.629706013,10,2026-07-10T21:35:08Z,1937622.1
bsan,csv-1.4.0,serializer::tests::integer_u128,success,22.327,1.4775292074,0.01482902549084846,1.4762232145,1.457836409,1.503994697,10,2026-07-10T21:35:25Z,1937622.1
bsan,csv-1.4.0,serializer::tests::option,success,22.327,1.4808470650999996,0.03971363580840274,1.4618458065,1.446816967,1.5755421840000001,10,2026-07-10T21:35:41Z,1937622.1
bsan,csv-1.4.0,serializer::tests::seq,success,22.327,1.49230114,0.051302250510285315,1.4721027205000001,1.457812856,1.629053387,10,2026-07-10T21:35:57Z,1937622.1
bsan,csv-1.4.0,serializer::tests::str,success,22.327,1.4670142868,0.015454337536217586,1.4660981605,1.4442785040000001,1.487074719,10,2026-07-10T21:36:13Z,1937622.1
bsan,csv-1.4.0,serializer::tests::struct_headers,success,22.327,1.4946965353,0.05103415142836012,1.4764179745,1.453724313,1.622402573,10,2026-07-10T21:36:30Z,1937622.1
bsan,csv-1.4.0,serializer::tests::struct_headers_inside_nested_tuple_seq,success,22.327,1.5025457953,0.054185970296985776,1.489726821,1.456578445,1.65007594,10,2026-07-10T21:36:46Z,1937622.1
bsan,csv-1.4.0,serializer::tests::struct_headers_inside_seq,success,22.327,1.4774009726000001,0.014738319012797943,1.4790798454999998,1.453982853,1.4973479250000001,10,2026-07-10T21:37:03Z,1937622.1
bsan,csv-1.4.0,serializer::tests::struct_headers_inside_tuple,success,22.327,1.5027628708,0.036685494453502346,1.493371823,1.468336265,1.595311908,10,2026-07-10T21:37:19Z,1937622.1
bsan,csv-1.4.0,serializer::tests::struct_headers_inside_tuple_scalar_after,success,22.327,1.500810623,0.04051503039681064,1.4878969130000002,1.467856219,1.598176977,10,2026-07-10T21:37:36Z,1937622.1
bsan,csv-1.4.0,serializer::tests::struct_headers_inside_tuple_scalar_before,success,22.327,1.4779455289999999,0.023241702019599967,1.4710586295,1.448436131,1.515151372,10,2026-07-10T21:37:52Z,1937622.1
bsan,csv-1.4.0,serializer::tests::struct_headers_nested,success,22.327,1.4950521944000004,0.06410989477703072,1.4751003165,1.4551052690000001,1.672943258,10,2026-07-10T21:38:08Z,1937622.1
bsan,csv-1.4.0,serializer::tests::struct_headers_nested_seq,success,22.327,1.4980399719,0.041395625442856555,1.4804383365,1.458918861,1.590870453,10,2026-07-10T21:38:25Z,1937622.1
bsan,csv-1.4.0,serializer::tests::struct_newtype,success,22.327,1.4754543280999999,0.009604560577759838,1.4759493115,1.462524546,1.492249974,10,2026-07-10T21:38:41Z,1937622.1
bsan,csv-1.4.0,serializer::tests::struct_no_headers,success,22.327,1.471198689,0.016382150411371064,1.4715403120000001,1.452204972,1.4933143,10,2026-07-10T21:38:57Z,1937622.1
bsan,csv-1.4.0,serializer::tests::struct_no_headers_128,success,22.327,1.4923164483,0.03261767527676777,1.4850603055,1.452809052,1.559065206,10,2026-07-10T21:39:14Z,1937622.1
bsan,csv-1.4.0,serializer::tests::struct_unit,success,22.327,1.4698252314,0.011879994771941928,1.473207902,1.4527425200000001,1.4860224400000002,10,2026-07-10T21:39:30Z,1937622.1
bsan,csv-1.4.0,serializer::tests::tuple,success,22.327,1.4932021413999998,0.04524383536587055,1.480307655,1.459197383,1.616170474,10,2026-07-10T21:39:46Z,1937622.1
bsan,csv-1.4.0,serializer::tests::tuple_struct,success,22.327,1.4906261507000003,0.0499372673669672,1.4765246855,1.45776772,1.629173073,10,2026-07-10T21:40:03Z,1937622.1
bsan,csv-1.4.0,serializer::tests::tuple_variant,success,22.327,1.4836520116,0.03943751252290012,1.4692686795,1.460412787,1.591486525,10,2026-07-10T21:40:19Z,1937622.1
bsan,csv-1.4.0,serializer::tests::unit,success,22.327,1.4709627127,0.016795173866984744,1.4615934595,1.454669976,1.495837366,10,2026-07-10T21:40:35Z,1937622.1
bsan,csv-1.4.0,string_record::tests::eq_field_boundaries,success,22.327,1.5108242379,0.06521990108959697,1.4926877645,1.456580811,1.674166618,10,2026-07-10T21:40:52Z,1937622.1
bsan,csv-1.4.0,string_record::tests::eq_record_len,success,22.327,1.4848940128000003,0.04268512910575802,1.4732897065000001,1.450621713,1.5926655,10,2026-07-10T21:41:08Z,1937622.1
bsan,csv-1.4.0,string_record::tests::trim_back,success,22.327,1.4689529056,0.010640320921231124,1.4699130345000002,1.452930057,1.487468314,10,2026-07-10T21:41:24Z,1937622.1
bsan,csv-1.4.0,string_record::tests::trim_both,success,22.327,1.488731862,0.03849571300072564,1.4738305635,1.455543685,1.565437544,10,2026-07-10T21:41:41Z,1937622.1
bsan,csv-1.4.0,string_record::tests::trim_does_not_panic_on_empty_records_1,success,22.327,1.4899956899,0.0629508101576999,1.4723725834999999,1.454819674,1.666104481,10,2026-07-10T21:41:57Z,1937622.1
bsan,csv-1.4.0,string_record::tests::trim_does_not_panic_on_empty_records_2,success,22.327,1.4739462779999999,0.010779288414559595,1.4726807565,1.458859179,1.490213588,10,2026-07-10T21:42:13Z,1937622.1
bsan,csv-1.4.0,string_record::tests::trim_does_not_panic_on_empty_records_3,success,22.327,1.4863219574,0.03685323774718798,1.4771623475,1.453576275,1.583372323,10,2026-07-10T21:42:30Z,1937622.1
bsan,csv-1.4.0,string_record::tests::trim_front,success,22.327,1.4945861493,0.04274922197006043,1.4812897,1.45514206,1.604656039,10,2026-07-10T21:42:46Z,1937622.1
bsan,csv-1.4.0,string_record::tests::trim_whitespace_only,success,22.327,1.4836929676000001,0.01226575825043643,1.4858161705000001,1.458286744,1.5001236150000001,10,2026-07-10T21:43:02Z,1937622.1
bsan,csv-1.4.0,writer::tests::comment_char_is_automatically_quoted,success,22.327,1.4849871946000002,0.039314151813214314,1.4692003135,1.45059339,1.575530111,10,2026-07-10T21:43:19Z,1937622.1
bsan,csv-1.4.0,writer::tests::full_buffer_should_not_flush_underlying,success,22.327,1.4954268704000002,0.0597045893269926,1.471538934,1.45801756,1.658110399,10,2026-07-10T21:43:35Z,1937622.1
bsan,csv-1.4.0,writer::tests::one_byte_record,success,22.327,1.4738141252,0.018728034769752454,1.4735533155,1.4470012570000002,1.501983675,10,2026-07-10T21:43:51Z,1937622.1
bsan,csv-1.4.0,writer::tests::one_empty_record,success,22.327,1.4896218816,0.04622054213796543,1.4826751175,1.4367970890000001,1.590918998,10,2026-07-10T21:44:08Z,1937622.1
bsan,csv-1.4.0,writer::tests::one_record,success,22.327,1.5011364959000002,0.05381638396113511,1.4762110874999999,1.440342624,1.609575524,10,2026-07-10T21:44:24Z,1937622.1
bsan,csv-1.4.0,writer::tests::one_string_record,success,22.327,1.478613648,0.017366714160901763,1.4841761500000001,1.454683618,1.500158912,10,2026-07-10T21:44:41Z,1937622.1
bsan,csv-1.4.0,writer::tests::raw_one_byte_record,success,22.327,1.4904007004,0.06205727136288816,1.465560288,1.442006284,1.656740388,10,2026-07-10T21:44:57Z,1937622.1
bsan,csv-1.4.0,writer::tests::raw_one_empty_record,success,22.327,1.4842305805999998,0.04421102968420574,1.473151308,1.44905845,1.603544427,10,2026-07-10T21:45:13Z,1937622.1
bsan,csv-1.4.0,writer::tests::raw_two_empty_records,success,22.327,1.4736777833,0.017874688846941236,1.476377702,1.45011358,1.511355373,10,2026-07-10T21:45:30Z,1937622.1
bsan,csv-1.4.0,writer::tests::raw_unequal_records_bad,success,22.327,1.4782599049000003,0.05477240014221154,1.461929928,1.4455888190000001,1.62922074,10,2026-07-10T21:45:46Z,1937622.1
bsan,csv-1.4.0,writer::tests::raw_unequal_records_ok,success,22.327,1.4679540920999998,0.013251974438719723,1.4702063885,1.448104482,1.48285974,10,2026-07-10T21:46:02Z,1937622.1
bsan,csv-1.4.0,writer::tests::serialize_no_headers,success,22.327,1.4767109675,0.01578877583070976,1.480925127,1.45500913,1.494917439,10,2026-07-10T21:46:18Z,1937622.1
bsan,csv-1.4.0,writer::tests::serialize_no_headers_128,success,22.327,1.4886327106999997,0.05564359025054499,1.472719003,1.452677604,1.643097446,10,2026-07-10T21:46:35Z,1937622.1
bsan,csv-1.4.0,writer::tests::serialize_tuple,success,22.327,1.4824766735000001,0.05572980909243291,1.4712273675,1.444049911,1.6377946840000002,10,2026-07-10T21:46:51Z,1937622.1
bsan,csv-1.4.0,writer::tests::serialize_with_headers,success,22.327,1.4682531704000001,0.02168150932644934,1.4585336400000002,1.450391678,1.510253839,10,2026-07-10T21:47:07Z,1937622.1
bsan,csv-1.4.0,writer::tests::two_empty_records,success,22.327,1.4838391396000001,0.037953677035887895,1.4643433605,1.448094974,1.5494610020000001,10,2026-07-10T21:47:23Z,1937622.1
bsan,csv-1.4.0,writer::tests::unequal_records_bad,success,22.327,1.4887905756,0.05291317848468888,1.473487705,1.4507143980000001,1.6314806380000002,10,2026-07-10T21:47:40Z,1937622.1
bsan,csv-1.4.0,writer::tests::unequal_records_ok,success,22.327,1.4785964009,0.016476069012347088,1.4750656575,1.4625260770000001,1.5202168070000002,10,2026-07-10T21:47:56Z,1937622.1
bsan,csv-1.4.0,cookbook_read_basic,test_failed,22.327,,,,,,10,2026-07-10T21:47:58Z,1937622.1
bsan,csv-1.4.0,cookbook_read_colon,test_failed,22.327,,,,,,10,2026-07-10T21:47:59Z,1937622.1
bsan,csv-1.4.0,cookbook_read_no_headers,test_failed,22.327,,,,,,10,2026-07-10T21:48:01Z,1937622.1
bsan,csv-1.4.0,cookbook_read_serde,test_failed,22.327,,,,,,10,2026-07-10T21:48:02Z,1937622.1
bsan,csv-1.4.0,cookbook_write_basic,test_failed,22.327,,,,,,10,2026-07-10T21:48:04Z,1937622.1
bsan,csv-1.4.0,cookbook_write_serde,test_failed,22.327,,,,,,10,2026-07-10T21:48:05Z,1937622.1
bsan,csv-1.4.0,no_infinite_loop_on_io_errors,success,22.327,2.7146934913,0.041518988299237024,2.7022256075,2.680101112,2.821346247,10,2026-07-10T21:48:35Z,1937622.1
bsan,csv-1.4.0,tutorial_error_01,test_failed,22.327,,,,,,10,2026-07-10T21:48:37Z,1937622.1
bsan,csv-1.4.0,tutorial_error_01_errored,test_failed,22.327,,,,,,10,2026-07-10T21:48:38Z,1937622.1
bsan,csv-1.4.0,tutorial_error_02,test_failed,22.327,,,,,,10,2026-07-10T21:48:40Z,1937622.1
bsan,csv-1.4.0,tutorial_error_02_errored,test_failed,22.327,,,,,,10,2026-07-10T21:48:41Z,1937622.1
bsan,csv-1.4.0,tutorial_error_03,test_failed,22.327,,,,,,10,2026-07-10T21:48:43Z,1937622.1
bsan,csv-1.4.0,tutorial_error_03_errored,test_failed,22.327,,,,,,10,2026-07-10T21:48:44Z,1937622.1
bsan,csv-1.4.0,tutorial_error_04,test_failed,22.327,,,,,,10,2026-07-10T21:48:46Z,1937622.1
bsan,csv-1.4.0,tutorial_error_04_errored,test_failed,22.327,,,,,,10,2026-07-10T21:48:47Z,1937622.1
bsan,csv-1.4.0,tutorial_perf_alloc_01,test_failed,22.327,,,,,,10,2026-07-10T21:48:49Z,1937622.1
bsan,csv-1.4.0,tutorial_perf_alloc_02,test_failed,22.327,,,,,,10,2026-07-10T21:48:50Z,1937622.1
bsan,csv-1.4.0,tutorial_perf_alloc_03,test_failed,22.327,,,,,,10,2026-07-10T21:48:52Z,1937622.1
bsan,csv-1.4.0,tutorial_perf_core_01,test_failed,22.327,,,,,,10,2026-07-10T21:48:53Z,1937622.1
bsan,csv-1.4.0,tutorial_perf_serde_01,test_failed,22.327,,,,,,10,2026-07-10T21:48:55Z,1937622.1
bsan,csv-1.4.0,tutorial_perf_serde_02,test_failed,22.327,,,,,,10,2026-07-10T21:48:56Z,1937622.1
bsan,csv-1.4.0,tutorial_perf_serde_03,test_failed,22.327,,,,,,10,2026-07-10T21:48:58Z,1937622.1
bsan,csv-1.4.0,tutorial_pipeline_pop_01,test_failed,22.327,,,,,,10,2026-07-10T21:48:59Z,1937622.1
bsan,csv-1.4.0,tutorial_pipeline_search_01,test_failed,22.327,,,,,,10,2026-07-10T21:49:01Z,1937622.1
bsan,csv-1.4.0,tutorial_pipeline_search_01_errored,test_failed,22.327,,,,,,10,2026-07-10T21:49:02Z,1937622.1
bsan,csv-1.4.0,tutorial_pipeline_search_02,test_failed,22.327,,,,,,10,2026-07-10T21:49:04Z,1937622.1
bsan,csv-1.4.0,tutorial_read_01,test_failed,22.327,,,,,,10,2026-07-10T21:49:05Z,1937622.1
bsan,csv-1.4.0,tutorial_read_delimiter_01,test_failed,22.327,,,,,,10,2026-07-10T21:49:07Z,1937622.1
bsan,csv-1.4.0,tutorial_read_headers_01,test_failed,22.327,,,,,,10,2026-07-10T21:49:09Z,1937622.1
bsan,csv-1.4.0,tutorial_read_headers_02,test_failed,22.327,,,,,,10,2026-07-10T21:49:10Z,1937622.1
bsan,csv-1.4.0,tutorial_read_serde_01,test_failed,22.327,,,,,,10,2026-07-10T21:49:12Z,1937622.1
bsan,csv-1.4.0,tutorial_read_serde_02,test_failed,22.327,,,,,,10,2026-07-10T21:49:13Z,1937622.1
bsan,csv-1.4.0,tutorial_read_serde_03,test_failed,22.327,,,,,,10,2026-07-10T21:49:15Z,1937622.1
bsan,csv-1.4.0,tutorial_read_serde_04,test_failed,22.327,,,,,,10,2026-07-10T21:49:16Z,1937622.1
bsan,csv-1.4.0,tutorial_read_serde_05_invalid,test_failed,22.327,,,,,,10,2026-07-10T21:49:18Z,1937622.1
bsan,csv-1.4.0,tutorial_read_serde_05_invalid_errored,test_failed,22.327,,,,,,10,2026-07-10T21:49:19Z,1937622.1
bsan,csv-1.4.0,tutorial_read_serde_invalid_06,test_failed,22.327,,,,,,10,2026-07-10T21:49:21Z,1937622.1
bsan,csv-1.4.0,tutorial_setup_01,test_failed,22.327,,,,,,10,2026-07-10T21:49:22Z,1937622.1
bsan,csv-1.4.0,tutorial_write_01,test_failed,22.327,,,,,,10,2026-07-10T21:49:24Z,1937622.1
bsan,csv-1.4.0,tutorial_write_delimiter_01,test_failed,22.327,,,,,,10,2026-07-10T21:49:25Z,1937622.1
bsan,csv-1.4.0,tutorial_write_serde_01,test_failed,22.327,,,,,,10,2026-07-10T21:49:27Z,1937622.1
bsan,csv-1.4.0,tutorial_write_serde_02,test_failed,22.327,,,,,,10,2026-07-10T21:49:28Z,1937622.1
bsan,inout-0.2.2,test_split,success,5.302,1.7093377733000001,0.03032969352116815,1.7070894785,1.671929938,1.77351467,10,2026-07-10T21:04:25Z,1937622.20
bsan,serde_with-3.20.0,,fetch_failed,,,,,,,10,2026-07-10T21:04:07Z,1937622.2
bsan,combine-4.6.7,,fetch_failed,,,,,,,10,2026-07-10T21:04:07Z,1937622.3
bsan,proc-macro2-1.0.106,,build_failed,,,,,,,10,2026-07-10T21:04:08Z,1937622.4
bsan,twox-hash-2.1.2,,build_failed,,,,,,,10,2026-07-10T21:04:07Z,1937622.6
bsan,tungstenite-0.29.0,buffer::tests::reading_in_chunks,success,111.660,1.087634325,0.017795890053706544,1.0889256965,1.064580492,1.126667734,10,2026-07-10T21:06:28Z,1937622.7
bsan,tungstenite-0.29.0,buffer::tests::simple_reading,success,111.660,1.104832362,0.023963664810922908,1.0999322955,1.067361286,1.141639809,10,2026-07-10T21:06:40Z,1937622.7
bsan,tungstenite-0.29.0,error::test::error_size,success,111.660,1.0835167886,0.017590121628026298,1.0856187715,1.052869806,1.101745382,10,2026-07-10T21:06:52Z,1937622.7
bsan,tungstenite-0.29.0,error::test::protocol_error_size,success,111.660,1.088532467,0.022142800219076837,1.0846752545,1.056271922,1.140974413,10,2026-07-10T21:07:04Z,1937622.7
bsan,tungstenite-0.29.0,error::test::tls_error_size,success,111.660,1.0890078088000001,0.012319432890491634,1.0882322525,1.071221743,1.108490531,10,2026-07-10T21:07:16Z,1937622.7
bsan,tungstenite-0.29.0,handshake::client::tests::invalid_custom_request,success,111.660,1.0978997855,0.021547629324953722,1.097413177,1.076843478,1.147018583,10,2026-07-10T21:07:28Z,1937622.7
bsan,tungstenite-0.29.0,handshake::client::tests::random_keys,success,111.660,1.1141719021999998,0.02437467073062228,1.113978554,1.071935009,1.151909568,10,2026-07-10T21:07:40Z,1937622.7
bsan,tungstenite-0.29.0,handshake::client::tests::request_formatting,success,111.660,1.1234946668,0.028943529410220784,1.115639341,1.09900608,1.199266075,10,2026-07-10T21:07:52Z,1937622.7
bsan,tungstenite-0.29.0,handshake::client::tests::request_formatting_with_at,success,111.660,1.140349586,0.029915444671654006,1.1414382855,1.102537805,1.188348927,10,2026-07-10T21:08:05Z,1937622.7
bsan,tungstenite-0.29.0,handshake::client::tests::request_formatting_with_host,success,111.660,1.1291005174,0.016350001493088892,1.1274087320000001,1.11087916,1.167389759,10,2026-07-10T21:08:18Z,1937622.7
bsan,tungstenite-0.29.0,handshake::client::tests::request_with_latin1_header,success,111.660,1.3779467858,0.03857400537512582,1.372851679,1.334158841,1.4600183580000001,10,2026-07-10T21:08:33Z,1937622.7
bsan,tungstenite-0.29.0,handshake::client::tests::request_with_non_ascii_header,success,111.660,1.3811951756000003,0.013945389393881845,1.384697579,1.3543395120000001,1.400392089,10,2026-07-10T21:08:48Z,1937622.7
bsan,tungstenite-0.29.0,handshake::client::tests::response_parsing,success,111.660,1.0905251328000003,0.025149233476111737,1.083639835,1.067100234,1.155735037,10,2026-07-10T21:09:00Z,1937622.7
bsan,tungstenite-0.29.0,handshake::headers::tests::headers,success,111.660,1.0899571765,0.015245112393196801,1.0958909129999999,1.06585151,1.111285842,10,2026-07-10T21:09:12Z,1937622.7
bsan,tungstenite-0.29.0,handshake::headers::tests::headers_incomplete,success,111.660,1.0900642693000002,0.020345462733571414,1.0957648995,1.054141781,1.121768785,10,2026-07-10T21:09:24Z,1937622.7
bsan,tungstenite-0.29.0,handshake::headers::tests::headers_iter,success,111.660,1.0950253909000003,0.018086677528655656,1.100179189,1.051711958,1.11137828,10,2026-07-10T21:09:36Z,1937622.7
bsan,tungstenite-0.29.0,handshake::server::tests::request_parsing,success,111.660,1.0819001794999998,0.015739820010377267,1.0860832245,1.046004628,1.097150954,10,2026-07-10T21:09:48Z,1937622.7
bsan,tungstenite-0.29.0,handshake::server::tests::request_replying,success,111.660,1.1478786076,0.03013317219942481,1.1417549055,1.110980299,1.1998546860000001,10,2026-07-10T21:10:01Z,1937622.7
bsan,tungstenite-0.29.0,handshake::tests::key_conversion,success,111.660,1.0903595470999998,0.021036531975671156,1.0871077530000002,1.058040964,1.131027191,10,2026-07-10T21:10:13Z,1937622.7
bsan,tungstenite-0.29.0,protocol::frame::coding::tests::closecode_from_u16,success,111.660,1.0705066750999996,0.011361157127711885,1.0708085185,1.056946033,1.087236881,10,2026-07-10T21:10:24Z,1937622.7
bsan,tungstenite-0.29.0,protocol::frame::coding::tests::closecode_into_u16,success,111.660,1.0703457891,0.019690870421313286,1.0704765175,1.034251358,1.098442486,10,2026-07-10T21:10:36Z,1937622.7
bsan,tungstenite-0.29.0,protocol::frame::coding::tests::opcode_from_u8,success,111.660,1.0752902455,0.022777360400338672,1.08750782,1.039008953,1.098135646,10,2026-07-10T21:10:48Z,1937622.7
bsan,tungstenite-0.29.0,protocol::frame::coding::tests::opcode_into_u8,success,111.660,1.0746950315,0.0273924881326997,1.06945068,1.039180706,1.133919723,10,2026-07-10T21:11:00Z,1937622.7
bsan,tungstenite-0.29.0,protocol::frame::frame::tests::display,success,111.660,1.0759186765,0.03216976232543634,1.0639635495,1.046260594,1.145667542,10,2026-07-10T21:11:12Z,1937622.7
bsan,tungstenite-0.29.0,protocol::frame::frame::tests::format,success,111.660,1.0789125241000002,0.01985660848168775,1.0679369945,1.06003227,1.10612546,10,2026-07-10T21:11:24Z,1937622.7
bsan,tungstenite-0.29.0,protocol::frame::frame::tests::format_into_buf,success,111.660,1.0823004764000002,0.023063234882842846,1.07763622,1.061043327,1.123909336,10,2026-07-10T21:11:36Z,1937622.7
bsan,tungstenite-0.29.0,protocol::frame::frame::tests::parse,success,111.660,1.0790147986999998,0.016279115205377337,1.0833898190000002,1.054163593,1.1043795730000001,10,2026-07-10T21:11:47Z,1937622.7
bsan,tungstenite-0.29.0,protocol::frame::mask::tests::test_apply_mask,success,111.660,1.164185808,0.03411609549763441,1.150802576,1.13284859,1.238386487,10,2026-07-10T21:12:00Z,1937622.7
bsan,tungstenite-0.29.0,protocol::frame::tests::from_partially_read,success,111.660,1.0863453294999998,0.013323004922131867,1.088186856,1.065629047,1.103175998,10,2026-07-10T21:12:12Z,1937622.7
bsan,tungstenite-0.29.0,protocol::frame::tests::parse_overflow,success,111.660,1.0850549977,0.03500767388129828,1.0814528905,1.041139809,1.148116517,10,2026-07-10T21:12:24Z,1937622.7
bsan,tungstenite-0.29.0,protocol::frame::tests::read_frames,success,111.660,1.0752936007999998,0.019108812148896037,1.0717662815,1.036551733,1.103373302,10,2026-07-10T21:12:36Z,1937622.7
bsan,tungstenite-0.29.0,protocol::frame::tests::size_limit_hit,success,111.660,1.0638435746000001,0.03347032145398959,1.05845346,1.028056153,1.147478617,10,2026-07-10T21:12:48Z,1937622.7
bsan,tungstenite-0.29.0,protocol::frame::tests::write_frames,success,111.660,1.0633256824,0.022745872822215206,1.0568883465,1.033963421,1.109369395,10,2026-07-10T21:12:59Z,1937622.7
bsan,tungstenite-0.29.0,protocol::frame::utf8::tests::hash_consistency,success,111.660,1.0666597474,0.02143633046025356,1.064114935,1.041035296,1.121043987,10,2026-07-10T21:13:11Z,1937622.7
bsan,tungstenite-0.29.0,protocol::message::tests::binary_convert,success,111.660,1.061016784,0.013926498930540052,1.0613277645,1.037011193,1.078648936,10,2026-07-10T21:13:23Z,1937622.7
bsan,tungstenite-0.29.0,protocol::message::tests::binary_convert_bytes,success,111.660,1.0711014006,0.02439647992543337,1.0703604355,1.041540639,1.126622413,10,2026-07-10T21:13:34Z,1937622.7
bsan,tungstenite-0.29.0,protocol::message::tests::binary_convert_into_bytes,success,111.660,1.0610803891000002,0.016504114798526284,1.0633111105,1.027618014,1.08032818,10,2026-07-10T21:13:46Z,1937622.7
bsan,tungstenite-0.29.0,protocol::message::tests::binary_convert_vec,success,111.660,1.0545102645999997,0.015255912353646732,1.0560991165,1.024987621,1.077873693,10,2026-07-10T21:13:58Z,1937622.7
bsan,tungstenite-0.29.0,protocol::message::tests::display,success,111.660,1.0625603602,0.02847749411353452,1.05631906,1.034675399,1.123890074,10,2026-07-10T21:14:09Z,1937622.7
bsan,tungstenite-0.29.0,protocol::message::tests::text_convert,success,111.660,1.0525337616,0.016492156541775396,1.045836982,1.030745449,1.083518844,10,2026-07-10T21:14:21Z,1937622.7
bsan,tungstenite-0.29.0,protocol::tests::receive_messages,success,111.660,1.0769401856,0.030790311388508202,1.0615385565,1.04583252,1.139921857,10,2026-07-10T21:14:33Z,1937622.7
bsan,tungstenite-0.29.0,protocol::tests::size_limiting_binary,success,111.660,1.0513578961,0.01823471690993485,1.050641692,1.018970372,1.082286675,10,2026-07-10T21:14:44Z,1937622.7
bsan,tungstenite-0.29.0,protocol::tests::size_limiting_text_fragmented,success,111.660,1.0656498596000001,0.030061273604339394,1.0565384340000001,1.038383695,1.141073213,10,2026-07-10T21:14:56Z,1937622.7
bsan,log-0.4.30,tests::test_cross_cmp,success,21.169,2.5074593082,0.04286703577599577,2.519056258,2.435612783,2.560887348,10,2026-07-10T21:04:51Z,1937622.8
bsan,log-0.4.30,tests::test_cross_eq,success,21.169,2.4791302916999998,0.03124401484114783,2.4783860965,2.42100003,2.530160548,10,2026-07-10T21:05:19Z,1937622.8
bsan,log-0.4.30,tests::test_foreign_impl,success,21.169,2.4149819425000003,0.042882848208763924,2.4250055835,2.333863881,2.457346158,10,2026-07-10T21:05:45Z,1937622.8
bsan,log-0.4.30,tests::test_level_as_str,success,21.169,2.3601282612,0.03568354870089003,2.3575976235000002,2.313378997,2.430886922,10,2026-07-10T21:06:11Z,1937622.8
bsan,log-0.4.30,tests::test_level_down,success,21.169,2.3578891613,0.044110070442545134,2.3419996205,2.297936554,2.436419439,10,2026-07-10T21:06:37Z,1937622.8
bsan,log-0.4.30,tests::test_level_filter_as_str,success,21.169,2.3615609310000005,0.03922571077765182,2.3646243745,2.286326044,2.422800314,10,2026-07-10T21:07:03Z,1937622.8
bsan,log-0.4.30,tests::test_level_filter_down,success,21.169,2.3670384949,0.035374404466211894,2.3709608335,2.315791018,2.438965391,10,2026-07-10T21:07:29Z,1937622.8
bsan,log-0.4.30,tests::test_level_filter_up,success,21.169,2.3427397250000004,0.03481901594122546,2.3495059245,2.299137135,2.411102218,10,2026-07-10T21:07:55Z,1937622.8
bsan,log-0.4.30,tests::test_level_from_str,success,21.169,2.3582790326999996,0.04384159872236919,2.351499992,2.31093979,2.450074303,10,2026-07-10T21:08:21Z,1937622.8
bsan,log-0.4.30,tests::test_level_show,success,21.169,2.3402500048,0.04300181247108296,2.3278153085,2.294429372,2.444930747,10,2026-07-10T21:08:47Z,1937622.8
bsan,log-0.4.30,tests::test_level_up,success,21.169,2.3531682248999997,0.03672438889679612,2.347469476,2.291862457,2.420403277,10,2026-07-10T21:09:13Z,1937622.8
bsan,log-0.4.30,tests::test_levelfilter_from_str,success,21.169,2.3444057730999996,0.03151633613053416,2.338400739,2.298923554,2.4120366300000002,10,2026-07-10T21:09:38Z,1937622.8
bsan,log-0.4.30,tests::test_levelfilter_show,success,21.169,2.3398812272000002,0.03656801851294561,2.3354751785,2.296193777,2.418497613,10,2026-07-10T21:10:04Z,1937622.8
bsan,log-0.4.30,tests::test_metadata_builder,success,21.169,2.3272357090000004,0.026845850702137533,2.3222801955000003,2.279701643,2.366438756,10,2026-07-10T21:10:30Z,1937622.8
bsan,log-0.4.30,tests::test_metadata_convenience_builder,success,21.169,2.3247338135,0.037034795802459414,2.3223576230000003,2.272647541,2.405964613,10,2026-07-10T21:10:55Z,1937622.8
bsan,log-0.4.30,tests::test_record_builder,success,21.169,2.3278541322000006,0.03365052098622828,2.3246182245,2.275731703,2.392364751,10,2026-07-10T21:11:21Z,1937622.8
bsan,log-0.4.30,tests::test_record_complete_builder,success,21.169,2.3392011707,0.029266091544170692,2.332188281,2.306986523,2.401759566,10,2026-07-10T21:11:47Z,1937622.8
bsan,log-0.4.30,tests::test_record_convenience_builder,success,21.169,2.334572,0.05121146512740789,2.3282083499999997,2.275573027,2.451878771,10,2026-07-10T21:12:12Z,1937622.8
bsan,log-0.4.30,tests::test_static_max_level_debug,success,21.169,2.313334854,0.04790801411720375,2.31102616,2.247039147,2.390668845,10,2026-07-10T21:12:38Z,1937622.8
bsan,log-0.4.30,tests::test_to_level,success,21.169,2.3051571802999997,0.04662069826685078,2.3079810795,2.246794149,2.408288842,10,2026-07-10T21:13:03Z,1937622.8
bsan,log-0.4.30,tests::test_to_level_filter,success,21.169,2.3143897318999995,0.03599412790594449,2.3110112865000003,2.255271307,2.395428835,10,2026-07-10T21:13:29Z,1937622.8
bsan,log-0.4.30,test_integration,success,21.169,2.3134112484,0.014720439032319541,2.3103250534999997,2.29436887,2.348704298,10,2026-07-10T21:13:54Z,1937622.8
bsan,log-0.4.30,anonymous_args,success,21.169,2.3073868113,0.029390403970727664,2.3048097385000004,2.259243374,2.365095084,10,2026-07-10T21:14:19Z,1937622.8
bsan,log-0.4.30,enabled,success,21.169,2.3075906314,0.03697853932430065,2.2907227800000003,2.276132381,2.375086878,10,2026-07-10T21:14:45Z,1937622.8
bsan,log-0.4.30,expr,success,21.169,2.3050350968,0.07673109409717781,2.305030266,2.182183509,2.423988496,10,2026-07-10T21:15:10Z,1937622.8
bsan,log-0.4.30,implicit_named_args,success,21.169,2.2345454638,0.04927825536881091,2.220008683,2.190871703,2.357166232,10,2026-07-10T21:15:35Z,1937622.8
bsan,log-0.4.30,inlined_args,success,21.169,2.2256111826000002,0.0333385050078806,2.216674868,2.201995149,2.318089938,10,2026-07-10T21:15:59Z,1937622.8
bsan,log-0.4.30,logger_expr,success,21.169,2.2246602865,0.03568701266513548,2.2158612625,2.176472592,2.305324856,10,2026-07-10T21:16:24Z,1937622.8
bsan,log-0.4.30,logger_short_lived,success,21.169,2.2257694304,0.04790827190032331,2.2114004664999998,2.186707925,2.347797896,10,2026-07-10T21:16:48Z,1937622.8
bsan,log-0.4.30,named_args,success,21.169,2.2266081848,0.05059390345790329,2.2170642980000004,2.185365044,2.353909082,10,2026-07-10T21:17:12Z,1937622.8
bsan,log-0.4.30,no_args,success,21.169,2.2211788212999997,0.04090008651645277,2.207657257,2.187458248,2.317683509,10,2026-07-10T21:17:37Z,1937622.8
bsan,log-0.4.30,regression_issue_494,success,21.169,2.2166279957000006,0.06183136061577014,2.202508045,2.175068114,2.387021539,10,2026-07-10T21:18:01Z,1937622.8
bsan,subtle-2.6.1,,build_failed,,,,,,,10,2026-07-10T21:04:09Z,1937622.9
bsan,percent-encoding-2.3.2,ascii_set::tests::add_op,success,6.539,0.9883439108,0.02426296496950407,0.9954576965000002,0.950131068,1.026213421,10,2026-07-10T21:49:14Z,1937623.11
bsan,percent-encoding-2.3.2,ascii_set::tests::complement,success,6.539,0.9899350395000001,0.012805387248997607,0.994289061,0.9703294530000001,1.004481396,10,2026-07-10T21:49:24Z,1937623.11
bsan,percent-encoding-2.3.2,ascii_set::tests::not_op,success,6.539,0.9903887911,0.017032780363391415,0.9928241045000001,0.963463087,1.015771657,10,2026-07-10T21:49:35Z,1937623.11
bsan,percent-encoding-2.3.2,ascii_set::tests::union,success,6.539,0.9681941174000002,0.022724953392750477,0.963105136,0.940357384,1.021877442,10,2026-07-10T21:49:46Z,1937623.11
bsan,percent-encoding-2.3.2,tests::percent_decode,success,6.539,0.9685622630000001,0.01744700963182785,0.9730799535000001,0.9238310240000001,0.9872673000000001,10,2026-07-10T21:49:57Z,1937623.11
bsan,percent-encoding-2.3.2,tests::percent_decode_collect,success,6.539,0.9713450157000002,0.021879912693779684,0.9748304835000001,0.935598287,1.001479475,10,2026-07-10T21:50:07Z,1937623.11
bsan,percent-encoding-2.3.2,tests::percent_decode_cow,success,6.539,0.9920304863,0.03486052870273662,0.9905966455000002,0.9466931190000001,1.042290637,10,2026-07-10T21:50:18Z,1937623.11
bsan,percent-encoding-2.3.2,tests::percent_decode_invalid_utf8,success,6.539,0.9702897932999999,0.04408931514290296,0.9598432685,0.9078236190000001,1.061685578,10,2026-07-10T21:50:29Z,1937623.11
bsan,percent-encoding-2.3.2,tests::percent_decode_str,success,6.539,0.9715938147000001,0.02241721846503537,0.9694661415000001,0.9269115440000001,1.008647349,10,2026-07-10T21:50:40Z,1937623.11
bsan,percent-encoding-2.3.2,tests::percent_decode_utf8_lossy,success,6.539,0.9710643727000001,0.02742310839314016,0.9807212655,0.921994595,1.003312894,10,2026-07-10T21:50:50Z,1937623.11
bsan,percent-encoding-2.3.2,tests::percent_decode_utf8_lossy_invalid_utf8,success,6.539,0.9386580707000001,0.02399231281169942,0.9412067075000001,0.897148083,0.966552555,10,2026-07-10T21:51:01Z,1937623.11
bsan,percent-encoding-2.3.2,tests::percent_encode_accepts_ascii_set_ref,success,6.539,0.9617584106000001,0.021179240111031946,0.9614416510000001,0.9275623630000001,0.995146273,10,2026-07-10T21:51:11Z,1937623.11
bsan,percent-encoding-2.3.2,tests::percent_encode_byte,success,6.539,1.0805191410000001,0.030449496613152015,1.077268734,1.029785237,1.142088189,10,2026-07-10T21:51:23Z,1937623.11
bsan,percent-encoding-2.3.2,tests::percent_encode_collect,success,6.539,0.9347726267,0.018812953273213993,0.9376577935000001,0.902451387,0.957647702,10,2026-07-10T21:51:34Z,1937623.11
bsan,percent-encoding-2.3.2,tests::percent_encode_cow,success,6.539,0.9502694231,0.01601768541049604,0.9551285980000002,0.9158580100000001,0.970887052,10,2026-07-10T21:51:44Z,1937623.11
bsan,percent-encoding-2.3.2,tests::percent_encode_display,success,6.539,0.9364238575,0.02723682905357103,0.9281633885,0.8963058340000001,0.977469106,10,2026-07-10T21:51:54Z,1937623.11
bsan,percent-encoding-2.3.2,tests::utf8_percent_encode,success,6.539,0.9337607093000001,0.015976768745248383,0.9353722045000001,0.904698816,0.955406948,10,2026-07-10T21:52:05Z,1937623.11
bsan,percent-encoding-2.3.2,tests::utf8_percent_encode_accepts_ascii_set_ref,success,6.539,0.9364318339999999,0.017381747078261723,0.9450735085,0.9120571930000001,0.95657373,10,2026-07-10T21:52:15Z,1937623.11
bsan,event-listener-5.4.1,sys::tests::drop_non_notified,success,64.065,2.7429529768,0.06458147015521354,2.726250663,2.669563844,2.852030445,10,2026-07-10T21:50:47Z,1937623.13
bsan,event-listener-5.4.1,sys::tests::insert,success,64.065,2.7068157569999998,0.04783734683122164,2.699990568,2.644430691,2.761741363,10,2026-07-10T21:51:17Z,1937623.13
bsan,event-listener-5.4.1,drop_non_notified,test_failed,64.065,,,,,,10,2026-07-10T21:51:20Z,1937623.13
bsan,event-listener-5.4.1,drop_notified,test_failed,64.065,,,,,,10,2026-07-10T21:51:22Z,1937623.13
bsan,event-listener-5.4.1,drop_notified2,test_failed,64.065,,,,,,10,2026-07-10T21:51:25Z,1937623.13
bsan,event-listener-5.4.1,drop_notified_additional,test_failed,64.065,,,,,,10,2026-07-10T21:51:28Z,1937623.13
bsan,event-listener-5.4.1,notify,test_failed,64.065,,,,,,10,2026-07-10T21:51:31Z,1937623.13
bsan,event-listener-5.4.1,notify_additional,test_failed,64.065,,,,,,10,2026-07-10T21:51:33Z,1937623.13
bsan,event-listener-5.4.1,notify_all,test_failed,64.065,,,,,,10,2026-07-10T21:51:36Z,1937623.13
bsan,event-listener-5.4.1,notify_all_fair,test_failed,64.065,,,,,,10,2026-07-10T21:51:39Z,1937623.13
bsan,event-listener-5.4.1,notify_one,test_failed,64.065,,,,,,10,2026-07-10T21:51:42Z,1937623.13
bsan,dirs-sys-0.5.0,xdg_user_dirs::tests::test_absolute_path_is_accepted,success,7.626,1.0225746449000002,0.024421807697832587,1.0173019295,0.993415008,1.067694775,10,2026-07-10T21:49:17Z,1937623.14
bsan,dirs-sys-0.5.0,xdg_user_dirs::tests::test_disabled_directory,success,7.626,1.0230791316999999,0.026912921156906317,1.0294644735,0.9726440340000001,1.058547617,10,2026-07-10T21:49:28Z,1937623.14
bsan,dirs-sys-0.5.0,xdg_user_dirs::tests::test_parse_empty,success,7.626,0.9893472846000002,0.038420651388297804,0.9714788675000001,0.9560079690000001,1.079597949,10,2026-07-10T21:49:39Z,1937623.14
bsan,dirs-sys-0.5.0,xdg_user_dirs::tests::test_parse_user_dirs,success,7.626,1.1036331192,0.017544982165863823,1.093594314,1.086557476,1.131567728,10,2026-07-10T21:49:51Z,1937623.14
bsan,dirs-sys-0.5.0,xdg_user_dirs::tests::test_relative_path_is_rejected,success,7.626,0.9919685906,0.01571276982499316,0.9950827470000001,0.9658448310000001,1.013294745,10,2026-07-10T21:50:02Z,1937623.14
bsan,dirs-sys-0.5.0,xdg_user_dirs::tests::test_relative_to_home,success,7.626,1.0175866242000002,0.018495366537268063,1.020697054,0.9910736240000001,1.039487055,10,2026-07-10T21:50:14Z,1937623.14
bsan,dirs-sys-0.5.0,xdg_user_dirs::tests::test_shell_unescape,success,7.626,0.9975283625000001,0.045834346761129685,1.0135171330000001,0.9297820360000001,1.044042055,10,2026-07-10T21:50:25Z,1937623.14
bsan,dirs-sys-0.5.0,xdg_user_dirs::tests::test_split_once,success,7.626,0.9814931812000001,0.021842611527293925,0.982381073,0.9498513780000001,1.006345257,10,2026-07-10T21:50:35Z,1937623.14
bsan,dirs-sys-0.5.0,xdg_user_dirs::tests::test_trim_blank,success,7.626,0.9778789133000002,0.021779811261031994,0.9816823675,0.9475997690000001,1.012430643,10,2026-07-10T21:50:46Z,1937623.14
bsan,block-buffer-0.12.0,test_eager_digest_pad,success,9.528,1.8808009879000003,0.02613152980569322,1.8784183275,1.842852179,1.9239468180000001,10,2026-07-10T21:49:26Z,1937623.15
bsan,block-buffer-0.12.0,test_eager_paddings,success,9.528,1.8559190498,0.05093651715548385,1.8637786484999999,1.766527027,1.91234488,10,2026-07-10T21:49:47Z,1937623.15
bsan,block-buffer-0.12.0,test_eager_serialize,success,9.528,1.8547880622999997,0.037135738696277114,1.861478097,1.8022467990000002,1.920131702,10,2026-07-10T21:50:07Z,1937623.15
bsan,block-buffer-0.12.0,test_lazy_digest_pad,success,9.528,1.8645503360000002,0.07838288734584506,1.8624590950000002,1.741085237,2.013782113,10,2026-07-10T21:50:28Z,1937623.15
bsan,block-buffer-0.12.0,test_lazy_serialize,success,9.528,1.8184177603999998,0.04459830057831282,1.8147627020000001,1.7528962240000001,1.8979471540000001,10,2026-07-10T21:50:48Z,1937623.15
bsan,block-buffer-0.12.0,test_read,success,9.528,1.8190101938,0.04859957559133497,1.807857014,1.749930422,1.8927334450000002,10,2026-07-10T21:51:08Z,1937623.15
bsan,block-buffer-0.12.0,test_read_serialize,success,9.528,1.8110834715,0.05454588835640639,1.822417205,1.7427581650000001,1.903427441,10,2026-07-10T21:51:28Z,1937623.15
bsan,block-buffer-0.12.0,test_try_new,success,9.528,1.7937685167000001,0.027428494705915796,1.792899307,1.7486487720000001,1.83318474,10,2026-07-10T21:51:48Z,1937623.15
bsan,tracing-log-0.2.0,test::debug_callsite_is_correct,success,89.805,2.6915843113,0.08110147233546074,2.706273682,2.555524048,2.817735742,10,2026-07-10T21:51:09Z,1937623.16
bsan,tracing-log-0.2.0,test::error_callsite_is_correct,success,89.805,2.7013214821,0.05842797944512035,2.7180165855,2.589206978,2.790304347,10,2026-07-10T21:51:39Z,1937623.16
bsan,tracing-log-0.2.0,test::info_callsite_is_correct,success,89.805,2.7064472653000005,0.05232036310587559,2.7010889945,2.611526602,2.788508835,10,2026-07-10T21:52:09Z,1937623.16
bsan,tracing-log-0.2.0,test::trace_callsite_is_correct,success,89.805,2.6451345289,0.0388924523969646,2.6564789400000004,2.590555679,2.694492683,10,2026-07-10T21:52:38Z,1937623.16
bsan,tracing-log-0.2.0,test::warn_callsite_is_correct,success,89.805,2.6182896657,0.035318413470008254,2.6214678415000003,2.545657219,2.685878587,10,2026-07-10T21:53:07Z,1937623.16
bsan,tracing-log-0.2.0,normalized_metadata,success,89.805,3.0501683279000003,0.04219796446749715,3.045482033,2.994438625,3.117042561,10,2026-07-10T21:53:40Z,1937623.16
bsan,tracing-log-0.2.0,can_initialize_log_tracer_with_level,success,89.805,2.5281138311999998,0.046294621718293995,2.5269223965000003,2.458377001,2.58391401,10,2026-07-10T21:54:08Z,1937623.16
bsan,async-trait-0.1.89,drop_order::test_drop_order,success,121.538,1.873686537,0.045234120344956455,1.8947112765,1.804868715,1.929484027,10,2026-07-10T21:51:22Z,1937623.17
bsan,async-trait-0.1.89,issue199::test,success,121.538,1.8359500708999998,0.027008242550011514,1.8350611855,1.792287482,1.868244576,10,2026-07-10T21:51:42Z,1937623.17
bsan,async-trait-0.1.89,issue45::tracing,success,121.538,1.8250095078000002,0.020583828347707563,1.829797402,1.788065631,1.852690004,10,2026-07-10T21:52:03Z,1937623.17
bsan,async-trait-0.1.89,issue57::test,success,121.538,1.8146155946,0.02017607853289591,1.8185362189999998,1.782784141,1.8473703920000002,10,2026-07-10T21:52:23Z,1937623.17
bsan,cpufeatures-0.3.0,init,success,6.885,3.493841519,0.07479182980214817,3.491279199,3.364138479,3.630307958,10,2026-07-10T21:49:42Z,1937623.18
bsan,cpufeatures-0.3.0,init_get,success,6.885,3.4804710673000003,0.06215294290928793,3.4788883315000003,3.388219254,3.572748988,10,2026-07-10T21:50:20Z,1937623.18
bsan,utf8_iter-1.0.4,report::tests::test_eq,success,6.634,0.99853024,0.015622889712311759,0.9990628335,0.971971435,1.027523094,10,2026-07-10T21:49:14Z,1937623.19
bsan,utf8_iter-1.0.4,report::tests::test_size,success,6.634,1.0018911308,0.015895664014948834,1.0044475880000001,0.964593184,1.029471331,10,2026-07-10T21:49:25Z,1937623.19
bsan,redox_syscall-0.8.0,sigabi::tests::singlethread_mask,success,5.228,1.0530486705,0.01790488702076313,1.0590298825,1.013353358,1.073725589,10,2026-07-10T21:49:28Z,1937623.20
bsan,zerocopy-0.8.50,byte_slice::tests::test_ref_mut_split_at_unchecked,success,78.263,3.4807241297000004,0.06637233597644733,3.499520652,3.392454288,3.575061256,10,2026-07-10T21:50:54Z,1937623.2
bsan,zerocopy-0.8.50,byte_slice::tests::test_ref_split_at_unchecked,success,78.263,3.4546947405,0.056120037876371924,3.454061753,3.357940853,3.563436474,10,2026-07-10T21:51:32Z,1937623.2
bsan,zerocopy-0.8.50,byteorder::tests::test_byteorder_traits_coverage,success,78.263,3.3942204221000005,0.03207844994004812,3.3923352285000004,3.349863744,3.449996879,10,2026-07-10T21:52:09Z,1937623.2
bsan,zerocopy-0.8.50,byteorder::tests::test_const_methods,success,78.263,3.3399711788000004,0.038167428459363884,3.348133279,3.270638336,3.404146993,10,2026-07-10T21:52:46Z,1937623.2
bsan,zerocopy-0.8.50,byteorder::tests::test_debug_impl,success,78.263,3.3070734493999994,0.04126631996594296,3.3065578925,3.22921632,3.372851566,10,2026-07-10T21:53:23Z,1937623.2
bsan,zerocopy-0.8.50,byteorder::tests::test_endian,success,78.263,11.425747687000001,0.12347956381654047,11.439328284,11.255160369,11.675403597,10,2026-07-10T21:55:28Z,1937623.2
bsan,zerocopy-0.8.50,byteorder::tests::test_max_value,success,78.263,3.2110487411,0.06159904660293495,3.1932081555,3.147107107,3.352280019,10,2026-07-10T21:56:04Z,1937623.2
bsan,zerocopy-0.8.50,byteorder::tests::test_ops_impls,success,78.263,57.426057325500004,0.7106538063039614,57.301797187,56.407232345,58.240292897,10,2026-07-10T22:06:36Z,1937623.2
bsan,zerocopy-0.8.50,byteorder::tests::test_zero,success,78.263,3.1145887114999993,0.059266401337926794,3.122666811,3.008629333,3.231253517,10,2026-07-10T22:07:10Z,1937623.2
bsan,zerocopy-0.8.50,deprecated::tests::test_deprecated_into_mut_slice,success,78.263,3.1038910646,0.03685490609500463,3.0960205170000004,3.064170438,3.153471065,10,2026-07-10T22:07:44Z,1937623.2
bsan,zerocopy-0.8.50,deprecated::tests::test_deprecated_into_slice,success,78.263,3.1145420143999996,0.042250321719237156,3.1179946015,3.040242625,3.186427704,10,2026-07-10T22:08:18Z,1937623.2
bsan,zerocopy-0.8.50,deprecated::tests::test_deprecated_ref_methods,success,78.263,3.1012229932,0.0439878063612271,3.0914019355,3.058573829,3.20794786,10,2026-07-10T22:08:53Z,1937623.2
bsan,zerocopy-0.8.50,error::tests::alignment_display,test_failed,78.263,,,,,,10,2026-07-10T22:08:54Z,1937623.2
bsan,zerocopy-0.8.50,error::tests::size_display,test_failed,78.263,,,,,,10,2026-07-10T22:08:55Z,1937623.2
bsan,zerocopy-0.8.50,error::tests::test_alignment_error_display_debug,success,78.263,3.1195393186,0.03580164729305842,3.119431139,3.082594247,3.206394095,10,2026-07-10T22:09:29Z,1937623.2
bsan,zerocopy-0.8.50,error::tests::test_alignment_error_methods,success,78.263,3.0906574158,0.06528848905729898,3.1060442755,2.981231039,3.1862681,10,2026-07-10T22:10:03Z,1937623.2
bsan,zerocopy-0.8.50,error::tests::test_convert_error_debug,success,78.263,3.0841168035000006,0.03921945149543982,3.0780063995,3.018259537,3.147133343,10,2026-07-10T22:10:37Z,1937623.2
bsan,zerocopy-0.8.50,error::tests::test_convert_error_display_debug_more,success,78.263,3.0976556524000003,0.06287628788580407,3.0906170814999996,3.001327468,3.239724537,10,2026-07-10T22:11:11Z,1937623.2
bsan,zerocopy-0.8.50,error::tests::test_convert_error_from_unaligned,success,78.263,3.0650327087999996,0.0646662233606187,3.0627151065,2.967162793,3.173542897,10,2026-07-10T22:11:45Z,1937623.2
bsan,zerocopy-0.8.50,error::tests::test_convert_error_from_unaligned_variants,success,78.263,3.0859344077,0.05835856138952036,3.0972722645,2.970628692,3.152285876,10,2026-07-10T22:12:19Z,1937623.2
bsan,zerocopy-0.8.50,error::tests::test_eq_partial_eq_clone,success,78.263,3.0734230103,0.0453627501076745,3.0721807429999997,2.983967477,3.151422829,10,2026-07-10T22:12:52Z,1937623.2
bsan,zerocopy-0.8.50,error::tests::test_send_sync,success,78.263,3.0888916205,0.0754746688770157,3.101530127,2.97797759,3.189586338,10,2026-07-10T22:13:26Z,1937623.2
bsan,zerocopy-0.8.50,error::tests::test_size_error_display_debug,success,78.263,3.0621121927,0.06372924301346192,3.034957502,2.984850748,3.171227245,10,2026-07-10T22:14:00Z,1937623.2
bsan,zerocopy-0.8.50,error::tests::test_validity_error_display_debug,success,78.263,3.0801896244,0.050281754611583684,3.0801397225000002,2.998333616,3.15233062,10,2026-07-10T22:14:34Z,1937623.2
bsan,zerocopy-0.8.50,error::tests::validity_display,test_failed,78.263,,,,,,10,2026-07-10T22:14:35Z,1937623.2
bsan,zerocopy-0.8.50,impls::tests::test_impls,success,78.263,3.2248656376,0.029250630826560396,3.2315375680000002,3.164006874,3.268648047,10,2026-07-10T22:15:10Z,1937623.2
bsan,zerocopy-0.8.50,layout::tests::test_dst_layout_extend_sized_with_dst,success,78.263,3.1861825163,0.02697035076001279,3.1894237944999997,3.151485007,3.228384062,10,2026-07-10T22:15:45Z,1937623.2
bsan,zerocopy-0.8.50,layout::tests::test_dst_layout_extend_sized_with_sized,success,78.263,3.2232824092000003,0.03873659241726099,3.2156635965,3.163388204,3.290111586,10,2026-07-10T22:16:21Z,1937623.2
bsan,zerocopy-0.8.50,layout::tests::test_dst_layout_for_slice,success,78.263,3.111951769,0.07921356917670146,3.0980134425,2.987145889,3.252200773,10,2026-07-10T22:16:55Z,1937623.2
bsan,zerocopy-0.8.50,layout::tests::test_dst_layout_pad_to_align_with_dst,success,78.263,3.2882387127,0.05447003688894614,3.295055025,3.197600086,3.365284782,10,2026-07-10T22:17:31Z,1937623.2
bsan,zerocopy-0.8.50,layout::tests::test_dst_layout_pad_to_align_with_sized,success,78.263,3.1312827827,0.046284632652724304,3.134388992,3.035972157,3.188174803,10,2026-07-10T22:18:06Z,1937623.2
bsan,zerocopy-0.8.50,macros::tests::test_cryptocorrosion_derive_traits,success,78.263,3.1110051409000006,0.04214702133925445,3.1023463964999998,3.049144872,3.188474504,10,2026-07-10T22:18:40Z,1937623.2
bsan,zerocopy-0.8.50,macros::tests::test_include_value,success,78.263,3.1197016382999996,0.053193267620982664,3.11958378,3.018307146,3.208900856,10,2026-07-10T22:19:14Z,1937623.2
bsan,zerocopy-0.8.50,macros::tests::test_macros_evaluate_args_once,success,78.263,3.1202357608000004,0.04856205659640478,3.1207012174999997,3.066553997,3.228319555,10,2026-07-10T22:19:49Z,1937623.2
bsan,zerocopy-0.8.50,macros::tests::test_transmute,success,78.263,3.0931468739,0.05929637808731041,3.083104643,3.009929372,3.175942256,10,2026-07-10T22:20:23Z,1937623.2
bsan,zerocopy-0.8.50,macros::tests::test_transmute_mut,success,78.263,3.1035891234,0.0530808897258347,3.109890441,3.024072162,3.191431897,10,2026-07-10T22:20:57Z,1937623.2
bsan,zerocopy-0.8.50,macros::tests::test_transmute_ref,success,78.263,3.1301703618000003,0.0366034209440361,3.1397522899999997,3.044494348,3.185486757,10,2026-07-10T22:21:31Z,1937623.2
bsan,zerocopy-0.8.50,macros::tests::test_try_transmute,success,78.263,3.1135104798999995,0.06609352334605684,3.109375427,3.003086274,3.192760757,10,2026-07-10T22:22:05Z,1937623.2
bsan,zerocopy-0.8.50,macros::tests::test_try_transmute_mut,success,78.263,3.0702755592,0.050882719101673135,3.0625233115,3.001916325,3.173494183,10,2026-07-10T22:22:39Z,1937623.2
bsan,zerocopy-0.8.50,macros::tests::test_try_transmute_ref,success,78.263,3.1455444474,0.10949777454531003,3.1120296265,3.021193576,3.351889228,10,2026-07-10T22:23:14Z,1937623.2
bsan,zerocopy-0.8.50,pointer::inner::tests::test_meta,success,78.263,3.0920868032,0.053979889722207734,3.0983810445,2.987413704,3.173775131,10,2026-07-10T22:23:48Z,1937623.2
bsan,zerocopy-0.8.50,pointer::inner::tests::test_ptr_inner_clone,success,78.263,3.0813333815000004,0.03348186076207445,3.0679369965,3.025230947,3.142067392,10,2026-07-10T22:24:22Z,1937623.2
bsan,zerocopy-0.8.50,pointer::inner::tests::test_split_at,success,78.263,3.1131684249,0.054033711097541265,3.1284004125,3.014768656,3.173514932,10,2026-07-10T22:24:56Z,1937623.2
bsan,zerocopy-0.8.50,pointer::inner::tests::test_trailing_slice,success,78.263,3.0765879846000006,0.062260648731330866,3.060197434,3.010138705,3.167094949,10,2026-07-10T22:25:30Z,1937623.2
bsan,zerocopy-0.8.50,pointer::ptr::tests::test_iter_exclusive_yields_disjoint_ptrs,success,78.263,3.1047714496000003,0.0709276873441204,3.116648697,2.942404759,3.176391174,10,2026-07-10T22:26:04Z,1937623.2
bsan,zerocopy-0.8.50,pointer::ptr::tests::test_ptr_try_cast_into_soundness::AU64,success,78.263,6.525010560999999,0.061135300312509015,6.531417122000001,6.400142628,6.609116507,10,2026-07-10T22:27:16Z,1937623.2
bsan,zerocopy-0.8.50,pointer::ptr::tests::test_ptr_try_cast_into_soundness::empty_tuple,success,78.263,3.1923524183,0.06005634160276254,3.190283001,3.11651087,3.291544656,10,2026-07-10T22:27:51Z,1937623.2
bsan,zerocopy-0.8.50,pointer::ptr::tests::test_ptr_try_cast_into_soundness::f32,success,78.263,4.022775467099999,0.04329285522403135,4.0256182725,3.961984144,4.105005927,10,2026-07-10T22:28:35Z,1937623.2
bsan,zerocopy-0.8.50,pointer::ptr::tests::test_ptr_try_cast_into_soundness::f64,success,78.263,6.5046097873,0.08126282462359664,6.487228875,6.41812953,6.698013926,10,2026-07-10T22:29:47Z,1937623.2
bsan,zerocopy-0.8.50,pointer::ptr::tests::test_ptr_try_cast_into_soundness::i16,success,78.263,3.4047270103000002,0.07204248374994698,3.4093780075,3.282425486,3.542936559,10,2026-07-10T22:30:24Z,1937623.2
bsan,zerocopy-0.8.50,pointer::ptr::tests::test_ptr_try_cast_into_soundness::i32,success,78.263,4.0026173541,0.06814952778648938,3.9838316870000003,3.890369174,4.10864547,10,2026-07-10T22:31:08Z,1937623.2
bsan,zerocopy-0.8.50,pointer::ptr::tests::test_ptr_try_cast_into_soundness::i64,success,78.263,6.5075442205,0.07216547182290586,6.4924302535,6.420028988,6.630431415,10,2026-07-10T22:32:19Z,1937623.2
bsan,zerocopy-0.8.50,pointer::ptr::tests::test_ptr_try_cast_into_soundness::i8,success,78.263,3.1994342065000003,0.03396340731079906,3.2068401515,3.144669781,3.240984451,10,2026-07-10T22:32:55Z,1937623.2
bsan,zerocopy-0.8.50,pointer::ptr::tests::test_ptr_try_cast_into_soundness::isize,success,78.263,6.532021985199999,0.08199500228430066,6.5218212895,6.424407164,6.655697991,10,2026-07-10T22:34:06Z,1937623.2
bsan,zerocopy-0.8.50,pointer::ptr::tests::test_ptr_try_cast_into_soundness::u16,success,78.263,3.3918445022,0.05902815505602895,3.392911939,3.302469392,3.510222937,10,2026-07-10T22:34:44Z,1937623.2
bsan,zerocopy-0.8.50,pointer::ptr::tests::test_ptr_try_cast_into_soundness::u32,success,78.263,4.0451603674,0.05745591261293852,4.035065467,3.967528515,4.161825906,10,2026-07-10T22:35:28Z,1937623.2
bsan,zerocopy-0.8.50,pointer::ptr::tests::test_ptr_try_cast_into_soundness::u64,success,78.263,6.5507547651,0.06401184032730708,6.551238518,6.432712922,6.667447437,10,2026-07-10T22:36:41Z,1937623.2
bsan,zerocopy-0.8.50,pointer::ptr::tests::test_ptr_try_cast_into_soundness::u8,success,78.263,3.2237587937,0.05276398055284979,3.2054028105,3.153104695,3.317990863,10,2026-07-10T22:37:16Z,1937623.2
bsan,zerocopy-0.8.50,pointer::ptr::tests::test_ptr_try_cast_into_soundness::usize,success,78.263,6.9430586277,0.5157737429803996,7.0442514815,6.309382981,8.020229817,10,2026-07-10T22:38:32Z,1937623.2
bsan,zerocopy-0.8.50,pointer::ptr::tests::test_try_cast_into_explicit_count,success,78.263,4.404548439,0.10421063649611788,4.4009886135,4.199555323,4.610878155,10,2026-07-10T22:39:21Z,1937623.2
bsan,zerocopy-0.8.50,pointer::ptr::tests::test_try_cast_into_no_leftover_restores_original_slice,success,78.263,4.3502485759,0.10510036195851113,4.356056065,4.189895281,4.524910624,10,2026-07-10T22:40:08Z,1937623.2
bsan,zerocopy-0.8.50,pointer::transmute::tests::test_transmute_coverage,success,78.263,4.4420094347,0.1890194156935916,4.43322853,4.172683227,4.842458966,10,2026-07-10T22:40:57Z,1937623.2
bsan,zerocopy-0.8.50,r#ref::tests::test_address,success,78.263,4.3321956194,0.19672514350037298,4.309198966,4.139421494,4.758145262,10,2026-07-10T22:41:45Z,1937623.2
bsan,zerocopy-0.8.50,r#ref::tests::test_display_debug,success,78.263,4.376761570099999,0.1177962010545801,4.363856440999999,4.218402901,4.626359246,10,2026-07-10T22:42:33Z,1937623.2
bsan,zerocopy-0.8.50,r#ref::tests::test_eq,success,78.263,4.434640171300001,0.21167259235378763,4.422021461,4.155893595,4.8488277140000005,10,2026-07-10T22:43:22Z,1937623.2
bsan,zerocopy-0.8.50,r#ref::tests::test_into_ref_mut,success,78.263,4.3950589467,0.12128127704208709,4.394073357,4.255487771,4.635192827,10,2026-07-10T22:44:10Z,1937623.2
bsan,zerocopy-0.8.50,r#ref::tests::test_mut_slice_into_ref,success,78.263,4.4086536487,0.12406527616561175,4.408025531,4.215116789,4.560886166,10,2026-07-10T22:44:59Z,1937623.2
bsan,zerocopy-0.8.50,r#ref::tests::test_ne,success,78.263,4.3718324033,0.11232941312597158,4.3823678825000005,4.194958777,4.608645212,10,2026-07-10T22:45:47Z,1937623.2
bsan,zerocopy-0.8.50,r#ref::tests::test_new_aligned_sized,success,78.263,4.3842805384,0.11120115877715243,4.381246093,4.204674825,4.536382841,10,2026-07-10T22:46:35Z,1937623.2
bsan,zerocopy-0.8.50,r#ref::tests::test_new_error,success,78.263,4.365817432,0.11831722210464604,4.3442197794999995,4.203206275,4.5262665,10,2026-07-10T22:47:23Z,1937623.2
bsan,zerocopy-0.8.50,r#ref::tests::test_new_oversized,success,78.263,4.3515353771,0.1311266247230256,4.3407747325,4.181541276,4.6145456320000005,10,2026-07-10T22:48:11Z,1937623.2
bsan,zerocopy-0.8.50,r#ref::tests::test_ord,success,78.263,4.3814993672,0.12587532214954286,4.342310425000001,4.212039907,4.673199948,10,2026-07-10T22:48:59Z,1937623.2
bsan,zerocopy-0.8.50,split_at::tests::test_split_at_unchecked,success,78.263,4.3750864297,0.1142948880026041,4.3553282585,4.20119021,4.566256704,10,2026-07-10T22:49:47Z,1937623.2
bsan,zerocopy-0.8.50,split_at::tests::test_split_at_via_methods,success,78.263,4.3821617094,0.14606405448729853,4.425694772,4.205666952,4.555520869,10,2026-07-10T22:50:36Z,1937623.2
bsan,zerocopy-0.8.50,split_at::tests::test_split_at_via_unaligned,success,78.263,4.435489088200001,0.12899236740805345,4.403467461,4.280551874,4.63389205,10,2026-07-10T22:51:24Z,1937623.2
bsan,zerocopy-0.8.50,tests::test_array,success,78.263,4.4286821234,0.074139417450083,4.399299578000001,4.353628909,4.595857184,10,2026-07-10T22:52:13Z,1937623.2
bsan,zerocopy-0.8.50,tests::test_deprecated_from_bytes,success,78.263,4.362835783,0.11645113739756746,4.341460929,4.216361783,4.537462198,10,2026-07-10T22:53:01Z,1937623.2
bsan,zerocopy-0.8.50,tests::test_from_zeros_only,success,78.263,4.4267578404,0.1674071565264537,4.351612222,4.22732112,4.681622076,10,2026-07-10T22:53:50Z,1937623.2
bsan,zerocopy-0.8.50,tests::test_known_layout,success,78.263,4.3783500580000005,0.14553769858529036,4.331118995,4.200325162,4.694525281,10,2026-07-10T22:54:38Z,1937623.2
bsan,zerocopy-0.8.50,tests::test_new_zeroed,success,78.263,4.497374558000001,0.11119970879694982,4.5010446765,4.276314617,4.647889173,10,2026-07-10T22:55:28Z,1937623.2
bsan,zerocopy-0.8.50,tests::test_object_safety,success,78.263,4.3723341830999995,0.11255106867936283,4.359572910000001,4.257113938,4.595238919,10,2026-07-10T22:56:16Z,1937623.2
bsan,zerocopy-0.8.50,tests::test_raw_dangling,success,78.263,4.387293402199999,0.13747275021329575,4.3916844005,4.183791445,4.602750055,10,2026-07-10T22:57:04Z,1937623.2
bsan,zerocopy-0.8.50,tests::test_read_write,success,78.263,4.4792725866,0.15513334035397636,4.4950953810000005,4.20579163,4.690710051,10,2026-07-10T22:57:53Z,1937623.2
bsan,zerocopy-0.8.50,tests::test_ref_from_mut_from_bytes,success,78.263,4.423950624799999,0.08741896549931194,4.439041788000001,4.221215612,4.533485387,10,2026-07-10T22:58:41Z,1937623.2
bsan,zerocopy-0.8.50,tests::test_ref_from_mut_from_bytes_error,success,78.263,4.359430526500001,0.21699041613096884,4.40316885,3.999988853,4.594284686,10,2026-07-10T22:59:29Z,1937623.2
bsan,zerocopy-0.8.50,tests::test_to_methods,success,78.263,3.3042411472999995,0.13277008347483207,3.3294038280000002,2.9986830710000003,3.515816465,10,2026-07-10T23:00:06Z,1937623.2
bsan,zerocopy-0.8.50,tests::test_transparent_packed_generic_struct,success,78.263,3.8064801476,0.566722124324407,3.4776520785000002,3.273373846,4.561117393,10,2026-07-10T23:00:47Z,1937623.2
bsan,zerocopy-0.8.50,tests::test_try_from_bytes_try_read_from,success,78.263,4.379743777700001,0.18128523639408603,4.3318856765,4.231503422,4.859107531,10,2026-07-10T23:01:35Z,1937623.2
bsan,zerocopy-0.8.50,tests::test_try_ref_from_prefix_suffix,success,78.263,4.3500722639000005,0.11875450667776818,4.3166782335,4.222463904,4.551663571,10,2026-07-10T23:02:23Z,1937623.2
bsan,zerocopy-0.8.50,tests::test_try_ref_from_prefix_with_elems,success,78.263,4.3750754458,0.13366825912684094,4.3367274810000005,4.22880726,4.590464767,10,2026-07-10T23:03:11Z,1937623.2
bsan,zerocopy-0.8.50,tests::test_try_ref_from_suffix_with_elems,success,78.263,4.219852101799999,0.08786360610881175,4.1715003275,4.151422704,4.422696815,10,2026-07-10T23:03:58Z,1937623.2
bsan,zerocopy-0.8.50,tests::test_zst_count_preserved,success,78.263,4.2989241114,0.12011390579994802,4.2921084725,4.167442131,4.510145496,10,2026-07-10T23:04:45Z,1937623.2
bsan,zerocopy-0.8.50,util::macro_util::tests::test_enum_casts,success,78.263,4.2440884191,0.09313619891259481,4.2130372605,4.120354437,4.429891588,10,2026-07-10T23:05:32Z,1937623.2
bsan,zerocopy-0.8.50,util::macro_util::tests::test_enum_padding,success,78.263,4.226418881000001,0.12285368408638313,4.176809347000001,4.125461905,4.52483351,10,2026-07-10T23:06:19Z,1937623.2
bsan,zerocopy-0.8.50,util::macro_util::tests::test_repr_c_struct_padding,success,78.263,4.2188220743,0.08557567605182395,4.224425028000001,4.120241033,4.382331909,10,2026-07-10T23:07:05Z,1937623.2
bsan,zerocopy-0.8.50,util::macro_util::tests::test_struct_padding,success,78.263,4.193165205,0.09099667851924596,4.1941637025,4.08833948,4.371633894,10,2026-07-10T23:07:51Z,1937623.2
bsan,zerocopy-0.8.50,util::macro_util::tests::test_union_padding,success,78.263,4.2289589059,0.14889105828008467,4.2004309105,4.082230817,4.504870659,10,2026-07-10T23:08:38Z,1937623.2
bsan,zerocopy-0.8.50,util::tests::test_as_address,success,78.263,4.240087729600001,0.10845350424375204,4.190964625,4.126943682,4.402122957,10,2026-07-10T23:09:24Z,1937623.2
bsan,zerocopy-0.8.50,util::tests::test_round_down_to_next_multiple_of_alignment,success,78.263,4.2528113226,0.13503503496306898,4.1769807315000005,4.134575199,4.524389356,10,2026-07-10T23:10:11Z,1937623.2
bsan,zerocopy-0.8.50,util::tests::test_round_down_to_next_multiple_of_alignment_zerocopy_panic_in_const_and_vec_try_reserve,test_failed,78.263,,,,,,10,2026-07-10T23:10:12Z,1937623.2
bsan,zerocopy-0.8.50,util::tests::test_send_sync_phantom_data,success,78.263,4.2475376377,0.1331212485473785,4.218307479,4.077428598,4.520463702,10,2026-07-10T23:10:59Z,1937623.2
bsan,zerocopy-0.8.50,wrappers::tests::test_maybe_uninit,success,78.263,4.3351643080999995,0.0759513003389836,4.353704761,4.200405575,4.427298079,10,2026-07-10T23:11:47Z,1937623.2
bsan,zerocopy-0.8.50,wrappers::tests::test_maybe_uninit_debug,success,78.263,4.1571908847,0.09267690279028616,4.148151708,4.049798113,4.363798608,10,2026-07-10T23:12:33Z,1937623.2
bsan,zerocopy-0.8.50,wrappers::tests::test_maybe_uninit_uninit,success,78.263,4.2736340583,0.10606315336758795,4.2934529105,4.12912988,4.393765353,10,2026-07-10T23:13:19Z,1937623.2
bsan,zerocopy-0.8.50,wrappers::tests::test_unalign,success,78.263,4.1889377147,0.09384619735270398,4.196168417,4.047648004,4.329623751,10,2026-07-10T23:14:06Z,1937623.2
bsan,zerocopy-0.8.50,wrappers::tests::test_unalign_copy_clone,success,78.263,4.1869867969,0.1449933518535176,4.1651990425,4.047023491,4.538839447,10,2026-07-10T23:14:52Z,1937623.2
bsan,zerocopy-0.8.50,wrappers::tests::test_unalign_trait_impls,success,78.263,4.1592312891,0.08783854763899272,4.144520321,4.061066558,4.295285298,10,2026-07-10T23:15:37Z,1937623.2
bsan,zerocopy-0.8.50,wrappers::tests::test_unalign_update,success,78.263,4.175362257200001,0.11430509353422948,4.146932056,3.99997956,4.343287859,10,2026-07-10T23:16:23Z,1937623.2
bsan,der-0.8.0,asn1::bit_string::tests::bitstring_valueord_value_cmp,success,45.159,5.0700068484,0.09879780872519897,5.0472320645,4.9350202670000005,5.255710332,10,2026-07-10T21:50:43Z,1937623.3
bsan,der-0.8.0,asn1::bit_string::tests::decode_bitstring_with_unused_bits,success,45.159,4.9403848264,0.0806234944992829,4.945194841999999,4.830548066,5.047268529,10,2026-07-10T21:51:38Z,1937623.3
bsan,der-0.8.0,asn1::bit_string::tests::decode_empty_bitstring,success,45.159,4.869476928100001,0.0680750661266966,4.853874199,4.782438823,5.028265396,10,2026-07-10T21:52:31Z,1937623.3
bsan,der-0.8.0,asn1::bit_string::tests::decode_non_empty_bitstring,success,45.159,4.7662298983,0.0484524155180106,4.789386307,4.663001297,4.806698585,10,2026-07-10T21:53:24Z,1937623.3
bsan,der-0.8.0,asn1::bit_string::tests::reject_unused_bits_in_empty_string,success,45.159,4.668931565299999,0.07613388057889549,4.672675675,4.543451522,4.757497098,10,2026-07-10T21:54:15Z,1937623.3
bsan,der-0.8.0,asn1::boolean::tests::decode,success,45.159,4.6327174623,0.045939817993278995,4.627962098999999,4.550573752,4.703896417,10,2026-07-10T21:55:06Z,1937623.3
bsan,der-0.8.0,asn1::boolean::tests::encode,success,45.159,4.6298237674,0.04672804342734377,4.641296018,4.550773225,4.691434328,10,2026-07-10T21:55:57Z,1937623.3
bsan,der-0.8.0,asn1::boolean::tests::reject_non_canonical,success,45.159,4.5615385044000005,0.06741823003737582,4.542304505,4.469763855,4.676697998,10,2026-07-10T21:56:47Z,1937623.3
bsan,der-0.8.0,asn1::context_specific::tests::context_specific_not_skipping_unknown_field,success,45.159,4.654322571,0.036684372613273196,4.650653599,4.610951676,4.729917476,10,2026-07-10T21:57:38Z,1937623.3
bsan,der-0.8.0,asn1::context_specific::tests::context_specific_returns_none_on_greater_tag_number,success,45.159,4.6595530557,0.0606636949877304,4.6710622715,4.548592015,4.74602092,10,2026-07-10T21:58:30Z,1937623.3
bsan,der-0.8.0,asn1::context_specific::tests::context_specific_with_explicit_field,success,45.159,4.6705264066,0.1087329039507144,4.6628333390000005,4.465008176,4.842907501,10,2026-07-10T21:59:21Z,1937623.3
bsan,der-0.8.0,asn1::context_specific::tests::context_specific_with_implicit_field,success,45.159,4.666906473100001,0.07934584766261116,4.665630129,4.539273684,4.8010441,10,2026-07-10T22:00:12Z,1937623.3
bsan,der-0.8.0,asn1::context_specific::tests::round_trip,success,45.159,4.6514373746,0.06495732195961079,4.65298268,4.544626507,4.738992503,10,2026-07-10T22:01:03Z,1937623.3
bsan,der-0.8.0,asn1::generalized_time::tests::invalid_day_generalized_time,success,45.159,4.5902340916,0.10683828625222017,4.561072735,4.451388766,4.758582722,10,2026-07-10T22:01:54Z,1937623.3
bsan,der-0.8.0,asn1::generalized_time::tests::invalid_hour_generalized_time,success,45.159,4.562822794700001,0.05900521404997809,4.5586632565,4.471878481,4.655167718,10,2026-07-10T22:02:44Z,1937623.3
bsan,der-0.8.0,asn1::generalized_time::tests::invalid_minute_generalized_time,success,45.159,4.5432284444,0.05873033842617295,4.5371356225,4.476801939,4.648096494,10,2026-07-10T22:03:34Z,1937623.3
bsan,der-0.8.0,asn1::generalized_time::tests::invalid_month_generalized_time,success,45.159,4.5438766055999995,0.06636005607518802,4.5702080474999995,4.453341169,4.623932362,10,2026-07-10T22:04:24Z,1937623.3
bsan,der-0.8.0,asn1::generalized_time::tests::invalid_second_generalized_time,success,45.159,4.5090763267,0.07575105177284264,4.491963482,4.416457205,4.627193471,10,2026-07-10T22:05:14Z,1937623.3
bsan,der-0.8.0,asn1::generalized_time::tests::invalid_year_generalized_time,success,45.159,4.5117344808,0.0687370006694253,4.527593223,4.401771895,4.640057789,10,2026-07-10T22:06:03Z,1937623.3
bsan,der-0.8.0,asn1::generalized_time::tests::max_valid_generalized_time,success,45.159,4.4660469619,0.048085777689854135,4.4653497445,4.384841275,4.543953159,10,2026-07-10T22:06:52Z,1937623.3
bsan,der-0.8.0,asn1::generalized_time::tests::round_trip,success,45.159,4.487659593200001,0.063248344527331,4.480493916,4.400459406,4.6357255219999995,10,2026-07-10T22:07:42Z,1937623.3
bsan,der-0.8.0,asn1::ia5_string::tests::parse_bytes,success,45.159,4.508232574,0.050273372037778354,4.5120324735,4.431253491,4.590933591,10,2026-07-10T22:08:31Z,1937623.3
bsan,der-0.8.0,asn1::integer::int::tests::decode_intref,success,45.159,4.4968184674,0.03874879186287806,4.481798293500001,4.458660416,4.558165116,10,2026-07-10T22:09:21Z,1937623.3
bsan,der-0.8.0,asn1::integer::int::tests::encode_intref,success,45.159,4.472450897,0.07741068798638423,4.484492054,4.352778981,4.602859903,10,2026-07-10T22:10:10Z,1937623.3
bsan,der-0.8.0,asn1::integer::int::tests::validate_canonical_err,success,45.159,4.4515299141,0.04832185786528449,4.4705478245000005,4.371584922,4.496192745,10,2026-07-10T22:10:59Z,1937623.3
bsan,der-0.8.0,asn1::integer::int::tests::validate_canonical_ok,success,45.159,4.430216078399999,0.04521236926900746,4.4229245575,4.368544926,4.504579273,10,2026-07-10T22:11:48Z,1937623.3
bsan,der-0.8.0,asn1::integer::tests::decode_i16,success,45.159,4.4185875753,0.02621065446307551,4.4143843700000005,4.373175278,4.464941565,10,2026-07-10T22:12:36Z,1937623.3
bsan,der-0.8.0,asn1::integer::tests::decode_i8,success,45.159,4.41890225,0.05356934856891743,4.4181043849999995,4.345851884,4.526547633,10,2026-07-10T22:13:25Z,1937623.3
bsan,der-0.8.0,asn1::integer::tests::decode_u16,success,45.159,4.4162315169,0.0348989627731304,4.4252377974999995,4.35345474,4.459610949,10,2026-07-10T22:14:13Z,1937623.3
bsan,der-0.8.0,asn1::integer::tests::decode_u8,success,45.159,4.4406332687,0.04806187845827062,4.438438594,4.365316647,4.536352317,10,2026-07-10T22:15:02Z,1937623.3
bsan,der-0.8.0,asn1::integer::tests::encode_i16,success,45.159,4.4175071235,0.059905043038224436,4.4136582195,4.352810404,4.550763363,10,2026-07-10T22:15:51Z,1937623.3
bsan,der-0.8.0,asn1::integer::tests::encode_i8,success,45.159,4.433133685,0.07481478403308398,4.4622386325,4.311100765,4.508172535,10,2026-07-10T22:16:40Z,1937623.3
bsan,der-0.8.0,asn1::integer::tests::encode_u16,success,45.159,4.5223504134,0.058095623872131415,4.528035726500001,4.436991391,4.600635083,10,2026-07-10T22:17:30Z,1937623.3
bsan,der-0.8.0,asn1::integer::tests::encode_u8,success,45.159,4.5086349592,0.04825433054171568,4.506614746,4.440055736,4.594661413,10,2026-07-10T22:18:19Z,1937623.3
bsan,der-0.8.0,asn1::integer::tests::reject_empty,success,45.159,4.499638162000001,0.03923232983949468,4.498836449000001,4.442557487,4.5572934620000005,10,2026-07-10T22:19:09Z,1937623.3
bsan,der-0.8.0,asn1::integer::tests::reject_non_canonical,success,45.159,4.5165435888,0.058665496910534534,4.5265073465,4.432183033,4.60653135,10,2026-07-10T22:19:59Z,1937623.3
bsan,der-0.8.0,asn1::integer::uint::tests::decode_to_array_extra_zero,success,45.159,4.457944909,0.07452319536291774,4.4477925979999995,4.340764467,4.567399498,10,2026-07-10T22:20:48Z,1937623.3
bsan,der-0.8.0,asn1::integer::uint::tests::decode_to_array_leading_zero,success,45.159,4.5057131506,0.03518475491678502,4.506642253000001,4.454040765,4.58013437,10,2026-07-10T22:21:37Z,1937623.3
bsan,der-0.8.0,asn1::integer::uint::tests::decode_to_array_missing_zero,success,45.159,4.4818587264000005,0.030770250377132817,4.4728240040000005,4.439176797,4.543864054,10,2026-07-10T22:22:26Z,1937623.3
bsan,der-0.8.0,asn1::integer::uint::tests::decode_to_array_no_leading_zero,success,45.159,4.5034993772,0.13534988476138166,4.4642331644999995,4.368691957,4.834940466,10,2026-07-10T22:23:16Z,1937623.3
bsan,der-0.8.0,asn1::integer::uint::tests::decode_to_array_oversized_input,success,45.159,4.4597732218,0.06812762828494982,4.46995425,4.321498604,4.531749693,10,2026-07-10T22:24:05Z,1937623.3
bsan,der-0.8.0,asn1::integer::uint::tests::decode_uintref,success,45.159,4.4572850266,0.05563359728557615,4.449119667,4.374823795,4.53954723,10,2026-07-10T22:24:54Z,1937623.3
bsan,der-0.8.0,asn1::integer::uint::tests::encode_uintref,success,45.159,4.476787936999999,0.05595613770792603,4.488197571500001,4.360050584,4.545952499,10,2026-07-10T22:25:43Z,1937623.3
bsan,der-0.8.0,asn1::integer::uint::tests::reject_oversize_without_extra_zero,success,45.159,4.4476260741,0.05888634638909491,4.477945454,4.327702792,4.5027453390000005,10,2026-07-10T22:26:32Z,1937623.3
bsan,der-0.8.0,asn1::null::tests::decode,success,45.159,4.4403148409,0.04102542271120424,4.442515599,4.377096426,4.498621765,10,2026-07-10T22:27:21Z,1937623.3
bsan,der-0.8.0,asn1::null::tests::encode,success,45.159,4.421000132600001,0.09216666076344723,4.4149002625,4.272325885,4.551809131,10,2026-07-10T22:28:09Z,1937623.3
bsan,der-0.8.0,asn1::null::tests::reject_non_canonical,success,45.159,4.418741707600001,0.05921783609456902,4.416125525,4.296008457,4.515051162,10,2026-07-10T22:28:58Z,1937623.3
bsan,der-0.8.0,asn1::octet_string::tests::octet_string_decode,success,45.159,4.434164921500001,0.04950690804946884,4.428759501,4.35896239,4.515651497,10,2026-07-10T22:29:47Z,1937623.3
bsan,der-0.8.0,asn1::octet_string::tests::octet_string_decode_into,success,45.159,4.4585967899,0.05935357935129601,4.449999494,4.373262276,4.552865956,10,2026-07-10T22:30:36Z,1937623.3
bsan,der-0.8.0,asn1::printable_string::tests::parse_bytes,success,45.159,4.402749631099999,0.07505295783667205,4.383369878,4.302135999,4.512392897,10,2026-07-10T22:31:24Z,1937623.3
bsan,der-0.8.0,asn1::teletex_string::tests::parse_bytes,success,45.159,4.4298157751,0.04789261546003687,4.4359976450000005,4.354105721,4.511410542,10,2026-07-10T22:32:13Z,1937623.3
bsan,der-0.8.0,asn1::utc_time::tests::round_trip_vector,success,45.159,4.4298120409,0.07279213119585551,4.427957623499999,4.309296754,4.542318545,10,2026-07-10T22:33:02Z,1937623.3
bsan,der-0.8.0,asn1::utf8_string::tests::parse_ascii_bytes,success,45.159,4.4466016687,0.04045874017846849,4.4381010875,4.367189616,4.509828555,10,2026-07-10T22:33:51Z,1937623.3
bsan,der-0.8.0,asn1::utf8_string::tests::parse_utf8_bytes,success,45.159,4.4656294819,0.039352487876212545,4.4496373254999995,4.421991875,4.528680966,10,2026-07-10T22:34:40Z,1937623.3
bsan,der-0.8.0,asn1::videotex_string::tests::parse_bytes,success,45.159,4.4669302617,0.06616423424836719,4.462494227500001,4.344584066,4.605457796,10,2026-07-10T22:35:29Z,1937623.3
bsan,der-0.8.0,datetime::tests::feb_leap_year_handling,success,45.159,4.4849971109,0.05957058740710574,4.4989663580000006,4.362132926,4.561082518,10,2026-07-10T22:36:18Z,1937623.3
bsan,der-0.8.0,datetime::tests::from_str,success,45.159,4.4680850559,0.04774599638932528,4.462400199499999,4.408196798,4.548411205,10,2026-07-10T22:37:08Z,1937623.3
bsan,der-0.8.0,datetime::tests::invalid_dates,success,45.159,4.5275721253,0.22888935727028487,4.414528778,4.257387459,4.894747683,10,2026-07-10T22:37:57Z,1937623.3
bsan,der-0.8.0,encoding_rules::tests::parse,success,45.159,5.639306835899999,0.8691454938204394,5.556229869,4.738780217,6.88713632,10,2026-07-10T22:38:58Z,1937623.3
bsan,der-0.8.0,header::tests::negative_peek_overlength_header,success,45.159,6.3189573578000005,0.17445338876758273,6.2890504905,6.077014613,6.677698758,10,2026-07-10T22:40:08Z,1937623.3
bsan,der-0.8.0,header::tests::peek,success,45.159,6.212252594500001,0.13420998469824624,6.205991655,6.034853853,6.429497839,10,2026-07-10T22:41:16Z,1937623.3
bsan,der-0.8.0,header::tests::peek_max_header,success,45.159,6.289154594600001,0.17754519763955134,6.26709502,6.057351985,6.624886351,10,2026-07-10T22:42:25Z,1937623.3
bsan,der-0.8.0,length::tests::add_overflows_when_max_length_exceeded,success,45.159,6.2397656019,0.13415923265391574,6.187487071,6.12187489,6.4787850890000005,10,2026-07-10T22:43:34Z,1937623.3
bsan,der-0.8.0,length::tests::decode,success,45.159,6.2922771491,0.20363605587133973,6.2164810305,6.072703906,6.702847848,10,2026-07-10T22:44:43Z,1937623.3
bsan,der-0.8.0,length::tests::der_ord,success,45.159,6.248555441199999,0.11457026846479708,6.272972287,6.088099234,6.440396945,10,2026-07-10T22:45:52Z,1937623.3
bsan,der-0.8.0,length::tests::encode,success,45.159,6.2014491506999985,0.09858228388177061,6.2352436225000005,6.075254044,6.361028837,10,2026-07-10T22:47:00Z,1937623.3
bsan,der-0.8.0,reader::slice::tests::empty_message,success,45.159,6.2015856314999995,0.1098596349538295,6.206322077499999,6.07371895,6.406474496,10,2026-07-10T22:48:08Z,1937623.3
bsan,der-0.8.0,reader::slice::tests::invalid_field_length,success,45.159,6.2128260558,0.1367500493601704,6.1776601165,6.061274151,6.446274556,10,2026-07-10T22:49:16Z,1937623.3
bsan,der-0.8.0,reader::slice::tests::trailing_data,success,45.159,6.1915944353,0.10280532856203542,6.169503015,6.08321883,6.402673682,10,2026-07-10T22:50:24Z,1937623.3
bsan,der-0.8.0,tag::tests::decoding,success,45.159,6.4140360902,0.18259568795582726,6.4229850885,6.1918270060000005,6.814747474,10,2026-07-10T22:51:35Z,1937623.3
bsan,der-0.8.0,tag::tests::negative_peek_long_tags,success,45.159,6.397918414299999,0.1296157851506601,6.354332993,6.269170517,6.61869462,10,2026-07-10T22:52:45Z,1937623.3
bsan,der-0.8.0,tag::tests::peek,success,45.159,6.28258703,0.12925200219208996,6.245677835,6.114729056,6.523408771,10,2026-07-10T22:53:54Z,1937623.3
bsan,der-0.8.0,tag::tests::peek_long_tags,success,45.159,6.3390537989,0.13359108418037643,6.370277472,6.11832454,6.527700047,10,2026-07-10T22:55:03Z,1937623.3
bsan,der-0.8.0,tag::tests::tag_class,success,45.159,6.202346005099999,0.13093780462505564,6.1672620155,6.079441258,6.480405434,10,2026-07-10T22:56:12Z,1937623.3
bsan,der-0.8.0,tag::tests::tag_order,success,45.159,6.321820723699999,0.14540138598673724,6.310908448,6.065305386,6.499603909,10,2026-07-10T22:57:21Z,1937623.3
bsan,der-0.8.0,writer::slice::tests::overlength_message,success,45.159,6.3327017774,0.1509158039057445,6.2889657880000005,6.134921911,6.586175878,10,2026-07-10T22:58:31Z,1937623.3
bsan,der-0.8.0,roundtrip_datetime,success,45.159,10.592740728899999,1.022120798184473,9.923174155,9.544017961,12.090832541,10,2026-07-10T23:00:29Z,1937623.3
bsan,der-0.8.0,roundtrip_utctime,success,45.159,12.854958812499998,0.25493117731434295,12.812552776,12.49558747,13.285580218,10,2026-07-10T23:02:49Z,1937623.3
bsan,uuid-1.23.2,fmt::tests::braced_ref_trailing,success,42.512,1.0747285614000002,0.01980542598663374,1.0775237130000002,1.04936788,1.097350281,10,2026-07-10T21:50:01Z,1937623.5
bsan,uuid-1.23.2,fmt::tests::braced_to_inner,success,42.512,1.0976503506,0.023502400112171248,1.1061570459999999,1.047899231,1.126772098,10,2026-07-10T21:50:13Z,1937623.5
bsan,uuid-1.23.2,fmt::tests::braced_too_small,success,42.512,1.1047791791,0.04826571241741131,1.1103595359999998,1.027796965,1.179729413,10,2026-07-10T21:50:25Z,1937623.5
bsan,uuid-1.23.2,fmt::tests::braced_trailing,success,42.512,1.0800683126999997,0.024108964206006847,1.0812982915,1.035316935,1.11153075,10,2026-07-10T21:50:37Z,1937623.5
bsan,uuid-1.23.2,fmt::tests::hyphenated_ref_trailing,success,42.512,1.0690956044,0.04066916729742124,1.0612086330000001,1.021812702,1.137830637,10,2026-07-10T21:50:49Z,1937623.5
bsan,uuid-1.23.2,fmt::tests::hyphenated_to_inner,success,42.512,1.0558844808,0.036581130099080574,1.0573376795,0.9992489470000001,1.113185703,10,2026-07-10T21:51:01Z,1937623.5
bsan,uuid-1.23.2,fmt::tests::hyphenated_too_small,success,42.512,1.0790615141,0.031113541971408514,1.0774744255000002,1.021673695,1.116493317,10,2026-07-10T21:51:13Z,1937623.5
bsan,uuid-1.23.2,fmt::tests::hyphenated_trailing,success,42.512,1.076570905,0.026204881144170834,1.0724048115,1.039468412,1.123863718,10,2026-07-10T21:51:24Z,1937623.5
bsan,uuid-1.23.2,fmt::tests::simple_ref_trailing,success,42.512,1.0678215045,0.017650617892819728,1.0726595105,1.037235761,1.089699206,10,2026-07-10T21:51:36Z,1937623.5
bsan,uuid-1.23.2,fmt::tests::simple_to_inner,success,42.512,1.0588274975999998,0.022898407235546633,1.066244755,1.017089326,1.091554298,10,2026-07-10T21:51:48Z,1937623.5
bsan,uuid-1.23.2,fmt::tests::simple_too_small,success,42.512,1.0589841043,0.018019953324919565,1.062940567,1.029530688,1.083474915,10,2026-07-10T21:52:00Z,1937623.5
bsan,uuid-1.23.2,fmt::tests::simple_trailing,success,42.512,1.0556205832,0.03312543355122897,1.0568722799999999,0.9802537800000001,1.093380955,10,2026-07-10T21:52:11Z,1937623.5
bsan,uuid-1.23.2,fmt::tests::urn_ref_trailing,success,42.512,1.0390529849,0.01756999510347962,1.0407076155000001,1.016912842,1.066232562,10,2026-07-10T21:52:23Z,1937623.5
bsan,uuid-1.23.2,fmt::tests::urn_to_inner,success,42.512,1.0272979849,0.020055218471872194,1.022128032,1.000006872,1.066090296,10,2026-07-10T21:52:34Z,1937623.5
bsan,uuid-1.23.2,fmt::tests::urn_too_small,success,42.512,1.0321867157,0.015990064637075762,1.0325368985,1.00912252,1.062680932,10,2026-07-10T21:52:45Z,1937623.5
bsan,uuid-1.23.2,fmt::tests::urn_trailing,success,42.512,1.0280434276,0.01712122909517792,1.031565248,0.993406152,1.04563989,10,2026-07-10T21:52:57Z,1937623.5
bsan,uuid-1.23.2,non_nil::tests::test_non_nil,success,42.512,1.0117177027000002,0.025325207262144846,1.0102971615,0.9652651250000001,1.050181408,10,2026-07-10T21:53:08Z,1937623.5
bsan,uuid-1.23.2,non_nil::tests::test_non_nil_formatting,success,42.512,1.0215356020000002,0.01923734343662632,1.0205776850000001,0.9865159290000001,1.053210041,10,2026-07-10T21:53:19Z,1937623.5
bsan,uuid-1.23.2,non_nil::tests::test_non_nil_ord,success,42.512,1.0159643819,0.021554282166573697,1.007510216,0.994413618,1.055130383,10,2026-07-10T21:53:30Z,1937623.5
bsan,uuid-1.23.2,non_nil::tests::test_non_nil_with_option_size,success,42.512,1.0032229435,0.021729590688067006,1.010137787,0.9659520490000001,1.031381484,10,2026-07-10T21:53:41Z,1937623.5
bsan,uuid-1.23.2,parser::tests::test_parse_invalid,success,42.512,1.0227922172999997,0.02563968598951995,1.0203713325,0.981878125,1.053260229,10,2026-07-10T21:53:53Z,1937623.5
bsan,uuid-1.23.2,parser::tests::test_parse_valid,success,42.512,0.9949571242000002,0.024581370634270256,0.9881786805000001,0.9602973730000001,1.036337019,10,2026-07-10T21:54:04Z,1937623.5
bsan,uuid-1.23.2,parser::tests::test_roundtrip_braced,success,42.512,1.0075737984,0.033469257380779084,1.0038084600000001,0.963976991,1.056053813,10,2026-07-10T21:54:15Z,1937623.5
bsan,uuid-1.23.2,parser::tests::test_roundtrip_default,success,42.512,1.0041827604999998,0.017148066793112354,1.000272815,0.9810137760000001,1.03419907,10,2026-07-10T21:54:26Z,1937623.5
bsan,uuid-1.23.2,parser::tests::test_roundtrip_hyphenated,success,42.512,0.9977105793000002,0.023383786928119304,0.998516307,0.966475242,1.02963253,10,2026-07-10T21:54:37Z,1937623.5
bsan,uuid-1.23.2,parser::tests::test_roundtrip_parse_braced,success,42.512,0.9988868814,0.030771807537287182,1.0025625035,0.954650239,1.063000311,10,2026-07-10T21:54:48Z,1937623.5
bsan,uuid-1.23.2,parser::tests::test_roundtrip_parse_urn,success,42.512,0.9953320706,0.02597629520560699,0.997043717,0.9624233790000001,1.04090444,10,2026-07-10T21:54:59Z,1937623.5
bsan,uuid-1.23.2,parser::tests::test_roundtrip_simple,success,42.512,1.0073258616,0.027560900430059307,1.010603638,0.9609340510000001,1.05928158,10,2026-07-10T21:55:10Z,1937623.5
bsan,uuid-1.23.2,parser::tests::test_roundtrip_urn,success,42.512,0.9957979578,0.02431794342136501,0.9958028240000001,0.950671954,1.044327765,10,2026-07-10T21:55:21Z,1937623.5
bsan,uuid-1.23.2,parser::tests::test_try_parse_ascii_non_utf8,success,42.512,0.9759672144000001,0.02803841807678795,0.96720936,0.9519778310000001,1.039199671,10,2026-07-10T21:55:31Z,1937623.5
bsan,uuid-1.23.2,tests::test_as_bytes,success,42.512,1.0024896852,0.017248725012941266,1.0066510320000002,0.9676423700000001,1.020453331,10,2026-07-10T21:55:42Z,1937623.5
bsan,uuid-1.23.2,tests::test_bytes_le_roundtrip,success,42.512,0.9991072875,0.03691632766909359,0.9880153185,0.9525947910000001,1.048545627,10,2026-07-10T21:55:53Z,1937623.5
bsan,uuid-1.23.2,tests::test_bytes_roundtrip,success,42.512,0.9869075027,0.02918444222067862,0.9927200460000001,0.927406159,1.034289804,10,2026-07-10T21:56:04Z,1937623.5
bsan,uuid-1.23.2,tests::test_compare,success,42.512,0.9860646943000001,0.03319232916802761,0.988490917,0.938336028,1.045072229,10,2026-07-10T21:56:15Z,1937623.5
bsan,uuid-1.23.2,tests::test_convert_vec,success,42.512,0.9675619307,0.01814785689430691,0.9684297755000001,0.9254917610000001,0.991027583,10,2026-07-10T21:56:26Z,1937623.5
bsan,uuid-1.23.2,tests::test_default,success,42.512,0.9755868481000002,0.038537104737438634,0.9677250690000001,0.9286217410000001,1.055134422,10,2026-07-10T21:56:37Z,1937623.5
bsan,uuid-1.23.2,tests::test_display,success,42.512,1.0458070515000002,0.02582469636449643,1.047876301,1.00385868,1.082746474,10,2026-07-10T21:56:48Z,1937623.5
bsan,uuid-1.23.2,tests::test_fields_le_are_actually_le,success,42.512,0.9973991784,0.03900064641103381,0.9920884255,0.943381138,1.0734046799999999,10,2026-07-10T21:56:59Z,1937623.5
bsan,uuid-1.23.2,tests::test_fields_le_roundtrip,success,42.512,0.996741622,0.04233322634706136,0.9894026485,0.9220712400000001,1.058483988,10,2026-07-10T21:57:10Z,1937623.5
bsan,uuid-1.23.2,tests::test_fields_roundtrip,success,42.512,0.9966661895000002,0.020473728843734725,0.9947557015,0.962633201,1.029352288,10,2026-07-10T21:57:21Z,1937623.5
bsan,uuid-1.23.2,tests::test_from_bytes,success,42.512,0.9964297995999999,0.0197169446115976,0.9948624100000001,0.9563913540000001,1.023899277,10,2026-07-10T21:57:32Z,1937623.5
bsan,uuid-1.23.2,tests::test_from_fields,success,42.512,1.0055669311000002,0.03179537084691864,1.002724768,0.958074639,1.055981751,10,2026-07-10T21:57:43Z,1937623.5
bsan,uuid-1.23.2,tests::test_from_fields_le,success,42.512,1.0008708495,0.03513045741043435,0.9963133115,0.952242,1.060456779,10,2026-07-10T21:57:54Z,1937623.5
bsan,uuid-1.23.2,tests::test_from_slice,success,42.512,0.9952446891000001,0.03998946255745662,0.9842863575,0.9466436760000001,1.083763973,10,2026-07-10T21:58:05Z,1937623.5
bsan,uuid-1.23.2,tests::test_get_node_id_unsupported_version,success,42.512,0.9977348891999999,0.0293047194398663,1.008154285,0.9591609150000001,1.03283273,10,2026-07-10T21:58:16Z,1937623.5
bsan,uuid-1.23.2,tests::test_get_timestamp_unsupported_version,success,42.512,0.9765214687,0.04390587788149866,0.9671434265000001,0.924688028,1.059918328,10,2026-07-10T21:58:27Z,1937623.5
bsan,uuid-1.23.2,tests::test_get_variant,success,42.512,0.9780274454000001,0.020496971779753122,0.9716104245000001,0.947618854,1.00676603,10,2026-07-10T21:58:37Z,1937623.5
bsan,uuid-1.23.2,tests::test_get_version,success,42.512,1.0030681872999998,0.03383633689116074,1.0093389275,0.9512143970000001,1.076564805,10,2026-07-10T21:58:48Z,1937623.5
bsan,uuid-1.23.2,tests::test_get_version_non_conforming,success,42.512,0.9982608898000003,0.02809722604681871,1.0053830455,0.9475561480000001,1.031681282,10,2026-07-10T21:58:59Z,1937623.5
bsan,uuid-1.23.2,tests::test_hyphenated_string,success,42.512,1.0467952026,0.03964568750833643,1.0400556415,0.9977041990000001,1.131967994,10,2026-07-10T21:59:11Z,1937623.5
bsan,uuid-1.23.2,tests::test_max,success,42.512,1.0086052931,0.03501455405537897,1.0046772385,0.95379254,1.063694558,10,2026-07-10T21:59:22Z,1937623.5
bsan,uuid-1.23.2,tests::test_nil,success,42.512,0.9980104088000001,0.0282408466362029,0.9934810700000001,0.9539388000000001,1.054733753,10,2026-07-10T21:59:33Z,1937623.5
bsan,uuid-1.23.2,tests::test_predefined_namespaces,success,42.512,1.0066877813000001,0.03229523260584072,1.0007734395,0.9612437110000001,1.057545518,10,2026-07-10T21:59:44Z,1937623.5
bsan,uuid-1.23.2,tests::test_to_simple_string,success,42.512,1.0341862038000003,0.024249850072238805,1.0378472785000001,0.9996360500000001,1.065153471,10,2026-07-10T21:59:55Z,1937623.5
bsan,uuid-1.23.2,tests::test_to_urn_string,success,42.512,1.0585380129,0.03541581405152891,1.048048476,1.017737116,1.147384882,10,2026-07-10T22:00:07Z,1937623.5
bsan,uuid-1.23.2,tests::test_u128_le_is_actually_le,success,42.512,0.9863761642,0.03214902866570561,0.984145463,0.9314324970000001,1.051140286,10,2026-07-10T22:00:18Z,1937623.5
bsan,uuid-1.23.2,tests::test_u128_le_roundtrip,success,42.512,1.005070081,0.0221805323458154,1.013263792,0.969272812,1.0379562,10,2026-07-10T22:00:29Z,1937623.5
bsan,uuid-1.23.2,tests::test_u128_roundtrip,success,42.512,0.9913436899000002,0.02958932860305542,0.9846219615,0.9550376020000001,1.054235379,10,2026-07-10T22:00:40Z,1937623.5
bsan,uuid-1.23.2,tests::test_u64_pair_roundtrip,success,42.512,0.9955778377,0.030149671913806634,0.9915093835000001,0.947002808,1.045919622,10,2026-07-10T22:00:51Z,1937623.5
bsan,uuid-1.23.2,tests::test_upper_lower_hex,success,42.512,1.5542355202,0.019008635099700046,1.5535038075,1.519720674,1.580778685,10,2026-07-10T22:01:08Z,1937623.5
bsan,lru-0.18.0,tests::iter_mut_stacked_borrows_violation,success,12.152,1.0177559397,0.02216203018042932,1.013002886,0.982145161,1.054395858,10,2026-07-10T21:49:20Z,1937623.6
bsan,lru-0.18.0,tests::test_clear,success,12.152,0.9987865295,0.0172710186118281,0.9977507995,0.9763321640000001,1.023380663,10,2026-07-10T21:49:31Z,1937623.6
bsan,lru-0.18.0,tests::test_clone,success,12.152,0.9785506606000001,0.0239140449643064,0.9843722775000001,0.9433326120000001,1.0094023,10,2026-07-10T21:49:41Z,1937623.6
bsan,lru-0.18.0,tests::test_clone_unbounded,success,12.152,0.9932321293999999,0.02033987434766215,1.001385936,0.9520376540000001,1.020214861,10,2026-07-10T21:49:52Z,1937623.6
bsan,lru-0.18.0,tests::test_contains,success,12.152,0.9921191502000001,0.021533051895462528,0.9970218670000001,0.9434000520000001,1.013448902,10,2026-07-10T21:50:03Z,1937623.6
bsan,lru-0.18.0,tests::test_get_key_value,success,12.152,0.9985551337,0.025344354778291986,0.9989643160000001,0.959151882,1.038888189,10,2026-07-10T21:50:14Z,1937623.6
bsan,lru-0.18.0,tests::test_get_key_value_mut,success,12.152,0.9838635612000001,0.044967264153573785,0.9873676520000001,0.914580017,1.051498117,10,2026-07-10T21:50:25Z,1937623.6
bsan,lru-0.18.0,tests::test_get_mut_and_update,success,12.152,0.9669787657000002,0.02877886954238954,0.9785194695000001,0.9079761430000001,0.9900593470000001,10,2026-07-10T21:50:36Z,1937623.6
bsan,lru-0.18.0,tests::test_get_mut_with_borrow,success,12.152,0.9768309104,0.027135574054438873,0.9831569985,0.927569461,1.016376673,10,2026-07-10T21:50:47Z,1937623.6
bsan,lru-0.18.0,tests::test_get_or_insert_mut_ref,success,12.152,0.9601119877000001,0.035827292220365695,0.9655320165000001,0.893579377,1.014266741,10,2026-07-10T21:50:57Z,1937623.6
bsan,lru-0.18.0,tests::test_get_or_insert_ref,success,12.152,0.9767012522,0.02349213316050946,0.9849282005000001,0.941587503,1.004891816,10,2026-07-10T21:51:08Z,1937623.6
bsan,lru-0.18.0,tests::test_get_with_borrow,success,12.152,0.9517552582000001,0.02230097780740929,0.9544496925000001,0.8993973460000001,0.97923937,10,2026-07-10T21:51:19Z,1937623.6
bsan,lru-0.18.0,tests::test_into_iter,success,12.152,0.9526542041999999,0.023193386336595893,0.9609958875,0.9153133720000001,0.9819558410000001,10,2026-07-10T21:51:29Z,1937623.6
bsan,lru-0.18.0,tests::test_iter_backwards,success,12.152,0.9578546954000002,0.02267155733405195,0.9507154390000001,0.9371236970000001,0.9983936630000001,10,2026-07-10T21:51:40Z,1937623.6
bsan,lru-0.18.0,tests::test_iter_clone,success,12.152,0.9575982752000002,0.02290374834128913,0.9571656915000001,0.91836887,0.9908883150000001,10,2026-07-10T21:51:50Z,1937623.6
bsan,lru-0.18.0,tests::test_iter_forwards,success,12.152,0.9486681366,0.014906351405843694,0.9444929125000001,0.929542398,0.984457149,10,2026-07-10T21:52:01Z,1937623.6
bsan,lru-0.18.0,tests::test_iter_forwards_and_backwards,success,12.152,0.9468666131000001,0.01546649887411895,0.945149102,0.925778041,0.9714544190000001,10,2026-07-10T21:52:11Z,1937623.6
bsan,lru-0.18.0,tests::test_iter_multiple_threads,success,12.152,0.9572936426000002,0.0204444622000616,0.9535457805,0.928033765,0.99189355,10,2026-07-10T21:52:22Z,1937623.6
bsan,lru-0.18.0,tests::test_multiple_threads,success,12.152,0.9620417940000001,0.023677076470029788,0.9601130995,0.9255601200000001,0.9959958630000001,10,2026-07-10T21:52:32Z,1937623.6
bsan,lru-0.18.0,tests::test_no_memory_leaks,success,12.152,12.2015737394,0.24353300633287414,12.154180685,11.951025194,12.67557376,10,2026-07-10T21:54:46Z,1937623.6
bsan,lru-0.18.0,tests::test_no_memory_leaks_with_clear,success,12.152,11.9725175936,0.0896825518344491,11.9615433815,11.796581584,12.087713349,10,2026-07-10T21:56:58Z,1937623.6
bsan,lru-0.18.0,tests::test_no_memory_leaks_with_pop,success,12.152,11.5863105655,0.07524257150876168,11.586891935,11.471376115,11.758549321,10,2026-07-10T21:59:05Z,1937623.6
bsan,lru-0.18.0,tests::test_no_memory_leaks_with_resize,success,12.152,12.075266715100001,0.10571099143021474,12.1179870285,11.893703538,12.197623859,10,2026-07-10T22:01:18Z,1937623.6
bsan,lru-0.18.0,tests::test_peek,success,12.152,0.8732279895000001,0.024351054448210785,0.8628277115,0.848799521,0.9202888450000001,10,2026-07-10T22:01:28Z,1937623.6
bsan,lru-0.18.0,tests::test_peek_lru,success,12.152,0.879130043,0.032552615512313615,0.8741441265000001,0.840780654,0.9520136810000001,10,2026-07-10T22:01:38Z,1937623.6
bsan,lru-0.18.0,tests::test_peek_mru,success,12.152,0.8818582839,0.031934041256205574,0.8802932815000001,0.8344675020000001,0.9314865130000001,10,2026-07-10T22:01:47Z,1937623.6
bsan,lru-0.18.0,tests::test_peek_mut,success,12.152,0.8865424546000001,0.02358751893856041,0.8789070225000001,0.8518217730000001,0.918369485,10,2026-07-10T22:01:57Z,1937623.6
bsan,lru-0.18.0,tests::test_pop,success,12.152,0.8955825838000001,0.03579798513264543,0.9009034100000001,0.837772308,0.9469613520000001,10,2026-07-10T22:02:07Z,1937623.6
bsan,lru-0.18.0,tests::test_pop_entry,success,12.152,0.8848245560000002,0.013547214055463623,0.8796613685000001,0.8633588560000001,0.903427936,10,2026-07-10T22:02:17Z,1937623.6
bsan,lru-0.18.0,tests::test_pop_lru,success,12.152,1.2737052239,0.05686736309138664,1.261576722,1.181585192,1.368745807,10,2026-07-10T22:02:31Z,1937623.6
bsan,lru-0.18.0,tests::test_pop_mru,success,12.152,1.2581158121,0.04000350134882794,1.2593501015,1.187042149,1.340871429,10,2026-07-10T22:02:44Z,1937623.6
bsan,lru-0.18.0,tests::test_promote_and_demote,success,12.152,0.8800032429,0.030097081368188294,0.880156827,0.8281474710000001,0.9322788460000001,10,2026-07-10T22:02:54Z,1937623.6
bsan,lru-0.18.0,tests::test_put_and_get,success,12.152,0.8744359157,0.009432800020250143,0.8708946310000001,0.860439001,0.887685244,10,2026-07-10T22:03:04Z,1937623.6
bsan,lru-0.18.0,tests::test_put_and_get_mut,success,12.152,0.8870838243,0.02487558201114883,0.893852388,0.854138567,0.9269098080000001,10,2026-07-10T22:03:14Z,1937623.6
bsan,lru-0.18.0,tests::test_put_and_get_or_insert,success,12.152,0.875455526,0.03303681405158578,0.8732291085000001,0.8318439430000001,0.926891886,10,2026-07-10T22:03:23Z,1937623.6
bsan,lru-0.18.0,tests::test_put_and_get_or_insert_mut,success,12.152,0.8767227357000001,0.01885464474128383,0.8740510295000001,0.8420347450000001,0.9131620880000001,10,2026-07-10T22:03:33Z,1937623.6
bsan,lru-0.18.0,tests::test_put_and_get_or_insert_mut_with_key,success,12.152,0.8761523572000002,0.023084431894113893,0.875431049,0.837046947,0.9058900540000001,10,2026-07-10T22:03:43Z,1937623.6
bsan,lru-0.18.0,tests::test_put_and_get_or_insert_with_key,success,12.152,0.8755144393000001,0.014721858937806922,0.8724841515000001,0.85970966,0.904072604,10,2026-07-10T22:03:52Z,1937623.6
bsan,lru-0.18.0,tests::test_put_removes_oldest,success,12.152,0.8770459142,0.022717453735881857,0.8715452180000001,0.846117768,0.9140009680000001,10,2026-07-10T22:04:02Z,1937623.6
bsan,lru-0.18.0,tests::test_put_update,success,12.152,0.8969067203,0.026152116017153417,0.8907503455000001,0.8655991430000001,0.956832283,10,2026-07-10T22:04:12Z,1937623.6
bsan,lru-0.18.0,tests::test_resize_larger,success,12.152,0.8855563111000002,0.027629030397337846,0.8798440645000001,0.8478238690000001,0.945295972,10,2026-07-10T22:04:21Z,1937623.6
bsan,lru-0.18.0,tests::test_resize_smaller,success,12.152,0.8878019457,0.03494934326345758,0.8739808435,0.849521568,0.959082545,10,2026-07-10T22:04:31Z,1937623.6
bsan,lru-0.18.0,tests::test_send,success,12.152,0.8827567235000002,0.03134981138273296,0.8749444625,0.842195346,0.950875333,10,2026-07-10T22:04:41Z,1937623.6
bsan,lru-0.18.0,tests::test_that_pop_actually_detaches_node,success,12.152,0.8872178228,0.026463228497062466,0.8816358125000001,0.8532160350000001,0.921355769,10,2026-07-10T22:04:51Z,1937623.6
bsan,lru-0.18.0,tests::test_try_get_or_insert,success,12.152,0.8723748824000002,0.01814173590451839,0.8726086195,0.837911026,0.9069071040000001,10,2026-07-10T22:05:00Z,1937623.6
bsan,lru-0.18.0,tests::test_try_get_or_insert_mut,success,12.152,0.8699030743000001,0.0216676988596192,0.8687668465,0.842957964,0.9221297980000001,10,2026-07-10T22:05:10Z,1937623.6
bsan,lru-0.18.0,tests::test_try_get_or_insert_mut_ref,success,12.152,0.8627135574,0.02824473583722131,0.8582429870000001,0.8245435980000001,0.9072082990000001,10,2026-07-10T22:05:19Z,1937623.6
bsan,lru-0.18.0,tests::test_try_get_or_insert_mut_with_key,success,12.152,0.8666648056999999,0.022801290207993218,0.872826407,0.8278631670000001,0.893169516,10,2026-07-10T22:05:29Z,1937623.6
bsan,lru-0.18.0,tests::test_try_get_or_insert_ref,success,12.152,0.870792042,0.023301480026317958,0.869224007,0.8370819610000001,0.918232314,10,2026-07-10T22:05:38Z,1937623.6
bsan,lru-0.18.0,tests::test_try_get_or_insert_with_key,success,12.152,0.8767497626,0.023982465058770448,0.8775543450000001,0.8457178040000001,0.9107952600000001,10,2026-07-10T22:05:48Z,1937623.6
bsan,lru-0.18.0,tests::test_unbounded,success,12.152,19.1707192354,0.6292781815273516,18.954334155,18.587715326,20.814628645,10,2026-07-10T22:09:18Z,1937623.6
bsan,lru-0.18.0,tests::test_with_hasher,success,12.152,14.1242705969,0.3608209853206719,14.029732456,13.824410239,14.996886424,10,2026-07-10T22:11:54Z,1937623.6
bsan,minimal-lexical-0.2.1,f32_test,success,12.110,10.8890204251,0.17418233762712215,10.8670295975,10.634691143,11.208858273,10,2026-07-10T21:51:08Z,1937623.7
bsan,minimal-lexical-0.2.1,f64_test,success,12.110,10.390398050700004,0.1222018528384312,10.365601823,10.227611519,10.623446123,10,2026-07-10T21:53:03Z,1937623.7
bsan,minimal-lexical-0.2.1,compute_error32_test,success,12.110,10.004335038499999,0.1408377174298154,10.005030749,9.78282855,10.254175281,10,2026-07-10T21:54:53Z,1937623.7
bsan,minimal-lexical-0.2.1,compute_error64_test,success,12.110,9.868308558599999,0.1468988591059747,9.821407463,9.719615654,10.144496661,10,2026-07-10T21:56:42Z,1937623.7
bsan,minimal-lexical-0.2.1,compute_error_scaled32_test,success,12.110,10.0138916636,0.08771853574487706,10.021308405,9.832416163,10.116245317,10,2026-07-10T21:58:32Z,1937623.7
bsan,minimal-lexical-0.2.1,compute_error_scaled64_test,success,12.110,10.0227866819,0.10835981892111604,10.017289232500001,9.861792709,10.253258169,10,2026-07-10T22:00:22Z,1937623.7
bsan,minimal-lexical-0.2.1,compute_float_f32_rounding,success,12.110,9.9295841895,0.1139106261699985,9.908769696,9.769586892,10.127429247,10,2026-07-10T22:02:11Z,1937623.7
bsan,minimal-lexical-0.2.1,compute_float_f64_rounding,success,12.110,9.7707748378,0.06292357188633922,9.757525201,9.684095724,9.88346265,10,2026-07-10T22:03:59Z,1937623.7
bsan,minimal-lexical-0.2.1,lower_n_halfway_test,success,12.110,9.6890984365,0.11256168393378947,9.708727854,9.49116436,9.839818003,10,2026-07-10T22:05:45Z,1937623.7
bsan,minimal-lexical-0.2.1,lower_n_mask_test,success,12.110,9.6144374107,0.07379792144623422,9.616012633,9.492089575,9.707960932,10,2026-07-10T22:07:31Z,1937623.7
bsan,minimal-lexical-0.2.1,nth_bit_test,success,12.110,9.668968813700001,0.06284722561642783,9.671513930500002,9.535675382,9.771670133,10,2026-07-10T22:09:17Z,1937623.7
bsan,minimal-lexical-0.2.1,is_fast_path_test,success,12.110,9.553094790900001,0.08160823073520453,9.564199364,9.433453912000001,9.688923379,10,2026-07-10T22:11:03Z,1937623.7
bsan,minimal-lexical-0.2.1,try_fast_path_test,success,12.110,9.543267426899998,0.07235920004487785,9.51260062,9.4738383,9.687382445,10,2026-07-10T22:12:48Z,1937623.7
bsan,minimal-lexical-0.2.1,parse_f32_test,success,12.110,9.564929975199998,0.07700163746185457,9.566206039499999,9.427625176,9.66309817,10,2026-07-10T22:14:33Z,1937623.7
bsan,minimal-lexical-0.2.1,parse_f64_test,success,12.110,11.9136173596,0.0981186011135942,11.8771640095,11.805267331,12.093326992,10,2026-07-10T22:16:44Z,1937623.7
bsan,minimal-lexical-0.2.1,round_test,success,12.110,9.7033995153,0.07076923095772789,9.712473431500001,9.553499977,9.795528885,10,2026-07-10T22:18:31Z,1937623.7
bsan,minimal-lexical-0.2.1,b_test,success,12.110,9.6711690922,0.10193181485499911,9.655284571500001,9.503387181,9.84527179,10,2026-07-10T22:20:17Z,1937623.7
bsan,minimal-lexical-0.2.1,bh_test,success,12.110,9.677198278999999,0.09499505671494973,9.682822429,9.524913961,9.823231457,10,2026-07-10T22:22:04Z,1937623.7
bsan,minimal-lexical-0.2.1,negative_digit_comp_test,success,12.110,11.004259738300002,0.08966622429988569,10.978039875499999,10.882218827,11.178939996,10,2026-07-10T22:24:04Z,1937623.7
bsan,minimal-lexical-0.2.1,parse_mantissa_test,success,12.110,9.971504023699998,0.06923650216972484,9.9795242355,9.863049601,10.074215191,10,2026-07-10T22:25:54Z,1937623.7
bsan,minimal-lexical-0.2.1,positive_digit_comp_test,success,12.110,9.522193540200002,0.06913312473537249,9.513303393000001,9.4396536,9.645589656,10,2026-07-10T22:27:39Z,1937623.7
bsan,minimal-lexical-0.2.1,slow_test,success,12.110,10.195316365100002,0.1188152366748517,10.2296230805,9.962313405,10.3567564,10,2026-07-10T22:29:31Z,1937623.7
bsan,minimal-lexical-0.2.1,bit_length_test,success,12.110,9.5183161904,0.09625543605986774,9.519436395500001,9.381507438,9.644790443,10,2026-07-10T22:31:16Z,1937623.7
bsan,minimal-lexical-0.2.1,cmp_test,success,12.110,9.5155926643,0.06568579192367911,9.4939224145,9.400858959,9.600782064,10,2026-07-10T22:33:00Z,1937623.7
bsan,minimal-lexical-0.2.1,hi64_test,success,12.110,9.560454264199999,0.09236506881769678,9.567512760500001,9.407466636,9.693424074,10,2026-07-10T22:34:46Z,1937623.7
bsan,minimal-lexical-0.2.1,large_add_test,success,12.110,9.6182280364,0.09916224607605419,9.6176729335,9.459147372,9.781500894,10,2026-07-10T22:36:32Z,1937623.7
bsan,minimal-lexical-0.2.1,large_mul_test,success,12.110,9.7994746093,0.4105355832184942,9.6584353365,9.21494437,10.544192883000001,10,2026-07-10T22:38:19Z,1937623.7
bsan,minimal-lexical-0.2.1,math_test,success,12.110,13.767601326100001,0.19730641887919542,13.7719451445,13.419456482,14.061731024,10,2026-07-10T22:40:48Z,1937623.7
bsan,minimal-lexical-0.2.1,pow_test,success,12.110,13.539389144199998,0.25836729289536736,13.51203486,13.246369763,13.986612437,10,2026-07-10T22:43:17Z,1937623.7
bsan,minimal-lexical-0.2.1,scalar_add_test,success,12.110,13.637694829199997,0.2956900800560102,13.6029233485,13.208679511,14.062923949,10,2026-07-10T22:45:47Z,1937623.7
bsan,minimal-lexical-0.2.1,scalar_mul_test,success,12.110,13.414832657300002,0.17791244004845555,13.4000500215,13.179538297,13.688737992,10,2026-07-10T22:48:15Z,1937623.7
bsan,minimal-lexical-0.2.1,shl_bits_test,success,12.110,13.4754156887,0.18518747462528032,13.398025171,13.307434676,13.841035359,10,2026-07-10T22:50:43Z,1937623.7
bsan,minimal-lexical-0.2.1,shl_limbs_test,success,12.110,13.8669697213,0.40384170973537914,13.787990395,13.429075367,14.549488682,10,2026-07-10T22:53:15Z,1937623.7
bsan,minimal-lexical-0.2.1,shl_test,success,12.110,13.548886359800003,0.26080159114708334,13.5546583635,13.205955864,14.059820746,10,2026-07-10T22:55:44Z,1937623.7
bsan,minimal-lexical-0.2.1,simple_test,success,12.110,13.7660400267,0.33372296018575554,13.8451734515,13.074852683,14.271357243,10,2026-07-10T22:58:16Z,1937623.7
bsan,minimal-lexical-0.2.1,small_add_test,success,12.110,11.7571744506,1.6820384915774842,10.776157522,9.978081957,13.853047096000001,10,2026-07-10T23:00:27Z,1937623.7
bsan,minimal-lexical-0.2.1,small_mul_test,success,12.110,13.5071623302,0.17600553569523913,13.556179227,13.241019447,13.728898495,10,2026-07-10T23:02:55Z,1937623.7
bsan,minimal-lexical-0.2.1,very_large_mul_test,success,12.110,13.310900734400002,0.15489131602488,13.2554466415,13.17421508,13.649727062,10,2026-07-10T23:05:22Z,1937623.7
bsan,base64ct-1.8.3,decoder::tests::decode_multiline_padded,success,36.500,45.346355146899995,1.3710166944384568,44.8175525305,43.971654372,47.648152,10,2026-07-10T21:57:57Z,1937623.9
bsan,base64ct-1.8.3,decoder::tests::decode_multiline_unpadded,success,36.500,76.93076540719998,0.9144864805505774,76.4850252845,76.127254613,79.049845143,10,2026-07-10T22:12:05Z,1937623.9
bsan,base64ct-1.8.3,decoder::tests::decode_padded,success,36.500,11.311245441699999,0.10779634103187241,11.340976933,11.043737915,11.415501747,10,2026-07-10T22:14:10Z,1937623.9
bsan,base64ct-1.8.3,decoder::tests::decode_unpadded,success,36.500,7.0444081249999995,0.042957377076805775,7.0412322275,6.9683492860000005,7.11997103,10,2026-07-10T22:15:27Z,1937623.9
bsan,base64ct-1.8.3,encoder::tests::encode_multiline_padded,success,36.500,48.94860077970001,0.5382009847988914,48.8635385625,48.12178061,49.818868399,10,2026-07-10T22:24:25Z,1937623.9
bsan,base64ct-1.8.3,encoder::tests::encode_multiline_unpadded,success,36.500,40.958970881899994,0.2585946307097864,41.015288659999996,40.449303779,41.300425714,10,2026-07-10T22:31:56Z,1937623.9
bsan,base64ct-1.8.3,encoder::tests::encode_padded,success,36.500,14.063121288900001,0.10141981690280766,14.102628730500001,13.897225292,14.165135992,10,2026-07-10T22:34:31Z,1937623.9
bsan,base64ct-1.8.3,encoder::tests::encode_unpadded,success,36.500,7.117817050000001,0.05582680209704797,7.126877547,7.033924932,7.195714491,10,2026-07-10T22:35:49Z,1937623.9
bsan,base64ct-1.8.3,encoder::tests::no_trailing_newline_when_aligned,success,36.500,6.0443411083,0.050162462330371096,6.0428116385,5.966143526,6.112576013,10,2026-07-10T22:36:55Z,1937623.9
bsan,base64ct-1.8.3,decode_test_vectors,success,36.500,6.293693949900001,0.2870808085905474,6.2715522845,5.846014544,6.773690094,10,2026-07-10T22:38:04Z,1937623.9
bsan,base64ct-1.8.3,encode_and_decode_various_lengths,success,36.500,32.632230632799995,0.6410472890023282,32.42207108,31.973172015,34.220012461,10,2026-07-10T22:43:58Z,1937623.9
bsan,base64ct-1.8.3,encode_test_vectors,success,36.500,8.6524260357,0.25376782438306894,8.5513621745,8.423378772,9.171591578,10,2026-07-10T22:45:34Z,1937623.9
bsan,base64ct-1.8.3,reject_trailing_whitespace,success,36.500,8.390513491400002,0.11771153015336114,8.4106632455,8.205478353,8.556518807,10,2026-07-10T22:47:06Z,1937623.9
bsan,base64ct-1.8.3,unpadded_reject_trailing_equals,success,36.500,8.478981525,0.11761686227901644,8.4657187675,8.315742953,8.678634625,10,2026-07-10T22:48:39Z,1937623.9
bsan,base64ct-1.8.3,reject_non_canonical_encoding,success,36.500,8.359261526500003,0.10308694766400214,8.3271338395,8.209416876,8.524468108,10,2026-07-10T22:50:11Z,1937623.9
bsan,base64ct-1.8.3,reject_trailing_equals,success,36.500,8.4901354103,0.18512451344755965,8.4680697435,8.278734014,8.830831666,10,2026-07-10T22:51:44Z,1937623.9
bsan,base64ct-1.8.3,padded::decode_test_vectors,success,36.500,8.7997748416,0.20277322780426915,8.80918922,8.471007026,9.198238357,10,2026-07-10T22:53:22Z,1937623.9
bsan,base64ct-1.8.3,padded::encode_and_decode_various_lengths,success,36.500,22.0237981448,0.8152034842788856,21.767146,20.95735259,23.315094622,10,2026-07-10T22:57:24Z,1937623.9
bsan,base64ct-1.8.3,padded::encode_test_vectors,success,36.500,8.6692063713,0.2790823676442327,8.5793658695,8.321645076,9.234012576,10,2026-07-10T22:58:59Z,1937623.9
bsan,base64ct-1.8.3,padded::reject_invalid_padding,success,36.500,6.9078090062,0.8264282641686034,6.545169411,6.112646767,8.564880834,10,2026-07-10T23:00:17Z,1937623.9
bsan,base64ct-1.8.3,padded::reject_trailing_whitespace,success,36.500,8.2827172461,0.6772492382561552,8.482451618999999,6.40964079,8.693358744,10,2026-07-10T23:01:46Z,1937623.9
bsan,base64ct-1.8.3,unpadded::decode_test_vectors,success,36.500,8.4276928896,0.11262903908884614,8.427840339,8.294638335,8.633995299,10,2026-07-10T23:03:19Z,1937623.9
bsan,base64ct-1.8.3,unpadded::encode_and_decode_various_lengths,success,36.500,20.2302365624,0.28324149863283204,20.1719481245,19.855621311,20.739095681,10,2026-07-10T23:07:03Z,1937623.9
bsan,base64ct-1.8.3,unpadded::encode_test_vectors,success,36.500,8.277325659599999,0.07376393215836075,8.287412785,8.14430512,8.378078008,10,2026-07-10T23:08:34Z,1937623.9
bsan,base64ct-1.8.3,unpadded::reject_non_canonical_encoding,success,36.500,8.202126247699997,0.1473543760005796,8.1957370515,7.946591327,8.410823144,10,2026-07-10T23:10:04Z,1937623.9
bsan,base64ct-1.8.3,unpadded::reject_trailing_whitespace,success,36.500,8.4234504886,0.2483483723840749,8.4518756015,7.962561547,8.795467538,10,2026-07-10T23:11:37Z,1937623.9
bsan,base64ct-1.8.3,unpadded::unpadded_reject_trailing_equals,success,36.500,8.303496065900001,0.1394795122573731,8.3203627805,7.991112674,8.447600084,10,2026-07-10T23:13:08Z,1937623.9
bsan,object-0.39.1,pod::tests::single,success,32.913,2.7139334253000005,0.014400881542320138,2.7141420265000002,2.693948248,2.7378637990000003,10,2026-07-10T21:50:50Z,1937624.10
bsan,object-0.39.1,pod::tests::slice,success,32.913,2.6892670345,0.020260375075156344,2.6895009630000004,2.6598701460000003,2.723776725,10,2026-07-10T21:51:19Z,1937624.10
bsan,object-0.39.1,pod::tests::slice_zero,success,32.913,2.6630707916999996,0.023512522227239496,2.6549400370000003,2.637885569,2.7039644970000003,10,2026-07-10T21:51:48Z,1937624.10
bsan,object-0.39.1,read::archive::tests::aix_names,success,32.913,2.6505786569999996,0.011333650295705204,2.6515575059999996,2.632605886,2.664911208,10,2026-07-10T21:52:18Z,1937624.10
bsan,object-0.39.1,read::archive::tests::bsd_names,success,32.913,2.6643132629,0.025640323827202938,2.6641676695000003,2.6214485290000002,2.699859329,10,2026-07-10T21:52:47Z,1937624.10
bsan,object-0.39.1,read::archive::tests::gnu_names,success,32.913,2.6750289323,0.0076902306020077745,2.6745111675,2.664020734,2.690652453,10,2026-07-10T21:53:16Z,1937624.10
bsan,object-0.39.1,read::archive::tests::kind,success,32.913,2.6333208643000003,0.015735032498153088,2.6289792955,2.6187918640000003,2.6727690920000002,10,2026-07-10T21:53:45Z,1937624.10
bsan,object-0.39.1,read::archive::tests::thin_gnu_names,success,32.913,2.6434950125,0.020993705532357923,2.6393392485000002,2.615191775,2.67436481,10,2026-07-10T21:54:14Z,1937624.10
bsan,object-0.39.1,read::coff::section::tests::name_offset,success,32.913,2.6281947730999997,0.00727197122219668,2.6276183815,2.619516697,2.638114768,10,2026-07-10T21:54:43Z,1937624.10
bsan,object-0.39.1,read::macho::load_command::tests::cmd_size_invalid,success,32.913,2.6218950918000004,0.012018439055836386,2.6239732405,2.597743069,2.644033391,10,2026-07-10T21:55:12Z,1937624.10
bsan,object-0.39.1,read::macho::load_command::tests::function_starts_invalid_uleb128,success,32.913,2.6153393808999996,0.01669655537737788,2.6141026280000004,2.596024524,2.6427806890000003,10,2026-07-10T21:55:41Z,1937624.10
bsan,object-0.39.1,read::util::tests::bytes,success,32.913,2.6271355815,0.016972497680273108,2.623721631,2.602845595,2.657739094,10,2026-07-10T21:56:10Z,1937624.10
bsan,object-0.39.1,read::util::tests::bytes_debug,success,32.913,2.7348180161,0.3379712444626961,2.627801129,2.603930815,3.695010624,10,2026-07-10T21:56:40Z,1937624.10
bsan,object-0.39.1,read::coff::coff_extended_relocations,test_failed,32.913,,,,,,10,2026-07-10T21:56:42Z,1937624.10
bsan,object-0.39.1,read::elf::get_buildid_bad_elf,test_failed,32.913,,,,,,10,2026-07-10T21:56:43Z,1937624.10
bsan,object-0.39.1,read::elf::get_buildid_less_bad_elf,test_failed,32.913,,,,,,10,2026-07-10T21:56:45Z,1937624.10
bsan,object-0.39.1,read::elf::zero_sized_section_works,test_failed,32.913,,,,,,10,2026-07-10T21:56:47Z,1937624.10
bsan,object-0.39.1,read::macho::test_go_macho,test_failed,32.913,,,,,,10,2026-07-10T21:56:49Z,1937624.10
bsan,object-0.39.1,read::macho::test_macho_entry_point,test_failed,32.913,,,,,,10,2026-07-10T21:56:51Z,1937624.10
bsan,object-0.39.1,parse_self,success,32.913,2.8174856705,0.01912216118216192,2.812496157,2.796325116,2.8555845680000003,10,2026-07-10T21:57:22Z,1937624.10
bsan,object-0.39.1,parse_self_cache,success,32.913,248.84425329139998,80.62776664428377,243.73828919099998,131.872478425,372.311999539,10,2026-07-10T22:41:04Z,1937624.10
bsan,tinystr-0.8.3,ascii::test::from_utf16_lossy_rejects_non_ascii_replacement,success,84.030,1.1829286265,0.015368006096508763,1.1830429465,1.159489476,1.20477916,10,2026-07-10T21:51:32Z,1937624.11
bsan,tinystr-0.8.3,ascii::test::from_utf8_lossy_rejects_non_ascii_replacement,success,84.030,1.189274917,0.019934877217573706,1.1850869574999998,1.161112569,1.227782085,10,2026-07-10T21:51:45Z,1937624.11
bsan,tinystr-0.8.3,ascii::test::from_utf8_lossy_rejects_null_replacement,success,84.030,1.1747477231999999,0.008940135359757004,1.1740161005,1.160663801,1.190524677,10,2026-07-10T21:51:58Z,1937624.11
bsan,tinystr-0.8.3,ascii::test::lossy_constructor,success,84.030,1.1703145504999999,0.010015198114160496,1.1702653695,1.146987942,1.182700213,10,2026-07-10T21:52:11Z,1937624.11
bsan,tinystr-0.8.3,ascii::test::test_is_ascii_alphabetic,success,84.030,3.1101464337,0.016580364978595816,3.113070096,3.085550372,3.134489642,10,2026-07-10T21:52:45Z,1937624.11
bsan,tinystr-0.8.3,ascii::test::test_is_ascii_alphabetic_lowercase,success,84.030,3.1212202284,0.013664767543134058,3.1243651765,3.101700218,3.145127969,10,2026-07-10T21:53:20Z,1937624.11
bsan,tinystr-0.8.3,ascii::test::test_is_ascii_alphabetic_titlecase,success,84.030,3.0953418343,0.02385822505885624,3.0892687925,3.06780694,3.154223862,10,2026-07-10T21:53:54Z,1937624.11
bsan,tinystr-0.8.3,ascii::test::test_is_ascii_alphabetic_uppercase,success,84.030,3.0921778718999997,0.020148794799233698,3.0922053695000002,3.060232261,3.118102406,10,2026-07-10T21:54:28Z,1937624.11
bsan,tinystr-0.8.3,ascii::test::test_is_ascii_alphanumeric,success,84.030,3.1004142364000002,0.02726502259935784,3.0928274614999998,3.077546016,3.173975562,10,2026-07-10T21:55:02Z,1937624.11
bsan,tinystr-0.8.3,ascii::test::test_is_ascii_lowercase,success,84.030,3.052847015,0.0214597241269737,3.0496702935,3.028318011,3.097359629,10,2026-07-10T21:55:36Z,1937624.11
bsan,tinystr-0.8.3,ascii::test::test_is_ascii_numeric,success,84.030,3.033472113,0.012062415230140771,3.033638548,3.016251239,3.055394971,10,2026-07-10T21:56:09Z,1937624.11
bsan,tinystr-0.8.3,ascii::test::test_is_ascii_titlecase,success,84.030,3.1893774975,0.2732180936570908,3.066567373,3.030680275,3.720968643,10,2026-07-10T21:56:44Z,1937624.11
bsan,tinystr-0.8.3,ascii::test::test_is_ascii_uppercase,success,84.030,3.0354052835000003,0.03174858618291531,3.0304615950000002,2.999609785,3.103962988,10,2026-07-10T21:57:17Z,1937624.11
bsan,tinystr-0.8.3,ascii::test::test_to_ascii_lowercase,success,84.030,3.7142257397000003,0.03172745454778277,3.7113872150000002,3.655165411,3.7626307050000003,10,2026-07-10T21:57:58Z,1937624.11
bsan,tinystr-0.8.3,ascii::test::test_to_ascii_titlecase,success,84.030,3.7389637331000003,0.01742118309313804,3.736918715,3.719722707,3.764095686,10,2026-07-10T21:58:39Z,1937624.11
bsan,tinystr-0.8.3,ascii::test::test_to_ascii_uppercase,success,84.030,3.6866661086,0.017792981575840833,3.6804058345,3.666113054,3.713760084,10,2026-07-10T21:59:20Z,1937624.11
bsan,tinystr-0.8.3,macros::tests::test_macro_construction,success,84.030,1.1408618969000002,0.01102326370287427,1.142050172,1.12080928,1.158553098,10,2026-07-10T21:59:32Z,1937624.11
bsan,tinystr-0.8.3,test_size,success,84.030,1.1306458430000002,0.022857491156449656,1.127413244,1.103989409,1.175450988,10,2026-07-10T21:59:45Z,1937624.11
bsan,siphasher-1.0.3,tests128::test_siphash128_1_3,success,5.300,1.0047685863,0.019986490430967983,1.0015099715,0.981146689,1.040391767,10,2026-07-10T21:50:03Z,1937624.12
bsan,siphasher-1.0.3,tests128::test_siphash128_2_4,success,5.300,1.0238777848,0.007409494326616104,1.0245456565,1.009895681,1.034785297,10,2026-07-10T21:50:14Z,1937624.12
bsan,siphasher-1.0.3,tests128::test_siphash128_idempotent,success,5.300,1.0090264413,0.009892018184265156,1.0053235225,0.9994967010000001,1.02955407,10,2026-07-10T21:50:25Z,1937624.12
bsan,siphasher-1.0.3,tests128::test_siphash128_incremental,success,5.300,1.0049917954,0.009563921135033073,1.0035736995,0.9937549470000001,1.027928644,10,2026-07-10T21:50:36Z,1937624.12
bsan,siphasher-1.0.3,tests128::test_siphash128_simple,success,5.300,0.9963449770000002,0.006532184475760453,0.9957611555000001,0.9840908920000001,1.006739023,10,2026-07-10T21:50:47Z,1937624.12
bsan,siphasher-1.0.3,tests::test_hash_idempotent,success,5.300,0.9943524463000001,0.009154008584138531,0.9935432645000001,0.9770185650000001,1.00588421,10,2026-07-10T21:50:58Z,1937624.12
bsan,siphasher-1.0.3,tests::test_hash_incremental,success,5.300,0.9881476399000002,0.008001363639067227,0.989312712,0.977287545,0.9975430300000001,10,2026-07-10T21:51:09Z,1937624.12
bsan,siphasher-1.0.3,tests::test_hash_no_bytes_dropped_32,success,5.300,0.9946674483000001,0.009752392559276851,0.992677381,0.984279992,1.013814371,10,2026-07-10T21:51:20Z,1937624.12
bsan,siphasher-1.0.3,tests::test_hash_no_bytes_dropped_64,success,5.300,0.9868927152,0.009032507091468349,0.9872843245,0.9720162470000001,0.999379117,10,2026-07-10T21:51:31Z,1937624.12
bsan,siphasher-1.0.3,tests::test_hash_no_concat_alias,success,5.300,0.9896941198,0.009713231460274033,0.9865429735,0.980255897,1.0094451,10,2026-07-10T21:51:42Z,1937624.12
bsan,siphasher-1.0.3,tests::test_hash_simple,success,5.300,0.9762263990000001,0.00314443349088724,0.9771611200000001,0.9712459710000001,0.980254417,10,2026-07-10T21:51:52Z,1937624.12
bsan,siphasher-1.0.3,tests::test_siphash_1_3,success,5.300,1.0094690082,0.009719290244398673,1.0088309995,0.9966582450000001,1.026268384,10,2026-07-10T21:52:04Z,1937624.12
bsan,siphasher-1.0.3,tests::test_siphash_2_4,success,5.300,1.0272692953,0.0050168477401149325,1.025838447,1.016934843,1.034300342,10,2026-07-10T21:52:15Z,1937624.12
bsan,itoa-1.0.18,test_i128_max,success,72.521,1.8991472484999998,0.029649809093168392,1.8974573525,1.867169005,1.959189461,10,2026-07-10T21:51:29Z,1937624.13
bsan,itoa-1.0.18,test_i128_min,success,72.521,1.8934045539,0.02330348879145574,1.899928113,1.862689424,1.9335015000000002,10,2026-07-10T21:51:50Z,1937624.13
bsan,itoa-1.0.18,test_i16_0,success,72.521,1.8746005149000002,0.017600538648867577,1.8761010740000001,1.85019475,1.90269916,10,2026-07-10T21:52:11Z,1937624.13
bsan,itoa-1.0.18,test_i16_min,success,72.521,1.8722942532999998,0.014603601287145008,1.8692578115,1.850529024,1.890770169,10,2026-07-10T21:52:31Z,1937624.13
bsan,itoa-1.0.18,test_i64_min,success,72.521,1.8841590099999999,0.01153402960427728,1.880552711,1.865749814,1.9018901970000002,10,2026-07-10T21:52:52Z,1937624.13
bsan,itoa-1.0.18,test_max_str_len,success,72.521,1.8863916877000002,0.0063281433229548665,1.884373373,1.877531408,1.8968808680000002,10,2026-07-10T21:53:13Z,1937624.13
bsan,itoa-1.0.18,test_u128_0,success,72.521,1.8600278051,0.023784504072198218,1.8546689485,1.832435738,1.897031196,10,2026-07-10T21:53:33Z,1937624.13
bsan,itoa-1.0.18,test_u128_max,success,72.521,1.8597981331,0.01237523230578614,1.861790906,1.8414291170000001,1.874813766,10,2026-07-10T21:53:54Z,1937624.13
bsan,itoa-1.0.18,test_u64_0,success,72.521,1.8700991369,0.025177378011773145,1.8698822575,1.83696031,1.916537811,10,2026-07-10T21:54:14Z,1937624.13
bsan,itoa-1.0.18,test_u64_half,success,72.521,1.8539920673999997,0.006591965764241018,1.8541223310000001,1.843459248,1.865602563,10,2026-07-10T21:54:35Z,1937624.13
bsan,itoa-1.0.18,test_u64_max,success,72.521,1.8585035891000001,0.009665935615581458,1.8568453710000001,1.84363173,1.8770278230000002,10,2026-07-10T21:54:55Z,1937624.13
bsan,dirs-sys-next-0.1.2,xdg_user_dirs::tests::test_absolute_path_is_accepted,success,6.566,1.0394178126,0.01589426626232595,1.036931753,1.014741719,1.073081991,10,2026-07-10T21:50:11Z,1937624.14
bsan,dirs-sys-next-0.1.2,xdg_user_dirs::tests::test_disabled_directory,success,6.566,1.0283824375,0.01087105069664009,1.028362226,1.015774167,1.053149682,10,2026-07-10T21:50:22Z,1937624.14
bsan,dirs-sys-next-0.1.2,xdg_user_dirs::tests::test_parse_empty,success,6.566,1.0146923842000002,0.00795927605607537,1.0136879630000002,1.00361758,1.028081797,10,2026-07-10T21:50:34Z,1937624.14
bsan,dirs-sys-next-0.1.2,xdg_user_dirs::tests::test_parse_user_dirs,success,6.566,1.1179408066000003,0.005347197509469313,1.1179499910000001,1.111212066,1.126124276,10,2026-07-10T21:50:46Z,1937624.14
bsan,dirs-sys-next-0.1.2,xdg_user_dirs::tests::test_relative_path_is_rejected,success,6.566,1.0082386234,0.01194692380452032,1.0043742519999999,0.9956528560000001,1.036235672,10,2026-07-10T21:50:57Z,1937624.14
bsan,dirs-sys-next-0.1.2,xdg_user_dirs::tests::test_relative_to_home,success,6.566,1.0056526238999999,0.007565926546523105,1.0053692985,0.995024655,1.016448862,10,2026-07-10T21:51:08Z,1937624.14
bsan,dirs-sys-next-0.1.2,xdg_user_dirs::tests::test_shell_unescape,success,6.566,1.0003926228,0.011933635942852742,0.997383565,0.983229148,1.023828044,10,2026-07-10T21:51:19Z,1937624.14
bsan,dirs-sys-next-0.1.2,xdg_user_dirs::tests::test_split_once,success,6.566,0.9920504361000001,0.01469835326951749,0.9880557250000002,0.9764536540000001,1.027894358,10,2026-07-10T21:51:30Z,1937624.14
bsan,dirs-sys-next-0.1.2,xdg_user_dirs::tests::test_trim_blank,success,6.566,0.9950220559,0.008994824390238009,0.9952845920000001,0.98317949,1.006796625,10,2026-07-10T21:51:41Z,1937624.14
bsan,scopeguard-1.2.0,tests::test_defer,success,6.014,0.9826899243,0.018885639982071194,0.985350583,0.957266276,1.022812323,10,2026-07-10T21:50:02Z,1937624.15
bsan,scopeguard-1.2.0,tests::test_defer_success_1,success,6.014,0.9961176431000001,0.0066826527336382256,0.9966609485,0.985336537,1.006296201,10,2026-07-10T21:50:13Z,1937624.15
bsan,scopeguard-1.2.0,tests::test_defer_success_2,success,6.014,1.0057732419,0.010283782395855541,1.002098149,0.9957405810000001,1.025785705,10,2026-07-10T21:50:25Z,1937624.15
bsan,scopeguard-1.2.0,tests::test_defer_unwind_1,success,6.014,0.9952102360000001,0.008091788771323894,0.99273835,0.9837396530000001,1.0097325,10,2026-07-10T21:50:35Z,1937624.15
bsan,scopeguard-1.2.0,tests::test_defer_unwind_2,success,6.014,0.9769145156999999,0.004634395181729877,0.975185073,0.9723448160000001,0.9865268140000001,10,2026-07-10T21:50:46Z,1937624.15
bsan,scopeguard-1.2.0,tests::test_dropped_once_when_not_run,success,6.014,0.9789576078,0.012157212683223088,0.9781969295000001,0.9625711770000001,1.00058221,10,2026-07-10T21:50:57Z,1937624.15
bsan,scopeguard-1.2.0,tests::test_into_inner,success,6.014,0.9680861288000001,0.004862696681244288,0.969301794,0.9584208070000001,0.973674558,10,2026-07-10T21:51:08Z,1937624.15
bsan,scopeguard-1.2.0,tests::test_only_dropped_by_closure_when_run,success,6.014,0.9742458956,0.009998480142364676,0.9740279985000001,0.9629346360000001,0.9932313930000001,10,2026-07-10T21:51:18Z,1937624.15
bsan,yansi-1.0.1,colors_disabled,success,6.416,1.8966120299000004,0.018622927441245874,1.901302844,1.8629947100000002,1.91806984,10,2026-07-10T21:50:14Z,1937624.16
bsan,yansi-1.0.1,colors_enabled,success,6.416,1.9121655180000001,0.011759461702092099,1.9136323245,1.891950236,1.9276215410000002,10,2026-07-10T21:50:35Z,1937624.16
bsan,yansi-1.0.1,hash_eq,success,6.416,1.8337309560000001,0.01452119320534829,1.8276799765,1.823029615,1.8658874810000001,10,2026-07-10T21:50:56Z,1937624.16
bsan,yansi-1.0.1,lingering,success,6.416,1.8348330157,0.015340809915673314,1.8287640655000001,1.819722085,1.861916877,10,2026-07-10T21:51:16Z,1937624.16
bsan,yansi-1.0.1,masked_when_disabled,success,6.416,1.8209503169999999,0.016935394645946303,1.824012164,1.796660036,1.8446646530000002,10,2026-07-10T21:51:36Z,1937624.16
bsan,yansi-1.0.1,masked_when_enabled,success,6.416,1.8135741306,0.011577521478116016,1.815298627,1.796363453,1.831608939,10,2026-07-10T21:51:56Z,1937624.16
bsan,yansi-1.0.1,wrapping,success,6.416,1.8708300130000002,0.014094935227131906,1.872526868,1.839699753,1.8963812070000001,10,2026-07-10T21:52:16Z,1937624.16
bsan,r-efi-6.0.0,base::tests::booleans,success,5.962,1.064465851,0.013580994651405805,1.062964956,1.045816813,1.085846895,10,2026-07-10T21:50:03Z,1937624.17
bsan,r-efi-6.0.0,base::tests::eficall,success,5.962,0.9986381608,0.007313005123462985,0.9970169145000001,0.9879930050000001,1.010848062,10,2026-07-10T21:50:14Z,1937624.17
bsan,r-efi-6.0.0,base::tests::guid,success,5.962,0.9957922570000001,0.007898047936463747,0.9943588675000001,0.9878251210000001,1.008234515,10,2026-07-10T21:50:25Z,1937624.17
bsan,r-efi-6.0.0,base::tests::type_size_and_alignment,success,5.962,0.9835031857000001,0.005116850802441809,0.9815473315000001,0.9780061750000001,0.994708918,10,2026-07-10T21:50:36Z,1937624.17
bsan,event-listener-strategy-0.5.4,send_and_sync,success,5.536,1.8644893157999998,0.01878095103235239,1.8638996835000001,1.835076145,1.893361859,10,2026-07-10T21:50:26Z,1937624.18
bsan,event-listener-strategy-0.5.4,easy_wrapper_generics,success,5.536,1.8343118205,0.0068167120697410055,1.8326182405,1.825061797,1.843588204,10,2026-07-10T21:50:46Z,1937624.18
bsan,serde_core-1.0.228,ser::impls::test_format_u8,success,16.304,1.0475582949,0.006145386218236331,1.0465580035,1.03942693,1.058365994,10,2026-07-10T21:50:14Z,1937624.20
bsan,bit-vec-0.9.1,tests::iter,success,16.523,1.0507002570000001,0.007113178548878626,1.049637125,1.039410422,1.062084672,10,2026-07-10T21:50:18Z,1937624.5
bsan,bit-vec-0.9.1,tests::test_0_elements,success,16.523,1.0476633149,0.014812823972110206,1.0435347945000002,1.032407149,1.07868822,10,2026-07-10T21:50:29Z,1937624.5
bsan,bit-vec-0.9.1,tests::test_10_elements,success,16.523,1.0462382992,0.008992492459401601,1.0439464335,1.033827641,1.066627874,10,2026-07-10T21:50:41Z,1937624.5
bsan,bit-vec-0.9.1,tests::test_1_element,success,16.523,1.0410823147,0.013565843843998213,1.0373449935,1.031059963,1.076929875,10,2026-07-10T21:50:52Z,1937624.5
bsan,bit-vec-0.9.1,tests::test_2_elements,success,16.523,1.0262362343,0.00799137623434579,1.0284988275,1.011018186,1.035610687,10,2026-07-10T21:51:03Z,1937624.5
bsan,bit-vec-0.9.1,tests::test_31_elements,success,16.523,1.0613863345000003,0.013808533580594647,1.0590774375,1.043625862,1.086731469,10,2026-07-10T21:51:15Z,1937624.5
bsan,bit-vec-0.9.1,tests::test_32_elements,success,16.523,1.0535597966999999,0.007231978607484106,1.0523673245,1.045041082,1.066673731,10,2026-07-10T21:51:27Z,1937624.5
bsan,bit-vec-0.9.1,tests::test_33_elements,success,16.523,1.0694723882,0.016933372905589016,1.0637757255,1.055133518,1.114740851,10,2026-07-10T21:51:38Z,1937624.5
bsan,bit-vec-0.9.1,tests::test_big_bit_vec_tests,success,16.523,1.0200871521,0.008952769786292312,1.016906361,1.012496682,1.039858054,10,2026-07-10T21:51:50Z,1937624.5
bsan,bit-vec-0.9.1,tests::test_big_difference,success,16.523,1.0092263965000001,0.006265725160920081,1.0075643635,1.002430031,1.019884385,10,2026-07-10T21:52:01Z,1937624.5
bsan,bit-vec-0.9.1,tests::test_big_fill,success,16.523,1.0199467559,0.00501301770771019,1.018562226,1.0120685,1.029591754,10,2026-07-10T21:52:12Z,1937624.5
bsan,bit-vec-0.9.1,tests::test_big_xnor,success,16.523,1.0188578646,0.012518989104244108,1.0159631675,1.003559244,1.037561753,10,2026-07-10T21:52:23Z,1937624.5
bsan,bit-vec-0.9.1,tests::test_big_xor,success,16.523,1.0155172277999998,0.008609697438198533,1.0139408185,1.005981619,1.03561922,10,2026-07-10T21:52:34Z,1937624.5
bsan,bit-vec-0.9.1,tests::test_bit_vec_append,success,16.523,1.050689461,0.0110810788554243,1.048924266,1.032511429,1.069721325,10,2026-07-10T21:52:46Z,1937624.5
bsan,bit-vec-0.9.1,tests::test_bit_vec_append_aligned_to_unaligned,success,16.523,1.0259445265999998,0.0056973010713524735,1.0251711454999999,1.016179079,1.035840975,10,2026-07-10T21:52:57Z,1937624.5
bsan,bit-vec-0.9.1,tests::test_bit_vec_extend,success,16.523,1.0317646530000002,0.00774490605849194,1.032349969,1.021473653,1.04417619,10,2026-07-10T21:53:09Z,1937624.5
bsan,bit-vec-0.9.1,tests::test_bit_vec_grow,success,16.523,1.0289113153999998,0.007237745204951904,1.0292279889999998,1.018953231,1.0402389,10,2026-07-10T21:53:20Z,1937624.5
bsan,bit-vec-0.9.1,tests::test_bit_vec_iterator,success,16.523,183.54554774390002,50.7556511064101,190.31875316449998,123.08402464,276.361782375,10,2026-07-10T22:26:08Z,1937624.5
bsan,bit-vec-0.9.1,tests::test_bit_vec_lt,success,16.523,2.0609834082000003,2.1448918182982406,0.999422904,0.9303567290000001,7.192993356,10,2026-07-10T22:26:30Z,1937624.5
bsan,bit-vec-0.9.1,tests::test_bit_vec_push_pop,success,16.523,1.0998722108,0.2826257852609785,0.9458401885000001,0.933866642,1.806835106,10,2026-07-10T22:26:46Z,1937624.5
bsan,bit-vec-0.9.1,tests::test_bit_vec_reserve,success,16.523,2.0157445758000003,1.8570370876723756,0.9474644655000001,0.918628886,5.56299597,10,2026-07-10T22:27:09Z,1937624.5
bsan,bit-vec-0.9.1,tests::test_bit_vec_split_off,success,16.523,5.0747575048,2.5789212768642766,5.0060486655,1.527273014,11.0034857,10,2026-07-10T22:28:06Z,1937624.5
bsan,bit-vec-0.9.1,tests::test_bit_vec_truncate,success,16.523,0.9539280456,0.03720862891620988,0.946126604,0.923394126,1.050210727,10,2026-07-10T22:28:16Z,1937624.5
bsan,bit-vec-0.9.1,tests::test_bit_vec_unaligned_large_append,success,16.523,16.4728704541,27.249921423830052,7.1544251685,0.951449415,90.132633218,10,2026-07-10T22:31:02Z,1937624.5
bsan,bit-vec-0.9.1,tests::test_bit_vec_unaligned_small_append,success,16.523,1.0873246795000002,0.2059852611709638,0.9911911480000001,0.9113303060000001,1.469143358,10,2026-07-10T22:31:14Z,1937624.5
bsan,bit-vec-0.9.1,tests::test_count_ones,success,16.523,10.9521148398,8.736726039587367,7.5546963995,5.625602673,34.113535602,10,2026-07-10T22:33:09Z,1937624.5
bsan,bit-vec-0.9.1,tests::test_count_zeros,success,16.523,8.521477214499999,3.7225987989143667,6.1257245755000005,5.707166248,14.928646559,10,2026-07-10T22:34:40Z,1937624.5
bsan,bit-vec-0.9.1,tests::test_debug_output,success,16.523,2.8547394052000006,2.6500965573446207,1.3618248195,0.959805397,7.996385186,10,2026-07-10T22:35:09Z,1937624.5
bsan,bit-vec-0.9.1,tests::test_display_output,success,16.523,0.9593278286,0.0709890068002353,0.9363107535000001,0.9123871480000001,1.148772999,10,2026-07-10T22:35:20Z,1937624.5
bsan,bit-vec-0.9.1,tests::test_equal_differing_sizes,success,16.523,1.0093852296999999,0.17505455422038005,0.931165411,0.9066262930000001,1.394177929,10,2026-07-10T22:35:31Z,1937624.5
bsan,bit-vec-0.9.1,tests::test_equal_greatly_differing_sizes,success,16.523,1.4349790481,0.9474864477245218,0.967034304,0.919620184,3.876861319,10,2026-07-10T22:35:46Z,1937624.5
bsan,bit-vec-0.9.1,tests::test_equal_sneaky_big,success,16.523,1.9011191236999998,1.4834599661470407,0.9681239320000001,0.924008267,4.724048597,10,2026-07-10T22:36:14Z,1937624.5
bsan,bit-vec-0.9.1,tests::test_equal_sneaky_small,success,16.523,1.089832885,0.30231367682064725,0.9511716530000001,0.917071823,1.721769193,10,2026-07-10T22:36:26Z,1937624.5
bsan,bit-vec-0.9.1,tests::test_from_bools,success,16.523,5.6282717071,9.414157663769968,0.9615501385,0.9303526230000001,28.516458109,10,2026-07-10T22:37:23Z,1937624.5
bsan,bit-vec-0.9.1,tests::test_from_bytes,success,16.523,1.1708917890000001,0.33891102563590614,0.963199747,0.8998176980000001,1.799383632,10,2026-07-10T22:37:36Z,1937624.5
bsan,bit-vec-0.9.1,tests::test_get_mut,success,16.523,1.0817193014,0.2452589620192655,0.965442926,0.920191026,1.7029422740000002,10,2026-07-10T22:37:48Z,1937624.5
bsan,bit-vec-0.9.1,tests::test_insert_at_block_boundaries,success,16.523,3.1151027664,2.5280721096806564,2.004548288,0.9178865940000001,7.955326697,10,2026-07-10T22:38:20Z,1937624.5
bsan,bit-vec-0.9.1,tests::test_insert_at_block_boundaries_1,success,16.523,1.1273300922999998,0.2521876388327699,1.0835697629999999,0.9030322810000001,1.752778093,10,2026-07-10T22:38:32Z,1937624.5
bsan,bit-vec-0.9.1,tests::test_insert_at_end,success,16.523,13.656070313399999,17.001308195045073,2.1714984995,0.921368547,44.929745016,10,2026-07-10T22:40:50Z,1937624.5
bsan,bit-vec-0.9.1,tests::test_insert_at_zero,success,16.523,2.2636161461999995,1.8028634657113476,1.5334133565,0.8956120420000001,5.820625241,10,2026-07-10T22:41:15Z,1937624.5
bsan,bit-vec-0.9.1,tests::test_insert_remove,success,16.523,69.05334478680001,50.59841677460749,43.50762102,32.814981866,164.401052958,10,2026-07-10T22:53:19Z,1937624.5
bsan,bit-vec-0.9.1,tests::test_into_iter,success,16.523,5.5522506091000015,5.82577919928123,4.115785893,0.9118075830000001,18.452744965,10,2026-07-10T22:54:16Z,1937624.5
bsan,bit-vec-0.9.1,tests::test_iter_mut,success,16.523,1.5467498441999998,1.1437265859329988,0.9240304395000001,0.883318114,4.325735572,10,2026-07-10T22:54:35Z,1937624.5
bsan,bit-vec-0.9.1,tests::test_ord,success,16.523,0.966187579,0.09138748538595914,0.9326576295000001,0.8812727340000001,1.179232146,10,2026-07-10T22:54:46Z,1937624.5
bsan,bit-vec-0.9.1,tests::test_push_within_capacity_at_brink,success,16.523,1.2636984096,0.7168364657334494,1.0457330105,0.8989734130000001,3.257213572,10,2026-07-10T22:54:59Z,1937624.5
bsan,bit-vec-0.9.1,tests::test_push_within_capacity_at_brink_with_mul_blocks,success,16.523,4.2235283236,6.043546397448191,0.9473302140000001,0.880475804,17.830740823,10,2026-07-10T22:55:43Z,1937624.5
bsan,bit-vec-0.9.1,tests::test_push_within_capacity_storage_push,success,16.523,1.0457661167,0.2675223818123682,0.9515578010000001,0.8826769130000001,1.763568216,10,2026-07-10T22:55:55Z,1937624.5
bsan,bit-vec-0.9.1,tests::test_push_within_capacity_with_suffice_cap,success,16.523,1.2528356100000002,0.5506113925833602,1.06391092,0.8981928690000001,2.699041028,10,2026-07-10T22:56:08Z,1937624.5
bsan,bit-vec-0.9.1,tests::test_remove_all,success,16.523,2.3419512141,2.5472713566490732,1.4710828795,1.173174971,9.449825556,10,2026-07-10T22:56:33Z,1937624.5
bsan,bit-vec-0.9.1,tests::test_remove_last,success,16.523,1.0441010328,0.08421488166457372,1.0221061425,0.988286968,1.2785237600000001,10,2026-07-10T22:56:45Z,1937624.5
bsan,bit-vec-0.9.1,tests::test_small_bit_vec_tests,success,16.523,0.9103617287000001,0.027210293963445244,0.9081020120000001,0.8739469310000001,0.977001917,10,2026-07-10T22:56:56Z,1937624.5
bsan,bit-vec-0.9.1,tests::test_small_difference,success,16.523,4.517986538200001,11.144152613252448,0.9806810275000001,0.8777628080000001,36.232824347,10,2026-07-10T22:57:42Z,1937624.5
bsan,bit-vec-0.9.1,tests::test_small_fill,success,16.523,4.850944345700001,2.851384162441105,4.097898324,1.323097889,9.961167722,10,2026-07-10T22:58:55Z,1937624.5
bsan,bit-vec-0.9.1,tests::test_small_nand,success,16.523,0.9099132926000001,0.030156583064725448,0.9029389760000001,0.8777010260000001,0.9839911400000001,10,2026-07-10T22:59:05Z,1937624.5
bsan,bit-vec-0.9.1,tests::test_small_nor,success,16.523,0.9969721654000002,0.16341872575734318,0.9145323225,0.889266726,1.331933791,10,2026-07-10T22:59:16Z,1937624.5
bsan,bit-vec-0.9.1,tests::test_small_xnor,success,16.523,1.0596126090999998,0.20599112194537725,0.9598810525000001,0.890813252,1.417083447,10,2026-07-10T22:59:29Z,1937624.5
bsan,bit-vec-0.9.1,tests::test_small_xor,success,16.523,2.5561841167000003,2.475513847945518,1.2010037665,0.8901923,7.911248915,10,2026-07-10T22:59:56Z,1937624.5
bsan,bit-vec-0.9.1,tests::test_to_bools,success,16.523,1.1699355579000001,0.3062211872388392,1.0563942800000001,0.891261403,1.6239659560000002,10,2026-07-10T23:00:08Z,1937624.5
bsan,bit-vec-0.9.1,tests::test_to_bytes,success,16.523,1.1001359382,0.3226220604540404,0.920602138,0.8904602420000001,1.698038086,10,2026-07-10T23:00:20Z,1937624.5
bsan,arrayvec-0.7.6,char::test_encode_utf8_oob,success,15.739,3.5868948981999997,0.03430629847860141,3.5899219155,3.53254819,3.643895729,10,2026-07-10T21:50:42Z,1937624.6
bsan,arrayvec-0.7.6,allow_max_capacity_arrayvec_type,success,15.739,3.5234187315,0.02617129128693545,3.5272419095,3.489551571,3.573724743,10,2026-07-10T21:51:21Z,1937624.6
bsan,arrayvec-0.7.6,array_clone_from,success,15.739,3.4852260427,0.032345542302267674,3.4767721060000003,3.450816003,3.544192917,10,2026-07-10T21:51:59Z,1937624.6
bsan,arrayvec-0.7.6,deny_max_capacity_arrayvec_value,success,15.739,3.4801078428,0.02178186644864556,3.4827509555000002,3.430470065,3.508747477,10,2026-07-10T21:52:37Z,1937624.6
bsan,arrayvec-0.7.6,deny_max_capacity_arrayvec_value_const,success,15.739,3.5247595889000003,0.015001036787479138,3.523644183,3.503614308,3.5588345710000002,10,2026-07-10T21:53:16Z,1937624.6
bsan,arrayvec-0.7.6,test_arraystring_const_constructible,success,15.739,3.4426106265,0.017464364663689322,3.4388151505,3.421580562,3.477426832,10,2026-07-10T21:53:54Z,1937624.6
bsan,arrayvec-0.7.6,test_arraystring_zero_filled_has_some_sanity_checks,success,15.739,3.4453755538000004,0.01483862721243067,3.447333745,3.423154851,3.463844098,10,2026-07-10T21:54:32Z,1937624.6
bsan,arrayvec-0.7.6,test_arrayvec_const_constructible,success,15.739,3.4317627314,0.013841156530368983,3.4347045665,3.402105472,3.451477832,10,2026-07-10T21:55:10Z,1937624.6
bsan,arrayvec-0.7.6,test_capacity_left,success,15.739,3.432386734,0.014911455626162338,3.4304584535,3.413444562,3.454560055,10,2026-07-10T21:55:47Z,1937624.6
bsan,arrayvec-0.7.6,test_compact_size,success,15.739,3.5453764152000007,0.3497563912145363,3.4443395165,3.38975213,4.538417737,10,2026-07-10T21:56:26Z,1937624.6
bsan,arrayvec-0.7.6,test_default,success,15.739,3.4074319101,0.024389869139151865,3.401699877,3.378427351,3.455016399,10,2026-07-10T21:57:04Z,1937624.6
bsan,arrayvec-0.7.6,test_drain,success,15.739,3.404913828,0.0290872896425402,3.39876794,3.352167298,3.451334904,10,2026-07-10T21:57:41Z,1937624.6
bsan,arrayvec-0.7.6,test_drain_oob,success,15.739,3.4508846717,0.023595485569404544,3.4434041840000003,3.4209930010000003,3.483992089,10,2026-07-10T21:58:19Z,1937624.6
bsan,arrayvec-0.7.6,test_drain_range_inclusive,success,15.739,3.4075491541000007,0.023498013816221863,3.411908899,3.362835627,3.436604246,10,2026-07-10T21:58:57Z,1937624.6
bsan,arrayvec-0.7.6,test_drain_range_inclusive_oob,success,15.739,3.4193528223,0.0378025954401211,3.4011359105,3.384310954,3.479039495,10,2026-07-10T21:59:34Z,1937624.6
bsan,arrayvec-0.7.6,test_drop,success,15.739,3.3203716008999997,0.052951629347685464,3.3363228735,3.2546424,3.406472395,10,2026-07-10T22:00:11Z,1937624.6
bsan,arrayvec-0.7.6,test_drop_in_insert,success,15.739,3.2821239772,0.034129266336153284,3.2844278210000004,3.229056691,3.342047789,10,2026-07-10T22:00:47Z,1937624.6
bsan,arrayvec-0.7.6,test_drop_panic,success,15.739,3.2876686415000003,0.037444733093614346,3.277519115,3.233167996,3.345640038,10,2026-07-10T22:01:23Z,1937624.6
bsan,arrayvec-0.7.6,test_drop_panic_into_iter,success,15.739,3.3141843766999997,0.043188880327119934,3.2976400029999997,3.25622204,3.383648922,10,2026-07-10T22:02:00Z,1937624.6
bsan,arrayvec-0.7.6,test_drop_panics,success,15.739,3.3146103917999996,0.03481674183792731,3.3233785549999997,3.240649022,3.363627119,10,2026-07-10T22:02:36Z,1937624.6
bsan,arrayvec-0.7.6,test_extend,success,15.739,5.1353937173999995,3.734230470834909,3.303594135,3.200023479,12.274314245,10,2026-07-10T22:03:31Z,1937624.6
bsan,arrayvec-0.7.6,test_extend_capacity_panic_1,success,15.739,5.308646787500001,3.056438777686377,3.7378898840000003,3.268883143,11.209826084,10,2026-07-10T22:04:28Z,1937624.6
bsan,arrayvec-0.7.6,test_extend_capacity_panic_2,success,15.739,4.2892963624,1.0441783879287745,4.3196541755,3.164379584,6.148962039,10,2026-07-10T22:05:16Z,1937624.6
bsan,arrayvec-0.7.6,test_extend_from_slice,success,15.739,5.179678070900001,2.403399638274062,4.736555366,3.293375412,11.456887216,10,2026-07-10T22:06:15Z,1937624.6
bsan,arrayvec-0.7.6,test_extend_from_slice_error,success,15.739,7.325148244099999,7.564902248624988,4.2640900155,3.182983203,27.73455585,10,2026-07-10T22:07:31Z,1937624.6
bsan,arrayvec-0.7.6,test_extend_zst,success,15.739,8.2817685914,6.268121329270215,4.569189407,3.198028413,17.99282487,10,2026-07-10T22:09:13Z,1937624.6
bsan,arrayvec-0.7.6,test_insert,success,15.739,5.3740981655999995,2.3587078409868414,4.5889358829999995,3.202283243,10.122965251,10,2026-07-10T22:10:11Z,1937624.6
bsan,arrayvec-0.7.6,test_insert_at_length,success,15.739,6.6663328065,5.289934132976444,4.058366029,3.210352473,19.702179962,10,2026-07-10T22:11:21Z,1937624.6
bsan,arrayvec-0.7.6,test_insert_out_of_bounds,success,15.739,5.063153118200001,2.483025607393127,3.83976429,3.226016423,10.380949389,10,2026-07-10T22:12:19Z,1937624.6
bsan,arrayvec-0.7.6,test_into_inner_1,success,15.739,3.8268732814999993,1.0841872431978394,3.322272988,3.204887301,6.749807024,10,2026-07-10T22:13:00Z,1937624.6
bsan,arrayvec-0.7.6,test_into_inner_2,success,15.739,7.8151846035000005,5.156387239379636,5.9548342965,3.220594442,16.645508624,10,2026-07-10T22:14:22Z,1937624.6
bsan,arrayvec-0.7.6,test_into_inner_3,success,15.739,14.573837662800003,20.556197779137136,10.439699257000001,3.210061934,71.637066442,10,2026-07-10T22:16:59Z,1937624.6
bsan,arrayvec-0.7.6,test_is_send_sync,success,15.739,5.102731207700001,2.777338100777387,3.7821310390000002,3.217751491,10.176953446,10,2026-07-10T22:17:54Z,1937624.6
bsan,arrayvec-0.7.6,test_iter,success,15.739,6.9197508861,6.847323483914733,3.633049849,3.130210674,24.655991993,10,2026-07-10T22:19:06Z,1937624.6
bsan,arrayvec-0.7.6,test_pop_at,success,15.739,7.212368557699999,5.027571982508972,4.804987643,3.171827791,16.435240099,10,2026-07-10T22:20:22Z,1937624.6
bsan,arrayvec-0.7.6,test_retain,success,15.739,8.8029227382,11.65640811157073,4.159321534,3.248434476,40.323173352,10,2026-07-10T22:22:06Z,1937624.6
bsan,arrayvec-0.7.6,test_simple,success,15.739,5.767717286,3.4060343744381236,3.9470940005,3.129087487,11.873622899,10,2026-07-10T22:23:07Z,1937624.6
bsan,arrayvec-0.7.6,test_sizes,success,15.739,5.373135313300001,3.5923946392211668,3.6002751565,3.205772123,14.597562546,10,2026-07-10T22:24:05Z,1937624.6
bsan,arrayvec-0.7.6,test_still_works_with_option_arrayvec,success,15.739,5.7653400568999995,6.870188187617524,3.2979886284999997,3.155500206,25.23603142,10,2026-07-10T22:25:06Z,1937624.6
bsan,arrayvec-0.7.6,test_string,success,15.739,8.699973109800002,6.955435852396626,5.692586767,3.260833048,21.86767348,10,2026-07-10T22:26:36Z,1937624.6
bsan,arrayvec-0.7.6,test_string_clone,success,15.739,8.8484869427,6.379502308483676,7.400031691500001,3.169060107,22.277297888,10,2026-07-10T22:28:08Z,1937624.6
bsan,arrayvec-0.7.6,test_string_from,success,15.739,18.798236792199997,35.033028036950924,3.4915586325000003,3.121841017,114.793291549,10,2026-07-10T22:31:19Z,1937624.6
bsan,arrayvec-0.7.6,test_string_from_bytes,success,15.739,7.551741013599999,10.396951192366345,3.3016408465,3.125873789,36.013243568,10,2026-07-10T22:32:40Z,1937624.6
bsan,arrayvec-0.7.6,test_string_parse_from_str,success,15.739,3.7048686464999996,0.8418551405337462,3.2973714935,3.100543892,5.510905064,10,2026-07-10T22:33:22Z,1937624.6
bsan,arrayvec-0.7.6,test_string_push,success,15.739,5.1171347351000005,3.111885608385452,3.818701278,3.190139741,13.382797131,10,2026-07-10T22:34:24Z,1937624.6
bsan,arrayvec-0.7.6,test_take,success,15.739,5.0363295706999995,4.306423853437517,3.400951844,3.129649708,16.976458395,10,2026-07-10T22:35:18Z,1937624.6
bsan,arrayvec-0.7.6,test_try_from_argument,success,15.739,5.336669672099999,3.97399713189915,3.4060248325,3.118552799,15.496762058,10,2026-07-10T22:36:14Z,1937624.6
bsan,arrayvec-0.7.6,test_try_from_slice_error,success,15.739,8.1097083294,10.559002692676104,3.221704338,3.159964912,35.207705443,10,2026-07-10T22:37:40Z,1937624.6
bsan,arrayvec-0.7.6,test_u16_index,success,15.739,20.3278702737,27.585351216416147,7.9422220305,4.276893006,87.234702379,10,2026-07-10T22:41:09Z,1937624.6
bsan,arrayvec-0.7.6,test_write,success,15.739,4.3303424985,1.423600774502962,3.8024349550000003,3.052302239,6.54497638,10,2026-07-10T22:41:56Z,1937624.6
bsan,half-2.7.1,bfloat::test::formatting,success,99.060,1.2044638466,0.01555699966659921,1.2080173595,1.182350265,1.225837536,10,2026-07-10T21:51:49Z,1937624.7
bsan,half-2.7.1,bfloat::test::qc_roundtrip_bf16_f32_is_identity,success,99.060,1.3286728119,0.017778026369129608,1.3280579385,1.305485877,1.35588386,10,2026-07-10T21:52:04Z,1937624.7
bsan,half-2.7.1,bfloat::test::qc_roundtrip_bf16_f64_is_identity,success,99.060,1.3458140436000001,0.022531512630035163,1.3403607305,1.3217990720000001,1.401376323,10,2026-07-10T21:52:19Z,1937624.7
bsan,half-2.7.1,bfloat::test::test_bf16_consts_from_f32,success,99.060,1.157211413,0.008338771733388317,1.157776355,1.140335333,1.167236971,10,2026-07-10T21:52:31Z,1937624.7
bsan,half-2.7.1,bfloat::test::test_bf16_consts_from_f64,success,99.060,1.164775733,0.015493069201480473,1.164223073,1.135728271,1.1916112540000001,10,2026-07-10T21:52:44Z,1937624.7
bsan,half-2.7.1,bfloat::test::test_bf16_to_f32,success,99.060,1.1697632671,0.013065308872460619,1.1698748870000002,1.152275591,1.190340326,10,2026-07-10T21:52:57Z,1937624.7
bsan,half-2.7.1,bfloat::test::test_comparisons,success,99.060,1.1716173648,0.007021869910801503,1.1734440695,1.159131783,1.18078496,10,2026-07-10T21:53:10Z,1937624.7
bsan,half-2.7.1,bfloat::test::test_max,success,99.060,1.1577267368,0.011947787444993268,1.16031827,1.134587662,1.175825029,10,2026-07-10T21:53:23Z,1937624.7
bsan,half-2.7.1,bfloat::test::test_min,success,99.060,1.1392867073,0.011261473280312885,1.136480783,1.12838573,1.168112863,10,2026-07-10T21:53:35Z,1937624.7
bsan,half-2.7.1,bfloat::test::test_nan_conversion_to_larger,success,99.060,1.1481692283999998,0.009738627173044223,1.1468507145000002,1.133599606,1.165684896,10,2026-07-10T21:53:48Z,1937624.7
bsan,half-2.7.1,bfloat::test::test_nan_conversion_to_smaller,success,99.060,1.1482771787000001,0.012019772156663772,1.147274118,1.131288531,1.167628986,10,2026-07-10T21:54:01Z,1937624.7
bsan,half-2.7.1,binary16::test::arithmetic,success,99.060,1.1534868691,0.014956478517219493,1.1491910915,1.141015084,1.188767685,10,2026-07-10T21:54:13Z,1937624.7
bsan,half-2.7.1,binary16::test::formatting,success,99.060,1.1854063394,0.006154942139378552,1.1845153625,1.175845833,1.199122356,10,2026-07-10T21:54:26Z,1937624.7
bsan,half-2.7.1,binary16::test::qc_roundtrip_f16_f32_is_identity,success,99.060,1.3379257179000001,0.02569169501348571,1.332336593,1.308602223,1.389125678,10,2026-07-10T21:54:41Z,1937624.7
bsan,half-2.7.1,binary16::test::qc_roundtrip_f16_f64_is_identity,success,99.060,1.3352686395,0.03184047899542405,1.3223531,1.313079057,1.413218334,10,2026-07-10T21:54:56Z,1937624.7
bsan,half-2.7.1,binary16::test::test_comparisons,success,99.060,1.1458410469999998,0.010436231694985958,1.147082713,1.130370606,1.162689843,10,2026-07-10T21:55:08Z,1937624.7
bsan,half-2.7.1,binary16::test::test_f16_consts_from_f32,success,99.060,1.1418957458999999,0.013512866322811234,1.140861854,1.125665926,1.172389447,10,2026-07-10T21:55:21Z,1937624.7
bsan,half-2.7.1,binary16::test::test_f16_consts_from_f64,success,99.060,1.1435123964,0.015042392194406892,1.1356354765,1.12662776,1.169112473,10,2026-07-10T21:55:33Z,1937624.7
bsan,half-2.7.1,binary16::test::test_max,success,99.060,1.1376842224,0.00794995278114599,1.1371998035000002,1.126562687,1.151035575,10,2026-07-10T21:55:46Z,1937624.7
bsan,half-2.7.1,binary16::test::test_min,success,99.060,1.1511842221,0.011313987530323326,1.1475239844999998,1.1335967390000001,1.168563897,10,2026-07-10T21:55:59Z,1937624.7
bsan,half-2.7.1,binary16::test::test_nan_conversion_to_larger,success,99.060,1.1384364215,0.009847788372132082,1.1389995145,1.116584313,1.152535267,10,2026-07-10T21:56:11Z,1937624.7
bsan,half-2.7.1,binary16::test::test_nan_conversion_to_smaller,success,99.060,1.1517043511999998,0.019687417204579526,1.145753805,1.126961975,1.19426255,10,2026-07-10T21:56:24Z,1937624.7
bsan,half-2.7.1,leading_zeros::test::leading_zeros_u16_fallback,success,99.060,1.1575608402,0.04114896716551496,1.1403826275,1.124813296,1.2663501350000002,10,2026-07-10T21:56:38Z,1937624.7
bsan,half-2.7.1,slice::test::convert_from_f32_slice_len_mismatch_panics,success,99.060,1.1513454187999999,0.014360507190537188,1.155849345,1.129340355,1.166024456,10,2026-07-10T21:56:50Z,1937624.7
bsan,half-2.7.1,slice::test::convert_from_f64_slice_len_mismatch_panics,success,99.060,1.1398520061000004,0.00783127969624834,1.142070834,1.124662579,1.148380481,10,2026-07-10T21:57:03Z,1937624.7
bsan,half-2.7.1,slice::test::convert_to_f32_slice_len_mismatch_panics,success,99.060,1.1517586762,0.012653565710957429,1.1503212294999998,1.131863805,1.176897015,10,2026-07-10T21:57:16Z,1937624.7
bsan,half-2.7.1,slice::test::convert_to_f64_slice_len_mismatch_panics,success,99.060,1.1417308709,0.009378272504263067,1.1391518055,1.131656342,1.161797292,10,2026-07-10T21:57:28Z,1937624.7
bsan,half-2.7.1,slice::test::slice_convert_bf16_f32,success,99.060,1.1348714698000002,0.009442804076866053,1.1330284815,1.122364202,1.1491094450000001,10,2026-07-10T21:57:41Z,1937624.7
bsan,half-2.7.1,slice::test::slice_convert_bf16_f64,success,99.060,1.1416996205,0.015495350075658372,1.134715758,1.124351949,1.1686839,10,2026-07-10T21:57:53Z,1937624.7
bsan,half-2.7.1,slice::test::slice_convert_f16_f32,success,99.060,1.1498994800999998,0.016827923439215728,1.144362527,1.123004336,1.17726766,10,2026-07-10T21:58:06Z,1937624.7
bsan,half-2.7.1,slice::test::slice_convert_f16_f64,success,99.060,1.1500644237,0.01110310236263089,1.1489514244999999,1.134736636,1.168672504,10,2026-07-10T21:58:18Z,1937624.7
bsan,half-2.7.1,slice::test::test_mutablility_bf16,success,99.060,1.1390625539,0.013119676942780732,1.137492232,1.123825482,1.167269381,10,2026-07-10T21:58:31Z,1937624.7
bsan,half-2.7.1,slice::test::test_mutablility_f16,success,99.060,1.1263333088,0.013135115734220399,1.127495178,1.105637381,1.149085627,10,2026-07-10T21:58:43Z,1937624.7
bsan,half-2.7.1,slice::test::test_slice_conversions_bf16,success,99.060,1.1289789458,0.013169290008831928,1.1227584805,1.115685368,1.149167505,10,2026-07-10T21:58:56Z,1937624.7
bsan,half-2.7.1,slice::test::test_slice_conversions_f16,success,99.060,1.1255152264000001,0.012527711684951861,1.123914596,1.11208719,1.154798632,10,2026-07-10T21:59:08Z,1937624.7
bsan,half-2.7.1,vec::test::test_vec_conversions_bf16,success,99.060,1.1239019588999999,0.015524722116348554,1.1188838925,1.108731205,1.156916443,10,2026-07-10T21:59:21Z,1937624.7
bsan,half-2.7.1,vec::test::test_vec_conversions_f16,success,99.060,1.1385351687,0.009199330246798415,1.1377247885,1.127006729,1.150780392,10,2026-07-10T21:59:33Z,1937624.7
bsan,ryu-1.0.23,test_ceil_log2_pow5,success,76.228,7.693175927499999,0.043340849980021835,7.6951737135,7.6243869790000005,7.770758113,10,2026-07-10T21:52:41Z,1937624.8
bsan,ryu-1.0.23,test_decimal_length9,success,76.228,7.6663731924,0.0723141918454636,7.651101914,7.567121408,7.764959729,10,2026-07-10T21:54:05Z,1937624.8
bsan,ryu-1.0.23,test_double_to_bits,success,76.228,7.5983061779,0.03222558627083947,7.591180828500001,7.539061659,7.64090176,10,2026-07-10T21:55:29Z,1937624.8
bsan,ryu-1.0.23,test_float_to_bits,success,76.228,7.6833643561,0.3224143754612313,7.596537786,7.498075898,8.5885178,10,2026-07-10T21:56:53Z,1937624.8
bsan,ryu-1.0.23,test_log10_pow2,success,76.228,7.5726985339,0.06099108151090376,7.5687946825,7.47090094,7.676164352,10,2026-07-10T21:58:17Z,1937624.8
bsan,ryu-1.0.23,test_log10_pow5,success,76.228,7.541320373299999,0.05514827147774627,7.5429837735,7.467696301,7.644085993,10,2026-07-10T21:59:40Z,1937624.8
bsan,ryu-1.0.23,test_pow5_factor,success,76.228,7.279106437699999,0.05352839717616173,7.281514671,7.198382765,7.378872274,10,2026-07-10T22:01:00Z,1937624.8
bsan,ryu-1.0.23,test_compute_inv_pow5,success,76.228,7.281312816100001,0.04883304582537877,7.2820408435,7.201173596,7.358489405,10,2026-07-10T22:02:20Z,1937624.8
bsan,ryu-1.0.23,test_compute_pow5,success,76.228,10.4864234787,5.9184805764864805,7.608025341,7.204925397,23.7235278,10,2026-07-10T22:04:12Z,1937624.8
bsan,ryu-1.0.23,test_basic,success,76.228,11.092833173199999,3.9021347801716555,9.600863390499999,7.460275187,20.005510691,10,2026-07-10T22:06:13Z,1937624.8
bsan,ryu-1.0.23,test_looks_like_pow5,success,76.228,17.7838006072,11.904113964180624,12.0813585845,7.151186753,37.556502781,10,2026-07-10T22:09:18Z,1937624.8
bsan,ryu-1.0.23,test_lots_of_trailing_zeros,success,76.228,12.7187462215,5.946019122656987,10.125101048000001,7.217262178,23.7057264,10,2026-07-10T22:11:45Z,1937624.8
bsan,ryu-1.0.23,test_min_and_max,success,76.228,10.644932385699999,4.376473317407555,8.774251599,7.149971712,20.493734602,10,2026-07-10T22:13:41Z,1937624.8
bsan,ryu-1.0.23,test_min_max_shift,success,76.228,23.844542165599997,22.714678022268036,16.8352520045,7.272859244,83.230489132,10,2026-07-10T22:17:47Z,1937624.8
bsan,ryu-1.0.23,test_output_length,success,76.228,15.039406343900001,8.580470129260624,11.463783329,7.442001999,30.880911995,10,2026-07-10T22:20:27Z,1937624.8
bsan,ryu-1.0.23,test_random,test_failed,76.228,,,,,,10,2026-07-10T22:20:48Z,1937624.8
bsan,ryu-1.0.23,test_regression,success,76.228,14.2121846977,11.631974534523446,8.981636853000001,7.181210714,44.528363068,10,2026-07-10T22:23:24Z,1937624.8
bsan,ryu-1.0.23,test_ryu,success,76.228,14.5560497556,9.682993796269683,8.505265678499999,7.24532999,32.323543475,10,2026-07-10T22:26:09Z,1937624.8
bsan,ryu-1.0.23,test_small_integers,success,76.228,29.7738492458,46.8989458831217,9.797851810000001,7.113389492,159.910758762,10,2026-07-10T22:31:16Z,1937624.8
bsan,ryu-1.0.23,test_switch_to_subnormal,success,76.228,10.7730357048,4.574591517266421,9.1814867115,6.9824018290000005,18.916009671,10,2026-07-10T22:33:35Z,1937624.8
bsan,ryu-1.0.23,test_boundary_round_even,success,76.228,10.8072561536,5.5333035631534075,8.183000261,6.9536104850000005,22.983844237,10,2026-07-10T22:35:30Z,1937624.8
bsan,ryu-1.0.23,test_exact_value_round_even,success,76.228,16.4982340004,14.626275113808978,9.559075806,7.060523213,53.932236325,10,2026-07-10T22:38:22Z,1937624.8
bsan,ryu-1.0.23,test_bad_input,success,76.228,22.6499127425,40.28786285540798,9.9038497495,6.933357835,137.07626079,10,2026-07-10T22:42:18Z,1937624.8
bsan,ryu-1.0.23,test_issue157,success,76.228,16.9151536359,24.727526851975465,7.719141169,6.660513767,86.644341811,10,2026-07-10T22:45:28Z,1937624.8
bsan,ryu-1.0.23,test_issue173,success,76.228,11.581223811900001,5.208879440662189,8.9970351875,6.660069539,20.170000968,10,2026-07-10T22:47:31Z,1937624.8
bsan,ryu-1.0.23,test_mantissa_rounding_overflow,success,76.228,34.1606128754,40.994598530072636,8.555756970000001,6.718044352,112.966206234,10,2026-07-10T22:53:21Z,1937624.8
bsan,ryu-1.0.23,test_min_max,success,76.228,12.656473568499997,9.255220808086007,8.610643316,7.093317914,36.133946462,10,2026-07-10T22:56:10Z,1937624.8
bsan,ryu-1.0.23,test_overflow,success,76.228,17.614437278800004,21.846706991295502,7.27099339,6.743294909,76.590221752,10,2026-07-10T22:59:14Z,1937624.8
bsan,ryu-1.0.23,test_table_size_denormal,success,76.228,26.9214609065,56.50373271759725,8.090424088,6.460781785,187.259504124,10,2026-07-10T23:03:52Z,1937624.8
bsan,ryu-1.0.23,test_underflow,success,76.228,10.538729753800002,6.120419518229766,8.288633730499999,6.51786823,27.086067588,10,2026-07-10T23:05:46Z,1937624.8
bsan,ryu-1.0.23,test_trailing_zeros,success,76.228,8.694193982600002,2.420408165470334,7.8201875985000004,6.614289798,13.67562313,10,2026-07-10T23:07:22Z,1937624.8
bsan,const-oid-0.10.2,encoder::tests::base128_byte,success,56.559,3.6185834318,0.025600315357246342,3.606170058,3.5843171810000003,3.657617752,10,2026-07-10T21:51:28Z,1937624.9
bsan,const-oid-0.10.2,encoder::tests::encode,success,56.559,3.5743040297999995,0.025823228854679983,3.568410637,3.532626579,3.6208502129999998,10,2026-07-10T21:52:08Z,1937624.9
bsan,const-oid-0.10.2,parser::tests::parse,success,56.559,3.5831766615999996,0.038199653822141175,3.5792343559999997,3.540919401,3.652518558,10,2026-07-10T21:52:47Z,1937624.9
bsan,const-oid-0.10.2,parser::tests::reject_empty_string,success,56.559,3.5951154529999996,0.033053217460630696,3.6055954320000003,3.529034335,3.636692532,10,2026-07-10T21:53:27Z,1937624.9
bsan,const-oid-0.10.2,parser::tests::reject_non_digits,success,56.559,3.5431964308000006,0.024389802119145956,3.548502604,3.513514012,3.584287427,10,2026-07-10T21:54:06Z,1937624.9
bsan,const-oid-0.10.2,parser::tests::reject_trailing_dot,success,56.559,3.5473330954999995,0.018445577540307068,3.5430803935,3.519522329,3.576641816,10,2026-07-10T21:54:45Z,1937624.9
bsan,const-oid-0.10.2,as_bytes,success,56.559,3.5168439004999996,0.016905554610288188,3.514934243,3.494370416,3.546115376,10,2026-07-10T21:55:23Z,1937624.9
bsan,const-oid-0.10.2,as_oid_ref,success,56.559,3.5337982382000006,0.015601016921003486,3.5339974114999997,3.51284256,3.553230333,10,2026-07-10T21:56:02Z,1937624.9
bsan,const-oid-0.10.2,display,success,56.559,3.6877683886,0.42392002306821686,3.553544243,3.525937604,4.893135374,10,2026-07-10T21:56:43Z,1937624.9
bsan,const-oid-0.10.2,from_bytes_oid_0,success,56.559,3.5016019180999995,0.024897959963951923,3.490938512,3.475854555,3.556726181,10,2026-07-10T21:57:21Z,1937624.9
bsan,const-oid-0.10.2,from_bytes_oid_1,success,56.559,3.5056332768000003,0.031916639855633644,3.5030221275000004,3.4454892040000002,3.553502787,10,2026-07-10T21:58:00Z,1937624.9
bsan,const-oid-0.10.2,from_bytes_oid_2,success,56.559,3.5225279402,0.02225980916768299,3.518954162,3.491947728,3.565343622,10,2026-07-10T21:58:39Z,1937624.9
bsan,const-oid-0.10.2,from_bytes_oid_largearc_0,success,56.559,3.4793897350000003,0.02156645641844915,3.4783481345,3.440611286,3.509754194,10,2026-07-10T21:59:17Z,1937624.9
bsan,const-oid-0.10.2,from_bytes_oid_largearc_1,success,56.559,3.4931627399,0.05545031856288704,3.4912642390000004,3.395491328,3.56162597,10,2026-07-10T21:59:55Z,1937624.9
bsan,const-oid-0.10.2,from_bytes_oid_largearc_2,success,56.559,3.3902205357000006,0.04118253118404155,3.3997938100000002,3.314037738,3.436148877,10,2026-07-10T22:00:33Z,1937624.9
bsan,const-oid-0.10.2,from_str,success,56.559,3.3655245359000006,0.023328674425181016,3.3713080160000004,3.317216274,3.391914794,10,2026-07-10T22:01:10Z,1937624.9
bsan,const-oid-0.10.2,parent,success,56.559,3.3741156537999997,0.047261777699231,3.360363983,3.311916833,3.486884361,10,2026-07-10T22:01:47Z,1937624.9
bsan,const-oid-0.10.2,parse_empty,success,56.559,3.3829140050999995,0.04024831967080841,3.385318462,3.305277724,3.435882816,10,2026-07-10T22:02:24Z,1937624.9
bsan,const-oid-0.10.2,parse_invalid_first_arc,success,56.559,3.3586345526000003,0.035956016926090115,3.36651171,3.298224847,3.405094066,10,2026-07-10T22:03:01Z,1937624.9
bsan,const-oid-0.10.2,parse_invalid_repeat_dots,success,56.559,6.3852751543999995,5.320344537692329,4.1247012645000005,3.364951242,18.523272133,10,2026-07-10T22:04:11Z,1937624.9
bsan,const-oid-0.10.2,parse_invalid_second_arc,success,56.559,4.798845997999999,2.245901710759598,4.0324207415,3.24860106,10.625499712,10,2026-07-10T22:05:03Z,1937624.9
bsan,const-oid-0.10.2,push_arc,success,56.559,5.5492945467000006,3.3133345183470437,4.149613078,3.304707096,13.302489087,10,2026-07-10T22:06:02Z,1937624.9
bsan,const-oid-0.10.2,starts_with,success,56.559,7.3688911246,7.477958091472205,3.7336825765,3.2908759610000002,26.824264541,10,2026-07-10T22:07:23Z,1937624.9
bsan,const-oid-0.10.2,try_from_u32_slice,success,56.559,10.005381271000001,8.21444834460312,7.331804334499999,3.268411156,24.04527898,10,2026-07-10T22:09:07Z,1937624.9
bsan,const-oid-0.10.2,from_bytes,success,56.559,5.4954887103,2.8128359661580187,4.482730059,3.25582352,10.708864776,10,2026-07-10T22:10:06Z,1937624.9
bsan,const-oid-0.10.2,round_trip,success,56.559,100.8267804653,34.50861447274247,93.9243449175,62.746882792,177.252716398,10,2026-07-10T22:28:20Z,1937624.9
bsan,pin-project-lite-0.2.17,,build_failed,,,,,,,10,2026-07-10T22:21:00Z,1937625.10
bsan,matchers-0.2.0,test::anchored::debug_explicitly_unanchored,success,24.394,12.213467181599999,0.27153483353580676,12.209463096,11.828650837,12.58586949,10,2026-07-10T22:23:32Z,1937625.11
bsan,matchers-0.2.0,test::anchored::debug_is_anchored,success,24.394,1.4665047058999998,0.020024813826576185,1.4611001075,1.431459748,1.5030160700000001,10,2026-07-10T22:23:48Z,1937625.11
bsan,matchers-0.2.0,test::anchored::debug_matches,success,24.394,24.341266303199994,0.19017317204668707,24.387075189500003,23.968349646,24.515193195,10,2026-07-10T22:28:16Z,1937625.11
bsan,matchers-0.2.0,test::anchored::debug_rep_patterns,success,24.394,1.4295090156,0.02650654267993893,1.435472479,1.378281745,1.475370124,10,2026-07-10T22:28:32Z,1937625.11
bsan,matchers-0.2.0,test::anchored::display_explicitly_unanchored,success,24.394,11.565529983800001,0.0974756092941653,11.584783333499999,11.417683291,11.697185728000001,10,2026-07-10T22:30:39Z,1937625.11
bsan,matchers-0.2.0,test::anchored::display_is_anchored,success,24.394,1.4365994019,0.014363959772254905,1.43688341,1.410761681,1.458188933,10,2026-07-10T22:30:55Z,1937625.11
bsan,matchers-0.2.0,test::anchored::display_matches,success,24.394,24.558738254499996,0.19579916285192644,24.5963288465,24.162194798,24.810242581,10,2026-07-10T22:35:25Z,1937625.11
bsan,matchers-0.2.0,test::anchored::reader_explicitly_unanchored,success,24.394,11.4055051399,0.13854447079394017,11.466350968,11.140570069,11.540773347,10,2026-07-10T22:37:31Z,1937625.11
bsan,matchers-0.2.0,test::anchored::reader_is_anchored,success,24.394,1.3999454608000002,0.03151013427323966,1.390337878,1.370836736,1.477991325,10,2026-07-10T22:37:47Z,1937625.11
bsan,matchers-0.2.0,test::anchored::reader_matches,success,24.394,23.851665677600003,0.372951335741953,23.8780532435,23.347481272,24.542001289,10,2026-07-10T22:42:08Z,1937625.11
bsan,matchers-0.2.0,test::unanchored::debug_is_unanchored,success,24.394,1.3844847780000002,0.01706964322560126,1.3894507545,1.350274197,1.402396872,10,2026-07-10T22:42:24Z,1937625.11
bsan,matchers-0.2.0,test::unanchored::debug_matches,success,24.394,23.2598586388,0.31432871990152694,23.14949919,22.842815437,23.807502952,10,2026-07-10T22:46:40Z,1937625.11
bsan,matchers-0.2.0,test::unanchored::debug_rep_patterns,success,24.394,1.3417367147,0.012587651230870219,1.3392190065,1.322696257,1.3681142670000002,10,2026-07-10T22:46:55Z,1937625.11
bsan,matchers-0.2.0,test::unanchored::display_is_unanchored,success,24.394,1.3419627928,0.02356837439677793,1.3398058910000001,1.306460756,1.394524781,10,2026-07-10T22:47:09Z,1937625.11
bsan,matchers-0.2.0,test::unanchored::display_matches,success,24.394,40.6604612604,9.130021894170211,44.461517062,23.341462629,47.508117821,10,2026-07-10T22:54:19Z,1937625.11
bsan,matchers-0.2.0,test::unanchored::reader_is_unanchored,success,24.394,3.9336983591999997,0.7925559908225982,4.0649203445,2.5987043229999998,5.260859458,10,2026-07-10T22:55:03Z,1937625.11
bsan,matchers-0.2.0,test::unanchored::reader_matches,success,24.394,50.9759221412,2.1434571883285307,51.2446287355,47.393004418,54.705335598,10,2026-07-10T23:04:18Z,1937625.11
bsan,unicode-normalization-0.1.25,normalize::tests::test_hangul_composition,success,8.124,1.7121456558,0.4994767581707212,1.692611026,1.02914493,2.781742175,10,2026-07-10T22:21:19Z,1937625.12
bsan,unicode-normalization-0.1.25,quick_check::tests::test_stream_safe_nfc,success,8.124,1.0859469512,0.10963885971436431,1.0401462405,1.014988177,1.355780122,10,2026-07-10T22:21:31Z,1937625.12
bsan,unicode-normalization-0.1.25,quick_check::tests::test_stream_safe_nfd,success,8.124,1.0624513375,0.054550600742985615,1.0455091355000001,1.003177846,1.1816204350000001,10,2026-07-10T22:21:43Z,1937625.12
bsan,unicode-normalization-0.1.25,stream_safe::tests::test_all_nonstarters,success,8.124,1.0458378145,0.026237567617205068,1.040736264,1.012629888,1.097254397,10,2026-07-10T22:21:54Z,1937625.12
bsan,unicode-normalization-0.1.25,stream_safe::tests::test_classify_nonstarters,success,8.124,66.6458826642,0.6659376227754883,66.51051362300001,65.764926784,67.907037366,10,2026-07-10T22:34:10Z,1937625.12
bsan,unicode-normalization-0.1.25,stream_safe::tests::test_simple,success,8.124,0.9728125947,0.027425520288657478,0.970294324,0.9353026720000001,1.040028808,10,2026-07-10T22:34:21Z,1937625.12
bsan,unicode-normalization-0.1.25,test::test_is_combining_mark_ascii,success,8.124,0.9501984509000001,0.016599513585683096,0.9547105400000001,0.906039797,0.9639457180000001,10,2026-07-10T22:34:31Z,1937625.12
bsan,unicode-normalization-0.1.25,test::test_is_combining_mark_misc,success,8.124,0.9507696938000001,0.0077945154868110334,0.9500650740000001,0.939827139,0.966301531,10,2026-07-10T22:34:42Z,1937625.12
bsan,unicode-normalization-0.1.25,test::test_nfc,success,8.124,0.9912528528000001,0.03865513620112651,0.9855156570000001,0.951289833,1.090879167,10,2026-07-10T22:34:53Z,1937625.12
bsan,unicode-normalization-0.1.25,test::test_nfd,success,8.124,0.9985459548,0.009002105497296433,1.0006177035000001,0.983836908,1.010376649,10,2026-07-10T22:35:03Z,1937625.12
bsan,unicode-normalization-0.1.25,test::test_nfkc,success,8.124,1.0013678098,0.01430946014072372,1.0046975925,0.9729491840000001,1.018067938,10,2026-07-10T22:35:14Z,1937625.12
bsan,unicode-normalization-0.1.25,test::test_nfkd,success,8.124,0.9765176377000001,0.014622319891171916,0.9798026115,0.9569991510000001,0.993743876,10,2026-07-10T22:35:25Z,1937625.12
bsan,unicode-normalization-0.1.25,test::test_normalize_char,success,8.124,0.9569221488,0.02885892175271613,0.9502254560000001,0.937452594,1.03750085,10,2026-07-10T22:35:36Z,1937625.12
bsan,anstream-1.0.0,,build_failed,,,,,,,10,2026-07-10T22:21:09Z,1937625.13
bsan,radium-1.1.1,tests::absent_traits,success,6.144,1.6933694529000003,0.49218470918927226,1.59078302,1.184532803,2.474454969,10,2026-07-10T22:21:17Z,1937625.14
bsan,radium-1.1.1,tests::always_alias,success,6.144,1.0529893223999998,0.05811976489457498,1.0307544765,1.011635902,1.178378053,10,2026-07-10T22:21:29Z,1937625.14
bsan,radium-1.1.1,tests::always_cell,success,6.144,1.0406856095,0.045073081403897326,1.0177939445,1.003255899,1.133466883,10,2026-07-10T22:21:40Z,1937625.14
bsan,radium-1.1.1,tests::maybe_atom,success,6.144,1.0338196931,0.053714672636881,1.0229127715,0.9767704960000001,1.1720817079999999,10,2026-07-10T22:21:52Z,1937625.14
bsan,radium-1.1.1,tests::present_traits,success,6.144,1.0187340787999999,0.0401357907617083,1.000058305,0.9849172020000001,1.099730652,10,2026-07-10T22:22:03Z,1937625.14
bsan,radium-1.1.1,types::tests::atom_impls,success,6.144,0.9935835734000001,0.02405941849873029,0.9862393435000001,0.9721922890000001,1.054573676,10,2026-07-10T22:22:14Z,1937625.14
bsan,radium-1.1.1,types::tests::isotope_atomic,success,6.144,1.0562714437000003,0.0818767064534545,1.033387754,0.9855573070000001,1.246355675,10,2026-07-10T22:22:25Z,1937625.14
bsan,radium-1.1.1,types::tests::isotope_impls,success,6.144,1.0019915718,0.01826289478602624,1.0021931285,0.974508644,1.036436437,10,2026-07-10T22:22:36Z,1937625.14
bsan,radium-1.1.1,types::tests::radon_impls,success,6.144,0.9821265460999999,0.018330367577897723,0.9849653675000001,0.933107568,0.995792325,10,2026-07-10T22:22:47Z,1937625.14
bsan,thread_local-1.1.9,tests::different_thread,success,78.964,1.1660419260000001,0.032876461682324734,1.159510689,1.130703417,1.224188164,10,2026-07-10T22:22:37Z,1937625.15
bsan,thread_local-1.1.9,tests::is_sync,success,78.964,1.1137144421999998,0.005447007141777252,1.1118422190000001,1.1067026580000001,1.121837049,10,2026-07-10T22:22:49Z,1937625.15
bsan,thread_local-1.1.9,tests::iter,success,78.964,1.1110719348,0.00741262098652697,1.1100883545,1.1026755910000001,1.125529523,10,2026-07-10T22:23:02Z,1937625.15
bsan,thread_local-1.1.9,tests::miri_iter_soundness_check,success,78.964,1.1079405261000002,0.006721929057349234,1.1092430659999999,1.09576768,1.11525696,10,2026-07-10T22:23:14Z,1937625.15
bsan,thread_local-1.1.9,tests::same_thread,success,78.964,1.107092686,0.014079295484577644,1.109011097,1.087278476,1.1308314560000001,10,2026-07-10T22:23:26Z,1937625.15
bsan,thread_local-1.1.9,tests::test_drop,success,78.964,1.0916025212,0.004829731850951176,1.090865855,1.085113983,1.099929676,10,2026-07-10T22:23:38Z,1937625.15
bsan,thread_local-1.1.9,tests::test_earlyreturn_buckets,success,78.964,1.2795166113999998,0.01578677534498755,1.2804838775,1.258567414,1.304962635,10,2026-07-10T22:23:52Z,1937625.15
bsan,thread_local-1.1.9,thread_id::test_thread,success,78.964,1.0676679542,0.012002945266544891,1.066302273,1.05521821,1.089693156,10,2026-07-10T22:24:04Z,1937625.15
bsan,crc32fast-1.5.0,baseline::test::fast_16_is_the_same_as_slow,success,18.496,5.537920763800001,0.30123093563415476,5.4590157,5.093685811,5.982528047,10,2026-07-10T22:22:15Z,1937625.16
bsan,crc32fast-1.5.0,baseline::test::slow,success,18.496,1.1085585437,0.20270174632550758,0.9989225140000001,0.9846293290000001,1.593238949,10,2026-07-10T22:22:28Z,1937625.16
bsan,crc32fast-1.5.0,combine::golden,success,18.496,1.0875223969,0.18493079990538036,1.0240110185,1.00575398,1.609003439,10,2026-07-10T22:22:41Z,1937625.16
bsan,crc32fast-1.5.0,specialized::pclmulqdq::test::check_against_baseline,success,18.496,380.909725268,240.83164475538186,231.719319049,179.794587264,791.879729682,10,2026-07-10T23:29:43Z,1937625.16
bsan,crc32fast-1.5.0,test::combine,success,18.496,24.7901621036,6.457251178475119,26.968443174500003,8.366627679,29.458923038000002,10,2026-07-10T23:34:23Z,1937625.16
bsan,crc32fast-1.5.0,test::combine_from_len,success,18.496,20.680716698099996,4.317584531320954,22.0269621785,10.198088951,24.38090078,10,2026-07-10T23:37:59Z,1937625.16
bsan,serde_bytes-0.11.19,test,success,25.704,3.6995070825,0.07994275128773026,3.6891131715,3.55311634,3.833309591,10,2026-07-10T22:22:00Z,1937625.17
bsan,serde_bytes-0.11.19,test_byte_buf,success,25.704,3.6398455267000003,0.1287172179088046,3.6120246825,3.524226443,3.949077518,10,2026-07-10T22:22:40Z,1937625.17
bsan,serde_bytes-0.11.19,test_bytearray,success,25.704,3.4530650916000005,0.028114524419598105,3.442930632,3.4313166280000003,3.524901331,10,2026-07-10T22:23:18Z,1937625.17
bsan,serde_bytes-0.11.19,test_bytes,success,25.704,3.4551058601,0.027212119077437823,3.45234127,3.42089238,3.510935825,10,2026-07-10T22:23:56Z,1937625.17
bsan,http-body-1.0.1,is_end_stream_default_false,success,6.723,2.5769866433,0.7842003927138592,2.2403648325,1.9136096930000002,4.182256617,10,2026-07-10T22:21:27Z,1937625.18
bsan,http-body-1.0.1,is_end_stream_true,success,6.723,1.9054479569999998,0.04791637637185731,1.8962882225,1.855942304,2.007007867,10,2026-07-10T22:21:48Z,1937625.18
bsan,atomic-waker-1.1.2,basic,success,80.056,1.9806297009999998,0.02215124671290399,1.972237796,1.95366871,2.026282714,10,2026-07-10T22:22:45Z,1937625.19
bsan,utf8parse-0.2.2,utf8parse_test,success,6.355,3.9972084269000008,0.9541061426991435,3.5470069415000003,3.315829862,6.230320829,10,2026-07-10T22:21:43Z,1937625.20
bsan,ordered-float-5.3.0,test_cmp_panic,success,12.782,2.8400055116,0.08772836908705295,2.7966552074999997,2.758255922,3.015005161,10,2026-07-10T22:21:50Z,1937625.3
bsan,ordered-float-5.3.0,add,success,12.782,2.7063023703000004,0.04779351033694275,2.6844074795,2.664756439,2.812132036,10,2026-07-10T22:22:19Z,1937625.3
bsan,ordered-float-5.3.0,float_consts_equal_inner,success,12.782,2.7087266188000005,0.08688271381614097,2.6777738265,2.6361546330000003,2.929918531,10,2026-07-10T22:22:49Z,1937625.3
bsan,ordered-float-5.3.0,from_ref,success,12.782,2.6026027092,0.013570181583212108,2.605870083,2.5779299,2.627410131,10,2026-07-10T22:23:18Z,1937625.3
bsan,ordered-float-5.3.0,hash_different_nans_to_the_same_hc,success,12.782,2.5963187970999995,0.020624766754978405,2.600291738,2.569982283,2.631064363,10,2026-07-10T22:23:47Z,1937625.3
bsan,ordered-float-5.3.0,hash_inf_and_neg_inf_to_different_hcs,success,12.782,2.5707459193,0.03389283305049001,2.579655613,2.5070197270000003,2.622034014,10,2026-07-10T22:24:15Z,1937625.3
bsan,ordered-float-5.3.0,hash_is_good_for_fractional_numbers,success,12.782,8.6533152694,0.083900860209695,8.660708331,8.438487493,8.732696005,10,2026-07-10T22:25:50Z,1937625.3
bsan,ordered-float-5.3.0,hash_is_good_for_whole_numbers,success,12.782,8.6548831276,0.06260477608509729,8.649018757,8.583963465,8.774811245,10,2026-07-10T22:27:25Z,1937625.3
bsan,ordered-float-5.3.0,hash_zero_and_neg_zero_to_the_same_hc_not_nan32,success,12.782,2.5209765745999997,0.0324841104973875,2.512442902,2.479316673,2.579003123,10,2026-07-10T22:27:53Z,1937625.3
bsan,ordered-float-5.3.0,hash_zero_and_neg_zero_to_the_same_hc_ordered_float64,success,12.782,2.5177493299,0.0243224496227168,2.5155773970000004,2.482514801,2.550661197,10,2026-07-10T22:28:21Z,1937625.3
bsan,ordered-float-5.3.0,not_nan32_bounded,success,12.782,2.5223739395000004,0.015568871289471545,2.5237633485,2.498662873,2.543053083,10,2026-07-10T22:28:49Z,1937625.3
bsan,ordered-float-5.3.0,not_nan32_calculate_correctly,success,12.782,2.5221720887,0.018401529100877327,2.5222067375,2.484998533,2.555039118,10,2026-07-10T22:29:16Z,1937625.3
bsan,ordered-float-5.3.0,not_nan32_compare_regular_floats,success,12.782,2.5146891457000002,0.014646884725390455,2.5196838975,2.492007111,2.537636757,10,2026-07-10T22:29:44Z,1937625.3
bsan,ordered-float-5.3.0,not_nan32_fail_when_constructing_with_nan,success,12.782,2.5129096058,0.02359016789050541,2.5211847915,2.464714003,2.547745823,10,2026-07-10T22:30:12Z,1937625.3
bsan,ordered-float-5.3.0,not_nan32_from_primitive,success,12.782,2.5044173357000004,0.02940821412418092,2.5160915945,2.454474494,2.535285375,10,2026-07-10T22:30:39Z,1937625.3
bsan,ordered-float-5.3.0,not_nan32_num,success,12.782,2.5369963604,0.026655286674884923,2.540638631,2.496387307,2.584051193,10,2026-07-10T22:31:07Z,1937625.3
bsan,ordered-float-5.3.0,not_nan32_num_cast,success,12.782,2.5140880619,0.03431469330275499,2.5204927,2.441346598,2.563874043,10,2026-07-10T22:31:35Z,1937625.3
bsan,ordered-float-5.3.0,not_nan32_one,success,12.782,2.5336303614000006,0.023543890591158967,2.528433315,2.501759881,2.572415616,10,2026-07-10T22:32:03Z,1937625.3
bsan,ordered-float-5.3.0,not_nan32_signed,success,12.782,2.5435090035999997,0.027115394230414595,2.531129517,2.511318332,2.60431957,10,2026-07-10T22:32:31Z,1937625.3
bsan,ordered-float-5.3.0,not_nan32_to_primitive,success,12.782,2.5264165898000006,0.020670896400602642,2.529039987,2.486681892,2.550791531,10,2026-07-10T22:32:59Z,1937625.3
bsan,ordered-float-5.3.0,not_nan32_zero,success,12.782,2.5194512385999994,0.024859581058331717,2.5211355555,2.462841223,2.554881738,10,2026-07-10T22:33:26Z,1937625.3
bsan,ordered-float-5.3.0,not_nan64_bounded,success,12.782,2.5320827934,0.027737441669496706,2.5304948775,2.492332492,2.597066716,10,2026-07-10T22:33:54Z,1937625.3
bsan,ordered-float-5.3.0,not_nan64_calculate_correctly,success,12.782,2.5349136191000006,0.01995598380495544,2.5357391925000003,2.508496637,2.566658702,10,2026-07-10T22:34:22Z,1937625.3
bsan,ordered-float-5.3.0,not_nan64_compare_regular_floats,success,12.782,2.5203137457,0.028068628331556086,2.5202320525,2.470909998,2.559384113,10,2026-07-10T22:34:50Z,1937625.3
bsan,ordered-float-5.3.0,not_nan64_fail_when_constructing_with_nan,success,12.782,2.5454764934,0.012701107192110879,2.549286908,2.52198554,2.561808673,10,2026-07-10T22:35:18Z,1937625.3
bsan,ordered-float-5.3.0,not_nan64_from_primitive,success,12.782,2.5287794595,0.03234724808733515,2.5249238810000003,2.483554033,2.595533473,10,2026-07-10T22:35:46Z,1937625.3
bsan,ordered-float-5.3.0,not_nan64_num,success,12.782,2.5060975705999997,0.03268238949632966,2.5018294494999997,2.464961042,2.559585805,10,2026-07-10T22:36:13Z,1937625.3
bsan,ordered-float-5.3.0,not_nan64_num_cast,success,12.782,2.4722155848,0.029766019790230667,2.4770107025,2.424403592,2.5116889010000003,10,2026-07-10T22:36:41Z,1937625.3
bsan,ordered-float-5.3.0,not_nan64_one,success,12.782,2.4755029121,0.04063851602733276,2.4813590335000004,2.4104284910000002,2.539267061,10,2026-07-10T22:37:08Z,1937625.3
bsan,ordered-float-5.3.0,not_nan64_signed,success,12.782,2.437821767,0.03198782961516421,2.4440168285,2.380663635,2.485510063,10,2026-07-10T22:37:35Z,1937625.3
bsan,ordered-float-5.3.0,not_nan64_sum_product,success,12.782,2.4762479595,0.04840912032708173,2.478001851,2.405095447,2.573484307,10,2026-07-10T22:38:02Z,1937625.3
bsan,ordered-float-5.3.0,not_nan64_to_primitive,success,12.782,2.4358234247999997,0.0277890160949353,2.4356079465000002,2.392929936,2.474341657,10,2026-07-10T22:38:29Z,1937625.3
bsan,ordered-float-5.3.0,not_nan64_zero,success,12.782,2.4267005314,0.030941099664707056,2.4175408725,2.38899781,2.4805549940000002,10,2026-07-10T22:38:55Z,1937625.3
bsan,ordered-float-5.3.0,not_nan_panic_safety,success,12.782,2.4678682432,0.030025611318298718,2.4590554485,2.428798366,2.528761725,10,2026-07-10T22:39:23Z,1937625.3
bsan,ordered-float-5.3.0,not_nan_usage_in_const_context,success,12.782,2.4438033562,0.038268892792822896,2.4436300324999998,2.392054858,2.531410416,10,2026-07-10T22:39:50Z,1937625.3
bsan,ordered-float-5.3.0,ordered_f32_compare_nan,success,12.782,2.4403466192999996,0.03224063768774117,2.441858832,2.391864581,2.481500087,10,2026-07-10T22:40:16Z,1937625.3
bsan,ordered-float-5.3.0,ordered_f32_compare_nan_op,success,12.782,2.4954986103,0.09151999473731164,2.461242931,2.436683963,2.729725604,10,2026-07-10T22:40:44Z,1937625.3
bsan,ordered-float-5.3.0,ordered_f32_compare_regular_floats,success,12.782,2.4826745217,0.07084813571075689,2.4695880435,2.431637868,2.67365358,10,2026-07-10T22:41:11Z,1937625.3
bsan,ordered-float-5.3.0,ordered_f32_compare_regular_floats_op,success,12.782,2.4628257966,0.038509838088145405,2.4548721325000002,2.415798323,2.559375915,10,2026-07-10T22:41:38Z,1937625.3
bsan,ordered-float-5.3.0,ordered_f32_neg,success,12.782,2.4511632923,0.013417324475170784,2.4500073305,2.428095781,2.4791145070000002,10,2026-07-10T22:42:05Z,1937625.3
bsan,ordered-float-5.3.0,ordered_f64_compare_nan,success,12.782,2.4535423259,0.09094530168371665,2.4390656395,2.3440011800000002,2.689633601,10,2026-07-10T22:42:32Z,1937625.3
bsan,ordered-float-5.3.0,ordered_f64_compare_nan_op,success,12.782,2.4220639114,0.03925231915251579,2.4179606490000003,2.376548046,2.493067694,10,2026-07-10T22:42:59Z,1937625.3
bsan,ordered-float-5.3.0,ordered_f64_compare_regular_floats,success,12.782,2.4180855197,0.05322530286028738,2.4004467815,2.389424912,2.56748953,10,2026-07-10T22:43:26Z,1937625.3
bsan,ordered-float-5.3.0,ordered_f64_compare_regular_floats_op,success,12.782,2.3724083373,0.0452690696159247,2.3709674065,2.307032033,2.451291769,10,2026-07-10T22:43:52Z,1937625.3
bsan,ordered-float-5.3.0,ordered_f64_neg,success,12.782,2.3586668379,0.044454391531750605,2.3504844360000003,2.291886105,2.462386174,10,2026-07-10T22:44:18Z,1937625.3
bsan,ordered-float-5.3.0,test_acos_fails_on_big,success,12.782,2.3483576985,0.034949693216794524,2.3473063955,2.305283832,2.418230038,10,2026-07-10T22:44:43Z,1937625.3
bsan,ordered-float-5.3.0,test_acosh_fails_on_zero,success,12.782,2.3713738652000003,0.02542521326305847,2.3608224125,2.340171421,2.426265166,10,2026-07-10T22:45:10Z,1937625.3
bsan,ordered-float-5.3.0,test_add_assign_fails_on_nan_ref,success,12.782,2.4137745699999997,0.12335489466504561,2.3581843625000003,2.3447865930000003,2.695749662,10,2026-07-10T22:45:36Z,1937625.3
bsan,ordered-float-5.3.0,test_add_fails_on_nan,success,12.782,2.40303004,0.08719099827916046,2.3618031705,2.302271586,2.55786399,10,2026-07-10T22:46:02Z,1937625.3
bsan,ordered-float-5.3.0,test_add_fails_on_nan_ref,success,12.782,2.3883503864,0.06831567824016015,2.377722008,2.319505334,2.566999597,10,2026-07-10T22:46:29Z,1937625.3
bsan,ordered-float-5.3.0,test_add_fails_on_nan_ref_ref,success,12.782,2.4034271818999997,0.08731471952224439,2.3808507545,2.325152761,2.618664387,10,2026-07-10T22:46:55Z,1937625.3
bsan,ordered-float-5.3.0,test_asin_fails_on_big,success,12.782,2.3976547204000003,0.11885714969573553,2.362546921,2.3345963210000003,2.731881514,10,2026-07-10T22:47:21Z,1937625.3
bsan,ordered-float-5.3.0,test_atanh_fails_on_big,success,12.782,2.3906860383999997,0.061274593794556825,2.3595943375,2.348207851,2.534418406,10,2026-07-10T22:47:48Z,1937625.3
bsan,ordered-float-5.3.0,test_cos_fails_on_infinite,success,12.782,2.4345858962999998,0.09318525421737035,2.386256173,2.350223122,2.6090068,10,2026-07-10T22:48:14Z,1937625.3
bsan,ordered-float-5.3.0,test_ln_1p_fails_on_negative,success,12.782,4.8845493256,1.5857702951179884,5.2156738105,2.604383163,6.853703898,10,2026-07-10T22:49:06Z,1937625.3
bsan,ordered-float-5.3.0,test_ln_fails_on_negative,success,12.782,5.3785275358,0.6777584678643517,5.278426403,4.497981594,6.928090354,10,2026-07-10T22:50:05Z,1937625.3
bsan,ordered-float-5.3.0,test_log10_fails_on_negative,success,12.782,5.4503217806,0.7360268106292717,5.4003152055,4.016971129,6.751234564,10,2026-07-10T22:51:06Z,1937625.3
bsan,ordered-float-5.3.0,test_log2_fails_on_negative,success,12.782,5.8316555053000005,0.48561899181861967,5.82833937,5.072241663,6.674279218,10,2026-07-10T22:52:09Z,1937625.3
bsan,ordered-float-5.3.0,test_log_fails_on_negative,success,12.782,6.242508866700001,0.5431439657589813,6.2073048535,5.41338234,7.351444416,10,2026-07-10T22:53:18Z,1937625.3
bsan,ordered-float-5.3.0,test_log_fails_on_negative_base,success,12.782,6.1424927439,1.1629157711896563,6.041014206,4.382836906,8.375510978,10,2026-07-10T22:54:26Z,1937625.3
bsan,ordered-float-5.3.0,test_pow_fails_on_nan,success,12.782,6.359554293300001,0.7934923025331322,6.5135036835,5.114620572,7.641535333,10,2026-07-10T22:55:37Z,1937625.3
bsan,ordered-float-5.3.0,test_pow_works,success,12.782,6.578366258600001,0.8690449852238255,6.7534017424999995,5.171182104,7.7490069340000005,10,2026-07-10T22:56:49Z,1937625.3
bsan,ordered-float-5.3.0,test_powf_fails_on_negative,success,12.782,6.4153607164,1.2415419347736807,6.6396865535,4.67462795,8.601768157,10,2026-07-10T22:57:59Z,1937625.3
bsan,ordered-float-5.3.0,test_product_fails_on_nan,success,12.782,7.164546006299998,1.7741489664994508,6.69906105,5.522574285,11.524838069,10,2026-07-10T22:59:19Z,1937625.3
bsan,ordered-float-5.3.0,test_ref_ref_binop_regression,success,12.782,6.2326536452,0.8707461373330532,6.3748524415,4.617616704,7.595834227,10,2026-07-10T23:00:27Z,1937625.3
bsan,ordered-float-5.3.0,test_sin_cos_fails_on_infinite,success,12.782,6.574012849400001,1.073792603578778,6.465097214,5.146200032,8.39955287,10,2026-07-10T23:01:42Z,1937625.3
bsan,ordered-float-5.3.0,test_sin_fails_on_infinite,success,12.782,6.371441647399999,1.018326728052243,6.1852013965,4.766665339,8.177078172,10,2026-07-10T23:02:53Z,1937625.3
bsan,ordered-float-5.3.0,test_sqrt_fails_on_negative,success,12.782,6.451020312,1.0159176412057116,6.2689386515,4.697975253,8.348278996,10,2026-07-10T23:04:03Z,1937625.3
bsan,ordered-float-5.3.0,test_sum_fails_on_nan,success,12.782,7.034981062399998,1.4947731803736792,6.246189933,5.7448776089999996,10.073695488,10,2026-07-10T23:05:21Z,1937625.3
bsan,ordered-float-5.3.0,test_tan_fails_on_infinite,success,12.782,7.3198089906999995,1.1951924554033362,7.1098041335,5.98653203,9.872658175,10,2026-07-10T23:06:44Z,1937625.3
bsan,ordered-float-5.3.0,test_total_order,success,12.782,6.8038027972999995,1.3065851949588114,7.0277976025,4.696642934,8.851667774,10,2026-07-10T23:07:57Z,1937625.3
bsan,smallvec-1.15.1,tests::drain,success,43.093,1.9889579165,0.08412351861054386,1.9645921140000002,1.9139958350000001,2.216839144,10,2026-07-10T22:22:00Z,1937625.4
bsan,smallvec-1.15.1,tests::drain_forget,success,43.093,1.9302439096000001,0.0513569265699859,1.910513911,1.879601322,2.025027166,10,2026-07-10T22:22:21Z,1937625.4
bsan,smallvec-1.15.1,tests::drain_overflow,success,43.093,1.9324894923000002,0.05857943365375412,1.909464059,1.887377339,2.088952456,10,2026-07-10T22:22:42Z,1937625.4
bsan,smallvec-1.15.1,tests::drain_rev,success,43.093,1.8531374569,0.03224453596019219,1.8357190220000001,1.8266743600000002,1.9149113940000002,10,2026-07-10T22:23:03Z,1937625.4
bsan,smallvec-1.15.1,tests::empty_macro,success,43.093,1.8357450363999999,0.01224327145760601,1.8371113940000001,1.808153619,1.850335183,10,2026-07-10T22:23:23Z,1937625.4
bsan,smallvec-1.15.1,tests::grow_spilled_same_size,success,43.093,1.8433360237999998,0.014319085442535073,1.842307896,1.816181464,1.8677421810000001,10,2026-07-10T22:23:43Z,1937625.4
bsan,smallvec-1.15.1,tests::grow_to_shrink,success,43.093,1.8344884137999997,0.024933650764101405,1.8256868050000001,1.8034987,1.886115301,10,2026-07-10T22:24:04Z,1937625.4
bsan,smallvec-1.15.1,tests::insert_many_panic::panic_early_at_end,success,43.093,1.7904253398,0.03002739701209477,1.786400445,1.748107773,1.849324058,10,2026-07-10T22:24:23Z,1937625.4
bsan,smallvec-1.15.1,tests::insert_many_panic::panic_early_at_start,success,43.093,1.7892526566,0.02714177285618612,1.7797418340000002,1.757677031,1.849846217,10,2026-07-10T22:24:43Z,1937625.4
bsan,smallvec-1.15.1,tests::insert_many_panic::panic_early_in_middle,success,43.093,1.7810554899000004,0.041246334823114586,1.7708750604999999,1.731651556,1.888553391,10,2026-07-10T22:25:03Z,1937625.4
bsan,smallvec-1.15.1,tests::insert_many_panic::panic_late_at_end,success,43.093,1.7896288023,0.029419377102244716,1.782404834,1.7634536820000002,1.849306912,10,2026-07-10T22:25:22Z,1937625.4
bsan,smallvec-1.15.1,tests::insert_many_panic::panic_late_at_start,success,43.093,1.7786422061,0.009005516551876109,1.7791427645,1.761616238,1.792437891,10,2026-07-10T22:25:42Z,1937625.4
bsan,smallvec-1.15.1,tests::into_iter,success,43.093,1.7807439630000002,0.017097575587604313,1.7796527055000002,1.7445768369999999,1.806211372,10,2026-07-10T22:26:01Z,1937625.4
bsan,smallvec-1.15.1,tests::into_iter_drop,success,43.093,1.7866275061999999,0.02196982812750202,1.7871003060000001,1.748781785,1.817644607,10,2026-07-10T22:26:21Z,1937625.4
bsan,smallvec-1.15.1,tests::into_iter_rev,success,43.093,1.7831271085,0.026762461217231123,1.7781769315,1.7574252910000001,1.84461517,10,2026-07-10T22:26:41Z,1937625.4
bsan,smallvec-1.15.1,tests::issue_4,success,43.093,1.7721369792000001,0.033205151195739656,1.7584284375,1.7306535570000001,1.829197706,10,2026-07-10T22:27:00Z,1937625.4
bsan,smallvec-1.15.1,tests::issue_5,success,43.093,1.7732230519,0.015167401541191828,1.7755336515,1.7421681640000002,1.7912489040000001,10,2026-07-10T22:27:20Z,1937625.4
bsan,smallvec-1.15.1,tests::max_dont_panic,success,43.093,1.7829252111999998,0.019023949597857585,1.7802724765,1.7488406300000001,1.819595059,10,2026-07-10T22:27:39Z,1937625.4
bsan,smallvec-1.15.1,tests::max_remove,success,43.093,1.7950899725,0.02584198444278589,1.785601871,1.764357859,1.846709706,10,2026-07-10T22:27:59Z,1937625.4
bsan,smallvec-1.15.1,tests::max_swap_remove,success,43.093,1.8043583507,0.02930628550378178,1.8056945295,1.763897778,1.8581141840000002,10,2026-07-10T22:28:19Z,1937625.4
bsan,smallvec-1.15.1,tests::resumable_extend,success,43.093,1.7844622011999998,0.024450590799511198,1.7826208614999999,1.739229587,1.83025063,10,2026-07-10T22:28:39Z,1937625.4
bsan,smallvec-1.15.1,tests::shrink_to_fit_unspill,success,43.093,1.7868132811,0.012146953799970052,1.7900598955000002,1.763807317,1.800456616,10,2026-07-10T22:28:58Z,1937625.4
bsan,smallvec-1.15.1,tests::test_as_mut,success,43.093,1.7835738409999997,0.01109013788780857,1.7818257785,1.7669367390000001,1.80988419,10,2026-07-10T22:29:18Z,1937625.4
bsan,smallvec-1.15.1,tests::test_as_ref,success,43.093,1.7752555305999997,0.015200632382235348,1.771452022,1.749741385,1.80844353,10,2026-07-10T22:29:37Z,1937625.4
bsan,smallvec-1.15.1,tests::test_borrow,success,43.093,1.7843173763,0.03550601980282702,1.7839328,1.713904527,1.8445114,10,2026-07-10T22:29:57Z,1937625.4
bsan,smallvec-1.15.1,tests::test_borrow_mut,success,43.093,1.7772599154000002,0.010060418567508564,1.776536552,1.762911616,1.794207105,10,2026-07-10T22:30:17Z,1937625.4
bsan,smallvec-1.15.1,tests::test_capacity,success,43.093,1.7803754416,0.029433888964318224,1.7795707200000002,1.747867554,1.84412104,10,2026-07-10T22:30:36Z,1937625.4
bsan,smallvec-1.15.1,tests::test_clone_from,success,43.093,1.8000575820000002,0.024296813744228544,1.7981721565000002,1.7581375600000002,1.8557719760000002,10,2026-07-10T22:30:56Z,1937625.4
bsan,smallvec-1.15.1,tests::test_dedup,success,43.093,1.7776234472000003,0.01454592141082265,1.778338738,1.749865122,1.79590594,10,2026-07-10T22:31:15Z,1937625.4
bsan,smallvec-1.15.1,tests::test_double_spill,success,43.093,1.7933573979,0.035328794273376554,1.7870396885000002,1.751061102,1.864908596,10,2026-07-10T22:31:35Z,1937625.4
bsan,smallvec-1.15.1,tests::test_drop_panic_smallvec,success,43.093,1.7896916836999999,0.02953914485726264,1.7837470465,1.760122352,1.864720782,10,2026-07-10T22:31:55Z,1937625.4
bsan,smallvec-1.15.1,tests::test_eq,success,43.093,1.7984033352000002,0.02201020199709964,1.7911070015,1.769990806,1.830156401,10,2026-07-10T22:32:15Z,1937625.4
bsan,smallvec-1.15.1,tests::test_exact_size_iterator,success,43.093,1.7978039261999998,0.020791165892838144,1.791827223,1.77147329,1.848954443,10,2026-07-10T22:32:35Z,1937625.4
bsan,smallvec-1.15.1,tests::test_extend_from_slice,success,43.093,1.7830821678,0.016724467198304872,1.7893246365,1.7450741459999999,1.802348523,10,2026-07-10T22:32:54Z,1937625.4
bsan,smallvec-1.15.1,tests::test_from,success,43.093,1.7794096862,0.017651678589869744,1.7781916715000001,1.750765308,1.808049255,10,2026-07-10T22:33:14Z,1937625.4
bsan,smallvec-1.15.1,tests::test_from_slice,success,43.093,1.7844226814000002,0.011914491739495083,1.7847500935,1.76402015,1.8037003550000001,10,2026-07-10T22:33:33Z,1937625.4
bsan,smallvec-1.15.1,tests::test_from_vec,success,43.093,1.7980541327999997,0.031431876332045805,1.794806224,1.759457089,1.872598064,10,2026-07-10T22:33:53Z,1937625.4
bsan,smallvec-1.15.1,tests::test_hash,success,43.093,1.7813547304000004,0.017342918278572476,1.778973549,1.753335142,1.800996177,10,2026-07-10T22:34:13Z,1937625.4
bsan,smallvec-1.15.1,tests::test_inline,success,43.093,1.7973397377000002,0.02235422956683401,1.7954427075,1.752067542,1.840693469,10,2026-07-10T22:34:33Z,1937625.4
bsan,smallvec-1.15.1,tests::test_insert_from_slice,success,43.093,1.8001485262000003,0.04603648797167049,1.8006182605,1.741083198,1.90497058,10,2026-07-10T22:34:52Z,1937625.4
bsan,smallvec-1.15.1,tests::test_insert_many,success,43.093,1.7985101192,0.014709646307008068,1.7983891785,1.7657820320000002,1.8186275360000002,10,2026-07-10T22:35:12Z,1937625.4
bsan,smallvec-1.15.1,tests::test_insert_many_long_hint,success,43.093,1.7912487037999998,0.02193296312264093,1.791982384,1.756572721,1.822856098,10,2026-07-10T22:35:32Z,1937625.4
bsan,smallvec-1.15.1,tests::test_insert_many_overflow,success,43.093,1.7660815578000002,0.026700313828723645,1.7613548765,1.717037034,1.8121384040000001,10,2026-07-10T22:35:51Z,1937625.4
bsan,smallvec-1.15.1,tests::test_insert_many_short_hint,success,43.093,1.7715923667000002,0.03744577948422407,1.763166037,1.733503279,1.8607836020000001,10,2026-07-10T22:36:11Z,1937625.4
bsan,smallvec-1.15.1,tests::test_insert_out_of_bounds,success,43.093,1.7787230443000002,0.025064037645675566,1.781281669,1.745312124,1.818716261,10,2026-07-10T22:36:30Z,1937625.4
bsan,smallvec-1.15.1,tests::test_into_inner,success,43.093,1.7656071054000002,0.026071583703571446,1.7663474725000001,1.719965683,1.793788906,10,2026-07-10T22:36:50Z,1937625.4
bsan,smallvec-1.15.1,tests::test_into_iter_as_slice,success,43.093,1.7621661025000002,0.03563977162127265,1.770456051,1.7068707120000002,1.8192937370000002,10,2026-07-10T22:37:09Z,1937625.4
bsan,smallvec-1.15.1,tests::test_into_iter_clone,success,43.093,1.7432685312999996,0.030110106082129884,1.72844887,1.716317148,1.814732422,10,2026-07-10T22:37:28Z,1937625.4
bsan,smallvec-1.15.1,tests::test_into_iter_clone_empty_smallvec,success,43.093,1.7537794812,0.03791425864518867,1.7408340450000002,1.707835687,1.831898776,10,2026-07-10T22:37:48Z,1937625.4
bsan,smallvec-1.15.1,tests::test_into_iter_clone_partially_consumed_iterator,success,43.093,1.7235533864,0.024583721686457415,1.7277382330000002,1.681438114,1.752806363,10,2026-07-10T22:38:07Z,1937625.4
bsan,smallvec-1.15.1,tests::test_into_vec,success,43.093,1.7299928056999998,0.027950151703833626,1.7325432275000001,1.6795196620000001,1.768987905,10,2026-07-10T22:38:26Z,1937625.4
bsan,smallvec-1.15.1,tests::test_invalid_grow,success,43.093,1.7276656191000002,0.027135275325612176,1.720006217,1.68040293,1.773707188,10,2026-07-10T22:38:45Z,1937625.4
bsan,smallvec-1.15.1,tests::test_ord,success,43.093,1.7092055363,0.018949795270086382,1.7043624775000001,1.685593216,1.7421393410000001,10,2026-07-10T22:39:04Z,1937625.4
bsan,smallvec-1.15.1,tests::test_resize,success,43.093,1.7030655292999999,0.01982058845615673,1.7007940300000002,1.675677066,1.736707928,10,2026-07-10T22:39:22Z,1937625.4
bsan,smallvec-1.15.1,tests::test_retain,success,43.093,1.7620844391,0.07583971499790779,1.734880028,1.6905158560000002,1.928025741,10,2026-07-10T22:39:42Z,1937625.4
bsan,smallvec-1.15.1,tests::test_size,success,43.093,1.7191079071999997,0.023405670820412332,1.7184196649999999,1.674102349,1.7524710200000002,10,2026-07-10T22:40:01Z,1937625.4
bsan,smallvec-1.15.1,tests::test_spill,success,43.093,1.7389793632000003,0.054130858446476166,1.722220982,1.696616109,1.885900724,10,2026-07-10T22:40:20Z,1937625.4
bsan,smallvec-1.15.1,tests::test_truncate,success,43.093,1.7370165895,0.016894736422539535,1.7396076655,1.705545432,1.758732845,10,2026-07-10T22:40:39Z,1937625.4
bsan,smallvec-1.15.1,tests::test_with_capacity,success,43.093,1.7412461609,0.037779885785381946,1.7273388994999999,1.709984839,1.821184951,10,2026-07-10T22:40:58Z,1937625.4
bsan,smallvec-1.15.1,tests::test_zero,success,43.093,1.7487006786000001,0.04161982368329108,1.7360915940000001,1.706308586,1.851061319,10,2026-07-10T22:41:17Z,1937625.4
bsan,smallvec-1.15.1,tests::uninhabited,success,43.093,1.7492114501000002,0.019871227311930206,1.743277602,1.7279650480000002,1.791108274,10,2026-07-10T22:41:36Z,1937625.4
bsan,smallvec-1.15.1,tests::zero_size_items,success,43.093,1.7604905805000002,0.03982373748733155,1.7442086780000001,1.7233016810000001,1.850015068,10,2026-07-10T22:41:56Z,1937625.4
bsan,smallvec-1.15.1,smallvec,success,43.093,1.7434803732,0.024454749773498038,1.737977815,1.719044667,1.7990911930000002,10,2026-07-10T22:42:15Z,1937625.4
bsan,pin-project-1.1.13,,build_failed,,,,,,,10,2026-07-10T22:21:05Z,1937625.7
bsan,async-lock-3.4.2,contention,test_failed,22.874,,,,,,10,2026-07-10T22:21:27Z,1937625.8
bsan,async-lock-3.4.2,get_mut,success,22.874,5.4449754747,0.1436616260212167,5.431566442499999,5.27682799,5.702467859,10,2026-07-10T22:22:27Z,1937625.8
bsan,async-lock-3.4.2,into_inner,success,22.874,5.1742250469,0.08581678848945734,5.146227213,5.095718458,5.367561427,10,2026-07-10T22:23:24Z,1937625.8
bsan,async-lock-3.4.2,lifetime,success,22.874,5.0504889539999995,0.08816768084053263,5.062608224,4.9028022060000005,5.144021731,10,2026-07-10T22:24:20Z,1937625.8
bsan,async-lock-3.4.2,smoke,test_failed,22.874,,,,,,10,2026-07-10T22:24:21Z,1937625.8
bsan,async-lock-3.4.2,smoke_arc_blocking,success,22.874,4.9550802071,0.05369189486272714,4.958514837,4.862855846,5.072569486,10,2026-07-10T22:25:16Z,1937625.8
bsan,async-lock-3.4.2,smoke_blocking,test_failed,22.874,,,,,,10,2026-07-10T22:25:18Z,1937625.8
bsan,async-lock-3.4.2,try_lock,success,22.874,4.9247333493,0.0292985436483875,4.9155329365,4.89181553,4.971685363,10,2026-07-10T22:26:12Z,1937625.8
bsan,async-lock-3.4.2,yields_when_contended,test_failed,22.874,,,,,,10,2026-07-10T22:26:15Z,1937625.8
bsan,async-lock-3.4.2,arc_rwlock_refcounts,success,22.874,4.9569265146,0.06042050367929265,4.9509605965,4.877739624,5.037150147,10,2026-07-10T22:27:10Z,1937625.8
bsan,async-lock-3.4.2,cancellation,success,22.874,4.946459828499999,0.05171041850618344,4.955617119,4.836082683,5.033504187,10,2026-07-10T22:28:04Z,1937625.8
bsan,async-lock-3.4.2,into_inner_and_drop,success,22.874,4.9362070998,0.042558080113485844,4.942354722,4.843896601,4.993709603,10,2026-07-10T22:28:58Z,1937625.8
bsan,async-lock-3.4.2,not_upgrade,success,22.874,4.9215207139,0.04011665807859339,4.9387290505,4.86555499,4.969944111,10,2026-07-10T22:29:53Z,1937625.8
bsan,async-lock-3.4.2,not_upgrade_arc,success,22.874,4.9438824399,0.06073611252894618,4.934852655,4.882466631,5.084121432,10,2026-07-10T22:30:47Z,1937625.8
bsan,async-lock-3.4.2,try_write,success,22.874,4.9337440994,0.04124129401024848,4.9381906645,4.871289947,4.99707428,10,2026-07-10T22:31:41Z,1937625.8
bsan,async-lock-3.4.2,upgradable_with_concurrent_writer,test_failed,22.874,,,,,,10,2026-07-10T22:31:46Z,1937625.8
bsan,async-lock-3.4.2,upgradable_with_concurrent_writer_arc,test_failed,22.874,,,,,,10,2026-07-10T22:31:50Z,1937625.8
bsan,async-lock-3.4.2,upgrade,success,22.874,4.9816601429,0.03767168217983692,4.9813273989999995,4.930148462,5.037873337,10,2026-07-10T22:32:45Z,1937625.8
bsan,async-lock-3.4.2,upgrade_arc,success,22.874,4.960094396400001,0.02552861731087679,4.9528968055,4.932817958,5.000374662,10,2026-07-10T22:33:39Z,1937625.8
bsan,async-lock-3.4.2,writer_and_readers,test_failed,22.874,,,,,,10,2026-07-10T22:33:43Z,1937625.8
bsan,async-lock-3.4.2,writer_and_readers_arc,test_failed,22.874,,,,,,10,2026-07-10T22:33:48Z,1937625.8
bsan,async-lock-3.4.2,yields_when_contended_arc,test_failed,22.874,,,,,,10,2026-07-10T22:33:52Z,1937625.8
bsan,async-lock-3.4.2,add_permits,test_failed,22.874,,,,,,10,2026-07-10T22:33:57Z,1937625.8
bsan,async-lock-3.4.2,add_permits_2,test_failed,22.874,,,,,,10,2026-07-10T22:34:02Z,1937625.8
bsan,async-lock-3.4.2,as_mutex,success,22.874,4.977977900499999,0.04217877465727292,4.979271785,4.92744423,5.05914408,10,2026-07-10T22:34:57Z,1937625.8
bsan,async-lock-3.4.2,multi_resource,success,22.874,4.959235615,0.04501946929300035,4.9802987640000005,4.889012075,5.009704698,10,2026-07-10T22:35:51Z,1937625.8
bsan,async-lock-3.4.2,stress,test_failed,22.874,,,,,,10,2026-07-10T22:35:57Z,1937625.8
bsan,async-lock-3.4.2,try_acquire,success,22.874,4.8818578745000005,0.05141809951406432,4.8706162715,4.788367887,4.963523295,10,2026-07-10T22:36:51Z,1937625.8
bsan,tracing-core-0.1.36,dispatcher::test::default_dispatch,success,10.651,5.561001545999999,0.45604574222586214,5.4095877735,5.178838919,6.785588431,10,2026-07-10T22:22:09Z,1937625.9
bsan,tracing-core-0.1.36,dispatcher::test::default_no_subscriber,success,10.651,5.1984934755,0.25036302239577346,5.150317451499999,5.009658659,5.8652108,10,2026-07-10T22:23:06Z,1937625.9
bsan,tracing-core-0.1.36,dispatcher::test::dispatch_downcasts,success,10.651,5.024156258800001,0.02518693974465834,5.022944573,4.9814742260000004,5.058984164,10,2026-07-10T22:24:01Z,1937625.9
bsan,tracing-core-0.1.36,dispatcher::test::dispatch_is,success,10.651,4.8479694816,0.0397617385003524,4.8477145145,4.767168813,4.912572624,10,2026-07-10T22:24:55Z,1937625.9
bsan,tracing-core-0.1.36,dispatcher::test::events_dont_infinite_loop,success,10.651,4.855696023399998,0.04559154926904621,4.8500604835,4.794935429,4.958978659,10,2026-07-10T22:25:48Z,1937625.9
bsan,tracing-core-0.1.36,dispatcher::test::spans_dont_infinite_loop,success,10.651,4.8591773558,0.03361453813471595,4.861220509000001,4.775006746,4.89436767,10,2026-07-10T22:26:42Z,1937625.9
bsan,tracing-core-0.1.36,field::test::empty_fields_are_skipped,success,10.651,4.8439209531000005,0.053202913272473895,4.858450745500001,4.748542219,4.914041413,10,2026-07-10T22:27:35Z,1937625.9
bsan,tracing-core-0.1.36,field::test::empty_value_set_is_empty,success,10.651,4.8688997664,0.052957978749705155,4.860619249,4.816477752,4.982856024,10,2026-07-10T22:28:28Z,1937625.9
bsan,tracing-core-0.1.36,field::test::fields_from_other_callsets_are_skipped,success,10.651,4.8832894169,0.03661595270156986,4.875753984999999,4.834627919,4.93754371,10,2026-07-10T22:29:22Z,1937625.9
bsan,tracing-core-0.1.36,field::test::index_of_field_in_fieldset_is_correct,success,10.651,4.847781084700001,0.030038768885774416,4.856808655,4.7746607260000005,4.876229235,10,2026-07-10T22:30:15Z,1937625.9
bsan,tracing-core-0.1.36,field::test::record_bytes,success,10.651,4.861117480300001,0.042573961425738986,4.8658172545,4.777424295,4.912733627,10,2026-07-10T22:31:09Z,1937625.9
bsan,tracing-core-0.1.36,field::test::record_debug_fn,success,10.651,4.8628330432,0.03492373453300632,4.865598994,4.801967479,4.918400892,10,2026-07-10T22:32:02Z,1937625.9
bsan,tracing-core-0.1.36,field::test::record_error,success,10.651,4.9078173569,0.03028995260740349,4.897749882499999,4.879344307,4.985568626,10,2026-07-10T22:32:57Z,1937625.9
bsan,tracing-core-0.1.36,field::test::sparse_value_sets_are_not_empty,success,10.651,4.8991388233,0.057366596031780945,4.8848742365,4.82720675,5.033674299,10,2026-07-10T22:33:50Z,1937625.9
bsan,tracing-core-0.1.36,field::test::value_set_with_no_values_is_empty,success,10.651,4.9040504800999996,0.04628988488503039,4.886029427,4.8436831730000005,4.981383612,10,2026-07-10T22:34:44Z,1937625.9
bsan,tracing-core-0.1.36,field::test::value_sets_with_fields_from_other_callsites_are_empty,success,10.651,4.8952166861999995,0.02911062402944901,4.891680714,4.850355103,4.934327321,10,2026-07-10T22:35:38Z,1937625.9
bsan,tracing-core-0.1.36,metadata::tests::filter_level_conversion,success,10.651,4.8186612454999995,0.04240032229145666,4.8299613835,4.743184146,4.859451534,10,2026-07-10T22:36:31Z,1937625.9
bsan,tracing-core-0.1.36,metadata::tests::level_filter_is_usize_sized,success,10.651,4.777525622400001,0.055598753335304986,4.754761833,4.730367653,4.876024658,10,2026-07-10T22:37:24Z,1937625.9
bsan,tracing-core-0.1.36,metadata::tests::level_filter_reprs,test_failed,10.651,,,,,,10,2026-07-10T22:37:25Z,1937625.9
bsan,tracing-core-0.1.36,metadata::tests::level_from_str,success,10.651,4.7505883871000005,0.05395801708892156,4.752959384,4.642572518,4.850119024,10,2026-07-10T22:38:17Z,1937625.9
bsan,tracing-core-0.1.36,nested_set_default,success,10.651,4.6902909056999995,0.06921741882772864,4.673221671,4.6132477000000005,4.854873263,10,2026-07-10T22:39:08Z,1937625.9
bsan,tracing-core-0.1.36,set_default_dispatch,success,10.651,4.68205611,0.039736358181845136,4.6732257895,4.630346338,4.748735549,10,2026-07-10T22:40:00Z,1937625.9
bsan,tracing-core-0.1.36,global_dispatch,success,10.651,4.7311660689999995,0.04633667884376109,4.736488554499999,4.648276733,4.779959182,10,2026-07-10T22:40:52Z,1937625.9
bsan,tracing-core-0.1.36,local_dispatch_before_init,success,10.651,4.787167762200001,0.05153442759397,4.7833446525,4.720743169,4.881880774,10,2026-07-10T22:41:45Z,1937625.9
bsan,tracing-core-0.1.36,metadata_macro_api,success,10.651,4.7062921847000005,0.07729894681780453,4.697063834,4.605828604,4.851275344,10,2026-07-10T22:42:36Z,1937625.9
bsan,tracing-core-0.1.36,event_before_register,success,10.651,4.6540524596,0.030884508044076588,4.658998091,4.588889602,4.69964838,10,2026-07-10T22:43:28Z,1937625.9
bsan,byteorder-1.5.0,test::regression173_array_impl,success,23.667,1.1553781608000002,0.014345945159622724,1.158098638,1.130532864,1.176937015,10,2026-07-10T22:38:05Z,1937626.0
bsan,byteorder-1.5.0,test::slice_len_too_big_i128::read_big_endian,success,23.667,1.1663720645,0.010284588653859235,1.166173833,1.1476129880000001,1.182793936,10,2026-07-10T22:38:18Z,1937626.0
bsan,byteorder-1.5.0,test::slice_len_too_big_i128::read_little_endian,success,23.667,1.1537456338999998,0.015248283885620427,1.151439879,1.133071822,1.173545784,10,2026-07-10T22:38:30Z,1937626.0
bsan,byteorder-1.5.0,test::slice_len_too_big_i128::read_native_endian,success,23.667,1.1717567726,0.01088279755026339,1.172938431,1.150130535,1.1856521500000001,10,2026-07-10T22:38:43Z,1937626.0
bsan,byteorder-1.5.0,test::slice_len_too_big_i128::write_big_endian,success,23.667,1.1691502752000003,0.014432292113907676,1.165291157,1.154589824,1.203437576,10,2026-07-10T22:38:56Z,1937626.0
bsan,byteorder-1.5.0,test::slice_len_too_big_i128::write_little_endian,success,23.667,1.1552700272999998,0.0168709344305569,1.158086424,1.122680972,1.183237994,10,2026-07-10T22:39:09Z,1937626.0
bsan,byteorder-1.5.0,test::slice_len_too_big_i128::write_native_endian,success,23.667,1.1522991969,0.015658976498553356,1.154521269,1.12538025,1.180130464,10,2026-07-10T22:39:21Z,1937626.0
bsan,byteorder-1.5.0,test::slice_len_too_big_i16::read_big_endian,success,23.667,1.1483400024000001,0.012080966157775232,1.152360274,1.115959504,1.156939444,10,2026-07-10T22:39:34Z,1937626.0
bsan,byteorder-1.5.0,test::slice_len_too_big_i16::read_little_endian,success,23.667,1.149735197,0.011528920161742279,1.1520614134999998,1.130866479,1.168798549,10,2026-07-10T22:39:47Z,1937626.0
bsan,byteorder-1.5.0,test::slice_len_too_big_i16::read_native_endian,success,23.667,1.1422829559,0.012636441755902198,1.1408769115,1.121936893,1.164795725,10,2026-07-10T22:39:59Z,1937626.0
bsan,byteorder-1.5.0,test::slice_len_too_big_i16::write_big_endian,success,23.667,1.1402889716,0.011802064560109893,1.1407566865,1.126029133,1.159755303,10,2026-07-10T22:40:12Z,1937626.0
bsan,byteorder-1.5.0,test::slice_len_too_big_i16::write_little_endian,success,23.667,1.1406997278000002,0.013030450524097539,1.141462486,1.122576899,1.165932921,10,2026-07-10T22:40:24Z,1937626.0
bsan,byteorder-1.5.0,test::slice_len_too_big_i16::write_native_endian,success,23.667,1.1420222094999999,0.007746377893978311,1.143516418,1.122948244,1.14893202,10,2026-07-10T22:40:37Z,1937626.0
bsan,byteorder-1.5.0,test::slice_len_too_big_i32::read_big_endian,success,23.667,1.1321146832,0.00476514301396639,1.1322201205,1.124544462,1.140420599,10,2026-07-10T22:40:50Z,1937626.0
bsan,byteorder-1.5.0,test::slice_len_too_big_i32::read_little_endian,success,23.667,1.1250238165000002,0.011345787591949399,1.124395942,1.102674173,1.139107994,10,2026-07-10T22:41:02Z,1937626.0
bsan,byteorder-1.5.0,test::slice_len_too_big_i32::read_native_endian,success,23.667,1.1262782527,0.01524024804384383,1.1239593275,1.104560113,1.153913606,10,2026-07-10T22:41:14Z,1937626.0
bsan,byteorder-1.5.0,test::slice_len_too_big_i32::write_big_endian,success,23.667,1.1242424819999999,0.010486944460227503,1.1266905635,1.104979443,1.137351065,10,2026-07-10T22:41:27Z,1937626.0
bsan,byteorder-1.5.0,test::slice_len_too_big_i32::write_little_endian,success,23.667,1.1229079730999998,0.009665078133760073,1.1196142005,1.109681956,1.142266161,10,2026-07-10T22:41:39Z,1937626.0
bsan,byteorder-1.5.0,test::slice_len_too_big_i32::write_native_endian,success,23.667,1.1139569462000003,0.006965389112557205,1.1118034495,1.106557603,1.124345215,10,2026-07-10T22:41:51Z,1937626.0
bsan,byteorder-1.5.0,test::slice_len_too_big_i64::read_big_endian,success,23.667,1.1196939385,0.009290654644563376,1.1176913035,1.106632011,1.137836794,10,2026-07-10T22:42:04Z,1937626.0
bsan,byteorder-1.5.0,test::slice_len_too_big_i64::read_little_endian,success,23.667,1.1249856778000002,0.007650031179927267,1.124102361,1.11329785,1.137208201,10,2026-07-10T22:42:16Z,1937626.0
bsan,byteorder-1.5.0,test::slice_len_too_big_i64::read_native_endian,success,23.667,1.1123592246,0.008734643565406002,1.1117437685,1.099115024,1.126656375,10,2026-07-10T22:42:28Z,1937626.0
bsan,byteorder-1.5.0,test::slice_len_too_big_i64::write_big_endian,success,23.667,1.1117112126000002,0.008072718014218612,1.114471101,1.099675614,1.122395305,10,2026-07-10T22:42:40Z,1937626.0
bsan,byteorder-1.5.0,test::slice_len_too_big_i64::write_little_endian,success,23.667,1.1134672284,0.008613625249655197,1.1109425210000001,1.098285402,1.126208916,10,2026-07-10T22:42:53Z,1937626.0
bsan,byteorder-1.5.0,test::slice_len_too_big_i64::write_native_endian,success,23.667,1.1097393216999998,0.010410640762126767,1.1074008370000001,1.092872321,1.129421946,10,2026-07-10T22:43:05Z,1937626.0
bsan,byteorder-1.5.0,test::slice_len_too_big_u128::read_big_endian,success,23.667,1.1109940050999998,0.010861705038384944,1.1095001409999998,1.09166499,1.131816442,10,2026-07-10T22:43:17Z,1937626.0
bsan,byteorder-1.5.0,test::slice_len_too_big_u128::read_little_endian,success,23.667,1.107155273,0.013208106699291533,1.1088947569999998,1.086011544,1.133515487,10,2026-07-10T22:43:29Z,1937626.0
bsan,byteorder-1.5.0,test::slice_len_too_big_u128::read_native_endian,success,23.667,1.1053227073000003,0.010908641507806136,1.1051319065,1.083556749,1.126694986,10,2026-07-10T22:43:42Z,1937626.0
bsan,byteorder-1.5.0,test::slice_len_too_big_u128::write_big_endian,success,23.667,1.0988925769000002,0.008952822993393235,1.100467525,1.08566035,1.110176068,10,2026-07-10T22:43:54Z,1937626.0
bsan,byteorder-1.5.0,test::slice_len_too_big_u128::write_little_endian,success,23.667,1.1036332337999997,0.008596193802098522,1.103999706,1.087810219,1.118419772,10,2026-07-10T22:44:06Z,1937626.0
bsan,byteorder-1.5.0,test::slice_len_too_big_u128::write_native_endian,success,23.667,1.1024732664,0.011986118013208062,1.0957793325,1.0926679400000001,1.124469526,10,2026-07-10T22:44:18Z,1937626.0
bsan,byteorder-1.5.0,test::slice_len_too_big_u16::read_big_endian,success,23.667,1.1117288623000001,0.013498733531273382,1.1121362394999998,1.090125475,1.134348652,10,2026-07-10T22:44:30Z,1937626.0
bsan,byteorder-1.5.0,test::slice_len_too_big_u16::read_little_endian,success,23.667,1.0989724660999998,0.015901438674479584,1.0958688705,1.080626837,1.135024748,10,2026-07-10T22:44:42Z,1937626.0
bsan,byteorder-1.5.0,test::slice_len_too_big_u16::read_native_endian,success,23.667,1.0994729513000001,0.010414267611210944,1.0986920415,1.085903791,1.119678457,10,2026-07-10T22:44:54Z,1937626.0
bsan,byteorder-1.5.0,test::slice_len_too_big_u16::write_big_endian,success,23.667,1.0886996623,0.012627860101223753,1.0893332685,1.065954196,1.107375102,10,2026-07-10T22:45:06Z,1937626.0
bsan,byteorder-1.5.0,test::slice_len_too_big_u16::write_little_endian,success,23.667,1.0834937224,0.0065474570240296025,1.0838806815000002,1.070611993,1.094353498,10,2026-07-10T22:45:18Z,1937626.0
bsan,byteorder-1.5.0,test::slice_len_too_big_u16::write_native_endian,success,23.667,1.0945932825000002,0.008391437198587154,1.092142179,1.082806609,1.112351853,10,2026-07-10T22:45:30Z,1937626.0
bsan,byteorder-1.5.0,test::slice_len_too_big_u32::read_big_endian,success,23.667,1.0866950020000001,0.011341629507490255,1.084567042,1.070742485,1.108539057,10,2026-07-10T22:45:42Z,1937626.0
bsan,byteorder-1.5.0,test::slice_len_too_big_u32::read_little_endian,success,23.667,1.0787515414000002,0.015151265855029178,1.074093697,1.057648316,1.104390503,10,2026-07-10T22:45:54Z,1937626.0
bsan,byteorder-1.5.0,test::slice_len_too_big_u32::read_native_endian,success,23.667,1.0871972189,0.016167792664944152,1.091972747,1.061216003,1.109069563,10,2026-07-10T22:46:06Z,1937626.0
bsan,byteorder-1.5.0,test::slice_len_too_big_u32::write_big_endian,success,23.667,1.073838873,0.006578463460809654,1.0736501834999999,1.065768026,1.084474199,10,2026-07-10T22:46:18Z,1937626.0
bsan,byteorder-1.5.0,test::slice_len_too_big_u32::write_little_endian,success,23.667,1.0645275028,0.01744423613217298,1.0660275345,1.035452005,1.091902697,10,2026-07-10T22:46:30Z,1937626.0
bsan,byteorder-1.5.0,test::slice_len_too_big_u32::write_native_endian,success,23.667,1.0689524419,0.012132064564950976,1.0674728789999999,1.054432943,1.095876417,10,2026-07-10T22:46:41Z,1937626.0
bsan,byteorder-1.5.0,test::slice_len_too_big_u64::read_big_endian,success,23.667,1.0707437136000002,0.014401570888680269,1.066450893,1.052981189,1.0927775,10,2026-07-10T22:46:53Z,1937626.0
bsan,byteorder-1.5.0,test::slice_len_too_big_u64::read_little_endian,success,23.667,1.0707035161000003,0.010791759633806759,1.0706135475,1.050803803,1.085302408,10,2026-07-10T22:47:05Z,1937626.0
bsan,byteorder-1.5.0,test::slice_len_too_big_u64::read_native_endian,success,23.667,1.0679665000000003,0.013438163618823062,1.065786461,1.046158783,1.099258809,10,2026-07-10T22:47:17Z,1937626.0
bsan,byteorder-1.5.0,test::slice_len_too_big_u64::write_big_endian,success,23.667,1.0688825614000002,0.005838812797656282,1.0701101125,1.059161333,1.07917072,10,2026-07-10T22:47:29Z,1937626.0
bsan,byteorder-1.5.0,test::slice_len_too_big_u64::write_little_endian,success,23.667,1.0686096152000002,0.014494414396312678,1.069760108,1.044811524,1.093190284,10,2026-07-10T22:47:40Z,1937626.0
bsan,byteorder-1.5.0,test::slice_len_too_big_u64::write_native_endian,success,23.667,1.0670106799999999,0.01138430126145472,1.0678972705,1.048902257,1.080430359,10,2026-07-10T22:47:52Z,1937626.0
bsan,byteorder-1.5.0,test::slice_len_too_small_i128::read_big_endian,success,23.667,1.0748209164000002,0.011188758676906213,1.0724612295,1.061216323,1.095952732,10,2026-07-10T22:48:04Z,1937626.0
bsan,byteorder-1.5.0,test::slice_len_too_small_i128::read_little_endian,success,23.667,1.0649125752000002,0.006949749846215534,1.062265747,1.05490071,1.077777568,10,2026-07-10T22:48:16Z,1937626.0
bsan,byteorder-1.5.0,test::slice_len_too_small_i128::read_native_endian,success,23.667,1.0596017053,0.015852129647616484,1.0581895970000001,1.041070269,1.091758808,10,2026-07-10T22:48:27Z,1937626.0
bsan,byteorder-1.5.0,test::slice_len_too_small_i128::write_big_endian,success,23.667,1.059859028,0.009201599671346114,1.0596356515,1.046165578,1.075934233,10,2026-07-10T22:48:39Z,1937626.0
bsan,byteorder-1.5.0,test::slice_len_too_small_i128::write_little_endian,success,23.667,1.0766645439000002,0.014227763324716244,1.0728387535000001,1.061638412,1.106502538,10,2026-07-10T22:48:51Z,1937626.0
bsan,byteorder-1.5.0,test::slice_len_too_small_i128::write_native_endian,success,23.667,1.055473483,0.010657728999319386,1.0571945545,1.039227651,1.067931447,10,2026-07-10T22:49:02Z,1937626.0
bsan,byteorder-1.5.0,test::slice_len_too_small_i16::read_big_endian,success,23.667,1.0584261741,0.011863846185458873,1.055954223,1.04453264,1.086774773,10,2026-07-10T22:49:14Z,1937626.0
bsan,byteorder-1.5.0,test::slice_len_too_small_i16::read_little_endian,success,23.667,1.0555514737,0.007771657062276784,1.0581827355,1.040541005,1.066824523,10,2026-07-10T22:49:26Z,1937626.0
bsan,byteorder-1.5.0,test::slice_len_too_small_i16::read_native_endian,success,23.667,1.0531003379,0.014137825481794859,1.052463476,1.035364389,1.073719572,10,2026-07-10T22:49:37Z,1937626.0
bsan,byteorder-1.5.0,test::slice_len_too_small_i16::write_big_endian,success,23.667,1.0534405596,0.01781674084263136,1.0543241705000002,1.027148429,1.07783769,10,2026-07-10T22:49:49Z,1937626.0
bsan,byteorder-1.5.0,test::slice_len_too_small_i16::write_little_endian,success,23.667,1.0597144885999996,0.009205658015741712,1.0581585654999999,1.048679128,1.074241527,10,2026-07-10T22:50:01Z,1937626.0
bsan,byteorder-1.5.0,test::slice_len_too_small_i16::write_native_endian,success,23.667,1.0642195046,0.014355120945393802,1.063740422,1.044214856,1.097308849,10,2026-07-10T22:50:12Z,1937626.0
bsan,byteorder-1.5.0,test::slice_len_too_small_i32::read_big_endian,success,23.667,1.0521513083,0.012304764654425307,1.0535611354999999,1.032395553,1.068964322,10,2026-07-10T22:50:24Z,1937626.0
bsan,byteorder-1.5.0,test::slice_len_too_small_i32::read_little_endian,success,23.667,1.0576118512000001,0.014042198099398322,1.0550033005000001,1.042439777,1.091130949,10,2026-07-10T22:50:36Z,1937626.0
bsan,byteorder-1.5.0,test::slice_len_too_small_i32::read_native_endian,success,23.667,1.0575042158,0.011523060664100223,1.0547944729999998,1.040661415,1.081196796,10,2026-07-10T22:50:47Z,1937626.0
bsan,byteorder-1.5.0,test::slice_len_too_small_i32::write_big_endian,success,23.667,1.0570218737,0.012762133237928769,1.06169563,1.035567549,1.069117841,10,2026-07-10T22:50:59Z,1937626.0
bsan,byteorder-1.5.0,test::slice_len_too_small_i32::write_little_endian,success,23.667,1.0549389432,0.00632452500502334,1.0560553925,1.044946805,1.063398192,10,2026-07-10T22:51:11Z,1937626.0
bsan,byteorder-1.5.0,test::slice_len_too_small_i32::write_native_endian,success,23.667,1.0560819107000001,0.009849093285348762,1.057524599,1.039270022,1.069707108,10,2026-07-10T22:51:22Z,1937626.0
bsan,byteorder-1.5.0,test::slice_len_too_small_i64::read_big_endian,success,23.667,1.0481133314000002,0.007906267540072242,1.047182491,1.034428199,1.061424583,10,2026-07-10T22:51:34Z,1937626.0
bsan,byteorder-1.5.0,test::slice_len_too_small_i64::read_little_endian,success,23.667,1.0452546238,0.021197419129433306,1.0379939450000002,1.024554898,1.085054995,10,2026-07-10T22:51:45Z,1937626.0
bsan,byteorder-1.5.0,test::slice_len_too_small_i64::read_native_endian,success,23.667,1.0278590513,0.01206591812696769,1.032185481,1.004009376,1.038842428,10,2026-07-10T22:51:57Z,1937626.0
bsan,byteorder-1.5.0,test::slice_len_too_small_i64::write_big_endian,success,23.667,1.0395036550999999,0.01071685964289071,1.0380122925,1.028859795,1.065455803,10,2026-07-10T22:52:08Z,1937626.0
bsan,byteorder-1.5.0,test::slice_len_too_small_i64::write_little_endian,success,23.667,1.036792235,0.0093355456771157,1.040199635,1.017900286,1.049579714,10,2026-07-10T22:52:19Z,1937626.0
bsan,byteorder-1.5.0,test::slice_len_too_small_i64::write_native_endian,success,23.667,1.0374042279000002,0.011337994259453123,1.0410712885,1.017664785,1.052049093,10,2026-07-10T22:52:31Z,1937626.0
bsan,byteorder-1.5.0,test::slice_len_too_small_u128::read_big_endian,success,23.667,1.0293475008999997,0.011008562077180085,1.0247789075,1.016791679,1.046274107,10,2026-07-10T22:52:42Z,1937626.0
bsan,byteorder-1.5.0,test::slice_len_too_small_u128::read_little_endian,success,23.667,1.0290715742,0.006917775495027951,1.0296609925,1.015631155,1.037370276,10,2026-07-10T22:52:54Z,1937626.0
bsan,byteorder-1.5.0,test::slice_len_too_small_u128::read_native_endian,success,23.667,1.0316737575000001,0.01594596757364623,1.0303268724999999,1.003949026,1.054073906,10,2026-07-10T22:53:05Z,1937626.0
bsan,byteorder-1.5.0,test::slice_len_too_small_u128::write_big_endian,success,23.667,1.0321476294,0.010919020378660677,1.0325873285,1.005564163,1.044267712,10,2026-07-10T22:53:16Z,1937626.0
bsan,byteorder-1.5.0,test::slice_len_too_small_u128::write_little_endian,success,23.667,1.0325190262000001,0.017428227153778897,1.0294340945,1.010603798,1.071612458,10,2026-07-10T22:53:28Z,1937626.0
bsan,byteorder-1.5.0,test::slice_len_too_small_u128::write_native_endian,success,23.667,1.0316519033999998,0.014115357550666415,1.033824221,1.013785186,1.05008868,10,2026-07-10T22:53:39Z,1937626.0
bsan,byteorder-1.5.0,test::slice_len_too_small_u16::read_big_endian,success,23.667,1.0300893064,0.016211269200931872,1.032172569,0.995595804,1.052164986,10,2026-07-10T22:53:50Z,1937626.0
bsan,byteorder-1.5.0,test::slice_len_too_small_u16::read_little_endian,success,23.667,1.0174130383,0.012494501090557436,1.0178868325,0.9997600390000001,1.034492528,10,2026-07-10T22:54:02Z,1937626.0
bsan,byteorder-1.5.0,test::slice_len_too_small_u16::read_native_endian,success,23.667,1.0188492772,0.01818528413321017,1.0229828245,0.995409796,1.053963839,10,2026-07-10T22:54:13Z,1937626.0
bsan,byteorder-1.5.0,test::slice_len_too_small_u16::write_big_endian,success,23.667,1.0105623283,0.021842989719331473,1.005297283,0.9858704210000001,1.04769293,10,2026-07-10T22:54:24Z,1937626.0
bsan,byteorder-1.5.0,test::slice_len_too_small_u16::write_little_endian,success,23.667,1.0096131445999998,0.013911211938795139,1.009275815,0.9856501710000001,1.037692061,10,2026-07-10T22:54:35Z,1937626.0
bsan,byteorder-1.5.0,test::slice_len_too_small_u16::write_native_endian,success,23.667,1.0153566905,0.01800236973560816,1.015336704,0.9906668040000001,1.041885045,10,2026-07-10T22:54:46Z,1937626.0
bsan,byteorder-1.5.0,test::slice_len_too_small_u32::read_big_endian,success,23.667,1.0155361583000002,0.014461522346084277,1.0145202395,0.9959449530000001,1.034812531,10,2026-07-10T22:54:57Z,1937626.0
bsan,byteorder-1.5.0,test::slice_len_too_small_u32::read_little_endian,success,23.667,1.0201792390000002,0.019702315483206303,1.014961124,0.9960530400000001,1.07111521,10,2026-07-10T22:55:09Z,1937626.0
bsan,byteorder-1.5.0,test::slice_len_too_small_u32::read_native_endian,success,23.667,1.0156797895,0.0115443556153671,1.017419799,1.002618924,1.034067326,10,2026-07-10T22:55:20Z,1937626.0
bsan,byteorder-1.5.0,test::slice_len_too_small_u32::write_big_endian,success,23.667,1.0220972612,0.017098699387412278,1.022993112,1.001236036,1.055461086,10,2026-07-10T22:55:31Z,1937626.0
bsan,byteorder-1.5.0,test::slice_len_too_small_u32::write_little_endian,success,23.667,1.0037737038,0.014645993331606962,1.0011614610000001,0.981382076,1.028699945,10,2026-07-10T22:55:42Z,1937626.0
bsan,byteorder-1.5.0,test::slice_len_too_small_u32::write_native_endian,success,23.667,1.0260831166,0.02473650287793483,1.021995891,1.00046669,1.070710295,10,2026-07-10T22:55:53Z,1937626.0
bsan,byteorder-1.5.0,test::slice_len_too_small_u64::read_big_endian,success,23.667,1.0150104281999999,0.014937076602919735,1.0083361045,0.9994223710000001,1.044965616,10,2026-07-10T22:56:05Z,1937626.0
bsan,byteorder-1.5.0,test::slice_len_too_small_u64::read_little_endian,success,23.667,1.0146385376000002,0.013718070471238701,1.014113315,0.9898854810000001,1.032112062,10,2026-07-10T22:56:16Z,1937626.0
bsan,byteorder-1.5.0,test::slice_len_too_small_u64::read_native_endian,success,23.667,1.0158886775,0.010222537483298091,1.01475041,0.9995240380000001,1.033864389,10,2026-07-10T22:56:27Z,1937626.0
bsan,byteorder-1.5.0,test::slice_len_too_small_u64::write_big_endian,success,23.667,1.0148272537,0.011368445615585957,1.012377355,0.9987407500000001,1.031851764,10,2026-07-10T22:56:38Z,1937626.0
bsan,byteorder-1.5.0,test::slice_len_too_small_u64::write_little_endian,success,23.667,1.0199579749,0.02357814652670386,1.014810126,0.993102518,1.073768413,10,2026-07-10T22:56:49Z,1937626.0
bsan,byteorder-1.5.0,test::slice_len_too_small_u64::write_native_endian,success,23.667,1.0181140837,0.015640275632828805,1.013805458,0.9936796880000001,1.045116158,10,2026-07-10T22:57:01Z,1937626.0
bsan,byteorder-1.5.0,test::small_f32::read_big_endian,success,23.667,1.0224565518,0.02896853954276814,1.0193577299999999,0.998085353,1.096211161,10,2026-07-10T22:57:12Z,1937626.0
bsan,byteorder-1.5.0,test::small_f32::read_little_endian,success,23.667,1.0194646736000001,0.01599021599563839,1.023283229,0.991448502,1.035472449,10,2026-07-10T22:57:23Z,1937626.0
bsan,byteorder-1.5.0,test::small_f32::read_native_endian,success,23.667,1.0194064021,0.02463263630575244,1.0106941680000001,0.9873604420000001,1.069026858,10,2026-07-10T22:57:34Z,1937626.0
bsan,byteorder-1.5.0,test::small_f32::write_big_endian,success,23.667,1.0169182029,0.006723242779978047,1.0171625815,1.008345756,1.026057976,10,2026-07-10T22:57:45Z,1937626.0
bsan,byteorder-1.5.0,test::small_f32::write_little_endian,success,23.667,1.0235171722999998,0.011264284051990625,1.0226002875,1.000339016,1.038875504,10,2026-07-10T22:57:57Z,1937626.0
bsan,byteorder-1.5.0,test::small_f32::write_native_endian,success,23.667,1.0208692974999998,0.02034280252830938,1.027314934,0.9802158900000001,1.040139363,10,2026-07-10T22:58:08Z,1937626.0
bsan,byteorder-1.5.0,test::small_f64::read_big_endian,success,23.667,1.0185943492,0.01965069370751404,1.01687958,0.990580651,1.062415319,10,2026-07-10T22:58:19Z,1937626.0
bsan,byteorder-1.5.0,test::small_f64::read_little_endian,success,23.667,1.0032257046000002,0.0184782481357905,1.0002016555,0.9766640320000001,1.039552197,10,2026-07-10T22:58:30Z,1937626.0
bsan,byteorder-1.5.0,test::small_f64::read_native_endian,success,23.667,1.0302956505999998,0.013366046302035693,1.0357005325,1.00937125,1.0458169,10,2026-07-10T22:58:41Z,1937626.0
bsan,byteorder-1.5.0,test::small_f64::write_big_endian,success,23.667,0.9971885862000003,0.01321719122850761,1.0005797655,0.9726919930000001,1.015356585,10,2026-07-10T22:58:52Z,1937626.0
bsan,byteorder-1.5.0,test::small_f64::write_little_endian,success,23.667,1.0144038599,0.023545480085751337,1.0090669155,0.9846534180000001,1.071001006,10,2026-07-10T22:59:04Z,1937626.0
bsan,byteorder-1.5.0,test::small_f64::write_native_endian,success,23.667,0.9955296514,0.02268429973484761,0.9992932219999999,0.967119566,1.031353979,10,2026-07-10T22:59:15Z,1937626.0
bsan,byteorder-1.5.0,test::small_i128::read_big_endian,success,23.667,0.9791258207,0.013795468959446085,0.976258147,0.956418901,1.000420746,10,2026-07-10T22:59:25Z,1937626.0
bsan,byteorder-1.5.0,test::small_i128::read_little_endian,success,23.667,0.9794533224,0.012282644913254107,0.9784640625000001,0.9602593640000001,0.9993956690000001,10,2026-07-10T22:59:36Z,1937626.0
bsan,byteorder-1.5.0,test::small_i128::read_native_endian,success,23.667,0.9833155232000002,0.010074799498151902,0.984354757,0.9668716980000001,1.000634921,10,2026-07-10T22:59:47Z,1937626.0
bsan,byteorder-1.5.0,test::small_i128::write_big_endian,success,23.667,0.9869924765000002,0.029399015754474546,0.9766552245,0.9668024620000001,1.063506008,10,2026-07-10T22:59:58Z,1937626.0
bsan,byteorder-1.5.0,test::small_i128::write_little_endian,success,23.667,0.9770546061,0.009382717053661092,0.9792265655000001,0.95840336,0.991253696,10,2026-07-10T23:00:09Z,1937626.0
bsan,byteorder-1.5.0,test::small_i128::write_native_endian,success,23.667,0.974102783,0.035817789188863115,0.9613262565,0.9469154970000001,1.066857601,10,2026-07-10T23:00:19Z,1937626.0
bsan,byteorder-1.5.0,test::small_i16::read_big_endian,success,23.667,0.9653590933000002,0.014041389764578017,0.9616146515,0.949999848,0.9940576560000001,10,2026-07-10T23:00:30Z,1937626.0
bsan,byteorder-1.5.0,test::small_i16::read_little_endian,success,23.667,0.9584673473,0.013507812403973524,0.954228493,0.9446638570000001,0.9874869900000001,10,2026-07-10T23:00:41Z,1937626.0
bsan,byteorder-1.5.0,test::small_i16::read_native_endian,success,23.667,0.9649709344000001,0.006013557184821303,0.9657238575,0.9530377910000001,0.975685978,10,2026-07-10T23:00:51Z,1937626.0
bsan,byteorder-1.5.0,test::small_i16::write_big_endian,success,23.667,0.962429542,0.022543823706908755,0.9519232530000001,0.9403286120000001,0.993722544,10,2026-07-10T23:01:02Z,1937626.0
bsan,byteorder-1.5.0,test::small_i16::write_little_endian,success,23.667,0.9604099268,0.015378078937774388,0.9564016430000001,0.9470546820000001,0.9995886290000001,10,2026-07-10T23:01:12Z,1937626.0
bsan,byteorder-1.5.0,test::small_i16::write_native_endian,success,23.667,0.9655692184,0.013055955102979359,0.9606945045,0.9486371880000001,0.989477114,10,2026-07-10T23:01:23Z,1937626.0
bsan,byteorder-1.5.0,test::small_i32::read_big_endian,success,23.667,0.9848530060999998,0.024559200669938663,0.9775634020000001,0.9644951230000001,1.04456045,10,2026-07-10T23:01:34Z,1937626.0
bsan,byteorder-1.5.0,test::small_i32::read_little_endian,success,23.667,0.9726870819,0.014313624316086283,0.9693430650000001,0.958674392,1.007955797,10,2026-07-10T23:01:45Z,1937626.0
bsan,byteorder-1.5.0,test::small_i32::read_native_endian,success,23.667,0.9741180928999998,0.021218948971859077,0.9696888990000001,0.953165472,1.0264702510000001,10,2026-07-10T23:01:55Z,1937626.0
bsan,byteorder-1.5.0,test::small_i32::write_big_endian,success,23.667,0.9629917753000001,0.014563459338152146,0.9593264860000001,0.938723775,0.9819555240000001,10,2026-07-10T23:02:06Z,1937626.0
bsan,byteorder-1.5.0,test::small_i32::write_little_endian,success,23.667,0.9675573372,0.009865813617049675,0.964738635,0.958527232,0.990597681,10,2026-07-10T23:02:17Z,1937626.0
bsan,byteorder-1.5.0,test::small_i32::write_native_endian,success,23.667,0.9793718960000002,0.03190349620201072,0.9705800835,0.9565105970000001,1.067409906,10,2026-07-10T23:02:27Z,1937626.0
bsan,byteorder-1.5.0,test::small_i64::read_big_endian,success,23.667,0.9705575056000001,0.007470860678336417,0.9688906110000001,0.962661509,0.9858466010000001,10,2026-07-10T23:02:38Z,1937626.0
bsan,byteorder-1.5.0,test::small_i64::read_little_endian,success,23.667,0.9624172518000002,0.02042234706353714,0.9531936890000001,0.945046012,1.009982946,10,2026-07-10T23:02:49Z,1937626.0
bsan,byteorder-1.5.0,test::small_i64::read_native_endian,success,23.667,0.9623883731000002,0.015616857128376266,0.9600044940000001,0.936759038,0.986199518,10,2026-07-10T23:02:59Z,1937626.0
bsan,byteorder-1.5.0,test::small_i64::write_big_endian,success,23.667,0.9657425045,0.0129615910224762,0.967990189,0.9408239310000001,0.9803088390000001,10,2026-07-10T23:03:10Z,1937626.0
bsan,byteorder-1.5.0,test::small_i64::write_little_endian,success,23.667,0.9672561489000001,0.0074896568270734236,0.966284608,0.953650447,0.9835975790000001,10,2026-07-10T23:03:21Z,1937626.0
bsan,byteorder-1.5.0,test::small_i64::write_native_endian,success,23.667,0.9671327846000001,0.011631295511912235,0.9675134300000001,0.9486871040000001,0.9840197460000001,10,2026-07-10T23:03:31Z,1937626.0
bsan,byteorder-1.5.0,test::small_int128_10::read_big_endian,success,23.667,0.9790778582999999,0.030847561277980717,0.9713692250000001,0.9540398880000001,1.064032637,10,2026-07-10T23:03:42Z,1937626.0
bsan,byteorder-1.5.0,test::small_int128_10::read_little_endian,success,23.667,0.9691026644,0.009094862358374057,0.9683887595,0.9545889900000001,0.988494827,10,2026-07-10T23:03:53Z,1937626.0
bsan,byteorder-1.5.0,test::small_int128_10::read_native_endian,success,23.667,0.9657643909000002,0.009974623628129732,0.9666699970000001,0.952025184,0.976976366,10,2026-07-10T23:04:03Z,1937626.0
bsan,byteorder-1.5.0,test::small_int128_11::read_big_endian,success,23.667,0.9626577544,0.016169404805720038,0.9609385465000001,0.937792618,0.9912297710000001,10,2026-07-10T23:04:14Z,1937626.0
bsan,byteorder-1.5.0,test::small_int128_11::read_little_endian,success,23.667,0.9709907356,0.019110070377490903,0.9653130160000001,0.9480035590000001,1.012582113,10,2026-07-10T23:04:25Z,1937626.0
bsan,byteorder-1.5.0,test::small_int128_11::read_native_endian,success,23.667,0.9676493371000001,0.011074916497146259,0.9674049765,0.954461384,0.9833240580000001,10,2026-07-10T23:04:35Z,1937626.0
bsan,byteorder-1.5.0,test::small_int128_12::read_big_endian,success,23.667,0.9681140995999999,0.010768724315995331,0.969627113,0.9473339610000001,0.9822751150000001,10,2026-07-10T23:04:46Z,1937626.0
bsan,byteorder-1.5.0,test::small_int128_12::read_little_endian,success,23.667,0.9710299463000001,0.031449433833916844,0.9613416645,0.950489494,1.057015382,10,2026-07-10T23:04:57Z,1937626.0
bsan,byteorder-1.5.0,test::small_int128_12::read_native_endian,success,23.667,0.9618359421000001,0.013515451561382688,0.9606635020000001,0.94088729,0.9834692290000001,10,2026-07-10T23:05:07Z,1937626.0
bsan,byteorder-1.5.0,test::small_int128_13::read_big_endian,success,23.667,0.973532692,0.017307395956815914,0.969238051,0.9549941810000001,1.016555128,10,2026-07-10T23:05:18Z,1937626.0
bsan,byteorder-1.5.0,test::small_int128_13::read_little_endian,success,23.667,0.9759311610999999,0.012540461455163266,0.9729190430000001,0.962513519,1.000954546,10,2026-07-10T23:05:29Z,1937626.0
bsan,byteorder-1.5.0,test::small_int128_13::read_native_endian,success,23.667,0.949095174,0.013154340722621118,0.9455499875,0.931577207,0.970778855,10,2026-07-10T23:05:39Z,1937626.0
bsan,byteorder-1.5.0,test::small_int128_14::read_big_endian,success,23.667,0.9657974796000002,0.016422655321717317,0.9636357465000001,0.948785046,0.999644967,10,2026-07-10T23:05:50Z,1937626.0
bsan,byteorder-1.5.0,test::small_int128_14::read_little_endian,success,23.667,0.9670963823000001,0.018135518463637187,0.9688357840000001,0.931532655,0.988583277,10,2026-07-10T23:06:00Z,1937626.0
bsan,byteorder-1.5.0,test::small_int128_14::read_native_endian,success,23.667,0.9649293530000002,0.023951823079901357,0.9680736685,0.9339988220000001,1.017380883,10,2026-07-10T23:06:11Z,1937626.0
bsan,byteorder-1.5.0,test::small_int128_15::read_big_endian,success,23.667,0.9679129231999999,0.008306889271337834,0.9697999560000001,0.953664579,0.9816178350000001,10,2026-07-10T23:06:22Z,1937626.0
bsan,byteorder-1.5.0,test::small_int128_15::read_little_endian,success,23.667,0.9816609091,0.028704942102100218,0.9750951290000001,0.949967438,1.057650509,10,2026-07-10T23:06:32Z,1937626.0
bsan,byteorder-1.5.0,test::small_int128_15::read_native_endian,success,23.667,0.965652399,0.014658313330866693,0.967439481,0.9381811720000001,0.985868209,10,2026-07-10T23:06:43Z,1937626.0
bsan,byteorder-1.5.0,test::small_int128_1::read_big_endian,success,23.667,0.9760495165999998,0.03332693481797992,0.9677580095,0.9500823100000001,1.062242926,10,2026-07-10T23:06:54Z,1937626.0
bsan,byteorder-1.5.0,test::small_int128_1::read_little_endian,success,23.667,0.9800848375000001,0.01624026447318496,0.9799255945,0.947602527,1.005125302,10,2026-07-10T23:07:05Z,1937626.0
bsan,byteorder-1.5.0,test::small_int128_1::read_native_endian,success,23.667,0.9653992978000001,0.017085763600445683,0.9603236055000001,0.946746033,0.9975275480000001,10,2026-07-10T23:07:15Z,1937626.0
bsan,byteorder-1.5.0,test::small_int128_2::read_big_endian,success,23.667,0.9742204712000001,0.03243124702170317,0.9638391905000001,0.9544739470000001,1.062638941,10,2026-07-10T23:07:26Z,1937626.0
bsan,byteorder-1.5.0,test::small_int128_2::read_little_endian,success,23.667,0.9824504274000001,0.00842411122065468,0.980757079,0.9685022620000001,0.9972120280000001,10,2026-07-10T23:07:37Z,1937626.0
bsan,byteorder-1.5.0,test::small_int128_2::read_native_endian,success,23.667,0.9814986540000001,0.013702858753312666,0.9757764710000001,0.967011414,1.006500033,10,2026-07-10T23:07:48Z,1937626.0
bsan,byteorder-1.5.0,test::small_int128_3::read_big_endian,success,23.667,0.9784580758999999,0.011297691749437682,0.97845468,0.9538099480000001,0.9910396180000001,10,2026-07-10T23:07:58Z,1937626.0
bsan,byteorder-1.5.0,test::small_int128_3::read_little_endian,success,23.667,0.9946702438000001,0.028153832005274403,0.9895297760000001,0.9668766630000001,1.064302854,10,2026-07-10T23:08:09Z,1937626.0
bsan,byteorder-1.5.0,test::small_int128_3::read_native_endian,success,23.667,0.9702311912000001,0.01490386222447213,0.9687653665,0.9452236570000001,0.9920953650000001,10,2026-07-10T23:08:20Z,1937626.0
bsan,byteorder-1.5.0,test::small_int128_4::read_big_endian,success,23.667,0.9748396608000001,0.010993820549757154,0.9741910565,0.9603216710000001,0.999305403,10,2026-07-10T23:08:31Z,1937626.0
bsan,byteorder-1.5.0,test::small_int128_4::read_little_endian,success,23.667,0.9793054649,0.01517543885772379,0.9826475685,0.952993344,1.008006535,10,2026-07-10T23:08:42Z,1937626.0
bsan,byteorder-1.5.0,test::small_int128_4::read_native_endian,success,23.667,0.9740663199,0.017208744250680877,0.9794805165,0.9386823860000001,0.9986034260000001,10,2026-07-10T23:08:52Z,1937626.0
bsan,byteorder-1.5.0,test::small_int128_5::read_big_endian,success,23.667,0.9829371086,0.02991498658957585,0.974257704,0.950115448,1.046700776,10,2026-07-10T23:09:03Z,1937626.0
bsan,byteorder-1.5.0,test::small_int128_5::read_little_endian,success,23.667,0.9754939648000001,0.012309548381422975,0.9733613105000001,0.959465293,0.996193643,10,2026-07-10T23:09:14Z,1937626.0
bsan,byteorder-1.5.0,test::small_int128_5::read_native_endian,success,23.667,0.9856711298000003,0.020789034483672995,0.9840948610000001,0.9632348420000001,1.039243369,10,2026-07-10T23:09:25Z,1937626.0
bsan,byteorder-1.5.0,test::small_int128_6::read_big_endian,success,23.667,0.9767566577,0.0072894590386333915,0.9759700760000001,0.966646847,0.99133895,10,2026-07-10T23:09:35Z,1937626.0
bsan,byteorder-1.5.0,test::small_int128_6::read_little_endian,success,23.667,0.9812709585,0.022463696483277885,0.973550213,0.9593136590000001,1.034319413,10,2026-07-10T23:09:46Z,1937626.0
bsan,byteorder-1.5.0,test::small_int128_6::read_native_endian,success,23.667,0.9739698030999999,0.016865372407085133,0.971282497,0.943327612,1.001278024,10,2026-07-10T23:09:57Z,1937626.0
bsan,byteorder-1.5.0,test::small_int128_7::read_big_endian,success,23.667,0.9749628261000002,0.010706689761537654,0.9756057090000001,0.9593858180000001,0.994079154,10,2026-07-10T23:10:08Z,1937626.0
bsan,byteorder-1.5.0,test::small_int128_7::read_little_endian,success,23.667,0.9826950902,0.029192107434442612,0.975560781,0.9567535,1.054624819,10,2026-07-10T23:10:19Z,1937626.0
bsan,byteorder-1.5.0,test::small_int128_7::read_native_endian,success,23.667,0.9731110011,0.014991624596266408,0.9731688660000001,0.9420340680000001,0.9959025690000001,10,2026-07-10T23:10:29Z,1937626.0
bsan,byteorder-1.5.0,test::small_int128_8::read_big_endian,success,23.667,0.9882325714,0.030219082750387285,0.98274826,0.95488576,1.062958284,10,2026-07-10T23:10:40Z,1937626.0
bsan,byteorder-1.5.0,test::small_int128_8::read_little_endian,success,23.667,0.9904666658000002,0.010589450551931641,0.989206058,0.972213163,1.00484309,10,2026-07-10T23:10:51Z,1937626.0
bsan,byteorder-1.5.0,test::small_int128_8::read_native_endian,success,23.667,0.9789179910000001,0.020327829605354727,0.9780587920000001,0.9553968100000001,1.013315669,10,2026-07-10T23:11:02Z,1937626.0
bsan,byteorder-1.5.0,test::small_int128_9::read_big_endian,success,23.667,0.9796028923,0.016314271013874948,0.9781660280000001,0.948891165,1.002553101,10,2026-07-10T23:11:13Z,1937626.0
bsan,byteorder-1.5.0,test::small_int128_9::read_little_endian,success,23.667,0.9738309887,0.0074392997930982805,0.9751555570000001,0.9602727320000001,0.9836013910000001,10,2026-07-10T23:11:23Z,1937626.0
bsan,byteorder-1.5.0,test::small_int128_9::read_native_endian,success,23.667,0.9708796018000001,0.01644157289051409,0.9717791170000001,0.9473704890000001,1.006046453,10,2026-07-10T23:11:34Z,1937626.0
bsan,byteorder-1.5.0,test::small_int_1::read_big_endian,success,23.667,0.9619895759000002,0.010960532301375192,0.9598159995000001,0.9494000410000001,0.9779653880000001,10,2026-07-10T23:11:45Z,1937626.0
bsan,byteorder-1.5.0,test::small_int_1::read_little_endian,success,23.667,0.9727446769000002,0.02210824083667515,0.9674331665,0.9473507680000001,1.024404936,10,2026-07-10T23:11:55Z,1937626.0
bsan,byteorder-1.5.0,test::small_int_1::read_native_endian,success,23.667,0.9721933772,0.013243028458386291,0.9754355145,0.9536035570000001,0.9883644420000001,10,2026-07-10T23:12:06Z,1937626.0
bsan,byteorder-1.5.0,test::small_int_2::read_big_endian,success,23.667,0.9650604587,0.011913008420033865,0.9639586865,0.9489354050000001,0.988327061,10,2026-07-10T23:12:17Z,1937626.0
bsan,byteorder-1.5.0,test::small_int_2::read_little_endian,success,23.667,0.9710703957,0.030296136508824924,0.9670658825,0.945912433,1.049887013,10,2026-07-10T23:12:27Z,1937626.0
bsan,byteorder-1.5.0,test::small_int_2::read_native_endian,success,23.667,0.9759440104999999,0.018450742625126998,0.9777447595000001,0.948606409,1.001244545,10,2026-07-10T23:12:38Z,1937626.0
bsan,byteorder-1.5.0,test::small_int_3::read_big_endian,success,23.667,1.0021374577000002,0.03345081097254643,0.9971477015000001,0.9542312770000001,1.064874416,10,2026-07-10T23:12:49Z,1937626.0
bsan,byteorder-1.5.0,test::small_int_3::read_little_endian,success,23.667,0.9976138255,0.007157968668633278,0.996376868,0.990093396,1.01175816,10,2026-07-10T23:13:00Z,1937626.0
bsan,byteorder-1.5.0,test::small_int_3::read_native_endian,success,23.667,0.9989713574000001,0.015410851156289006,0.997821005,0.9788289210000001,1.033550888,10,2026-07-10T23:13:11Z,1937626.0
bsan,byteorder-1.5.0,test::small_int_4::read_big_endian,success,23.667,0.9931052109999999,0.011001444460594534,0.9925120900000001,0.9769221690000001,1.010747846,10,2026-07-10T23:13:22Z,1937626.0
bsan,byteorder-1.5.0,test::small_int_4::read_little_endian,success,23.667,0.9986918650999999,0.02466388219814717,0.9906080565000001,0.9817268630000001,1.064354831,10,2026-07-10T23:13:33Z,1937626.0
bsan,byteorder-1.5.0,test::small_int_4::read_native_endian,success,23.667,0.9939002934,0.013736554147898513,0.992487576,0.9708870940000001,1.012123307,10,2026-07-10T23:13:44Z,1937626.0
bsan,byteorder-1.5.0,test::small_int_5::read_big_endian,success,23.667,0.9905363139000001,0.012176751457651158,0.9928573190000001,0.966830131,1.004764858,10,2026-07-10T23:13:55Z,1937626.0
bsan,byteorder-1.5.0,test::small_int_5::read_little_endian,success,23.667,0.9975717545,0.016798347589842878,0.9991576605000001,0.9712245620000001,1.030251309,10,2026-07-10T23:14:06Z,1937626.0
bsan,byteorder-1.5.0,test::small_int_5::read_native_endian,success,23.667,0.9901035975999999,0.0159203938695842,0.990313258,0.9623651150000001,1.01460184,10,2026-07-10T23:14:17Z,1937626.0
bsan,byteorder-1.5.0,test::small_int_6::read_big_endian,success,23.667,0.9813883143000002,0.028166963942158587,0.974411883,0.946461525,1.025954174,10,2026-07-10T23:14:28Z,1937626.0
bsan,byteorder-1.5.0,test::small_int_6::read_little_endian,success,23.667,0.9550911155999999,0.012331093549064852,0.952828599,0.937442874,0.975271874,10,2026-07-10T23:14:38Z,1937626.0
bsan,byteorder-1.5.0,test::small_int_6::read_native_endian,success,23.667,0.9753520074,0.03290886667991524,0.9676453730000001,0.9471686010000001,1.064349755,10,2026-07-10T23:14:49Z,1937626.0
bsan,byteorder-1.5.0,test::small_int_7::read_big_endian,success,23.667,0.9559151286999998,0.019339497699296777,0.9489548680000001,0.935891974,0.9886846180000001,10,2026-07-10T23:14:59Z,1937626.0
bsan,byteorder-1.5.0,test::small_int_7::read_little_endian,success,23.667,0.9763472957000003,0.016047571500231207,0.9781471415,0.9556891030000001,0.9947647650000001,10,2026-07-10T23:15:10Z,1937626.0
bsan,byteorder-1.5.0,test::small_int_7::read_native_endian,success,23.667,0.9720975298999999,0.02194334203687198,0.9680878295000002,0.951965943,1.027161189,10,2026-07-10T23:15:21Z,1937626.0
bsan,byteorder-1.5.0,test::small_u128::read_big_endian,success,23.667,0.9662651006,0.013151488253828506,0.9607585655,0.9526743190000001,0.9938209130000001,10,2026-07-10T23:15:31Z,1937626.0
bsan,byteorder-1.5.0,test::small_u128::read_little_endian,success,23.667,0.9706366119000001,0.03193291930184356,0.9685479125,0.9305731290000001,1.051183296,10,2026-07-10T23:15:42Z,1937626.0
bsan,byteorder-1.5.0,test::small_u128::read_native_endian,success,23.667,0.9725103501,0.008654258582861856,0.9726296270000001,0.9554930490000001,0.986834619,10,2026-07-10T23:15:53Z,1937626.0
bsan,byteorder-1.5.0,test::small_u128::write_big_endian,success,23.667,0.9815317186000001,0.034624356255907464,0.972395714,0.949174441,1.07488809,10,2026-07-10T23:16:04Z,1937626.0
bsan,byteorder-1.5.0,test::small_u128::write_little_endian,success,23.667,0.9662993892000001,0.01443547652712465,0.9705591660000001,0.94084652,0.9849608900000001,10,2026-07-10T23:16:14Z,1937626.0
bsan,byteorder-1.5.0,test::small_u128::write_native_endian,success,23.667,0.9772416237000001,0.008800446819157592,0.9785930650000001,0.9620838660000001,0.991791029,10,2026-07-10T23:16:25Z,1937626.0
bsan,byteorder-1.5.0,test::small_u16::read_big_endian,success,23.667,0.9838111734,0.021619192545588264,0.9784854815000001,0.9591233760000001,1.020169304,10,2026-07-10T23:16:36Z,1937626.0
bsan,byteorder-1.5.0,test::small_u16::read_little_endian,success,23.667,0.9684003039,0.015293502466062966,0.970506728,0.9403567770000001,0.9918605180000001,10,2026-07-10T23:16:46Z,1937626.0
bsan,byteorder-1.5.0,test::small_u16::read_native_endian,success,23.667,0.9713751946,0.009763366354392882,0.9729217940000001,0.958715481,0.985179687,10,2026-07-10T23:16:57Z,1937626.0
bsan,byteorder-1.5.0,test::small_u16::write_big_endian,success,23.667,0.9538307946000002,0.013258015789733664,0.9565418405000001,0.9370357260000001,0.9711648310000001,10,2026-07-10T23:17:08Z,1937626.0
bsan,byteorder-1.5.0,test::small_u16::write_little_endian,success,23.667,0.9645102159000001,0.035771211601977465,0.9551814665,0.934669143,1.056989228,10,2026-07-10T23:17:18Z,1937626.0
bsan,byteorder-1.5.0,test::small_u16::write_native_endian,success,23.667,0.9516574746000002,0.021416711705103352,0.9467559210000001,0.9323043470000001,0.9974648920000001,10,2026-07-10T23:17:29Z,1937626.0
bsan,byteorder-1.5.0,test::small_u32::read_big_endian,success,23.667,0.95622656,0.009704033856487625,0.9588208345,0.9395898460000001,0.968840754,10,2026-07-10T23:17:39Z,1937626.0
bsan,byteorder-1.5.0,test::small_u32::read_little_endian,success,23.667,0.9536506454,0.014333203701158604,0.9507432,0.93868311,0.978378552,10,2026-07-10T23:17:50Z,1937626.0
bsan,byteorder-1.5.0,test::small_u32::read_native_endian,success,23.667,0.947669398,0.018701031371356897,0.9398902305000001,0.9289198300000001,0.978056239,10,2026-07-10T23:18:00Z,1937626.0
bsan,byteorder-1.5.0,test::small_u32::write_big_endian,success,23.667,0.9705601329,0.01933106702155941,0.9665299365,0.9441027620000001,1.017728066,10,2026-07-10T23:18:11Z,1937626.0
bsan,byteorder-1.5.0,test::small_u32::write_little_endian,success,23.667,0.9513830425,0.010820246844248782,0.951349676,0.9379533430000001,0.974058737,10,2026-07-10T23:18:21Z,1937626.0
bsan,byteorder-1.5.0,test::small_u32::write_native_endian,success,23.667,0.9645474015,0.03873806683866555,0.950127798,0.934708599,1.066752099,10,2026-07-10T23:18:32Z,1937626.0
bsan,byteorder-1.5.0,test::small_u64::read_big_endian,success,23.667,0.9567618159000002,0.009203463660482372,0.9557673625,0.942463083,0.9689540680000001,10,2026-07-10T23:18:43Z,1937626.0
bsan,byteorder-1.5.0,test::small_u64::read_little_endian,success,23.667,0.9631836391,0.017507405136869048,0.9599211810000001,0.9432993390000001,1.00722657,10,2026-07-10T23:18:53Z,1937626.0
bsan,byteorder-1.5.0,test::small_u64::read_native_endian,success,23.667,0.9579440050000002,0.012082819248877937,0.9593061110000001,0.939407345,0.9737711470000001,10,2026-07-10T23:19:04Z,1937626.0
bsan,byteorder-1.5.0,test::small_u64::write_big_endian,success,23.667,0.9513293832,0.008645660732600702,0.9522797190000001,0.9401493040000001,0.962680211,10,2026-07-10T23:19:14Z,1937626.0
bsan,byteorder-1.5.0,test::small_u64::write_little_endian,success,23.667,0.9769952966000002,0.029585532384343957,0.966306423,0.960496557,1.057812785,10,2026-07-10T23:19:25Z,1937626.0
bsan,byteorder-1.5.0,test::small_u64::write_native_endian,success,23.667,0.9571371195000001,0.008294509530566426,0.9566597055000001,0.9386972790000001,0.967606296,10,2026-07-10T23:19:36Z,1937626.0
bsan,byteorder-1.5.0,test::small_uint128_10::read_big_endian,success,23.667,0.9668481706000002,0.0206459269656265,0.9644963245,0.9394230170000001,1.015162938,10,2026-07-10T23:19:46Z,1937626.0
bsan,byteorder-1.5.0,test::small_uint128_10::read_little_endian,success,23.667,0.9603636262000002,0.012717504649587544,0.961249408,0.941434198,0.9819552610000001,10,2026-07-10T23:19:57Z,1937626.0
bsan,byteorder-1.5.0,test::small_uint128_10::read_native_endian,success,23.667,0.9540921468000001,0.012133279246905026,0.954932305,0.9367836270000001,0.978385821,10,2026-07-10T23:20:07Z,1937626.0
bsan,byteorder-1.5.0,test::small_uint128_11::read_big_endian,success,23.667,0.9593469319000001,0.010198353036721635,0.955627387,0.944597793,0.974934751,10,2026-07-10T23:20:18Z,1937626.0
bsan,byteorder-1.5.0,test::small_uint128_11::read_little_endian,success,23.667,0.9676765373,0.011130787989802887,0.9685902875000001,0.950867423,0.983548665,10,2026-07-10T23:20:29Z,1937626.0
bsan,byteorder-1.5.0,test::small_uint128_11::read_native_endian,success,23.667,0.9637697427,0.024060743163831593,0.9578908965,0.9457900870000001,1.027761951,10,2026-07-10T23:20:39Z,1937626.0
bsan,byteorder-1.5.0,test::small_uint128_12::read_big_endian,success,23.667,0.9561133286000001,0.008520807195504663,0.954762693,0.945025038,0.9756682520000001,10,2026-07-10T23:20:50Z,1937626.0
bsan,byteorder-1.5.0,test::small_uint128_12::read_little_endian,success,23.667,0.9636405913000001,0.015367293573301572,0.9639040575000001,0.9441830200000001,0.9972354130000001,10,2026-07-10T23:21:00Z,1937626.0
bsan,byteorder-1.5.0,test::small_uint128_12::read_native_endian,success,23.667,0.9538839722000001,0.009840133247400918,0.9552774750000002,0.939287822,0.9725215800000001,10,2026-07-10T23:21:11Z,1937626.0
bsan,byteorder-1.5.0,test::small_uint128_13::read_big_endian,success,23.667,0.9843209197000002,0.01127511330600493,0.9879736750000001,0.9595935470000001,0.9980396720000001,10,2026-07-10T23:21:22Z,1937626.0
bsan,byteorder-1.5.0,test::small_uint128_13::read_little_endian,success,23.667,0.9739034892999999,0.009348258957105239,0.9727514105000001,0.9584408230000001,0.9868328850000001,10,2026-07-10T23:21:32Z,1937626.0
bsan,byteorder-1.5.0,test::small_uint128_13::read_native_endian,success,23.667,0.9704901362999999,0.014859057001310542,0.9637772535,0.953499513,0.990762667,10,2026-07-10T23:21:43Z,1937626.0
bsan,byteorder-1.5.0,test::small_uint128_14::read_big_endian,success,23.667,0.9694503686000001,0.01938070657348413,0.9668899870000001,0.9490099750000001,1.00756359,10,2026-07-10T23:21:54Z,1937626.0
bsan,byteorder-1.5.0,test::small_uint128_14::read_little_endian,success,23.667,0.9765978813,0.011230607997774315,0.973533553,0.9626480100000001,1.00009502,10,2026-07-10T23:22:04Z,1937626.0
bsan,byteorder-1.5.0,test::small_uint128_14::read_native_endian,success,23.667,0.9814840691000002,0.010782054226751409,0.9779622705000001,0.9709327700000001,0.9986809910000001,10,2026-07-10T23:22:15Z,1937626.0
bsan,byteorder-1.5.0,test::small_uint128_15::read_big_endian,success,23.667,0.9725620124999999,0.005382557832548491,0.9728441065,0.9643605820000001,0.980695391,10,2026-07-10T23:22:26Z,1937626.0
bsan,byteorder-1.5.0,test::small_uint128_15::read_little_endian,success,23.667,0.9784949399,0.019573954075959014,0.9743160900000001,0.952498939,1.001529637,10,2026-07-10T23:22:37Z,1937626.0
bsan,byteorder-1.5.0,test::small_uint128_15::read_native_endian,success,23.667,0.9720328892000001,0.026499584080205543,0.9634369030000001,0.935630829,1.011973392,10,2026-07-10T23:22:48Z,1937626.0
bsan,byteorder-1.5.0,test::small_uint128_1::read_big_endian,success,23.667,0.9748569361999999,0.02381771750865053,0.9654561990000001,0.945418862,1.01536073,10,2026-07-10T23:22:58Z,1937626.0
bsan,byteorder-1.5.0,test::small_uint128_1::read_little_endian,success,23.667,0.9680442179,0.021755594821078823,0.9626095575,0.947419121,1.021817864,10,2026-07-10T23:23:09Z,1937626.0
bsan,byteorder-1.5.0,test::small_uint128_1::read_native_endian,success,23.667,0.9743472494000001,0.012713577157202845,0.973966442,0.9599582680000001,0.99295535,10,2026-07-10T23:23:20Z,1937626.0
bsan,byteorder-1.5.0,test::small_uint128_2::read_big_endian,success,23.667,0.9891334570000001,0.0332958209437194,0.9863969480000001,0.9514239670000001,1.063146969,10,2026-07-10T23:23:31Z,1937626.0
bsan,byteorder-1.5.0,test::small_uint128_2::read_little_endian,success,23.667,0.9728650246999999,0.020507292298711115,0.969118369,0.949149596,1.0138684040000001,10,2026-07-10T23:23:41Z,1937626.0
bsan,byteorder-1.5.0,test::small_uint128_2::read_native_endian,success,23.667,0.9956948220000001,0.031466421797185215,0.9974269085,0.9516025400000001,1.053837673,10,2026-07-10T23:23:52Z,1937626.0
bsan,byteorder-1.5.0,test::small_uint128_3::read_big_endian,success,23.667,0.9766317145000002,0.017590083732907106,0.9786953060000001,0.9488246060000001,1.003341222,10,2026-07-10T23:24:03Z,1937626.0
bsan,byteorder-1.5.0,test::small_uint128_3::read_little_endian,success,23.667,0.9739913805,0.028429908383908672,0.9718985920000001,0.9453204150000001,1.035847798,10,2026-07-10T23:24:14Z,1937626.0
bsan,byteorder-1.5.0,test::small_uint128_3::read_native_endian,success,23.667,0.9668942134000001,0.019020404095512367,0.958836631,0.949921521,1.01409206,10,2026-07-10T23:24:24Z,1937626.0
bsan,byteorder-1.5.0,test::small_uint128_4::read_big_endian,success,23.667,0.9805259185,0.031315607776913466,0.9752887925,0.944276348,1.046687336,10,2026-07-10T23:24:35Z,1937626.0
bsan,byteorder-1.5.0,test::small_uint128_4::read_little_endian,success,23.667,0.9461905396000001,0.013030740958808651,0.9433122920000001,0.924334826,0.9682461240000001,10,2026-07-10T23:24:46Z,1937626.0
bsan,byteorder-1.5.0,test::small_uint128_4::read_native_endian,success,23.667,0.9524562388,0.017598299138723072,0.9495812305,0.929401754,0.9750285790000001,10,2026-07-10T23:24:56Z,1937626.0
bsan,byteorder-1.5.0,test::small_uint128_5::read_big_endian,success,23.667,0.9557722274,0.015691554621654825,0.952534354,0.9404748140000001,0.9904487550000001,10,2026-07-10T23:25:07Z,1937626.0
bsan,byteorder-1.5.0,test::small_uint128_5::read_little_endian,success,23.667,0.9483834514000001,0.00955508048677248,0.9466510100000001,0.937233218,0.967324256,10,2026-07-10T23:25:17Z,1937626.0
bsan,byteorder-1.5.0,test::small_uint128_5::read_native_endian,success,23.667,0.9701578380000001,0.03568740455286158,0.9617090610000001,0.9301762450000001,1.056822795,10,2026-07-10T23:25:28Z,1937626.0
bsan,byteorder-1.5.0,test::small_uint128_6::read_big_endian,success,23.667,0.950919195,0.01598016865434145,0.9482298875,0.933181094,0.9846044730000001,10,2026-07-10T23:25:38Z,1937626.0
bsan,byteorder-1.5.0,test::small_uint128_6::read_little_endian,success,23.667,0.9631035289,0.02854968600709407,0.9597388555,0.93349965,1.026570995,10,2026-07-10T23:25:49Z,1937626.0
bsan,byteorder-1.5.0,test::small_uint128_6::read_native_endian,success,23.667,0.9623703438000002,0.010375374536748971,0.9625071375,0.9491434970000001,0.982369174,10,2026-07-10T23:26:00Z,1937626.0
bsan,byteorder-1.5.0,test::small_uint128_7::read_big_endian,success,23.667,0.9549342739,0.00679301252546053,0.956461284,0.941571782,0.9618468880000001,10,2026-07-10T23:26:10Z,1937626.0
bsan,byteorder-1.5.0,test::small_uint128_7::read_little_endian,success,23.667,0.9723895214000002,0.032697065344918626,0.9643282125000001,0.949146806,1.061559298,10,2026-07-10T23:26:21Z,1937626.0
bsan,byteorder-1.5.0,test::small_uint128_7::read_native_endian,success,23.667,0.9542419111000001,0.01855874870830001,0.9520877545000002,0.9290525570000001,0.9857183020000001,10,2026-07-10T23:26:31Z,1937626.0
bsan,byteorder-1.5.0,test::small_uint128_8::read_big_endian,success,23.667,0.9733922331999999,0.024224220386609457,0.9623156705,0.950062245,1.034772077,10,2026-07-10T23:26:42Z,1937626.0
bsan,byteorder-1.5.0,test::small_uint128_8::read_little_endian,success,23.667,0.9561278529999999,0.013004109542082374,0.9545691925,0.938750945,0.982099186,10,2026-07-10T23:26:52Z,1937626.0
bsan,byteorder-1.5.0,test::small_uint128_8::read_native_endian,success,23.667,0.9485394908,0.015489799927125077,0.9447960905,0.934329963,0.990549168,10,2026-07-10T23:27:03Z,1937626.0
bsan,byteorder-1.5.0,test::small_uint128_9::read_big_endian,success,23.667,0.9583053737,0.01302450928464343,0.9527984650000001,0.9461336640000001,0.9826412480000001,10,2026-07-10T23:27:13Z,1937626.0
bsan,byteorder-1.5.0,test::small_uint128_9::read_little_endian,success,23.667,0.9634689012000001,0.036593572018936454,0.948717015,0.929086085,1.041559792,10,2026-07-10T23:27:24Z,1937626.0
bsan,byteorder-1.5.0,test::small_uint128_9::read_native_endian,success,23.667,0.9573634125,0.03089269757638281,0.9431523660000001,0.922367891,0.9947040930000001,10,2026-07-10T23:27:35Z,1937626.0
bsan,byteorder-1.5.0,test::small_uint_1::read_big_endian,success,23.667,0.9501103500999999,0.02114160784559262,0.9432120400000001,0.927404423,0.984841445,10,2026-07-10T23:27:45Z,1937626.0
bsan,byteorder-1.5.0,test::small_uint_1::read_little_endian,success,23.667,0.9583738564000001,0.031554210430449814,0.9417677870000001,0.9252969700000001,1.002601356,10,2026-07-10T23:27:56Z,1937626.0
bsan,byteorder-1.5.0,test::small_uint_1::read_native_endian,success,23.667,0.9535391793000001,0.016651947292988314,0.9463389865,0.935733977,0.978619805,10,2026-07-10T23:28:06Z,1937626.0
bsan,byteorder-1.5.0,test::small_uint_2::read_big_endian,success,23.667,0.9653967202,0.026017789740542575,0.9654620215,0.933205283,0.9961141910000001,10,2026-07-10T23:28:17Z,1937626.0
bsan,byteorder-1.5.0,test::small_uint_2::read_little_endian,success,23.667,0.9651238518000002,0.024541768684537068,0.9806654065,0.9301879300000001,0.990233464,10,2026-07-10T23:28:27Z,1937626.0
bsan,byteorder-1.5.0,test::small_uint_2::read_native_endian,success,23.667,0.9792893796,0.029871532990521536,0.9687211665000001,0.9619549890000001,1.061449364,10,2026-07-10T23:28:38Z,1937626.0
bsan,byteorder-1.5.0,test::small_uint_3::read_big_endian,success,23.667,0.9551956077000001,0.018780907823504837,0.9490595905000001,0.9365336430000001,0.9945399560000001,10,2026-07-10T23:28:49Z,1937626.0
bsan,byteorder-1.5.0,test::small_uint_3::read_little_endian,success,23.667,0.9685630305,0.021583275834092964,0.9775824235000001,0.9319665130000001,0.998828531,10,2026-07-10T23:28:59Z,1937626.0
bsan,byteorder-1.5.0,test::small_uint_3::read_native_endian,success,23.667,0.9481268743,0.021777301279230856,0.937972821,0.931127573,0.991441424,10,2026-07-10T23:29:10Z,1937626.0
bsan,byteorder-1.5.0,test::small_uint_4::read_big_endian,success,23.667,0.9503106951,0.0238918260762503,0.9411574215,0.9247948720000001,0.98727023,10,2026-07-10T23:29:20Z,1937626.0
bsan,byteorder-1.5.0,test::small_uint_4::read_little_endian,success,23.667,0.9449730795000001,0.021976361007702578,0.936014702,0.9261227110000001,0.9860308240000001,10,2026-07-10T23:29:31Z,1937626.0
bsan,byteorder-1.5.0,test::small_uint_4::read_native_endian,success,23.667,0.9535602822000001,0.01724545919581241,0.9489298465,0.9336113850000001,0.9774935090000001,10,2026-07-10T23:29:41Z,1937626.0
bsan,byteorder-1.5.0,test::small_uint_5::read_big_endian,success,23.667,0.9728122043999999,0.01626438177760111,0.977366555,0.9492174210000001,0.9930449410000001,10,2026-07-10T23:29:52Z,1937626.0
bsan,byteorder-1.5.0,test::small_uint_5::read_little_endian,success,23.667,0.9603971054000002,0.011745738900762987,0.958513991,0.9448855110000001,0.9785601780000001,10,2026-07-10T23:30:03Z,1937626.0
bsan,byteorder-1.5.0,test::small_uint_5::read_native_endian,success,23.667,0.9675304561000001,0.033900722706189525,0.9589246475000001,0.9335352600000001,1.058220491,10,2026-07-10T23:30:13Z,1937626.0
bsan,byteorder-1.5.0,test::small_uint_6::read_big_endian,success,23.667,0.9481595219000001,0.014464136351861499,0.9453939215,0.931400149,0.973677321,10,2026-07-10T23:30:24Z,1937626.0
bsan,byteorder-1.5.0,test::small_uint_6::read_little_endian,success,23.667,0.9625824731000001,0.013875901684687813,0.9648473605000001,0.938430085,0.978636017,10,2026-07-10T23:30:34Z,1937626.0
bsan,byteorder-1.5.0,test::small_uint_6::read_native_endian,success,23.667,0.9795022114,0.04078831473109891,0.972846399,0.9368184850000001,1.0692408,10,2026-07-10T23:30:45Z,1937626.0
bsan,byteorder-1.5.0,test::small_uint_7::read_big_endian,success,23.667,0.9604205098999999,0.016165137626164863,0.9517870195,0.9424151580000001,0.989284488,10,2026-07-10T23:30:56Z,1937626.0
bsan,byteorder-1.5.0,test::small_uint_7::read_little_endian,success,23.667,0.9637573813,0.018631650782072847,0.9642867270000001,0.9407218730000001,1.007186593,10,2026-07-10T23:31:06Z,1937626.0
bsan,byteorder-1.5.0,test::small_uint_7::read_native_endian,success,23.667,0.9493842952000001,0.005449096646212699,0.9491468755000001,0.9392250940000001,0.960279843,10,2026-07-10T23:31:17Z,1937626.0
bsan,byteorder-1.5.0,test::uint_bigger_buffer,success,23.667,0.9401847386,0.017750326334605958,0.9328578710000001,0.920272488,0.9712402990000001,10,2026-07-10T23:31:27Z,1937626.0
bsan,dashmap-6.2.1,,build_failed,,,,,,,10,2026-07-10T22:37:31Z,1937626.10
bsan,writeable-0.6.3,cmp::tests::test_mixed,success,85.897,2.0999141351,0.019892093161446918,2.093597425,2.069512197,2.128423431,10,2026-07-10T22:39:24Z,1937626.11
bsan,writeable-0.6.3,cmp::tests::test_write_char,success,85.897,2.0857041715000006,0.015674375933706637,2.0803350079999996,2.062565285,2.109173393,10,2026-07-10T22:39:47Z,1937626.11
bsan,writeable-0.6.3,cmp::tests::test_write_str,success,85.897,1.9183117092,0.014029121768049142,1.9169438975,1.902570688,1.943463215,10,2026-07-10T22:40:08Z,1937626.11
bsan,writeable-0.6.3,impls::test_string_impls,success,85.897,1.9098326571000002,0.012486073187172752,1.9091582210000002,1.894012991,1.934713699,10,2026-07-10T22:40:29Z,1937626.11
bsan,writeable-0.6.3,impls::test_u128,success,85.897,14.258321996499998,0.15046213991339202,14.2595603085,14.010283412,14.462279503,10,2026-07-10T22:43:06Z,1937626.11
bsan,writeable-0.6.3,impls::test_u16,success,85.897,3.801912900399999,0.03239803921255924,3.794214466,3.765058657,3.8447735290000002,10,2026-07-10T22:43:48Z,1937626.11
bsan,writeable-0.6.3,impls::test_u32,success,85.897,4.627828278800001,0.04674935915172355,4.619053022,4.58440679,4.74646932,10,2026-07-10T22:44:39Z,1937626.11
bsan,writeable-0.6.3,impls::test_u64,success,85.897,6.7077665099,0.09146869496245208,6.673431878000001,6.625584762,6.884552313,10,2026-07-10T22:45:53Z,1937626.11
bsan,writeable-0.6.3,impls::test_u8,success,85.897,3.3310470267,0.04289150537552164,3.3284577395,3.277795558,3.430450264,10,2026-07-10T22:46:30Z,1937626.11
bsan,writeable-0.6.3,impls::test_usize,success,85.897,1.8116353761,0.007061653899035189,1.8134569365000002,1.8017999640000002,1.822267509,10,2026-07-10T22:46:49Z,1937626.11
bsan,writeable-0.6.3,ops::tests::test_add,success,85.897,1.7654778535000002,0.01401893393502077,1.7649074415000001,1.746775128,1.786375716,10,2026-07-10T22:47:09Z,1937626.11
bsan,writeable-0.6.3,ops::tests::test_bitor,success,85.897,1.7720233542,0.010586642958330466,1.7677032785,1.7619162990000001,1.790217924,10,2026-07-10T22:47:28Z,1937626.11
bsan,writeable-0.6.3,ops::tests::test_mul,success,85.897,1.7679706284999999,0.016702182797403452,1.7691815845,1.7392499240000001,1.794364996,10,2026-07-10T22:47:48Z,1937626.11
bsan,writeable-0.6.3,ops::tests::test_sum,success,85.897,1.7720223736999998,0.010703155155231235,1.7711103895,1.752641352,1.789368338,10,2026-07-10T22:48:07Z,1937626.11
bsan,writeable-0.6.3,try_writeable::test_result_try_writeable,success,85.897,1.7668750437,0.019340688985152604,1.7659136725,1.724186454,1.7894058130000001,10,2026-07-10T22:48:27Z,1937626.11
bsan,writeable-0.6.3,test_basic,success,85.897,1.7629350543000002,0.015788234881645578,1.7639918445,1.7437122550000002,1.7927567080000002,10,2026-07-10T22:48:46Z,1937626.11
bsan,zeroize-1.8.2,asref,success,6.973,2.6068256772000002,0.038016923105034114,2.6081402215000002,2.54250662,2.659041067,10,2026-07-10T22:38:02Z,1937626.12
bsan,zeroize-1.8.2,non_zero,success,6.973,2.595096056,0.019577252858126268,2.5947298255,2.572434735,2.638400524,10,2026-07-10T22:38:31Z,1937626.12
bsan,zeroize-1.8.2,zeroize_box,success,6.973,2.5965547396999997,0.023468039006883278,2.5962642295,2.567435719,2.636144229,10,2026-07-10T22:38:59Z,1937626.12
bsan,zeroize-1.8.2,zeroize_byte_arrays,success,6.973,2.5971605169,0.03141046445236254,2.591562507,2.557977782,2.652894358,10,2026-07-10T22:39:28Z,1937626.12
bsan,zeroize-1.8.2,zeroize_check_tuple,success,6.973,2.5570460081000004,0.016228360152212313,2.5578249675,2.5356916590000003,2.594050706,10,2026-07-10T22:39:56Z,1937626.12
bsan,zeroize-1.8.2,zeroize_check_zerosize_types,success,6.973,2.5426076844999996,0.020319128860756236,2.539598015,2.511343636,2.580662324,10,2026-07-10T22:40:24Z,1937626.12
bsan,zeroize-1.8.2,zeroize_maybeuninit_byte_arrays,success,6.973,2.5350336289,0.024557172369323203,2.5365186275,2.485162877,2.562024025,10,2026-07-10T22:40:52Z,1937626.12
bsan,zeroize-1.8.2,zeroize_on_drop_byte_arrays,success,6.973,2.5075292621,0.0115746538582741,2.5086255095,2.492279751,2.527559151,10,2026-07-10T22:41:19Z,1937626.12
bsan,zeroize-1.8.2,zeroize_on_drop_check_tuple,success,6.973,2.5073675652999996,0.012746996167508516,2.5100385684999997,2.487489533,2.522609156,10,2026-07-10T22:41:47Z,1937626.12
bsan,zeroize-1.8.2,zeroize_string,success,6.973,2.4921611397,0.01149325490010757,2.49481036,2.473809633,2.507958856,10,2026-07-10T22:42:14Z,1937626.12
bsan,zeroize-1.8.2,zeroize_string_entire_capacity,success,6.973,2.4811743728,0.022331283024592315,2.487062333,2.4494400240000003,2.51425105,10,2026-07-10T22:42:42Z,1937626.12
bsan,zeroize-1.8.2,zeroize_vec,success,6.973,2.4704529036,0.018027054381875813,2.4656701135,2.442218303,2.493387707,10,2026-07-10T22:43:09Z,1937626.12
bsan,zeroize-1.8.2,zeroize_vec_entire_capacity,success,6.973,2.4745482645,0.01844980133571503,2.481822143,2.434810779,2.496313728,10,2026-07-10T22:43:36Z,1937626.12
bsan,base16ct-1.0.0,hex_display_lower,success,6.351,1.8153359101,0.01521014301179333,1.8114845845,1.7890978670000002,1.840241425,10,2026-07-10T22:37:52Z,1937626.13
bsan,base16ct-1.0.0,hex_display_upper,success,6.351,1.7981243099,0.018303870335448415,1.7945360445,1.7741540910000002,1.822763045,10,2026-07-10T22:38:12Z,1937626.13
bsan,base16ct-1.0.0,lower_decode,success,6.351,1.7934531526000002,0.01457124721278733,1.7885793785000001,1.777875525,1.820939775,10,2026-07-10T22:38:32Z,1937626.13
bsan,base16ct-1.0.0,lower_encode,success,6.351,1.8043234872,0.019588367791471908,1.809094509,1.7703227680000002,1.826265092,10,2026-07-10T22:38:51Z,1937626.13
bsan,base16ct-1.0.0,lower_reject_odd_size_input,success,6.351,1.793403343,0.013667567068270907,1.7997540895,1.767495823,1.804291566,10,2026-07-10T22:39:11Z,1937626.13
bsan,base16ct-1.0.0,mixed_decode,success,6.351,1.7658985007,0.020472136515711108,1.7609273215,1.742421974,1.792634036,10,2026-07-10T22:39:31Z,1937626.13
bsan,base16ct-1.0.0,mixed_reject_odd_size_input,success,6.351,1.764604697,0.01591815222552438,1.7609610985000002,1.738863096,1.786135304,10,2026-07-10T22:39:50Z,1937626.13
bsan,base16ct-1.0.0,upper_decode,success,6.351,1.7653217877,0.01709753315226724,1.7628486795,1.745134276,1.791752827,10,2026-07-10T22:40:10Z,1937626.13
bsan,base16ct-1.0.0,upper_encode,success,6.351,1.7483644632000002,0.013145638494248494,1.7461951315,1.725311498,1.772480057,10,2026-07-10T22:40:29Z,1937626.13
bsan,base16ct-1.0.0,upper_reject_odd_size_input,success,6.351,1.7457364368000001,0.014391115294569382,1.7420888214999999,1.730129452,1.771034517,10,2026-07-10T22:40:48Z,1937626.13
bsan,tower-http-0.6.11,classify::grpc_errors_as_failures::tests::basic_error,success,318.805,1.1127682571000002,0.012261348911709234,1.1135793285,1.09580047,1.1284764520000001,10,2026-07-10T22:43:11Z,1937626.14
bsan,tower-http-0.6.11,classify::grpc_errors_as_failures::tests::basic_ok,success,318.805,1.1124955622000001,0.01492205179973433,1.108706412,1.0916803370000001,1.1317530900000001,10,2026-07-10T22:43:24Z,1937626.14
bsan,tower-http-0.6.11,classify::grpc_errors_as_failures::tests::grpc_code_from_i32_known_codes,success,318.805,1.0993545719,0.012323829670319383,1.0999979464999998,1.072457043,1.115138368,10,2026-07-10T22:43:36Z,1937626.14
bsan,tower-http-0.6.11,classify::grpc_errors_as_failures::tests::grpc_code_from_i32_unknown_codes,success,318.805,1.0977550513000003,0.007067240072672179,1.0979307585,1.088354472,1.107195345,10,2026-07-10T22:43:48Z,1937626.14
bsan,tower-http-0.6.11,classify::grpc_errors_as_failures::tests::grpc_code_from_non_zero_i32,success,318.805,1.1083153659,0.012304277345857907,1.109611148,1.091917194,1.1369571569999999,10,2026-07-10T22:44:00Z,1937626.14
bsan,tower-http-0.6.11,classify::grpc_errors_as_failures::tests::two_success_codes_first_matches,success,318.805,1.107957008,0.0043402335264061944,1.1077336309999999,1.100410772,1.114571282,10,2026-07-10T22:44:12Z,1937626.14
bsan,tower-http-0.6.11,classify::grpc_errors_as_failures::tests::two_success_codes_none_matches,success,318.805,1.107133907,0.015955724164629113,1.1051728125,1.087495822,1.144757694,10,2026-07-10T22:44:24Z,1937626.14
bsan,tower-http-0.6.11,classify::grpc_errors_as_failures::tests::two_success_codes_second_matches,success,318.805,1.1105378353,0.011351383404942635,1.1132591509999998,1.08512729,1.126146868,10,2026-07-10T22:44:37Z,1937626.14
bsan,tower-http-0.6.11,classify::status_in_range_is_error::tests::basic,success,318.805,1.0873659778,0.011722290961459514,1.081989222,1.078449553,1.112911055,10,2026-07-10T22:44:49Z,1937626.14
bsan,dyn-clone-1.0.20,test_generic_bound,success,42.580,3.511262557,0.028288881497197185,3.5120528650000002,3.4680043830000002,3.550434022,10,2026-07-10T22:38:49Z,1937626.15
bsan,dyn-clone-1.0.20,test_lifetime,success,42.580,3.4638490481000006,0.038606724778566456,3.4509866795,3.417778335,3.52543557,10,2026-07-10T22:39:28Z,1937626.15
bsan,dyn-clone-1.0.20,test_plain,success,42.580,3.4215872327,0.027617829718507996,3.420424012,3.380788644,3.475200415,10,2026-07-10T22:40:05Z,1937626.15
bsan,dyn-clone-1.0.20,test_type_parameter,success,42.580,3.4172480489000003,0.019600750990928565,3.4142768219999997,3.396165609,3.455018486,10,2026-07-10T22:40:43Z,1937626.15
bsan,dyn-clone-1.0.20,test_where_clause,success,42.580,3.3695459851999994,0.008455449017313354,3.3697767355,3.356905083,3.380007706,10,2026-07-10T22:41:20Z,1937626.15
bsan,dyn-clone-1.0.20,clone_sized,success,42.580,3.3497386729,0.019004676819471055,3.3432957775,3.332053637,3.389059764,10,2026-07-10T22:41:57Z,1937626.15
bsan,dyn-clone-1.0.20,clone_trait_object,success,42.580,3.3572477753000003,0.020199546997051405,3.3501382355000002,3.330102404,3.399281016,10,2026-07-10T22:42:34Z,1937626.15
bsan,is-terminal-0.4.17,tests::stderr,success,9.044,0.9876868998000001,0.011009219634411824,0.9858509195,0.9697714730000001,1.003094797,10,2026-07-10T22:37:54Z,1937626.16
bsan,is-terminal-0.4.17,tests::stderr_vs_libc,success,9.044,0.9934911967,0.0205119185920346,0.9932805820000001,0.9633899570000001,1.027367124,10,2026-07-10T22:38:04Z,1937626.16
bsan,is-terminal-0.4.17,tests::stdin,success,9.044,0.9859798386999999,0.015018138139255578,0.9831120185000001,0.9664162770000001,1.013777144,10,2026-07-10T22:38:15Z,1937626.16
bsan,is-terminal-0.4.17,tests::stdin_vs_libc,success,9.044,0.9823403930000001,0.00767745118727855,0.9821492620000001,0.9702587930000001,0.993850125,10,2026-07-10T22:38:26Z,1937626.16
bsan,is-terminal-0.4.17,tests::stdout,success,9.044,0.9855971946000001,0.013922344282204178,0.9856569700000001,0.969304346,1.010069412,10,2026-07-10T22:38:37Z,1937626.16
bsan,is-terminal-0.4.17,tests::stdout_vs_libc,success,9.044,0.9877533037999999,0.019718923617827493,0.9917819645000001,0.953614124,1.012025258,10,2026-07-10T22:38:48Z,1937626.16
bsan,anstyle-query-1.1.5,test::non_empty_empty,success,5.304,0.9680122402,0.014291804157832974,0.9695627535000001,0.9416420870000001,0.9851354480000001,10,2026-07-10T22:37:43Z,1937626.17
bsan,anstyle-query-1.1.5,test::non_empty_not_present,success,5.304,0.9675534221000002,0.012703106526537966,0.9641494255,0.950657454,0.98530119,10,2026-07-10T22:37:53Z,1937626.17
bsan,anstyle-query-1.1.5,test::non_empty_texty,success,5.304,0.9526406123000001,0.00856376699399535,0.9493721925,0.9446467700000001,0.9692129250000001,10,2026-07-10T22:38:04Z,1937626.17
bsan,hyper-1.10.1,error::tests::error_satisfies_send_sync,success,76.116,1.0944936043,0.016134106369692328,1.0919831115,1.0665487200000001,1.115810495,10,2026-07-10T22:39:01Z,1937626.18
bsan,hyper-1.10.1,error::tests::error_size_of,success,76.116,1.1001298651,0.019099167941705637,1.1022398105,1.06609224,1.121140177,10,2026-07-10T22:39:13Z,1937626.18
bsan,futures-task-0.3.32,noop_waker::tests::issue_2091_cross_thread_segfault,success,6.353,0.9594231900000001,0.01433364202279663,0.9563983375,0.9401031160000001,0.9863439140000001,10,2026-07-10T22:37:43Z,1937626.19
bsan,num-complex-0.4.6,cast::test::test_as_primitive,success,9.531,1.0324034751000002,0.017292056843497047,1.0314930035,1.010962519,1.061001819,10,2026-07-10T22:37:49Z,1937626.2
bsan,num-complex-0.4.6,cast::test::test_from_primitive,success,9.531,1.0179033746,0.015528572725904065,1.0160166305,0.9986280430000001,1.055743312,10,2026-07-10T22:38:00Z,1937626.2
bsan,num-complex-0.4.6,cast::test::test_num_cast,success,9.531,1.0183766864000001,0.010902729980157275,1.0209418455,1.000741216,1.030184187,10,2026-07-10T22:38:11Z,1937626.2
bsan,num-complex-0.4.6,cast::test::test_to_primitive,success,9.531,1.0208652669,0.01276987747469297,1.0220303995000002,1.006114453,1.043923454,10,2026-07-10T22:38:22Z,1937626.2
bsan,num-complex-0.4.6,complex_float::test::test_arg,success,9.531,1.022338653,0.011676057021765258,1.0218532845000001,1.006600896,1.037975637,10,2026-07-10T22:38:34Z,1937626.2
bsan,num-complex-0.4.6,complex_float::test::test_conj,success,9.531,1.0252424073000002,0.015401006178061805,1.0223788925,1.000945095,1.052601611,10,2026-07-10T22:38:45Z,1937626.2
bsan,num-complex-0.4.6,complex_float::test::test_exp,success,9.531,1.0189660629,0.0075809866968920975,1.020575875,1.007641259,1.030143978,10,2026-07-10T22:38:56Z,1937626.2
bsan,num-complex-0.4.6,complex_float::test::test_exp2,success,9.531,1.0169325490000003,0.02557306981358554,1.0131503605,0.9815190130000001,1.049987631,10,2026-07-10T22:39:07Z,1937626.2
bsan,num-complex-0.4.6,complex_float::test::test_is_finite,success,9.531,1.0065832743,0.012986653350546152,1.0112182,0.983662291,1.021089887,10,2026-07-10T22:39:18Z,1937626.2
bsan,num-complex-0.4.6,complex_float::test::test_is_infinite,success,9.531,1.0066855721,0.007156674210059493,1.0072349520000001,0.9902207980000001,1.014902982,10,2026-07-10T22:39:30Z,1937626.2
bsan,num-complex-0.4.6,complex_float::test::test_is_nan,success,9.531,1.0051324467,0.0074091604676768475,1.0069802525,0.991558354,1.016213899,10,2026-07-10T22:39:41Z,1937626.2
bsan,num-complex-0.4.6,complex_float::test::test_is_normal,success,9.531,1.0051856411,0.011338694662413572,1.0068212509999999,0.985506662,1.019865235,10,2026-07-10T22:39:52Z,1937626.2
bsan,num-complex-0.4.6,complex_float::test::test_log10,success,9.531,0.9997469969000001,0.01011767188469019,0.9959367800000001,0.987397425,1.020560516,10,2026-07-10T22:40:03Z,1937626.2
bsan,num-complex-0.4.6,complex_float::test::test_log2,success,9.531,1.0030213106,0.0064040288435502244,1.0006408025,0.997478084,1.018174182,10,2026-07-10T22:40:14Z,1937626.2
bsan,num-complex-0.4.6,complex_float::test::test_powi,success,9.531,0.995297016,0.007726511599711983,0.9972518695000001,0.9784097,1.004052947,10,2026-07-10T22:40:25Z,1937626.2
bsan,num-complex-0.4.6,complex_float::test::test_powz,success,9.531,0.9977917565000001,0.007682240454630205,0.995343905,0.988487384,1.013513245,10,2026-07-10T22:40:36Z,1937626.2
bsan,num-complex-0.4.6,test::complex_arithmetic::test_add,success,9.531,0.9961687649000002,0.015776784978194378,0.9917796005000001,0.9787271300000001,1.027698364,10,2026-07-10T22:40:47Z,1937626.2
bsan,num-complex-0.4.6,test::complex_arithmetic::test_div,success,9.531,0.9847023181000001,0.007170235862680232,0.985397178,0.9739529830000001,0.993255302,10,2026-07-10T22:40:58Z,1937626.2
bsan,num-complex-0.4.6,test::complex_arithmetic::test_mul,success,9.531,0.9875021181999999,0.010278718126579938,0.9861231715000001,0.976471097,1.00581792,10,2026-07-10T22:41:08Z,1937626.2
bsan,num-complex-0.4.6,test::complex_arithmetic::test_mul_add,success,9.531,0.9918085729000001,0.006637964325279146,0.9943929570000001,0.9786304050000001,1.001547295,10,2026-07-10T22:41:19Z,1937626.2
bsan,num-complex-0.4.6,test::complex_arithmetic::test_mul_add_float,success,9.531,0.9993898261000002,0.009995680675966234,0.9987695505,0.9835782340000001,1.018038503,10,2026-07-10T22:41:30Z,1937626.2
bsan,num-complex-0.4.6,test::complex_arithmetic::test_neg,success,9.531,0.9790672606999999,0.008162663555134602,0.9782981835000001,0.967389829,0.9910967260000001,10,2026-07-10T22:41:41Z,1937626.2
bsan,num-complex-0.4.6,test::complex_arithmetic::test_rem,success,9.531,0.9777528978,0.010759226979176466,0.9781059310000001,0.959007468,0.9951734670000001,10,2026-07-10T22:41:52Z,1937626.2
bsan,num-complex-0.4.6,test::complex_arithmetic::test_sub,success,9.531,0.9763080635,0.0096503847592887,0.9749876815,0.9605681930000001,0.9951081970000001,10,2026-07-10T22:42:03Z,1937626.2
bsan,num-complex-0.4.6,test::float::test_acos,success,9.531,0.9781022805999999,0.012489092436656673,0.9755968435000001,0.961185799,0.999942376,10,2026-07-10T22:42:13Z,1937626.2
bsan,num-complex-0.4.6,test::float::test_acosh,success,9.531,0.9774054970000001,0.012978085344083175,0.9751788855000001,0.9591198830000001,1.001988513,10,2026-07-10T22:42:24Z,1937626.2
bsan,num-complex-0.4.6,test::float::test_arg,success,9.531,0.9810517141,0.009477464447610977,0.982937684,0.966226616,0.992185403,10,2026-07-10T22:42:35Z,1937626.2
bsan,num-complex-0.4.6,test::float::test_asin,success,9.531,0.9687642948,0.008087144956901042,0.9663769455000001,0.957339888,0.979438439,10,2026-07-10T22:42:46Z,1937626.2
bsan,num-complex-0.4.6,test::float::test_asinh,success,9.531,0.9693572263,0.009281883944976518,0.9711191400000001,0.949719093,0.984761851,10,2026-07-10T22:42:56Z,1937626.2
bsan,num-complex-0.4.6,test::float::test_atan,success,9.531,0.9674939801000001,0.012068875440903891,0.9659297565,0.951578632,0.9879918900000001,10,2026-07-10T22:43:07Z,1937626.2
bsan,num-complex-0.4.6,test::float::test_atanh,success,9.531,0.9704222394,0.011066675298793684,0.9701968355000001,0.9522880610000001,0.9939920160000001,10,2026-07-10T22:43:18Z,1937626.2
bsan,num-complex-0.4.6,test::float::test_cbrt,success,9.531,0.9681304142,0.007743394479075895,0.9670787605000001,0.9573746230000001,0.9831215600000001,10,2026-07-10T22:43:28Z,1937626.2
bsan,num-complex-0.4.6,test::float::test_cbrt_imag,success,9.531,0.9728794980000002,0.012947010270464781,0.968864602,0.9551898740000001,0.9958429360000001,10,2026-07-10T22:43:39Z,1937626.2
bsan,num-complex-0.4.6,test::float::test_cbrt_real,success,9.531,0.9713491468,0.006784825828414942,0.972727455,0.9601116850000001,0.979357248,10,2026-07-10T22:43:50Z,1937626.2
bsan,num-complex-0.4.6,test::float::test_cis,success,9.531,0.9697666568000001,0.008274639530789754,0.9728302875000001,0.954943634,0.978060193,10,2026-07-10T22:44:00Z,1937626.2
bsan,num-complex-0.4.6,test::float::test_cos,success,9.531,0.9618937335000002,0.008413745732544112,0.961189162,0.951301672,0.974763515,10,2026-07-10T22:44:11Z,1937626.2
bsan,num-complex-0.4.6,test::float::test_cosh,success,9.531,0.9547104052,0.008128338929058962,0.9532404240000001,0.944917364,0.971353313,10,2026-07-10T22:44:22Z,1937626.2
bsan,num-complex-0.4.6,test::float::test_exp,success,9.531,0.9790598408000001,0.010959512360140642,0.9806810930000001,0.960564759,0.996612287,10,2026-07-10T22:44:32Z,1937626.2
bsan,num-complex-0.4.6,test::float::test_exp2,success,9.531,0.9616588835,0.012374506354411733,0.9594015170000001,0.9454702760000001,0.9783103790000001,10,2026-07-10T22:44:43Z,1937626.2
bsan,num-complex-0.4.6,test::float::test_exp2_log,success,9.531,0.9548186254000003,0.0119824352448552,0.9528975780000001,0.931797969,0.9724349860000001,10,2026-07-10T22:44:53Z,1937626.2
bsan,num-complex-0.4.6,test::float::test_exp_ln,success,9.531,0.950391737,0.01141396167822809,0.9469316170000001,0.932193244,0.9682121050000001,10,2026-07-10T22:45:04Z,1937626.2
bsan,num-complex-0.4.6,test::float::test_hyperbolic_identites,success,9.531,0.9446841918000001,0.010632745842198005,0.944023236,0.9266902450000001,0.9598122830000001,10,2026-07-10T22:45:14Z,1937626.2
bsan,num-complex-0.4.6,test::float::test_ln,success,9.531,0.9481400715000001,0.00712613118775386,0.9478479020000001,0.9396022140000001,0.960385158,10,2026-07-10T22:45:25Z,1937626.2
bsan,num-complex-0.4.6,test::float::test_log,success,9.531,0.9482743730000001,0.012070755551460187,0.9429495370000001,0.9304061950000001,0.965100417,10,2026-07-10T22:45:35Z,1937626.2
bsan,num-complex-0.4.6,test::float::test_log10,success,9.531,0.9442606374,0.009433771092980698,0.9425968950000001,0.9333772370000001,0.9660862360000001,10,2026-07-10T22:45:45Z,1937626.2
bsan,num-complex-0.4.6,test::float::test_log2,success,9.531,0.9466698018999999,0.014970022435223948,0.9448861040000001,0.9276983240000001,0.9798236880000001,10,2026-07-10T22:45:56Z,1937626.2
bsan,num-complex-0.4.6,test::float::test_norm,success,9.531,0.944201335,0.0170334361610897,0.9461008935000002,0.919338948,0.9648216890000001,10,2026-07-10T22:46:06Z,1937626.2
bsan,num-complex-0.4.6,test::float::test_polar_conv,success,9.531,0.9268327724000003,0.007118374236259203,0.9246224525000001,0.916030399,0.9377642,10,2026-07-10T22:46:16Z,1937626.2
bsan,num-complex-0.4.6,test::float::test_powc,success,9.531,0.9353838950000002,0.013728494993131108,0.9318785395,0.9179728760000001,0.9671572740000001,10,2026-07-10T22:46:27Z,1937626.2
bsan,num-complex-0.4.6,test::float::test_powf,success,9.531,0.9315541524000001,0.010178313870723514,0.928404832,0.9202570010000001,0.9530841250000001,10,2026-07-10T22:46:37Z,1937626.2
bsan,num-complex-0.4.6,test::float::test_sin,success,9.531,0.9333620395000002,0.010536877172565177,0.931486324,0.917021229,0.95257913,10,2026-07-10T22:46:47Z,1937626.2
bsan,num-complex-0.4.6,test::float::test_sinh,success,9.531,0.9304657300000001,0.013603541509996847,0.9288464355,0.910495453,0.949795559,10,2026-07-10T22:46:58Z,1937626.2
bsan,num-complex-0.4.6,test::float::test_some_expf_cases,success,9.531,0.9288484281999999,0.011892550785419884,0.9297194155000001,0.9059149940000001,0.9485816960000001,10,2026-07-10T22:47:08Z,1937626.2
bsan,num-complex-0.4.6,test::float::test_sqrt,success,9.531,0.9302482146,0.014348774405089432,0.926696253,0.91317276,0.965989278,10,2026-07-10T22:47:18Z,1937626.2
bsan,num-complex-0.4.6,test::float::test_sqrt_imag,success,9.531,0.938983093,0.016518243388895407,0.9379354280000001,0.9173888790000001,0.964041361,10,2026-07-10T22:47:28Z,1937626.2
bsan,num-complex-0.4.6,test::float::test_sqrt_real,success,9.531,0.9417800674000001,0.014254576113949608,0.9438746975000001,0.9095953630000001,0.9650681720000001,10,2026-07-10T22:47:39Z,1937626.2
bsan,num-complex-0.4.6,test::float::test_tan,success,9.531,0.9344902263,0.011590844996250205,0.939081574,0.9147414890000001,0.9465175950000001,10,2026-07-10T22:47:49Z,1937626.2
bsan,num-complex-0.4.6,test::float::test_tanh,success,9.531,0.9311731298000001,0.015063507608052164,0.931985611,0.9097292720000001,0.9508706520000001,10,2026-07-10T22:47:59Z,1937626.2
bsan,num-complex-0.4.6,test::float::test_trig_identities,success,9.531,0.9326982313000002,0.014950419545237455,0.9320859325,0.9164481480000001,0.9686152690000001,10,2026-07-10T22:48:10Z,1937626.2
bsan,num-complex-0.4.6,test::float::test_trig_to_hyperbolic,success,9.531,0.9313215608000002,0.017260987912878622,0.9300497965000001,0.9022927060000001,0.9622716950000001,10,2026-07-10T22:48:20Z,1937626.2
bsan,num-complex-0.4.6,test::real_arithmetic::test_add,success,9.531,0.9308436662000001,0.01700728537052111,0.9280768635000001,0.8969510390000001,0.954175113,10,2026-07-10T22:48:30Z,1937626.2
bsan,num-complex-0.4.6,test::real_arithmetic::test_div,success,9.531,0.9321611699,0.008251982174360408,0.9328861925,0.917914285,0.944154864,10,2026-07-10T22:48:40Z,1937626.2
bsan,num-complex-0.4.6,test::real_arithmetic::test_div_rem_gaussian,success,9.531,0.9422906066000001,0.017984999900323574,0.944287318,0.910944602,0.9672269450000001,10,2026-07-10T22:48:51Z,1937626.2
bsan,num-complex-0.4.6,test::real_arithmetic::test_mul,success,9.531,0.92853943,0.010185360130586173,0.9276890150000001,0.917128644,0.953255201,10,2026-07-10T22:49:01Z,1937626.2
bsan,num-complex-0.4.6,test::real_arithmetic::test_rem,success,9.531,0.9293838501000001,0.008417274196228959,0.9311528275000001,0.913114924,0.9426272840000001,10,2026-07-10T22:49:11Z,1937626.2
bsan,num-complex-0.4.6,test::real_arithmetic::test_sub,success,9.531,0.9215415660000001,0.009272557496868908,0.9198702750000001,0.908995011,0.9403013830000001,10,2026-07-10T22:49:21Z,1937626.2
bsan,num-complex-0.4.6,test::test_conj,success,9.531,0.9241473280000001,0.014237111630615045,0.92377759,0.896838546,0.943449359,10,2026-07-10T22:49:31Z,1937626.2
bsan,num-complex-0.4.6,test::test_const,success,9.531,0.923574711,0.009425695412215874,0.922086032,0.9074884070000001,0.935878604,10,2026-07-10T22:49:42Z,1937626.2
bsan,num-complex-0.4.6,test::test_consts,success,9.531,0.9161308760000001,0.014130016014543077,0.9163868195,0.8980358340000001,0.944042409,10,2026-07-10T22:49:52Z,1937626.2
bsan,num-complex-0.4.6,test::test_divide_by_zero_natural,success,9.531,0.9236449637999999,0.011130551352325544,0.921513746,0.9014376460000001,0.9430095770000001,10,2026-07-10T22:50:02Z,1937626.2
bsan,num-complex-0.4.6,test::test_from_str,success,9.531,0.9555637257999999,0.020484767222339433,0.9513652145,0.92679727,1.004107048,10,2026-07-10T22:50:12Z,1937626.2
bsan,num-complex-0.4.6,test::test_from_str_fail,success,9.531,0.9224278007000001,0.011696124204769488,0.9229907745000001,0.9045873010000001,0.940902384,10,2026-07-10T22:50:23Z,1937626.2
bsan,num-complex-0.4.6,test::test_from_str_radix,success,9.531,0.9316256489000001,0.01460372767188772,0.9277072015000001,0.914344617,0.9571060520000001,10,2026-07-10T22:50:33Z,1937626.2
bsan,num-complex-0.4.6,test::test_from_str_radix_fail,success,9.531,0.9315509189,0.010265439407954099,0.9337776210000001,0.916657677,0.948095911,10,2026-07-10T22:50:43Z,1937626.2
bsan,num-complex-0.4.6,test::test_hash,success,9.531,0.9259408085000003,0.012766875316483397,0.9278780065000001,0.9034687760000001,0.945382283,10,2026-07-10T22:50:53Z,1937626.2
bsan,num-complex-0.4.6,test::test_hashset,success,9.531,0.9341546122000001,0.009855464379321588,0.9331516080000001,0.919510876,0.95030179,10,2026-07-10T22:51:03Z,1937626.2
bsan,num-complex-0.4.6,test::test_inv,success,9.531,0.9240445198000001,0.0064342926554974735,0.9247596085,0.9153773580000001,0.935870449,10,2026-07-10T22:51:14Z,1937626.2
bsan,num-complex-0.4.6,test::test_inv_zero,success,9.531,0.9217035424000002,0.0038713898446783115,0.9220694075,0.9159872830000001,0.928942441,10,2026-07-10T22:51:24Z,1937626.2
bsan,num-complex-0.4.6,test::test_is_finite,success,9.531,0.9099284423,0.014186602287442647,0.9099766425,0.885310326,0.930302477,10,2026-07-10T22:51:34Z,1937626.2
bsan,num-complex-0.4.6,test::test_is_infinite,success,9.531,0.9097072096,0.019320856883320515,0.9024276130000001,0.888834408,0.9447164140000001,10,2026-07-10T22:51:44Z,1937626.2
bsan,num-complex-0.4.6,test::test_is_nan,success,9.531,0.9070806601000001,0.02559477974862826,0.9069831545,0.866129971,0.9526311700000001,10,2026-07-10T22:51:54Z,1937626.2
bsan,num-complex-0.4.6,test::test_is_nan_special_cases,success,9.531,0.9013088194,0.009313563518768143,0.900880136,0.8859136160000001,0.9229476470000001,10,2026-07-10T22:52:04Z,1937626.2
bsan,num-complex-0.4.6,test::test_is_normal,success,9.531,0.9059163689000002,0.01371313517893265,0.902807898,0.8892433000000001,0.9323222910000001,10,2026-07-10T22:52:14Z,1937626.2
bsan,num-complex-0.4.6,test::test_l1_norm,success,9.531,0.8983666787000001,0.006618444028934836,0.8990219610000001,0.890009107,0.908748827,10,2026-07-10T22:52:24Z,1937626.2
bsan,num-complex-0.4.6,test::test_one,success,9.531,0.9031834876,0.014181061133094471,0.905045216,0.885788059,0.932359767,10,2026-07-10T22:52:34Z,1937626.2
bsan,num-complex-0.4.6,test::test_pow,success,9.531,0.9206258544999999,0.013554347682864287,0.9190327060000001,0.895764364,0.945586872,10,2026-07-10T22:52:44Z,1937626.2
bsan,num-complex-0.4.6,test::test_prod,success,9.531,0.897681131,0.008644488155374335,0.8942496005,0.8887046660000001,0.913913645,10,2026-07-10T22:52:54Z,1937626.2
bsan,num-complex-0.4.6,test::test_scale_unscale,success,9.531,0.9107164984,0.018440643633641396,0.9102064845,0.884727288,0.942307277,10,2026-07-10T22:53:04Z,1937626.2
bsan,num-complex-0.4.6,test::test_string_formatting,success,9.531,0.9283099402000001,0.010793862135344244,0.929941304,0.9095794140000001,0.9496169430000001,10,2026-07-10T22:53:14Z,1937626.2
bsan,num-complex-0.4.6,test::test_sum,success,9.531,0.9081542244999999,0.013569909819133367,0.905311194,0.889990728,0.9285445680000001,10,2026-07-10T22:53:24Z,1937626.2
bsan,num-complex-0.4.6,test::test_to_string,success,9.531,0.9018922530000001,0.021679822601745842,0.8940103095,0.8724024060000001,0.934241202,10,2026-07-10T22:53:34Z,1937626.2
bsan,num-complex-0.4.6,test::test_zero,success,9.531,0.9004557136000001,0.010274394794523403,0.8987771360000001,0.8862915250000001,0.9189804340000001,10,2026-07-10T22:53:44Z,1937626.2
bsan,nu-ansi-term-0.50.3,ansi::test::black,success,13.191,1.8233156789999998,0.014849395640386892,1.820275772,1.809412155,1.8570500540000001,10,2026-07-10T22:38:01Z,1937626.3
bsan,nu-ansi-term-0.50.3,ansi::test::blink,success,13.191,1.823220477,0.028344614854259268,1.8271409425,1.7825956870000002,1.871887939,10,2026-07-10T22:38:21Z,1937626.3
bsan,nu-ansi-term-0.50.3,ansi::test::blue_on_rgb,success,13.191,1.8393423753999998,0.016940184970565642,1.831220686,1.8192258950000002,1.8662642100000002,10,2026-07-10T22:38:41Z,1937626.3
bsan,nu-ansi-term-0.50.3,ansi::test::blue_underline,success,13.191,1.8086319951,0.028783585316589422,1.7980486335,1.78490228,1.86891443,10,2026-07-10T22:39:01Z,1937626.3
bsan,nu-ansi-term-0.50.3,ansi::test::bold,success,13.191,1.8070108216,0.01691249382060673,1.810816696,1.7786209350000002,1.83662198,10,2026-07-10T22:39:21Z,1937626.3
bsan,nu-ansi-term-0.50.3,ansi::test::bold_with_reset,success,13.191,1.7901063826,0.014539987447801191,1.7949784115,1.768944896,1.8081383610000001,10,2026-07-10T22:39:41Z,1937626.3
bsan,nu-ansi-term-0.50.3,ansi::test::bold_with_reset_2,success,13.191,1.7832566982000002,0.015574841759842866,1.783863051,1.762065951,1.81362935,10,2026-07-10T22:40:00Z,1937626.3
bsan,nu-ansi-term-0.50.3,ansi::test::bunderline,success,13.191,1.7871528419,0.017037932408429025,1.788552535,1.763463283,1.819869609,10,2026-07-10T22:40:20Z,1937626.3
bsan,nu-ansi-term-0.50.3,ansi::test::cyan_bold_on_white,success,13.191,1.7731319577,0.01007595310551314,1.772678847,1.759296592,1.788669992,10,2026-07-10T22:40:40Z,1937626.3
bsan,nu-ansi-term-0.50.3,ansi::test::cyan_bold_ul_on_white,success,13.191,1.7710211453,0.012383126322102865,1.767130613,1.751132071,1.792863427,10,2026-07-10T22:40:59Z,1937626.3
bsan,nu-ansi-term-0.50.3,ansi::test::cyan_ul_bold_on_white,success,13.191,1.7587337965,0.014663764048285248,1.753483268,1.745033881,1.7857205930000002,10,2026-07-10T22:41:18Z,1937626.3
bsan,nu-ansi-term-0.50.3,ansi::test::cyan_ul_on_white,success,13.191,1.7564040985000002,0.012077556865605176,1.757329903,1.7344845910000002,1.774069359,10,2026-07-10T22:41:38Z,1937626.3
bsan,nu-ansi-term-0.50.3,ansi::test::dimmed,success,13.191,1.7514460715000002,0.008960836035169987,1.753476897,1.7372194460000001,1.764640199,10,2026-07-10T22:41:57Z,1937626.3
bsan,nu-ansi-term-0.50.3,ansi::test::fixed,success,13.191,1.7560150825,0.01520734697738461,1.7514154205,1.740270382,1.783879355,10,2026-07-10T22:42:16Z,1937626.3
bsan,nu-ansi-term-0.50.3,ansi::test::fixed_on_fixed,success,13.191,1.7453629564,0.005912512732072316,1.7458416635,1.733573511,1.753476137,10,2026-07-10T22:42:36Z,1937626.3
bsan,nu-ansi-term-0.50.3,ansi::test::fixed_on_purple,success,13.191,1.7252971328000002,0.013820989687404287,1.7256214195000001,1.692925764,1.746416134,10,2026-07-10T22:42:55Z,1937626.3
bsan,nu-ansi-term-0.50.3,ansi::test::green_bold_ul,success,13.191,1.7391101636000001,0.013465501018140709,1.7374322735,1.719517555,1.759378906,10,2026-07-10T22:43:14Z,1937626.3
bsan,nu-ansi-term-0.50.3,ansi::test::green_bold_ul_2,success,13.191,1.7355072740999997,0.013875541064449324,1.7333725025,1.715360192,1.766311504,10,2026-07-10T22:43:33Z,1937626.3
bsan,nu-ansi-term-0.50.3,ansi::test::hidden,success,13.191,1.7242468276999996,0.010742041101116036,1.726518901,1.702390158,1.735076454,10,2026-07-10T22:43:52Z,1937626.3
bsan,nu-ansi-term-0.50.3,ansi::test::italic,success,13.191,1.7249047548,0.01261121756518185,1.7236816154999999,1.701319285,1.7468206689999999,10,2026-07-10T22:44:11Z,1937626.3
bsan,nu-ansi-term-0.50.3,ansi::test::lr_on_lr,success,13.191,1.7332957114999998,0.009613132963784117,1.731812459,1.719152752,1.748621664,10,2026-07-10T22:44:30Z,1937626.3
bsan,nu-ansi-term-0.50.3,ansi::test::magenta_on_white,success,13.191,1.7113232367000002,0.021562689933052895,1.7052326240000002,1.680161873,1.749265719,10,2026-07-10T22:44:49Z,1937626.3
bsan,nu-ansi-term-0.50.3,ansi::test::magenta_on_white_2,success,13.191,1.6958533971999998,0.01741418557889126,1.694173713,1.673203967,1.719101898,10,2026-07-10T22:45:07Z,1937626.3
bsan,nu-ansi-term-0.50.3,ansi::test::plain,success,13.191,1.6966609929,0.01585639860400964,1.6958849455,1.671474452,1.719184746,10,2026-07-10T22:45:26Z,1937626.3
bsan,nu-ansi-term-0.50.3,ansi::test::purple_on_white,success,13.191,1.6943477415000001,0.0127204403377633,1.6938856535,1.6770277070000001,1.722791058,10,2026-07-10T22:45:45Z,1937626.3
bsan,nu-ansi-term-0.50.3,ansi::test::purple_on_white_2,success,13.191,1.7041316209000001,0.021901158276579118,1.711433548,1.66946112,1.7341130050000002,10,2026-07-10T22:46:03Z,1937626.3
bsan,nu-ansi-term-0.50.3,ansi::test::red,success,13.191,1.6653568927999998,0.013470253829488733,1.6651234735,1.648057506,1.688533267,10,2026-07-10T22:46:22Z,1937626.3
bsan,nu-ansi-term-0.50.3,ansi::test::reverse,success,13.191,1.6512101818000002,0.008993639725895047,1.6524239365,1.6335179960000001,1.664290695,10,2026-07-10T22:46:40Z,1937626.3
bsan,nu-ansi-term-0.50.3,ansi::test::rgb,success,13.191,1.6662866783999999,0.016518419855172488,1.667461997,1.645521567,1.6970230110000002,10,2026-07-10T22:46:58Z,1937626.3
bsan,nu-ansi-term-0.50.3,ansi::test::rgb_on_blue,success,13.191,1.660936444,0.01729262160322942,1.6606988285000002,1.639956025,1.6985888789999999,10,2026-07-10T22:47:16Z,1937626.3
bsan,nu-ansi-term-0.50.3,ansi::test::rgb_on_rgb,success,13.191,1.664187421,0.02298835400265897,1.6627028415,1.618068365,1.689548721,10,2026-07-10T22:47:35Z,1937626.3
bsan,nu-ansi-term-0.50.3,ansi::test::stricken,success,13.191,1.6661251695000001,0.0080354827872002,1.664240017,1.654707951,1.6806185359999999,10,2026-07-10T22:47:53Z,1937626.3
bsan,nu-ansi-term-0.50.3,ansi::test::test_infix,success,13.191,1.6597036985,0.018291347937350478,1.653486262,1.639243949,1.7031129740000002,10,2026-07-10T22:48:11Z,1937626.3
bsan,nu-ansi-term-0.50.3,ansi::test::test_write_prefix_no_gnu_compat_order,success,13.191,1.672898996,0.011221718433289726,1.6694601155000002,1.6583674400000001,1.6912504190000002,10,2026-07-10T22:48:30Z,1937626.3
bsan,nu-ansi-term-0.50.3,ansi::test::underline,success,13.191,1.6665819661,0.02304198723013094,1.6618607185,1.6360961170000001,1.707815239,10,2026-07-10T22:48:48Z,1937626.3
bsan,nu-ansi-term-0.50.3,ansi::test::yellow_bold,success,13.191,1.6609703594000003,0.015082163374767631,1.6555331825000001,1.640828248,1.689096943,10,2026-07-10T22:49:07Z,1937626.3
bsan,nu-ansi-term-0.50.3,ansi::test::yellow_bold_2,success,13.191,1.6502015792000002,0.0066138844841835236,1.6494556575000001,1.642011998,1.662079045,10,2026-07-10T22:49:25Z,1937626.3
bsan,nu-ansi-term-0.50.3,ansi::test::yellow_on_blue,success,13.191,1.6515842671999998,0.015469549957303168,1.658613208,1.620804883,1.667104525,10,2026-07-10T22:49:43Z,1937626.3
bsan,nu-ansi-term-0.50.3,ansi::test::yellow_on_blue_2,success,13.191,1.6518617439,0.01712388584297006,1.657730705,1.623624848,1.682183092,10,2026-07-10T22:50:01Z,1937626.3
bsan,nu-ansi-term-0.50.3,ansi::test::yellow_on_blue_reset,success,13.191,1.6489798044000001,0.025137803979940636,1.646502993,1.6192737350000002,1.708916557,10,2026-07-10T22:50:19Z,1937626.3
bsan,nu-ansi-term-0.50.3,ansi::test::yellow_on_blue_reset_2,success,13.191,1.6467831216,0.014343461963783664,1.6410332715,1.632432179,1.670107303,10,2026-07-10T22:50:37Z,1937626.3
bsan,nu-ansi-term-0.50.3,debug::test::bold,success,13.191,1.6551170413,0.01832725822385964,1.6519227435000001,1.62038437,1.681997997,10,2026-07-10T22:50:56Z,1937626.3
bsan,nu-ansi-term-0.50.3,debug::test::both,success,13.191,1.6433052549,0.015398303337438543,1.648362217,1.618592626,1.664234031,10,2026-07-10T22:51:14Z,1937626.3
bsan,nu-ansi-term-0.50.3,debug::test::empty,success,13.191,1.6402072882000003,0.014751105937504753,1.6372924685,1.625270435,1.669496948,10,2026-07-10T22:51:32Z,1937626.3
bsan,nu-ansi-term-0.50.3,debug::test::everything,success,13.191,1.6252471285999999,0.040403853887466354,1.606671232,1.583384667,1.694045851,10,2026-07-10T22:51:50Z,1937626.3
bsan,nu-ansi-term-0.50.3,debug::test::italic,success,13.191,1.6094311285000003,0.010616718530251347,1.6088647735000001,1.590315227,1.622682275,10,2026-07-10T22:52:07Z,1937626.3
bsan,nu-ansi-term-0.50.3,debug::test::long_and_detailed,success,13.191,1.6238734348000001,0.01141518296066788,1.6269339260000002,1.5986778990000001,1.639694398,10,2026-07-10T22:52:25Z,1937626.3
bsan,nu-ansi-term-0.50.3,debug::test::red,success,13.191,1.6112651599999999,0.017006567278634567,1.6112270795,1.586415944,1.644309673,10,2026-07-10T22:52:43Z,1937626.3
bsan,nu-ansi-term-0.50.3,debug::test::redblue,success,13.191,1.6123517621999999,0.017867271166617113,1.6086107085,1.589638866,1.6488806839999999,10,2026-07-10T22:53:01Z,1937626.3
bsan,nu-ansi-term-0.50.3,difference::test::addition_of_blink,success,13.191,1.6204872934,0.01660806978402977,1.624775317,1.589653714,1.640896876,10,2026-07-10T22:53:19Z,1937626.3
bsan,nu-ansi-term-0.50.3,difference::test::addition_of_dimmed,success,13.191,1.6082974358000002,0.023638550570851857,1.6084051285,1.565751798,1.6541630569999999,10,2026-07-10T22:53:36Z,1937626.3
bsan,nu-ansi-term-0.50.3,difference::test::addition_of_hidden,success,13.191,1.5935285935000003,0.03156512131763766,1.5936025855,1.546120361,1.641500224,10,2026-07-10T22:53:54Z,1937626.3
bsan,nu-ansi-term-0.50.3,difference::test::addition_of_reverse,success,13.191,1.5795627955,0.02090759585621994,1.577290027,1.549336822,1.6219831949999999,10,2026-07-10T22:54:11Z,1937626.3
bsan,nu-ansi-term-0.50.3,difference::test::addition_of_strikethrough,success,13.191,1.5781601937999998,0.031805889334368884,1.568315223,1.544988601,1.650265819,10,2026-07-10T22:54:29Z,1937626.3
bsan,nu-ansi-term-0.50.3,difference::test::color_change,success,13.191,1.5896533097,0.03130962981462545,1.5858075145,1.554264651,1.664238825,10,2026-07-10T22:54:46Z,1937626.3
bsan,nu-ansi-term-0.50.3,difference::test::lowercase,success,13.191,1.5889041508000001,0.02542343715404782,1.5844656585,1.561959032,1.654505237,10,2026-07-10T22:55:04Z,1937626.3
bsan,nu-ansi-term-0.50.3,difference::test::nothing,success,13.191,1.5799290948000002,0.022140994459805073,1.5817957655,1.548734052,1.608317354,10,2026-07-10T22:55:21Z,1937626.3
bsan,nu-ansi-term-0.50.3,difference::test::nothing2,success,13.191,1.5812675666,0.014256335547092132,1.5842457735,1.5480321140000002,1.6011100530000002,10,2026-07-10T22:55:38Z,1937626.3
bsan,nu-ansi-term-0.50.3,difference::test::removal_of_blink,success,13.191,1.5852349559999999,0.02998158913779893,1.584330317,1.539844091,1.63206616,10,2026-07-10T22:55:56Z,1937626.3
bsan,nu-ansi-term-0.50.3,difference::test::removal_of_dimmed,success,13.191,1.5835253229000004,0.02207635638192584,1.580659629,1.542853102,1.6215895960000002,10,2026-07-10T22:56:13Z,1937626.3
bsan,nu-ansi-term-0.50.3,difference::test::removal_of_hidden,success,13.191,1.5797179075,0.025090632584374967,1.5784127225,1.539999949,1.6326120510000002,10,2026-07-10T22:56:31Z,1937626.3
bsan,nu-ansi-term-0.50.3,difference::test::removal_of_reverse,success,13.191,1.5716447848000001,0.01186010591844143,1.5710455915,1.554168657,1.5934783110000001,10,2026-07-10T22:56:48Z,1937626.3
bsan,nu-ansi-term-0.50.3,difference::test::removal_of_strikethrough,success,13.191,1.5646954254,0.020281517748992176,1.5664757135,1.524945137,1.597984183,10,2026-07-10T22:57:05Z,1937626.3
bsan,nu-ansi-term-0.50.3,difference::test::uppercase,success,13.191,1.5887078277,0.029883326477056372,1.5759286665,1.559958658,1.642402579,10,2026-07-10T22:57:23Z,1937626.3
bsan,nu-ansi-term-0.50.3,display::tests::hyperlink,success,13.191,1.5891476847000001,0.027269309362874344,1.5782992789999999,1.5569897830000001,1.6395964200000002,10,2026-07-10T22:57:40Z,1937626.3
bsan,nu-ansi-term-0.50.3,display::tests::hyperlinks,success,13.191,1.595496226,0.01706373915962994,1.5882991770000001,1.572584751,1.628799033,10,2026-07-10T22:57:58Z,1937626.3
bsan,nu-ansi-term-0.50.3,display::tests::no_control_codes_for_plain,success,13.191,1.5684135832,0.023404599874080046,1.574986631,1.528137984,1.595267913,10,2026-07-10T22:58:15Z,1937626.3
bsan,nu-ansi-term-0.50.3,display::tests::title,success,13.191,1.586313526,0.021972226899788585,1.583197916,1.559612441,1.621964968,10,2026-07-10T22:58:32Z,1937626.3
bsan,nu-ansi-term-0.50.3,util::test::test,success,13.191,1.5907593869000003,0.03600309892696207,1.588787269,1.5485558799999999,1.645000418,10,2026-07-10T22:58:50Z,1937626.3
bsan,nu-ansi-term-0.50.3,manual_instance_style,success,13.191,1.5644428769999998,0.01662749755096343,1.5578171969999999,1.54221681,1.587329466,10,2026-07-10T22:59:07Z,1937626.3
bsan,fixedbitset-0.5.7,binary_trait,success,15.336,1.8058811892000002,0.024384236865048627,1.8090691170000002,1.767524528,1.838552712,10,2026-07-10T22:38:02Z,1937626.4
bsan,fixedbitset-0.5.7,bitand_assign_longer,success,15.336,1.8022062192,0.01945032173787686,1.80455179,1.765181785,1.832072659,10,2026-07-10T22:38:22Z,1937626.4
bsan,fixedbitset-0.5.7,bitand_assign_shorter,success,15.336,1.8246431561,0.024168335491865207,1.822136425,1.78768877,1.867514754,10,2026-07-10T22:38:42Z,1937626.4
bsan,fixedbitset-0.5.7,bitand_equal_lengths,success,15.336,1.8188476310000001,0.022774993447111123,1.8104274675,1.796868453,1.867445483,10,2026-07-10T22:39:02Z,1937626.4
bsan,fixedbitset-0.5.7,bitand_first_larger,success,15.336,1.7898988905000004,0.02421284493465456,1.7891469260000001,1.7444976620000001,1.824978487,10,2026-07-10T22:39:21Z,1937626.4
bsan,fixedbitset-0.5.7,bitand_first_smaller,success,15.336,1.7802573801999997,0.017522451657656868,1.7782651605,1.761124162,1.8153847230000002,10,2026-07-10T22:39:41Z,1937626.4
bsan,fixedbitset-0.5.7,bitor_assign_longer,success,15.336,1.7679446811000001,0.014175657006720115,1.7701328865,1.73934121,1.785465158,10,2026-07-10T22:40:00Z,1937626.4
bsan,fixedbitset-0.5.7,bitor_assign_shorter,success,15.336,1.7696823722999997,0.01542872925651366,1.769265915,1.750910683,1.793347898,10,2026-07-10T22:40:20Z,1937626.4
bsan,fixedbitset-0.5.7,bitor_equal_lengths,success,15.336,1.7597180663,0.01133225166800786,1.7614168445000002,1.738575428,1.7737417500000001,10,2026-07-10T22:40:39Z,1937626.4
bsan,fixedbitset-0.5.7,bitor_first_larger,success,15.336,1.7500569436,0.011788511113714222,1.7464513265000001,1.735652347,1.7735505800000002,10,2026-07-10T22:40:59Z,1937626.4
bsan,fixedbitset-0.5.7,bitor_first_smaller,success,15.336,1.7338625519000002,0.011076207103916805,1.7310791355,1.71794818,1.750361964,10,2026-07-10T22:41:18Z,1937626.4
bsan,fixedbitset-0.5.7,bitxor_assign_longer,success,15.336,1.7431706623,0.019566053915200148,1.7435682300000002,1.715308399,1.77047635,10,2026-07-10T22:41:37Z,1937626.4
bsan,fixedbitset-0.5.7,bitxor_assign_shorter,success,15.336,1.7330849925999998,0.01178647666442435,1.731098599,1.716148655,1.751841189,10,2026-07-10T22:41:56Z,1937626.4
bsan,fixedbitset-0.5.7,bitxor_equal_lengths,success,15.336,1.7345374353,0.012863990877995937,1.7344174150000002,1.7164910180000001,1.75660479,10,2026-07-10T22:42:15Z,1937626.4
bsan,fixedbitset-0.5.7,bitxor_first_larger,success,15.336,1.7338407871999997,0.010902237869138512,1.7323630405000001,1.719673226,1.757580608,10,2026-07-10T22:42:34Z,1937626.4
bsan,fixedbitset-0.5.7,bitxor_first_smaller,success,15.336,1.7149249445000003,0.011337615852320975,1.713328731,1.6998826870000001,1.7319595470000002,10,2026-07-10T22:42:53Z,1937626.4
bsan,fixedbitset-0.5.7,clone,success,15.336,84.72187040979999,2.0185715214459297,84.794638381,82.252377044,87.476488878,10,2026-07-10T22:58:30Z,1937626.4
bsan,fixedbitset-0.5.7,contains_all_in_range,success,15.336,1.5780142405,0.029978121420533334,1.5791271635000002,1.54285409,1.643837729,10,2026-07-10T22:58:48Z,1937626.4
bsan,fixedbitset-0.5.7,contains_any_in_range,success,15.336,1.5615027422999999,0.020840200936689746,1.562206371,1.535722341,1.596783896,10,2026-07-10T22:59:05Z,1937626.4
bsan,fixedbitset-0.5.7,copy_bit,success,15.336,1.5231162416000001,0.03246739865080894,1.5188703765,1.493016809,1.608132161,10,2026-07-10T22:59:22Z,1937626.4
bsan,fixedbitset-0.5.7,count_ones,success,15.336,1.5039959897999997,0.011733765814469433,1.5090206890000002,1.483864601,1.516040382,10,2026-07-10T22:59:38Z,1937626.4
bsan,fixedbitset-0.5.7,count_ones_negative_range,success,15.336,1.5306003282,0.024515919737703736,1.5232619055,1.505867907,1.584774635,10,2026-07-10T22:59:55Z,1937626.4
bsan,fixedbitset-0.5.7,count_ones_oob,success,15.336,1.5278179349000003,0.012608072226379372,1.5255967915,1.511147088,1.5479806580000002,10,2026-07-10T23:00:12Z,1937626.4
bsan,fixedbitset-0.5.7,count_ones_panic,success,15.336,38.1391374105,0.24086467609658097,38.0855819585,37.876689357000004,38.49467372,10,2026-07-10T23:07:11Z,1937626.4
bsan,fixedbitset-0.5.7,count_zeroes,success,15.336,1.4933357352,0.021040997468888708,1.499356064,1.4574893260000001,1.51569101,10,2026-07-10T23:07:28Z,1937626.4
bsan,fixedbitset-0.5.7,default,success,15.336,1.5147962981999998,0.016794407106558926,1.5117726145,1.4943815900000001,1.549351798,10,2026-07-10T23:07:44Z,1937626.4
bsan,fixedbitset-0.5.7,difference,success,15.336,1.5304790087,0.010446440733032742,1.5264148,1.519895354,1.54668379,10,2026-07-10T23:08:01Z,1937626.4
bsan,fixedbitset-0.5.7,display_trait,success,15.336,1.5181449362000001,0.022987308375719995,1.525333735,1.47937608,1.55368149,10,2026-07-10T23:08:18Z,1937626.4
bsan,fixedbitset-0.5.7,extend,success,15.336,1.5102945134999999,0.015815558952531214,1.5066904505,1.489741848,1.541306762,10,2026-07-10T23:08:35Z,1937626.4
bsan,fixedbitset-0.5.7,extend_on_empty,success,15.336,1.5030070604,0.01422848649483627,1.5078592375,1.4757604560000002,1.519878339,10,2026-07-10T23:08:51Z,1937626.4
bsan,fixedbitset-0.5.7,from_iterator,success,15.336,1.5188667634000002,0.022585231110904054,1.5166607550000002,1.488694523,1.548326178,10,2026-07-10T23:09:08Z,1937626.4
bsan,fixedbitset-0.5.7,from_iterator_ones,success,15.336,1.5200667288000003,0.029729128250789744,1.5138214085000001,1.486567835,1.593371811,10,2026-07-10T23:09:25Z,1937626.4
bsan,fixedbitset-0.5.7,grow,success,15.336,1.5016462133999997,0.013560541686908071,1.500391047,1.484855566,1.526797661,10,2026-07-10T23:09:41Z,1937626.4
bsan,fixedbitset-0.5.7,grow_and_insert,success,15.336,1.5132056235,0.02066817236004306,1.5130662645,1.478892294,1.540971523,10,2026-07-10T23:09:58Z,1937626.4
bsan,fixedbitset-0.5.7,insert_range,success,15.336,1.5079253879,0.026235160261202567,1.5032644050000001,1.471974203,1.569574803,10,2026-07-10T23:10:14Z,1937626.4
bsan,fixedbitset-0.5.7,intersection,success,15.336,1.5172803396999999,0.01455930883638218,1.5210061105000001,1.487839481,1.542701503,10,2026-07-10T23:10:31Z,1937626.4
bsan,fixedbitset-0.5.7,into_ones,success,15.336,1.5209381512000002,0.012606632489253195,1.5183471975,1.5022559160000002,1.542343314,10,2026-07-10T23:10:48Z,1937626.4
bsan,fixedbitset-0.5.7,is_disjoint_first_longer,success,15.336,1.5112442360000002,0.013058158433724472,1.5133409310000001,1.4853760390000001,1.531575528,10,2026-07-10T23:11:04Z,1937626.4
bsan,fixedbitset-0.5.7,is_disjoint_first_shorter,success,15.336,1.5103961808000002,0.019019651497457296,1.5078214445,1.4870507910000001,1.5525528560000001,10,2026-07-10T23:11:21Z,1937626.4
bsan,fixedbitset-0.5.7,it_works,success,15.336,1.5078028526,0.028741870587505724,1.5044845165,1.4805615570000001,1.574653583,10,2026-07-10T23:11:38Z,1937626.4
bsan,fixedbitset-0.5.7,iter_ones_range,success,15.336,5.794871092999999,0.029319145748618658,5.7882664315,5.743962804,5.833337163,10,2026-07-10T23:12:41Z,1937626.4
bsan,fixedbitset-0.5.7,maximum,success,15.336,1.5277477297,0.016371070893972568,1.5326623605,1.493514399,1.5430260630000001,10,2026-07-10T23:12:58Z,1937626.4
bsan,fixedbitset-0.5.7,minimum,success,15.336,1.5319997589,0.01832034189305404,1.5337557265,1.4960974360000001,1.562888655,10,2026-07-10T23:13:15Z,1937626.4
bsan,fixedbitset-0.5.7,ones,success,15.336,1.5245043730000003,0.016028180204638497,1.523772502,1.50186002,1.552438926,10,2026-07-10T23:13:32Z,1937626.4
bsan,fixedbitset-0.5.7,op_assign_ref,success,15.336,1.5293494354,0.014752284480980414,1.5225860025,1.5119406579999999,1.552288253,10,2026-07-10T23:13:49Z,1937626.4
bsan,fixedbitset-0.5.7,remove_range,success,15.336,1.5223892095999998,0.0219840130255762,1.5267054335,1.493181271,1.552616015,10,2026-07-10T23:14:06Z,1937626.4
bsan,fixedbitset-0.5.7,set_range,success,15.336,1.5323130954000002,0.011931067381011334,1.533398943,1.516850356,1.553060945,10,2026-07-10T23:14:22Z,1937626.4
bsan,fixedbitset-0.5.7,size_hint,success,15.336,108.8856102857,1.8003061177737294,109.15590260549999,105.451239591,111.043980072,10,2026-07-10T23:34:20Z,1937626.4
bsan,fixedbitset-0.5.7,size_hint_alternate,success,15.336,111.0441292042,1.2786514378002325,110.9778555135,108.968943611,112.684855002,10,2026-07-10T23:54:42Z,1937626.4
bsan,fixedbitset-0.5.7,subset_superset_longer,success,15.336,1.4369603546,0.021179288154353,1.4317734125000001,1.416084055,1.488007606,10,2026-07-10T23:54:58Z,1937626.4
bsan,fixedbitset-0.5.7,subset_superset_shorter,success,15.336,1.4503482495999998,0.03392565969628913,1.436111056,1.42224235,1.52725347,10,2026-07-10T23:55:14Z,1937626.4
bsan,fixedbitset-0.5.7,symmetric_difference,success,15.336,1.5425517273,0.029884490318680994,1.537311068,1.49627035,1.5902864600000002,10,2026-07-10T23:55:31Z,1937626.4
bsan,fixedbitset-0.5.7,test_is_clear,success,15.336,1.4539254511000002,0.027207836848278873,1.4557908469999998,1.412365079,1.4992636,10,2026-07-10T23:55:47Z,1937626.4
bsan,fixedbitset-0.5.7,test_is_full,success,15.336,1.4495545638,0.05202095082687865,1.428460512,1.4095986040000001,1.580753354,10,2026-07-10T23:56:03Z,1937626.4
bsan,fixedbitset-0.5.7,test_toggle,success,15.336,1.4621354176000003,0.03539070566714208,1.4654626195,1.414230638,1.503675131,10,2026-07-10T23:56:19Z,1937626.4
bsan,fixedbitset-0.5.7,toggle_range,success,15.336,1.4568677225000002,0.05118906186438337,1.445368389,1.401007952,1.524886497,10,2026-07-10T23:56:35Z,1937626.4
bsan,fixedbitset-0.5.7,union,success,15.336,1.5987891623000001,0.021922636274500886,1.5967049605,1.5750913020000001,1.645689745,10,2026-07-10T23:56:52Z,1937626.4
bsan,fixedbitset-0.5.7,with_blocks,success,15.336,1.4844180233,0.011665777545142924,1.485074665,1.45885742,1.504435524,10,2026-07-10T23:57:09Z,1937626.4
bsan,fixedbitset-0.5.7,with_blocks_too_big,success,15.336,1.4772971242000001,0.0058434033003765505,1.4770253805,1.468080541,1.488805156,10,2026-07-10T23:57:25Z,1937626.4
bsan,fixedbitset-0.5.7,with_blocks_too_big_range_check,success,15.336,1.4891809134,0.014338394574061218,1.4866856030000002,1.471283723,1.5255301650000002,10,2026-07-10T23:57:41Z,1937626.4
bsan,fixedbitset-0.5.7,with_blocks_too_small,success,15.336,1.4874300339,0.007757149929862205,1.486504813,1.473635437,1.497656803,10,2026-07-10T23:57:58Z,1937626.4
bsan,fixedbitset-0.5.7,zeroes,success,15.336,1.4994588186999998,0.010067705802572224,1.4969612655,1.487520154,1.518279659,10,2026-07-10T23:58:14Z,1937626.4
bsan,ansi_term-0.12.1,ansi::test::black,success,25.130,1.0133267137000002,0.021034051630967707,1.0094423639999999,0.985507872,1.045893757,10,2026-07-10T22:38:09Z,1937626.5
bsan,ansi_term-0.12.1,ansi::test::blink,success,25.130,1.0087186025,0.009853028371573426,1.009305296,0.986728263,1.023503667,10,2026-07-10T22:38:20Z,1937626.5
bsan,ansi_term-0.12.1,ansi::test::blue_on_rgb,success,25.130,1.0123450711,0.02166187204185935,1.011601857,0.9837176580000001,1.066592613,10,2026-07-10T22:38:31Z,1937626.5
bsan,ansi_term-0.12.1,ansi::test::blue_underline,success,25.130,1.0099366054,0.02008957450902398,1.0060833745000002,0.984626882,1.058391228,10,2026-07-10T22:38:42Z,1937626.5
bsan,ansi_term-0.12.1,ansi::test::bold,success,25.130,1.0132793252999999,0.016380378521984738,1.013835302,0.9911836460000001,1.049636207,10,2026-07-10T22:38:53Z,1937626.5
bsan,ansi_term-0.12.1,ansi::test::bunderline,success,25.130,1.0079452259,0.02068359610604258,1.0027940205,0.986254472,1.047093941,10,2026-07-10T22:39:04Z,1937626.5
bsan,ansi_term-0.12.1,ansi::test::cyan_bold_on_white,success,25.130,1.0095869073000001,0.019377783929987347,1.0066430130000001,0.977754258,1.036459747,10,2026-07-10T22:39:15Z,1937626.5
bsan,ansi_term-0.12.1,ansi::test::cyan_bold_ul_on_white,success,25.130,0.9934678438000001,0.01636617989200904,0.9920357660000001,0.9721727050000001,1.028216536,10,2026-07-10T22:39:26Z,1937626.5
bsan,ansi_term-0.12.1,ansi::test::cyan_ul_bold_on_white,success,25.130,0.9880351082000001,0.011612614732197254,0.989682105,0.9678190040000001,1.003829461,10,2026-07-10T22:39:37Z,1937626.5
bsan,ansi_term-0.12.1,ansi::test::cyan_ul_on_white,success,25.130,0.9934897288,0.009285898556741555,0.992004074,0.9792652270000001,1.011731304,10,2026-07-10T22:39:48Z,1937626.5
bsan,ansi_term-0.12.1,ansi::test::dimmed,success,25.130,0.9920678218999999,0.009897096427746803,0.9902673955000001,0.9755018540000001,1.006454022,10,2026-07-10T22:39:59Z,1937626.5
bsan,ansi_term-0.12.1,ansi::test::fixed,success,25.130,0.9892620566,0.008949000795260032,0.9883392390000001,0.977879346,1.008672526,10,2026-07-10T22:40:10Z,1937626.5
bsan,ansi_term-0.12.1,ansi::test::fixed_on_fixed,success,25.130,0.9907026851000001,0.013631898132014143,0.9935741345000001,0.9694260440000001,1.01256717,10,2026-07-10T22:40:21Z,1937626.5
bsan,ansi_term-0.12.1,ansi::test::fixed_on_purple,success,25.130,0.9917086828,0.010545046083187326,0.9896797310000001,0.9772045260000001,1.006565835,10,2026-07-10T22:40:32Z,1937626.5
bsan,ansi_term-0.12.1,ansi::test::green_bold_ul,success,25.130,0.9871815175999998,0.011865733378596584,0.9852721675,0.97052117,1.007085679,10,2026-07-10T22:40:43Z,1937626.5
bsan,ansi_term-0.12.1,ansi::test::green_bold_ul_2,success,25.130,0.9846242837000002,0.014091344012893385,0.981690564,0.9624242060000001,1.010567667,10,2026-07-10T22:40:53Z,1937626.5
bsan,ansi_term-0.12.1,ansi::test::hidden,success,25.130,0.9686078784000003,0.0048594111327962255,0.9687396140000001,0.9600540000000001,0.974803606,10,2026-07-10T22:41:04Z,1937626.5
bsan,ansi_term-0.12.1,ansi::test::italic,success,25.130,0.9693933897000001,0.005494410848255386,0.9676577980000001,0.9625101060000001,0.9799539230000001,10,2026-07-10T22:41:15Z,1937626.5
bsan,ansi_term-0.12.1,ansi::test::plain,success,25.130,0.9739607332999999,0.0070684536707620515,0.9735318395000001,0.9606978100000001,0.987506929,10,2026-07-10T22:41:26Z,1937626.5
bsan,ansi_term-0.12.1,ansi::test::purple_on_white,success,25.130,0.9775378227000001,0.008133729728837608,0.980837803,0.9635066330000001,0.9879013950000001,10,2026-07-10T22:41:36Z,1937626.5
bsan,ansi_term-0.12.1,ansi::test::purple_on_white_2,success,25.130,0.9714733889000001,0.008890830113154256,0.9709905650000001,0.9584444030000001,0.986522843,10,2026-07-10T22:41:47Z,1937626.5
bsan,ansi_term-0.12.1,ansi::test::red,success,25.130,0.9732565252000001,0.009435948148989333,0.9735235910000001,0.9603719350000001,0.9914650190000001,10,2026-07-10T22:41:58Z,1937626.5
bsan,ansi_term-0.12.1,ansi::test::reverse,success,25.130,0.9681099113999998,0.008694795634580822,0.9692141765000001,0.954817058,0.9790579530000001,10,2026-07-10T22:42:08Z,1937626.5
bsan,ansi_term-0.12.1,ansi::test::rgb,success,25.130,0.9783814491000001,0.00827888956008504,0.9783434310000001,0.962483347,0.9919227760000001,10,2026-07-10T22:42:19Z,1937626.5
bsan,ansi_term-0.12.1,ansi::test::rgb_on_blue,success,25.130,0.9774538071000002,0.011668549589089437,0.9795074425000001,0.959530078,0.9905022480000001,10,2026-07-10T22:42:30Z,1937626.5
bsan,ansi_term-0.12.1,ansi::test::rgb_on_rgb,success,25.130,0.9715931928000001,0.010960238224425036,0.972169248,0.9581553500000001,0.9892512760000001,10,2026-07-10T22:42:41Z,1937626.5
bsan,ansi_term-0.12.1,ansi::test::stricken,success,25.130,0.9584539213000001,0.007608572721440292,0.9578146745,0.947216648,0.9677361270000001,10,2026-07-10T22:42:51Z,1937626.5
bsan,ansi_term-0.12.1,ansi::test::test_infix,success,25.130,0.9675317765000001,0.008823713285351396,0.9678348185000001,0.950645504,0.980249758,10,2026-07-10T22:43:02Z,1937626.5
bsan,ansi_term-0.12.1,ansi::test::underline,success,25.130,0.9605067228999999,0.010329944400872565,0.9606705325,0.9477682500000001,0.974670845,10,2026-07-10T22:43:12Z,1937626.5
bsan,ansi_term-0.12.1,ansi::test::yellow_bold,success,25.130,0.9599795843000001,0.010285017067464377,0.9601636010000001,0.9435215490000001,0.9718930280000001,10,2026-07-10T22:43:23Z,1937626.5
bsan,ansi_term-0.12.1,ansi::test::yellow_bold_2,success,25.130,0.9645154958000001,0.008586566720444156,0.9630749525,0.9509551450000001,0.980830398,10,2026-07-10T22:43:34Z,1937626.5
bsan,ansi_term-0.12.1,ansi::test::yellow_on_blue,success,25.130,0.9571458106000001,0.008883096598552404,0.955692175,0.9433297860000001,0.9684067890000001,10,2026-07-10T22:43:44Z,1937626.5
bsan,ansi_term-0.12.1,ansi::test::yellow_on_blue_2,success,25.130,0.9577338926,0.012827601666534695,0.9612865555000001,0.92671068,0.971747821,10,2026-07-10T22:43:55Z,1937626.5
bsan,ansi_term-0.12.1,debug::test::bold,success,25.130,0.9522975799000001,0.01031087118463529,0.9488269125000001,0.940046574,0.9707546840000001,10,2026-07-10T22:44:05Z,1937626.5
bsan,ansi_term-0.12.1,debug::test::both,success,25.130,0.9553732196999999,0.01187277352684524,0.9533455080000001,0.9375113770000001,0.974393637,10,2026-07-10T22:44:16Z,1937626.5
bsan,ansi_term-0.12.1,debug::test::empty,success,25.130,0.9546944313000001,0.014130443651292249,0.9570405305,0.929542835,0.9775932770000001,10,2026-07-10T22:44:26Z,1937626.5
bsan,ansi_term-0.12.1,debug::test::everything,success,25.130,0.9614980636,0.008761198654123612,0.9582496785000001,0.9523414050000001,0.9783257980000001,10,2026-07-10T22:44:37Z,1937626.5
bsan,ansi_term-0.12.1,debug::test::italic,success,25.130,0.9490445554999999,0.009933399793889951,0.947477506,0.93585523,0.971127481,10,2026-07-10T22:44:47Z,1937626.5
bsan,ansi_term-0.12.1,debug::test::long_and_detailed,success,25.130,19.7183402263,0.20036401688765013,19.765265489999997,19.402263794,20.028726975,10,2026-07-10T22:48:24Z,1937626.5
bsan,ansi_term-0.12.1,debug::test::red,success,25.130,0.9143753494,0.0050783009267612415,0.9160051275000001,0.907228554,0.9211034400000001,10,2026-07-10T22:48:35Z,1937626.5
bsan,ansi_term-0.12.1,debug::test::redblue,success,25.130,0.9246828633999999,0.013473158431912631,0.9220121020000001,0.90945019,0.960048525,10,2026-07-10T22:48:45Z,1937626.5
bsan,ansi_term-0.12.1,difference::test::addition_of_blink,success,25.130,0.9311239997000001,0.020408371120069126,0.9360388420000001,0.9076552040000001,0.96661918,10,2026-07-10T22:48:55Z,1937626.5
bsan,ansi_term-0.12.1,difference::test::addition_of_dimmed,success,25.130,0.9182534027999999,0.011042246162735268,0.9219267795000001,0.8960098240000001,0.930210559,10,2026-07-10T22:49:05Z,1937626.5
bsan,ansi_term-0.12.1,difference::test::addition_of_hidden,success,25.130,0.9126705855000001,0.004516722401352679,0.9115581580000001,0.9059450450000001,0.920862606,10,2026-07-10T22:49:15Z,1937626.5
bsan,ansi_term-0.12.1,difference::test::addition_of_reverse,success,25.130,0.9136184699,0.01063141244613069,0.9150537080000001,0.892713089,0.9262641930000001,10,2026-07-10T22:49:25Z,1937626.5
bsan,ansi_term-0.12.1,difference::test::addition_of_strikethrough,success,25.130,0.9116316573000001,0.010224083040277263,0.9072679285,0.90048083,0.9273109100000001,10,2026-07-10T22:49:35Z,1937626.5
bsan,ansi_term-0.12.1,difference::test::colour_change,success,25.130,0.9167958686000001,0.010770430955923277,0.9162236845,0.902884812,0.936050013,10,2026-07-10T22:49:45Z,1937626.5
bsan,ansi_term-0.12.1,difference::test::lowercase,success,25.130,0.9076947367000002,0.013166527728990506,0.9082923060000001,0.8857655280000001,0.930031083,10,2026-07-10T22:49:55Z,1937626.5
bsan,ansi_term-0.12.1,difference::test::nothing,success,25.130,0.9089241383000001,0.007164439243625409,0.9099144530000001,0.892634636,0.9191097560000001,10,2026-07-10T22:50:05Z,1937626.5
bsan,ansi_term-0.12.1,difference::test::nothing2,success,25.130,0.9166546290000002,0.015822856123771805,0.9201690625000001,0.89539148,0.943683589,10,2026-07-10T22:50:15Z,1937626.5
bsan,ansi_term-0.12.1,difference::test::removal_of_blink,success,25.130,0.9091111887000001,0.010516214952538613,0.9105455515,0.8901066550000001,0.925732824,10,2026-07-10T22:50:25Z,1937626.5
bsan,ansi_term-0.12.1,difference::test::removal_of_dimmed,success,25.130,0.9163583262000001,0.01387894331018519,0.9168741260000001,0.900029199,0.9468523560000001,10,2026-07-10T22:50:35Z,1937626.5
bsan,ansi_term-0.12.1,difference::test::removal_of_hidden,success,25.130,0.9146050713000001,0.008799617321208271,0.9116328395,0.9053445800000001,0.9301691910000001,10,2026-07-10T22:50:46Z,1937626.5
bsan,ansi_term-0.12.1,difference::test::removal_of_reverse,success,25.130,0.9106479758999999,0.009312470418797583,0.909712925,0.897805814,0.9236580390000001,10,2026-07-10T22:50:56Z,1937626.5
bsan,ansi_term-0.12.1,difference::test::removal_of_strikethrough,success,25.130,0.9132078283000002,0.009707549079773043,0.917074307,0.893885746,0.924374989,10,2026-07-10T22:51:06Z,1937626.5
bsan,ansi_term-0.12.1,difference::test::uppercase,success,25.130,0.9110912378,0.010423735655700862,0.9131000535,0.8924824140000001,0.931261172,10,2026-07-10T22:51:16Z,1937626.5
bsan,ansi_term-0.12.1,display::tests::no_control_codes_for_plain,success,25.130,0.909330441,0.012388386053284028,0.9124312760000001,0.8855868710000001,0.926031331,10,2026-07-10T22:51:26Z,1937626.5
bsan,ansi_term-0.12.1,util::test::test,success,25.130,0.9034856566000002,0.020181387281974696,0.9023519335000001,0.878387393,0.951731713,10,2026-07-10T22:51:36Z,1937626.5
bsan,slab-0.4.12,clear,success,19.016,2.6533000258,0.025976056370533913,2.6577638495,2.6163849370000003,2.700545838,10,2026-07-10T22:38:15Z,1937626.6
bsan,slab-0.4.12,clone_from,success,19.016,2.6436849897,0.01697360204319191,2.6430268395,2.619424333,2.670671619,10,2026-07-10T22:38:44Z,1937626.6
bsan,slab-0.4.12,compact_doesnt_move_if_closure_errors,success,19.016,2.6487367337,0.008818105556097376,2.6493969120000003,2.63256042,2.6629895230000002,10,2026-07-10T22:39:13Z,1937626.6
bsan,slab-0.4.12,compact_empty,success,19.016,2.5925396792,0.020321568039318852,2.593136946,2.560816719,2.6321731,10,2026-07-10T22:39:41Z,1937626.6
bsan,slab-0.4.12,compact_handles_closure_panic,success,19.016,2.6068417906,0.014963793250488144,2.6103324665,2.585899191,2.629625491,10,2026-07-10T22:40:10Z,1937626.6
bsan,slab-0.4.12,compact_moves_successfully,success,19.016,2.5766124039000005,0.014009900447704187,2.57203141,2.563038996,2.60335418,10,2026-07-10T22:40:38Z,1937626.6
bsan,slab-0.4.12,compact_no_moves_needed,success,19.016,2.5488473195,0.020691059103914337,2.545965068,2.526388178,2.580230393,10,2026-07-10T22:41:07Z,1937626.6
bsan,slab-0.4.12,const_new,success,19.016,2.5492431962000004,0.01824655189636722,2.5450580910000005,2.5221909780000002,2.58352835,10,2026-07-10T22:41:35Z,1937626.6
bsan,slab-0.4.12,double_remove_panics,success,19.016,2.548349425,0.012934883175416328,2.5479611825,2.5296450100000003,2.572446732,10,2026-07-10T22:42:03Z,1937626.6
bsan,slab-0.4.12,drain_rev,success,19.016,2.539125071,0.018751234458438182,2.5369537275,2.516881451,2.578058833,10,2026-07-10T22:42:31Z,1937626.6
bsan,slab-0.4.12,from_iterator_issue_100,success,19.016,2.5096016730999997,0.026648126134781742,2.5098478515,2.4774788,2.56282344,10,2026-07-10T22:42:58Z,1937626.6
bsan,slab-0.4.12,from_iterator_new_in_order,success,19.016,2.5179478305000003,0.01715607781689861,2.5172015500000002,2.485775363,2.55132219,10,2026-07-10T22:43:26Z,1937626.6
bsan,slab-0.4.12,from_iterator_sorted,success,19.016,2.5107885726999997,0.01153375017220003,2.5107116290000002,2.491530732,2.530803086,10,2026-07-10T22:43:54Z,1937626.6
bsan,slab-0.4.12,from_iterator_unordered,success,19.016,2.5448527870999995,0.01808915106631598,2.5430704535,2.518252116,2.5813313090000003,10,2026-07-10T22:44:22Z,1937626.6
bsan,slab-0.4.12,fully_consumed_drain,success,19.016,2.4953759784000002,0.019167760124602386,2.494499671,2.463851395,2.523331756,10,2026-07-10T22:44:49Z,1937626.6
bsan,slab-0.4.12,get_disjoint_mut,success,19.016,2.4647715074999996,0.015560887154052216,2.4605145090000002,2.446705803,2.4950363060000003,10,2026-07-10T22:45:16Z,1937626.6
bsan,slab-0.4.12,get_disjoint_mut_out_of_bounds_index_error,success,19.016,2.4643462537999996,0.013027600751259864,2.4591017305,2.450034407,2.490931459,10,2026-07-10T22:45:43Z,1937626.6
bsan,slab-0.4.12,get_vacant_entry_without_using,success,19.016,2.4531801825999997,0.02790417137161851,2.451334469,2.420156385,2.4986657450000003,10,2026-07-10T22:46:10Z,1937626.6
bsan,slab-0.4.12,insert_get_many,success,19.016,2.4106046293000003,0.026890301419929513,2.4132348720000003,2.3725790350000002,2.456330477,10,2026-07-10T22:46:37Z,1937626.6
bsan,slab-0.4.12,insert_get_remove_many,success,19.016,2.4891040869000003,0.014988364869429845,2.491203654,2.461269236,2.506731089,10,2026-07-10T22:47:04Z,1937626.6
bsan,slab-0.4.12,insert_get_remove_one,success,19.016,2.4124887866,0.019625052145310132,2.4105497595000003,2.383024363,2.446188092,10,2026-07-10T22:47:31Z,1937626.6
bsan,slab-0.4.12,insert_with_vacant_entry,success,19.016,2.4087759065,0.01738536689763078,2.4150538409999998,2.36955809,2.424859891,10,2026-07-10T22:47:57Z,1937626.6
bsan,slab-0.4.12,into_iter,success,19.016,2.4102253918,0.023255366984289753,2.412112521,2.3755739350000002,2.442646752,10,2026-07-10T22:48:24Z,1937626.6
bsan,slab-0.4.12,into_iter_rev,success,19.016,2.4145615480999996,0.016218377551031095,2.4102718765,2.392337221,2.440558009,10,2026-07-10T22:48:50Z,1937626.6
bsan,slab-0.4.12,invalid_get_mut_panics,success,19.016,2.4054138147,0.017189266817196163,2.4065140255,2.373428914,2.428296496,10,2026-07-10T22:49:17Z,1937626.6
bsan,slab-0.4.12,invalid_get_panics,success,19.016,2.4017912647,0.02727804050395363,2.4002806855000003,2.350860346,2.46378652,10,2026-07-10T22:49:43Z,1937626.6
bsan,slab-0.4.12,invalid_remove_panics,success,19.016,2.3975162360999995,0.01615731345215506,2.3961947595,2.377994131,2.424909998,10,2026-07-10T22:50:10Z,1937626.6
bsan,slab-0.4.12,iter,success,19.016,2.3945052965999998,0.027070926781429857,2.3905201725,2.345815908,2.444250133,10,2026-07-10T22:50:36Z,1937626.6
bsan,slab-0.4.12,iter_mut,success,19.016,2.4041395039999998,0.02414924213671919,2.398953875,2.372698814,2.457239227,10,2026-07-10T22:51:03Z,1937626.6
bsan,slab-0.4.12,iter_mut_rev,success,19.016,2.3938376305999998,0.016883438866807623,2.394744991,2.370822146,2.421420598,10,2026-07-10T22:51:29Z,1937626.6
bsan,slab-0.4.12,iter_rev,success,19.016,2.3586862875,0.03237764831813399,2.351958864,2.310318913,2.422262952,10,2026-07-10T22:51:55Z,1937626.6
bsan,slab-0.4.12,key_of_layout_optimizable,success,19.016,2.3379106554000004,0.009277341864735392,2.336239281,2.326515178,2.358298048,10,2026-07-10T22:52:21Z,1937626.6
bsan,slab-0.4.12,key_of_tagged,success,19.016,2.3321309352999995,0.021777384932715818,2.328413757,2.302713795,2.366347527,10,2026-07-10T22:52:46Z,1937626.6
bsan,slab-0.4.12,key_of_zst,success,19.016,2.3351832635000003,0.024728244936392224,2.331309184,2.291972265,2.38525783,10,2026-07-10T22:53:12Z,1937626.6
bsan,slab-0.4.12,partially_consumed_drain,success,19.016,2.3376775881,0.0313484301321419,2.3475883985,2.269074104,2.376823485,10,2026-07-10T22:53:38Z,1937626.6
bsan,slab-0.4.12,reserve_does_not_allocate_if_available,success,19.016,2.2963678924,0.02603813821362738,2.2894345145,2.268061896,2.341398809,10,2026-07-10T22:54:03Z,1937626.6
bsan,slab-0.4.12,reserve_does_panic_with_capacity_overflow,success,19.016,2.3028064045000005,0.03170513390972692,2.306304764,2.24592685,2.340724076,10,2026-07-10T22:54:28Z,1937626.6
bsan,slab-0.4.12,reserve_does_panic_with_capacity_overflow_bytes,success,19.016,2.3132564390999995,0.021690525244178183,2.311874637,2.271600545,2.353858592,10,2026-07-10T22:54:54Z,1937626.6
bsan,slab-0.4.12,reserve_exact_does_not_allocate_if_available,success,19.016,2.2971844768999996,0.0166280675616223,2.295386464,2.275769163,2.328115372,10,2026-07-10T22:55:19Z,1937626.6
bsan,slab-0.4.12,reserve_exact_does_panic_with_capacity_overflow,success,19.016,2.2994585558000002,0.03854371666063512,2.2945134080000003,2.238009002,2.3611205760000002,10,2026-07-10T22:55:44Z,1937626.6
bsan,slab-0.4.12,retain,success,19.016,2.3024608194,0.030053575543342752,2.299058939,2.252879492,2.372126305,10,2026-07-10T22:56:10Z,1937626.6
bsan,slab-0.4.12,shrink_to_fit_doesnt_move,success,19.016,2.3024944171999997,0.01848909606370363,2.29414341,2.2847457970000002,2.340045632,10,2026-07-10T22:56:35Z,1937626.6
bsan,slab-0.4.12,shrink_to_fit_doesnt_recreate_list_when_nothing_can_be_done,success,19.016,2.2937335122999998,0.03549548239462846,2.2874409805,2.256537031,2.38161377,10,2026-07-10T22:57:00Z,1937626.6
bsan,slab-0.4.12,shrink_to_fit_empty,success,19.016,2.2988589874,0.03849640740403714,2.2933993905000003,2.247379055,2.372784696,10,2026-07-10T22:57:26Z,1937626.6
bsan,slab-0.4.12,shrink_to_fit_no_vacant,success,19.016,2.2991268902999997,0.025861141406002503,2.293994552,2.2681162390000003,2.350166291,10,2026-07-10T22:57:51Z,1937626.6
bsan,slab-0.4.12,slab_get_mut,success,19.016,2.2995547178000004,0.02480632156584291,2.295086605,2.269693499,2.342166836,10,2026-07-10T22:58:16Z,1937626.6
bsan,slab-0.4.12,try_remove,success,19.016,2.2977470369000006,0.04395400597366917,2.2962498315,2.225833668,2.3897589200000002,10,2026-07-10T22:58:42Z,1937626.6
bsan,unicode-bidi-0.3.18,char_data::tests::test_ascii,success,14.436,0.9968720929,0.01684535195431478,0.99361526,0.978501049,1.026261525,10,2026-07-10T22:37:59Z,1937626.7
bsan,unicode-bidi-0.3.18,char_data::tests::test_bmp,success,14.436,0.9974117963,0.017140398804514893,1.0023237565,0.972344737,1.030106343,10,2026-07-10T22:38:10Z,1937626.7
bsan,unicode-bidi-0.3.18,char_data::tests::test_smp,success,14.436,0.9920539445000001,0.010035129206871118,0.9881665550000001,0.9802360960000001,1.008598303,10,2026-07-10T22:38:21Z,1937626.7
bsan,unicode-bidi-0.3.18,char_data::tests::test_unassigned_planes,success,14.436,0.9957517540999999,0.012680722210397661,1.0014983465,0.977662545,1.009769794,10,2026-07-10T22:38:32Z,1937626.7
bsan,unicode-bidi-0.3.18,level::tests::test_has_rtl,success,14.436,0.9977286015000001,0.0141637930653131,0.9931615315000001,0.982448054,1.028676786,10,2026-07-10T22:38:43Z,1937626.7
bsan,unicode-bidi-0.3.18,level::tests::test_into,success,14.436,0.998701183,0.012763357594569192,0.9997290310000001,0.9812449080000001,1.025116744,10,2026-07-10T22:38:54Z,1937626.7
bsan,unicode-bidi-0.3.18,level::tests::test_is_ltr,success,14.436,0.9966940496,0.00832509161901762,0.9954240255,0.985197324,1.013495509,10,2026-07-10T22:39:05Z,1937626.7
bsan,unicode-bidi-0.3.18,level::tests::test_is_rtl,success,14.436,0.9848447357,0.015974326738331025,0.9819253995,0.956196621,1.008411556,10,2026-07-10T22:39:15Z,1937626.7
bsan,unicode-bidi-0.3.18,level::tests::test_lower,success,14.436,0.9777820348,0.009062190960746714,0.9781326005000001,0.9640320320000001,0.9930960040000001,10,2026-07-10T22:39:26Z,1937626.7
bsan,unicode-bidi-0.3.18,level::tests::test_new,success,14.436,0.9757645483000001,0.009055506282367039,0.976316252,0.9646623000000001,0.990324351,10,2026-07-10T22:39:37Z,1937626.7
bsan,unicode-bidi-0.3.18,level::tests::test_new_explicit,success,14.436,0.9816791757000003,0.0118541060969849,0.9795058315,0.9643453510000001,1.005179435,10,2026-07-10T22:39:48Z,1937626.7
bsan,unicode-bidi-0.3.18,level::tests::test_raise,success,14.436,0.9783740745999999,0.00539312334223476,0.976673111,0.9712321270000001,0.9869007900000001,10,2026-07-10T22:39:58Z,1937626.7
bsan,unicode-bidi-0.3.18,level::tests::test_raise_explicit,success,14.436,0.9720868344000001,0.007443634585460236,0.971316626,0.9642514660000001,0.988698811,10,2026-07-10T22:40:09Z,1937626.7
bsan,unicode-bidi-0.3.18,level::tests::test_str_eq,success,14.436,0.9743533417000002,0.007013482236597439,0.9748621910000002,0.9632285220000001,0.9872828840000001,10,2026-07-10T22:40:20Z,1937626.7
bsan,unicode-bidi-0.3.18,level::tests::test_string_eq,success,14.436,0.9736283152,0.012456407529098403,0.9737243185000001,0.9572043960000001,0.9922086840000001,10,2026-07-10T22:40:31Z,1937626.7
bsan,unicode-bidi-0.3.18,level::tests::test_vec,success,14.436,0.9690099548000001,0.009684598122437894,0.9708306040000001,0.955904842,0.9878630620000001,10,2026-07-10T22:40:41Z,1937626.7
bsan,unicode-bidi-0.3.18,prepare::tests::test_isolating_run_sequences,success,14.436,1.0050595688,0.00982321915305299,1.007201579,0.984047419,1.015873664,10,2026-07-10T22:40:52Z,1937626.7
bsan,unicode-bidi-0.3.18,prepare::tests::test_isolating_run_sequences_sos_and_eos,success,14.436,0.9849221843,0.006479989664741362,0.982835154,0.977367054,0.999686566,10,2026-07-10T22:41:03Z,1937626.7
bsan,unicode-bidi-0.3.18,prepare::tests::test_level_runs,success,14.436,0.9568151097000002,0.010830702682827766,0.954388703,0.940670128,0.979655343,10,2026-07-10T22:41:14Z,1937626.7
bsan,unicode-bidi-0.3.18,prepare::tests::test_not_removed_by_x9,success,14.436,0.9544898300000002,0.004459618364146594,0.9534040485,0.948774832,0.961415792,10,2026-07-10T22:41:24Z,1937626.7
bsan,unicode-bidi-0.3.18,prepare::tests::test_removed_by_x9,success,14.436,0.9538434946000001,0.011708666935397339,0.9538330300000001,0.9346269770000001,0.976190985,10,2026-07-10T22:41:35Z,1937626.7
bsan,unicode-bidi-0.3.18,tests::test_bidi_info_has_rtl,success,14.436,1.2014828543,0.010370787674761012,1.201968496,1.1864619809999999,1.215485124,10,2026-07-10T22:41:48Z,1937626.7
bsan,unicode-bidi-0.3.18,tests::test_direction,success,14.436,1.0783415171,0.007034684467742691,1.078565975,1.066905641,1.087856696,10,2026-07-10T22:42:00Z,1937626.7
bsan,unicode-bidi-0.3.18,tests::test_edge_cases_direction,success,14.436,0.9759537605,0.008279813379364372,0.975519275,0.967655629,0.9943661010000001,10,2026-07-10T22:42:11Z,1937626.7
bsan,unicode-bidi-0.3.18,tests::test_get_base_direction,success,14.436,0.9797740893000002,0.014290963156604972,0.9800261285,0.9590988770000001,1.010916057,10,2026-07-10T22:42:21Z,1937626.7
bsan,unicode-bidi-0.3.18,tests::test_get_base_direction_full,success,14.436,0.9896102797999999,0.01125938775876882,0.992400079,0.97367581,1.006697305,10,2026-07-10T22:42:32Z,1937626.7
bsan,unicode-bidi-0.3.18,tests::test_initial_text_info,success,14.436,0.9705838738000001,0.009050875894248581,0.968507824,0.960135295,0.990180732,10,2026-07-10T22:42:43Z,1937626.7
bsan,unicode-bidi-0.3.18,tests::test_level_at,success,14.436,1.0651306919,0.010565234344025783,1.0661575235,1.050114644,1.085741118,10,2026-07-10T22:42:55Z,1937626.7
bsan,unicode-bidi-0.3.18,tests::test_paragraph_bidi_info,success,14.436,1.0486037866000002,0.008037155446322514,1.050439768,1.032471615,1.062078826,10,2026-07-10T22:43:06Z,1937626.7
bsan,unicode-bidi-0.3.18,tests::test_paragraph_info_len,success,14.436,0.9805081819000001,0.011129803941203751,0.9809492845000001,0.9655083160000001,0.9962687170000001,10,2026-07-10T22:43:17Z,1937626.7
bsan,unicode-bidi-0.3.18,tests::test_process_text,success,14.436,1.2787928352000004,0.018376348471601266,1.2780831049999999,1.257083733,1.317574408,10,2026-07-10T22:43:31Z,1937626.7
bsan,unicode-bidi-0.3.18,tests::test_reorder_line,success,14.436,1.6772252852999998,0.016161933044966027,1.6761319975,1.656458226,1.7118194130000002,10,2026-07-10T22:43:50Z,1937626.7
bsan,unicode-bidi-0.3.18,tests::test_reordered_levels,success,14.436,1.1267045879,0.015521939132365513,1.127537161,1.098185957,1.149889312,10,2026-07-10T22:44:02Z,1937626.7
bsan,unicode-bidi-0.3.18,tests::test_reordered_levels_range,success,14.436,0.9656485307000002,0.007554630158993823,0.9672291735,0.9493338520000001,0.9749164910000001,10,2026-07-10T22:44:13Z,1937626.7
bsan,unicode-bidi-0.3.18,tests::test_utf16_char_iter,success,14.436,0.9444745353000001,0.006906639405085903,0.945736973,0.931813286,0.9539116390000001,10,2026-07-10T22:44:23Z,1937626.7
bsan,unicode-bidi-0.3.18,tests::test_utf16_text_source,success,14.436,0.9453144545999999,0.011250943485154156,0.9484968185,0.9244072230000001,0.963594108,10,2026-07-10T22:44:33Z,1937626.7
bsan,bindgen-0.72.1,codegen::bitfield_unit_tests::bitfield_unit_get,success,165.512,2.0584438945,0.016342393711244595,2.062835389,2.030588768,2.087410286,10,2026-07-10T22:40:44Z,1937626.8
bsan,bindgen-0.72.1,codegen::bitfield_unit_tests::bitfield_unit_get_bit,success,165.512,1.0084781854,0.006397337875723952,1.008652625,0.998685507,1.022683273,10,2026-07-10T22:40:55Z,1937626.8
bsan,bindgen-0.72.1,codegen::bitfield_unit_tests::bitfield_unit_set,success,165.512,2.3145621631,0.013743250769220422,2.309897997,2.300058931,2.338407086,10,2026-07-10T22:41:21Z,1937626.8
bsan,bindgen-0.72.1,codegen::bitfield_unit_tests::bitfield_unit_set_bit,success,165.512,1.0020363338,0.01153695754976985,1.0028831595,0.9832848970000001,1.020447546,10,2026-07-10T22:41:32Z,1937626.8
bsan,bindgen-0.72.1,codegen::struct_layout::test_align_to,success,165.512,0.9906064939999999,0.0048499578791075925,0.9908427045000001,0.9828330970000001,0.9960366940000001,10,2026-07-10T22:41:43Z,1937626.8
bsan,bindgen-0.72.1,codegen::struct_layout::test_bytes_from_bits_pow2,success,165.512,0.9861391943,0.00805628547305389,0.9833878540000001,0.973343374,0.997602623,10,2026-07-10T22:41:54Z,1937626.8
bsan,bindgen-0.72.1,commandline_flag_unit_test_function,success,165.512,1.1114386322,0.0072163883221386125,1.110813738,1.100698635,1.123100584,10,2026-07-10T22:42:06Z,1937626.8
bsan,bindgen-0.72.1,deps::tests::escaping_depfile,success,165.512,1.0173381458,0.008363742999060215,1.018938911,1.003610247,1.032403618,10,2026-07-10T22:42:17Z,1937626.8
bsan,bindgen-0.72.1,features::test::invalid_targets,success,165.512,0.9982757629000002,0.011707986451164944,0.9957623705,0.9842389950000001,1.018676759,10,2026-07-10T22:42:28Z,1937626.8
bsan,bindgen-0.72.1,features::test::release_versions_for_editions,success,165.512,0.9810465748,0.01132136606785195,0.9810149745000001,0.965394784,0.998369771,10,2026-07-10T22:42:39Z,1937626.8
bsan,bindgen-0.72.1,features::test::target_features,success,165.512,0.9725069899000001,0.004016701732058236,0.9734221925000001,0.966749772,0.977633194,10,2026-07-10T22:42:50Z,1937626.8
bsan,bindgen-0.72.1,features::test::valid_targets,success,165.512,0.9841568252000001,0.00796985039282991,0.9875142290000001,0.9702223700000001,0.992645501,10,2026-07-10T22:43:00Z,1937626.8
bsan,bindgen-0.72.1,ir::analysis::tests::monotone,success,165.512,1.7133992209,0.013125359987626683,1.716331735,1.693832682,1.734305783,10,2026-07-10T22:43:19Z,1937626.8
bsan,bindgen-0.72.1,ir::comment::test::picks_up_single_and_multi_line_doc_comments,success,165.512,0.9833189403,0.008050055838374443,0.9827044535,0.9714313670000001,0.9976310690000001,10,2026-07-10T22:43:30Z,1937626.8
bsan,bindgen-0.72.1,ir::comment::test::processes_multi_lines_correctly,success,165.512,0.9873129071,0.0068803562690721584,0.9881312930000001,0.9717060230000001,0.9981319790000001,10,2026-07-10T22:43:41Z,1937626.8
bsan,bindgen-0.72.1,ir::comment::test::processes_single_lines_correctly,success,165.512,0.9823409388,0.006862238450841763,0.9822800655000001,0.969991063,0.99654925,10,2026-07-10T22:43:52Z,1937626.8
bsan,bindgen-0.72.1,ir::layout::test_layout_for_size,success,165.512,0.9725533995,0.014289543580290423,0.971198549,0.9489637500000001,1.000568744,10,2026-07-10T22:44:03Z,1937626.8
bsan,bindgen-0.72.1,ir::ty::is_invalid_type_param_empty_name,success,165.512,0.980415822,0.004681667384134107,0.9792535455,0.9736466370000001,0.9883394120000001,10,2026-07-10T22:44:13Z,1937626.8
bsan,bindgen-0.72.1,ir::ty::is_invalid_type_param_invalid_remaining,success,165.512,0.9759454188000001,0.01361683951655985,0.9737140815,0.960766852,1.004330368,10,2026-07-10T22:44:24Z,1937626.8
bsan,bindgen-0.72.1,ir::ty::is_invalid_type_param_invalid_start,success,165.512,0.9800967712000002,0.00862912778037352,0.9796650315000001,0.9678057320000001,0.9933064020000001,10,2026-07-10T22:44:35Z,1937626.8
bsan,bindgen-0.72.1,ir::ty::is_invalid_type_param_unnamed,success,165.512,0.9806427758,0.011084271936670904,0.9794275415000001,0.9672488690000001,1.005527421,10,2026-07-10T22:44:46Z,1937626.8
bsan,bindgen-0.72.1,ir::ty::is_invalid_type_param_valid,success,165.512,0.9686417420000002,0.01368351423635192,0.9681344735000001,0.94821157,0.9856883390000001,10,2026-07-10T22:44:56Z,1937626.8
bsan,bindgen-0.72.1,ir::ty::is_invalid_type_param_valid_underscore_and_numbers,success,165.512,0.9634689037000002,0.010735648062702016,0.9623901570000001,0.9518791590000001,0.9811383220000001,10,2026-07-10T22:45:07Z,1937626.8
bsan,bindgen-0.72.1,ir::ty::is_invalid_type_param_valid_unnamed_kind,success,165.512,0.9558658601000001,0.012361140786864778,0.957253356,0.9339983730000001,0.9698552500000001,10,2026-07-10T22:45:17Z,1937626.8
bsan,bindgen-0.72.1,test_rust_to_clang_target,success,165.512,0.9643039488000001,0.01222929500266972,0.9640625390000002,0.942626175,0.983586849,10,2026-07-10T22:45:28Z,1937626.8
bsan,bindgen-0.72.1,test_rust_to_clang_target_espidf,success,165.512,0.9647116516999998,0.010994225585245035,0.964033991,0.949098701,0.9855281060000001,10,2026-07-10T22:45:39Z,1937626.8
bsan,bindgen-0.72.1,test_rust_to_clang_target_riscv,success,165.512,0.9683891875,0.01638790488256846,0.9674420505000001,0.942745237,1.000645873,10,2026-07-10T22:45:49Z,1937626.8
bsan,bindgen-0.72.1,test_rust_to_clang_target_simulator,success,165.512,0.9669066540000001,0.007726479320505782,0.967487518,0.954679602,0.9767724360000001,10,2026-07-10T22:46:00Z,1937626.8
bsan,linked-hash-map-0.5.6,tests::entries_insert,success,12.411,0.9935700579000001,0.015428395367340126,0.9917962395000001,0.9745243360000001,1.025910002,10,2026-07-10T22:37:55Z,1937626.9
bsan,linked-hash-map-0.5.6,tests::test_borrow,success,12.411,1.0137222056,0.017586145910010516,1.0108664310000002,0.982086737,1.040996725,10,2026-07-10T22:38:07Z,1937626.9
bsan,linked-hash-map-0.5.6,tests::test_clear,success,12.411,0.9980915352000002,0.02083018633768706,0.995064116,0.968475123,1.031799112,10,2026-07-10T22:38:17Z,1937626.9
bsan,linked-hash-map-0.5.6,tests::test_consuming_iter,success,12.411,0.9968235802000001,0.013355293493905063,0.991368644,0.9845261790000001,1.026095555,10,2026-07-10T22:38:28Z,1937626.9
bsan,linked-hash-map-0.5.6,tests::test_consuming_iter_empty,success,12.411,0.9951528302,0.017377266820588284,0.9901195585,0.978631255,1.031242602,10,2026-07-10T22:38:39Z,1937626.9
bsan,linked-hash-map-0.5.6,tests::test_consuming_iter_with_free_list,success,12.411,1.0046345626000002,0.020213872963982006,1.004223337,0.976168256,1.034608454,10,2026-07-10T22:38:50Z,1937626.9
bsan,linked-hash-map-0.5.6,tests::test_debug,success,12.411,1.0182406719,0.01897346387912042,1.014899641,0.9926793220000001,1.049407852,10,2026-07-10T22:39:02Z,1937626.9
bsan,linked-hash-map-0.5.6,tests::test_drain,success,12.411,0.9979221535,0.013916890738389798,0.992971853,0.9797331760000001,1.018782801,10,2026-07-10T22:39:13Z,1937626.9
bsan,linked-hash-map-0.5.6,tests::test_drain_corners,success,12.411,0.9941792783000001,0.011555205608216011,0.9953122360000001,0.976419248,1.011664182,10,2026-07-10T22:39:24Z,1937626.9
bsan,linked-hash-map-0.5.6,tests::test_drain_drop,success,12.411,1.0050582826999999,0.014137061778578293,1.009855071,0.984718072,1.027350806,10,2026-07-10T22:39:35Z,1937626.9
bsan,linked-hash-map-0.5.6,tests::test_drain_forget,success,12.411,1.0017858385,0.012424914986593035,1.0044898475,0.9788733980000001,1.015748242,10,2026-07-10T22:39:46Z,1937626.9
bsan,linked-hash-map-0.5.6,tests::test_entries_remove,success,12.411,0.9941951319,0.01031296325427772,0.9950265905,0.979355948,1.010015396,10,2026-07-10T22:39:57Z,1937626.9
bsan,linked-hash-map-0.5.6,tests::test_entries_replacing,success,12.411,0.9732186324000001,0.0127447954128568,0.9773566185,0.9543552660000001,0.9945246120000001,10,2026-07-10T22:40:07Z,1937626.9
bsan,linked-hash-map-0.5.6,tests::test_entry_and_modify,success,12.411,0.9811091447000001,0.009118436317624712,0.979802622,0.970423384,0.9938054980000001,10,2026-07-10T22:40:18Z,1937626.9
bsan,linked-hash-map-0.5.6,tests::test_entry_insert_vacant,success,12.411,0.9788838307999999,0.006747485255616343,0.9799637715,0.9699746870000001,0.988571555,10,2026-07-10T22:40:29Z,1937626.9
bsan,linked-hash-map-0.5.6,tests::test_entry_or_default,success,12.411,0.9735954277000003,0.011395621127069851,0.9727063850000001,0.9566392990000001,0.991189772,10,2026-07-10T22:40:40Z,1937626.9
bsan,linked-hash-map-0.5.6,tests::test_index,success,12.411,0.9687342815,0.015812302337437016,0.9636240100000001,0.946272458,1.000049297,10,2026-07-10T22:40:50Z,1937626.9
bsan,linked-hash-map-0.5.6,tests::test_insert_and_get,success,12.411,0.9594036416000001,0.007027105408250587,0.958070689,0.9454971310000001,0.9726193070000001,10,2026-07-10T22:41:01Z,1937626.9
bsan,linked-hash-map-0.5.6,tests::test_insert_update,success,12.411,0.9576129009000003,0.009348777416984496,0.955857119,0.944274185,0.9694554630000001,10,2026-07-10T22:41:11Z,1937626.9
bsan,linked-hash-map-0.5.6,tests::test_into_iter_drop,success,12.411,0.9590431449000002,0.006015727597144813,0.9576156685,0.948085324,0.9684835310000001,10,2026-07-10T22:41:22Z,1937626.9
bsan,linked-hash-map-0.5.6,tests::test_iter,success,12.411,0.9565216287,0.007060568577253465,0.9569517620000001,0.94596902,0.967548017,10,2026-07-10T22:41:33Z,1937626.9
bsan,linked-hash-map-0.5.6,tests::test_iter_mut,success,12.411,0.9557383879,0.012671579132946614,0.957944962,0.9383941330000001,0.9762382690000001,10,2026-07-10T22:41:43Z,1937626.9
bsan,linked-hash-map-0.5.6,tests::test_pop,success,12.411,0.9614375878999999,0.00808284114953742,0.960627686,0.9449719560000001,0.97276735,10,2026-07-10T22:41:54Z,1937626.9
bsan,linked-hash-map-0.5.6,tests::test_remove,success,12.411,0.9626757112,0.007733402885853501,0.9614080300000001,0.953322608,0.9774620450000001,10,2026-07-10T22:42:04Z,1937626.9
bsan,linked-hash-map-0.5.6,tests::test_send_sync,success,12.411,0.9525032018999999,0.010215686622834008,0.9507224220000001,0.9412345510000001,0.977704008,10,2026-07-10T22:42:15Z,1937626.9
