build,crate,test,status,compile_seconds,mean_s,stddev_s,median_s,min_s,max_s,runs,timestamp,job_id
parse-patch-bsan,adler-1.0.2,__all__,test_failed,68.259,,,,,,1,2026-10-05T14:09:03Z,2188452.0
parse-patch-bsan,signature-3.0.0,__all__,no_match,3.734,,,,,,1,2026-10-05T14:00:10Z,2188452.10
parse-patch-bsan,termtree-1.0.0,__all__,success,27.549,2.869148482,0,2.869148482,2.869148482,2.869148482,1,2026-10-05T14:01:10Z,2188452.11
parse-patch-bsan,unicode-vo-0.1.0,__all__,success,5.287,0.8296074800000001,0,0.8296074800000001,0.8296074800000001,0.8296074800000001,1,2026-10-05T14:00:11Z,2188452.12
parse-patch-bsan,windows-link-0.100.0,__all__,success,5.386,1.468847528,0,1.468847528,1.468847528,1.468847528,1,2026-10-05T14:00:12Z,2188452.13
parse-patch-bsan,cached_proc_macro_types-3.0.0,__all__,success,5.426,0.449962322,0,0.449962322,0.449962322,0.449962322,1,2026-10-05T14:00:10Z,2188452.1
parse-patch-bsan,ct-codecs-1.1.8,__all__,success,8.414,1.145822328,0,1.145822328,1.145822328,1.145822328,1,2026-10-05T14:00:15Z,2188452.2
parse-patch-bsan,emath-0.36.2,__all__,success,9.110,3.645559161,0,3.645559161,3.645559161,3.645559161,1,2026-10-05T14:00:32Z,2188452.3
parse-patch-bsan,futures-io-0.3.34,__all__,no_match,5.493,,,,,,1,2026-10-05T14:00:10Z,2188452.4
parse-patch-bsan,icu_properties_data-2.3.0,__all__,success,10.176,1.378288666,0,1.378288666,1.378288666,1.378288666,1,2026-10-05T14:00:22Z,2188452.5
parse-patch-bsan,levenshtein_automata-0.2.1,__all__,test_failed,16.174,,,,,,1,2026-10-05T14:08:27Z,2188452.6
parse-patch-bsan,never-say-never-6.6.666,,fetch_failed,,,,,,,1,2026-10-05T14:00:03Z,2188452.7
parse-patch-bsan,path-dedot-4.0.1,__all__,success,6.219,1.213156845,0,1.213156845,1.213156845,1.213156845,1,2026-10-05T14:00:14Z,2188452.8
parse-patch-bsan,quad-rand-0.2.3,__all__,no_match,8.153,,,,,,1,2026-10-05T14:00:40Z,2188452.9
parse-patch-bsan,arrayref-0.3.9,__all__,success,25.313,46.242731476,0,46.242731476,46.242731476,46.242731476,1,2026-10-05T15:03:36Z,2188462.0
parse-patch-bsan,solana-native-token-3.0.0,__all__,success,4.439,0.346516568,0,0.346516568,0.346516568,0.346516568,1,2026-10-05T15:01:38Z,2188462.10
parse-patch-bsan,tower-layer-0.3.3,__all__,test_failed,4.456,,,,,,1,2026-10-05T15:01:39Z,2188462.11
parse-patch-bsan,valuable-0.1.1,,build_failed,,,,,,,1,2026-10-05T15:02:41Z,2188462.12
parse-patch-bsan,xmlparser-0.13.6,__all__,success,9.406,2.425068272,0,2.425068272,2.425068272,2.425068272,1,2026-10-05T15:01:47Z,2188462.13
parse-patch-bsan,cityhash-rs-1.0.1,__all__,test_failed,4.449,,,,,,1,2026-10-05T15:11:08Z,2188462.1
parse-patch-bsan,debug-ignore-1.0.5,__all__,success,10.475,0.621276684,0,0.621276684,0.621276684,0.621276684,1,2026-10-05T15:01:45Z,2188462.2
parse-patch-bsan,equivalent-1.0.2,__all__,success,4.389,0.594206513,0,0.594206513,0.594206513,0.594206513,1,2026-10-05T15:01:39Z,2188462.3
parse-patch-bsan,gpu-alloc-types-0.3.1,__all__,no_match,3.567,,,,,,1,2026-10-05T15:01:38Z,2188462.4
parse-patch-bsan,log-mdc-0.1.0,__all__,success,4.406,0.903947382,0,0.903947382,0.903947382,0.903947382,1,2026-10-05T15:01:39Z,2188462.6
parse-patch-bsan,num-integer-0.1.47,__all__,test_failed,12.875,,,,,,1,2026-10-05T15:07:22Z,2188462.7
parse-patch-bsan,plotters-backend-0.3.7,__all__,success,4.417,0.527339921,0,0.527339921,0.527339921,0.527339921,1,2026-10-05T15:01:38Z,2188462.8
parse-patch-bsan,regex-syntax-0.8.11,__all__,test_failed,20.593,,,,,,1,2026-10-05T15:01:56Z,2188462.9
parse-patch-bsan,adler2-2.0.1,__all__,timeout,3.727,,,,,,1,2026-10-05T14:59:59Z,2188453.0
parse-patch-bsan,simpl-0.1.0,__all__,success,4.868,0.757063551,0,0.757063551,0.757063551,0.757063551,1,2026-10-05T13:59:59Z,2188453.10
parse-patch-bsan,as-any-0.3.2,__all__,success,4.694,0.47390248300000004,0,0.47390248300000004,0.47390248300000004,0.47390248300000004,1,2026-10-05T15:06:42Z,2188463.0
parse-patch-bsan,solana-program-error-3.0.1,__all__,success,9.223,0.860468192,0,0.860468192,0.860468192,0.860468192,1,2026-10-05T15:06:49Z,2188463.10
parse-patch-bsan,tower-service-0.3.3,__all__,success,12.755,0.697146448,0,0.697146448,0.697146448,0.697146448,1,2026-10-05T15:06:54Z,2188463.11
parse-patch-bsan,varint-rs-2.2.1,__all__,success,4.699,0.691241659,0,0.691241659,0.691241659,0.691241659,1,2026-10-05T15:06:42Z,2188463.12
parse-patch-bsan,xml-rs-1.0.0,__all__,no_match,5.985,,,,,,1,2026-10-05T15:06:42Z,2188463.13
parse-patch-bsan,testing_table-0.3.0,__all__,success,3.184,0.5750458940000001,0,0.5750458940000001,0.5750458940000001,0.5750458940000001,1,2026-10-05T14:00:00Z,2188453.11
parse-patch-bsan,clap-num-1.2.0,__all__,success,22.667,2.638855655,0,2.638855655,2.638855655,2.638855655,1,2026-10-05T15:07:09Z,2188463.1
parse-patch-bsan,unicode-width-0.2.2,__all__,test_failed,5.177,,,,,,1,2026-10-05T14:27:03Z,2188453.12
parse-patch-bsan,deflate-1.0.0,__all__,test_failed,8.554,,,,,,1,2026-10-05T15:28:47Z,2188463.2
parse-patch-bsan,windows-targets-0.53.5,__all__,test_failed,3.710,,,,,,1,2026-10-05T14:00:00Z,2188453.13
parse-patch-bsan,escape8259-0.5.3,__all__,success,7.051,0.581891885,0,0.581891885,0.581891885,0.581891885,1,2026-10-05T15:06:44Z,2188463.3
parse-patch-bsan,gpu-descriptor-types-0.2.0,__all__,no_match,4.345,,,,,,1,2026-10-05T15:06:41Z,2188463.4
parse-patch-bsan,impl-more-0.3.8,__all__,success,8.673,2.0910213,0,2.0910213,2.0910213,2.0910213,1,2026-10-05T15:06:49Z,2188463.5
parse-patch-bsan,mac-0.1.1,__all__,test_failed,4.673,,,,,,1,2026-10-05T15:06:41Z,2188463.6
parse-patch-bsan,num-iter-0.1.46,__all__,success,8.291,0.533890042,0,0.533890042,0.533890042,0.533890042,1,2026-10-05T15:06:45Z,2188463.7
parse-patch-bsan,plotters-svg-0.3.7,,build_failed,,,,,,,1,2026-10-05T15:06:41Z,2188463.8
parse-patch-bsan,rend-0.5.4,__all__,success,5.439,1.227138048,0,1.227138048,1.227138048,1.227138048,1,2026-10-05T15:06:46Z,2188463.9
parse-patch-bsan,cache-padded-1.3.0,__all__,success,4.910,0.8597261180000001,0,0.8597261180000001,0.8597261180000001,0.8597261180000001,1,2026-10-05T13:59:59Z,2188453.1
parse-patch-bsan,ascii_utils-0.9.3,__all__,success,6.857,0.6517306030000001,0,0.6517306030000001,0.6517306030000001,0.6517306030000001,1,2026-10-05T15:07:55Z,2188464.0
parse-patch-bsan,solana-program-option-3.1.0,__all__,success,7.051,0.922207167,0,0.922207167,0.922207167,0.922207167,1,2026-10-05T15:07:56Z,2188464.10
parse-patch-bsan,treediff-5.0.0,__all__,no_match,11.554,,,,,,1,2026-10-05T15:08:20Z,2188464.11
parse-patch-bsan,vcpkg-0.2.15,__all__,success,11.538,609.705841152,0,609.705841152,609.705841152,609.705841152,1,2026-10-05T15:29:25Z,2188464.12
parse-patch-bsan,xmltree-0.12.0,__all__,success,8.976,8.788088233,0,8.788088233,8.788088233,8.788088233,1,2026-10-05T15:08:14Z,2188464.13
parse-patch-bsan,cmsketch-0.2.4,__all__,success,13.306,514.614801545,0,514.614801545,514.614801545,514.614801545,1,2026-10-05T15:25:20Z,2188464.1
parse-patch-bsan,deflate64-0.1.12,__all__,no_match,32.866,,,,,,1,2026-10-05T15:09:34Z,2188464.2
parse-patch-bsan,exitcode-1.1.2,__all__,success,7.529,0.8481892700000001,0,0.8481892700000001,0.8481892700000001,0.8481892700000001,1,2026-10-05T15:07:56Z,2188464.3
parse-patch-bsan,guppy-workspace-hack-0.1.0,__all__,no_match,10.488,,,,,,1,2026-10-05T15:07:58Z,2188464.4
parse-patch-bsan,indenter-0.3.4,__all__,success,7.697,0.7987251310000001,0,0.7987251310000001,0.7987251310000001,0.7987251310000001,1,2026-10-05T15:07:57Z,2188464.5
parse-patch-bsan,macaddr-1.0.1,__all__,success,6.381,1.648840298,0,1.648840298,1.648840298,1.648840298,1,2026-10-05T15:08:05Z,2188464.6
parse-patch-bsan,renderdoc-sys-1.1.0,__all__,success,6.853,0.32775532100000004,0,0.32775532100000004,0.32775532100000004,0.32775532100000004,1,2026-10-05T15:07:55Z,2188464.9
parse-patch-bsan,ctor-proc-macro-0.0.13,__all__,no_match,5.417,,,,,,1,2026-10-05T13:59:58Z,2188453.2
parse-patch-bsan,asn1_der-0.7.7,__all__,success,23.216,6.083637369,0,6.083637369,6.083637369,6.083637369,1,2026-10-05T15:18:47Z,2188465.0
parse-patch-bsan,solana-program-pack-3.1.0,__all__,no_match,3.763,,,,,,1,2026-10-05T15:18:14Z,2188465.10
parse-patch-bsan,treeline-0.1.0,__all__,success,4.235,0.32964821,0,0.32964821,0.32964821,0.32964821,1,2026-10-05T15:18:15Z,2188465.11
parse-patch-bsan,vec1-1.12.1,,fetch_failed,,,,,,,1,2026-10-05T15:18:09Z,2188465.12
parse-patch-bsan,xmlwriter-0.1.0,__all__,success,4.409,0.968378032,0,0.968378032,0.968378032,0.968378032,1,2026-10-05T15:18:16Z,2188465.13
parse-patch-bsan,codespan-0.13.1,__all__,success,5.595,0.8494205490000001,0,0.8494205490000001,0.8494205490000001,0.8494205490000001,1,2026-10-05T15:18:19Z,2188465.1
parse-patch-bsan,deltae-0.3.2,__all__,success,18.078,0.7750362500000001,0,0.7750362500000001,0.7750362500000001,0.7750362500000001,1,2026-10-05T15:18:37Z,2188465.2
parse-patch-bsan,extended-0.2.0,__all__,success,4.193,0.32644675900000003,0,0.32644675900000003,0.32644675900000003,0.32644675900000003,1,2026-10-05T15:18:15Z,2188465.3
parse-patch-bsan,hash256-std-hasher-0.15.2,__all__,success,36.104,0.43478507200000005,0,0.43478507200000005,0.43478507200000005,0.43478507200000005,1,2026-10-05T15:19:00Z,2188465.4
parse-patch-bsan,indent_write-2.2.0,__all__,success,5.281,1.254501743,0,1.254501743,1.254501743,1.254501743,1,2026-10-05T15:18:18Z,2188465.5
parse-patch-bsan,macro_rules_attribute-0.2.3,,fetch_failed,,,,,,,1,2026-10-05T15:18:09Z,2188465.6
parse-patch-bsan,precomputed-hash-0.1.1,__all__,no_match,4.208,,,,,,1,2026-10-05T15:18:14Z,2188465.8
parse-patch-bsan,result-1.0.0,__all__,success,4.208,0.32320708800000003,0,0.32320708800000003,0.32320708800000003,0.32320708800000003,1,2026-10-05T15:18:15Z,2188465.9
parse-patch-bsan,embedded-hal-1.0.0,__all__,success,2.165,0.548483382,0,0.548483382,0.548483382,0.548483382,1,2026-10-05T14:00:01Z,2188453.3
parse-patch-bsan,assert_approx_eq-1.1.0,__all__,success,4.462,0.408838401,0,0.408838401,0.408838401,0.408838401,1,2026-10-05T15:19:46Z,2188466.0
parse-patch-bsan,solana-sanitize-3.0.1,__all__,no_match,4.435,,,,,,1,2026-10-05T15:19:45Z,2188466.10
parse-patch-bsan,trie-root-0.18.0,__all__,success,4.175,0.355735259,0,0.355735259,0.355735259,0.355735259,1,2026-10-05T15:19:45Z,2188466.11
parse-patch-bsan,vec_map-0.8.2,__all__,success,4.667,2.022800439,0,2.022800439,2.022800439,2.022800439,1,2026-10-05T15:19:50Z,2188466.12
parse-patch-bsan,xshell-macros-0.2.7,__all__,no_match,5.070,,,,,,1,2026-10-05T15:19:46Z,2188466.13
parse-patch-bsan,codespan-reporting-0.13.1,__all__,success,36.926,151.714595775,0,151.714595775,151.714595775,151.714595775,1,2026-10-05T15:25:28Z,2188466.1
parse-patch-bsan,deno_core_icudata-0.78.0,__all__,no_match,4.461,,,,,,1,2026-10-05T15:19:45Z,2188466.2
parse-patch-bsan,extfmt-0.2.0,__all__,success,4.456,0.635819106,0,0.635819106,0.635819106,0.635819106,1,2026-10-05T15:19:46Z,2188466.3
parse-patch-bsan,hash-db-0.16.0,__all__,no_match,4.435,,,,,,1,2026-10-05T15:19:45Z,2188466.4
parse-patch-bsan,indexmap-nostd-0.4.0,__all__,no_match,10.061,,,,,,1,2026-10-05T15:19:51Z,2188466.5
parse-patch-bsan,macro_rules_attribute-proc_macro-0.2.3,__all__,no_match,5.068,,,,,,1,2026-10-05T15:19:46Z,2188466.6
parse-patch-bsan,num-traits-0.2.19,__all__,success,12.180,3.9851796090000002,0,3.9851796090000002,3.9851796090000002,3.9851796090000002,1,2026-10-05T15:20:01Z,2188466.7
parse-patch-bsan,predicates-core-1.0.10,__all__,success,4.505,0.54992555,0,0.54992555,0.54992555,0.54992555,1,2026-10-05T15:19:46Z,2188466.8
parse-patch-bsan,rexif-0.7.5,__all__,success,6.680,0.814224884,0,0.814224884,0.814224884,0.814224884,1,2026-10-05T15:19:49Z,2188466.9
parse-patch-bsan,futures-utils-wasm-0.1.0,__all__,success,4.853,0.46953121000000003,0,0.46953121000000003,0.46953121000000003,0.46953121000000003,1,2026-10-05T13:59:59Z,2188453.4
parse-patch-bsan,assert_matches-1.5.0,__all__,success,5.547,1.016370745,0,1.016370745,1.016370745,1.016370745,1,2026-10-05T15:20:48Z,2188467.0
parse-patch-bsan,solana-transaction-error-4.1.0,__all__,success,7.977,0.400789314,0,0.400789314,0.400789314,0.400789314,1,2026-10-05T15:20:58Z,2188467.10
parse-patch-bsan,try_map-0.3.1,__all__,success,4.748,0.41282267300000003,0,0.41282267300000003,0.41282267300000003,0.41282267300000003,1,2026-10-05T15:20:46Z,2188467.11
parse-patch-bsan,version_check-0.9.5,__all__,success,7.245,1.658309842,0,1.658309842,1.658309842,1.658309842,1,2026-10-05T15:20:51Z,2188467.12
parse-patch-bsan,yasna-0.6.0,__all__,success,10.235,2.577381035,0,2.577381035,2.577381035,2.577381035,1,2026-10-05T15:20:57Z,2188467.13
parse-patch-bsan,collection_literals-1.0.3,__all__,success,10.125,4.181219098,0,4.181219098,4.181219098,4.181219098,1,2026-10-05T15:20:59Z,2188467.1
parse-patch-bsan,derivation-path-0.2.0,__all__,success,4.866,0.804355763,0,0.804355763,0.804355763,0.804355763,1,2026-10-05T15:20:47Z,2188467.2
parse-patch-bsan,fake-simd-0.1.2,__all__,no_match,4.772,,,,,,1,2026-10-05T15:20:46Z,2188467.3
parse-patch-bsan,hash_hasher-2.0.4,__all__,success,8.380,1.397045162,0,1.397045162,1.397045162,1.397045162,1,2026-10-05T15:20:53Z,2188467.4
parse-patch-bsan,indoc-2.0.7,__all__,success,35.133,1.7467421440000002,0,1.7467421440000002,1.7467421440000002,1.7467421440000002,1,2026-10-05T15:21:23Z,2188467.5
parse-patch-bsan,managed-0.8.0,__all__,success,4.787,0.679549225,0,0.679549225,0.679549225,0.679549225,1,2026-10-05T15:20:47Z,2188467.6
parse-patch-bsan,objc2-encode-4.1.0,__all__,success,5.804,0.980902398,0,0.980902398,0.980902398,0.980902398,1,2026-10-05T15:20:48Z,2188467.7
parse-patch-bsan,predicates-tree-1.0.13,__all__,no_match,25.295,,,,,,1,2026-10-05T15:21:08Z,2188467.8
parse-patch-bsan,riff-2.0.0,__all__,success,4.931,0.853290125,0,0.853290125,0.853290125,0.853290125,1,2026-10-05T15:20:47Z,2188467.9
parse-patch-bsan,icu_segmenter_data-2.3.0,__all__,success,6.806,1.054862153,0,1.054862153,1.054862153,1.054862153,1,2026-10-05T14:00:02Z,2188453.5
parse-patch-bsan,atoi-3.1.0,,fetch_failed,,,,,,,1,2026-10-05T15:21:40Z,2188468.0
parse-patch-bsan,ssh-encoding-0.3.0,__all__,success,4.757,1.6631900000000002,0,1.6631900000000002,1.6631900000000002,1.6631900000000002,1,2026-10-05T15:21:51Z,2188468.10
parse-patch-bsan,ttf-parser-0.25.1,__all__,test_failed,18.076,,,,,,1,2026-10-05T15:23:10Z,2188468.11
parse-patch-bsan,version-compare-0.2.1,__all__,success,4.356,1.8875207760000001,0,1.8875207760000001,1.8875207760000001,1.8875207760000001,1,2026-10-05T15:21:49Z,2188468.12
parse-patch-bsan,yazi-0.2.1,__all__,test_failed,5.676,,,,,,1,2026-10-05T15:56:21Z,2188468.13
parse-patch-bsan,colorchoice-1.0.5,__all__,success,2.513,0.35881521400000005,0,0.35881521400000005,0.35881521400000005,0.35881521400000005,1,2026-10-05T15:21:43Z,2188468.1
parse-patch-bsan,fallible-iterator-0.3.0,__all__,success,4.711,1.336145317,0,1.336145317,1.336145317,1.336145317,1,2026-10-05T15:21:49Z,2188468.3
parse-patch-bsan,heck-0.5.0,__all__,success,3.781,2.594986235,0,2.594986235,2.594986235,2.594986235,1,2026-10-05T15:21:49Z,2188468.4
parse-patch-bsan,inflections-1.1.1,__all__,success,2.983,1.267287474,0,1.267287474,1.267287474,1.267287474,1,2026-10-05T15:21:45Z,2188468.5
parse-patch-bsan,maplit-1.0.2,__all__,success,4.580,2.610041631,0,2.610041631,2.610041631,2.610041631,1,2026-10-05T15:21:51Z,2188468.6
parse-patch-bsan,objc2-exception-helper-0.1.1,__all__,success,11.968,0.333330663,0,0.333330663,0.333330663,0.333330663,1,2026-10-05T15:21:53Z,2188468.7
parse-patch-bsan,pretty-hex-0.4.2,__all__,success,6.543,3.178978484,0,3.178978484,3.178978484,3.178978484,1,2026-10-05T15:21:54Z,2188468.8
parse-patch-bsan,lexopt-0.3.2,__all__,success,13.548,1968.347926429,0,1968.347926429,1968.347926429,1968.347926429,1,2026-10-05T15:09:50Z,2188453.6
parse-patch-bsan,autocfg-1.5.1,__all__,test_failed,20.554,,,,,,1,2026-10-05T15:23:14Z,2188469.0
parse-patch-bsan,static_assertions-1.1.0,__all__,success,4.321,1.638390501,0,1.638390501,1.638390501,1.638390501,1,2026-10-05T15:23:00Z,2188469.10
parse-patch-bsan,typeable-0.1.2,__all__,no_match,4.703,,,,,,1,2026-10-05T15:22:57Z,2188469.11
parse-patch-bsan,void-1.0.2,__all__,no_match,4.682,,,,,,1,2026-10-05T15:22:57Z,2188469.12
parse-patch-bsan,zerofrom-0.1.8,__all__,success,5.218,0.7861804160000001,0,0.7861804160000001,0.7861804160000001,0.7861804160000001,1,2026-10-05T15:23:02Z,2188469.13
parse-patch-bsan,color_quant-2.0.0,,build_failed,,,,,,,1,2026-10-05T15:22:58Z,2188469.1
parse-patch-bsan,fallible-streaming-iterator-0.1.9,__all__,success,4.683,0.47016011100000005,0,0.47016011100000005,0.47016011100000005,0.47016011100000005,1,2026-10-05T15:22:58Z,2188469.3
parse-patch-bsan,hex_fmt-0.3.0,__all__,success,4.759,0.97816654,0,0.97816654,0.97816654,0.97816654,1,2026-10-05T15:22:59Z,2188469.4
parse-patch-bsan,integer-sqrt-0.1.5,__all__,success,13.720,0.967100346,0,0.967100346,0.967100346,0.967100346,1,2026-10-05T15:23:08Z,2188469.5
parse-patch-bsan,match_cfg-0.1.0,__all__,success,5.232,0.917961939,0,0.917961939,0.917961939,0.917961939,1,2026-10-05T15:22:59Z,2188469.6
parse-patch-bsan,once_cell_polyfill-1.70.2,__all__,no_match,4.801,,,,,,1,2026-10-05T15:22:57Z,2188469.7
parse-patch-bsan,primal-check-0.3.4,__all__,success,8.565,115.81433984,0,115.81433984,115.81433984,115.81433984,1,2026-10-05T15:27:07Z,2188469.8
parse-patch-bsan,roff-1.1.1,__all__,success,28.357,2.6454902860000002,0,2.6454902860000002,2.6454902860000002,2.6454902860000002,1,2026-10-05T15:23:39Z,2188469.9
parse-patch-bsan,newline-converter-0.3.0,__all__,success,79.253,29.000181233,0,29.000181233,29.000181233,29.000181233,1,2026-10-05T14:02:29Z,2188453.7
parse-patch-bsan,aws-endpoint-0.60.3,__all__,no_match,4.204,,,,,,1,2026-10-05T15:24:16Z,2188470.0
parse-patch-bsan,static_assertions_next-1.1.2,__all__,test_failed,3.939,,,,,,1,2026-10-05T15:24:17Z,2188470.10
parse-patch-bsan,type-map-0.5.1,__all__,success,4.333,0.39631252,0,0.39631252,0.39631252,0.39631252,1,2026-10-05T15:24:17Z,2188470.11
parse-patch-bsan,waker-fn-1.2.0,__all__,success,3.837,0.5921685440000001,0,0.5921685440000001,0.5921685440000001,0.5921685440000001,1,2026-10-05T15:24:17Z,2188470.12
parse-patch-bsan,zune-core-0.5.3,__all__,success,3.204,0.6719522,0,0.6719522,0.6719522,0.6719522,1,2026-10-05T15:24:17Z,2188470.13
parse-patch-bsan,common-path-1.0.0,__all__,success,6.501,5.307969405,0,5.307969405,5.307969405,5.307969405,1,2026-10-05T15:24:36Z,2188470.1
parse-patch-bsan,difflib-0.4.0,__all__,success,8.933,0.988829892,0,0.988829892,0.988829892,0.988829892,1,2026-10-05T15:24:23Z,2188470.2
parse-patch-bsan,fast_chemail-0.9.6,__all__,success,4.633,1.579888048,0,1.579888048,1.579888048,1.579888048,1,2026-10-05T15:24:20Z,2188470.3
parse-patch-bsan,hexf-parse-0.2.1,__all__,success,4.221,0.568966026,0,0.568966026,0.568966026,0.568966026,1,2026-10-05T15:24:17Z,2188470.4
parse-patch-bsan,interpolator-0.5.0,__all__,test_failed,47.875,,,,,,1,2026-10-05T15:25:11Z,2188470.5
parse-patch-bsan,matches-0.1.10,__all__,success,4.751,0.899660361,0,0.899660361,0.899660361,0.899660361,1,2026-10-05T15:24:18Z,2188470.6
parse-patch-bsan,onig_sys-69.9.3,__all__,success,32.264,0.358762996,0,0.358762996,0.358762996,0.358762996,1,2026-10-05T15:24:49Z,2188470.7
parse-patch-bsan,proc-macro-hack-0.5.20+deprecated,__all__,test_failed,47.615,,,,,,1,2026-10-05T15:26:22Z,2188470.8
parse-patch-bsan,route-recognizer-0.3.1,__all__,success,6.829,1.858163594,0,1.858163594,1.858163594,1.858163594,1,2026-10-05T15:24:22Z,2188470.9
parse-patch-bsan,pathdiff-0.2.3,__all__,success,2.866,1.102643558,0,1.102643558,1.102643558,1.102643558,1,2026-10-05T14:00:00Z,2188453.8
parse-patch-bsan,aws-sig-auth-0.60.3,__all__,no_match,4.555,,,,,,1,2026-10-05T13:59:57Z,2188471.0
parse-patch-bsan,std_prelude-0.2.12,__all__,success,4.770,0.544529634,0,0.544529634,0.544529634,0.544529634,1,2026-10-05T13:59:58Z,2188471.10
parse-patch-bsan,typenum-1.20.1,__all__,success,9.064,10.205414468,0,10.205414468,10.205414468,10.205414468,1,2026-10-05T14:00:28Z,2188471.11
parse-patch-bsan,wasm-bindgen-test-shared-0.2.129,__all__,success,4.711,0.470548819,0,0.470548819,0.470548819,0.470548819,1,2026-10-05T13:59:58Z,2188471.12
parse-patch-bsan,compare-0.1.0,__all__,success,4.488,0.692424157,0,0.692424157,0.692424157,0.692424157,1,2026-10-05T13:59:59Z,2188471.1
parse-patch-bsan,display-error-chain-0.2.2,__all__,success,4.547,0.792105865,0,0.792105865,0.792105865,0.792105865,1,2026-10-05T13:59:59Z,2188471.2
parse-patch-bsan,fastdivide-0.4.2,__all__,timeout,28.058,,,,,,1,2026-10-05T15:00:30Z,2188471.3
parse-patch-bsan,hex-literal-1.1.0,__all__,success,4.728,1.882370253,0,1.882370253,1.882370253,1.882370253,1,2026-10-05T14:00:01Z,2188471.4
parse-patch-bsan,is_ci-1.2.0,__all__,no_match,4.508,,,,,,1,2026-10-05T13:59:57Z,2188471.5
parse-patch-bsan,md5-0.8.1,__all__,test_failed,4.691,,,,,,1,2026-10-05T14:00:53Z,2188471.6
parse-patch-bsan,oorandom-11.1.5,__all__,success,5.427,0.6474128210000001,0,0.6474128210000001,0.6474128210000001,0.6474128210000001,1,2026-10-05T14:00:02Z,2188471.7
parse-patch-bsan,proc-macro-nested-0.1.7,__all__,success,7.021,0.509841508,0,0.509841508,0.509841508,0.509841508,1,2026-10-05T14:00:00Z,2188471.8
parse-patch-bsan,ruint-macro-1.2.1,,build_failed,,,,,,,1,2026-10-05T13:59:59Z,2188471.9
parse-patch-bsan,query_map-0.7.0,__all__,test_failed,9.524,,,,,,1,2026-10-05T14:00:07Z,2188453.9
parse-patch-bsan,aws-smithy-client-0.60.3,__all__,no_match,5.015,,,,,,1,2026-10-05T14:26:53Z,2188472.0
parse-patch-bsan,stdweb-internal-runtime-0.1.5,__all__,no_match,7.454,,,,,,1,2026-10-05T14:26:55Z,2188472.10
parse-patch-bsan,tz-rs-0.7.3,__all__,test_failed,8.976,,,,,,1,2026-10-05T14:27:00Z,2188472.11
parse-patch-bsan,wasm-encoder-0.261.0,,build_failed,,,,,,,1,2026-10-05T14:27:12Z,2188472.12
parse-patch-bsan,constcat-0.6.1,__all__,success,4.992,0.49557460500000006,0,0.49557460500000006,0.49557460500000006,0.49557460500000006,1,2026-10-05T14:26:54Z,2188472.1
parse-patch-bsan,dissimilar-1.0.11,__all__,success,5.962,1.162436724,0,1.162436724,1.162436724,1.162436724,1,2026-10-05T14:27:06Z,2188472.2
parse-patch-bsan,fastrand-2.5.0,__all__,timeout,6.635,,,,,,1,2026-10-05T15:27:03Z,2188472.3
parse-patch-bsan,higher-kinded-types-0.3.2,,fetch_failed,,,,,,,1,2026-10-05T14:26:46Z,2188472.4
parse-patch-bsan,is_debug-1.1.0,__all__,success,8.294,0.939879412,0,0.939879412,0.939879412,0.939879412,1,2026-10-05T14:26:59Z,2188472.5
parse-patch-bsan,memmem-0.1.1,__all__,success,14.545,833.888944438,0,833.888944438,833.888944438,833.888944438,1,2026-10-05T14:57:19Z,2188472.6
parse-patch-bsan,opaque-debug-0.4.0,__all__,no_match,4.991,,,,,,1,2026-10-05T14:26:53Z,2188472.7
parse-patch-bsan,protoc-bin-vendored-3.2.0,__all__,success,5.080,10.081474815,0,10.081474815,10.081474815,10.081474815,1,2026-10-05T14:27:14Z,2188472.8
parse-patch-bsan,runfiles-0.3.0,,build_failed,,,,,,,1,2026-10-05T14:26:52Z,2188472.9
parse-patch-bsan,adler32-1.2.0,__all__,test_failed,58.683,,,,,,1,2026-10-05T14:48:31Z,2188454.0
parse-patch-bsan,simple-dns-0.12.0,__all__,success,15.036,9.179824355,0,9.179824355,9.179824355,9.179824355,1,2026-10-05T14:00:29Z,2188454.10
parse-patch-bsan,aws-smithy-http-tower-0.60.3,__all__,no_match,4.932,,,,,,1,2026-10-05T15:01:08Z,2188473.0
parse-patch-bsan,streaming-decompression-0.1.2,__all__,success,4.963,0.9234690000000001,0,0.9234690000000001,0.9234690000000001,0.9234690000000001,1,2026-10-05T15:01:10Z,2188473.10
parse-patch-bsan,ucd-trie-0.1.7,__all__,test_failed,5.898,,,,,,1,2026-10-05T15:12:32Z,2188473.11
parse-patch-bsan,wasmtime-asm-macros-34.0.2,__all__,no_match,4.922,,,,,,1,2026-10-05T15:01:08Z,2188473.12
parse-patch-bsan,thousands-0.2.0,__all__,success,5.553,1.132881202,0,1.132881202,1.132881202,1.132881202,1,2026-10-05T14:00:00Z,2188454.11
parse-patch-bsan,const_fn-0.4.12,__all__,success,6.861,0.346661586,0,0.346661586,0.346661586,0.346661586,1,2026-10-05T15:01:11Z,2188473.1
parse-patch-bsan,unicode-xid-0.2.6,__all__,timeout,55.117,,,,,,1,2026-10-05T15:01:10Z,2188454.12
parse-patch-bsan,doc-comment-0.3.4,__all__,success,6.942,0.5464011120000001,0,0.5464011120000001,0.5464011120000001,0.5464011120000001,1,2026-10-05T15:01:11Z,2188473.2
parse-patch-bsan,windows_x86_64_gnu-0.53.1,__all__,no_match,8.337,,,,,,1,2026-10-05T14:00:01Z,2188454.13
parse-patch-bsan,feature-probe-0.1.1,__all__,test_failed,4.949,,,,,,1,2026-10-05T15:01:09Z,2188473.3
parse-patch-bsan,htmlescape-0.3.1,__all__,success,9.760,4.452854148,0,4.452854148,4.452854148,4.452854148,1,2026-10-05T15:01:32Z,2188473.4
parse-patch-bsan,is_terminal_polyfill-1.70.2,__all__,no_match,4.932,,,,,,1,2026-10-05T15:01:08Z,2188473.5
parse-patch-bsan,memoffset-0.9.1,__all__,success,7.670,0.670444279,0,0.670444279,0.670444279,0.670444279,1,2026-10-05T15:01:12Z,2188473.6
parse-patch-bsan,opentelemetry-semantic-conventions-0.33.0,__all__,test_failed,16.989,,,,,,1,2026-10-05T15:01:26Z,2188473.7
parse-patch-bsan,protoc-bin-vendored-linux-aarch_64-3.2.0,__all__,success,5.013,0.391630511,0,0.391630511,0.391630511,0.391630511,1,2026-10-05T15:01:09Z,2188473.8
parse-patch-bsan,rustc-demangle-0.1.28,__all__,test_failed,6.151,,,,,,1,2026-10-05T15:01:10Z,2188473.9
parse-patch-bsan,cassowary-0.3.0,__all__,success,7.502,4.729171985,0,4.729171985,4.729171985,4.729171985,1,2026-10-05T14:00:10Z,2188454.1
parse-patch-bsan,az-1.3.0,__all__,test_failed,23.366,,,,,,1,2026-10-05T15:13:02Z,2188474.0
parse-patch-bsan,streaming-iterator-0.1.9,__all__,success,5.411,0.9632681750000001,0,0.9632681750000001,0.9632681750000001,0.9632681750000001,1,2026-10-05T15:12:45Z,2188474.10
parse-patch-bsan,unescape-0.1.0,__all__,success,5.398,0.6486075520000001,0,0.6486075520000001,0.6486075520000001,0.6486075520000001,1,2026-10-05T15:12:44Z,2188474.11
parse-patch-bsan,wasmtime-internal-component-util-49.0.2,__all__,no_match,5.336,,,,,,1,2026-10-05T15:12:44Z,2188474.12
parse-patch-bsan,const-sha1-0.3.0,__all__,success,5.319,0.639219077,0,0.639219077,0.639219077,0.639219077,1,2026-10-05T15:12:44Z,2188474.1
parse-patch-bsan,doctest-file-1.1.1,__all__,test_failed,9.800,,,,,,1,2026-10-05T15:12:49Z,2188474.2
parse-patch-bsan,fiat-crypto-0.3.0,__all__,no_match,6.274,,,,,,1,2026-10-05T15:12:45Z,2188474.3
parse-patch-bsan,httpdate-1.0.3,__all__,success,54.518,0.48601559000000005,0,0.48601559000000005,0.48601559000000005,0.48601559000000005,1,2026-10-05T15:13:45Z,2188474.4
parse-patch-bsan,iter-read-1.1.0,,fetch_failed,,,,,,,1,2026-10-05T15:12:37Z,2188474.5
parse-patch-bsan,memory_units-0.4.0,__all__,success,5.340,0.583631839,0,0.583631839,0.583631839,0.583631839,1,2026-10-05T15:12:44Z,2188474.6
parse-patch-bsan,option-ext-0.2.0,__all__,success,5.333,0.544908699,0,0.544908699,0.544908699,0.544908699,1,2026-10-05T15:12:44Z,2188474.7
parse-patch-bsan,protoc-bin-vendored-linux-ppcle_64-3.2.0,__all__,success,5.328,0.42741686700000003,0,0.42741686700000003,0.42741686700000003,0.42741686700000003,1,2026-10-05T15:12:44Z,2188474.8
parse-patch-bsan,rustc-hash-2.1.3,__all__,success,3.560,0.935754509,0,0.935754509,0.935754509,0.935754509,1,2026-10-05T15:12:45Z,2188474.9
parse-patch-bsan,cty-0.2.2,__all__,no_match,5.119,,,,,,1,2026-10-05T13:59:58Z,2188454.2
parse-patch-bsan,base32-0.5.1,__all__,success,25.253,15.734119992,0,15.734119992,15.734119992,15.734119992,1,2026-10-05T15:15:06Z,2188475.0
parse-patch-bsan,unicase-2.9.0,__all__,success,3.401,26.203693273,0,26.203693273,26.203693273,26.203693273,1,2026-10-05T15:15:03Z,2188475.11
parse-patch-bsan,wasmtime-internal-slab-41.0.4,__all__,success,2.431,1.8106974230000001,0,1.8106974230000001,1.8106974230000001,1.8106974230000001,1,2026-10-05T15:14:13Z,2188475.12
parse-patch-bsan,conv-0.3.3,__all__,success,16.040,82.333671282,0,82.333671282,82.333671282,82.333671282,1,2026-10-05T15:17:24Z,2188475.1
parse-patch-bsan,document-features-0.2.12,__all__,test_failed,5.146,,,,,,1,2026-10-05T15:14:13Z,2188475.2
parse-patch-bsan,finl_unicode-1.5.0,__all__,success,62.377,6.070051951,0,6.070051951,6.070051951,6.070051951,1,2026-10-05T15:15:37Z,2188475.3
parse-patch-bsan,http-range-0.1.5,__all__,success,60.502,0.5255029760000001,0,0.5255029760000001,0.5255029760000001,0.5255029760000001,1,2026-10-05T15:15:25Z,2188475.4
parse-patch-bsan,ittapi-sys-0.5.0,__all__,test_failed,106.499,,,,,,1,2026-10-05T15:50:19Z,2188475.5
parse-patch-bsan,minisign-verify-0.3.0,__all__,success,5.035,1.579614634,0,1.579614634,1.579614634,1.579614634,1,2026-10-05T15:14:16Z,2188475.6
parse-patch-bsan,overload-0.1.1,__all__,success,3.417,1.241863516,0,1.241863516,1.241863516,1.241863516,1,2026-10-05T15:14:13Z,2188475.7
parse-patch-bsan,protoc-bin-vendored-linux-s390_64-3.2.0,__all__,success,2.621,0.344331577,0,0.344331577,0.344331577,0.344331577,1,2026-10-05T15:14:11Z,2188475.8
parse-patch-bsan,rustc-hex-2.1.0,__all__,success,2.980,1.114341647,0,1.114341647,1.114341647,1.114341647,1,2026-10-05T15:14:12Z,2188475.9
parse-patch-bsan,embedded-hal-nb-1.0.0,__all__,success,12.331,0.59145093,0,0.59145093,0.59145093,0.59145093,1,2026-10-05T14:00:15Z,2188454.3
parse-patch-bsan,base58-0.2.0,__all__,success,5.047,0.68077089,0,0.68077089,0.68077089,0.68077089,1,2026-10-05T15:25:49Z,2188476.0
parse-patch-bsan,stringmetrics-2.2.2,__all__,success,75.718,1.6756178959999999,0,1.6756178959999999,1.6756178959999999,1.6756178959999999,1,2026-10-05T15:27:25Z,2188476.10
parse-patch-bsan,unic-common-0.9.0,__all__,no_match,4.937,,,,,,1,2026-10-05T15:25:48Z,2188476.11
parse-patch-bsan,web-time-1.1.0,,build_failed,,,,,,,1,2026-10-05T15:25:52Z,2188476.12
parse-patch-bsan,convert_case-0.12.0,,fetch_failed,,,,,,,1,2026-10-05T15:25:41Z,2188476.1
parse-patch-bsan,downcast-0.11.0,__all__,success,6.594,0.825812494,0,0.825812494,0.825812494,0.825812494,1,2026-10-05T15:25:50Z,2188476.2
parse-patch-bsan,five8_core-1.0.0,__all__,no_match,4.938,,,,,,1,2026-10-05T15:25:48Z,2188476.3
parse-patch-bsan,ixdtf-0.6.6,__all__,success,60.391,1.974126611,0,1.974126611,1.974126611,1.974126611,1,2026-10-05T15:26:58Z,2188476.5
parse-patch-bsan,miniz_oxide-0.9.1,__all__,success,7.269,581.166080581,0,581.166080581,581.166080581,581.166080581,1,2026-10-05T15:45:25Z,2188476.6
parse-patch-bsan,owo-colors-4.4.0,__all__,success,4.271,1.909514418,0,1.909514418,1.909514418,1.909514418,1,2026-10-05T15:25:53Z,2188476.7
parse-patch-bsan,protoc-bin-vendored-linux-x86_32-3.2.0,__all__,success,4.944,0.331993718,0,0.331993718,0.331993718,0.331993718,1,2026-10-05T15:25:48Z,2188476.8
parse-patch-bsan,rustc-literal-escaper-0.0.8,__all__,success,5.614,0.5613004770000001,0,0.5613004770000001,0.5613004770000001,0.5613004770000001,1,2026-10-05T15:25:49Z,2188476.9
parse-patch-bsan,gcd-2.3.0,__all__,success,56.666,0.648609854,0,0.648609854,0.648609854,0.648609854,1,2026-10-05T14:01:14Z,2188454.4
parse-patch-bsan,strsim-0.11.1,__all__,success,4.192,2.017021952,0,2.017021952,2.017021952,2.017021952,1,2026-10-05T15:26:50Z,2188477.10
parse-patch-bsan,unicode-bidi-mirroring-0.4.0,__all__,success,1.828,0.473854262,0,0.473854262,0.473854262,0.473854262,1,2026-10-05T15:26:45Z,2188477.11
parse-patch-bsan,weezl-0.2.1,,build_failed,,,,,,,1,2026-10-05T15:28:30Z,2188477.12
parse-patch-bsan,core2-0.0.0,__all__,success,2.094,0.318782638,0,0.318782638,0.318782638,0.318782638,1,2026-10-05T15:26:44Z,2188477.1
parse-patch-bsan,downcast-rs-2.0.2,__all__,success,6.835,1.288648753,0,1.288648753,1.288648753,1.288648753,1,2026-10-05T15:26:51Z,2188477.2
parse-patch-bsan,float-cmp-0.10.0,__all__,success,5.180,0.8551455010000001,0,0.8551455010000001,0.8551455010000001,0.8551455010000001,1,2026-10-05T15:26:49Z,2188477.3
parse-patch-bsan,human_format-1.2.1,__all__,success,6.391,3.120783853,0,3.120783853,3.120783853,3.120783853,1,2026-10-05T15:26:55Z,2188477.4
parse-patch-bsan,jfifdump-0.6.0,__all__,success,2.253,0.35111589400000004,0,0.35111589400000004,0.35111589400000004,0.35111589400000004,1,2026-10-05T15:26:45Z,2188477.5
parse-patch-bsan,mirai-annotations-1.12.0,__all__,no_match,0.466,,,,,,1,2026-10-05T15:26:42Z,2188477.6
parse-patch-bsan,parity-wasm-0.45.0,__all__,test_failed,11.670,,,,,,1,2026-10-05T15:26:55Z,2188477.7
parse-patch-bsan,protoc-bin-vendored-linux-x86_64-3.2.0,__all__,success,2.477,0.329138044,0,0.329138044,0.329138044,0.329138044,1,2026-10-05T15:26:45Z,2188477.8
parse-patch-bsan,rustls-platform-verifier-android-0.2.0,__all__,no_match,144.823,,,,,,1,2026-10-05T15:29:31Z,2188477.9
parse-patch-bsan,id-arena-2.3.0,__all__,test_failed,2.878,,,,,,1,2026-10-05T13:59:59Z,2188454.5
parse-patch-bsan,binascii-0.1.4,__all__,success,4.702,7.139969196,0,7.139969196,7.139969196,7.139969196,1,2026-10-05T15:27:32Z,2188478.0
parse-patch-bsan,strum-0.28.0,__all__,test_failed,3.986,,,,,,1,2026-10-05T15:27:19Z,2188478.10
parse-patch-bsan,unicode-bom-2.0.3,,build_failed,,,,,,,1,2026-10-05T15:27:15Z,2188478.11
parse-patch-bsan,wgpu-core-deps-apple-30.0.1,__all__,no_match,1.854,,,,,,1,2026-10-05T15:27:28Z,2188478.12
parse-patch-bsan,cpubits-0.1.1,__all__,success,4.665,1.5938619850000002,0,1.5938619850000002,1.5938619850000002,1.5938619850000002,1,2026-10-05T15:27:21Z,2188478.1
parse-patch-bsan,dpi-0.1.2,__all__,success,3.811,0.44181232400000003,0,0.44181232400000003,0.44181232400000003,0.44181232400000003,1,2026-10-05T15:27:19Z,2188478.2
parse-patch-bsan,float_next_after-2.0.0,,fetch_failed,,,,,,,1,2026-10-05T15:27:14Z,2188478.3
parse-patch-bsan,humantime-2.4.0,__all__,success,17.480,599.64077017,0,599.64077017,599.64077017,599.64077017,1,2026-10-05T15:47:44Z,2188478.4
parse-patch-bsan,jiff-tzdb-0.1.8,__all__,success,4.668,0.7907351930000001,0,0.7907351930000001,0.7907351930000001,0.7907351930000001,1,2026-10-05T15:27:19Z,2188478.5
parse-patch-bsan,mock_instant-0.6.1,__all__,success,4.683,0.663853115,0,0.663853115,0.663853115,0.663853115,1,2026-10-05T15:27:19Z,2188478.6
parse-patch-bsan,parking-2.2.1,__all__,success,3.903,2.294007749,0,2.294007749,2.294007749,2.294007749,1,2026-10-05T15:27:26Z,2188478.7
parse-patch-bsan,protoc-bin-vendored-macos-aarch_64-3.2.0,__all__,success,4.675,0.352413205,0,0.352413205,0.352413205,0.352413205,1,2026-10-05T15:27:19Z,2188478.8
parse-patch-bsan,libmimalloc-sys-0.1.49,__all__,success,15.116,0.339504528,0,0.339504528,0.339504528,0.339504528,1,2026-10-05T14:00:12Z,2188454.6
parse-patch-bsan,bit_field-0.10.3,__all__,success,5.210,0.703535664,0,0.703535664,0.703535664,0.703535664,1,2026-10-05T15:37:54Z,2188479.0
parse-patch-bsan,supports-color-3.0.2,__all__,success,3.829,1.417564233,0,1.417564233,1.417564233,1.417564233,1,2026-10-05T15:37:56Z,2188479.10
parse-patch-bsan,unicode_categories-0.1.1,__all__,success,5.180,0.6156050900000001,0,0.6156050900000001,0.6156050900000001,0.6156050900000001,1,2026-10-05T15:37:54Z,2188479.11
parse-patch-bsan,winapi-build-0.1.1,__all__,no_match,5.090,,,,,,1,2026-10-05T15:37:53Z,2188479.12
parse-patch-bsan,cranelift-assembler-x64-meta-0.136.2,__all__,success,9.985,1.88347578,0,1.88347578,1.88347578,1.88347578,1,2026-10-05T15:38:03Z,2188479.1
parse-patch-bsan,drm-fourcc-2.2.0,__all__,success,3.921,0.72161025,0,0.72161025,0.72161025,0.72161025,1,2026-10-05T15:38:06Z,2188479.2
parse-patch-bsan,fnv-1.0.7,__all__,success,5.150,3.99688763,0,3.99688763,3.99688763,3.99688763,1,2026-10-05T15:38:01Z,2188479.3
parse-patch-bsan,icu_calendar_data-2.3.0,__all__,success,7.898,0.995024133,0,0.995024133,0.995024133,0.995024133,1,2026-10-05T15:37:58Z,2188479.4
parse-patch-bsan,jiff-tzdb-platform-0.1.3,__all__,no_match,3.173,,,,,,1,2026-10-05T15:37:53Z,2188479.5
parse-patch-bsan,more-asserts-0.3.1,__all__,success,5.366,0.901385855,0,0.901385855,0.901385855,0.901385855,1,2026-10-05T15:37:55Z,2188479.6
parse-patch-bsan,parse-size-1.1.0,__all__,success,15.477,1.1162455310000001,0,1.1162455310000001,1.1162455310000001,1.1162455310000001,1,2026-10-05T15:38:08Z,2188479.7
parse-patch-bsan,protoc-bin-vendored-macos-x86_64-3.2.0,__all__,success,5.267,0.442186338,0,0.442186338,0.442186338,0.442186338,1,2026-10-05T15:37:54Z,2188479.8
parse-patch-bsan,RustyXML-0.3.0,__all__,success,7.549,0.761620107,0,0.761620107,0.761620107,0.761620107,1,2026-10-05T15:37:56Z,2188479.9
parse-patch-bsan,nohash-hasher-0.2.0,__all__,success,5.152,1.027177037,0,1.027177037,1.027177037,1.027177037,1,2026-10-05T14:00:00Z,2188454.7
parse-patch-bsan,block-modes-0.9.1,__all__,no_match,2.367,,,,,,1,2026-10-05T15:38:19Z,2188480.0
parse-patch-bsan,supports-hyperlinks-3.2.0,__all__,success,2.488,0.49331683600000004,0,0.49331683600000004,0.49331683600000004,0.49331683600000004,1,2026-10-05T15:38:20Z,2188480.10
parse-patch-bsan,unicode-ccc-0.4.0,__all__,success,2.399,0.49238248300000004,0,0.49238248300000004,0.49238248300000004,0.49238248300000004,1,2026-10-05T15:38:20Z,2188480.11
parse-patch-bsan,winapi-i686-pc-windows-gnu-0.4.0,__all__,no_match,3.097,,,,,,1,2026-10-05T15:38:29Z,2188480.12
parse-patch-bsan,cranelift-codegen-shared-0.136.2,__all__,success,2.598,0.328824679,0,0.328824679,0.328824679,0.328824679,1,2026-10-05T15:38:20Z,2188480.1
parse-patch-bsan,drop_bomb-0.1.5,__all__,success,2.674,0.54114774,0,0.54114774,0.54114774,0.54114774,1,2026-10-05T15:38:20Z,2188480.2
parse-patch-bsan,frunk_core-0.5.0,__all__,test_failed,11.341,,,,,,1,2026-10-05T15:38:32Z,2188480.3
parse-patch-bsan,icu_decimal_data-2.3.0,__all__,success,3.321,0.9716168110000001,0,0.9716168110000001,0.9716168110000001,0.9716168110000001,1,2026-10-05T15:38:22Z,2188480.4
parse-patch-bsan,jod-thread-1.0.0,__all__,success,2.966,0.349527801,0,0.349527801,0.349527801,0.349527801,1,2026-10-05T15:38:20Z,2188480.5
parse-patch-bsan,muldiv-1.0.1,__all__,success,24.821,0.936088,0,0.936088,0.936088,0.936088,1,2026-10-05T15:38:46Z,2188480.6
parse-patch-bsan,parse-zoneinfo-0.5.0,__all__,success,19.056,10.566257235,0,10.566257235,10.566257235,10.566257235,1,2026-10-05T15:39:00Z,2188480.7
parse-patch-bsan,protoc-bin-vendored-win32-3.2.0,__all__,success,2.651,0.33000317,0,0.33000317,0.33000317,0.33000317,1,2026-10-05T15:38:20Z,2188480.8
parse-patch-bsan,saturating-0.1.0,__all__,success,2.462,0.515600159,0,0.515600159,0.515600159,0.515600159,1,2026-10-05T15:38:20Z,2188480.9
parse-patch-bsan,path-slash-0.2.1,__all__,success,4.401,1.458918775,0,1.458918775,1.458918775,1.458918775,1,2026-10-05T14:00:02Z,2188454.8
parse-patch-bsan,block-sys-0.2.1,,build_failed,,,,,,,1,2026-10-05T15:39:23Z,2188481.0
parse-patch-bsan,supports-unicode-3.0.0,__all__,success,6.596,0.49565956000000005,0,0.49565956000000005,0.49565956000000005,0.49565956000000005,1,2026-10-05T15:39:25Z,2188481.10
parse-patch-bsan,unicode-general-category-1.1.0,__all__,success,6.590,0.572706672,0,0.572706672,0.572706672,0.572706672,1,2026-10-05T15:39:25Z,2188481.11
parse-patch-bsan,winapi-x86_64-pc-windows-gnu-0.4.0,__all__,no_match,3.219,,,,,,1,2026-10-05T15:39:27Z,2188481.12
parse-patch-bsan,cranelift-isle-0.136.2,__all__,test_failed,17.084,,,,,,1,2026-10-05T15:41:08Z,2188481.1
parse-patch-bsan,dtor-proc-macro-0.0.13,__all__,no_match,4.714,,,,,,1,2026-10-05T15:39:23Z,2188481.2
parse-patch-bsan,fs-err-3.3.2,__all__,success,7.131,0.37013540300000003,0,0.37013540300000003,0.37013540300000003,0.37013540300000003,1,2026-10-05T15:39:34Z,2188481.3
parse-patch-bsan,icu_locale_data-2.3.0,__all__,success,6.592,1.05859937,0,1.05859937,1.05859937,1.05859937,1,2026-10-05T15:39:27Z,2188481.4
parse-patch-bsan,jsonrpsee-wasm-client-0.26.1,__all__,no_match,1.757,,,,,,1,2026-10-05T15:39:28Z,2188481.5
parse-patch-bsan,murmurhash32-0.4.0,__all__,success,52.424,13.385994193,0,13.385994193,13.385994193,13.385994193,1,2026-10-05T15:40:50Z,2188481.6
parse-patch-bsan,password-hash-0.6.1,__all__,no_match,1.873,,,,,,1,2026-10-05T15:39:26Z,2188481.7
parse-patch-bsan,psl-2.1.239,__all__,no_match,24.052,,,,,,1,2026-10-05T15:39:54Z,2188481.8
parse-patch-bsan,scratch-1.0.9,__all__,success,6.588,0.632056265,0,0.632056265,0.632056265,0.632056265,1,2026-10-05T15:39:26Z,2188481.9
parse-patch-bsan,quick-error-2.0.1,__all__,success,5.394,0.840759303,0,0.840759303,0.840759303,0.840759303,1,2026-10-05T14:00:00Z,2188454.9
parse-patch-bsan,borrow-or-share-0.2.4,__all__,success,1.930,0.536289384,0,0.536289384,0.536289384,0.536289384,1,2026-10-05T15:41:20Z,2188482.0
parse-patch-bsan,svg_fmt-0.4.5,__all__,success,2.735,0.523151252,0,0.523151252,0.523151252,0.523151252,1,2026-10-05T15:41:21Z,2188482.10
parse-patch-bsan,unicode-id-0.3.7,,build_failed,,,,,,,1,2026-10-05T15:41:23Z,2188482.11
parse-patch-bsan,windows_aarch64_gnullvm-0.53.1,__all__,no_match,3.256,,,,,,1,2026-10-05T15:41:21Z,2188482.12
parse-patch-bsan,cranelift-srcgen-0.136.2,__all__,success,5.251,0.377681843,0,0.377681843,0.377681843,0.377681843,1,2026-10-05T15:41:23Z,2188482.1
parse-patch-bsan,dunce-1.0.5,__all__,success,2.586,1.3552753100000001,0,1.3552753100000001,1.3552753100000001,1.3552753100000001,1,2026-10-05T15:41:23Z,2188482.2
parse-patch-bsan,fs_extra-1.3.0,__all__,success,17.275,6.85993408,0,6.85993408,6.85993408,6.85993408,1,2026-10-05T15:41:49Z,2188482.3
parse-patch-bsan,icu_locid-2.0.0,__all__,no_match,1.946,,,,,,1,2026-10-05T15:41:20Z,2188482.4
parse-patch-bsan,keyboard-types-0.8.3,__all__,success,3.231,0.56906992,0,0.56906992,0.56906992,0.56906992,1,2026-10-05T15:41:23Z,2188482.5
parse-patch-bsan,napi-build-2.6.0,__all__,success,4.973,0.42360846300000005,0,0.42360846300000005,0.42360846300000005,0.42360846300000005,1,2026-10-05T15:41:23Z,2188482.6
parse-patch-bsan,paste-1.0.15,,build_failed,,,,,,,1,2026-10-05T15:41:48Z,2188482.7
parse-patch-bsan,psl-types-2.0.11,__all__,success,3.626,0.366103183,0,0.366103183,0.366103183,0.366103183,1,2026-10-05T15:41:22Z,2188482.8
parse-patch-bsan,seq-macro-0.3.6,__all__,success,34.931,0.813372143,0,0.813372143,0.813372143,0.813372143,1,2026-10-05T15:41:58Z,2188482.9
parse-patch-bsan,always-assert-0.2.0,__all__,test_failed,3.977,,,,,,1,2026-10-05T14:03:14Z,2188455.0
parse-patch-bsan,sketches-ddsketch-0.4.1,__all__,success,12.116,129.750980228,0,129.750980228,129.750980228,129.750980228,1,2026-10-05T14:07:25Z,2188455.10
parse-patch-bsan,bufstream-0.1.4,__all__,success,2.341,0.35404898500000004,0,0.35404898500000004,0.35404898500000004,0.35404898500000004,1,2026-10-05T15:42:23Z,2188483.0
parse-patch-bsan,tabwriter-1.4.1,__all__,success,3.883,1.19715353,0,1.19715353,1.19715353,1.19715353,1,2026-10-05T15:42:24Z,2188483.10
parse-patch-bsan,unicode-linebreak-0.1.5,__all__,success,2.444,0.6713973390000001,0,0.6713973390000001,0.6713973390000001,0.6713973390000001,1,2026-10-05T15:42:22Z,2188483.11
parse-patch-bsan,windows_aarch64_msvc-0.53.1,__all__,no_match,3.042,,,,,,1,2026-10-05T15:42:21Z,2188483.12
parse-patch-bsan,time-core-0.1.9,__all__,test_failed,4.885,,,,,,1,2026-10-05T14:03:15Z,2188455.11
parse-patch-bsan,crc16-0.4.0,__all__,success,4.315,0.616667179,0,0.616667179,0.616667179,0.616667179,1,2026-10-05T15:42:23Z,2188483.1
parse-patch-bsan,unic-ucd-version-0.9.0,__all__,success,4.640,0.8499318840000001,0,0.8499318840000001,0.8499318840000001,0.8499318840000001,1,2026-10-05T14:03:15Z,2188455.12
parse-patch-bsan,dyn-stack-macros-0.1.3,__all__,no_match,2.115,,,,,,1,2026-10-05T15:42:20Z,2188483.2
parse-patch-bsan,windows_x86_64_gnullvm-0.53.1,__all__,no_match,6.876,,,,,,1,2026-10-05T14:03:16Z,2188455.13
parse-patch-bsan,icu_locid_transform-2.0.0,__all__,no_match,1.877,,,,,,1,2026-10-05T15:42:20Z,2188483.4
parse-patch-bsan,khronos_api-3.1.0,__all__,no_match,3.491,,,,,,1,2026-10-05T15:42:22Z,2188483.5
parse-patch-bsan,natord-1.0.9,__all__,success,2.618,1.2626798780000001,0,1.2626798780000001,1.2626798780000001,1.2626798780000001,1,2026-10-05T15:42:23Z,2188483.6
parse-patch-bsan,paste-impl-0.1.18,__all__,no_match,3.458,,,,,,1,2026-10-05T15:42:22Z,2188483.7
parse-patch-bsan,pulp-wasm-simd-flag-0.1.1,__all__,no_match,1.886,,,,,,1,2026-10-05T15:42:20Z,2188483.8
parse-patch-bsan,cast-0.3.0,__all__,success,26.840,2.312568099,0,2.312568099,2.312568099,2.312568099,1,2026-10-05T14:03:43Z,2188455.1
parse-patch-bsan,build_const-0.2.2,__all__,success,4.286,0.367228217,0,0.367228217,0.367228217,0.367228217,1,2026-10-05T15:42:24Z,2188484.0
parse-patch-bsan,tap-1.0.1,__all__,success,4.290,1.026894009,0,1.026894009,1.026894009,1.026894009,1,2026-10-05T15:42:25Z,2188484.10
parse-patch-bsan,unicode-properties-0.1.4,__all__,success,5.088,1.142659366,0,1.142659366,1.142659366,1.142659366,1,2026-10-05T15:42:26Z,2188484.11
parse-patch-bsan,windows_i686_gnu-0.53.1,__all__,no_match,5.296,,,,,,1,2026-10-05T15:42:24Z,2188484.12
parse-patch-bsan,crc-3.4.0,__all__,success,4.346,0.9235910420000001,0,0.9235910420000001,0.9235910420000001,0.9235910420000001,1,2026-10-05T15:42:25Z,2188484.1
parse-patch-bsan,ecolor-0.36.2,__all__,success,4.054,1.844200238,0,1.844200238,1.844200238,1.844200238,1,2026-10-05T15:42:28Z,2188484.2
parse-patch-bsan,function_name-0.3.0,,fetch_failed,,,,,,,1,2026-10-05T15:42:18Z,2188484.3
parse-patch-bsan,icu_locid_transform_data-1.5.1,__all__,success,5.289,0.33102965,0,0.33102965,0.33102965,0.33102965,1,2026-10-05T15:42:25Z,2188484.4
parse-patch-bsan,leb128-0.2.7,__all__,success,24.085,1.264617053,0,1.264617053,1.264617053,1.264617053,1,2026-10-05T15:42:52Z,2188484.5
parse-patch-bsan,nb-1.1.0,__all__,success,3.247,0.5660154460000001,0,0.5660154460000001,0.5660154460000001,0.5660154460000001,1,2026-10-05T15:42:24Z,2188484.6
parse-patch-bsan,pastey-0.2.3,__all__,success,4.161,0.718866949,0,0.718866949,0.718866949,0.718866949,1,2026-10-05T15:42:27Z,2188484.7
parse-patch-bsan,pyo3-build-config-0.29.3,__all__,success,12.347,2.99574146,0,2.99574146,2.99574146,2.99574146,1,2026-10-05T15:42:37Z,2188484.8
parse-patch-bsan,shared_thread-0.2.1,__all__,success,4.483,2.287608904,0,2.287608904,2.287608904,2.287608904,1,2026-10-05T15:42:28Z,2188484.9
parse-patch-bsan,current_platform-0.2.0,__all__,success,7.000,0.34180818300000004,0,0.34180818300000004,0.34180818300000004,0.34180818300000004,1,2026-10-05T14:03:17Z,2188455.2
parse-patch-bsan,built-0.8.1,__all__,test_failed,10.702,,,,,,1,2026-10-05T15:42:57Z,2188485.0
parse-patch-bsan,task-local-extensions-0.1.4,__all__,test_failed,24.085,,,,,,1,2026-10-05T15:42:49Z,2188485.10
parse-patch-bsan,unicode-script-0.5.8,__all__,success,4.698,1.003609068,0,1.003609068,1.003609068,1.003609068,1,2026-10-05T15:42:26Z,2188485.11
parse-patch-bsan,windows_i686_gnullvm-0.53.1,__all__,no_match,5.501,,,,,,1,2026-10-05T15:42:25Z,2188485.12
parse-patch-bsan,crc-catalog-2.5.0,__all__,success,4.293,1.237654337,0,1.237654337,1.237654337,1.237654337,1,2026-10-05T15:42:26Z,2188485.1
parse-patch-bsan,ed25519-3.0.0,__all__,success,4.387,1.873828975,0,1.873828975,1.873828975,1.873828975,1,2026-10-05T15:42:29Z,2188485.2
parse-patch-bsan,function_name-proc-macro-0.3.0,__all__,no_match,4.181,,,,,,1,2026-10-05T15:42:24Z,2188485.3
parse-patch-bsan,icu_normalizer_data-2.3.0,__all__,success,5.400,1.057585664,0,1.057585664,1.057585664,1.057585664,1,2026-10-05T15:42:27Z,2188485.4
parse-patch-bsan,leb128fmt-0.1.0,__all__,success,4.424,1.158840089,0,1.158840089,1.158840089,1.158840089,1,2026-10-05T15:42:26Z,2188485.5
parse-patch-bsan,nested-0.1.1,__all__,success,4.400,0.984592188,0,0.984592188,0.984592188,0.984592188,1,2026-10-05T15:42:25Z,2188485.6
parse-patch-bsan,path-absolutize-4.0.1,__all__,success,4.254,1.383524961,0,1.383524961,1.383524961,1.383524961,1,2026-10-05T15:42:27Z,2188485.7
parse-patch-bsan,python3-dll-a-0.2.15,__all__,test_failed,4.777,,,,,,1,2026-10-05T15:42:25Z,2188485.8
parse-patch-bsan,shell-escape-0.1.5,__all__,success,4.425,0.885274169,0,0.885274169,0.885274169,0.885274169,1,2026-10-05T15:42:25Z,2188485.9
parse-patch-bsan,embedded-io-0.7.1,__all__,success,3.881,0.746867338,0,0.746867338,0.746867338,0.746867338,1,2026-10-05T14:03:15Z,2188455.3
parse-patch-bsan,byteorder-lite-0.1.0,__all__,success,11.238,4.320141578,0,4.320141578,4.320141578,4.320141578,1,2026-10-05T15:42:41Z,2188486.0
parse-patch-bsan,termcolor-1.4.1,__all__,success,4.370,1.172114373,0,1.172114373,1.172114373,1.172114373,1,2026-10-05T15:42:26Z,2188486.10
parse-patch-bsan,windows_i686_msvc-0.53.1,__all__,no_match,5.658,,,,,,1,2026-10-05T15:42:25Z,2188486.12
parse-patch-bsan,crunchy-0.2.4,__all__,success,5.713,0.326550033,0,0.326550033,0.326550033,0.326550033,1,2026-10-05T15:42:25Z,2188486.1
parse-patch-bsan,elf-0.8.0,__all__,test_failed,8.919,,,,,,1,2026-10-05T15:42:30Z,2188486.2
parse-patch-bsan,funty-2.0.0,__all__,no_match,4.862,,,,,,1,2026-10-05T15:42:24Z,2188486.3
parse-patch-bsan,icu_plurals_data-2.3.0,__all__,success,5.641,1.023876921,0,1.023876921,1.023876921,1.023876921,1,2026-10-05T15:42:27Z,2188486.4
parse-patch-bsan,levenshtein-1.0.5,__all__,no_match,4.970,,,,,,1,2026-10-05T15:42:24Z,2188486.5
parse-patch-bsan,netlink-packet-core-0.9.0,__all__,success,15.183,2.626704797,0,2.626704797,2.626704797,2.626704797,1,2026-10-05T15:42:41Z,2188486.6
parse-patch-bsan,path-clean-1.0.1,__all__,success,41.244,0.804591221,0,0.804591221,0.804591221,0.804591221,1,2026-10-05T15:43:18Z,2188486.7
parse-patch-bsan,qrcodegen-1.8.0,__all__,test_failed,4.939,,,,,,1,2026-10-05T15:42:25Z,2188486.8
parse-patch-bsan,shell-words-1.1.1,__all__,success,4.941,0.46844098900000003,0,0.46844098900000003,0.46844098900000003,0.46844098900000003,1,2026-10-05T15:42:25Z,2188486.9
parse-patch-bsan,getopts-0.2.24,__all__,success,8.313,2.022932544,0,2.022932544,2.022932544,2.022932544,1,2026-10-05T14:03:21Z,2188455.4
parse-patch-bsan,ident_case-1.0.1,__all__,success,4.927,1.05292893,0,1.05292893,1.05292893,1.05292893,1,2026-10-05T14:03:16Z,2188455.5
parse-patch-bsan,linebender_resource_handle-0.1.1,__all__,success,4.129,0.555930213,0,0.555930213,0.555930213,0.555930213,1,2026-10-05T14:03:15Z,2188455.6
parse-patch-bsan,noop_proc_macro-0.3.0,__all__,success,7.551,0.523794092,0,0.523794092,0.523794092,0.523794092,1,2026-10-05T14:03:18Z,2188455.7
parse-patch-bsan,peeking_take_while-1.0.0,__all__,success,4.904,0.829757186,0,0.829757186,0.829757186,0.829757186,1,2026-10-05T14:03:16Z,2188455.8
parse-patch-bsan,quoted_printable-0.5.2,__all__,success,5.078,0.959713099,0,0.959713099,0.959713099,0.959713099,1,2026-10-05T14:03:16Z,2188455.9
parse-patch-bsan,ambient-authority-0.0.2,__all__,success,4.822,0.529953996,0,0.529953996,0.529953996,0.529953996,1,2026-10-05T14:07:23Z,2188456.0
parse-patch-bsan,smawk-0.3.3,__all__,test_failed,131.857,,,,,,1,2026-10-05T14:10:44Z,2188456.10
parse-patch-bsan,tinyjson-2.5.1,__all__,success,3.631,1.234139422,0,1.234139422,1.234139422,1.234139422,1,2026-10-05T14:08:01Z,2188456.11
parse-patch-bsan,unidecode-0.3.0,__all__,timeout,7.813,,,,,,1,2026-10-05T15:07:25Z,2188456.12
parse-patch-bsan,windows_x86_64_msvc-0.53.1,__all__,no_match,11.874,,,,,,1,2026-10-05T14:07:29Z,2188456.13
parse-patch-bsan,census-0.4.2,__all__,timeout,8.917,,,,,,1,2026-10-05T15:07:26Z,2188456.1
parse-patch-bsan,cursor-icon-1.2.0,,build_failed,,,,,,,1,2026-10-05T14:08:02Z,2188456.2
parse-patch-bsan,encoding_index_tests-0.1.4,__all__,no_match,5.037,,,,,,1,2026-10-05T14:07:23Z,2188456.3
parse-patch-bsan,get-size-0.1.4,,build_failed,,,,,,,1,2026-10-05T14:07:33Z,2188456.4
parse-patch-bsan,id-set-0.2.2,__all__,success,5.639,5.58992834,0,5.58992834,5.58992834,5.58992834,1,2026-10-05T14:07:34Z,2188456.5
parse-patch-bsan,line-clipping-0.3.8,__all__,success,28.206,2.410560609,0,2.410560609,2.410560609,2.410560609,1,2026-10-05T14:08:27Z,2188456.6
parse-patch-bsan,normalize-line-endings-0.3.0,__all__,success,6.023,1.005909486,0,1.005909486,1.005909486,1.005909486,1,2026-10-05T14:07:25Z,2188456.7
parse-patch-bsan,peg-runtime-0.8.6,__all__,no_match,5.368,,,,,,1,2026-10-05T14:07:23Z,2188456.8
parse-patch-bsan,radix_fmt-1.0.0,__all__,success,16.739,4.102237731,0,4.102237731,4.102237731,4.102237731,1,2026-10-05T14:08:23Z,2188456.9
parse-patch-bsan,android_log-sys-0.3.2,,build_failed,,,,,,,1,2026-10-05T14:07:42Z,2188457.0
parse-patch-bsan,snapbox-macros-1.1.0,__all__,no_match,2.363,,,,,,1,2026-10-05T14:07:44Z,2188457.10
parse-patch-bsan,tinyvec_macros-0.1.1,__all__,no_match,3.463,,,,,,1,2026-10-05T14:07:44Z,2188457.11
parse-patch-bsan,unindent-0.2.4,__all__,success,3.443,0.562934404,0,0.562934404,0.562934404,0.562934404,1,2026-10-05T14:07:45Z,2188457.12
parse-patch-bsan,write16-1.0.0,__all__,no_match,3.250,,,,,,1,2026-10-05T14:07:44Z,2188457.13
parse-patch-bsan,cfg_aliases-0.2.2,__all__,success,3.885,1.360708099,0,1.360708099,1.360708099,1.360708099,1,2026-10-05T14:07:47Z,2188457.1
parse-patch-bsan,cvss-3.0.0,__all__,test_failed,10.241,,,,,,1,2026-10-05T14:14:29Z,2188457.2
parse-patch-bsan,endi-1.1.1,__all__,success,3.472,0.726436614,0,0.726436614,0.726436614,0.726436614,1,2026-10-05T14:07:45Z,2188457.3
parse-patch-bsan,get-size2-0.11.0,,build_failed,,,,,,,1,2026-10-05T14:07:51Z,2188457.4
parse-patch-bsan,ieee754-0.2.6,__all__,success,39.518,5.991477252,0,5.991477252,5.991477252,5.991477252,1,2026-10-05T14:08:43Z,2188457.5
parse-patch-bsan,line-wrap-0.2.0,__all__,timeout,11.857,,,,,,1,2026-10-05T15:07:55Z,2188457.6
parse-patch-bsan,normalize-path-0.2.2,__all__,success,3.458,0.6369055650000001,0,0.6369055650000001,0.6369055650000001,0.6369055650000001,1,2026-10-05T14:07:45Z,2188457.7
parse-patch-bsan,pico-args-0.5.0,__all__,success,5.070,0.735652835,0,0.735652835,0.735652835,0.735652835,1,2026-10-05T14:07:46Z,2188457.8
parse-patch-bsan,rand_core-0.10.1,__all__,success,4.949,2.439975541,0,2.439975541,2.439975541,2.439975541,1,2026-10-05T14:07:50Z,2188457.9
parse-patch-bsan,android-tzdata-0.1.1,__all__,test_failed,43.955,,,,,,1,2026-10-05T14:12:14Z,2188458.0
parse-patch-bsan,snmalloc-sys-0.7.6,,build_failed,,,,,,,1,2026-10-05T14:10:41Z,2188458.10
parse-patch-bsan,toml_datetime-1.1.1+spec-1.1.0,__all__,no_match,20.392,,,,,,1,2026-10-05T14:10:54Z,2188458.11
parse-patch-bsan,unit-prefix-0.5.2,__all__,success,8.029,1.041048851,0,1.041048851,1.041048851,1.041048851,1,2026-10-05T14:10:34Z,2188458.12
parse-patch-bsan,wyhash-0.6.0,__all__,success,18.688,1.259447948,0,1.259447948,1.259447948,1.259447948,1,2026-10-05T14:11:19Z,2188458.13
parse-patch-bsan,cfg-if-1.0.5,__all__,success,5.335,0.8749215220000001,0,0.8749215220000001,0.8749215220000001,0.8749215220000001,1,2026-10-05T14:10:32Z,2188458.1
parse-patch-bsan,cxxbridge-flags-1.0.202,__all__,no_match,6.093,,,,,,1,2026-10-05T14:10:31Z,2188458.2
parse-patch-bsan,endian-type-0.2.0,__all__,success,6.656,17.529559541,0,17.529559541,17.529559541,17.529559541,1,2026-10-05T14:11:06Z,2188458.3
parse-patch-bsan,gif-0.14.2,__all__,timeout,71.141,,,,,,1,2026-10-05T15:13:42Z,2188458.4
parse-patch-bsan,if_chain-1.0.3,__all__,success,6.511,0.648517036,0,0.648517036,0.648517036,0.648517036,1,2026-10-05T14:10:32Z,2188458.5
parse-patch-bsan,link-cplusplus-1.0.12,__all__,success,22.598,1.431920827,0,1.431920827,1.431920827,1.431920827,1,2026-10-05T14:10:53Z,2188458.6
parse-patch-bsan,no-std-compat-0.4.1,__all__,no_match,9.719,,,,,,1,2026-10-05T14:10:50Z,2188458.7
parse-patch-bsan,pin-utils-0.1.1,__all__,success,10.264,1.186127874,0,1.186127874,1.186127874,1.186127874,1,2026-10-05T14:10:38Z,2188458.8
parse-patch-bsan,rand_hc-0.5.1,__all__,success,7.176,30.524568695,0,30.524568695,30.524568695,30.524568695,1,2026-10-05T14:11:34Z,2188458.9
parse-patch-bsan,approx-0.5.1,__all__,success,11.182,2.073341011,0,2.073341011,2.073341011,2.073341011,1,2026-10-05T14:14:57Z,2188459.0
parse-patch-bsan,solana-atomic-u64-3.0.1,__all__,no_match,2.518,,,,,,1,2026-10-05T14:14:46Z,2188459.10
parse-patch-bsan,toml_write-0.1.2,__all__,success,30.152,0.727663896,0,0.727663896,0.727663896,0.727663896,1,2026-10-05T14:15:20Z,2188459.11
parse-patch-bsan,untrusted-0.9.0,__all__,success,4.194,0.6775211910000001,0,0.6775211910000001,0.6775211910000001,0.6775211910000001,1,2026-10-05T14:14:48Z,2188459.12
parse-patch-bsan,wyz-0.6.1,__all__,success,3.677,0.90293937,0,0.90293937,0.90293937,0.90293937,1,2026-10-05T14:14:48Z,2188459.13
parse-patch-bsan,choice-0.0.2,__all__,success,2.920,0.7464279850000001,0,0.7464279850000001,0.7464279850000001,0.7464279850000001,1,2026-10-05T14:14:48Z,2188459.1
parse-patch-bsan,datafusion-doc-55.1.0,__all__,success,3.885,1.431066009,0,1.431066009,1.431066009,1.431066009,1,2026-10-05T14:14:49Z,2188459.2
parse-patch-bsan,env_home-0.1.0,__all__,success,3.911,0.6086424450000001,0,0.6086424450000001,0.6086424450000001,0.6086424450000001,1,2026-10-05T14:14:47Z,2188459.3
parse-patch-bsan,gix-trace-0.2.0,__all__,no_match,0.472,,,,,,1,2026-10-05T14:14:43Z,2188459.4
parse-patch-bsan,ignore-result-0.2.0,__all__,success,3.908,0.8632286130000001,0,0.8632286130000001,0.8632286130000001,0.8632286130000001,1,2026-10-05T14:14:47Z,2188459.5
parse-patch-bsan,linktime-proc-macro-0.2.3,__all__,success,5.752,0.419283931,0,0.419283931,0.419283931,0.419283931,1,2026-10-05T14:14:50Z,2188459.6
parse-patch-bsan,number_prefix-0.4.0,__all__,success,3.889,0.984321831,0,0.984321831,0.984321831,0.984321831,1,2026-10-05T14:14:48Z,2188459.7
parse-patch-bsan,pkcs1-0.7.5,__all__,success,11.700,1.070930346,0,1.070930346,1.070930346,1.070930346,1,2026-10-05T14:15:00Z,2188459.8
parse-patch-bsan,range-alloc-0.1.5,__all__,success,3.908,1.055923092,0,1.055923092,1.055923092,1.055923092,1,2026-10-05T14:14:48Z,2188459.9
parse-patch-bsan,ar-0.9.0,__all__,success,6.489,179.960744352,0,179.960744352,179.960744352,179.960744352,1,2026-10-05T14:21:59Z,2188460.0
parse-patch-bsan,solana-define-syscall-5.2.0,__all__,no_match,1.677,,,,,,1,2026-10-05T14:15:43Z,2188460.10
parse-patch-bsan,toml_writer-1.1.2+spec-1.1.0,__all__,success,35.074,1.740688449,0,1.740688449,1.740688449,1.740688449,1,2026-10-05T14:16:29Z,2188460.11
parse-patch-bsan,utf8-decode-2.0.0,__all__,success,2.937,1.786622262,0,1.786622262,1.786622262,1.786622262,1,2026-10-05T14:15:48Z,2188460.12
parse-patch-bsan,xcursor-0.3.11,__all__,success,4.203,0.383796589,0,0.383796589,0.383796589,0.383796589,1,2026-10-05T14:15:46Z,2188460.13
parse-patch-bsan,chunked_transfer-1.5.0,__all__,success,50.371,0.945177955,0,0.945177955,0.945177955,0.945177955,1,2026-10-05T14:16:51Z,2188460.1
parse-patch-bsan,data-url-0.3.2,__all__,success,17.595,2025.916604642,0,2025.916604642,2025.916604642,2025.916604642,1,2026-10-05T15:23:44Z,2188460.2
parse-patch-bsan,epaint_default_fonts-0.36.2,__all__,no_match,1.746,,,,,,1,2026-10-05T14:15:44Z,2188460.3
parse-patch-bsan,glob-0.3.4,__all__,success,10.453,117.908256768,0,117.908256768,117.908256768,117.908256768,1,2026-10-05T14:19:58Z,2188460.4
parse-patch-bsan,ihex-3.0.0,__all__,test_failed,3.548,,,,,,1,2026-10-05T14:15:50Z,2188460.5
parse-patch-bsan,litrs-1.0.0,__all__,success,11.808,1.426619481,0,1.426619481,1.426619481,1.426619481,1,2026-10-05T14:15:57Z,2188460.6
parse-patch-bsan,num-cmp-0.1.0,__all__,success,3.214,57.112039604,0,57.112039604,57.112039604,57.112039604,1,2026-10-05T14:17:45Z,2188460.7
parse-patch-bsan,pkg-config-0.3.34,__all__,success,5.417,10.160112699999999,0,10.160112699999999,10.160112699999999,10.160112699999999,1,2026-10-05T14:16:07Z,2188460.8
parse-patch-bsan,reborrow-0.5.5,__all__,test_failed,2.157,,,,,,1,2026-10-05T14:15:45Z,2188460.9
parse-patch-bsan,argh_shared-0.1.19,__all__,no_match,4.000,,,,,,1,2026-10-05T14:51:33Z,2188461.0
parse-patch-bsan,solana-measure-4.3.0,__all__,no_match,4.524,,,,,,1,2026-10-05T14:51:33Z,2188461.10
parse-patch-bsan,utf8-ranges-1.0.5,__all__,success,9.493,312.292475617,0,312.292475617,312.292475617,312.292475617,1,2026-10-05T15:02:04Z,2188461.12
parse-patch-bsan,xdg-3.0.0,__all__,success,5.713,0.953728867,0,0.953728867,0.953728867,0.953728867,1,2026-10-05T14:51:37Z,2188461.13
parse-patch-bsan,ciborium-io-0.2.2,__all__,success,4.532,0.43363717,0,0.43363717,0.43363717,0.43363717,1,2026-10-05T14:51:34Z,2188461.1
parse-patch-bsan,debug-helper-0.3.14,__all__,success,4.523,0.660715579,0,0.660715579,0.660715579,0.660715579,1,2026-10-05T14:51:34Z,2188461.2
parse-patch-bsan,equator-macro-0.6.0,__all__,no_match,5.015,,,,,,1,2026-10-05T14:51:34Z,2188461.3
parse-patch-bsan,glutin_wgl_sys-0.6.1,__all__,no_match,7.102,,,,,,1,2026-10-05T14:51:36Z,2188461.4
parse-patch-bsan,imagesize-0.15.0,__all__,success,48.001,1.157014373,0,1.157014373,1.157014373,1.157014373,1,2026-10-05T14:52:28Z,2188461.5
parse-patch-bsan,local-waker-0.1.4,__all__,no_match,4.522,,,,,,1,2026-10-05T14:51:33Z,2188461.6
parse-patch-bsan,num-conv-0.2.2,__all__,success,4.530,0.684369902,0,0.684369902,0.684369902,0.684369902,1,2026-10-05T14:51:35Z,2188461.7
parse-patch-bsan,platforms-4.2.1,__all__,success,4.738,0.8493891880000001,0,0.8493891880000001,0.8493891880000001,0.8493891880000001,1,2026-10-05T14:51:35Z,2188461.8
parse-patch-bsan,regex-lite-0.1.9,,build_failed,,,,,,,1,2026-10-05T14:51:56Z,2188461.9
parse-patch-bsan,num-integer-0.1.47,__calibration__,calibration,36.388,1.268353012,0,1.268353012,1.268353012,1.268353012,1,2026-10-05T19:03:54Z,2189872.0
parse-patch-bsan,num-integer-0.1.47,i128::bit_size,success,36.388,1.2267334060000001,0,1.2267334060000001,1.2267334060000001,1.2267334060000001,1,2026-10-05T19:03:57Z,2189872.0
parse-patch-bsan,num-integer-0.1.47,i128::cbrt,success,36.388,1.428562085,0,1.428562085,1.428562085,1.428562085,1,2026-10-05T19:04:00Z,2189872.0
parse-patch-bsan,num-integer-0.1.47,i128::cbrt_neg,success,36.388,1.6136704370000001,0,1.6136704370000001,1.6136704370000001,1.6136704370000001,1,2026-10-05T19:04:03Z,2189872.0
parse-patch-bsan,num-integer-0.1.47,i128::ceil::different_sign,success,36.388,1.164561384,0,1.164561384,1.164561384,1.164561384,1,2026-10-05T19:04:06Z,2189872.0
parse-patch-bsan,num-integer-0.1.47,i128::ceil::same_sign,success,36.388,1.231722243,0,1.231722243,1.231722243,1.231722243,1,2026-10-05T19:04:08Z,2189872.0
parse-patch-bsan,num-integer-0.1.47,i128::floor::different_sign,success,36.388,1.017501373,0,1.017501373,1.017501373,1.017501373,1,2026-10-05T19:04:10Z,2189872.0
parse-patch-bsan,num-integer-0.1.47,i128::floor::same_sign,success,36.388,0.9063182740000001,0,0.9063182740000001,0.9063182740000001,0.9063182740000001,1,2026-10-05T19:04:12Z,2189872.0
parse-patch-bsan,num-integer-0.1.47,i128::nth_root,success,36.388,51.564692435,0,51.564692435,51.564692435,51.564692435,1,2026-10-05T19:05:55Z,2189872.0
parse-patch-bsan,num-integer-0.1.47,i128::nth_root_neg,success,36.388,25.22475327,0,25.22475327,25.22475327,25.22475327,1,2026-10-05T19:06:46Z,2189872.0
parse-patch-bsan,num-integer-0.1.47,i128::sqrt,success,36.388,1.2607080370000001,0,1.2607080370000001,1.2607080370000001,1.2607080370000001,1,2026-10-05T19:06:48Z,2189872.0
parse-patch-bsan,num-integer-0.1.47,i128::sqrt_neg,success,36.388,0.9020831970000001,0,0.9020831970000001,0.9020831970000001,0.9020831970000001,1,2026-10-05T19:06:50Z,2189872.0
parse-patch-bsan,num-integer-0.1.47,i128::zeroth_root,success,36.388,0.92345924,0,0.92345924,0.92345924,0.92345924,1,2026-10-05T19:06:52Z,2189872.0
parse-patch-bsan,num-integer-0.1.47,i16::bit_size,success,36.388,0.8736534530000001,0,0.8736534530000001,0.8736534530000001,0.8736534530000001,1,2026-10-05T19:06:54Z,2189872.0
parse-patch-bsan,num-integer-0.1.47,i16::cbrt,success,36.388,1.050030609,0,1.050030609,1.050030609,1.050030609,1,2026-10-05T19:06:56Z,2189872.0
parse-patch-bsan,num-integer-0.1.47,i16::cbrt_neg,success,36.388,1.063112825,0,1.063112825,1.063112825,1.063112825,1,2026-10-05T19:06:58Z,2189872.0
parse-patch-bsan,num-integer-0.1.47,i16::ceil::different_sign,success,36.388,0.9435806040000001,0,0.9435806040000001,0.9435806040000001,0.9435806040000001,1,2026-10-05T19:07:00Z,2189872.0
parse-patch-bsan,num-integer-0.1.47,i16::ceil::same_sign,success,36.388,0.9467674760000001,0,0.9467674760000001,0.9467674760000001,0.9467674760000001,1,2026-10-05T19:07:02Z,2189872.0
parse-patch-bsan,num-integer-0.1.47,i16::floor::different_sign,success,36.388,0.93598216,0,0.93598216,0.93598216,0.93598216,1,2026-10-05T19:07:04Z,2189872.0
parse-patch-bsan,num-integer-0.1.47,i16::floor::same_sign,success,36.388,0.941586526,0,0.941586526,0.941586526,0.941586526,1,2026-10-05T19:07:05Z,2189872.0
parse-patch-bsan,num-integer-0.1.47,i16::nth_root,success,36.388,2.05388485,0,2.05388485,2.05388485,2.05388485,1,2026-10-05T19:07:10Z,2189872.0
parse-patch-bsan,num-integer-0.1.47,i16::nth_root_neg,success,36.388,1.417455246,0,1.417455246,1.417455246,1.417455246,1,2026-10-05T19:07:12Z,2189872.0
parse-patch-bsan,num-integer-0.1.47,i16::sqrt,success,36.388,1.050835902,0,1.050835902,1.050835902,1.050835902,1,2026-10-05T19:07:15Z,2189872.0
parse-patch-bsan,num-integer-0.1.47,i16::sqrt_neg,success,36.388,0.9489556790000001,0,0.9489556790000001,0.9489556790000001,0.9489556790000001,1,2026-10-05T19:07:16Z,2189872.0
parse-patch-bsan,num-integer-0.1.47,i16::zeroth_root,success,36.388,0.9396445760000001,0,0.9396445760000001,0.9396445760000001,0.9396445760000001,1,2026-10-05T19:07:18Z,2189872.0
parse-patch-bsan,num-integer-0.1.47,i32::bit_size,success,36.388,0.9264318880000001,0,0.9264318880000001,0.9264318880000001,0.9264318880000001,1,2026-10-05T19:07:20Z,2189872.0
parse-patch-bsan,num-integer-0.1.47,i32::cbrt,success,36.388,1.100590696,0,1.100590696,1.100590696,1.100590696,1,2026-10-05T19:07:22Z,2189872.0
parse-patch-bsan,num-integer-0.1.47,i32::cbrt_neg,success,36.388,1.128637794,0,1.128637794,1.128637794,1.128637794,1,2026-10-05T19:07:25Z,2189872.0
parse-patch-bsan,num-integer-0.1.47,i32::ceil::different_sign,success,36.388,0.860658527,0,0.860658527,0.860658527,0.860658527,1,2026-10-05T19:07:26Z,2189872.0
parse-patch-bsan,num-integer-0.1.47,i32::ceil::same_sign,success,36.388,0.932115801,0,0.932115801,0.932115801,0.932115801,1,2026-10-05T19:07:28Z,2189872.0
parse-patch-bsan,num-integer-0.1.47,i32::floor::different_sign,success,36.388,0.9277928700000001,0,0.9277928700000001,0.9277928700000001,0.9277928700000001,1,2026-10-05T19:07:30Z,2189872.0
parse-patch-bsan,num-integer-0.1.47,i32::floor::same_sign,success,36.388,0.934853589,0,0.934853589,0.934853589,0.934853589,1,2026-10-05T19:07:32Z,2189872.0
parse-patch-bsan,num-integer-0.1.47,i32::nth_root,success,36.388,4.221360412,0,4.221360412,4.221360412,4.221360412,1,2026-10-05T19:07:41Z,2189872.0
parse-patch-bsan,num-integer-0.1.47,i32::nth_root_neg,success,36.388,2.448355841,0,2.448355841,2.448355841,2.448355841,1,2026-10-05T19:07:46Z,2189872.0
parse-patch-bsan,num-integer-0.1.47,i32::sqrt,success,36.388,1.023837787,0,1.023837787,1.023837787,1.023837787,1,2026-10-05T19:07:48Z,2189872.0
parse-patch-bsan,num-integer-0.1.47,i32::sqrt_neg,success,36.388,0.9175355000000001,0,0.9175355000000001,0.9175355000000001,0.9175355000000001,1,2026-10-05T19:07:49Z,2189872.0
parse-patch-bsan,num-integer-0.1.47,i32::zeroth_root,success,36.388,0.944037809,0,0.944037809,0.944037809,0.944037809,1,2026-10-05T19:07:51Z,2189872.0
parse-patch-bsan,num-integer-0.1.47,i64::bit_size,success,36.388,0.926489188,0,0.926489188,0.926489188,0.926489188,1,2026-10-05T19:07:53Z,2189872.0
parse-patch-bsan,num-integer-0.1.47,i64::cbrt,success,36.388,1.122736258,0,1.122736258,1.122736258,1.122736258,1,2026-10-05T19:07:55Z,2189872.0
parse-patch-bsan,num-integer-0.1.47,i64::cbrt_neg,success,36.388,1.150764416,0,1.150764416,1.150764416,1.150764416,1,2026-10-05T19:07:58Z,2189872.0
parse-patch-bsan,num-integer-0.1.47,i64::ceil::different_sign,success,36.388,0.9486737820000001,0,0.9486737820000001,0.9486737820000001,0.9486737820000001,1,2026-10-05T19:08:00Z,2189872.0
parse-patch-bsan,num-integer-0.1.47,i64::ceil::same_sign,success,36.388,0.9642875780000001,0,0.9642875780000001,0.9642875780000001,0.9642875780000001,1,2026-10-05T19:08:02Z,2189872.0
parse-patch-bsan,num-integer-0.1.47,i64::floor::different_sign,success,36.388,0.9460652310000001,0,0.9460652310000001,0.9460652310000001,0.9460652310000001,1,2026-10-05T19:08:03Z,2189872.0
parse-patch-bsan,num-integer-0.1.47,i64::floor::same_sign,success,36.388,0.934617593,0,0.934617593,0.934617593,0.934617593,1,2026-10-05T19:08:05Z,2189872.0
parse-patch-bsan,num-integer-0.1.47,i64::nth_root,success,36.388,31.232248724,0,31.232248724,31.232248724,31.232248724,1,2026-10-05T19:09:07Z,2189872.0
parse-patch-bsan,num-integer-0.1.47,i64::nth_root_neg,success,36.388,12.534677331,0,12.534677331,12.534677331,12.534677331,1,2026-10-05T19:09:33Z,2189872.0
parse-patch-bsan,num-integer-0.1.47,i64::sqrt,success,36.388,0.9571353340000001,0,0.9571353340000001,0.9571353340000001,0.9571353340000001,1,2026-10-05T19:09:35Z,2189872.0
parse-patch-bsan,num-integer-0.1.47,i64::sqrt_neg,success,36.388,0.883933434,0,0.883933434,0.883933434,0.883933434,1,2026-10-05T19:09:36Z,2189872.0
parse-patch-bsan,num-integer-0.1.47,i64::zeroth_root,success,36.388,0.8430221410000001,0,0.8430221410000001,0.8430221410000001,0.8430221410000001,1,2026-10-05T19:09:38Z,2189872.0
parse-patch-bsan,num-integer-0.1.47,i8::bit_size,success,36.388,0.834189358,0,0.834189358,0.834189358,0.834189358,1,2026-10-05T19:09:40Z,2189872.0
parse-patch-bsan,num-integer-0.1.47,i8::cbrt,success,36.388,0.8833581300000001,0,0.8833581300000001,0.8833581300000001,0.8833581300000001,1,2026-10-05T19:09:42Z,2189872.0
parse-patch-bsan,num-integer-0.1.47,i8::cbrt_neg,success,36.388,0.881479259,0,0.881479259,0.881479259,0.881479259,1,2026-10-05T19:09:43Z,2189872.0
parse-patch-bsan,num-integer-0.1.47,i8::ceil::different_sign,success,36.388,0.8391712710000001,0,0.8391712710000001,0.8391712710000001,0.8391712710000001,1,2026-10-05T19:09:45Z,2189872.0
parse-patch-bsan,num-integer-0.1.47,i8::ceil::same_sign,success,36.388,0.8551075060000001,0,0.8551075060000001,0.8551075060000001,0.8551075060000001,1,2026-10-05T19:09:47Z,2189872.0
parse-patch-bsan,num-integer-0.1.47,i8::floor::different_sign,success,36.388,0.8634351370000001,0,0.8634351370000001,0.8634351370000001,0.8634351370000001,1,2026-10-05T19:09:48Z,2189872.0
parse-patch-bsan,num-integer-0.1.47,i8::floor::same_sign,success,36.388,0.857223049,0,0.857223049,0.857223049,0.857223049,1,2026-10-05T19:09:50Z,2189872.0
parse-patch-bsan,num-integer-0.1.47,i8::nth_root,success,36.388,0.8929846060000001,0,0.8929846060000001,0.8929846060000001,0.8929846060000001,1,2026-10-05T19:09:52Z,2189872.0
parse-patch-bsan,num-integer-0.1.47,i8::nth_root_neg,success,36.388,0.860617543,0,0.860617543,0.860617543,0.860617543,1,2026-10-05T19:09:54Z,2189872.0
parse-patch-bsan,num-integer-0.1.47,i8::sqrt,success,36.388,0.8474172520000001,0,0.8474172520000001,0.8474172520000001,0.8474172520000001,1,2026-10-05T19:09:55Z,2189872.0
parse-patch-bsan,num-integer-0.1.47,i8::sqrt_neg,success,36.388,0.799418571,0,0.799418571,0.799418571,0.799418571,1,2026-10-05T19:09:57Z,2189872.0
parse-patch-bsan,num-integer-0.1.47,i8::zeroth_root,success,36.388,0.844410977,0,0.844410977,0.844410977,0.844410977,1,2026-10-05T19:09:59Z,2189872.0
parse-patch-bsan,num-integer-0.1.47,isize::bit_size,success,36.388,0.837500451,0,0.837500451,0.837500451,0.837500451,1,2026-10-05T19:10:00Z,2189872.0
parse-patch-bsan,num-integer-0.1.47,isize::cbrt,success,36.388,0.9754380930000001,0,0.9754380930000001,0.9754380930000001,0.9754380930000001,1,2026-10-05T19:10:02Z,2189872.0
parse-patch-bsan,num-integer-0.1.47,isize::cbrt_neg,success,36.388,0.9903316630000001,0,0.9903316630000001,0.9903316630000001,0.9903316630000001,1,2026-10-05T19:10:04Z,2189872.0
parse-patch-bsan,num-integer-0.1.47,isize::ceil::different_sign,success,36.388,0.7283044830000001,0,0.7283044830000001,0.7283044830000001,0.7283044830000001,1,2026-10-05T19:10:06Z,2189872.0
parse-patch-bsan,num-integer-0.1.47,isize::ceil::same_sign,success,36.388,0.8062775980000001,0,0.8062775980000001,0.8062775980000001,0.8062775980000001,1,2026-10-05T19:10:07Z,2189872.0
parse-patch-bsan,num-integer-0.1.47,isize::floor::different_sign,success,36.388,0.7532755000000001,0,0.7532755000000001,0.7532755000000001,0.7532755000000001,1,2026-10-05T19:10:09Z,2189872.0
parse-patch-bsan,num-integer-0.1.47,isize::floor::same_sign,success,36.388,0.8433989340000001,0,0.8433989340000001,0.8433989340000001,0.8433989340000001,1,2026-10-05T19:10:11Z,2189872.0
parse-patch-bsan,num-integer-0.1.47,isize::nth_root,success,36.388,25.876418551,0,25.876418551,25.876418551,25.876418551,1,2026-10-05T19:11:02Z,2189872.0
parse-patch-bsan,num-integer-0.1.47,isize::nth_root_neg,success,36.388,13.763831348,0,13.763831348,13.763831348,13.763831348,1,2026-10-05T19:11:29Z,2189872.0
parse-patch-bsan,num-integer-0.1.47,isize::sqrt,success,36.388,1.1567060040000001,0,1.1567060040000001,1.1567060040000001,1.1567060040000001,1,2026-10-05T19:11:31Z,2189872.0
parse-patch-bsan,num-integer-0.1.47,isize::sqrt_neg,success,36.388,0.9654715930000001,0,0.9654715930000001,0.9654715930000001,0.9654715930000001,1,2026-10-05T19:11:33Z,2189872.0
parse-patch-bsan,num-integer-0.1.47,isize::zeroth_root,success,36.388,0.973786353,0,0.973786353,0.973786353,0.973786353,1,2026-10-05T19:11:35Z,2189872.0
parse-patch-bsan,num-integer-0.1.47,test_binomial,success,36.388,0.917394704,0,0.917394704,0.917394704,0.917394704,1,2026-10-05T19:11:37Z,2189872.0
parse-patch-bsan,num-integer-0.1.47,test_integer_i128::test_div_mod_floor,success,36.388,0.9054206960000001,0,0.9054206960000001,0.9054206960000001,0.9054206960000001,1,2026-10-05T19:11:39Z,2189872.0
parse-patch-bsan,num-integer-0.1.47,test_integer_i128::test_div_rem,success,36.388,0.979277299,0,0.979277299,0.979277299,0.979277299,1,2026-10-05T19:11:41Z,2189872.0
parse-patch-bsan,num-integer-0.1.47,test_integer_i128::test_even,success,36.388,0.9453025290000001,0,0.9453025290000001,0.9453025290000001,0.9453025290000001,1,2026-10-05T19:11:43Z,2189872.0
parse-patch-bsan,num-integer-0.1.47,test_integer_i128::test_extended_gcd_lcm,success,36.388,173.762980295,0,173.762980295,173.762980295,173.762980295,1,2026-10-05T19:17:29Z,2189872.0
parse-patch-bsan,num-integer-0.1.47,test_integer_i128::test_gcd,success,36.388,0.887290236,0,0.887290236,0.887290236,0.887290236,1,2026-10-05T19:17:31Z,2189872.0
parse-patch-bsan,num-integer-0.1.47,test_integer_i128::test_gcd_0_min_val,success,36.388,0.9972807770000001,0,0.9972807770000001,0.9972807770000001,0.9972807770000001,1,2026-10-05T19:17:33Z,2189872.0
parse-patch-bsan,num-integer-0.1.47,test_integer_i128::test_gcd_cmp_with_euclidean,success,36.388,5.456402913,0,5.456402913,5.456402913,5.456402913,1,2026-10-05T19:17:43Z,2189872.0
parse-patch-bsan,num-integer-0.1.47,test_integer_i128::test_gcd_lcm,success,36.388,155.239519955,0,155.239519955,155.239519955,155.239519955,1,2026-10-05T19:22:54Z,2189872.0
parse-patch-bsan,num-integer-0.1.47,test_integer_i128::test_gcd_min_val,success,36.388,0.963457474,0,0.963457474,0.963457474,0.963457474,1,2026-10-05T19:22:56Z,2189872.0
parse-patch-bsan,num-integer-0.1.47,test_integer_i128::test_gcd_min_val_0,success,36.388,0.9683764,0,0.9683764,0.9683764,0.9683764,1,2026-10-05T19:22:58Z,2189872.0
parse-patch-bsan,num-integer-0.1.47,test_integer_i128::test_gcd_min_val_min_val,success,36.388,0.9824980860000001,0,0.9824980860000001,0.9824980860000001,0.9824980860000001,1,2026-10-05T19:23:00Z,2189872.0
parse-patch-bsan,num-integer-0.1.47,test_integer_i128::test_lcm,success,36.388,0.9695026210000001,0,0.9695026210000001,0.9695026210000001,0.9695026210000001,1,2026-10-05T19:23:02Z,2189872.0
parse-patch-bsan,num-integer-0.1.47,test_integer_i128::test_multiple_of_one_limits,success,36.388,0.987413171,0,0.987413171,0.987413171,0.987413171,1,2026-10-05T19:23:04Z,2189872.0
parse-patch-bsan,num-integer-0.1.47,test_integer_i128::test_odd,success,36.388,0.9664235270000001,0,0.9664235270000001,0.9664235270000001,0.9664235270000001,1,2026-10-05T19:23:06Z,2189872.0
parse-patch-bsan,num-integer-0.1.47,test_integer_i16::test_div_mod_floor,success,36.388,0.968521713,0,0.968521713,0.968521713,0.968521713,1,2026-10-05T19:23:08Z,2189872.0
parse-patch-bsan,num-integer-0.1.47,test_integer_i16::test_div_rem,success,36.388,0.9645007630000001,0,0.9645007630000001,0.9645007630000001,0.9645007630000001,1,2026-10-05T19:23:10Z,2189872.0
parse-patch-bsan,num-integer-0.1.47,test_integer_i16::test_even,success,36.388,0.978419341,0,0.978419341,0.978419341,0.978419341,1,2026-10-05T19:23:12Z,2189872.0
parse-patch-bsan,num-integer-0.1.47,test_integer_i16::test_extended_gcd_lcm,success,36.388,173.1362984,0,173.1362984,173.1362984,173.1362984,1,2026-10-05T19:28:59Z,2189872.0
parse-patch-bsan,num-integer-0.1.47,test_integer_i16::test_gcd,success,36.388,0.9975025700000001,0,0.9975025700000001,0.9975025700000001,0.9975025700000001,1,2026-10-05T19:29:01Z,2189872.0
parse-patch-bsan,num-integer-0.1.47,test_integer_i16::test_gcd_0_min_val,success,36.388,1.001502829,0,1.001502829,1.001502829,1.001502829,1,2026-10-05T19:29:03Z,2189872.0
parse-patch-bsan,num-integer-0.1.47,test_integer_i16::test_gcd_cmp_with_euclidean,success,36.388,5.201488504,0,5.201488504,5.201488504,5.201488504,1,2026-10-05T19:29:13Z,2189872.0
parse-patch-bsan,num-integer-0.1.47,test_integer_i16::test_gcd_lcm,success,36.388,158.012374833,0,158.012374833,158.012374833,158.012374833,1,2026-10-05T19:34:30Z,2189872.0
parse-patch-bsan,num-integer-0.1.47,test_integer_i16::test_gcd_min_val,success,36.388,1.014469735,0,1.014469735,1.014469735,1.014469735,1,2026-10-05T19:34:32Z,2189872.0
parse-patch-bsan,num-integer-0.1.47,test_integer_i16::test_gcd_min_val_0,success,36.388,1.015358971,0,1.015358971,1.015358971,1.015358971,1,2026-10-05T19:34:34Z,2189872.0
parse-patch-bsan,num-integer-0.1.47,test_integer_i16::test_gcd_min_val_min_val,success,36.388,1.01756278,0,1.01756278,1.01756278,1.01756278,1,2026-10-05T19:34:36Z,2189872.0
parse-patch-bsan,num-integer-0.1.47,test_integer_i16::test_lcm,success,36.388,1.040509194,0,1.040509194,1.040509194,1.040509194,1,2026-10-05T19:34:38Z,2189872.0
parse-patch-bsan,num-integer-0.1.47,test_integer_i16::test_multiple_of_one_limits,success,36.388,0.9404728130000001,0,0.9404728130000001,0.9404728130000001,0.9404728130000001,1,2026-10-05T19:34:40Z,2189872.0
parse-patch-bsan,num-integer-0.1.47,test_integer_i16::test_odd,success,36.388,1.036505155,0,1.036505155,1.036505155,1.036505155,1,2026-10-05T19:34:42Z,2189872.0
parse-patch-bsan,num-integer-0.1.47,test_integer_i32::test_div_mod_floor,success,36.388,1.015348791,0,1.015348791,1.015348791,1.015348791,1,2026-10-05T19:34:44Z,2189872.0
parse-patch-bsan,num-integer-0.1.47,test_integer_i32::test_div_rem,success,36.388,0.914695184,0,0.914695184,0.914695184,0.914695184,1,2026-10-05T19:34:46Z,2189872.0
parse-patch-bsan,num-integer-0.1.47,test_integer_i32::test_even,success,36.388,0.928537068,0,0.928537068,0.928537068,0.928537068,1,2026-10-05T19:34:48Z,2189872.0
parse-patch-bsan,num-integer-0.1.47,test_integer_i32::test_extended_gcd_lcm,success,36.388,187.228482834,0,187.228482834,187.228482834,187.228482834,1,2026-10-05T19:40:48Z,2189872.0
parse-patch-bsan,num-integer-0.1.47,test_integer_i32::test_gcd,success,36.388,0.8306893510000001,0,0.8306893510000001,0.8306893510000001,0.8306893510000001,1,2026-10-05T19:40:50Z,2189872.0
parse-patch-bsan,num-integer-0.1.47,test_integer_i32::test_gcd_0_min_val,success,36.388,0.858503906,0,0.858503906,0.858503906,0.858503906,1,2026-10-05T19:40:52Z,2189872.0
parse-patch-bsan,num-integer-0.1.47,test_integer_i32::test_gcd_cmp_with_euclidean,success,36.388,4.862661588,0,4.862661588,4.862661588,4.862661588,1,2026-10-05T19:41:01Z,2189872.0
parse-patch-bsan,num-integer-0.1.47,test_integer_i32::test_gcd_lcm,success,36.388,146.71311886,0,146.71311886,146.71311886,146.71311886,1,2026-10-05T19:45:53Z,2189872.0
parse-patch-bsan,num-integer-0.1.47,test_integer_i32::test_gcd_min_val,success,36.388,1.057843527,0,1.057843527,1.057843527,1.057843527,1,2026-10-05T19:45:55Z,2189872.0
parse-patch-bsan,num-integer-0.1.47,test_integer_i32::test_gcd_min_val_0,success,36.388,0.9058115160000001,0,0.9058115160000001,0.9058115160000001,0.9058115160000001,1,2026-10-05T19:45:57Z,2189872.0
parse-patch-bsan,num-integer-0.1.47,test_integer_i32::test_gcd_min_val_min_val,success,36.388,0.934889912,0,0.934889912,0.934889912,0.934889912,1,2026-10-05T19:45:59Z,2189872.0
parse-patch-bsan,num-integer-0.1.47,test_integer_i32::test_lcm,success,36.388,0.9296530080000001,0,0.9296530080000001,0.9296530080000001,0.9296530080000001,1,2026-10-05T19:46:00Z,2189872.0
parse-patch-bsan,num-integer-0.1.47,test_integer_i32::test_multiple_of_one_limits,success,36.388,0.837767448,0,0.837767448,0.837767448,0.837767448,1,2026-10-05T19:46:02Z,2189872.0
parse-patch-bsan,num-integer-0.1.47,test_integer_i32::test_odd,success,36.388,0.9089023,0,0.9089023,0.9089023,0.9089023,1,2026-10-05T19:46:04Z,2189872.0
parse-patch-bsan,num-integer-0.1.47,test_integer_i64::test_div_mod_floor,success,36.388,0.9318060480000001,0,0.9318060480000001,0.9318060480000001,0.9318060480000001,1,2026-10-05T19:46:06Z,2189872.0
parse-patch-bsan,num-integer-0.1.47,test_integer_i64::test_div_rem,success,36.388,0.9297183480000001,0,0.9297183480000001,0.9297183480000001,0.9297183480000001,1,2026-10-05T19:46:08Z,2189872.0
parse-patch-bsan,num-integer-0.1.47,test_integer_i64::test_even,success,36.388,0.847604475,0,0.847604475,0.847604475,0.847604475,1,2026-10-05T19:46:09Z,2189872.0
parse-patch-bsan,num-integer-0.1.47,test_integer_i64::test_extended_gcd_lcm,success,36.388,173.826557175,0,173.826557175,173.826557175,173.826557175,1,2026-10-05T19:51:26Z,2189872.0
parse-patch-bsan,num-integer-0.1.47,test_integer_i64::test_gcd,success,36.388,0.9765261690000001,0,0.9765261690000001,0.9765261690000001,0.9765261690000001,1,2026-10-05T19:51:28Z,2189872.0
parse-patch-bsan,num-integer-0.1.47,test_integer_i64::test_gcd_0_min_val,success,36.388,0.976851185,0,0.976851185,0.976851185,0.976851185,1,2026-10-05T19:51:30Z,2189872.0
parse-patch-bsan,num-integer-0.1.47,test_integer_i64::test_gcd_cmp_with_euclidean,success,36.388,5.222589219,0,5.222589219,5.222589219,5.222589219,1,2026-10-05T19:51:40Z,2189872.0
parse-patch-bsan,num-integer-0.1.47,test_integer_i64::test_gcd_lcm,success,36.388,155.187267176,0,155.187267176,155.187267176,155.187267176,1,2026-10-05T19:56:50Z,2189872.0
parse-patch-bsan,num-integer-0.1.47,test_integer_i64::test_gcd_min_val,success,36.388,0.9525838430000001,0,0.9525838430000001,0.9525838430000001,0.9525838430000001,1,2026-10-05T19:56:52Z,2189872.0
parse-patch-bsan,num-integer-0.1.47,test_integer_i64::test_gcd_min_val_0,success,36.388,0.9664212620000001,0,0.9664212620000001,0.9664212620000001,0.9664212620000001,1,2026-10-05T19:56:54Z,2189872.0
parse-patch-bsan,num-integer-0.1.47,test_integer_i64::test_gcd_min_val_min_val,success,36.388,1.106579522,0,1.106579522,1.106579522,1.106579522,1,2026-10-05T19:56:56Z,2189872.0
parse-patch-bsan,num-integer-0.1.47,test_integer_i64::test_lcm,success,36.388,1.0164476,0,1.0164476,1.0164476,1.0164476,1,2026-10-05T19:56:58Z,2189872.0
parse-patch-bsan,num-integer-0.1.47,test_integer_i64::test_multiple_of_one_limits,success,36.388,0.9764916870000001,0,0.9764916870000001,0.9764916870000001,0.9764916870000001,1,2026-10-05T19:57:00Z,2189872.0
parse-patch-bsan,num-integer-0.1.47,test_integer_i64::test_odd,success,36.388,1.002394315,0,1.002394315,1.002394315,1.002394315,1,2026-10-05T19:57:02Z,2189872.0
parse-patch-bsan,num-integer-0.1.47,test_integer_i8::test_div_mod_floor,success,36.388,1.048296767,0,1.048296767,1.048296767,1.048296767,1,2026-10-05T19:57:04Z,2189872.0
parse-patch-bsan,num-integer-0.1.47,test_integer_i8::test_div_rem,success,36.388,1.000511687,0,1.000511687,1.000511687,1.000511687,1,2026-10-05T19:57:06Z,2189872.0
parse-patch-bsan,num-integer-0.1.47,test_integer_i8::test_even,success,36.388,1.027532534,0,1.027532534,1.027532534,1.027532534,1,2026-10-05T19:57:08Z,2189872.0
parse-patch-bsan,num-integer-0.1.47,test_integer_i8::test_extended_gcd_lcm,success,36.388,174.821321713,0,174.821321713,174.821321713,174.821321713,1,2026-10-05T20:02:57Z,2189872.0
parse-patch-bsan,num-integer-0.1.47,test_integer_i8::test_gcd,success,36.388,0.895601395,0,0.895601395,0.895601395,0.895601395,1,2026-10-05T20:02:58Z,2189872.0
parse-patch-bsan,num-integer-0.1.47,test_integer_i8::test_gcd_0_min_val,success,36.388,0.880446064,0,0.880446064,0.880446064,0.880446064,1,2026-10-05T20:03:00Z,2189872.0
parse-patch-bsan,num-integer-0.1.47,test_integer_i8::test_gcd_cmp_with_euclidean,success,36.388,4.757912199,0,4.757912199,4.757912199,4.757912199,1,2026-10-05T20:03:10Z,2189872.0
parse-patch-bsan,num-integer-0.1.47,test_integer_i8::test_gcd_lcm,success,36.388,155.922061865,0,155.922061865,155.922061865,155.922061865,1,2026-10-05T20:08:21Z,2189872.0
parse-patch-bsan,num-integer-0.1.47,test_integer_i8::test_gcd_min_val,success,36.388,0.916123036,0,0.916123036,0.916123036,0.916123036,1,2026-10-05T20:08:23Z,2189872.0
parse-patch-bsan,num-integer-0.1.47,test_integer_i8::test_gcd_min_val_0,success,36.388,0.950432041,0,0.950432041,0.950432041,0.950432041,1,2026-10-05T20:08:25Z,2189872.0
parse-patch-bsan,num-integer-0.1.47,test_integer_i8::test_gcd_min_val_min_val,success,36.388,0.96903671,0,0.96903671,0.96903671,0.96903671,1,2026-10-05T20:08:27Z,2189872.0
parse-patch-bsan,num-integer-0.1.47,test_integer_i8::test_lcm,success,36.388,0.9696461540000001,0,0.9696461540000001,0.9696461540000001,0.9696461540000001,1,2026-10-05T20:08:29Z,2189872.0
parse-patch-bsan,num-integer-0.1.47,test_integer_i8::test_multiple_of_one_limits,success,36.388,0.9094514010000001,0,0.9094514010000001,0.9094514010000001,0.9094514010000001,1,2026-10-05T20:08:31Z,2189872.0
parse-patch-bsan,num-integer-0.1.47,test_integer_i8::test_odd,success,36.388,0.903480256,0,0.903480256,0.903480256,0.903480256,1,2026-10-05T20:08:32Z,2189872.0
parse-patch-bsan,num-integer-0.1.47,test_integer_isize::test_div_mod_floor,success,36.388,0.9353517680000001,0,0.9353517680000001,0.9353517680000001,0.9353517680000001,1,2026-10-05T20:08:34Z,2189872.0
parse-patch-bsan,num-integer-0.1.47,test_integer_isize::test_div_rem,success,36.388,0.9714684530000001,0,0.9714684530000001,0.9714684530000001,0.9714684530000001,1,2026-10-05T20:08:36Z,2189872.0
parse-patch-bsan,num-integer-0.1.47,test_integer_isize::test_even,success,36.388,0.9685903750000001,0,0.9685903750000001,0.9685903750000001,0.9685903750000001,1,2026-10-05T20:08:38Z,2189872.0
parse-patch-bsan,num-integer-0.1.47,test_integer_isize::test_extended_gcd_lcm,success,36.388,168.140914389,0,168.140914389,168.140914389,168.140914389,1,2026-10-05T20:14:20Z,2189872.0
parse-patch-bsan,num-integer-0.1.47,test_integer_isize::test_gcd,success,36.388,0.924682529,0,0.924682529,0.924682529,0.924682529,1,2026-10-05T20:14:22Z,2189872.0
parse-patch-bsan,num-integer-0.1.47,test_integer_isize::test_gcd_0_min_val,success,36.388,0.923603885,0,0.923603885,0.923603885,0.923603885,1,2026-10-05T20:14:24Z,2189872.0
parse-patch-bsan,num-integer-0.1.47,test_integer_isize::test_gcd_cmp_with_euclidean,success,36.388,4.982883442,0,4.982883442,4.982883442,4.982883442,1,2026-10-05T20:14:33Z,2189872.0
parse-patch-bsan,num-integer-0.1.47,test_integer_isize::test_gcd_lcm,success,36.388,139.661549236,0,139.661549236,139.661549236,139.661549236,1,2026-10-05T20:19:21Z,2189872.0
parse-patch-bsan,num-integer-0.1.47,test_integer_isize::test_gcd_min_val,success,36.388,0.782297554,0,0.782297554,0.782297554,0.782297554,1,2026-10-05T20:19:23Z,2189872.0
parse-patch-bsan,num-integer-0.1.47,test_integer_isize::test_gcd_min_val_0,success,36.388,0.94924425,0,0.94924425,0.94924425,0.94924425,1,2026-10-05T20:19:25Z,2189872.0
parse-patch-bsan,num-integer-0.1.47,test_integer_isize::test_gcd_min_val_min_val,success,36.388,0.784414499,0,0.784414499,0.784414499,0.784414499,1,2026-10-05T20:19:26Z,2189872.0
parse-patch-bsan,num-integer-0.1.47,test_integer_isize::test_lcm,success,36.388,0.7784213360000001,0,0.7784213360000001,0.7784213360000001,0.7784213360000001,1,2026-10-05T20:19:28Z,2189872.0
parse-patch-bsan,num-integer-0.1.47,test_integer_isize::test_multiple_of_one_limits,success,36.388,0.729050535,0,0.729050535,0.729050535,0.729050535,1,2026-10-05T20:19:29Z,2189872.0
parse-patch-bsan,num-integer-0.1.47,test_integer_isize::test_odd,success,36.388,0.7542155610000001,0,0.7542155610000001,0.7542155610000001,0.7542155610000001,1,2026-10-05T20:19:31Z,2189872.0
parse-patch-bsan,num-integer-0.1.47,test_integer_u128::test_div_mod_floor,success,36.388,0.7795286010000001,0,0.7795286010000001,0.7795286010000001,0.7795286010000001,1,2026-10-05T20:19:32Z,2189872.0
parse-patch-bsan,num-integer-0.1.47,test_integer_u128::test_even,success,36.388,0.722350534,0,0.722350534,0.722350534,0.722350534,1,2026-10-05T20:19:34Z,2189872.0
parse-patch-bsan,num-integer-0.1.47,test_integer_u128::test_gcd,success,36.388,0.718437337,0,0.718437337,0.718437337,0.718437337,1,2026-10-05T20:19:35Z,2189872.0
parse-patch-bsan,num-integer-0.1.47,test_integer_u128::test_gcd_cmp_with_euclidean,success,36.388,4.300155631,0,4.300155631,4.300155631,4.300155631,1,2026-10-05T20:19:44Z,2189872.0
parse-patch-bsan,num-integer-0.1.47,test_integer_u128::test_gcd_lcm,success,36.388,5.267166739,0,5.267166739,5.267166739,5.267166739,1,2026-10-05T20:19:54Z,2189872.0
parse-patch-bsan,num-integer-0.1.47,test_integer_u128::test_is_multiple_of,success,36.388,0.7793249980000001,0,0.7793249980000001,0.7793249980000001,0.7793249980000001,1,2026-10-05T20:19:56Z,2189872.0
parse-patch-bsan,num-integer-0.1.47,test_integer_u128::test_lcm,success,36.388,0.8674100690000001,0,0.8674100690000001,0.8674100690000001,0.8674100690000001,1,2026-10-05T20:19:58Z,2189872.0
parse-patch-bsan,num-integer-0.1.47,test_integer_u128::test_odd,success,36.388,0.750339697,0,0.750339697,0.750339697,0.750339697,1,2026-10-05T20:19:59Z,2189872.0
parse-patch-bsan,num-integer-0.1.47,test_integer_u16::test_div_mod_floor,success,36.388,0.753379635,0,0.753379635,0.753379635,0.753379635,1,2026-10-05T20:20:01Z,2189872.0
parse-patch-bsan,num-integer-0.1.47,test_integer_u16::test_even,success,36.388,0.8651739540000001,0,0.8651739540000001,0.8651739540000001,0.8651739540000001,1,2026-10-05T20:20:02Z,2189872.0
parse-patch-bsan,num-integer-0.1.47,test_integer_u16::test_gcd,success,36.388,0.706404015,0,0.706404015,0.706404015,0.706404015,1,2026-10-05T20:20:04Z,2189872.0
parse-patch-bsan,num-integer-0.1.47,test_integer_u16::test_gcd_cmp_with_euclidean,success,36.388,4.162100597,0,4.162100597,4.162100597,4.162100597,1,2026-10-05T20:20:12Z,2189872.0
parse-patch-bsan,num-integer-0.1.47,test_integer_u16::test_gcd_lcm,success,36.388,6.185288513,0,6.185288513,6.185288513,6.185288513,1,2026-10-05T20:20:24Z,2189872.0
parse-patch-bsan,num-integer-0.1.47,test_integer_u16::test_is_multiple_of,success,36.388,1.048698603,0,1.048698603,1.048698603,1.048698603,1,2026-10-05T20:20:26Z,2189872.0
parse-patch-bsan,num-integer-0.1.47,test_integer_u16::test_lcm,success,36.388,1.744715978,0,1.744715978,1.744715978,1.744715978,1,2026-10-05T20:20:29Z,2189872.0
parse-patch-bsan,num-integer-0.1.47,test_integer_u16::test_odd,success,36.388,1.721852642,0,1.721852642,1.721852642,1.721852642,1,2026-10-05T20:20:32Z,2189872.0
parse-patch-bsan,num-integer-0.1.47,test_integer_u32::test_div_mod_floor,success,36.388,1.970887767,0,1.970887767,1.970887767,1.970887767,1,2026-10-05T20:20:36Z,2189872.0
parse-patch-bsan,num-integer-0.1.47,test_integer_u32::test_even,success,36.388,1.761787726,0,1.761787726,1.761787726,1.761787726,1,2026-10-05T20:20:40Z,2189872.0
parse-patch-bsan,num-integer-0.1.47,test_integer_u32::test_gcd,success,36.388,1.379787531,0,1.379787531,1.379787531,1.379787531,1,2026-10-05T20:20:43Z,2189872.0
parse-patch-bsan,num-integer-0.1.47,test_integer_u32::test_gcd_cmp_with_euclidean,success,36.388,5.3261600940000005,0,5.3261600940000005,5.3261600940000005,5.3261600940000005,1,2026-10-05T20:20:53Z,2189872.0
parse-patch-bsan,num-integer-0.1.47,test_integer_u32::test_gcd_lcm,success,36.388,6.7076405910000005,0,6.7076405910000005,6.7076405910000005,6.7076405910000005,1,2026-10-05T20:21:07Z,2189872.0
parse-patch-bsan,num-integer-0.1.47,test_integer_u32::test_is_multiple_of,success,36.388,0.9634219500000001,0,0.9634219500000001,0.9634219500000001,0.9634219500000001,1,2026-10-05T20:21:09Z,2189872.0
parse-patch-bsan,num-integer-0.1.47,test_integer_u32::test_lcm,success,36.388,0.967717958,0,0.967717958,0.967717958,0.967717958,1,2026-10-05T20:21:11Z,2189872.0
parse-patch-bsan,num-integer-0.1.47,test_integer_u32::test_odd,success,36.388,0.965541748,0,0.965541748,0.965541748,0.965541748,1,2026-10-05T20:21:13Z,2189872.0
parse-patch-bsan,num-integer-0.1.47,test_integer_u64::test_div_mod_floor,success,36.388,0.9632493280000001,0,0.9632493280000001,0.9632493280000001,0.9632493280000001,1,2026-10-05T20:21:15Z,2189872.0
parse-patch-bsan,num-integer-0.1.47,test_integer_u64::test_even,success,36.388,0.9565311820000001,0,0.9565311820000001,0.9565311820000001,0.9565311820000001,1,2026-10-05T20:21:16Z,2189872.0
parse-patch-bsan,num-integer-0.1.47,test_integer_u64::test_gcd,success,36.388,0.9674016120000001,0,0.9674016120000001,0.9674016120000001,0.9674016120000001,1,2026-10-05T20:21:18Z,2189872.0
parse-patch-bsan,num-integer-0.1.47,test_integer_u64::test_gcd_cmp_with_euclidean,success,36.388,5.304287042,0,5.304287042,5.304287042,5.304287042,1,2026-10-05T20:21:29Z,2189872.0
parse-patch-bsan,num-integer-0.1.47,test_integer_u64::test_gcd_lcm,success,36.388,6.828695217,0,6.828695217,6.828695217,6.828695217,1,2026-10-05T20:21:43Z,2189872.0
parse-patch-bsan,num-integer-0.1.47,test_integer_u64::test_is_multiple_of,success,36.388,0.9551425610000001,0,0.9551425610000001,0.9551425610000001,0.9551425610000001,1,2026-10-05T20:21:45Z,2189872.0
parse-patch-bsan,num-integer-0.1.47,test_integer_u64::test_lcm,success,36.388,0.9633561220000001,0,0.9633561220000001,0.9633561220000001,0.9633561220000001,1,2026-10-05T20:21:47Z,2189872.0
parse-patch-bsan,num-integer-0.1.47,test_integer_u64::test_odd,success,36.388,0.936594137,0,0.936594137,0.936594137,0.936594137,1,2026-10-05T20:21:48Z,2189872.0
parse-patch-bsan,num-integer-0.1.47,test_integer_u8::test_div_mod_floor,success,36.388,0.8942462990000001,0,0.8942462990000001,0.8942462990000001,0.8942462990000001,1,2026-10-05T20:21:50Z,2189872.0
parse-patch-bsan,num-integer-0.1.47,test_integer_u8::test_even,success,36.388,0.874581358,0,0.874581358,0.874581358,0.874581358,1,2026-10-05T20:21:52Z,2189872.0
parse-patch-bsan,num-integer-0.1.47,test_integer_u8::test_gcd,success,36.388,0.975658185,0,0.975658185,0.975658185,0.975658185,1,2026-10-05T20:21:54Z,2189872.0
parse-patch-bsan,num-integer-0.1.47,test_integer_u8::test_gcd_cmp_with_euclidean,success,36.388,5.011426384,0,5.011426384,5.011426384,5.011426384,1,2026-10-05T20:22:04Z,2189872.0
parse-patch-bsan,num-integer-0.1.47,test_integer_u8::test_gcd_lcm,success,36.388,6.770690382,0,6.770690382,6.770690382,6.770690382,1,2026-10-05T20:22:18Z,2189872.0
parse-patch-bsan,num-integer-0.1.47,test_integer_u8::test_is_multiple_of,success,36.388,0.9395716310000001,0,0.9395716310000001,0.9395716310000001,0.9395716310000001,1,2026-10-05T20:22:20Z,2189872.0
parse-patch-bsan,num-integer-0.1.47,test_integer_u8::test_lcm,success,36.388,0.902504367,0,0.902504367,0.902504367,0.902504367,1,2026-10-05T20:22:22Z,2189872.0
parse-patch-bsan,num-integer-0.1.47,test_integer_u8::test_odd,success,36.388,0.9405865680000001,0,0.9405865680000001,0.9405865680000001,0.9405865680000001,1,2026-10-05T20:22:23Z,2189872.0
parse-patch-bsan,num-integer-0.1.47,test_integer_usize::test_div_mod_floor,success,36.388,0.9234673910000001,0,0.9234673910000001,0.9234673910000001,0.9234673910000001,1,2026-10-05T20:22:25Z,2189872.0
parse-patch-bsan,num-integer-0.1.47,test_integer_usize::test_even,success,36.388,0.8966329460000001,0,0.8966329460000001,0.8966329460000001,0.8966329460000001,1,2026-10-05T20:22:27Z,2189872.0
parse-patch-bsan,num-integer-0.1.47,test_integer_usize::test_gcd,success,36.388,0.973570802,0,0.973570802,0.973570802,0.973570802,1,2026-10-05T20:22:29Z,2189872.0
parse-patch-bsan,num-integer-0.1.47,test_integer_usize::test_gcd_cmp_with_euclidean,success,36.388,5.356445368,0,5.356445368,5.356445368,5.356445368,1,2026-10-05T20:22:40Z,2189872.0
parse-patch-bsan,num-integer-0.1.47,test_integer_usize::test_gcd_lcm,success,36.388,6.801220708,0,6.801220708,6.801220708,6.801220708,1,2026-10-05T20:22:53Z,2189872.0
parse-patch-bsan,num-integer-0.1.47,test_integer_usize::test_is_multiple_of,success,36.388,0.8914826960000001,0,0.8914826960000001,0.8914826960000001,0.8914826960000001,1,2026-10-05T20:22:55Z,2189872.0
parse-patch-bsan,num-integer-0.1.47,test_integer_usize::test_lcm,success,36.388,0.9753238740000001,0,0.9753238740000001,0.9753238740000001,0.9753238740000001,1,2026-10-05T20:22:57Z,2189872.0
parse-patch-bsan,num-integer-0.1.47,test_integer_usize::test_odd,success,36.388,0.986477374,0,0.986477374,0.986477374,0.986477374,1,2026-10-05T20:22:59Z,2189872.0
parse-patch-bsan,num-integer-0.1.47,test_iter_binomial,success,36.388,1.048460558,0,1.048460558,1.048460558,1.048460558,1,2026-10-05T20:23:01Z,2189872.0
parse-patch-bsan,num-integer-0.1.47,test_lcm_overflow,success,36.388,0.982333541,0,0.982333541,0.982333541,0.982333541,1,2026-10-05T20:23:03Z,2189872.0
parse-patch-bsan,num-integer-0.1.47,test_multinomial,success,36.388,0.9954338840000001,0,0.9954338840000001,0.9954338840000001,0.9954338840000001,1,2026-10-05T20:23:05Z,2189872.0
parse-patch-bsan,num-integer-0.1.47,u128::bit_size,success,36.388,0.9755712310000001,0,0.9755712310000001,0.9755712310000001,0.9755712310000001,1,2026-10-05T20:23:07Z,2189872.0
parse-patch-bsan,num-integer-0.1.47,u128::cbrt,success,36.388,1.335541859,0,1.335541859,1.335541859,1.335541859,1,2026-10-05T20:23:10Z,2189872.0
parse-patch-bsan,num-integer-0.1.47,u128::ceil::bounded,success,36.388,0.9912990410000001,0,0.9912990410000001,0.9912990410000001,0.9912990410000001,1,2026-10-05T20:23:12Z,2189872.0
parse-patch-bsan,num-integer-0.1.47,u128::ceil::overflow,success,36.388,0.9834841420000001,0,0.9834841420000001,0.9834841420000001,0.9834841420000001,1,2026-10-05T20:23:14Z,2189872.0
parse-patch-bsan,num-integer-0.1.47,u128::floor::bounded,success,36.388,0.940364163,0,0.940364163,0.940364163,0.940364163,1,2026-10-05T20:23:16Z,2189872.0
parse-patch-bsan,num-integer-0.1.47,u128::floor::overflow,success,36.388,0.975442851,0,0.975442851,0.975442851,0.975442851,1,2026-10-05T20:23:18Z,2189872.0
parse-patch-bsan,num-integer-0.1.47,u128::nth_root,success,36.388,52.772406267,0,52.772406267,52.772406267,52.772406267,1,2026-10-05T20:25:03Z,2189872.0
parse-patch-bsan,num-integer-0.1.47,u128::sqrt,success,36.388,1.20258535,0,1.20258535,1.20258535,1.20258535,1,2026-10-05T20:25:05Z,2189872.0
parse-patch-bsan,num-integer-0.1.47,u128::zeroth_root,success,36.388,0.967675818,0,0.967675818,0.967675818,0.967675818,1,2026-10-05T20:25:07Z,2189872.0
parse-patch-bsan,num-integer-0.1.47,u16::bit_size,success,36.388,0.9092908310000001,0,0.9092908310000001,0.9092908310000001,0.9092908310000001,1,2026-10-05T20:25:09Z,2189872.0
parse-patch-bsan,num-integer-0.1.47,u16::cbrt,success,36.388,1.109525258,0,1.109525258,1.109525258,1.109525258,1,2026-10-05T20:25:11Z,2189872.0
parse-patch-bsan,num-integer-0.1.47,u16::ceil::bounded,success,36.388,0.9450041020000001,0,0.9450041020000001,0.9450041020000001,0.9450041020000001,1,2026-10-05T20:25:14Z,2189872.0
parse-patch-bsan,num-integer-0.1.47,u16::ceil::overflow,success,36.388,0.896532104,0,0.896532104,0.896532104,0.896532104,1,2026-10-05T20:25:15Z,2189872.0
parse-patch-bsan,num-integer-0.1.47,u16::floor::bounded,success,36.388,0.90934632,0,0.90934632,0.90934632,0.90934632,1,2026-10-05T20:25:17Z,2189872.0
parse-patch-bsan,num-integer-0.1.47,u16::floor::overflow,success,36.388,0.963368532,0,0.963368532,0.963368532,0.963368532,1,2026-10-05T20:25:19Z,2189872.0
parse-patch-bsan,num-integer-0.1.47,u16::nth_root,success,36.388,2.111606949,0,2.111606949,2.111606949,2.111606949,1,2026-10-05T20:25:23Z,2189872.0
parse-patch-bsan,num-integer-0.1.47,u16::sqrt,success,36.388,1.081627425,0,1.081627425,1.081627425,1.081627425,1,2026-10-05T20:25:26Z,2189872.0
parse-patch-bsan,num-integer-0.1.47,u16::zeroth_root,success,36.388,0.9896071120000001,0,0.9896071120000001,0.9896071120000001,0.9896071120000001,1,2026-10-05T20:25:27Z,2189872.0
parse-patch-bsan,num-integer-0.1.47,u32::bit_size,success,36.388,0.9833472510000001,0,0.9833472510000001,0.9833472510000001,0.9833472510000001,1,2026-10-05T20:25:29Z,2189872.0
parse-patch-bsan,num-integer-0.1.47,u32::cbrt,success,36.388,1.156598261,0,1.156598261,1.156598261,1.156598261,1,2026-10-05T20:25:32Z,2189872.0
parse-patch-bsan,num-integer-0.1.47,u32::ceil::bounded,success,36.388,0.967618462,0,0.967618462,0.967618462,0.967618462,1,2026-10-05T20:25:34Z,2189872.0
parse-patch-bsan,num-integer-0.1.47,u32::ceil::overflow,success,36.388,0.9664422720000001,0,0.9664422720000001,0.9664422720000001,0.9664422720000001,1,2026-10-05T20:25:36Z,2189872.0
parse-patch-bsan,num-integer-0.1.47,u32::floor::bounded,success,36.388,0.9864632590000001,0,0.9864632590000001,0.9864632590000001,0.9864632590000001,1,2026-10-05T20:25:38Z,2189872.0
parse-patch-bsan,num-integer-0.1.47,u32::floor::overflow,success,36.388,0.9928143330000001,0,0.9928143330000001,0.9928143330000001,0.9928143330000001,1,2026-10-05T20:25:40Z,2189872.0
parse-patch-bsan,num-integer-0.1.47,u32::nth_root,success,36.388,4.629626257,0,4.629626257,4.629626257,4.629626257,1,2026-10-05T20:25:49Z,2189872.0
parse-patch-bsan,num-integer-0.1.47,u32::sqrt,success,36.388,1.072390449,0,1.072390449,1.072390449,1.072390449,1,2026-10-05T20:25:51Z,2189872.0
parse-patch-bsan,num-integer-0.1.47,u32::zeroth_root,success,36.388,0.933529617,0,0.933529617,0.933529617,0.933529617,1,2026-10-05T20:25:53Z,2189872.0
parse-patch-bsan,num-integer-0.1.47,u64::bit_size,success,36.388,0.9385113850000001,0,0.9385113850000001,0.9385113850000001,0.9385113850000001,1,2026-10-05T20:25:55Z,2189872.0
parse-patch-bsan,num-integer-0.1.47,u64::cbrt,success,36.388,1.0936430480000001,0,1.0936430480000001,1.0936430480000001,1.0936430480000001,1,2026-10-05T20:25:57Z,2189872.0
parse-patch-bsan,num-integer-0.1.47,u64::ceil::bounded,success,36.388,0.8956734380000001,0,0.8956734380000001,0.8956734380000001,0.8956734380000001,1,2026-10-05T20:25:59Z,2189872.0
parse-patch-bsan,num-integer-0.1.47,u64::ceil::overflow,success,36.388,0.889475136,0,0.889475136,0.889475136,0.889475136,1,2026-10-05T20:26:01Z,2189872.0
parse-patch-bsan,num-integer-0.1.47,u64::floor::bounded,success,36.388,0.882455121,0,0.882455121,0.882455121,0.882455121,1,2026-10-05T20:26:03Z,2189872.0
parse-patch-bsan,num-integer-0.1.47,u64::floor::overflow,success,36.388,0.927575385,0,0.927575385,0.927575385,0.927575385,1,2026-10-05T20:26:04Z,2189872.0
parse-patch-bsan,num-integer-0.1.47,u64::nth_root,success,36.388,32.853420824,0,32.853420824,32.853420824,32.853420824,1,2026-10-05T20:27:10Z,2189872.0
parse-patch-bsan,num-integer-0.1.47,u64::sqrt,success,36.388,1.128548279,0,1.128548279,1.128548279,1.128548279,1,2026-10-05T20:27:12Z,2189872.0
parse-patch-bsan,num-integer-0.1.47,u64::zeroth_root,success,36.388,0.9844957670000001,0,0.9844957670000001,0.9844957670000001,0.9844957670000001,1,2026-10-05T20:27:14Z,2189872.0
parse-patch-bsan,num-integer-0.1.47,u8::bit_size,success,36.388,0.9664989900000001,0,0.9664989900000001,0.9664989900000001,0.9664989900000001,1,2026-10-05T20:27:16Z,2189872.0
parse-patch-bsan,num-integer-0.1.47,u8::cbrt,success,36.388,1.072610022,0,1.072610022,1.072610022,1.072610022,1,2026-10-05T20:27:18Z,2189872.0
parse-patch-bsan,num-integer-0.1.47,u8::ceil::bounded,success,36.388,0.9621657710000001,0,0.9621657710000001,0.9621657710000001,0.9621657710000001,1,2026-10-05T20:27:20Z,2189872.0
parse-patch-bsan,num-integer-0.1.47,u8::ceil::overflow,success,36.388,0.9663638290000001,0,0.9663638290000001,0.9663638290000001,0.9663638290000001,1,2026-10-05T20:27:22Z,2189872.0
parse-patch-bsan,num-integer-0.1.47,u8::floor::bounded,success,36.388,0.9605722130000001,0,0.9605722130000001,0.9605722130000001,0.9605722130000001,1,2026-10-05T20:27:24Z,2189872.0
parse-patch-bsan,num-integer-0.1.47,u8::floor::overflow,success,36.388,0.9645787400000001,0,0.9645787400000001,0.9645787400000001,0.9645787400000001,1,2026-10-05T20:27:26Z,2189872.0
parse-patch-bsan,num-integer-0.1.47,u8::nth_root,success,36.388,1.018588457,0,1.018588457,1.018588457,1.018588457,1,2026-10-05T20:27:28Z,2189872.0
parse-patch-bsan,num-integer-0.1.47,u8::sqrt,success,36.388,1.041391247,0,1.041391247,1.041391247,1.041391247,1,2026-10-05T20:27:30Z,2189872.0
parse-patch-bsan,num-integer-0.1.47,u8::zeroth_root,success,36.388,0.9635168810000001,0,0.9635168810000001,0.9635168810000001,0.9635168810000001,1,2026-10-05T20:27:32Z,2189872.0
parse-patch-bsan,num-integer-0.1.47,usize::bit_size,success,36.388,0.9605105840000001,0,0.9605105840000001,0.9605105840000001,0.9605105840000001,1,2026-10-05T20:27:34Z,2189872.0
parse-patch-bsan,num-integer-0.1.47,usize::cbrt,success,36.388,1.167667406,0,1.167667406,1.167667406,1.167667406,1,2026-10-05T20:27:36Z,2189872.0
parse-patch-bsan,num-integer-0.1.47,usize::ceil::bounded,success,36.388,0.9673911860000001,0,0.9673911860000001,0.9673911860000001,0.9673911860000001,1,2026-10-05T20:27:38Z,2189872.0
parse-patch-bsan,num-integer-0.1.47,usize::ceil::overflow,success,36.388,0.957516302,0,0.957516302,0.957516302,0.957516302,1,2026-10-05T20:27:40Z,2189872.0
parse-patch-bsan,num-integer-0.1.47,usize::floor::bounded,success,36.388,0.9783875420000001,0,0.9783875420000001,0.9783875420000001,0.9783875420000001,1,2026-10-05T20:27:42Z,2189872.0
parse-patch-bsan,num-integer-0.1.47,usize::floor::overflow,success,36.388,0.9497638840000001,0,0.9497638840000001,0.9497638840000001,0.9497638840000001,1,2026-10-05T20:27:44Z,2189872.0
parse-patch-bsan,num-integer-0.1.47,usize::nth_root,success,36.388,32.613311499,0,32.613311499,32.613311499,32.613311499,1,2026-10-05T20:28:49Z,2189872.0
parse-patch-bsan,num-integer-0.1.47,usize::sqrt,success,36.388,1.089568843,0,1.089568843,1.089568843,1.089568843,1,2026-10-05T20:28:51Z,2189872.0
parse-patch-bsan,num-integer-0.1.47,usize::zeroth_root,success,36.388,0.963644503,0,0.963644503,0.963644503,0.963644503,1,2026-10-05T20:28:53Z,2189872.0
parse-patch-bsan,levenshtein_automata-0.2.1,__calibration__,calibration,18.882,0.31703679900000004,0,0.31703679900000004,0.31703679900000004,0.31703679900000004,1,2026-10-05T19:03:28Z,2189882.0
parse-patch-bsan,levenshtein_automata-0.2.1,alphabet::tests::test_alphabet,success,18.882,0.32564431400000005,0,0.32564431400000005,0.32564431400000005,0.32564431400000005,1,2026-10-05T19:03:29Z,2189882.0
parse-patch-bsan,levenshtein_automata-0.2.1,alphabet::tests::test_full_characteristic,success,18.882,0.321218793,0,0.321218793,0.321218793,0.321218793,1,2026-10-05T19:03:29Z,2189882.0
parse-patch-bsan,levenshtein_automata-0.2.1,alphabet::tests::test_long_characteristic,success,18.882,0.35002904300000004,0,0.35002904300000004,0.35002904300000004,0.35002904300000004,1,2026-10-05T19:03:30Z,2189882.0
parse-patch-bsan,levenshtein_automata-0.2.1,dfa::tests::test_utf8_dfa_builder,success,18.882,3.6673247890000003,0,3.6673247890000003,3.6673247890000003,3.6673247890000003,1,2026-10-05T19:03:37Z,2189882.0
parse-patch-bsan,levenshtein_automata-0.2.1,tests::test_applied_distance,test_failed,18.882,,,,,,1,2026-10-05T19:08:10Z,2189882.0
parse-patch-bsan,levenshtein_automata-0.2.1,tests::test_damerau,success,18.882,0.40415356700000005,0,0.40415356700000005,0.40415356700000005,0.40415356700000005,1,2026-10-05T19:08:11Z,2189882.0
parse-patch-bsan,levenshtein_automata-0.2.1,tests::test_dead_state,test_failed,18.882,,,,,,1,2026-10-05T19:17:08Z,2189882.0
parse-patch-bsan,levenshtein_automata-0.2.1,tests::test_issue_3,test_failed,18.882,,,,,,1,2026-10-05T19:25:43Z,2189882.0
parse-patch-bsan,levenshtein_automata-0.2.1,tests::test_jp,test_failed,18.882,,,,,,1,2026-10-05T19:38:51Z,2189882.0
parse-patch-bsan,levenshtein_automata-0.2.1,tests::test_jp2,test_failed,18.882,,,,,,1,2026-10-05T19:43:01Z,2189882.0
parse-patch-bsan,levenshtein_automata-0.2.1,tests::test_levenshtein,success,18.882,0.38690433100000005,0,0.38690433100000005,0.38690433100000005,0.38690433100000005,1,2026-10-05T19:43:07Z,2189882.0
parse-patch-bsan,levenshtein_automata-0.2.1,tests::test_levenshtein_dfa,test_failed,18.882,,,,,,1,2026-10-05T19:52:36Z,2189882.0
parse-patch-bsan,levenshtein_automata-0.2.1,tests::test_levenshtein_parametric_dfa_long,test_failed,18.882,,,,,,1,2026-10-05T20:02:55Z,2189882.0
parse-patch-bsan,levenshtein_automata-0.2.1,tests::test_prefix,success,18.882,10.664011435,0,10.664011435,10.664011435,10.664011435,1,2026-10-05T20:03:25Z,2189882.0
parse-patch-bsan,levenshtein_automata-0.2.1,tests::test_prefix_dfa_1_damerau,test_failed,18.882,,,,,,1,2026-10-05T20:08:07Z,2189882.0
parse-patch-bsan,levenshtein_automata-0.2.1,tests::test_prefix_dfa_1_lev,test_failed,18.882,,,,,,1,2026-10-05T20:14:30Z,2189882.0
parse-patch-bsan,levenshtein_automata-0.2.1,tests::test_prefix_dfa_2_lev,test_failed,18.882,,,,,,1,2026-10-05T20:25:08Z,2189882.0
parse-patch-bsan,levenshtein_automata-0.2.1,tests::test_simple,test_failed,18.882,,,,,,1,2026-10-05T20:35:07Z,2189882.0
parse-patch-bsan,levenshtein_automata-0.2.1,tests::test_utf8_simple,success,18.882,60.480655654,0,60.480655654,60.480655654,60.480655654,1,2026-10-05T20:37:18Z,2189882.0
parse-patch-bsan,ttf-parser-0.25.1,__calibration__,calibration,45.561,0.718825849,0,0.718825849,0.718825849,0.718825849,1,2026-10-05T19:04:12Z,2189873.0
parse-patch-bsan,ttf-parser-0.25.1,aat::format0::not_enough_glyphs,success,45.561,0.7521074510000001,0,0.7521074510000001,0.7521074510000001,0.7521074510000001,1,2026-10-05T19:04:13Z,2189873.0
parse-patch-bsan,ttf-parser-0.25.1,aat::format0::single,success,45.561,0.730683433,0,0.730683433,0.730683433,0.730683433,1,2026-10-05T19:04:15Z,2189873.0
parse-patch-bsan,ttf-parser-0.25.1,aat::format0::too_many_glyphs,success,45.561,0.7283963130000001,0,0.7283963130000001,0.7283963130000001,0.7283963130000001,1,2026-10-05T19:04:16Z,2189873.0
parse-patch-bsan,ttf-parser-0.25.1,aat::format10::invalid_value_size,success,45.561,0.712413272,0,0.712413272,0.712413272,0.712413272,1,2026-10-05T19:04:18Z,2189873.0
parse-patch-bsan,ttf-parser-0.25.1,aat::format10::single,success,45.561,0.7272680370000001,0,0.7272680370000001,0.7272680370000001,0.7272680370000001,1,2026-10-05T19:04:19Z,2189873.0
parse-patch-bsan,ttf-parser-0.25.1,aat::format10::u32_value_size,success,45.561,0.713383773,0,0.713383773,0.713383773,0.713383773,1,2026-10-05T19:04:21Z,2189873.0
parse-patch-bsan,ttf-parser-0.25.1,aat::format10::unsupported_value_size,success,45.561,0.731932848,0,0.731932848,0.731932848,0.731932848,1,2026-10-05T19:04:22Z,2189873.0
parse-patch-bsan,ttf-parser-0.25.1,aat::format2::range,success,45.561,0.727883406,0,0.727883406,0.727883406,0.727883406,1,2026-10-05T19:04:24Z,2189873.0
parse-patch-bsan,ttf-parser-0.25.1,aat::format2::single,success,45.561,0.708172903,0,0.708172903,0.708172903,0.708172903,1,2026-10-05T19:04:25Z,2189873.0
parse-patch-bsan,ttf-parser-0.25.1,aat::format4::range,success,45.561,0.7250523870000001,0,0.7250523870000001,0.7250523870000001,0.7250523870000001,1,2026-10-05T19:04:26Z,2189873.0
parse-patch-bsan,ttf-parser-0.25.1,aat::format4::single,success,45.561,0.7058680580000001,0,0.7058680580000001,0.7058680580000001,0.7058680580000001,1,2026-10-05T19:04:28Z,2189873.0
parse-patch-bsan,ttf-parser-0.25.1,aat::format6::ignore_termination,success,45.561,0.7188848440000001,0,0.7188848440000001,0.7188848440000001,0.7188848440000001,1,2026-10-05T19:04:29Z,2189873.0
parse-patch-bsan,ttf-parser-0.25.1,aat::format6::invalid_segment_size,success,45.561,0.717796157,0,0.717796157,0.717796157,0.717796157,1,2026-10-05T19:04:31Z,2189873.0
parse-patch-bsan,ttf-parser-0.25.1,aat::format6::multiple,success,45.561,0.728746173,0,0.728746173,0.728746173,0.728746173,1,2026-10-05T19:04:32Z,2189873.0
parse-patch-bsan,ttf-parser-0.25.1,aat::format6::no_segments,success,45.561,0.7121126640000001,0,0.7121126640000001,0.7121126640000001,0.7121126640000001,1,2026-10-05T19:04:34Z,2189873.0
parse-patch-bsan,ttf-parser-0.25.1,aat::format6::only_termination,success,45.561,0.7092061700000001,0,0.7092061700000001,0.7092061700000001,0.7092061700000001,1,2026-10-05T19:04:35Z,2189873.0
parse-patch-bsan,ttf-parser-0.25.1,aat::format6::single,success,45.561,0.7160324800000001,0,0.7160324800000001,0.7160324800000001,0.7160324800000001,1,2026-10-05T19:04:37Z,2189873.0
parse-patch-bsan,ttf-parser-0.25.1,aat::format8::non_zero_first,success,45.561,0.6962849040000001,0,0.6962849040000001,0.6962849040000001,0.6962849040000001,1,2026-10-05T19:04:38Z,2189873.0
parse-patch-bsan,ttf-parser-0.25.1,aat::format8::single,success,45.561,0.70851553,0,0.70851553,0.70851553,0.70851553,1,2026-10-05T19:04:39Z,2189873.0
parse-patch-bsan,ttf-parser-0.25.1,ankr::empty,success,45.561,0.707191101,0,0.707191101,0.707191101,0.707191101,1,2026-10-05T19:04:41Z,2189873.0
parse-patch-bsan,ttf-parser-0.25.1,ankr::single,success,45.561,0.71314283,0,0.71314283,0.71314283,0.71314283,1,2026-10-05T19:04:42Z,2189873.0
parse-patch-bsan,ttf-parser-0.25.1,ankr::two_glyphs,success,45.561,0.722001835,0,0.722001835,0.722001835,0.722001835,1,2026-10-05T19:04:44Z,2189873.0
parse-patch-bsan,ttf-parser-0.25.1,ankr::two_points,success,45.561,0.70513619,0,0.70513619,0.70513619,0.70513619,1,2026-10-05T19:04:45Z,2189873.0
parse-patch-bsan,ttf-parser-0.25.1,bitmap_font,success,45.561,0.713950017,0,0.713950017,0.713950017,0.713950017,1,2026-10-05T19:04:47Z,2189873.0
parse-patch-bsan,ttf-parser-0.25.1,cff1::bbox_overflow,success,45.561,0.7286412280000001,0,0.7286412280000001,0.7286412280000001,0.7286412280000001,1,2026-10-05T19:04:48Z,2189873.0
parse-patch-bsan,ttf-parser-0.25.1,cff1::curve_to,success,45.561,0.7192174680000001,0,0.7192174680000001,0.7192174680000001,0.7192174680000001,1,2026-10-05T19:04:49Z,2189873.0
parse-patch-bsan,ttf-parser-0.25.1,cff1::curve_to_with_invalid_num_of_coords_1,success,45.561,0.701530241,0,0.701530241,0.701530241,0.701530241,1,2026-10-05T19:04:51Z,2189873.0
parse-patch-bsan,ttf-parser-0.25.1,cff1::curve_to_with_invalid_num_of_coords_2,success,45.561,0.726760677,0,0.726760677,0.726760677,0.726760677,1,2026-10-05T19:04:52Z,2189873.0
parse-patch-bsan,ttf-parser-0.25.1,cff1::curve_to_with_two_sets_of_coords,success,45.561,0.7371298970000001,0,0.7371298970000001,0.7371298970000001,0.7371298970000001,1,2026-10-05T19:04:54Z,2189873.0
parse-patch-bsan,ttf-parser-0.25.1,cff1::endchar_in_subr,success,45.561,0.73329369,0,0.73329369,0.73329369,0.73329369,1,2026-10-05T19:04:55Z,2189873.0
parse-patch-bsan,ttf-parser-0.25.1,cff1::endchar_in_subr_with_extra_data_1,success,45.561,0.743774625,0,0.743774625,0.743774625,0.743774625,1,2026-10-05T19:04:57Z,2189873.0
parse-patch-bsan,ttf-parser-0.25.1,cff1::endchar_in_subr_with_extra_data_2,success,45.561,0.729485205,0,0.729485205,0.729485205,0.729485205,1,2026-10-05T19:04:58Z,2189873.0
parse-patch-bsan,ttf-parser-0.25.1,cff1::global_subr,success,45.561,0.7190294140000001,0,0.7190294140000001,0.7190294140000001,0.7190294140000001,1,2026-10-05T19:05:00Z,2189873.0
parse-patch-bsan,ttf-parser-0.25.1,cff1::hh_curve_to,success,45.561,0.7170043260000001,0,0.7170043260000001,0.7170043260000001,0.7170043260000001,1,2026-10-05T19:05:01Z,2189873.0
parse-patch-bsan,ttf-parser-0.25.1,cff1::hh_curve_to_with_not_enough_coords,success,45.561,0.7158085780000001,0,0.7158085780000001,0.7158085780000001,0.7158085780000001,1,2026-10-05T19:05:03Z,2189873.0
parse-patch-bsan,ttf-parser-0.25.1,cff1::hh_curve_to_with_too_many_coords,success,45.561,0.7146370980000001,0,0.7146370980000001,0.7146370980000001,0.7146370980000001,1,2026-10-05T19:05:04Z,2189873.0
parse-patch-bsan,ttf-parser-0.25.1,cff1::hh_curve_to_with_y,success,45.561,0.744492703,0,0.744492703,0.744492703,0.744492703,1,2026-10-05T19:05:05Z,2189873.0
parse-patch-bsan,ttf-parser-0.25.1,cff1::hline_to,success,45.561,0.7118418950000001,0,0.7118418950000001,0.7118418950000001,0.7118418950000001,1,2026-10-05T19:05:07Z,2189873.0
parse-patch-bsan,ttf-parser-0.25.1,cff1::hline_to_with_three_coords,success,45.561,0.725446546,0,0.725446546,0.725446546,0.725446546,1,2026-10-05T19:05:08Z,2189873.0
parse-patch-bsan,ttf-parser-0.25.1,cff1::hline_to_with_two_coords,success,45.561,0.7186824500000001,0,0.7186824500000001,0.7186824500000001,0.7186824500000001,1,2026-10-05T19:05:10Z,2189873.0
parse-patch-bsan,ttf-parser-0.25.1,cff1::hline_to_without_coords,success,45.561,0.718784474,0,0.718784474,0.718784474,0.718784474,1,2026-10-05T19:05:11Z,2189873.0
parse-patch-bsan,ttf-parser-0.25.1,cff1::hmove_to,success,45.561,0.7194062960000001,0,0.7194062960000001,0.7194062960000001,0.7194062960000001,1,2026-10-05T19:05:13Z,2189873.0
parse-patch-bsan,ttf-parser-0.25.1,cff1::hmove_to_with_not_enough_coords,success,45.561,0.7143394240000001,0,0.7143394240000001,0.7143394240000001,0.7143394240000001,1,2026-10-05T19:05:14Z,2189873.0
parse-patch-bsan,ttf-parser-0.25.1,cff1::hmove_to_with_too_many_coords,success,45.561,0.7193525940000001,0,0.7193525940000001,0.7193525940000001,0.7193525940000001,1,2026-10-05T19:05:16Z,2189873.0
parse-patch-bsan,ttf-parser-0.25.1,cff1::hmove_to_with_width,success,45.561,0.704976912,0,0.704976912,0.704976912,0.704976912,1,2026-10-05T19:05:17Z,2189873.0
parse-patch-bsan,ttf-parser-0.25.1,cff1::invalid_char_string_offset,success,45.561,0.703769276,0,0.703769276,0.703769276,0.703769276,1,2026-10-05T19:05:18Z,2189873.0
parse-patch-bsan,ttf-parser-0.25.1,cff1::line_to,success,45.561,0.7040883320000001,0,0.7040883320000001,0.7040883320000001,0.7040883320000001,1,2026-10-05T19:05:20Z,2189873.0
parse-patch-bsan,ttf-parser-0.25.1,cff1::line_to_with_multiple_pairs,success,45.561,0.7318364070000001,0,0.7318364070000001,0.7318364070000001,0.7318364070000001,1,2026-10-05T19:05:21Z,2189873.0
parse-patch-bsan,ttf-parser-0.25.1,cff1::line_to_with_odd_number_of_coord,success,45.561,0.7355823290000001,0,0.7355823290000001,0.7355823290000001,0.7355823290000001,1,2026-10-05T19:05:23Z,2189873.0
parse-patch-bsan,ttf-parser-0.25.1,cff1::line_to_with_single_coord,success,45.561,0.718924302,0,0.718924302,0.718924302,0.718924302,1,2026-10-05T19:05:24Z,2189873.0
parse-patch-bsan,ttf-parser-0.25.1,cff1::line_to_without_move_to,success,45.561,0.721307875,0,0.721307875,0.721307875,0.721307875,1,2026-10-05T19:05:26Z,2189873.0
parse-patch-bsan,ttf-parser-0.25.1,cff1::local_subr,success,45.561,0.7296433410000001,0,0.7296433410000001,0.7296433410000001,0.7296433410000001,1,2026-10-05T19:05:27Z,2189873.0
parse-patch-bsan,ttf-parser-0.25.1,cff1::move_to,success,45.561,0.7205520430000001,0,0.7205520430000001,0.7205520430000001,0.7205520430000001,1,2026-10-05T19:05:29Z,2189873.0
parse-patch-bsan,ttf-parser-0.25.1,cff1::move_to_with_not_enough_coords,success,45.561,0.7007459530000001,0,0.7007459530000001,0.7007459530000001,0.7007459530000001,1,2026-10-05T19:05:30Z,2189873.0
parse-patch-bsan,ttf-parser-0.25.1,cff1::move_to_with_too_many_coords,success,45.561,0.717255116,0,0.717255116,0.717255116,0.717255116,1,2026-10-05T19:05:31Z,2189873.0
parse-patch-bsan,ttf-parser-0.25.1,cff1::move_to_with_width,success,45.561,0.705474253,0,0.705474253,0.705474253,0.705474253,1,2026-10-05T19:05:33Z,2189873.0
parse-patch-bsan,ttf-parser-0.25.1,cff1::multiple_endchar,success,45.561,0.721689577,0,0.721689577,0.721689577,0.721689577,1,2026-10-05T19:05:34Z,2189873.0
parse-patch-bsan,ttf-parser-0.25.1,cff1::non_default_header_size,success,45.561,0.721161398,0,0.721161398,0.721161398,0.721161398,1,2026-10-05T19:05:36Z,2189873.0
parse-patch-bsan,ttf-parser-0.25.1,cff1::only_endchar,success,45.561,0.7156088620000001,0,0.7156088620000001,0.7156088620000001,0.7156088620000001,1,2026-10-05T19:05:37Z,2189873.0
parse-patch-bsan,ttf-parser-0.25.1,cff1::operands_overflow,success,45.561,0.7576836060000001,0,0.7576836060000001,0.7576836060000001,0.7576836060000001,1,2026-10-05T19:05:39Z,2189873.0
parse-patch-bsan,ttf-parser-0.25.1,cff1::operands_overflow_with_4_byte_ints,success,45.561,0.8811380240000001,0,0.8811380240000001,0.8811380240000001,0.8811380240000001,1,2026-10-05T19:05:40Z,2189873.0
parse-patch-bsan,ttf-parser-0.25.1,cff1::recursive_global_subr,success,45.561,0.726896776,0,0.726896776,0.726896776,0.726896776,1,2026-10-05T19:05:42Z,2189873.0
parse-patch-bsan,ttf-parser-0.25.1,cff1::recursive_local_subr,success,45.561,0.752994181,0,0.752994181,0.752994181,0.752994181,1,2026-10-05T19:05:44Z,2189873.0
parse-patch-bsan,ttf-parser-0.25.1,cff1::recursive_mixed_subr,success,45.561,0.7434234620000001,0,0.7434234620000001,0.7434234620000001,0.7434234620000001,1,2026-10-05T19:05:45Z,2189873.0
parse-patch-bsan,ttf-parser-0.25.1,cff1::reserved_operator,success,45.561,0.7233323570000001,0,0.7233323570000001,0.7233323570000001,0.7233323570000001,1,2026-10-05T19:05:46Z,2189873.0
parse-patch-bsan,ttf-parser-0.25.1,cff1::seac_with_not_enough_data,success,45.561,0.728470966,0,0.728470966,0.728470966,0.728470966,1,2026-10-05T19:05:48Z,2189873.0
parse-patch-bsan,ttf-parser-0.25.1,cff1::subr_without_return,success,45.561,0.7444763870000001,0,0.7444763870000001,0.7444763870000001,0.7444763870000001,1,2026-10-05T19:05:49Z,2189873.0
parse-patch-bsan,ttf-parser-0.25.1,cff1::two_vmove_to_with_width,success,45.561,0.707345258,0,0.707345258,0.707345258,0.707345258,1,2026-10-05T19:05:51Z,2189873.0
parse-patch-bsan,ttf-parser-0.25.1,cff1::unsupported_version,success,45.561,0.704962234,0,0.704962234,0.704962234,0.704962234,1,2026-10-05T19:05:52Z,2189873.0
parse-patch-bsan,ttf-parser-0.25.1,cff1::vline_to,success,45.561,0.720475619,0,0.720475619,0.720475619,0.720475619,1,2026-10-05T19:05:54Z,2189873.0
parse-patch-bsan,ttf-parser-0.25.1,cff1::vline_to_with_three_coords,success,45.561,0.7268323210000001,0,0.7268323210000001,0.7268323210000001,0.7268323210000001,1,2026-10-05T19:05:55Z,2189873.0
parse-patch-bsan,ttf-parser-0.25.1,cff1::vline_to_with_two_coords,success,45.561,0.7095354610000001,0,0.7095354610000001,0.7095354610000001,0.7095354610000001,1,2026-10-05T19:05:57Z,2189873.0
parse-patch-bsan,ttf-parser-0.25.1,cff1::vline_to_without_coords,success,45.561,0.729942957,0,0.729942957,0.729942957,0.729942957,1,2026-10-05T19:05:58Z,2189873.0
parse-patch-bsan,ttf-parser-0.25.1,cff1::vmove_to,success,45.561,0.7185669720000001,0,0.7185669720000001,0.7185669720000001,0.7185669720000001,1,2026-10-05T19:06:00Z,2189873.0
parse-patch-bsan,ttf-parser-0.25.1,cff1::vmove_to_with_not_enough_coords,success,45.561,0.71708052,0,0.71708052,0.71708052,0.71708052,1,2026-10-05T19:06:01Z,2189873.0
parse-patch-bsan,ttf-parser-0.25.1,cff1::vmove_to_with_too_many_coords,success,45.561,0.72271986,0,0.72271986,0.72271986,0.72271986,1,2026-10-05T19:06:02Z,2189873.0
parse-patch-bsan,ttf-parser-0.25.1,cff1::vmove_to_with_width,success,45.561,0.715371266,0,0.715371266,0.715371266,0.715371266,1,2026-10-05T19:06:04Z,2189873.0
parse-patch-bsan,ttf-parser-0.25.1,cff1::vv_curve_to,success,45.561,0.7283149480000001,0,0.7283149480000001,0.7283149480000001,0.7283149480000001,1,2026-10-05T19:06:05Z,2189873.0
parse-patch-bsan,ttf-parser-0.25.1,cff1::vv_curve_to_with_not_enough_coords,success,45.561,0.7097865830000001,0,0.7097865830000001,0.7097865830000001,0.7097865830000001,1,2026-10-05T19:06:07Z,2189873.0
parse-patch-bsan,ttf-parser-0.25.1,cff1::vv_curve_to_with_too_many_coords,success,45.561,0.725554573,0,0.725554573,0.725554573,0.725554573,1,2026-10-05T19:06:08Z,2189873.0
parse-patch-bsan,ttf-parser-0.25.1,cff1::vv_curve_to_with_x,success,45.561,0.736558958,0,0.736558958,0.736558958,0.736558958,1,2026-10-05T19:06:10Z,2189873.0
parse-patch-bsan,ttf-parser-0.25.1,cff1::zero_char_string_offset,success,45.561,0.7142629380000001,0,0.7142629380000001,0.7142629380000001,0.7142629380000001,1,2026-10-05T19:06:11Z,2189873.0
parse-patch-bsan,ttf-parser-0.25.1,cmap::format0::maps_not_all_256_codepoints,success,45.561,0.970844086,0,0.970844086,0.970844086,0.970844086,1,2026-10-05T19:06:13Z,2189873.0
parse-patch-bsan,ttf-parser-0.25.1,cmap::format2::codepoint_at_range_end,success,45.561,1.272792183,0,1.272792183,1.272792183,1.272792183,1,2026-10-05T19:06:16Z,2189873.0
parse-patch-bsan,ttf-parser-0.25.1,cmap::format2::collect_codepoints,success,45.561,5.357260819,0,5.357260819,5.357260819,5.357260819,1,2026-10-05T19:06:26Z,2189873.0
parse-patch-bsan,ttf-parser-0.25.1,cmap::format4::codepoint_out_of_range,success,45.561,0.702918158,0,0.702918158,0.702918158,0.702918158,1,2026-10-05T19:06:28Z,2189873.0
parse-patch-bsan,ttf-parser-0.25.1,cmap::format4::collect_codepoints,success,45.561,0.719790555,0,0.719790555,0.719790555,0.719790555,1,2026-10-05T19:06:29Z,2189873.0
parse-patch-bsan,ttf-parser-0.25.1,cmap::format4::continuous_range,success,45.561,0.721694795,0,0.721694795,0.721694795,0.721694795,1,2026-10-05T19:06:31Z,2189873.0
parse-patch-bsan,ttf-parser-0.25.1,cmap::format4::invalid_length,success,45.561,0.718928809,0,0.718928809,0.718928809,0.718928809,1,2026-10-05T19:06:32Z,2189873.0
parse-patch-bsan,ttf-parser-0.25.1,cmap::format4::invalid_offset,success,45.561,0.711740396,0,0.711740396,0.711740396,0.711740396,1,2026-10-05T19:06:34Z,2189873.0
parse-patch-bsan,ttf-parser-0.25.1,cmap::format4::invalid_segment_count,success,45.561,0.694079895,0,0.694079895,0.694079895,0.694079895,1,2026-10-05T19:06:35Z,2189873.0
parse-patch-bsan,ttf-parser-0.25.1,cmap::format4::multiple_ranges,success,45.561,0.723181403,0,0.723181403,0.723181403,0.723181403,1,2026-10-05T19:06:37Z,2189873.0
parse-patch-bsan,ttf-parser-0.25.1,cmap::format4::no_end_codes,success,45.561,0.6942195320000001,0,0.6942195320000001,0.6942195320000001,0.6942195320000001,1,2026-10-05T19:06:38Z,2189873.0
parse-patch-bsan,ttf-parser-0.25.1,cmap::format4::only_end_segments,success,45.561,0.707481695,0,0.707481695,0.707481695,0.707481695,1,2026-10-05T19:06:39Z,2189873.0
parse-patch-bsan,ttf-parser-0.25.1,cmap::format4::single_glyph,success,45.561,0.7130928670000001,0,0.7130928670000001,0.7130928670000001,0.7130928670000001,1,2026-10-05T19:06:41Z,2189873.0
parse-patch-bsan,ttf-parser-0.25.1,cmap::format4::unordered_chars_and_ids,success,45.561,0.7249201970000001,0,0.7249201970000001,0.7249201970000001,0.7249201970000001,1,2026-10-05T19:06:42Z,2189873.0
parse-patch-bsan,ttf-parser-0.25.1,cmap::format4::unordered_ids,success,45.561,0.725550821,0,0.725550821,0.725550821,0.725550821,1,2026-10-05T19:06:44Z,2189873.0
parse-patch-bsan,ttf-parser-0.25.1,cmap::format4::zero,success,45.561,0.71269389,0,0.71269389,0.71269389,0.71269389,1,2026-10-05T19:06:45Z,2189873.0
parse-patch-bsan,ttf-parser-0.25.1,colr::basic,success,45.561,0.7478872710000001,0,0.7478872710000001,0.7478872710000001,0.7478872710000001,1,2026-10-05T19:06:47Z,2189873.0
parse-patch-bsan,ttf-parser-0.25.1,colr::colr1_static::composite,success,45.561,0.7147531930000001,0,0.7147531930000001,0.7147531930000001,0.7147531930000001,1,2026-10-05T19:06:48Z,2189873.0
parse-patch-bsan,ttf-parser-0.25.1,colr::colr1_static::cyclic_dependency,success,45.561,0.719585519,0,0.719585519,0.719585519,0.719585519,1,2026-10-05T19:06:50Z,2189873.0
parse-patch-bsan,ttf-parser-0.25.1,colr::colr1_static::linear_gradient,success,45.561,0.7097709470000001,0,0.7097709470000001,0.7097709470000001,0.7097709470000001,1,2026-10-05T19:06:51Z,2189873.0
parse-patch-bsan,ttf-parser-0.25.1,colr::colr1_static::radial_gradient,success,45.561,0.7277966140000001,0,0.7277966140000001,0.7277966140000001,0.7277966140000001,1,2026-10-05T19:06:52Z,2189873.0
parse-patch-bsan,ttf-parser-0.25.1,colr::colr1_static::rotate,success,45.561,0.7115709610000001,0,0.7115709610000001,0.7115709610000001,0.7115709610000001,1,2026-10-05T19:06:54Z,2189873.0
parse-patch-bsan,ttf-parser-0.25.1,colr::colr1_static::rotate_around_center,success,45.561,0.7204434430000001,0,0.7204434430000001,0.7204434430000001,0.7204434430000001,1,2026-10-05T19:06:55Z,2189873.0
parse-patch-bsan,ttf-parser-0.25.1,colr::colr1_static::scale,success,45.561,0.7061371660000001,0,0.7061371660000001,0.7061371660000001,0.7061371660000001,1,2026-10-05T19:06:57Z,2189873.0
parse-patch-bsan,ttf-parser-0.25.1,colr::colr1_static::scale_around_center,success,45.561,0.7225066720000001,0,0.7225066720000001,0.7225066720000001,0.7225066720000001,1,2026-10-05T19:06:58Z,2189873.0
parse-patch-bsan,ttf-parser-0.25.1,colr::colr1_static::skew,success,45.561,0.7007886050000001,0,0.7007886050000001,0.7007886050000001,0.7007886050000001,1,2026-10-05T19:07:00Z,2189873.0
parse-patch-bsan,ttf-parser-0.25.1,colr::colr1_static::skew_around_center,success,45.561,0.7093746700000001,0,0.7093746700000001,0.7093746700000001,0.7093746700000001,1,2026-10-05T19:07:01Z,2189873.0
parse-patch-bsan,ttf-parser-0.25.1,colr::colr1_static::sweep_gradient,success,45.561,0.6992624780000001,0,0.6992624780000001,0.6992624780000001,0.6992624780000001,1,2026-10-05T19:07:02Z,2189873.0
parse-patch-bsan,ttf-parser-0.25.1,colr::colr1_static::transform,success,45.561,0.706044646,0,0.706044646,0.706044646,0.706044646,1,2026-10-05T19:07:04Z,2189873.0
parse-patch-bsan,ttf-parser-0.25.1,colr::colr1_static::translate,success,45.561,0.705216201,0,0.705216201,0.705216201,0.705216201,1,2026-10-05T19:07:05Z,2189873.0
parse-patch-bsan,ttf-parser-0.25.1,colr::colr1_variable::radial_gradient,success,45.561,0.706214452,0,0.706214452,0.706214452,0.706214452,1,2026-10-05T19:07:07Z,2189873.0
parse-patch-bsan,ttf-parser-0.25.1,colr::colr1_variable::rotate,success,45.561,0.724149029,0,0.724149029,0.724149029,0.724149029,1,2026-10-05T19:07:08Z,2189873.0
parse-patch-bsan,ttf-parser-0.25.1,colr::colr1_variable::rotate_around_center,success,45.561,0.785890068,0,0.785890068,0.785890068,0.785890068,1,2026-10-05T19:07:10Z,2189873.0
parse-patch-bsan,ttf-parser-0.25.1,colr::colr1_variable::scale,success,45.561,0.7690172500000001,0,0.7690172500000001,0.7690172500000001,0.7690172500000001,1,2026-10-05T19:07:11Z,2189873.0
parse-patch-bsan,ttf-parser-0.25.1,colr::colr1_variable::scale_around_center,success,45.561,0.8046593470000001,0,0.8046593470000001,0.8046593470000001,0.8046593470000001,1,2026-10-05T19:07:13Z,2189873.0
parse-patch-bsan,ttf-parser-0.25.1,colr::colr1_variable::skew,success,45.561,0.765090516,0,0.765090516,0.765090516,0.765090516,1,2026-10-05T19:07:15Z,2189873.0
parse-patch-bsan,ttf-parser-0.25.1,colr::colr1_variable::skew_around_center,success,45.561,0.8274898430000001,0,0.8274898430000001,0.8274898430000001,0.8274898430000001,1,2026-10-05T19:07:16Z,2189873.0
parse-patch-bsan,ttf-parser-0.25.1,colr::colr1_variable::sweep_gradient,success,45.561,0.741257024,0,0.741257024,0.741257024,0.741257024,1,2026-10-05T19:07:18Z,2189873.0
parse-patch-bsan,ttf-parser-0.25.1,colr::colr1_variable::transform,success,45.561,0.8235385270000001,0,0.8235385270000001,0.8235385270000001,0.8235385270000001,1,2026-10-05T19:07:19Z,2189873.0
parse-patch-bsan,ttf-parser-0.25.1,colr::colr1_variable::translate,success,45.561,0.800914309,0,0.800914309,0.800914309,0.800914309,1,2026-10-05T19:07:21Z,2189873.0
parse-patch-bsan,ttf-parser-0.25.1,empty_font,success,45.561,0.718741935,0,0.718741935,0.718741935,0.718741935,1,2026-10-05T19:07:22Z,2189873.0
parse-patch-bsan,ttf-parser-0.25.1,empty_font_collection,success,45.561,0.700248669,0,0.700248669,0.700248669,0.700248669,1,2026-10-05T19:07:24Z,2189873.0
parse-patch-bsan,ttf-parser-0.25.1,feat::basic,success,45.561,0.737740681,0,0.737740681,0.737740681,0.737740681,1,2026-10-05T19:07:25Z,2189873.0
parse-patch-bsan,ttf-parser-0.25.1,font_collection_num_fonts_overflow_1,success,45.561,0.696549018,0,0.696549018,0.696549018,0.696549018,1,2026-10-05T19:07:27Z,2189873.0
parse-patch-bsan,ttf-parser-0.25.1,font_collection_num_fonts_overflow_2,success,45.561,0.7180465880000001,0,0.7180465880000001,0.7180465880000001,0.7180465880000001,1,2026-10-05T19:07:28Z,2189873.0
parse-patch-bsan,ttf-parser-0.25.1,font_index_overflow,success,45.561,0.7014890500000001,0,0.7014890500000001,0.7014890500000001,0.7014890500000001,1,2026-10-05T19:07:30Z,2189873.0
parse-patch-bsan,ttf-parser-0.25.1,font_index_overflow_on_regular_font,success,45.561,0.6992043560000001,0,0.6992043560000001,0.6992043560000001,0.6992043560000001,1,2026-10-05T19:07:31Z,2189873.0
parse-patch-bsan,ttf-parser-0.25.1,glyf::endless_loop,success,45.561,0.731192775,0,0.731192775,0.731192775,0.731192775,1,2026-10-05T19:07:32Z,2189873.0
parse-patch-bsan,ttf-parser-0.25.1,hmtx::empty,success,45.561,0.70118972,0,0.70118972,0.70118972,0.70118972,1,2026-10-05T19:07:34Z,2189873.0
parse-patch-bsan,ttf-parser-0.25.1,hmtx::glyph_out_of_bounds_0,success,45.561,0.7209705820000001,0,0.7209705820000001,0.7209705820000001,0.7209705820000001,1,2026-10-05T19:07:35Z,2189873.0
parse-patch-bsan,ttf-parser-0.25.1,hmtx::glyph_out_of_bounds_1,success,45.561,0.713142332,0,0.713142332,0.713142332,0.713142332,1,2026-10-05T19:07:37Z,2189873.0
parse-patch-bsan,ttf-parser-0.25.1,hmtx::less_metrics_than_glyphs,success,45.561,0.7203945860000001,0,0.7203945860000001,0.7203945860000001,0.7203945860000001,1,2026-10-05T19:07:38Z,2189873.0
parse-patch-bsan,ttf-parser-0.25.1,hmtx::no_additional_side_bearings,success,45.561,0.714651437,0,0.714651437,0.714651437,0.714651437,1,2026-10-05T19:07:40Z,2189873.0
parse-patch-bsan,ttf-parser-0.25.1,hmtx::simple_case,success,45.561,0.6957647720000001,0,0.6957647720000001,0.6957647720000001,0.6957647720000001,1,2026-10-05T19:07:41Z,2189873.0
parse-patch-bsan,ttf-parser-0.25.1,hmtx::smaller_than_glyphs_count,success,45.561,0.7176655460000001,0,0.7176655460000001,0.7176655460000001,0.7176655460000001,1,2026-10-05T19:07:42Z,2189873.0
parse-patch-bsan,ttf-parser-0.25.1,hmtx::zero_metrics,success,45.561,0.7002411150000001,0,0.7002411150000001,0.7002411150000001,0.7002411150000001,1,2026-10-05T19:07:44Z,2189873.0
parse-patch-bsan,ttf-parser-0.25.1,maxp::unknown_version,success,45.561,0.714415644,0,0.714415644,0.714415644,0.714415644,1,2026-10-05T19:07:45Z,2189873.0
parse-patch-bsan,ttf-parser-0.25.1,maxp::version_05,success,45.561,0.707297803,0,0.707297803,0.707297803,0.707297803,1,2026-10-05T19:07:47Z,2189873.0
parse-patch-bsan,ttf-parser-0.25.1,maxp::version_1_full,success,45.561,0.7089346740000001,0,0.7089346740000001,0.7089346740000001,0.7089346740000001,1,2026-10-05T19:07:48Z,2189873.0
parse-patch-bsan,ttf-parser-0.25.1,maxp::version_1_trimmed,success,45.561,0.694362908,0,0.694362908,0.694362908,0.694362908,1,2026-10-05T19:07:50Z,2189873.0
parse-patch-bsan,ttf-parser-0.25.1,maxp::zero_glyphs,success,45.561,0.6986730250000001,0,0.6986730250000001,0.6986730250000001,0.6986730250000001,1,2026-10-05T19:07:51Z,2189873.0
parse-patch-bsan,ttf-parser-0.25.1,sbix::duplicate_glyph,success,45.561,0.70527337,0,0.70527337,0.70527337,0.70527337,1,2026-10-05T19:07:52Z,2189873.0
parse-patch-bsan,ttf-parser-0.25.1,sbix::recursive,success,45.561,0.7483813020000001,0,0.7483813020000001,0.7483813020000001,0.7483813020000001,1,2026-10-05T19:07:54Z,2189873.0
parse-patch-bsan,ttf-parser-0.25.1,sbix::single_glyph,success,45.561,0.700230153,0,0.700230153,0.700230153,0.700230153,1,2026-10-05T19:07:55Z,2189873.0
parse-patch-bsan,ttf-parser-0.25.1,tables::cff::cff1::tests::negative_private_dict_offset_and_size,success,45.561,0.697955058,0,0.697955058,0.697955058,0.697955058,1,2026-10-05T19:07:57Z,2189873.0
parse-patch-bsan,ttf-parser-0.25.1,tables::cff::cff1::tests::private_dict_negative_char_strings_offset,success,45.561,0.7096042,0,0.7096042,0.7096042,0.7096042,1,2026-10-05T19:07:58Z,2189873.0
parse-patch-bsan,ttf-parser-0.25.1,tables::cff::cff1::tests::private_dict_no_char_strings_offset_operand,success,45.561,0.692964474,0,0.692964474,0.692964474,0.692964474,1,2026-10-05T19:08:00Z,2189873.0
parse-patch-bsan,ttf-parser-0.25.1,tables::cff::cff1::tests::private_dict_size_overflow,success,45.561,0.697791284,0,0.697791284,0.697791284,0.697791284,1,2026-10-05T19:08:01Z,2189873.0
parse-patch-bsan,ttf-parser-0.25.1,tables::cff::dict::tests::parse_dict_number,success,45.561,0.691771794,0,0.691771794,0.691771794,0.691771794,1,2026-10-05T19:08:02Z,2189873.0
parse-patch-bsan,ttf-parser-0.25.1,tables::cff::index::tests::parse_offset_size,success,45.561,0.703635058,0,0.703635058,0.703635058,0.703635058,1,2026-10-05T19:08:04Z,2189873.0
parse-patch-bsan,ttf-parser-0.25.1,tables::gvar::packed_deltas::tests::delta_after_zeros,success,45.561,0.6955438220000001,0,0.6955438220000001,0.6955438220000001,0.6955438220000001,1,2026-10-05T19:08:05Z,2189873.0
parse-patch-bsan,ttf-parser-0.25.1,tables::gvar::packed_deltas::tests::empty,success,45.561,0.7136061810000001,0,0.7136061810000001,0.7136061810000001,0.7136061810000001,1,2026-10-05T19:08:07Z,2189873.0
parse-patch-bsan,ttf-parser-0.25.1,tables::gvar::packed_deltas::tests::invalid_number_of_pairs,success,45.561,0.7040872250000001,0,0.7040872250000001,0.7040872250000001,0.7040872250000001,1,2026-10-05T19:08:08Z,2189873.0
parse-patch-bsan,ttf-parser-0.25.1,tables::gvar::packed_deltas::tests::mixed_runs,success,45.561,0.723724676,0,0.723724676,0.723724676,0.723724676,1,2026-10-05T19:08:09Z,2189873.0
parse-patch-bsan,ttf-parser-0.25.1,tables::gvar::packed_deltas::tests::non_default_scalar,success,45.561,0.703024902,0,0.703024902,0.703024902,0.703024902,1,2026-10-05T19:08:11Z,2189873.0
parse-patch-bsan,ttf-parser-0.25.1,tables::gvar::packed_deltas::tests::runs_overflow,test_failed,45.561,,,,,,1,2026-10-05T19:09:27Z,2189873.0
parse-patch-bsan,ttf-parser-0.25.1,tables::gvar::packed_deltas::tests::single_delta,success,45.561,0.6898783150000001,0,0.6898783150000001,0.6898783150000001,0.6898783150000001,1,2026-10-05T19:09:32Z,2189873.0
parse-patch-bsan,ttf-parser-0.25.1,tables::gvar::packed_deltas::tests::single_long_delta,success,45.561,0.64369507,0,0.64369507,0.64369507,0.64369507,1,2026-10-05T19:09:33Z,2189873.0
parse-patch-bsan,ttf-parser-0.25.1,tables::gvar::packed_deltas::tests::single_run,success,45.561,0.662083243,0,0.662083243,0.662083243,0.662083243,1,2026-10-05T19:09:35Z,2189873.0
parse-patch-bsan,ttf-parser-0.25.1,tables::gvar::packed_deltas::tests::too_many_pairs,success,45.561,0.680182725,0,0.680182725,0.680182725,0.680182725,1,2026-10-05T19:09:36Z,2189873.0
parse-patch-bsan,ttf-parser-0.25.1,tables::gvar::packed_deltas::tests::two_deltas,success,45.561,0.65461106,0,0.65461106,0.65461106,0.65461106,1,2026-10-05T19:09:37Z,2189873.0
parse-patch-bsan,ttf-parser-0.25.1,tables::gvar::packed_deltas::tests::unexpected_end_of_data_1,success,45.561,0.631046772,0,0.631046772,0.631046772,0.631046772,1,2026-10-05T19:09:39Z,2189873.0
parse-patch-bsan,ttf-parser-0.25.1,tables::gvar::packed_deltas::tests::unexpected_end_of_data_2,success,45.561,0.657632015,0,0.657632015,0.657632015,0.657632015,1,2026-10-05T19:09:40Z,2189873.0
parse-patch-bsan,ttf-parser-0.25.1,tables::gvar::packed_deltas::tests::unexpected_end_of_data_3,success,45.561,0.6177359480000001,0,0.6177359480000001,0.6177359480000001,0.6177359480000001,1,2026-10-05T19:09:41Z,2189873.0
parse-patch-bsan,ttf-parser-0.25.1,tables::gvar::packed_deltas::tests::unexpected_end_of_data_4,success,45.561,0.6340876240000001,0,0.6340876240000001,0.6340876240000001,0.6340876240000001,1,2026-10-05T19:09:43Z,2189873.0
parse-patch-bsan,ttf-parser-0.25.1,tables::gvar::packed_deltas::tests::unexpected_end_of_data_6,success,45.561,0.634039533,0,0.634039533,0.634039533,0.634039533,1,2026-10-05T19:09:44Z,2189873.0
parse-patch-bsan,ttf-parser-0.25.1,tables::gvar::packed_deltas::tests::unexpected_end_of_data_7,success,45.561,0.641279555,0,0.641279555,0.641279555,0.641279555,1,2026-10-05T19:09:45Z,2189873.0
parse-patch-bsan,ttf-parser-0.25.1,tables::gvar::packed_deltas::tests::zero_runs,success,45.561,0.636934766,0,0.636934766,0.636934766,0.636934766,1,2026-10-05T19:09:46Z,2189873.0
parse-patch-bsan,ttf-parser-0.25.1,tables::gvar::packed_deltas::tests::zero_words,success,45.561,0.6295567860000001,0,0.6295567860000001,0.6295567860000001,0.6295567860000001,1,2026-10-05T19:09:48Z,2189873.0
parse-patch-bsan,ttf-parser-0.25.1,tables::gvar::packed_deltas::tests::zeros,success,45.561,0.620174652,0,0.620174652,0.620174652,0.620174652,1,2026-10-05T19:09:49Z,2189873.0
parse-patch-bsan,ttf-parser-0.25.1,tables::gvar::packed_points::tests::empty,success,45.561,0.6742217060000001,0,0.6742217060000001,0.6742217060000001,0.6742217060000001,1,2026-10-05T19:09:50Z,2189873.0
parse-patch-bsan,ttf-parser-0.25.1,tables::gvar::packed_points::tests::long_points,success,45.561,0.635973796,0,0.635973796,0.635973796,0.635973796,1,2026-10-05T19:09:52Z,2189873.0
parse-patch-bsan,ttf-parser-0.25.1,tables::gvar::packed_points::tests::more_than_127_points,success,45.561,0.8252086510000001,0,0.8252086510000001,0.8252086510000001,0.8252086510000001,1,2026-10-05T19:09:53Z,2189873.0
parse-patch-bsan,ttf-parser-0.25.1,tables::gvar::packed_points::tests::multiple_runs,success,45.561,0.613559622,0,0.613559622,0.613559622,0.613559622,1,2026-10-05T19:09:55Z,2189873.0
parse-patch-bsan,ttf-parser-0.25.1,tables::gvar::packed_points::tests::runs_overflow,success,45.561,1.320677433,0,1.320677433,1.320677433,1.320677433,1,2026-10-05T19:09:57Z,2189873.0
parse-patch-bsan,ttf-parser-0.25.1,tables::gvar::packed_points::tests::set_0_and_2,success,45.561,0.6173161890000001,0,0.6173161890000001,0.6173161890000001,0.6173161890000001,1,2026-10-05T19:09:58Z,2189873.0
parse-patch-bsan,ttf-parser-0.25.1,tables::gvar::packed_points::tests::set_1_and_2,success,45.561,0.6399852300000001,0,0.6399852300000001,0.6399852300000001,0.6399852300000001,1,2026-10-05T19:10:00Z,2189873.0
parse-patch-bsan,ttf-parser-0.25.1,tables::gvar::packed_points::tests::set_1_and_3,success,45.561,0.6074756050000001,0,0.6074756050000001,0.6074756050000001,0.6074756050000001,1,2026-10-05T19:10:01Z,2189873.0
parse-patch-bsan,ttf-parser-0.25.1,tables::gvar::packed_points::tests::set_2_5_7,success,45.561,0.6158907760000001,0,0.6158907760000001,0.6158907760000001,0.6158907760000001,1,2026-10-05T19:10:02Z,2189873.0
parse-patch-bsan,ttf-parser-0.25.1,tables::gvar::packed_points::tests::single_point,success,45.561,0.6260479670000001,0,0.6260479670000001,0.6260479670000001,0.6260479670000001,1,2026-10-05T19:10:04Z,2189873.0
parse-patch-bsan,ttf-parser-0.25.1,tables::gvar::packed_points::tests::single_zero_control,success,45.561,0.6217018790000001,0,0.6217018790000001,0.6217018790000001,0.6217018790000001,1,2026-10-05T19:10:05Z,2189873.0
parse-patch-bsan,ttf-parser-0.25.1,tables_count_overflow,success,45.561,0.6242935540000001,0,0.6242935540000001,0.6242935540000001,0.6242935540000001,1,2026-10-05T19:10:06Z,2189873.0
parse-patch-bsan,ttf-parser-0.25.1,trak::basic,success,45.561,0.6376285030000001,0,0.6376285030000001,0.6376285030000001,0.6376285030000001,1,2026-10-05T19:10:07Z,2189873.0
parse-patch-bsan,ttf-parser-0.25.1,trak::empty,success,45.561,0.6215721670000001,0,0.6215721670000001,0.6215721670000001,0.6215721670000001,1,2026-10-05T19:10:09Z,2189873.0
parse-patch-bsan,ttf-parser-0.25.1,zero_tables,success,45.561,0.59542492,0,0.59542492,0.59542492,0.59542492,1,2026-10-05T19:10:10Z,2189873.0
parse-patch-bsan,adler-1.0.2,__calibration__,calibration,60.390,0.43722752000000004,0,0.43722752000000004,0.43722752000000004,0.43722752000000004,1,2026-10-05T19:04:24Z,2189883.0
parse-patch-bsan,adler-1.0.2,tests::bufread,timeout,60.390,,,,,,1,2026-10-05T20:04:24Z,2189883.0
parse-patch-bsan,adler-1.0.2,tests::mixed,timeout,60.390,,,,,,1,2026-10-05T21:04:24Z,2189883.0
parse-patch-bsan,yazi-0.2.1,__calibration__,calibration,13.961,0.317893572,0,0.317893572,0.317893572,0.317893572,1,2026-10-05T19:03:28Z,2189884.0
parse-patch-bsan,yazi-0.2.1,tests::compress_decompress,test_failed,13.961,,,,,,1,2026-10-05T19:06:59Z,2189884.0
parse-patch-bsan,yazi-0.2.1,tests::compress_decompress_raw,test_failed,13.961,,,,,,1,2026-10-05T19:23:15Z,2189884.0
parse-patch-bsan,yazi-0.2.1,tests::compress_decompress_static,test_failed,13.961,,,,,,1,2026-10-05T19:27:02Z,2189884.0
parse-patch-bsan,yazi-0.2.1,tests::compress_decompress_streaming_1byte,test_failed,13.961,,,,,,1,2026-10-05T19:34:41Z,2189884.0
parse-patch-bsan,yazi-0.2.1,tests::compress_decompress_streaming_64bytes,test_failed,13.961,,,,,,1,2026-10-05T19:45:14Z,2189884.0
parse-patch-bsan,yazi-0.2.1,tests::compress_decompress_zlib,test_failed,13.961,,,,,,1,2026-10-05T19:48:41Z,2189884.0
parse-patch-bsan,md5-0.8.1,__calibration__,calibration,15.428,0.47166853500000006,0,0.47166853500000006,0.47166853500000006,0.47166853500000006,1,2026-10-05T19:03:26Z,2189885.0
parse-patch-bsan,md5-0.8.1,tests::compute,success,15.428,0.5998807,0,0.5998807,0.5998807,0.5998807,1,2026-10-05T19:03:27Z,2189885.0
parse-patch-bsan,md5-0.8.1,tests::consume,success,15.428,60.507730694,0,60.507730694,60.507730694,60.507730694,1,2026-10-05T19:05:28Z,2189885.0
parse-patch-bsan,md5-0.8.1,tests::index,success,15.428,0.555882665,0,0.555882665,0.555882665,0.555882665,1,2026-10-05T19:05:29Z,2189885.0
parse-patch-bsan,md5-0.8.1,tests::write_29,timeout,15.428,,,,,,1,2026-10-05T20:05:29Z,2189885.0
parse-patch-bsan,md5-0.8.1,tests::write_32,timeout,15.428,,,,,,1,2026-10-05T21:05:29Z,2189885.0
parse-patch-bsan,adler32-1.2.0,__calibration__,calibration,67.340,0.489677721,0,0.489677721,0.489677721,0.489677721,1,2026-10-05T19:04:43Z,2189886.0
parse-patch-bsan,adler32-1.2.0,test::compare,test_failed,67.340,,,,,,1,2026-10-05T19:08:27Z,2189886.0
parse-patch-bsan,adler32-1.2.0,test::long_window_remove,test_failed,67.340,,,,,,1,2026-10-05T19:12:37Z,2189886.0
parse-patch-bsan,adler32-1.2.0,test::rolling,success,67.340,0.46029507900000005,0,0.46029507900000005,0.46029507900000005,0.46029507900000005,1,2026-10-05T19:12:43Z,2189886.0
parse-patch-bsan,adler32-1.2.0,test::testvectors,success,67.340,9.642029005,0,9.642029005,9.642029005,9.642029005,1,2026-10-05T19:13:02Z,2189886.0
parse-patch-bsan,cityhash-rs-1.0.1,__calibration__,calibration,13.047,0.288303335,0,0.288303335,0.288303335,0.288303335,1,2026-10-05T19:03:23Z,2189887.0
parse-patch-bsan,cityhash-rs-1.0.1,test_102::test_standard,test_failed,13.047,,,,,,1,2026-10-05T19:10:05Z,2189887.0
parse-patch-bsan,cityhash-rs-1.0.1,test_103::test_standard,test_failed,13.047,,,,,,1,2026-10-05T19:17:20Z,2189887.0
parse-patch-bsan,cityhash-rs-1.0.1,test_110::test_standard,test_failed,13.047,,,,,,1,2026-10-05T19:24:39Z,2189887.0
parse-patch-bsan,regex-syntax-0.8.11,__calibration__,calibration,50.789,0.542561244,0,0.542561244,0.542561244,0.542561244,1,2026-10-05T19:04:09Z,2189874.0
parse-patch-bsan,regex-syntax-0.8.11,ast::parse::tests::maybe_parse_ascii_class,success,50.789,0.4856205,0,0.4856205,0.4856205,0.4856205,1,2026-10-05T19:04:10Z,2189874.0
parse-patch-bsan,regex-syntax-0.8.11,ast::parse::tests::parse_alternate,success,50.789,0.566840896,0,0.566840896,0.566840896,0.566840896,1,2026-10-05T19:04:12Z,2189874.0
parse-patch-bsan,regex-syntax-0.8.11,ast::parse::tests::parse_capture_name,success,50.789,0.555035366,0,0.555035366,0.555035366,0.555035366,1,2026-10-05T19:04:13Z,2189874.0
parse-patch-bsan,regex-syntax-0.8.11,ast::parse::tests::parse_comments,success,50.789,0.428949466,0,0.428949466,0.428949466,0.428949466,1,2026-10-05T19:04:14Z,2189874.0
parse-patch-bsan,regex-syntax-0.8.11,ast::parse::tests::parse_counted_repetition,success,50.789,0.544986674,0,0.544986674,0.544986674,0.544986674,1,2026-10-05T19:04:15Z,2189874.0
parse-patch-bsan,regex-syntax-0.8.11,ast::parse::tests::parse_decimal,success,50.789,0.413895277,0,0.413895277,0.413895277,0.413895277,1,2026-10-05T19:04:16Z,2189874.0
parse-patch-bsan,regex-syntax-0.8.11,ast::parse::tests::parse_escape,success,50.789,0.482850863,0,0.482850863,0.482850863,0.482850863,1,2026-10-05T19:04:17Z,2189874.0
parse-patch-bsan,regex-syntax-0.8.11,ast::parse::tests::parse_flag,success,50.789,0.400720528,0,0.400720528,0.400720528,0.400720528,1,2026-10-05T19:04:17Z,2189874.0
parse-patch-bsan,regex-syntax-0.8.11,ast::parse::tests::parse_flags,success,50.789,0.39687466000000005,0,0.39687466000000005,0.39687466000000005,0.39687466000000005,1,2026-10-05T19:04:18Z,2189874.0
parse-patch-bsan,regex-syntax-0.8.11,ast::parse::tests::parse_group,success,50.789,0.501737082,0,0.501737082,0.501737082,0.501737082,1,2026-10-05T19:04:19Z,2189874.0
parse-patch-bsan,regex-syntax-0.8.11,ast::parse::tests::parse_hex_brace,success,50.789,0.48380073500000004,0,0.48380073500000004,0.48380073500000004,0.48380073500000004,1,2026-10-05T19:04:20Z,2189874.0
parse-patch-bsan,regex-syntax-0.8.11,ast::parse::tests::parse_hex_eight,success,50.789,785.21146143,0,785.21146143,785.21146143,785.21146143,1,2026-10-05T19:30:26Z,2189874.0
parse-patch-bsan,regex-syntax-0.8.11,ast::parse::tests::parse_hex_four,success,50.789,548.303257597,0,548.303257597,548.303257597,548.303257597,1,2026-10-05T19:49:08Z,2189874.0
parse-patch-bsan,regex-syntax-0.8.11,ast::parse::tests::parse_hex_two,success,50.789,1.628726789,0,1.628726789,1.628726789,1.628726789,1,2026-10-05T19:49:14Z,2189874.0
parse-patch-bsan,regex-syntax-0.8.11,ast::parse::tests::parse_holistic,success,50.789,0.47879408100000004,0,0.47879408100000004,0.47879408100000004,0.47879408100000004,1,2026-10-05T19:49:16Z,2189874.0
parse-patch-bsan,regex-syntax-0.8.11,ast::parse::tests::parse_ignore_whitespace,success,50.789,0.614699909,0,0.614699909,0.614699909,0.614699909,1,2026-10-05T19:49:19Z,2189874.0
parse-patch-bsan,regex-syntax-0.8.11,ast::parse::tests::parse_nest_limit,success,50.789,0.60183403,0,0.60183403,0.60183403,0.60183403,1,2026-10-05T19:49:20Z,2189874.0
parse-patch-bsan,regex-syntax-0.8.11,ast::parse::tests::parse_newlines,success,50.789,0.488663736,0,0.488663736,0.488663736,0.488663736,1,2026-10-05T19:49:21Z,2189874.0
parse-patch-bsan,regex-syntax-0.8.11,ast::parse::tests::parse_octal,success,50.789,2.392658504,0,2.392658504,2.392658504,2.392658504,1,2026-10-05T19:49:26Z,2189874.0
parse-patch-bsan,regex-syntax-0.8.11,ast::parse::tests::parse_perl_class,success,50.789,0.458704977,0,0.458704977,0.458704977,0.458704977,1,2026-10-05T19:49:27Z,2189874.0
parse-patch-bsan,regex-syntax-0.8.11,ast::parse::tests::parse_primitive_non_escape,success,50.789,0.43291990300000005,0,0.43291990300000005,0.43291990300000005,0.43291990300000005,1,2026-10-05T19:49:28Z,2189874.0
parse-patch-bsan,regex-syntax-0.8.11,ast::parse::tests::parse_set_class,success,50.789,0.8628131590000001,0,0.8628131590000001,0.8628131590000001,0.8628131590000001,1,2026-10-05T19:49:30Z,2189874.0
parse-patch-bsan,regex-syntax-0.8.11,ast::parse::tests::parse_set_class_open,success,50.789,0.502754896,0,0.502754896,0.502754896,0.502754896,1,2026-10-05T19:49:31Z,2189874.0
parse-patch-bsan,regex-syntax-0.8.11,ast::parse::tests::parse_uncounted_repetition,success,50.789,0.540931477,0,0.540931477,0.540931477,0.540931477,1,2026-10-05T19:49:32Z,2189874.0
parse-patch-bsan,regex-syntax-0.8.11,ast::parse::tests::parse_unicode_class,success,50.789,0.550856821,0,0.550856821,0.550856821,0.550856821,1,2026-10-05T19:49:33Z,2189874.0
parse-patch-bsan,regex-syntax-0.8.11,ast::parse::tests::parse_unsupported_backreference,success,50.789,0.450535793,0,0.450535793,0.450535793,0.450535793,1,2026-10-05T19:49:34Z,2189874.0
parse-patch-bsan,regex-syntax-0.8.11,ast::parse::tests::parse_unsupported_lookaround,success,50.789,0.462900195,0,0.462900195,0.462900195,0.462900195,1,2026-10-05T19:49:35Z,2189874.0
parse-patch-bsan,regex-syntax-0.8.11,ast::parse::tests::regression_454_nest_too_big,success,50.789,1.379944589,0,1.379944589,1.379944589,1.379944589,1,2026-10-05T19:49:38Z,2189874.0
parse-patch-bsan,regex-syntax-0.8.11,ast::parse::tests::regression_455_trailing_dash_ignore_whitespace,success,50.789,0.596726622,0,0.596726622,0.596726622,0.596726622,1,2026-10-05T19:49:39Z,2189874.0
parse-patch-bsan,regex-syntax-0.8.11,ast::print::tests::print_alternation,success,50.789,0.515806372,0,0.515806372,0.515806372,0.515806372,1,2026-10-05T19:49:40Z,2189874.0
parse-patch-bsan,regex-syntax-0.8.11,ast::print::tests::print_assertion,success,50.789,0.466825056,0,0.466825056,0.466825056,0.466825056,1,2026-10-05T19:49:41Z,2189874.0
parse-patch-bsan,regex-syntax-0.8.11,ast::print::tests::print_class,success,50.789,0.934663585,0,0.934663585,0.934663585,0.934663585,1,2026-10-05T19:49:43Z,2189874.0
parse-patch-bsan,regex-syntax-0.8.11,ast::print::tests::print_concat,success,50.789,0.448753239,0,0.448753239,0.448753239,0.448753239,1,2026-10-05T19:49:44Z,2189874.0
parse-patch-bsan,regex-syntax-0.8.11,ast::print::tests::print_dot,success,50.789,0.40876571100000003,0,0.40876571100000003,0.40876571100000003,0.40876571100000003,1,2026-10-05T19:49:45Z,2189874.0
parse-patch-bsan,regex-syntax-0.8.11,ast::print::tests::print_flags,success,50.789,0.41665871800000004,0,0.41665871800000004,0.41665871800000004,0.41665871800000004,1,2026-10-05T19:49:45Z,2189874.0
parse-patch-bsan,regex-syntax-0.8.11,ast::print::tests::print_group,success,50.789,0.452844183,0,0.452844183,0.452844183,0.452844183,1,2026-10-05T19:49:46Z,2189874.0
parse-patch-bsan,regex-syntax-0.8.11,ast::print::tests::print_literal,success,50.789,0.5077349910000001,0,0.5077349910000001,0.5077349910000001,0.5077349910000001,1,2026-10-05T19:49:47Z,2189874.0
parse-patch-bsan,regex-syntax-0.8.11,ast::print::tests::print_repetition,success,50.789,0.493808868,0,0.493808868,0.493808868,0.493808868,1,2026-10-05T19:49:48Z,2189874.0
parse-patch-bsan,regex-syntax-0.8.11,ast::tests::ast_size,success,50.789,0.41683505000000004,0,0.41683505000000004,0.41683505000000004,0.41683505000000004,1,2026-10-05T19:49:49Z,2189874.0
parse-patch-bsan,regex-syntax-0.8.11,ast::tests::no_stack_overflow_on_drop,test_failed,50.789,,,,,,1,2026-10-05T19:49:51Z,2189874.0
parse-patch-bsan,regex-syntax-0.8.11,error::tests::regression_464,success,50.789,0.436887422,0,0.436887422,0.436887422,0.436887422,1,2026-10-05T19:49:52Z,2189874.0
parse-patch-bsan,regex-syntax-0.8.11,error::tests::repetition_quantifier_expects_a_valid_decimal,success,50.789,0.43190956300000005,0,0.43190956300000005,0.43190956300000005,0.43190956300000005,1,2026-10-05T19:49:53Z,2189874.0
parse-patch-bsan,regex-syntax-0.8.11,hir::literal::tests::alternation,success,50.789,1.7797185400000002,0,1.7797185400000002,1.7797185400000002,1.7797185400000002,1,2026-10-05T19:49:56Z,2189874.0
parse-patch-bsan,regex-syntax-0.8.11,hir::literal::tests::anything,success,50.789,1.11156548,0,1.11156548,1.11156548,1.11156548,1,2026-10-05T19:49:59Z,2189874.0
parse-patch-bsan,regex-syntax-0.8.11,hir::literal::tests::anything_small_limits,success,50.789,0.822651927,0,0.822651927,0.822651927,0.822651927,1,2026-10-05T19:50:00Z,2189874.0
parse-patch-bsan,regex-syntax-0.8.11,hir::literal::tests::class,success,50.789,0.563726897,0,0.563726897,0.563726897,0.563726897,1,2026-10-05T19:50:02Z,2189874.0
parse-patch-bsan,regex-syntax-0.8.11,hir::literal::tests::concat,success,50.789,0.7876910100000001,0,0.7876910100000001,0.7876910100000001,0.7876910100000001,1,2026-10-05T19:50:03Z,2189874.0
parse-patch-bsan,regex-syntax-0.8.11,hir::literal::tests::crazy_repeats,success,50.789,0.96065484,0,0.96065484,0.96065484,0.96065484,1,2026-10-05T19:50:05Z,2189874.0
parse-patch-bsan,regex-syntax-0.8.11,hir::literal::tests::empty,success,50.789,0.5796612050000001,0,0.5796612050000001,0.5796612050000001,0.5796612050000001,1,2026-10-05T19:50:06Z,2189874.0
parse-patch-bsan,regex-syntax-0.8.11,hir::literal::tests::holmes,success,50.789,1.262877678,0,1.262877678,1.262877678,1.262877678,1,2026-10-05T19:50:09Z,2189874.0
parse-patch-bsan,regex-syntax-0.8.11,hir::literal::tests::holmes_alt,success,50.789,4.826373594,0,4.826373594,4.826373594,4.826373594,1,2026-10-05T19:50:18Z,2189874.0
parse-patch-bsan,regex-syntax-0.8.11,hir::literal::tests::huge,success,50.789,115.020345405,0,115.020345405,115.020345405,115.020345405,1,2026-10-05T19:54:08Z,2189874.0
parse-patch-bsan,regex-syntax-0.8.11,hir::literal::tests::impossible,success,50.789,1.009611057,0,1.009611057,1.009611057,1.009611057,1,2026-10-05T19:54:10Z,2189874.0
parse-patch-bsan,regex-syntax-0.8.11,hir::literal::tests::literal,success,50.789,1.0284579090000001,0,1.0284579090000001,1.0284579090000001,1.0284579090000001,1,2026-10-05T19:54:12Z,2189874.0
parse-patch-bsan,regex-syntax-0.8.11,hir::literal::tests::look,success,50.789,1.369745503,0,1.369745503,1.369745503,1.369745503,1,2026-10-05T19:54:15Z,2189874.0
parse-patch-bsan,regex-syntax-0.8.11,hir::literal::tests::odds_and_ends,success,50.789,1.51273184,0,1.51273184,1.51273184,1.51273184,1,2026-10-05T19:54:18Z,2189874.0
parse-patch-bsan,regex-syntax-0.8.11,hir::literal::tests::optimize,success,50.789,0.517554747,0,0.517554747,0.517554747,0.517554747,1,2026-10-05T19:54:19Z,2189874.0
parse-patch-bsan,regex-syntax-0.8.11,hir::literal::tests::repetition,success,50.789,1.89180598,0,1.89180598,1.89180598,1.89180598,1,2026-10-05T19:54:23Z,2189874.0
parse-patch-bsan,regex-syntax-0.8.11,hir::print::tests::print_alternation,success,50.789,0.8719139130000001,0,0.8719139130000001,0.8719139130000001,0.8719139130000001,1,2026-10-05T19:54:25Z,2189874.0
parse-patch-bsan,regex-syntax-0.8.11,hir::print::tests::print_anchor,success,50.789,0.469857358,0,0.469857358,0.469857358,0.469857358,1,2026-10-05T19:54:26Z,2189874.0
parse-patch-bsan,regex-syntax-0.8.11,hir::print::tests::print_class,success,50.789,1.024881642,0,1.024881642,1.024881642,1.024881642,1,2026-10-05T19:54:28Z,2189874.0
parse-patch-bsan,regex-syntax-0.8.11,hir::print::tests::print_group,success,50.789,0.6027659350000001,0,0.6027659350000001,0.6027659350000001,0.6027659350000001,1,2026-10-05T19:54:29Z,2189874.0
parse-patch-bsan,regex-syntax-0.8.11,hir::print::tests::print_literal,success,50.789,0.5328775130000001,0,0.5328775130000001,0.5328775130000001,0.5328775130000001,1,2026-10-05T19:54:30Z,2189874.0
parse-patch-bsan,regex-syntax-0.8.11,hir::print::tests::print_repetition,success,50.789,0.9060723770000001,0,0.9060723770000001,0.9060723770000001,0.9060723770000001,1,2026-10-05T19:54:32Z,2189874.0
parse-patch-bsan,regex-syntax-0.8.11,hir::print::tests::print_word_boundary,success,50.789,0.492781234,0,0.492781234,0.492781234,0.492781234,1,2026-10-05T19:54:33Z,2189874.0
parse-patch-bsan,regex-syntax-0.8.11,hir::print::tests::regression_alternation_concat,success,50.789,0.44071324,0,0.44071324,0.44071324,0.44071324,1,2026-10-05T19:54:34Z,2189874.0
parse-patch-bsan,regex-syntax-0.8.11,hir::print::tests::regression_repetition_alternation,success,50.789,0.43079524700000005,0,0.43079524700000005,0.43079524700000005,0.43079524700000005,1,2026-10-05T19:54:34Z,2189874.0
parse-patch-bsan,regex-syntax-0.8.11,hir::print::tests::regression_repetition_concat,success,50.789,0.42846917900000003,0,0.42846917900000003,0.42846917900000003,0.42846917900000003,1,2026-10-05T19:54:35Z,2189874.0
parse-patch-bsan,regex-syntax-0.8.11,hir::tests::class_canonicalize_bytes,success,50.789,0.42278449500000004,0,0.42278449500000004,0.42278449500000004,0.42278449500000004,1,2026-10-05T19:54:36Z,2189874.0
parse-patch-bsan,regex-syntax-0.8.11,hir::tests::class_canonicalize_unicode,success,50.789,0.427788553,0,0.427788553,0.427788553,0.427788553,1,2026-10-05T19:54:37Z,2189874.0
parse-patch-bsan,regex-syntax-0.8.11,hir::tests::class_case_fold_bytes,success,50.789,0.45474635300000005,0,0.45474635300000005,0.45474635300000005,0.45474635300000005,1,2026-10-05T19:54:38Z,2189874.0
parse-patch-bsan,regex-syntax-0.8.11,hir::tests::class_case_fold_unicode,success,50.789,0.501632403,0,0.501632403,0.501632403,0.501632403,1,2026-10-05T19:54:39Z,2189874.0
parse-patch-bsan,regex-syntax-0.8.11,hir::tests::class_difference_bytes,success,50.789,0.447764137,0,0.447764137,0.447764137,0.447764137,1,2026-10-05T19:54:40Z,2189874.0
parse-patch-bsan,regex-syntax-0.8.11,hir::tests::class_difference_unicode,success,50.789,0.44787544,0,0.44787544,0.44787544,0.44787544,1,2026-10-05T19:54:41Z,2189874.0
parse-patch-bsan,regex-syntax-0.8.11,hir::tests::class_intersect_bytes,success,50.789,0.44045192600000005,0,0.44045192600000005,0.44045192600000005,0.44045192600000005,1,2026-10-05T19:54:42Z,2189874.0
parse-patch-bsan,regex-syntax-0.8.11,hir::tests::class_intersect_unicode,success,50.789,0.444960316,0,0.444960316,0.444960316,0.444960316,1,2026-10-05T19:54:43Z,2189874.0
parse-patch-bsan,regex-syntax-0.8.11,hir::tests::class_negate_bytes,success,50.789,0.46180179800000004,0,0.46180179800000004,0.46180179800000004,0.46180179800000004,1,2026-10-05T19:54:44Z,2189874.0
parse-patch-bsan,regex-syntax-0.8.11,hir::tests::class_negate_unicode,success,50.789,0.45789179900000004,0,0.45789179900000004,0.45789179900000004,0.45789179900000004,1,2026-10-05T19:54:45Z,2189874.0
parse-patch-bsan,regex-syntax-0.8.11,hir::tests::class_range_canonical_bytes,success,50.789,0.48037537,0,0.48037537,0.48037537,0.48037537,1,2026-10-05T19:54:46Z,2189874.0
parse-patch-bsan,regex-syntax-0.8.11,hir::tests::class_range_canonical_unicode,success,50.789,0.474697992,0,0.474697992,0.474697992,0.474697992,1,2026-10-05T19:54:47Z,2189874.0
parse-patch-bsan,regex-syntax-0.8.11,hir::tests::class_symmetric_difference_bytes,success,50.789,0.45789978200000003,0,0.45789978200000003,0.45789978200000003,0.45789978200000003,1,2026-10-05T19:54:48Z,2189874.0
parse-patch-bsan,regex-syntax-0.8.11,hir::tests::class_symmetric_difference_unicode,success,50.789,0.44486904000000005,0,0.44486904000000005,0.44486904000000005,0.44486904000000005,1,2026-10-05T19:54:49Z,2189874.0
parse-patch-bsan,regex-syntax-0.8.11,hir::tests::class_union_bytes,success,50.789,0.44379268000000005,0,0.44379268000000005,0.44379268000000005,0.44379268000000005,1,2026-10-05T19:54:50Z,2189874.0
parse-patch-bsan,regex-syntax-0.8.11,hir::tests::class_union_unicode,success,50.789,0.43369690200000005,0,0.43369690200000005,0.43369690200000005,0.43369690200000005,1,2026-10-05T19:54:50Z,2189874.0
parse-patch-bsan,regex-syntax-0.8.11,hir::tests::look_set_debug,success,50.789,0.435631547,0,0.435631547,0.435631547,0.435631547,1,2026-10-05T19:54:51Z,2189874.0
parse-patch-bsan,regex-syntax-0.8.11,hir::tests::look_set_iter,success,50.789,0.42481283000000003,0,0.42481283000000003,0.42481283000000003,0.42481283000000003,1,2026-10-05T19:54:52Z,2189874.0
parse-patch-bsan,regex-syntax-0.8.11,hir::tests::no_stack_overflow_on_drop,test_failed,50.789,,,,,,1,2026-10-05T19:54:53Z,2189874.0
parse-patch-bsan,regex-syntax-0.8.11,hir::translate::tests::analysis_can_empty,success,50.789,2.4677199,0,2.4677199,2.4677199,2.4677199,1,2026-10-05T19:54:58Z,2189874.0
parse-patch-bsan,regex-syntax-0.8.11,hir::translate::tests::analysis_captures_len,success,50.789,0.61501855,0,0.61501855,0.61501855,0.61501855,1,2026-10-05T19:54:59Z,2189874.0
parse-patch-bsan,regex-syntax-0.8.11,hir::translate::tests::analysis_is_all_assertions,success,50.789,0.566925711,0,0.566925711,0.566925711,0.566925711,1,2026-10-05T19:55:00Z,2189874.0
parse-patch-bsan,regex-syntax-0.8.11,hir::translate::tests::analysis_is_alternation_literal,success,50.789,0.868762467,0,0.868762467,0.868762467,0.868762467,1,2026-10-05T19:55:02Z,2189874.0
parse-patch-bsan,regex-syntax-0.8.11,hir::translate::tests::analysis_is_anchored,success,50.789,1.086701406,0,1.086701406,1.086701406,1.086701406,1,2026-10-05T19:55:04Z,2189874.0
parse-patch-bsan,regex-syntax-0.8.11,hir::translate::tests::analysis_is_any_anchored,success,50.789,0.5078305630000001,0,0.5078305630000001,0.5078305630000001,0.5078305630000001,1,2026-10-05T19:55:05Z,2189874.0
parse-patch-bsan,regex-syntax-0.8.11,hir::translate::tests::analysis_is_literal,success,50.789,0.6156484640000001,0,0.6156484640000001,0.6156484640000001,0.6156484640000001,1,2026-10-05T19:55:06Z,2189874.0
parse-patch-bsan,regex-syntax-0.8.11,hir::translate::tests::analysis_is_utf8,success,50.789,0.6157230140000001,0,0.6157230140000001,0.6157230140000001,0.6157230140000001,1,2026-10-05T19:55:08Z,2189874.0
parse-patch-bsan,regex-syntax-0.8.11,hir::translate::tests::analysis_look_set_prefix_any,success,50.789,0.526713746,0,0.526713746,0.526713746,0.526713746,1,2026-10-05T19:55:09Z,2189874.0
parse-patch-bsan,regex-syntax-0.8.11,hir::translate::tests::analysis_static_captures_len,success,50.789,1.376775388,0,1.376775388,1.376775388,1.376775388,1,2026-10-05T19:55:12Z,2189874.0
parse-patch-bsan,regex-syntax-0.8.11,hir::translate::tests::assertions,success,50.789,0.5126907030000001,0,0.5126907030000001,0.5126907030000001,0.5126907030000001,1,2026-10-05T19:55:13Z,2189874.0
parse-patch-bsan,regex-syntax-0.8.11,hir::translate::tests::cat_alt,success,50.789,0.6919098720000001,0,0.6919098720000001,0.6919098720000001,0.6919098720000001,1,2026-10-05T19:55:14Z,2189874.0
parse-patch-bsan,regex-syntax-0.8.11,hir::translate::tests::cat_class_flattened,success,50.789,26.180772916,0,26.180772916,26.180772916,26.180772916,1,2026-10-05T19:56:06Z,2189874.0
parse-patch-bsan,regex-syntax-0.8.11,hir::translate::tests::class_ascii,success,50.789,0.681772459,0,0.681772459,0.681772459,0.681772459,1,2026-10-05T19:56:08Z,2189874.0
parse-patch-bsan,regex-syntax-0.8.11,hir::translate::tests::class_ascii_multiple,success,50.789,0.5186079490000001,0,0.5186079490000001,0.5186079490000001,0.5186079490000001,1,2026-10-05T19:56:09Z,2189874.0
parse-patch-bsan,regex-syntax-0.8.11,hir::translate::tests::class_bracketed,success,50.789,67.853662231,0,67.853662231,67.853662231,67.853662231,1,2026-10-05T19:58:23Z,2189874.0
parse-patch-bsan,regex-syntax-0.8.11,hir::translate::tests::class_bracketed_difference,success,50.789,6.82957412,0,6.82957412,6.82957412,6.82957412,1,2026-10-05T19:58:37Z,2189874.0
parse-patch-bsan,regex-syntax-0.8.11,hir::translate::tests::class_bracketed_intersect,success,50.789,1.495695822,0,1.495695822,1.495695822,1.495695822,1,2026-10-05T19:58:40Z,2189874.0
parse-patch-bsan,regex-syntax-0.8.11,hir::translate::tests::class_bracketed_intersect_negate,success,50.789,27.846259492,0,27.846259492,27.846259492,27.846259492,1,2026-10-05T19:59:36Z,2189874.0
parse-patch-bsan,regex-syntax-0.8.11,hir::translate::tests::class_bracketed_nested,success,50.789,873.686521987,0,873.686521987,873.686521987,873.686521987,1,2026-10-05T20:28:45Z,2189874.0
parse-patch-bsan,regex-syntax-0.8.11,hir::translate::tests::class_bracketed_symmetric_difference,success,50.789,0.7076613390000001,0,0.7076613390000001,0.7076613390000001,0.7076613390000001,1,2026-10-05T20:28:48Z,2189874.0
parse-patch-bsan,regex-syntax-0.8.11,hir::translate::tests::class_bracketed_union,success,50.789,185.543869853,0,185.543869853,185.543869853,185.543869853,1,2026-10-05T20:35:00Z,2189874.0
parse-patch-bsan,regex-syntax-0.8.11,hir::translate::tests::class_perl_ascii,success,50.789,0.6958393620000001,0,0.6958393620000001,0.6958393620000001,0.6958393620000001,1,2026-10-05T20:35:01Z,2189874.0
parse-patch-bsan,regex-syntax-0.8.11,hir::translate::tests::class_perl_unicode,success,50.789,20.255584966,0,20.255584966,20.255584966,20.255584966,1,2026-10-05T20:35:42Z,2189874.0
parse-patch-bsan,regex-syntax-0.8.11,hir::translate::tests::class_unicode_age,success,50.789,0.471725029,0,0.471725029,0.471725029,0.471725029,1,2026-10-05T20:35:43Z,2189874.0
parse-patch-bsan,regex-syntax-0.8.11,hir::translate::tests::class_unicode_any_empty,success,50.789,0.43586037400000005,0,0.43586037400000005,0.43586037400000005,0.43586037400000005,1,2026-10-05T20:35:44Z,2189874.0
parse-patch-bsan,regex-syntax-0.8.11,hir::translate::tests::class_unicode_gencat,success,50.789,16.722684248,0,16.722684248,16.722684248,16.722684248,1,2026-10-05T20:36:17Z,2189874.0
parse-patch-bsan,regex-syntax-0.8.11,hir::translate::tests::class_unicode_script,success,50.789,4.554577433,0,4.554577433,4.554577433,4.554577433,1,2026-10-05T20:36:27Z,2189874.0
parse-patch-bsan,regex-syntax-0.8.11,hir::translate::tests::dot,success,50.789,0.547663538,0,0.547663538,0.547663538,0.547663538,1,2026-10-05T20:36:28Z,2189874.0
parse-patch-bsan,regex-syntax-0.8.11,hir::translate::tests::empty,success,50.789,0.599811577,0,0.599811577,0.599811577,0.599811577,1,2026-10-05T20:36:29Z,2189874.0
parse-patch-bsan,regex-syntax-0.8.11,hir::translate::tests::escape,success,50.789,0.487699429,0,0.487699429,0.487699429,0.487699429,1,2026-10-05T20:36:30Z,2189874.0
parse-patch-bsan,regex-syntax-0.8.11,hir::translate::tests::flags,success,50.789,0.7237968530000001,0,0.7237968530000001,0.7237968530000001,0.7237968530000001,1,2026-10-05T20:36:31Z,2189874.0
parse-patch-bsan,regex-syntax-0.8.11,hir::translate::tests::group,success,50.789,0.660950618,0,0.660950618,0.660950618,0.660950618,1,2026-10-05T20:36:33Z,2189874.0
parse-patch-bsan,regex-syntax-0.8.11,hir::translate::tests::ignore_whitespace,success,50.789,0.67468013,0,0.67468013,0.67468013,0.67468013,1,2026-10-05T20:36:34Z,2189874.0
parse-patch-bsan,regex-syntax-0.8.11,hir::translate::tests::line_anchors,success,50.789,0.582782785,0,0.582782785,0.582782785,0.582782785,1,2026-10-05T20:36:35Z,2189874.0
parse-patch-bsan,regex-syntax-0.8.11,hir::translate::tests::literal,success,50.789,0.544787196,0,0.544787196,0.544787196,0.544787196,1,2026-10-05T20:36:36Z,2189874.0
parse-patch-bsan,regex-syntax-0.8.11,hir::translate::tests::literal_case_insensitive,success,50.789,0.6888317850000001,0,0.6888317850000001,0.6888317850000001,0.6888317850000001,1,2026-10-05T20:36:38Z,2189874.0
parse-patch-bsan,regex-syntax-0.8.11,hir::translate::tests::regression_alt_empty_concat,success,50.789,0.423717926,0,0.423717926,0.423717926,0.423717926,1,2026-10-05T20:36:39Z,2189874.0
parse-patch-bsan,regex-syntax-0.8.11,hir::translate::tests::regression_empty_alt,success,50.789,0.42392795000000005,0,0.42392795000000005,0.42392795000000005,0.42392795000000005,1,2026-10-05T20:36:39Z,2189874.0
parse-patch-bsan,regex-syntax-0.8.11,hir::translate::tests::regression_fuzz_char_decrement1,success,50.789,1.665615831,0,1.665615831,1.665615831,1.665615831,1,2026-10-05T20:36:43Z,2189874.0
parse-patch-bsan,regex-syntax-0.8.11,hir::translate::tests::regression_fuzz_difference1,success,50.789,21.496616683,0,21.496616683,21.496616683,21.496616683,1,2026-10-05T20:37:26Z,2189874.0
parse-patch-bsan,regex-syntax-0.8.11,hir::translate::tests::regression_fuzz_match,success,50.789,0.429763188,0,0.429763188,0.429763188,0.429763188,1,2026-10-05T20:37:27Z,2189874.0
parse-patch-bsan,regex-syntax-0.8.11,hir::translate::tests::regression_singleton_alt,success,50.789,0.379926321,0,0.379926321,0.379926321,0.379926321,1,2026-10-05T20:37:28Z,2189874.0
parse-patch-bsan,regex-syntax-0.8.11,hir::translate::tests::repetition,success,50.789,0.5157346420000001,0,0.5157346420000001,0.5157346420000001,0.5157346420000001,1,2026-10-05T20:37:29Z,2189874.0
parse-patch-bsan,regex-syntax-0.8.11,hir::translate::tests::smart_alternation,success,50.789,0.8906807320000001,0,0.8906807320000001,0.8906807320000001,0.8906807320000001,1,2026-10-05T20:37:30Z,2189874.0
parse-patch-bsan,regex-syntax-0.8.11,hir::translate::tests::smart_concat,success,50.789,0.602808574,0,0.602808574,0.602808574,0.602808574,1,2026-10-05T20:37:32Z,2189874.0
parse-patch-bsan,regex-syntax-0.8.11,hir::translate::tests::smart_repetition,success,50.789,0.44705848400000003,0,0.44705848400000003,0.44705848400000003,0.44705848400000003,1,2026-10-05T20:37:33Z,2189874.0
parse-patch-bsan,regex-syntax-0.8.11,tests::escape_meta,success,50.789,0.42183511700000004,0,0.42183511700000004,0.42183511700000004,0.42183511700000004,1,2026-10-05T20:37:34Z,2189874.0
parse-patch-bsan,regex-syntax-0.8.11,tests::word_byte,success,50.789,0.41649962500000004,0,0.41649962500000004,0.41649962500000004,0.41649962500000004,1,2026-10-05T20:37:34Z,2189874.0
parse-patch-bsan,regex-syntax-0.8.11,tests::word_char,success,50.789,0.418531313,0,0.418531313,0.418531313,0.418531313,1,2026-10-05T20:37:35Z,2189874.0
parse-patch-bsan,regex-syntax-0.8.11,unicode::tests::range_contains,success,50.789,0.42460755800000005,0,0.42460755800000005,0.42460755800000005,0.42460755800000005,1,2026-10-05T20:37:36Z,2189874.0
parse-patch-bsan,regex-syntax-0.8.11,unicode::tests::regression_466,success,50.789,0.45279560300000005,0,0.45279560300000005,0.45279560300000005,0.45279560300000005,1,2026-10-05T20:37:37Z,2189874.0
parse-patch-bsan,regex-syntax-0.8.11,unicode::tests::simple_fold_a,success,50.789,0.45165138200000005,0,0.45165138200000005,0.45165138200000005,0.45165138200000005,1,2026-10-05T20:37:38Z,2189874.0
parse-patch-bsan,regex-syntax-0.8.11,unicode::tests::simple_fold_k,success,50.789,0.44779623,0,0.44779623,0.44779623,0.44779623,1,2026-10-05T20:37:39Z,2189874.0
parse-patch-bsan,regex-syntax-0.8.11,unicode::tests::sym_normalize,success,50.789,0.424860463,0,0.424860463,0.424860463,0.424860463,1,2026-10-05T20:37:40Z,2189874.0
parse-patch-bsan,regex-syntax-0.8.11,unicode::tests::valid_utf8_symbolic,success,50.789,0.40877889900000003,0,0.40877889900000003,0.40877889900000003,0.40877889900000003,1,2026-10-05T20:37:41Z,2189874.0
parse-patch-bsan,regex-syntax-0.8.11,utf8::tests::bmp,success,50.789,0.41779484600000005,0,0.41779484600000005,0.41779484600000005,0.41779484600000005,1,2026-10-05T20:37:42Z,2189874.0
parse-patch-bsan,regex-syntax-0.8.11,utf8::tests::codepoints_no_surrogates,success,50.789,21.119772462,0,21.119772462,21.119772462,21.119772462,1,2026-10-05T20:38:24Z,2189874.0
parse-patch-bsan,regex-syntax-0.8.11,utf8::tests::reverse,success,50.789,0.412631177,0,0.412631177,0.412631177,0.412631177,1,2026-10-05T20:38:25Z,2189874.0
parse-patch-bsan,regex-syntax-0.8.11,utf8::tests::single_codepoint_one_sequence,success,50.789,333.248968536,0,333.248968536,333.248968536,333.248968536,1,2026-10-05T20:49:29Z,2189874.0
parse-patch-bsan,cranelift-isle-0.136.2,__calibration__,calibration,25.109,0.688040018,0,0.688040018,0.688040018,0.688040018,1,2026-10-05T19:03:42Z,2189875.0
parse-patch-bsan,cranelift-isle-0.136.2,codegen::tests::formats_wrapped_signed_literals,success,25.109,0.697457647,0,0.697457647,0.697457647,0.697457647,1,2026-10-05T19:03:43Z,2189875.0
parse-patch-bsan,cranelift-isle-0.136.2,codegen::tests::formats_wrapped_unsigned_literals,success,25.109,0.7015282540000001,0,0.7015282540000001,0.7015282540000001,0.7015282540000001,1,2026-10-05T19:03:44Z,2189875.0
parse-patch-bsan,cranelift-isle-0.136.2,codegen::tests::preserves_positive_unsigned_literals,success,25.109,0.69341049,0,0.69341049,0.69341049,0.69341049,1,2026-10-05T19:03:46Z,2189875.0
parse-patch-bsan,cranelift-isle-0.136.2,files::tests::line_map,success,25.109,0.720115091,0,0.720115091,0.720115091,0.720115091,1,2026-10-05T19:03:47Z,2189875.0
parse-patch-bsan,cranelift-isle-0.136.2,lexer::test::ends_with_num,success,25.109,0.6900911940000001,0,0.6900911940000001,0.6900911940000001,0.6900911940000001,1,2026-10-05T19:03:49Z,2189875.0
parse-patch-bsan,cranelift-isle-0.136.2,lexer::test::ends_with_sym,success,25.109,0.6867162800000001,0,0.6867162800000001,0.6867162800000001,0.6867162800000001,1,2026-10-05T19:03:50Z,2189875.0
parse-patch-bsan,cranelift-isle-0.136.2,lexer::test::integers,success,25.109,0.7280548410000001,0,0.7280548410000001,0.7280548410000001,0.7280548410000001,1,2026-10-05T19:03:52Z,2189875.0
parse-patch-bsan,cranelift-isle-0.136.2,lexer::test::lexer_basic,success,25.109,0.6918533760000001,0,0.6918533760000001,0.6918533760000001,0.6918533760000001,1,2026-10-05T19:03:53Z,2189875.0
parse-patch-bsan,cranelift-isle-0.136.2,lexer::test::weird_syms,success,25.109,0.6910094870000001,0,0.6910094870000001,0.6910094870000001,0.6910094870000001,1,2026-10-05T19:03:54Z,2189875.0
parse-patch-bsan,cranelift-isle-0.136.2,sema::test::build_type_env,success,25.109,0.7617467250000001,0,0.7617467250000001,0.7617467250000001,0.7617467250000001,1,2026-10-05T19:03:56Z,2189875.0
parse-patch-bsan,cranelift-isle-0.136.2,serialize::tests::test_group_mut,success,25.109,0.6859359180000001,0,0.6859359180000001,0.6859359180000001,0.6859359180000001,1,2026-10-05T19:03:57Z,2189875.0
parse-patch-bsan,cranelift-isle-0.136.2,test_run_fail_bad_converters,success,25.109,0.8753671080000001,0,0.8753671080000001,0.8753671080000001,0.8753671080000001,1,2026-10-05T19:03:59Z,2189875.0
parse-patch-bsan,cranelift-isle-0.136.2,test_run_fail_bound_var_type_mismatch,success,25.109,0.7948477060000001,0,0.7948477060000001,0.7948477060000001,0.7948477060000001,1,2026-10-05T19:04:01Z,2189875.0
parse-patch-bsan,cranelift-isle-0.136.2,test_run_fail_converter_extractor_constructor,success,25.109,2.410937578,0,2.410937578,2.410937578,2.410937578,1,2026-10-05T19:04:05Z,2189875.0
parse-patch-bsan,cranelift-isle-0.136.2,test_run_fail_error1,success,25.109,1.031644448,0,1.031644448,1.031644448,1.031644448,1,2026-10-05T19:04:08Z,2189875.0
parse-patch-bsan,cranelift-isle-0.136.2,test_run_fail_extra_parens,success,25.109,0.8414426410000001,0,0.8414426410000001,0.8414426410000001,0.8414426410000001,1,2026-10-05T19:04:09Z,2189875.0
parse-patch-bsan,cranelift-isle-0.136.2,test_run_fail_impure_expression,success,25.109,0.839031013,0,0.839031013,0.839031013,0.839031013,1,2026-10-05T19:04:11Z,2189875.0
parse-patch-bsan,cranelift-isle-0.136.2,test_run_fail_impure_rhs,success,25.109,0.9442275010000001,0,0.9442275010000001,0.9442275010000001,0.9442275010000001,1,2026-10-05T19:04:13Z,2189875.0
parse-patch-bsan,cranelift-isle-0.136.2,test_run_fail_multi_internal_etor,success,25.109,0.7481439360000001,0,0.7481439360000001,0.7481439360000001,0.7481439360000001,1,2026-10-05T19:04:14Z,2189875.0
parse-patch-bsan,cranelift-isle-0.136.2,test_run_fail_multi_prio,success,25.109,0.7774497570000001,0,0.7774497570000001,0.7774497570000001,0.7774497570000001,1,2026-10-05T19:04:16Z,2189875.0
parse-patch-bsan,cranelift-isle-0.136.2,test_run_fail_recursion_cycle,success,25.109,1.189297392,0,1.189297392,1.189297392,1.189297392,1,2026-10-05T19:04:18Z,2189875.0
parse-patch-bsan,cranelift-isle-0.136.2,test_run_fail_recursion_direct,success,25.109,0.8613107480000001,0,0.8613107480000001,0.8613107480000001,0.8613107480000001,1,2026-10-05T19:04:20Z,2189875.0
parse-patch-bsan,cranelift-isle-0.136.2,test_run_link_borrows,success,25.109,1.461162055,0,1.461162055,1.461162055,1.461162055,1,2026-10-05T19:04:23Z,2189875.0
parse-patch-bsan,cranelift-isle-0.136.2,test_run_link_convert_partial_borrows,success,25.109,1.812794158,0,1.812794158,1.812794158,1.812794158,1,2026-10-05T19:04:27Z,2189875.0
parse-patch-bsan,cranelift-isle-0.136.2,test_run_link_iflets,success,25.109,2.427574821,0,2.427574821,2.427574821,2.427574821,1,2026-10-05T19:04:31Z,2189875.0
parse-patch-bsan,cranelift-isle-0.136.2,test_run_link_multi_constructor,success,25.109,1.314837217,0,1.314837217,1.314837217,1.314837217,1,2026-10-05T19:04:34Z,2189875.0
parse-patch-bsan,cranelift-isle-0.136.2,test_run_link_multi_extractor,success,25.109,1.240065475,0,1.240065475,1.240065475,1.240065475,1,2026-10-05T19:04:37Z,2189875.0
parse-patch-bsan,cranelift-isle-0.136.2,test_run_link_test,success,25.109,1.712881169,0,1.712881169,1.712881169,1.712881169,1,2026-10-05T19:04:40Z,2189875.0
parse-patch-bsan,cranelift-isle-0.136.2,test_run_pass_bound_var,success,25.109,0.8383404990000001,0,0.8383404990000001,0.8383404990000001,0.8383404990000001,1,2026-10-05T19:04:42Z,2189875.0
parse-patch-bsan,cranelift-isle-0.136.2,test_run_pass_construct_and_extract,success,25.109,1.4587028800000001,0,1.4587028800000001,1.4587028800000001,1.4587028800000001,1,2026-10-05T19:04:45Z,2189875.0
parse-patch-bsan,cranelift-isle-0.136.2,test_run_pass_conversions,success,25.109,2.121741847,0,2.121741847,2.121741847,2.121741847,1,2026-10-05T19:04:49Z,2189875.0
parse-patch-bsan,cranelift-isle-0.136.2,test_run_pass_conversions_extern,success,25.109,1.5327533340000001,0,1.5327533340000001,1.5327533340000001,1.5327533340000001,1,2026-10-05T19:04:52Z,2189875.0
parse-patch-bsan,cranelift-isle-0.136.2,test_run_pass_let,success,25.109,1.535388025,0,1.535388025,1.535388025,1.535388025,1,2026-10-05T19:04:55Z,2189875.0
parse-patch-bsan,cranelift-isle-0.136.2,test_run_pass_nodebug,success,25.109,0.769510464,0,0.769510464,0.769510464,0.769510464,1,2026-10-05T19:04:57Z,2189875.0
parse-patch-bsan,cranelift-isle-0.136.2,test_run_pass_prio_trie_bug,success,25.109,43.613836026,0,43.613836026,43.613836026,43.613836026,1,2026-10-05T19:06:19Z,2189875.0
parse-patch-bsan,cranelift-isle-0.136.2,test_run_pass_recursion,success,25.109,1.322969427,0,1.322969427,1.322969427,1.322969427,1,2026-10-05T19:06:22Z,2189875.0
parse-patch-bsan,cranelift-isle-0.136.2,test_run_pass_struct,success,25.109,1.239697009,0,1.239697009,1.239697009,1.239697009,1,2026-10-05T19:06:24Z,2189875.0
parse-patch-bsan,cranelift-isle-0.136.2,test_run_pass_test2,success,25.109,1.471753927,0,1.471753927,1.471753927,1.471753927,1,2026-10-05T19:06:27Z,2189875.0
parse-patch-bsan,cranelift-isle-0.136.2,test_run_pass_test3,success,25.109,10.027115195,0,10.027115195,10.027115195,10.027115195,1,2026-10-05T19:06:47Z,2189875.0
parse-patch-bsan,cranelift-isle-0.136.2,test_run_pass_test4,success,25.109,2.617254316,0,2.617254316,2.617254316,2.617254316,1,2026-10-05T19:06:52Z,2189875.0
parse-patch-bsan,cranelift-isle-0.136.2,test_run_pass_tutorial,success,25.109,32.42530822,0,32.42530822,32.42530822,32.42530822,1,2026-10-05T19:07:57Z,2189875.0
parse-patch-bsan,cranelift-isle-0.136.2,test_run_pass_veri_spec,success,25.109,2.036997431,0,2.036997431,2.036997431,2.036997431,1,2026-10-05T19:08:01Z,2189875.0
parse-patch-bsan,cranelift-isle-0.136.2,test_run_print_borrows,success,25.109,1.423224198,0,1.423224198,1.423224198,1.423224198,1,2026-10-05T19:08:04Z,2189875.0
parse-patch-bsan,cranelift-isle-0.136.2,test_run_print_bound_var,success,25.109,0.8002077830000001,0,0.8002077830000001,0.8002077830000001,0.8002077830000001,1,2026-10-05T19:08:06Z,2189875.0
parse-patch-bsan,cranelift-isle-0.136.2,test_run_print_construct_and_extract,success,25.109,1.654026314,0,1.654026314,1.654026314,1.654026314,1,2026-10-05T19:08:09Z,2189875.0
parse-patch-bsan,cranelift-isle-0.136.2,test_run_print_conversions,success,25.109,2.225731666,0,2.225731666,2.225731666,2.225731666,1,2026-10-05T19:08:13Z,2189875.0
parse-patch-bsan,cranelift-isle-0.136.2,test_run_print_conversions_extern,success,25.109,1.6096720850000001,0,1.6096720850000001,1.6096720850000001,1.6096720850000001,1,2026-10-05T19:08:17Z,2189875.0
parse-patch-bsan,cranelift-isle-0.136.2,test_run_print_convert_partial_borrows,success,25.109,1.6484590680000002,0,1.6484590680000002,1.6484590680000002,1.6484590680000002,1,2026-10-05T19:08:20Z,2189875.0
parse-patch-bsan,cranelift-isle-0.136.2,test_run_print_iconst,success,25.109,2.405047851,0,2.405047851,2.405047851,2.405047851,1,2026-10-05T19:08:25Z,2189875.0
parse-patch-bsan,cranelift-isle-0.136.2,test_run_print_iflets,success,25.109,2.238170642,0,2.238170642,2.238170642,2.238170642,1,2026-10-05T19:08:29Z,2189875.0
parse-patch-bsan,cranelift-isle-0.136.2,test_run_print_let,success,25.109,1.6284772,0,1.6284772,1.6284772,1.6284772,1,2026-10-05T19:08:32Z,2189875.0
parse-patch-bsan,cranelift-isle-0.136.2,test_run_print_let_shadowing,success,25.109,2.639070522,0,2.639070522,2.639070522,2.639070522,1,2026-10-05T19:08:38Z,2189875.0
parse-patch-bsan,cranelift-isle-0.136.2,test_run_print_multi_constructor,success,25.109,1.061032098,0,1.061032098,1.061032098,1.061032098,1,2026-10-05T19:08:40Z,2189875.0
parse-patch-bsan,cranelift-isle-0.136.2,test_run_print_multi_extractor,success,25.109,1.030476535,0,1.030476535,1.030476535,1.030476535,1,2026-10-05T19:08:42Z,2189875.0
parse-patch-bsan,cranelift-isle-0.136.2,test_run_print_nodebug,success,25.109,0.76887854,0,0.76887854,0.76887854,0.76887854,1,2026-10-05T19:08:43Z,2189875.0
parse-patch-bsan,cranelift-isle-0.136.2,test_run_print_prio_trie_bug,success,25.109,41.174397284,0,41.174397284,41.174397284,41.174397284,1,2026-10-05T19:10:06Z,2189875.0
parse-patch-bsan,cranelift-isle-0.136.2,test_run_print_recursion,success,25.109,1.234970344,0,1.234970344,1.234970344,1.234970344,1,2026-10-05T19:10:08Z,2189875.0
parse-patch-bsan,cranelift-isle-0.136.2,test_run_print_struct,success,25.109,1.247160437,0,1.247160437,1.247160437,1.247160437,1,2026-10-05T19:10:11Z,2189875.0
parse-patch-bsan,cranelift-isle-0.136.2,test_run_print_struct_test,success,25.109,0.9831565230000001,0,0.9831565230000001,0.9831565230000001,0.9831565230000001,1,2026-10-05T19:10:13Z,2189875.0
parse-patch-bsan,cranelift-isle-0.136.2,test_run_print_test,success,25.109,1.609623627,0,1.609623627,1.609623627,1.609623627,1,2026-10-05T19:10:16Z,2189875.0
parse-patch-bsan,cranelift-isle-0.136.2,test_run_print_test2,success,25.109,1.396920072,0,1.396920072,1.396920072,1.396920072,1,2026-10-05T19:10:19Z,2189875.0
parse-patch-bsan,cranelift-isle-0.136.2,test_run_print_test3,success,25.109,11.331336218,0,11.331336218,11.331336218,11.331336218,1,2026-10-05T19:10:41Z,2189875.0
parse-patch-bsan,cranelift-isle-0.136.2,test_run_print_test4,success,25.109,2.815383162,0,2.815383162,2.815383162,2.815383162,1,2026-10-05T19:10:47Z,2189875.0
parse-patch-bsan,cranelift-isle-0.136.2,test_run_print_tuple_variants,success,25.109,1.883393136,0,1.883393136,1.883393136,1.883393136,1,2026-10-05T19:10:51Z,2189875.0
parse-patch-bsan,cranelift-isle-0.136.2,test_run_print_tutorial,success,25.109,33.644234452,0,33.644234452,33.644234452,33.644234452,1,2026-10-05T19:11:58Z,2189875.0
parse-patch-bsan,cranelift-isle-0.136.2,test_run_print_veri_spec,success,25.109,3.025160417,0,3.025160417,3.025160417,3.025160417,1,2026-10-05T19:12:04Z,2189875.0
parse-patch-bsan,cranelift-isle-0.136.2,test_run_run_iconst,success,25.109,2.985486941,0,2.985486941,2.985486941,2.985486941,1,2026-10-05T19:12:09Z,2189875.0
parse-patch-bsan,cranelift-isle-0.136.2,test_run_run_let_shadowing,success,25.109,2.76622928,0,2.76622928,2.76622928,2.76622928,1,2026-10-05T19:12:15Z,2189875.0
parse-patch-bsan,cranelift-isle-0.136.2,test_run_run_struct_test,success,25.109,1.068724833,0,1.068724833,1.068724833,1.068724833,1,2026-10-05T19:12:17Z,2189875.0
parse-patch-bsan,cranelift-isle-0.136.2,test_run_run_tuple_variants,success,25.109,1.999588786,0,1.999588786,1.999588786,1.999588786,1,2026-10-05T19:12:21Z,2189875.0
parse-patch-bsan,deflate-1.0.0,__calibration__,calibration,9.628,0.299348025,0,0.299348025,0.299348025,0.299348025,1,2026-10-05T19:03:18Z,2189876.0
parse-patch-bsan,deflate-1.0.0,bit_reverse::test::test_bit_reverse,success,9.628,0.310760121,0,0.310760121,0.310760121,0.310760121,1,2026-10-05T19:03:18Z,2189876.0
parse-patch-bsan,deflate-1.0.0,bitstream::test::write_bits,success,9.628,0.31426544700000003,0,0.31426544700000003,0.31426544700000003,0.31426544700000003,1,2026-10-05T19:03:19Z,2189876.0
parse-patch-bsan,deflate-1.0.0,chained_hash_table::test::chained_hash,test_failed,9.628,,,,,,1,2026-10-05T19:07:42Z,2189876.0
parse-patch-bsan,deflate-1.0.0,chained_hash_table::test::initial_chains,test_failed,9.628,,,,,,1,2026-10-05T19:12:06Z,2189876.0
parse-patch-bsan,deflate-1.0.0,chained_hash_table::test::table_slide,test_failed,9.628,,,,,,1,2026-10-05T19:12:11Z,2189876.0
parse-patch-bsan,deflate-1.0.0,chained_hash_table::test::table_unique,test_failed,9.628,,,,,,1,2026-10-05T19:16:39Z,2189876.0
parse-patch-bsan,deflate-1.0.0,compress::test::fixed_data,test_failed,9.628,,,,,,1,2026-10-05T19:21:02Z,2189876.0
parse-patch-bsan,deflate-1.0.0,compress::test::fixed_example,test_failed,9.628,,,,,,1,2026-10-05T19:25:28Z,2189876.0
parse-patch-bsan,deflate-1.0.0,compress::test::fixed_string_file,test_failed,9.628,,,,,,1,2026-10-05T19:25:36Z,2189876.0
parse-patch-bsan,deflate-1.0.0,compress::test::fixed_string_mem,test_failed,9.628,,,,,,1,2026-10-05T19:29:58Z,2189876.0
parse-patch-bsan,deflate-1.0.0,huffman_lengths::test::padding,success,9.628,0.30149934700000003,0,0.30149934700000003,0.30149934700000003,0.30149934700000003,1,2026-10-05T19:30:05Z,2189876.0
parse-patch-bsan,deflate-1.0.0,huffman_table::test::extra_bits_distance,success,9.628,0.304962129,0,0.304962129,0.304962129,0.304962129,1,2026-10-05T19:30:06Z,2189876.0
parse-patch-bsan,deflate-1.0.0,huffman_table::test::make_table_fixed,success,9.628,0.8337265770000001,0,0.8337265770000001,0.8337265770000001,0.8337265770000001,1,2026-10-05T19:30:08Z,2189876.0
parse-patch-bsan,deflate-1.0.0,huffman_table::test::test_distance_code,success,9.628,0.31355708000000004,0,0.31355708000000004,0.31355708000000004,0.31355708000000004,1,2026-10-05T19:30:08Z,2189876.0
parse-patch-bsan,deflate-1.0.0,huffman_table::test::test_distance_extra_bits,success,9.628,0.309694073,0,0.309694073,0.309694073,0.309694073,1,2026-10-05T19:30:09Z,2189876.0
parse-patch-bsan,deflate-1.0.0,huffman_table::test::test_empty_table,success,9.628,0.31410857600000003,0,0.31410857600000003,0.31410857600000003,0.31410857600000003,1,2026-10-05T19:30:10Z,2189876.0
parse-patch-bsan,deflate-1.0.0,huffman_table::test::test_get_length_code,success,9.628,0.303668212,0,0.303668212,0.303668212,0.303668212,1,2026-10-05T19:30:10Z,2189876.0
parse-patch-bsan,deflate-1.0.0,huffman_table::test::test_length_table_fixed,success,9.628,0.319981031,0,0.319981031,0.319981031,0.319981031,1,2026-10-05T19:30:11Z,2189876.0
parse-patch-bsan,deflate-1.0.0,huffman_table::test::test_length_table_max_length,success,9.628,0.319923499,0,0.319923499,0.319923499,0.319923499,1,2026-10-05T19:30:12Z,2189876.0
parse-patch-bsan,deflate-1.0.0,input_buffer::test::buffer_add_full,success,9.628,0.303733411,0,0.303733411,0.303733411,0.303733411,1,2026-10-05T19:30:12Z,2189876.0
parse-patch-bsan,deflate-1.0.0,input_buffer::test::buffer_add_not_full,success,9.628,0.33132441100000004,0,0.33132441100000004,0.33132441100000004,0.33132441100000004,1,2026-10-05T19:30:13Z,2189876.0
parse-patch-bsan,deflate-1.0.0,input_buffer::test::slide,success,9.628,0.306113642,0,0.306113642,0.306113642,0.306113642,1,2026-10-05T19:30:13Z,2189876.0
parse-patch-bsan,deflate-1.0.0,length_encode::test::optimal_lengths,success,9.628,0.690550917,0,0.690550917,0.690550917,0.690550917,1,2026-10-05T19:30:15Z,2189876.0
parse-patch-bsan,deflate-1.0.0,length_encode::test::test_encode_lengths,success,9.628,1.284927224,0,1.284927224,1.284927224,1.284927224,1,2026-10-05T19:30:17Z,2189876.0
parse-patch-bsan,deflate-1.0.0,length_encode::test::test_lengths_from_frequencies,success,9.628,1.067362771,0,1.067362771,1.067362771,1.067362771,1,2026-10-05T19:30:20Z,2189876.0
parse-patch-bsan,deflate-1.0.0,lz77::test::border,test_failed,9.628,,,,,,1,2026-10-05T19:34:40Z,2189876.0
parse-patch-bsan,deflate-1.0.0,lz77::test::border_multiple_blocks,test_failed,9.628,,,,,,1,2026-10-05T19:39:08Z,2189876.0
parse-patch-bsan,deflate-1.0.0,lz77::test::buffer_fill,test_failed,9.628,,,,,,1,2026-10-05T19:39:11Z,2189876.0
parse-patch-bsan,deflate-1.0.0,lz77::test::compress_block_multiple_windows,test_failed,9.628,,,,,,1,2026-10-05T19:39:12Z,2189876.0
parse-patch-bsan,deflate-1.0.0,lz77::test::compress_block_status,test_failed,9.628,,,,,,1,2026-10-05T19:43:40Z,2189876.0
parse-patch-bsan,deflate-1.0.0,lz77::test::compress_long,test_failed,9.628,,,,,,1,2026-10-05T19:43:44Z,2189876.0
parse-patch-bsan,deflate-1.0.0,lz77::test::compress_short,test_failed,9.628,,,,,,1,2026-10-05T19:48:06Z,2189876.0
parse-patch-bsan,deflate-1.0.0,lz77::test::exact_window_size,test_failed,9.628,,,,,,1,2026-10-05T19:52:31Z,2189876.0
parse-patch-bsan,deflate-1.0.0,lz77::test::lazy,test_failed,9.628,,,,,,1,2026-10-05T19:56:55Z,2189876.0
parse-patch-bsan,deflate-1.0.0,lz77::test::multiple_inputs,test_failed,9.628,,,,,,1,2026-10-05T20:01:25Z,2189876.0
parse-patch-bsan,deflate-1.0.0,lz77::test::test_decompress_with_backbuffer,success,9.628,0.30987938200000004,0,0.30987938200000004,0.30987938200000004,0.30987938200000004,1,2026-10-05T20:01:34Z,2189876.0
parse-patch-bsan,deflate-1.0.0,lzvalue::test::lzvalue,success,9.628,2.052554805,0,2.052554805,2.052554805,2.052554805,1,2026-10-05T20:01:38Z,2189876.0
parse-patch-bsan,deflate-1.0.0,matching::test::get_longest_match,test_failed,9.628,,,,,,1,2026-10-05T20:06:05Z,2189876.0
parse-patch-bsan,deflate-1.0.0,matching::test::match_index_zero,test_failed,9.628,,,,,,1,2026-10-05T20:10:35Z,2189876.0
parse-patch-bsan,deflate-1.0.0,matching::test::match_length,success,9.628,0.311057652,0,0.311057652,0.311057652,0.311057652,1,2026-10-05T20:10:44Z,2189876.0
parse-patch-bsan,deflate-1.0.0,output_writer::test::array_bounds,success,9.628,8.702393205,0,8.702393205,8.702393205,8.702393205,1,2026-10-05T20:11:01Z,2189876.0
parse-patch-bsan,deflate-1.0.0,rle::test::rle_compress,success,9.628,0.31160940600000003,0,0.31160940600000003,0.31160940600000003,0.31160940600000003,1,2026-10-05T20:11:02Z,2189876.0
parse-patch-bsan,deflate-1.0.0,stored_block::test::no_compression_multiple_chunks,success,9.628,0.31557524800000003,0,0.31557524800000003,0.31557524800000003,0.31557524800000003,1,2026-10-05T20:11:03Z,2189876.0
parse-patch-bsan,deflate-1.0.0,stored_block::test::no_compression_one_chunk,success,9.628,0.30688380000000004,0,0.30688380000000004,0.30688380000000004,0.30688380000000004,1,2026-10-05T20:11:03Z,2189876.0
parse-patch-bsan,deflate-1.0.0,stored_block::test::no_compression_string,success,9.628,0.313469125,0,0.313469125,0.313469125,0.313469125,1,2026-10-05T20:11:04Z,2189876.0
parse-patch-bsan,deflate-1.0.0,test::deflate_short,test_failed,9.628,,,,,,1,2026-10-05T20:15:25Z,2189876.0
parse-patch-bsan,deflate-1.0.0,test::dynamic_string_file,test_failed,9.628,,,,,,1,2026-10-05T20:15:34Z,2189876.0
parse-patch-bsan,deflate-1.0.0,test::dynamic_string_mem,test_failed,9.628,,,,,,1,2026-10-05T20:19:53Z,2189876.0
parse-patch-bsan,deflate-1.0.0,test::empty_input,test_failed,9.628,,,,,,1,2026-10-05T20:24:17Z,2189876.0
parse-patch-bsan,deflate-1.0.0,test::file_rle,test_failed,9.628,,,,,,1,2026-10-05T20:24:20Z,2189876.0
parse-patch-bsan,deflate-1.0.0,test::file_zlib,test_failed,9.628,,,,,,1,2026-10-05T20:24:20Z,2189876.0
parse-patch-bsan,deflate-1.0.0,test::frequency_overflow,test_failed,9.628,,,,,,1,2026-10-05T20:28:39Z,2189876.0
parse-patch-bsan,deflate-1.0.0,test::one_and_two_values,test_failed,9.628,,,,,,1,2026-10-05T20:33:12Z,2189876.0
parse-patch-bsan,deflate-1.0.0,test::zlib_last_block,test_failed,9.628,,,,,,1,2026-10-05T20:37:33Z,2189876.0
parse-patch-bsan,deflate-1.0.0,test::zlib_short,test_failed,9.628,,,,,,1,2026-10-05T20:41:54Z,2189876.0
parse-patch-bsan,deflate-1.0.0,writer::test::deflate_writer,test_failed,9.628,,,,,,1,2026-10-05T20:41:59Z,2189876.0
parse-patch-bsan,deflate-1.0.0,writer::test::issue_18,test_failed,9.628,,,,,,1,2026-10-05T20:46:22Z,2189876.0
parse-patch-bsan,deflate-1.0.0,writer::test::writer_reset,test_failed,9.628,,,,,,1,2026-10-05T20:46:31Z,2189876.0
parse-patch-bsan,deflate-1.0.0,writer::test::writer_reset_zlib,test_failed,9.628,,,,,,1,2026-10-05T20:46:31Z,2189876.0
parse-patch-bsan,deflate-1.0.0,writer::test::writer_sync,test_failed,9.628,,,,,,1,2026-10-05T20:46:31Z,2189876.0
parse-patch-bsan,deflate-1.0.0,writer::test::writer_sync_multiple,test_failed,9.628,,,,,,1,2026-10-05T20:46:32Z,2189876.0
parse-patch-bsan,deflate-1.0.0,writer::test::zlib_writer,test_failed,9.628,,,,,,1,2026-10-05T20:46:32Z,2189876.0
parse-patch-bsan,deflate-1.0.0,zlib::test::test_gen_fcheck,success,9.628,0.307056129,0,0.307056129,0.307056129,0.307056129,1,2026-10-05T20:46:33Z,2189876.0
parse-patch-bsan,deflate-1.0.0,zlib::test::test_header,success,9.628,0.308365889,0,0.308365889,0.308365889,0.308365889,1,2026-10-05T20:46:33Z,2189876.0
parse-patch-bsan,rustc-demangle-0.1.28,__calibration__,calibration,7.258,0.306520491,0,0.306520491,0.306520491,0.306520491,1,2026-10-05T19:03:15Z,2189877.0
parse-patch-bsan,rustc-demangle-0.1.28,legacy::tests::demangle,success,7.258,0.30182248700000003,0,0.30182248700000003,0.30182248700000003,0.30182248700000003,1,2026-10-05T19:03:16Z,2189877.0
parse-patch-bsan,rustc-demangle-0.1.28,legacy::tests::demangle_dollars,success,7.258,0.309431454,0,0.309431454,0.309431454,0.309431454,1,2026-10-05T19:03:16Z,2189877.0
parse-patch-bsan,rustc-demangle-0.1.28,legacy::tests::demangle_elements_beginning_with_underscore,success,7.258,0.329392923,0,0.329392923,0.329392923,0.329392923,1,2026-10-05T19:03:17Z,2189877.0
parse-patch-bsan,rustc-demangle-0.1.28,legacy::tests::demangle_ignores_suffix_that_doesnt_look_like_a_symbol,success,7.258,0.295810909,0,0.295810909,0.295810909,0.295810909,1,2026-10-05T19:03:18Z,2189877.0
parse-patch-bsan,rustc-demangle-0.1.28,legacy::tests::demangle_issue_60925,success,7.258,0.305852671,0,0.305852671,0.305852671,0.305852671,1,2026-10-05T19:03:18Z,2189877.0
parse-patch-bsan,rustc-demangle-0.1.28,legacy::tests::demangle_llvm_ir_branch_labels,success,7.258,0.326078166,0,0.326078166,0.326078166,0.326078166,1,2026-10-05T19:03:19Z,2189877.0
parse-patch-bsan,rustc-demangle-0.1.28,legacy::tests::demangle_many_dollars,success,7.258,0.30032076300000005,0,0.30032076300000005,0.30032076300000005,0.30032076300000005,1,2026-10-05T19:03:20Z,2189877.0
parse-patch-bsan,rustc-demangle-0.1.28,legacy::tests::demangle_osx,success,7.258,0.327362927,0,0.327362927,0.327362927,0.327362927,1,2026-10-05T19:03:20Z,2189877.0
parse-patch-bsan,rustc-demangle-0.1.28,legacy::tests::demangle_thinlto,success,7.258,0.324058049,0,0.324058049,0.324058049,0.324058049,1,2026-10-05T19:03:21Z,2189877.0
parse-patch-bsan,rustc-demangle-0.1.28,legacy::tests::demangle_trait_impls,success,7.258,0.30849977900000003,0,0.30849977900000003,0.30849977900000003,0.30849977900000003,1,2026-10-05T19:03:22Z,2189877.0
parse-patch-bsan,rustc-demangle-0.1.28,legacy::tests::demangle_utf8_idents,success,7.258,0.31809262400000005,0,0.31809262400000005,0.31809262400000005,0.31809262400000005,1,2026-10-05T19:03:22Z,2189877.0
parse-patch-bsan,rustc-demangle-0.1.28,legacy::tests::demangle_windows,success,7.258,0.30954824400000003,0,0.30954824400000003,0.30954824400000003,0.30954824400000003,1,2026-10-05T19:03:23Z,2189877.0
parse-patch-bsan,rustc-demangle-0.1.28,legacy::tests::demangle_without_hash,success,7.258,0.304331752,0,0.304331752,0.304331752,0.304331752,1,2026-10-05T19:03:24Z,2189877.0
parse-patch-bsan,rustc-demangle-0.1.28,legacy::tests::demangle_without_hash_edgecases,success,7.258,0.32044455,0,0.32044455,0.32044455,0.32044455,1,2026-10-05T19:03:24Z,2189877.0
parse-patch-bsan,rustc-demangle-0.1.28,legacy::tests::dont_panic,success,7.258,0.295354964,0,0.295354964,0.295354964,0.295354964,1,2026-10-05T19:03:25Z,2189877.0
parse-patch-bsan,rustc-demangle-0.1.28,legacy::tests::handle_assoc_types,success,7.258,0.31372492300000004,0,0.31372492300000004,0.31372492300000004,0.31372492300000004,1,2026-10-05T19:03:25Z,2189877.0
parse-patch-bsan,rustc-demangle-0.1.28,legacy::tests::handle_bang,success,7.258,0.30983223000000004,0,0.30983223000000004,0.30983223000000004,0.30983223000000004,1,2026-10-05T19:03:26Z,2189877.0
parse-patch-bsan,rustc-demangle-0.1.28,legacy::tests::invalid_no_chop,success,7.258,0.310451229,0,0.310451229,0.310451229,0.310451229,1,2026-10-05T19:03:27Z,2189877.0
parse-patch-bsan,rustc-demangle-0.1.28,tests::demangle,success,7.258,0.305240765,0,0.305240765,0.305240765,0.305240765,1,2026-10-05T19:03:27Z,2189877.0
parse-patch-bsan,rustc-demangle-0.1.28,tests::demangle_dollars,success,7.258,0.30489921600000003,0,0.30489921600000003,0.30489921600000003,0.30489921600000003,1,2026-10-05T19:03:28Z,2189877.0
parse-patch-bsan,rustc-demangle-0.1.28,tests::demangle_elements_beginning_with_underscore,success,7.258,0.30287720100000004,0,0.30287720100000004,0.30287720100000004,0.30287720100000004,1,2026-10-05T19:03:29Z,2189877.0
parse-patch-bsan,rustc-demangle-0.1.28,tests::demangle_ignores_suffix_that_doesnt_look_like_a_symbol,success,7.258,0.29529213000000004,0,0.29529213000000004,0.29529213000000004,0.29529213000000004,1,2026-10-05T19:03:29Z,2189877.0
parse-patch-bsan,rustc-demangle-0.1.28,tests::demangle_llvm_ir_branch_labels,success,7.258,0.329668679,0,0.329668679,0.329668679,0.329668679,1,2026-10-05T19:03:30Z,2189877.0
parse-patch-bsan,rustc-demangle-0.1.28,tests::demangle_many_dollars,success,7.258,0.29593352100000003,0,0.29593352100000003,0.29593352100000003,0.29593352100000003,1,2026-10-05T19:03:30Z,2189877.0
parse-patch-bsan,rustc-demangle-0.1.28,tests::demangle_osx,success,7.258,0.329130998,0,0.329130998,0.329130998,0.329130998,1,2026-10-05T19:03:31Z,2189877.0
parse-patch-bsan,rustc-demangle-0.1.28,tests::demangle_thinlto,success,7.258,0.3102713,0,0.3102713,0.3102713,0.3102713,1,2026-10-05T19:03:32Z,2189877.0
parse-patch-bsan,rustc-demangle-0.1.28,tests::demangle_trait_impls,success,7.258,0.32776398700000003,0,0.32776398700000003,0.32776398700000003,0.32776398700000003,1,2026-10-05T19:03:32Z,2189877.0
parse-patch-bsan,rustc-demangle-0.1.28,tests::demangle_windows,success,7.258,0.30977755500000004,0,0.30977755500000004,0.30977755500000004,0.30977755500000004,1,2026-10-05T19:03:33Z,2189877.0
parse-patch-bsan,rustc-demangle-0.1.28,tests::demangle_without_hash,success,7.258,0.31525440600000004,0,0.31525440600000004,0.31525440600000004,0.31525440600000004,1,2026-10-05T19:03:34Z,2189877.0
parse-patch-bsan,rustc-demangle-0.1.28,tests::demangle_without_hash_edgecases,success,7.258,0.30892567800000004,0,0.30892567800000004,0.30892567800000004,0.30892567800000004,1,2026-10-05T19:03:34Z,2189877.0
parse-patch-bsan,rustc-demangle-0.1.28,tests::dont_panic,success,7.258,0.300433185,0,0.300433185,0.300433185,0.300433185,1,2026-10-05T19:03:35Z,2189877.0
parse-patch-bsan,rustc-demangle-0.1.28,tests::handle_assoc_types,success,7.258,0.337478477,0,0.337478477,0.337478477,0.337478477,1,2026-10-05T19:03:36Z,2189877.0
parse-patch-bsan,rustc-demangle-0.1.28,tests::handle_bang,success,7.258,0.31823681600000003,0,0.31823681600000003,0.31823681600000003,0.31823681600000003,1,2026-10-05T19:03:36Z,2189877.0
parse-patch-bsan,rustc-demangle-0.1.28,tests::invalid_no_chop,success,7.258,0.29788318,0,0.29788318,0.29788318,0.29788318,1,2026-10-05T19:03:37Z,2189877.0
parse-patch-bsan,rustc-demangle-0.1.28,tests::limit_output,success,7.258,133.661891017,0,133.661891017,133.661891017,133.661891017,1,2026-10-05T19:08:04Z,2189877.0
parse-patch-bsan,rustc-demangle-0.1.28,tests::limit_recursion,test_failed,7.258,,,,,,1,2026-10-05T19:08:05Z,2189877.0
parse-patch-bsan,rustc-demangle-0.1.28,v0::tests::demangle_closure,success,7.258,0.33466454300000004,0,0.33466454300000004,0.33466454300000004,0.33466454300000004,1,2026-10-05T19:08:05Z,2189877.0
parse-patch-bsan,rustc-demangle-0.1.28,v0::tests::demangle_const_adt,success,7.258,0.327292322,0,0.327292322,0.327292322,0.327292322,1,2026-10-05T19:08:06Z,2189877.0
parse-patch-bsan,rustc-demangle-0.1.28,v0::tests::demangle_const_array,success,7.258,0.31996720300000003,0,0.31996720300000003,0.31996720300000003,0.31996720300000003,1,2026-10-05T19:08:07Z,2189877.0
parse-patch-bsan,rustc-demangle-0.1.28,v0::tests::demangle_const_generics_preview,success,7.258,0.30921238700000003,0,0.30921238700000003,0.30921238700000003,0.30921238700000003,1,2026-10-05T19:08:07Z,2189877.0
parse-patch-bsan,rustc-demangle-0.1.28,v0::tests::demangle_const_ref,success,7.258,0.33159312500000004,0,0.33159312500000004,0.33159312500000004,0.33159312500000004,1,2026-10-05T19:08:08Z,2189877.0
parse-patch-bsan,rustc-demangle-0.1.28,v0::tests::demangle_const_ref_str,success,7.258,0.652312604,0,0.652312604,0.652312604,0.652312604,1,2026-10-05T19:08:09Z,2189877.0
parse-patch-bsan,rustc-demangle-0.1.28,v0::tests::demangle_const_str,success,7.258,0.6665904730000001,0,0.6665904730000001,0.6665904730000001,0.6665904730000001,1,2026-10-05T19:08:11Z,2189877.0
parse-patch-bsan,rustc-demangle-0.1.28,v0::tests::demangle_const_tuple,success,7.258,0.32608148000000003,0,0.32608148000000003,0.32608148000000003,0.32608148000000003,1,2026-10-05T19:08:11Z,2189877.0
parse-patch-bsan,rustc-demangle-0.1.28,v0::tests::demangle_crate_with_leading_digit,success,7.258,0.297694762,0,0.297694762,0.297694762,0.297694762,1,2026-10-05T19:08:12Z,2189877.0
parse-patch-bsan,rustc-demangle-0.1.28,v0::tests::demangle_crate_with_zero_disambiguator,success,7.258,0.295064735,0,0.295064735,0.295064735,0.295064735,1,2026-10-05T19:08:12Z,2189877.0
parse-patch-bsan,rustc-demangle-0.1.28,v0::tests::demangle_dyn_trait,success,7.258,0.31081205500000003,0,0.31081205500000003,0.31081205500000003,0.31081205500000003,1,2026-10-05T19:08:13Z,2189877.0
parse-patch-bsan,rustc-demangle-0.1.28,v0::tests::demangle_dyn_trait_assoc_const_binding,success,7.258,0.310336434,0,0.310336434,0.310336434,0.310336434,1,2026-10-05T19:08:14Z,2189877.0
parse-patch-bsan,rustc-demangle-0.1.28,v0::tests::demangle_exponential_explosion,success,7.258,0.43571816700000005,0,0.43571816700000005,0.43571816700000005,0.43571816700000005,1,2026-10-05T19:08:15Z,2189877.0
parse-patch-bsan,rustc-demangle-0.1.28,v0::tests::demangle_extra_suffix,success,7.258,0.297938853,0,0.297938853,0.297938853,0.297938853,1,2026-10-05T19:08:15Z,2189877.0
parse-patch-bsan,rustc-demangle-0.1.28,v0::tests::demangle_min_const_generics,success,7.258,0.333778257,0,0.333778257,0.333778257,0.333778257,1,2026-10-05T19:08:16Z,2189877.0
parse-patch-bsan,rustc-demangle-0.1.28,v0::tests::demangle_pat_ty,success,7.258,0.31676606700000004,0,0.31676606700000004,0.31676606700000004,0.31676606700000004,1,2026-10-05T19:08:17Z,2189877.0
parse-patch-bsan,rustc-demangle-0.1.28,v0::tests::demangle_splat,success,7.258,0.376047772,0,0.376047772,0.376047772,0.376047772,1,2026-10-05T19:08:17Z,2189877.0
parse-patch-bsan,rustc-demangle-0.1.28,v0::tests::demangle_thinlto,success,7.258,0.29994547200000005,0,0.29994547200000005,0.29994547200000005,0.29994547200000005,1,2026-10-05T19:08:18Z,2189877.0
parse-patch-bsan,rustc-demangle-0.1.28,v0::tests::demangle_utf8_idents,success,7.258,0.30374823,0,0.30374823,0.30374823,0.30374823,1,2026-10-05T19:08:19Z,2189877.0
parse-patch-bsan,rustc-demangle-0.1.28,v0::tests::demangling_limits,test_failed,7.258,,,,,,1,2026-10-05T19:08:21Z,2189877.0
parse-patch-bsan,rustc-demangle-0.1.28,v0::tests::recursion_limit_backref_free_bypass,test_failed,7.258,,,,,,1,2026-10-05T19:16:33Z,2189877.0
parse-patch-bsan,rustc-demangle-0.1.28,v0::tests::recursion_limit_leaks,test_failed,7.258,,,,,,1,2026-10-05T19:19:34Z,2189877.0
parse-patch-bsan,ucd-trie-0.1.7,__calibration__,calibration,7.246,0.310269815,0,0.310269815,0.310269815,0.310269815,1,2026-10-05T19:03:15Z,2189878.0
parse-patch-bsan,ucd-trie-0.1.7,owned::tests::gencat_cased_letter,test_failed,7.246,,,,,,1,2026-10-05T19:12:38Z,2189878.0
parse-patch-bsan,ucd-trie-0.1.7,owned::tests::gencat_close_punctuation,test_failed,7.246,,,,,,1,2026-10-05T19:21:36Z,2189878.0
parse-patch-bsan,ucd-trie-0.1.7,owned::tests::gencat_connector_punctuation,test_failed,7.246,,,,,,1,2026-10-05T19:30:14Z,2189878.0
parse-patch-bsan,ucd-trie-0.1.7,owned::tests::gencat_control,test_failed,7.246,,,,,,1,2026-10-05T19:39:08Z,2189878.0
parse-patch-bsan,ucd-trie-0.1.7,owned::tests::gencat_currency_symbol,test_failed,7.246,,,,,,1,2026-10-05T19:47:50Z,2189878.0
parse-patch-bsan,ucd-trie-0.1.7,owned::tests::gencat_dash_punctuation,test_failed,7.246,,,,,,1,2026-10-05T19:57:10Z,2189878.0
parse-patch-bsan,ucd-trie-0.1.7,owned::tests::gencat_decimal_number,test_failed,7.246,,,,,,1,2026-10-05T20:06:53Z,2189878.0
parse-patch-bsan,ucd-trie-0.1.7,owned::tests::gencat_enclosing_mark,test_failed,7.246,,,,,,1,2026-10-05T20:15:41Z,2189878.0
parse-patch-bsan,ucd-trie-0.1.7,owned::tests::gencat_final_punctuation,test_failed,7.246,,,,,,1,2026-10-05T20:24:15Z,2189878.0
parse-patch-bsan,ucd-trie-0.1.7,owned::tests::gencat_format,test_failed,7.246,,,,,,1,2026-10-05T20:31:04Z,2189878.0
parse-patch-bsan,ucd-trie-0.1.7,owned::tests::gencat_initial_punctuation,test_failed,7.246,,,,,,1,2026-10-05T20:39:53Z,2189878.0
parse-patch-bsan,ucd-trie-0.1.7,owned::tests::gencat_letter,test_failed,7.246,,,,,,1,2026-10-05T20:51:38Z,2189878.0
parse-patch-bsan,ucd-trie-0.1.7,owned::tests::gencat_letter_number,test_failed,7.246,,,,,,1,2026-10-05T21:01:20Z,2189878.0
parse-patch-bsan,unicode-width-0.2.2,__calibration__,calibration,7.845,0.479030025,0,0.479030025,0.479030025,0.479030025,1,2026-10-05T19:03:16Z,2189879.0
parse-patch-bsan,unicode-width-0.2.2,ambiguous_line_break,success,7.845,0.5584169330000001,0,0.5584169330000001,0.5584169330000001,0.5584169330000001,1,2026-10-05T19:03:17Z,2189879.0
parse-patch-bsan,unicode-width-0.2.2,char_str_consistent,timeout,7.845,,,,,,1,2026-10-05T20:03:17Z,2189879.0
parse-patch-bsan,unicode-width-0.2.2,emoji_test_file,success,7.845,328.57341686,0,328.57341686,328.57341686,328.57341686,1,2026-10-05T20:14:20Z,2189879.0
parse-patch-bsan,unicode-width-0.2.2,tables::tests::test_normalization,test_failed,7.845,,,,,,1,2026-10-05T20:31:14Z,2189879.0
parse-patch-bsan,unicode-width-0.2.2,test_ambiguous,success,7.845,0.514747554,0,0.514747554,0.514747554,0.514747554,1,2026-10-05T20:31:16Z,2189879.0
parse-patch-bsan,unicode-width-0.2.2,test_arabic_lam_alef,success,7.845,0.48287177800000003,0,0.48287177800000003,0.48287177800000003,0.48287177800000003,1,2026-10-05T20:31:17Z,2189879.0
parse-patch-bsan,unicode-width-0.2.2,test_bad_devanagari,success,7.845,0.48508778700000005,0,0.48508778700000005,0.48508778700000005,0.48508778700000005,1,2026-10-05T20:31:18Z,2189879.0
parse-patch-bsan,unicode-width-0.2.2,test_buginese_a_i_ya,success,7.845,0.496257453,0,0.496257453,0.496257453,0.496257453,1,2026-10-05T20:31:19Z,2189879.0
parse-patch-bsan,unicode-width-0.2.2,test_char,success,7.845,0.47266957800000003,0,0.47266957800000003,0.47266957800000003,0.47266957800000003,1,2026-10-05T20:31:20Z,2189879.0
parse-patch-bsan,unicode-width-0.2.2,test_char2,success,7.845,0.48671209600000004,0,0.48671209600000004,0.48671209600000004,0.48671209600000004,1,2026-10-05T20:31:21Z,2189879.0
parse-patch-bsan,unicode-width-0.2.2,test_control_line_break,success,7.845,0.512953291,0,0.512953291,0.512953291,0.512953291,1,2026-10-05T20:31:22Z,2189879.0
parse-patch-bsan,unicode-width-0.2.2,test_default_ignorable,success,7.845,0.492348088,0,0.492348088,0.492348088,0.492348088,1,2026-10-05T20:31:23Z,2189879.0
parse-patch-bsan,unicode-width-0.2.2,test_devanagari_caret,success,7.845,0.49845094900000003,0,0.49845094900000003,0.49845094900000003,0.49845094900000003,1,2026-10-05T20:31:24Z,2189879.0
parse-patch-bsan,unicode-width-0.2.2,test_emoji,success,7.845,0.495870275,0,0.495870275,0.495870275,0.495870275,1,2026-10-05T20:31:25Z,2189879.0
parse-patch-bsan,unicode-width-0.2.2,test_emoji_modifier,success,7.845,0.501006563,0,0.501006563,0.501006563,0.501006563,1,2026-10-05T20:31:26Z,2189879.0
parse-patch-bsan,unicode-width-0.2.2,test_emoji_presentation,success,7.845,0.49745601,0,0.49745601,0.49745601,0.49745601,1,2026-10-05T20:31:27Z,2189879.0
parse-patch-bsan,unicode-width-0.2.2,test_emoji_zwj,success,7.845,0.546630147,0,0.546630147,0.546630147,0.546630147,1,2026-10-05T20:31:28Z,2189879.0
parse-patch-bsan,unicode-width-0.2.2,test_gcb_prepend,success,7.845,0.496339823,0,0.496339823,0.496339823,0.496339823,1,2026-10-05T20:31:29Z,2189879.0
parse-patch-bsan,unicode-width-0.2.2,test_hebrew_alef_lamed,success,7.845,0.50381946,0,0.50381946,0.50381946,0.50381946,1,2026-10-05T20:31:30Z,2189879.0
parse-patch-bsan,unicode-width-0.2.2,test_hieroglyph_format_controls,success,7.845,0.499224514,0,0.499224514,0.499224514,0.499224514,1,2026-10-05T20:31:31Z,2189879.0
parse-patch-bsan,unicode-width-0.2.2,test_interlinear_annotation_chars,success,7.845,0.496694817,0,0.496694817,0.496694817,0.496694817,1,2026-10-05T20:31:32Z,2189879.0
parse-patch-bsan,unicode-width-0.2.2,test_jamo,success,7.845,0.5086988650000001,0,0.5086988650000001,0.5086988650000001,0.5086988650000001,1,2026-10-05T20:31:33Z,2189879.0
parse-patch-bsan,smawk-0.3.3,__calibration__,calibration,107.122,1.401453059,0,1.401453059,1.401453059,1.401453059,1,2026-10-05T19:05:13Z,2189880.0
parse-patch-bsan,smawk-0.3.3,monge::tests::is_monge_handles_overflow,success,107.122,1.3292097840000001,0,1.3292097840000001,1.3292097840000001,1.3292097840000001,1,2026-10-05T19:05:16Z,2189880.0
parse-patch-bsan,smawk-0.3.3,monge::tests::monge_constant_cols,success,107.122,1.370279107,0,1.370279107,1.370279107,1.370279107,1,2026-10-05T19:05:18Z,2189880.0
parse-patch-bsan,smawk-0.3.3,monge::tests::monge_constant_rows,success,107.122,1.357075126,0,1.357075126,1.357075126,1.357075126,1,2026-10-05T19:05:21Z,2189880.0
parse-patch-bsan,smawk-0.3.3,monge::tests::monge_lower_left,success,107.122,1.374521273,0,1.374521273,1.374521273,1.374521273,1,2026-10-05T19:05:24Z,2189880.0
parse-patch-bsan,smawk-0.3.3,monge::tests::monge_upper_right,success,107.122,1.407763978,0,1.407763978,1.407763978,1.407763978,1,2026-10-05T19:05:27Z,2189880.0
parse-patch-bsan,smawk-0.3.3,test_html_root_url,test_failed,107.122,,,,,,1,2026-10-05T19:08:50Z,2189880.0
parse-patch-bsan,smawk-0.3.3,test_readme_deps,success,107.122,45.490287487,0,45.490287487,45.490287487,45.490287487,1,2026-10-05T19:10:23Z,2189880.0
parse-patch-bsan,smawk-0.3.3,tests::online_1x1,success,107.122,1.361880532,0,1.361880532,1.361880532,1.361880532,1,2026-10-05T19:10:26Z,2189880.0
parse-patch-bsan,smawk-0.3.3,tests::online_2x2,success,107.122,1.373955295,0,1.373955295,1.373955295,1.373955295,1,2026-10-05T19:10:29Z,2189880.0
parse-patch-bsan,smawk-0.3.3,tests::online_3x3,success,107.122,1.349906816,0,1.349906816,1.349906816,1.349906816,1,2026-10-05T19:10:31Z,2189880.0
parse-patch-bsan,smawk-0.3.3,tests::online_4x4,success,107.122,1.363903852,0,1.363903852,1.363903852,1.363903852,1,2026-10-05T19:10:34Z,2189880.0
parse-patch-bsan,smawk-0.3.3,tests::online_5x5,success,107.122,1.3917090760000002,0,1.3917090760000002,1.3917090760000002,1.3917090760000002,1,2026-10-05T19:10:37Z,2189880.0
parse-patch-bsan,smawk-0.3.3,tests::online_works_with_partial_ord,success,107.122,1.38449232,0,1.38449232,1.38449232,1.38449232,1,2026-10-05T19:10:40Z,2189880.0
parse-patch-bsan,smawk-0.3.3,tests::smawk_1x1,success,107.122,1.389921993,0,1.389921993,1.389921993,1.389921993,1,2026-10-05T19:10:42Z,2189880.0
parse-patch-bsan,smawk-0.3.3,tests::smawk_1x2,success,107.122,1.39234666,0,1.39234666,1.39234666,1.39234666,1,2026-10-05T19:10:45Z,2189880.0
parse-patch-bsan,smawk-0.3.3,tests::smawk_2x1,success,107.122,1.459664098,0,1.459664098,1.459664098,1.459664098,1,2026-10-05T19:10:48Z,2189880.0
parse-patch-bsan,smawk-0.3.3,tests::smawk_2x2,success,107.122,1.468873539,0,1.468873539,1.468873539,1.468873539,1,2026-10-05T19:10:51Z,2189880.0
parse-patch-bsan,smawk-0.3.3,tests::smawk_3x3,success,107.122,1.47124945,0,1.47124945,1.47124945,1.47124945,1,2026-10-05T19:10:54Z,2189880.0
parse-patch-bsan,smawk-0.3.3,tests::smawk_4x4,success,107.122,1.362120197,0,1.362120197,1.362120197,1.362120197,1,2026-10-05T19:10:57Z,2189880.0
parse-patch-bsan,smawk-0.3.3,tests::smawk_5x5,success,107.122,1.3730986710000002,0,1.3730986710000002,1.3730986710000002,1.3730986710000002,1,2026-10-05T19:10:59Z,2189880.0
parse-patch-bsan,smawk-0.3.3,tests::smawk_works_with_partial_ord,success,107.122,1.360432944,0,1.360432944,1.360432944,1.360432944,1,2026-10-05T19:11:02Z,2189880.0
parse-patch-bsan,ittapi-sys-0.5.0,__calibration__,calibration,134.107,0.638643881,0,0.638643881,0.638643881,0.638643881,1,2026-10-05T19:05:30Z,2189881.0
parse-patch-bsan,ittapi-sys-0.5.0,bindgen_test_layout__LineNumberInfo,success,134.107,0.629422436,0,0.629422436,0.629422436,0.629422436,1,2026-10-05T19:05:32Z,2189881.0
parse-patch-bsan,ittapi-sys-0.5.0,bindgen_test_layout____itt_clock_domain,success,134.107,0.640186751,0,0.640186751,0.640186751,0.640186751,1,2026-10-05T19:05:33Z,2189881.0
parse-patch-bsan,ittapi-sys-0.5.0,bindgen_test_layout____itt_clock_info,success,134.107,0.63532714,0,0.63532714,0.63532714,0.63532714,1,2026-10-05T19:05:34Z,2189881.0
parse-patch-bsan,ittapi-sys-0.5.0,bindgen_test_layout____itt_context_metadata,success,134.107,0.636752894,0,0.636752894,0.636752894,0.636752894,1,2026-10-05T19:05:35Z,2189881.0
parse-patch-bsan,ittapi-sys-0.5.0,bindgen_test_layout____itt_domain,success,134.107,0.635352271,0,0.635352271,0.635352271,0.635352271,1,2026-10-05T19:05:37Z,2189881.0
parse-patch-bsan,ittapi-sys-0.5.0,bindgen_test_layout____itt_histogram,success,134.107,0.633144939,0,0.633144939,0.633144939,0.633144939,1,2026-10-05T19:05:38Z,2189881.0
parse-patch-bsan,ittapi-sys-0.5.0,bindgen_test_layout____itt_id,success,134.107,0.6353916930000001,0,0.6353916930000001,0.6353916930000001,0.6353916930000001,1,2026-10-05T19:05:39Z,2189881.0
parse-patch-bsan,ittapi-sys-0.5.0,bindgen_test_layout____itt_module_object,success,134.107,0.628809362,0,0.628809362,0.628809362,0.628809362,1,2026-10-05T19:05:41Z,2189881.0
parse-patch-bsan,ittapi-sys-0.5.0,bindgen_test_layout____itt_section_info,success,134.107,0.6322628020000001,0,0.6322628020000001,0.6322628020000001,0.6322628020000001,1,2026-10-05T19:05:42Z,2189881.0
parse-patch-bsan,ittapi-sys-0.5.0,bindgen_test_layout____itt_string_handle,success,134.107,0.629766323,0,0.629766323,0.629766323,0.629766323,1,2026-10-05T19:05:43Z,2189881.0
parse-patch-bsan,ittapi-sys-0.5.0,bindgen_test_layout____itt_track,success,134.107,0.630955743,0,0.630955743,0.630955743,0.630955743,1,2026-10-05T19:05:44Z,2189881.0
parse-patch-bsan,ittapi-sys-0.5.0,bindgen_test_layout____itt_track_group,success,134.107,0.629453253,0,0.629453253,0.629453253,0.629453253,1,2026-10-05T19:05:46Z,2189881.0
parse-patch-bsan,ittapi-sys-0.5.0,bindgen_test_layout__iJIT_Method_Inline_Load,success,134.107,0.6321600460000001,0,0.6321600460000001,0.6321600460000001,0.6321600460000001,1,2026-10-05T19:05:47Z,2189881.0
parse-patch-bsan,ittapi-sys-0.5.0,bindgen_test_layout__iJIT_Method_Load,success,134.107,0.632025613,0,0.632025613,0.632025613,0.632025613,1,2026-10-05T19:05:48Z,2189881.0
parse-patch-bsan,ittapi-sys-0.5.0,bindgen_test_layout__iJIT_Method_Load_V2,success,134.107,0.635187783,0,0.635187783,0.635187783,0.635187783,1,2026-10-05T19:05:50Z,2189881.0
parse-patch-bsan,ittapi-sys-0.5.0,bindgen_test_layout__iJIT_Method_Load_V3,success,134.107,0.633674387,0,0.633674387,0.633674387,0.633674387,1,2026-10-05T19:05:51Z,2189881.0
parse-patch-bsan,ittapi-sys-0.5.0,bindgen_test_layout__iJIT_Method_Update,success,134.107,0.6328123170000001,0,0.6328123170000001,0.6328123170000001,0.6328123170000001,1,2026-10-05T19:05:52Z,2189881.0
parse-patch-bsan,ittapi-sys-0.5.0,test_ittnotify_bindings_up_to_date,test_failed,134.107,,,,,,1,2026-10-05T19:24:11Z,2189881.0
parse-patch-bsan,ittapi-sys-0.5.0,test_jitprofiling_bindings_up_to_date,success,134.107,1522.99615281,0,1522.99615281,1522.99615281,1522.99615281,1,2026-10-05T20:14:23Z,2189881.0
